{
  "source": "bible.com",
  "version": "Statenvertaling (1750)",
  "book": "1 Johannes",
  "chapters": {
    "1": [
      {
        "book_name": "1 Johannes",
        "book": 62,
        "chapter": 1,
        "verse": 1,
        "text": "1Hetgeen van den beginne was, hetgeen wij gehoord hebben, hetgeen wij gezien hebben met onze ogen, hetgeen wij aanschouwd hebben, en onze handen getast hebben, van het Woord des levens;  2(Want het Leven is geopenbaard, en wij hebben het gezien, en wij getuigen, en verkondigen ulieden dat eeuwige Leven, Hetwelk bij den Vader was, en ons is geopenbaard.)  3Hetgeen wij dan gezien en gehoord hebben, dat verkondigen wij u, opdat ook gij met ons gemeenschap zoudt hebben, en deze onze gemeenschap ook zij met den Vader, en met Zijn Zoon Jezus Christus.  4En deze dingen schrijven wij u, opdat uw blijdschap vervuld zij.  5En dit is de verkondiging, die wij van Hem gehoord hebben, en wij u verkondigen, dat God een Licht is, en gans geen duisternis in Hem is.  6Indien wij zeggen, dat wij gemeenschap met Hem hebben, en wij in de duisternis wandelen, zo liegen wij, en doen de waarheid niet.  7Maar indien wij in het licht wandelen, gelijk Hij in het licht is, zo hebben wij gemeenschap met elkander, en het bloed van Jezus Christus, Zijn Zoon, reinigt ons van alle zonde.  8Indien wij zeggen, dat wij geen zonde hebben, zo verleiden wij onszelven, en de waarheid is in ons niet.  9Indien wij onze zonden belijden, Hij is getrouw en rechtvaardig, dat Hij ons de zonden vergeve, en ons reinige van alle ongerechtigheid.  10Indien wij zeggen, dat wij niet gezondigd hebben, zo maken wij Hem tot een leugenaar, en Zijn woord is niet in ons."
      },
      {
        "book_name": "1 Johannes",
        "book": 62,
        "chapter": 1,
        "verse": 1,
        "text": "Hetgeen van den beginne was, hetgeen wij gehoord hebben, hetgeen wij gezien hebben met onze ogen, hetgeen wij aanschouwd hebben, en onze handen getast hebben, van het Woord des levens;"
      },
      {
        "book_name": "1 Johannes",
        "book": 62,
        "chapter": 1,
        "verse": 2,
        "text": "(Want het Leven is geopenbaard, en wij hebben het gezien, en wij getuigen, en verkondigen ulieden dat eeuwige Leven, Hetwelk bij den Vader was, en ons is geopenbaard.)"
      },
      {
        "book_name": "1 Johannes",
        "book": 62,
        "chapter": 1,
        "verse": 3,
        "text": "Hetgeen wij dan gezien en gehoord hebben, dat verkondigen wij u, opdat ook gij met ons gemeenschap zoudt hebben, en deze onze gemeenschap ook zij met den Vader, en met Zijn Zoon Jezus Christus."
      },
      {
        "book_name": "1 Johannes",
        "book": 62,
        "chapter": 1,
        "verse": 4,
        "text": "En deze dingen schrijven wij u, opdat uw blijdschap vervuld zij."
      },
      {
        "book_name": "1 Johannes",
        "book": 62,
        "chapter": 1,
        "verse": 5,
        "text": "En dit is de verkondiging, die wij van Hem gehoord hebben, en wij u verkondigen, dat God een Licht is, en gans geen duisternis in Hem is."
      },
      {
        "book_name": "1 Johannes",
        "book": 62,
        "chapter": 1,
        "verse": 6,
        "text": "Indien wij zeggen, dat wij gemeenschap met Hem hebben, en wij in de duisternis wandelen, zo liegen wij, en doen de waarheid niet."
      },
      {
        "book_name": "1 Johannes",
        "book": 62,
        "chapter": 1,
        "verse": 7,
        "text": "Maar indien wij in het licht wandelen, gelijk Hij in het licht is, zo hebben wij gemeenschap met elkander, en het bloed van Jezus Christus, Zijn Zoon, reinigt ons van alle zonde."
      },
      {
        "book_name": "1 Johannes",
        "book": 62,
        "chapter": 1,
        "verse": 8,
        "text": "Indien wij zeggen, dat wij geen zonde hebben, zo verleiden wij onszelven, en de waarheid is in ons niet."
      },
      {
        "book_name": "1 Johannes",
        "book": 62,
        "chapter": 1,
        "verse": 9,
        "text": "Indien wij onze zonden belijden, Hij is getrouw en rechtvaardig, dat Hij ons de zonden vergeve, en ons reinige van alle ongerechtigheid."
      },
      {
        "book_name": "1 Johannes",
        "book": 62,
        "chapter": 1,
        "verse": 10,
        "text": "Indien wij zeggen, dat wij niet gezondigd hebben, zo maken wij Hem tot een leugenaar, en Zijn woord is niet in ons."
      }
    ],
    "2": [
      {
        "book_name": "1 Johannes",
        "book": 62,
        "chapter": 2,
        "verse": 1,
        "text": "1Mijn kinderkens, ik schrijf u deze dingen, opdat gij niet zondigt. En indien iemand gezondigd heeft, wij hebben een Voorspraak bij den Vader, Jezus Christus, den Rechtvaardige;  2En Hij is een verzoening voor onze zonden; en niet alleen voor de onze, maar ook voor de zonden der gehele wereld.  3En hieraan kennen wij, dat wij Hem gekend hebben, zo wij Zijn geboden bewaren.  4Die daar zegt: Ik ken Hem, en Zijn geboden niet bewaart, die is een leugenaar, en in dien is de waarheid niet;  5Maar zo wie Zijn Woord bewaart, in dien is waarlijk de liefde Gods volmaakt geworden; hieraan kennen wij, dat wij in Hem zijn.  6Die zegt, dat hij in Hem blijft, die moet ook zelf alzo wandelen, gelijk Hij gewandeld heeft.  7Broeders! Ik schrijf u geen nieuw gebod, maar een oud gebod, dat gij van den beginne gehad hebt; dit oud gebod is het woord, dat gij van den beginne gehoord hebt.  8Wederom schrijf ik u een nieuw gebod: hetgeen waarachtig is in Hem, zij ook in u waarachtig; want de duisternis gaat voorbij, en het waarachtige licht schijnt nu.  9Die zegt, dat hij in het licht is, en zijn broeder haat, die is in de duisternis tot nog toe.  10Die zijn broeder liefheeft, blijft in het licht, en geen ergernis is in hem.  11Maar die zijn broeder haat, is in de duisternis, en wandelt in de duisternis, en weet niet, waar hij henengaat; want de duisternis heeft zijn ogen verblind.  12Ik schrijf u, kinderkens, want de zonden zijn u vergeven om Zijns Naams wil.  13Ik schrijf u, vaders! want gij hebt Hem gekend, Die van den beginne is. Ik schrijf u, jongelingen, want gij hebt den boze overwonnen. Ik schrijf u, kinderen, want gij hebt den Vader gekend.  14Ik heb u geschreven, vaders, want gij hebt Hem gekend, Die van den beginne is. Ik heb u geschreven, jongelingen, want gij zijt sterk, en het Woord Gods blijft in u, en gij hebt den boze overwonnen.  15Hebt de wereld niet lief, noch hetgeen in de wereld is; zo iemand de wereld liefheeft, de liefde des Vaders is niet in hem.  16Want al wat in de wereld is, namelijk de begeerlijkheid des vleses, en de begeerlijkheid der ogen, en de grootsheid des levens, is niet uit den Vader, maar is uit de wereld.  17En de wereld gaat voorbij, en haar begeerlijkheid; maar die den wil van God doet, blijft in der eeuwigheid.  18Kinderkens, het is de laatste ure; en gelijk gij gehoord hebt, dat de antichrist komt, zo zijn ook nu vele antichristen geworden; waaruit wij kennen, dat het de laatste ure is.  19Zij zijn uit ons uitgegaan, maar zij waren uit ons niet; want indien zij uit ons geweest waren, zo zouden zij met ons gebleven zijn; maar dit is geschied, opdat zij zouden openbaar worden, dat zij niet allen uit ons zijn.  20Doch gij hebt de zalving van den Heilige, en gij weet alle dingen.  21Ik heb u niet geschreven, omdat gij de waarheid niet weet, maar omdat gij die weet, en omdat geen leugen uit de waarheid is.  22Wie is de leugenaar, dan die loochent, dat Jezus is de Christus? Deze is de antichrist, die den Vader en den Zoon loochent.  23Een iegelijk, die den Zoon loochent, heeft ook den Vader niet; [wie den Zoon belijdt, heeft ook den Vader].  24Hetgeen gijlieden dan van den beginne gehoord hebt, dat blijve in u. Indien in u blijft, wat gij van den beginne gehoord hebt, zo zult gij ook in den Zoon en in den Vader blijven.  25En dit is de belofte, die Hij ons beloofd heeft, namelijk het eeuwige leven.  26Dit heb ik u geschreven van degenen, die u verleiden.  27En de zalving, die gijlieden van Hem ontvangen hebt, blijft in u, en gij hebt niet van node, dat iemand u lere; maar gelijk dezelfde zalving u leert van alle dingen, zo is zij ook waarachtig, en is geen leugen; en gelijk zij u geleerd heeft, zo zult gij in Hem blijven.  28En nu, kinderkens, blijft in Hem; opdat, wanneer Hij zal geopenbaard zijn, wij vrijmoedigheid hebben, en wij van Hem niet beschaamd gemaakt worden in Zijn toekomst.  29Indien gij weet, dat Hij rechtvaardig is, zo weet gij, dat een iegelijk, die de rechtvaardigheid doet, uit Hem geboren is."
      },
      {
        "book_name": "1 Johannes",
        "book": 62,
        "chapter": 2,
        "verse": 1,
        "text": "Mijn kinderkens, ik schrijf u deze dingen, opdat gij niet zondigt. En indien iemand gezondigd heeft, wij hebben een Voorspraak bij den Vader, Jezus Christus, den Rechtvaardige;"
      },
      {
        "book_name": "1 Johannes",
        "book": 62,
        "chapter": 2,
        "verse": 2,
        "text": "En Hij is een verzoening voor onze zonden; en niet alleen voor de onze, maar ook voor de zonden der gehele wereld."
      },
      {
        "book_name": "1 Johannes",
        "book": 62,
        "chapter": 2,
        "verse": 3,
        "text": "En hieraan kennen wij, dat wij Hem gekend hebben, zo wij Zijn geboden bewaren."
      },
      {
        "book_name": "1 Johannes",
        "book": 62,
        "chapter": 2,
        "verse": 4,
        "text": "Die daar zegt: Ik ken Hem, en Zijn geboden niet bewaart, die is een leugenaar, en in dien is de waarheid niet;"
      },
      {
        "book_name": "1 Johannes",
        "book": 62,
        "chapter": 2,
        "verse": 5,
        "text": "Maar zo wie Zijn Woord bewaart, in dien is waarlijk de liefde Gods volmaakt geworden; hieraan kennen wij, dat wij in Hem zijn."
      },
      {
        "book_name": "1 Johannes",
        "book": 62,
        "chapter": 2,
        "verse": 6,
        "text": "Die zegt, dat hij in Hem blijft, die moet ook zelf alzo wandelen, gelijk Hij gewandeld heeft."
      },
      {
        "book_name": "1 Johannes",
        "book": 62,
        "chapter": 2,
        "verse": 7,
        "text": "Broeders! Ik schrijf u geen nieuw gebod, maar een oud gebod, dat gij van den beginne gehad hebt; dit oud gebod is het woord, dat gij van den beginne gehoord hebt."
      },
      {
        "book_name": "1 Johannes",
        "book": 62,
        "chapter": 2,
        "verse": 8,
        "text": "Wederom schrijf ik u een nieuw gebod: hetgeen waarachtig is in Hem, zij ook in u waarachtig; want de duisternis gaat voorbij, en het waarachtige licht schijnt nu."
      },
      {
        "book_name": "1 Johannes",
        "book": 62,
        "chapter": 2,
        "verse": 9,
        "text": "Die zegt, dat hij in het licht is, en zijn broeder haat, die is in de duisternis tot nog toe."
      },
      {
        "book_name": "1 Johannes",
        "book": 62,
        "chapter": 2,
        "verse": 10,
        "text": "Die zijn broeder liefheeft, blijft in het licht, en geen ergernis is in hem."
      },
      {
        "book_name": "1 Johannes",
        "book": 62,
        "chapter": 2,
        "verse": 11,
        "text": "Maar die zijn broeder haat, is in de duisternis, en wandelt in de duisternis, en weet niet, waar hij henengaat; want de duisternis heeft zijn ogen verblind."
      },
      {
        "book_name": "1 Johannes",
        "book": 62,
        "chapter": 2,
        "verse": 12,
        "text": "Ik schrijf u, kinderkens, want de zonden zijn u vergeven om Zijns Naams wil."
      },
      {
        "book_name": "1 Johannes",
        "book": 62,
        "chapter": 2,
        "verse": 13,
        "text": "Ik schrijf u, vaders! want gij hebt Hem gekend, Die van den beginne is. Ik schrijf u, jongelingen, want gij hebt den boze overwonnen. Ik schrijf u, kinderen, want gij hebt den Vader gekend."
      },
      {
        "book_name": "1 Johannes",
        "book": 62,
        "chapter": 2,
        "verse": 14,
        "text": "Ik heb u geschreven, vaders, want gij hebt Hem gekend, Die van den beginne is. Ik heb u geschreven, jongelingen, want gij zijt sterk, en het Woord Gods blijft in u, en gij hebt den boze overwonnen."
      },
      {
        "book_name": "1 Johannes",
        "book": 62,
        "chapter": 2,
        "verse": 15,
        "text": "Hebt de wereld niet lief, noch hetgeen in de wereld is; zo iemand de wereld liefheeft, de liefde des Vaders is niet in hem."
      },
      {
        "book_name": "1 Johannes",
        "book": 62,
        "chapter": 2,
        "verse": 16,
        "text": "Want al wat in de wereld is, namelijk de begeerlijkheid des vleses, en de begeerlijkheid der ogen, en de grootsheid des levens, is niet uit den Vader, maar is uit de wereld."
      },
      {
        "book_name": "1 Johannes",
        "book": 62,
        "chapter": 2,
        "verse": 17,
        "text": "En de wereld gaat voorbij, en haar begeerlijkheid; maar die den wil van God doet, blijft in der eeuwigheid."
      },
      {
        "book_name": "1 Johannes",
        "book": 62,
        "chapter": 2,
        "verse": 18,
        "text": "Kinderkens, het is de laatste ure; en gelijk gij gehoord hebt, dat de antichrist komt, zo zijn ook nu vele antichristen geworden; waaruit wij kennen, dat het de laatste ure is."
      },
      {
        "book_name": "1 Johannes",
        "book": 62,
        "chapter": 2,
        "verse": 19,
        "text": "Zij zijn uit ons uitgegaan, maar zij waren uit ons niet; want indien zij uit ons geweest waren, zo zouden zij met ons gebleven zijn; maar dit is geschied, opdat zij zouden openbaar worden, dat zij niet allen uit ons zijn."
      },
      {
        "book_name": "1 Johannes",
        "book": 62,
        "chapter": 2,
        "verse": 20,
        "text": "Doch gij hebt de zalving van den Heilige, en gij weet alle dingen."
      },
      {
        "book_name": "1 Johannes",
        "book": 62,
        "chapter": 2,
        "verse": 21,
        "text": "Ik heb u niet geschreven, omdat gij de waarheid niet weet, maar omdat gij die weet, en omdat geen leugen uit de waarheid is."
      },
      {
        "book_name": "1 Johannes",
        "book": 62,
        "chapter": 2,
        "verse": 22,
        "text": "Wie is de leugenaar, dan die loochent, dat Jezus is de Christus? Deze is de antichrist, die den Vader en den Zoon loochent."
      },
      {
        "book_name": "1 Johannes",
        "book": 62,
        "chapter": 2,
        "verse": 23,
        "text": "Een iegelijk, die den Zoon loochent, heeft ook den Vader niet; [wie den Zoon belijdt, heeft ook den Vader]."
      },
      {
        "book_name": "1 Johannes",
        "book": 62,
        "chapter": 2,
        "verse": 24,
        "text": "Hetgeen gijlieden dan van den beginne gehoord hebt, dat blijve in u. Indien in u blijft, wat gij van den beginne gehoord hebt, zo zult gij ook in den Zoon en in den Vader blijven."
      },
      {
        "book_name": "1 Johannes",
        "book": 62,
        "chapter": 2,
        "verse": 25,
        "text": "En dit is de belofte, die Hij ons beloofd heeft, namelijk het eeuwige leven."
      },
      {
        "book_name": "1 Johannes",
        "book": 62,
        "chapter": 2,
        "verse": 26,
        "text": "Dit heb ik u geschreven van degenen, die u verleiden."
      },
      {
        "book_name": "1 Johannes",
        "book": 62,
        "chapter": 2,
        "verse": 27,
        "text": "En de zalving, die gijlieden van Hem ontvangen hebt, blijft in u, en gij hebt niet van node, dat iemand u lere; maar gelijk dezelfde zalving u leert van alle dingen, zo is zij ook waarachtig, en is geen leugen; en gelijk zij u geleerd heeft, zo zult gij in Hem blijven."
      },
      {
        "book_name": "1 Johannes",
        "book": 62,
        "chapter": 2,
        "verse": 28,
        "text": "En nu, kinderkens, blijft in Hem; opdat, wanneer Hij zal geopenbaard zijn, wij vrijmoedigheid hebben, en wij van Hem niet beschaamd gemaakt worden in Zijn toekomst."
      },
      {
        "book_name": "1 Johannes",
        "book": 62,
        "chapter": 2,
        "verse": 29,
        "text": "Indien gij weet, dat Hij rechtvaardig is, zo weet gij, dat een iegelijk, die de rechtvaardigheid doet, uit Hem geboren is."
      }
    ],
    "3": [
      {
        "book_name": "1 Johannes",
        "book": 62,
        "chapter": 3,
        "verse": 1,
        "text": "1Ziet, hoe grote liefde ons de Vader gegeven heeft, namelijk dat wij kinderen Gods zouden genaamd worden. Daarom kent ons de wereld niet, omdat zij Hem niet kent.  2Geliefden, nu zijn wij kinderen Gods, en het is nog niet geopenbaard, wat wij zijn zullen. Maar wij weten, dat als Hij zal geopenbaard zijn, wij Hem zullen gelijk wezen; want wij zullen Hem zien, gelijk Hij is.  3En een iegelijk, die deze hoop op Hem heeft, die reinigt zichzelven, gelijk Hij rein is.  4Een iegelijk, die de zonde doet, die doet ook de ongerechtigheid; want de zonde is de ongerechtigheid.  5En gij weet, dat Hij geopenbaard is, opdat Hij onze zonden zou wegnemen; en geen zonde is in Hem.  6Een iegelijk, die in Hem blijft, die zondigt niet; een iegelijk, die zondigt, die heeft Hem niet gezien, en heeft Hem niet gekend.  7Kinderkens, dat u niemand verleide. Die de rechtvaardigheid doet, die is rechtvaardig, gelijk Hij rechtvaardig is.  8Die de zonde doet, is uit den duivel; want de duivel zondigt van den beginne. Hiertoe is de Zoon van God geopenbaard, opdat Hij de werken des duivels verbreken zou.  9Een iegelijk, die uit God geboren is, die doet de zonde niet, want Zijn zaad blijft in hem; en hij kan niet zondigen, want hij is uit God geboren.  10Hierin zijn de kinderen Gods en de kinderen des duivels openbaar. Een iegelijk, die de rechtvaardigheid niet doet, die is niet uit God, en die zijn broeder niet liefheeft.  11Want dit is de verkondiging, die gij van den beginne gehoord hebt, dat wij elkander zouden liefhebben.  12Niet gelijk Kaïn, die uit den boze was, en zijn broeder doodsloeg; en om wat oorzaak sloeg hij hem dood? Omdat zijn werken boos waren, en van zijn broeder rechtvaardig.  13Verwondert u niet, mijn broeders, zo u de wereld haat.  14Wij weten, dat wij overgegaan zijn uit den dood in het leven, dewijl wij de broeders liefhebben; die zijn broeder niet liefheeft, blijft in den dood.  15Een iegelijk, die zijn broeder haat, is een doodslager; en gij weet, dat geen doodslager het eeuwige leven heeft in zich blijvende.  16Hieraan hebben wij de liefde gekend, dat Hij Zijn leven voor ons gesteld heeft; en wij zijn schuldig voor de broeders het leven te stellen.  17Zo wie nu het goed der wereld heeft, en ziet zijn broeder gebrek hebben, en sluit zijn hart toe voor hem, hoe blijft de liefde Gods in hem?  18Mijn kinderkens, laat ons niet liefhebben met den woorde, noch met de tong, maar met de daad en waarheid.  19En hieraan kennen wij, dat wij uit de waarheid zijn, en wij zullen onze harten verzekeren voor Hem.  20Want indien ons hart ons veroordeelt, God is meerder dan ons hart, en Hij kent alle dingen.  21Geliefden! Indien ons hart ons niet veroordeelt, zo hebben wij vrijmoedigheid tot God;  22En zo wat wij bidden, ontvangen wij van Hem, dewijl wij Zijn geboden bewaren, en doen, hetgeen behagelijk is voor Hem.  23En dit is Zijn gebod, dat wij geloven in den Naam van Zijn Zoon Jezus Christus, en elkander liefhebben, gelijk Hij ons een gebod gegeven heeft.  24En die Zijn geboden bewaart, blijft in Hem, en Hij in denzelven. En hieraan kennen wij, dat Hij in ons blijft, namelijk uit den Geest, Dien Hij ons gegeven heeft."
      },
      {
        "book_name": "1 Johannes",
        "book": 62,
        "chapter": 3,
        "verse": 1,
        "text": "Ziet, hoe grote liefde ons de Vader gegeven heeft, namelijk dat wij kinderen Gods zouden genaamd worden. Daarom kent ons de wereld niet, omdat zij Hem niet kent."
      },
      {
        "book_name": "1 Johannes",
        "book": 62,
        "chapter": 3,
        "verse": 2,
        "text": "Geliefden, nu zijn wij kinderen Gods, en het is nog niet geopenbaard, wat wij zijn zullen. Maar wij weten, dat als Hij zal geopenbaard zijn, wij Hem zullen gelijk wezen; want wij zullen Hem zien, gelijk Hij is."
      },
      {
        "book_name": "1 Johannes",
        "book": 62,
        "chapter": 3,
        "verse": 3,
        "text": "En een iegelijk, die deze hoop op Hem heeft, die reinigt zichzelven, gelijk Hij rein is."
      },
      {
        "book_name": "1 Johannes",
        "book": 62,
        "chapter": 3,
        "verse": 4,
        "text": "Een iegelijk, die de zonde doet, die doet ook de ongerechtigheid; want de zonde is de ongerechtigheid."
      },
      {
        "book_name": "1 Johannes",
        "book": 62,
        "chapter": 3,
        "verse": 5,
        "text": "En gij weet, dat Hij geopenbaard is, opdat Hij onze zonden zou wegnemen; en geen zonde is in Hem."
      },
      {
        "book_name": "1 Johannes",
        "book": 62,
        "chapter": 3,
        "verse": 6,
        "text": "Een iegelijk, die in Hem blijft, die zondigt niet; een iegelijk, die zondigt, die heeft Hem niet gezien, en heeft Hem niet gekend."
      },
      {
        "book_name": "1 Johannes",
        "book": 62,
        "chapter": 3,
        "verse": 7,
        "text": "Kinderkens, dat u niemand verleide. Die de rechtvaardigheid doet, die is rechtvaardig, gelijk Hij rechtvaardig is."
      },
      {
        "book_name": "1 Johannes",
        "book": 62,
        "chapter": 3,
        "verse": 8,
        "text": "Die de zonde doet, is uit den duivel; want de duivel zondigt van den beginne. Hiertoe is de Zoon van God geopenbaard, opdat Hij de werken des duivels verbreken zou."
      },
      {
        "book_name": "1 Johannes",
        "book": 62,
        "chapter": 3,
        "verse": 9,
        "text": "Een iegelijk, die uit God geboren is, die doet de zonde niet, want Zijn zaad blijft in hem; en hij kan niet zondigen, want hij is uit God geboren."
      },
      {
        "book_name": "1 Johannes",
        "book": 62,
        "chapter": 3,
        "verse": 10,
        "text": "Hierin zijn de kinderen Gods en de kinderen des duivels openbaar. Een iegelijk, die de rechtvaardigheid niet doet, die is niet uit God, en die zijn broeder niet liefheeft."
      },
      {
        "book_name": "1 Johannes",
        "book": 62,
        "chapter": 3,
        "verse": 11,
        "text": "Want dit is de verkondiging, die gij van den beginne gehoord hebt, dat wij elkander zouden liefhebben."
      },
      {
        "book_name": "1 Johannes",
        "book": 62,
        "chapter": 3,
        "verse": 12,
        "text": "Niet gelijk Kaïn, die uit den boze was, en zijn broeder doodsloeg; en om wat oorzaak sloeg hij hem dood? Omdat zijn werken boos waren, en van zijn broeder rechtvaardig."
      },
      {
        "book_name": "1 Johannes",
        "book": 62,
        "chapter": 3,
        "verse": 13,
        "text": "Verwondert u niet, mijn broeders, zo u de wereld haat."
      },
      {
        "book_name": "1 Johannes",
        "book": 62,
        "chapter": 3,
        "verse": 14,
        "text": "Wij weten, dat wij overgegaan zijn uit den dood in het leven, dewijl wij de broeders liefhebben; die zijn broeder niet liefheeft, blijft in den dood."
      },
      {
        "book_name": "1 Johannes",
        "book": 62,
        "chapter": 3,
        "verse": 15,
        "text": "Een iegelijk, die zijn broeder haat, is een doodslager; en gij weet, dat geen doodslager het eeuwige leven heeft in zich blijvende."
      },
      {
        "book_name": "1 Johannes",
        "book": 62,
        "chapter": 3,
        "verse": 16,
        "text": "Hieraan hebben wij de liefde gekend, dat Hij Zijn leven voor ons gesteld heeft; en wij zijn schuldig voor de broeders het leven te stellen."
      },
      {
        "book_name": "1 Johannes",
        "book": 62,
        "chapter": 3,
        "verse": 17,
        "text": "Zo wie nu het goed der wereld heeft, en ziet zijn broeder gebrek hebben, en sluit zijn hart toe voor hem, hoe blijft de liefde Gods in hem?"
      },
      {
        "book_name": "1 Johannes",
        "book": 62,
        "chapter": 3,
        "verse": 18,
        "text": "Mijn kinderkens, laat ons niet liefhebben met den woorde, noch met de tong, maar met de daad en waarheid."
      },
      {
        "book_name": "1 Johannes",
        "book": 62,
        "chapter": 3,
        "verse": 19,
        "text": "En hieraan kennen wij, dat wij uit de waarheid zijn, en wij zullen onze harten verzekeren voor Hem."
      },
      {
        "book_name": "1 Johannes",
        "book": 62,
        "chapter": 3,
        "verse": 20,
        "text": "Want indien ons hart ons veroordeelt, God is meerder dan ons hart, en Hij kent alle dingen."
      },
      {
        "book_name": "1 Johannes",
        "book": 62,
        "chapter": 3,
        "verse": 21,
        "text": "Geliefden! Indien ons hart ons niet veroordeelt, zo hebben wij vrijmoedigheid tot God;"
      },
      {
        "book_name": "1 Johannes",
        "book": 62,
        "chapter": 3,
        "verse": 22,
        "text": "En zo wat wij bidden, ontvangen wij van Hem, dewijl wij Zijn geboden bewaren, en doen, hetgeen behagelijk is voor Hem."
      },
      {
        "book_name": "1 Johannes",
        "book": 62,
        "chapter": 3,
        "verse": 23,
        "text": "En dit is Zijn gebod, dat wij geloven in den Naam van Zijn Zoon Jezus Christus, en elkander liefhebben, gelijk Hij ons een gebod gegeven heeft."
      },
      {
        "book_name": "1 Johannes",
        "book": 62,
        "chapter": 3,
        "verse": 24,
        "text": "En die Zijn geboden bewaart, blijft in Hem, en Hij in denzelven. En hieraan kennen wij, dat Hij in ons blijft, namelijk uit den Geest, Dien Hij ons gegeven heeft."
      }
    ],
    "4": [
      {
        "book_name": "1 Johannes",
        "book": 62,
        "chapter": 4,
        "verse": 1,
        "text": "1Geliefden, gelooft niet een iegelijken geest, maar beproeft de geesten, of zij uit God zijn; want vele valse profeten zijn uitgegaan in de wereld.  2Hieraan kent gij den Geest van God: alle geest, die belijdt, dat Jezus Christus in het vlees gekomen is, die is uit God;  3En alle geest, die niet belijdt, dat Jezus Christus in het vlees gekomen is, die is uit God niet; maar dit is de geest van den antichrist, welken geest gij gehoord hebt, dat komen zal, en is nu alrede in de wereld.  4Kinderkens, gij zijt uit God, en hebt hen overwonnen; want Hij is meerder, Die in u is, dan die in de wereld is.  5Zij zijn uit de wereld, daarom spreken zij uit de wereld, en de wereld hoort hen.  6Wij zijn uit God. Die God kent, hoort ons; die uit God niet is, hoort ons niet. Hieruit kennen wij den geest der waarheid, en den geest der dwaling.  7Geliefden! Laat ons elkander liefhebben, want de liefde is uit God; en een iegelijk, die liefheeft, is uit God geboren, en kent God;  8Die niet liefheeft, die heeft God niet gekend; want God is liefde.  9Hierin is de liefde Gods jegens ons geopenbaard, dat God Zijn eniggeboren Zoon gezonden heeft in de wereld, opdat wij zouden leven door Hem.  10Hierin is de liefde, niet dat wij God liefgehad hebben, maar dat Hij ons lief heeft gehad, en Zijn Zoon gezonden heeft tot een verzoening voor onze zonden.  11Geliefden, indien God ons alzo lief heeft gehad, zo zijn ook wij schuldig elkander lief te hebben.  12Niemand heeft ooit God aanschouwd; indien wij elkander liefhebben, zo blijft God in ons, en Zijn liefde is in ons volmaakt.  13Hieraan kennen wij, dat wij in Hem blijven, en Hij in ons, omdat Hij ons van Zijn Geest gegeven heeft.  14En wij hebben het aanschouwd, en getuigen, dat de Vader Zijn Zoon gezonden heeft tot een Zaligmaker der wereld.  15Zo wie beleden zal hebben, dat Jezus de Zoon van God is, God blijft in hem, en hij in God.  16En wij hebben gekend en geloofd de liefde, die God tot ons heeft. God is liefde; en die in de liefde blijft, blijft in God, en God in hem.  17Hierin is de liefde bij ons volmaakt, opdat wij vrijmoedigheid mogen hebben in den dag des oordeels, namelijk dat gelijk Hij is, wij ook zijn in deze wereld.  18Er is in de liefde geen vrees, maar de volmaakte liefde drijft de vrees buiten; want de vrees heeft pijn, en die vreest, is niet volmaakt in de liefde.  19Wij hebben Hem lief, omdat Hij ons eerst liefgehad heeft.  20Indien iemand zegt: Ik heb God lief; en haat zijn broeder, die is een leugenaar; want die zijn broeder niet liefheeft, dien hij gezien heeft, hoe kan hij God liefhebben, Dien hij niet gezien heeft?  21En dit gebod hebben wij van Hem, namelijk dat die God liefheeft, ook zijn broeder liefhebbe."
      },
      {
        "book_name": "1 Johannes",
        "book": 62,
        "chapter": 4,
        "verse": 1,
        "text": "Geliefden, gelooft niet een iegelijken geest, maar beproeft de geesten, of zij uit God zijn; want vele valse profeten zijn uitgegaan in de wereld."
      },
      {
        "book_name": "1 Johannes",
        "book": 62,
        "chapter": 4,
        "verse": 2,
        "text": "Hieraan kent gij den Geest van God: alle geest, die belijdt, dat Jezus Christus in het vlees gekomen is, die is uit God;"
      },
      {
        "book_name": "1 Johannes",
        "book": 62,
        "chapter": 4,
        "verse": 3,
        "text": "En alle geest, die niet belijdt, dat Jezus Christus in het vlees gekomen is, die is uit God niet; maar dit is de geest van den antichrist, welken geest gij gehoord hebt, dat komen zal, en is nu alrede in de wereld."
      },
      {
        "book_name": "1 Johannes",
        "book": 62,
        "chapter": 4,
        "verse": 4,
        "text": "Kinderkens, gij zijt uit God, en hebt hen overwonnen; want Hij is meerder, Die in u is, dan die in de wereld is."
      },
      {
        "book_name": "1 Johannes",
        "book": 62,
        "chapter": 4,
        "verse": 5,
        "text": "Zij zijn uit de wereld, daarom spreken zij uit de wereld, en de wereld hoort hen."
      },
      {
        "book_name": "1 Johannes",
        "book": 62,
        "chapter": 4,
        "verse": 6,
        "text": "Wij zijn uit God. Die God kent, hoort ons; die uit God niet is, hoort ons niet. Hieruit kennen wij den geest der waarheid, en den geest der dwaling."
      },
      {
        "book_name": "1 Johannes",
        "book": 62,
        "chapter": 4,
        "verse": 7,
        "text": "Geliefden! Laat ons elkander liefhebben, want de liefde is uit God; en een iegelijk, die liefheeft, is uit God geboren, en kent God;"
      },
      {
        "book_name": "1 Johannes",
        "book": 62,
        "chapter": 4,
        "verse": 8,
        "text": "Die niet liefheeft, die heeft God niet gekend; want God is liefde."
      },
      {
        "book_name": "1 Johannes",
        "book": 62,
        "chapter": 4,
        "verse": 9,
        "text": "Hierin is de liefde Gods jegens ons geopenbaard, dat God Zijn eniggeboren Zoon gezonden heeft in de wereld, opdat wij zouden leven door Hem."
      },
      {
        "book_name": "1 Johannes",
        "book": 62,
        "chapter": 4,
        "verse": 10,
        "text": "Hierin is de liefde, niet dat wij God liefgehad hebben, maar dat Hij ons lief heeft gehad, en Zijn Zoon gezonden heeft tot een verzoening voor onze zonden."
      },
      {
        "book_name": "1 Johannes",
        "book": 62,
        "chapter": 4,
        "verse": 11,
        "text": "Geliefden, indien God ons alzo lief heeft gehad, zo zijn ook wij schuldig elkander lief te hebben."
      },
      {
        "book_name": "1 Johannes",
        "book": 62,
        "chapter": 4,
        "verse": 12,
        "text": "Niemand heeft ooit God aanschouwd; indien wij elkander liefhebben, zo blijft God in ons, en Zijn liefde is in ons volmaakt."
      },
      {
        "book_name": "1 Johannes",
        "book": 62,
        "chapter": 4,
        "verse": 13,
        "text": "Hieraan kennen wij, dat wij in Hem blijven, en Hij in ons, omdat Hij ons van Zijn Geest gegeven heeft."
      },
      {
        "book_name": "1 Johannes",
        "book": 62,
        "chapter": 4,
        "verse": 14,
        "text": "En wij hebben het aanschouwd, en getuigen, dat de Vader Zijn Zoon gezonden heeft tot een Zaligmaker der wereld."
      },
      {
        "book_name": "1 Johannes",
        "book": 62,
        "chapter": 4,
        "verse": 15,
        "text": "Zo wie beleden zal hebben, dat Jezus de Zoon van God is, God blijft in hem, en hij in God."
      },
      {
        "book_name": "1 Johannes",
        "book": 62,
        "chapter": 4,
        "verse": 16,
        "text": "En wij hebben gekend en geloofd de liefde, die God tot ons heeft. God is liefde; en die in de liefde blijft, blijft in God, en God in hem."
      },
      {
        "book_name": "1 Johannes",
        "book": 62,
        "chapter": 4,
        "verse": 17,
        "text": "Hierin is de liefde bij ons volmaakt, opdat wij vrijmoedigheid mogen hebben in den dag des oordeels, namelijk dat gelijk Hij is, wij ook zijn in deze wereld."
      },
      {
        "book_name": "1 Johannes",
        "book": 62,
        "chapter": 4,
        "verse": 18,
        "text": "Er is in de liefde geen vrees, maar de volmaakte liefde drijft de vrees buiten; want de vrees heeft pijn, en die vreest, is niet volmaakt in de liefde."
      },
      {
        "book_name": "1 Johannes",
        "book": 62,
        "chapter": 4,
        "verse": 19,
        "text": "Wij hebben Hem lief, omdat Hij ons eerst liefgehad heeft."
      },
      {
        "book_name": "1 Johannes",
        "book": 62,
        "chapter": 4,
        "verse": 20,
        "text": "Indien iemand zegt: Ik heb God lief; en haat zijn broeder, die is een leugenaar; want die zijn broeder niet liefheeft, dien hij gezien heeft, hoe kan hij God liefhebben, Dien hij niet gezien heeft?"
      },
      {
        "book_name": "1 Johannes",
        "book": 62,
        "chapter": 4,
        "verse": 21,
        "text": "En dit gebod hebben wij van Hem, namelijk dat die God liefheeft, ook zijn broeder liefhebbe."
      }
    ],
    "5": [
      {
        "book_name": "1 Johannes",
        "book": 62,
        "chapter": 5,
        "verse": 1,
        "text": "1Een iegelijk, die gelooft, dat Jezus is de Christus, die is uit God geboren; en een iegelijk, die liefheeft Dengene, Die geboren heeft, die heeft ook lief dengene, die uit Hem geboren is.  2Hieraan kennen wij, dat wij de kinderen Gods liefhebben, wanneer wij God liefhebben, en Zijn geboden bewaren.  3Want dit is de liefde Gods, dat wij Zijn geboden bewaren; en Zijn geboden zijn niet zwaar.  4Want al wat uit God geboren is, overwint de wereld; en dit is de overwinning, die de wereld overwint, namelijk ons geloof.  5Wie is het, die de wereld overwint, dan die gelooft, dat Jezus is de Zoon van God?  6Deze is het, Die gekomen is door water en bloed, namelijk Jezus, de Christus; niet door het water alleen, maar door het water en het bloed. En de Geest is het, Die getuigt, dat de Geest de waarheid is.  7Want Drie zijn er, Die getuigen in den hemel, de Vader, het Woord en de Heilige Geest; en deze Drie zijn één.  8En drie zijn er, die getuigen op de aarde, de Geest, en het water, en het bloed; en die drie zijn tot één.  9Indien wij de getuigenis der mensen aannemen, de getuigenis van God is meerder; want dit is de getuigenis van God, welke Hij van Zijn Zoon getuigd heeft.  10Die in den Zoon van God gelooft, heeft de getuigenis in zichzelven; die God niet gelooft, heeft Hem tot een leugenaar gemaakt, dewijl hij niet geloofd heeft de getuigenis, die God getuigd heeft van Zijn Zoon.  11En dit is de getuigenis, namelijk dat ons God het eeuwige leven gegeven heeft; en ditzelve leven is in Zijn Zoon.  12Die den Zoon heeft, die heeft het leven; die den Zoon van God niet heeft, die heeft het leven niet.  13Deze dingen heb ik u geschreven, die gelooft in den Naam des Zoons van God; opdat gij weet, dat gij het eeuwige leven hebt, en opdat gij gelooft in den Naam des Zoons van God.  14En dit is de vrijmoedigheid, die wij tot Hem hebben, dat zo wij iets bidden naar Zijn wil, Hij ons verhoort.  15En indien wij weten, dat Hij ons verhoort, wat wij ook bidden, zo weten wij, dat wij de beden verkrijgen, die wij van Hem gebeden hebben.  16Indien iemand zijn broeder ziet zondigen een zonde niet tot den dood, die zal God bidden en Hij zal hem het leven geven, dengenen, zeg ik, die zondigen niet tot den dood. Er is een zonde tot den dood; voor dezelve zonde zeg ik niet, dat hij zal bidden.  17Alle ongerechtigheid is zonde; en er is zonde niet tot den dood.  18Wij weten, dat een iegelijk, die uit God geboren is, niet zondigt; maar die uit God geboren is, bewaart zichzelven, en de boze vat hem niet.  19Wij weten, dat wij uit God zijn, en dat de gehele wereld ligt in het boze.  20Doch wij weten, dat de Zoon van God gekomen is, en heeft ons het verstand gegeven, dat wij den Waarachtige kennen; en wij zijn in den Waarachtige, namelijk in Zijn Zoon Jezus Christus. Deze is de waarachtige God, en het eeuwige Leven.  21Kinderkens, bewaart uzelven van de afgoden. Amen."
      },
      {
        "book_name": "1 Johannes",
        "book": 62,
        "chapter": 5,
        "verse": 1,
        "text": "Een iegelijk, die gelooft, dat Jezus is de Christus, die is uit God geboren; en een iegelijk, die liefheeft Dengene, Die geboren heeft, die heeft ook lief dengene, die uit Hem geboren is."
      },
      {
        "book_name": "1 Johannes",
        "book": 62,
        "chapter": 5,
        "verse": 2,
        "text": "Hieraan kennen wij, dat wij de kinderen Gods liefhebben, wanneer wij God liefhebben, en Zijn geboden bewaren."
      },
      {
        "book_name": "1 Johannes",
        "book": 62,
        "chapter": 5,
        "verse": 3,
        "text": "Want dit is de liefde Gods, dat wij Zijn geboden bewaren; en Zijn geboden zijn niet zwaar."
      },
      {
        "book_name": "1 Johannes",
        "book": 62,
        "chapter": 5,
        "verse": 4,
        "text": "Want al wat uit God geboren is, overwint de wereld; en dit is de overwinning, die de wereld overwint, namelijk ons geloof."
      },
      {
        "book_name": "1 Johannes",
        "book": 62,
        "chapter": 5,
        "verse": 5,
        "text": "Wie is het, die de wereld overwint, dan die gelooft, dat Jezus is de Zoon van God?"
      },
      {
        "book_name": "1 Johannes",
        "book": 62,
        "chapter": 5,
        "verse": 6,
        "text": "Deze is het, Die gekomen is door water en bloed, namelijk Jezus, de Christus; niet door het water alleen, maar door het water en het bloed. En de Geest is het, Die getuigt, dat de Geest de waarheid is."
      },
      {
        "book_name": "1 Johannes",
        "book": 62,
        "chapter": 5,
        "verse": 7,
        "text": "Want Drie zijn er, Die getuigen in den hemel, de Vader, het Woord en de Heilige Geest; en deze Drie zijn één."
      },
      {
        "book_name": "1 Johannes",
        "book": 62,
        "chapter": 5,
        "verse": 8,
        "text": "En drie zijn er, die getuigen op de aarde, de Geest, en het water, en het bloed; en die drie zijn tot één."
      },
      {
        "book_name": "1 Johannes",
        "book": 62,
        "chapter": 5,
        "verse": 9,
        "text": "Indien wij de getuigenis der mensen aannemen, de getuigenis van God is meerder; want dit is de getuigenis van God, welke Hij van Zijn Zoon getuigd heeft."
      },
      {
        "book_name": "1 Johannes",
        "book": 62,
        "chapter": 5,
        "verse": 10,
        "text": "Die in den Zoon van God gelooft, heeft de getuigenis in zichzelven; die God niet gelooft, heeft Hem tot een leugenaar gemaakt, dewijl hij niet geloofd heeft de getuigenis, die God getuigd heeft van Zijn Zoon."
      },
      {
        "book_name": "1 Johannes",
        "book": 62,
        "chapter": 5,
        "verse": 11,
        "text": "En dit is de getuigenis, namelijk dat ons God het eeuwige leven gegeven heeft; en ditzelve leven is in Zijn Zoon."
      },
      {
        "book_name": "1 Johannes",
        "book": 62,
        "chapter": 5,
        "verse": 12,
        "text": "Die den Zoon heeft, die heeft het leven; die den Zoon van God niet heeft, die heeft het leven niet."
      },
      {
        "book_name": "1 Johannes",
        "book": 62,
        "chapter": 5,
        "verse": 13,
        "text": "Deze dingen heb ik u geschreven, die gelooft in den Naam des Zoons van God; opdat gij weet, dat gij het eeuwige leven hebt, en opdat gij gelooft in den Naam des Zoons van God."
      },
      {
        "book_name": "1 Johannes",
        "book": 62,
        "chapter": 5,
        "verse": 14,
        "text": "En dit is de vrijmoedigheid, die wij tot Hem hebben, dat zo wij iets bidden naar Zijn wil, Hij ons verhoort."
      },
      {
        "book_name": "1 Johannes",
        "book": 62,
        "chapter": 5,
        "verse": 15,
        "text": "En indien wij weten, dat Hij ons verhoort, wat wij ook bidden, zo weten wij, dat wij de beden verkrijgen, die wij van Hem gebeden hebben."
      },
      {
        "book_name": "1 Johannes",
        "book": 62,
        "chapter": 5,
        "verse": 16,
        "text": "Indien iemand zijn broeder ziet zondigen een zonde niet tot den dood, die zal God bidden en Hij zal hem het leven geven, dengenen, zeg ik, die zondigen niet tot den dood. Er is een zonde tot den dood; voor dezelve zonde zeg ik niet, dat hij zal bidden."
      },
      {
        "book_name": "1 Johannes",
        "book": 62,
        "chapter": 5,
        "verse": 17,
        "text": "Alle ongerechtigheid is zonde; en er is zonde niet tot den dood."
      },
      {
        "book_name": "1 Johannes",
        "book": 62,
        "chapter": 5,
        "verse": 18,
        "text": "Wij weten, dat een iegelijk, die uit God geboren is, niet zondigt; maar die uit God geboren is, bewaart zichzelven, en de boze vat hem niet."
      },
      {
        "book_name": "1 Johannes",
        "book": 62,
        "chapter": 5,
        "verse": 19,
        "text": "Wij weten, dat wij uit God zijn, en dat de gehele wereld ligt in het boze."
      },
      {
        "book_name": "1 Johannes",
        "book": 62,
        "chapter": 5,
        "verse": 20,
        "text": "Doch wij weten, dat de Zoon van God gekomen is, en heeft ons het verstand gegeven, dat wij den Waarachtige kennen; en wij zijn in den Waarachtige, namelijk in Zijn Zoon Jezus Christus. Deze is de waarachtige God, en het eeuwige Leven."
      },
      {
        "book_name": "1 Johannes",
        "book": 62,
        "chapter": 5,
        "verse": 21,
        "text": "Kinderkens, bewaart uzelven van de afgoden. Amen."
      }
    ]
  }
}