{
  "source": "bible.com",
  "version": "Statenvertaling (1750)",
  "book": "1 Petrus",
  "chapters": {
    "1": [
      {
        "book_name": "1 Petrus",
        "book": 60,
        "chapter": 1,
        "verse": 1,
        "text": "1Petrus, een apostel van Jezus Christus, aan de vreemdelingen, verstrooid in Pontus, Galatië, Kappadocië, Azië en Bithynië,  2Den uitverkorenen naar de voorkennis van God den Vader, in de heiligmaking des Geestes, tot gehoorzaamheid en besprenging des bloeds van Jezus Christus; genade en vrede zij u vermenigvuldigd.  3Geloofd zij de God en Vader van onzen Heere Jezus Christus, Die naar Zijn grote barmhartigheid ons heeft wedergeboren, tot een levende hoop, door de opstanding van Jezus Christus uit de doden.  4Tot een onverderfelijke, en onbevlekkelijke, en onverwelkelijke erfenis, die in de hemelen bewaard is voor u.  5Die in de kracht Gods bewaard wordt door het geloof tot de zaligheid, die bereid is, om geopenbaard te worden in den laatsten tijd.  6In welke gij u verheugt, nu een weinig tijds (zo het nodig is) bedroefd zijnde door menigerlei verzoekingen;  7Opdat de beproeving uws geloofs, die veel kostelijker is dan van het goud, hetwelk vergaat en door het vuur beproefd wordt, bevonden worde te zijn tot lof, en eer, en heerlijkheid, in de openbaring van Jezus Christus;  8Denwelken gij niet gezien hebt, en nochtans liefhebt, in Denwelken gij nu, hoewel Hem niet ziende, maar gelovende, u verheugt met een onuitsprekelijke en heerlijke vreugde;  9Verkrijgende het einde uws geloofs, namelijk de zaligheid der zielen.  10Van welke zaligheid ondervraagd en onderzocht hebben de profeten, die geprofeteerd hebben van de genade, aan u geschied;  11Onderzoekende, op welken of hoedanigen tijd de Geest van Christus, Die in hen was, beduidde en te voren getuigde, het lijden, dat op Christus komen zou, en de heerlijkheid daarna volgende.  12Denwelken geopenbaard is, dat zij niet zichzelven, maar ons bedienden deze dingen, die u nu aangediend zijn bij degenen, die u het Evangelie verkondigd hebben door den Heiligen Geest, Die van den hemel gezonden is; in welke dingen de engelen begerig zijn in te zien.  13Daarom opschortende de lenden uws verstands, en nuchteren zijnde, hoopt volkomenlijk op de genade, die u toegebracht wordt in de openbaring van Jezus Christus.  14Als gehoorzame kinderen, wordt niet gelijkvormig aan de begeerlijkheden, die te voren in uw onwetendheid waren;  15Maar gelijk Hij, Die u geroepen heeft, heilig is, zo wordt ook gijzelven heilig in al uw wandel;  16Daarom dat er geschreven is: Zijt heilig, want Ik ben heilig.  17En indien gij tot een Vader aanroept Dengene, Die zonder aanneming des persoons oordeelt naar eens iegelijks werk, zo wandelt in vreze den tijd uwer inwoning;  18Wetende dat gij niet door vergankelijke dingen, zilver of goud, verlost zijt uit uw ijdele wandeling, die u van de vaderen overgeleverd is;  19Maar door het dierbaar bloed van Christus, als van een onbestraffelijk en onbevlekt Lam;  20Dewelke wel voorgekend is geweest voor de grondlegging der wereld, maar geopenbaard is in deze laatste tijden om uwentwil,  21Die door Hem gelooft in God, Welke Hem opgewekt heeft uit de doden, en Hem heerlijkheid gegeven heeft, opdat uw geloof en hoop op God zijn zou.  22Hebbende dan uw zielen gereinigd in de gehoorzaamheid der waarheid, door den Geest, tot ongeveinsde broederlijke liefde, zo hebt elkander vuriglijk lief uit een rein hart;  23Gij, die wedergeboren zijt, niet uit vergankelijk, maar uit onvergankelijk zaad, door het levende en eeuwig blijvende Woord van God.  24Want alle vlees is als gras, en alle heerlijkheid des mensen is als een bloem van het gras. Het gras is verdord, en zijn bloem is afgevallen;  25Maar het Woord des Heeren blijft in der eeuwigheid; en dit is het Woord, dat onder u verkondigd is."
      },
      {
        "book_name": "1 Petrus",
        "book": 60,
        "chapter": 1,
        "verse": 1,
        "text": "Petrus, een apostel van Jezus Christus, aan de vreemdelingen, verstrooid in Pontus, Galatië, Kappadocië, Azië en Bithynië,"
      },
      {
        "book_name": "1 Petrus",
        "book": 60,
        "chapter": 1,
        "verse": 2,
        "text": "Den uitverkorenen naar de voorkennis van God den Vader, in de heiligmaking des Geestes, tot gehoorzaamheid en besprenging des bloeds van Jezus Christus; genade en vrede zij u vermenigvuldigd."
      },
      {
        "book_name": "1 Petrus",
        "book": 60,
        "chapter": 1,
        "verse": 3,
        "text": "Geloofd zij de God en Vader van onzen Heere Jezus Christus, Die naar Zijn grote barmhartigheid ons heeft wedergeboren, tot een levende hoop, door de opstanding van Jezus Christus uit de doden."
      },
      {
        "book_name": "1 Petrus",
        "book": 60,
        "chapter": 1,
        "verse": 4,
        "text": "Tot een onverderfelijke, en onbevlekkelijke, en onverwelkelijke erfenis, die in de hemelen bewaard is voor u."
      },
      {
        "book_name": "1 Petrus",
        "book": 60,
        "chapter": 1,
        "verse": 5,
        "text": "Die in de kracht Gods bewaard wordt door het geloof tot de zaligheid, die bereid is, om geopenbaard te worden in den laatsten tijd."
      },
      {
        "book_name": "1 Petrus",
        "book": 60,
        "chapter": 1,
        "verse": 6,
        "text": "In welke gij u verheugt, nu een weinig tijds (zo het nodig is) bedroefd zijnde door menigerlei verzoekingen;"
      },
      {
        "book_name": "1 Petrus",
        "book": 60,
        "chapter": 1,
        "verse": 7,
        "text": "Opdat de beproeving uws geloofs, die veel kostelijker is dan van het goud, hetwelk vergaat en door het vuur beproefd wordt, bevonden worde te zijn tot lof, en eer, en heerlijkheid, in de openbaring van Jezus Christus;"
      },
      {
        "book_name": "1 Petrus",
        "book": 60,
        "chapter": 1,
        "verse": 8,
        "text": "Denwelken gij niet gezien hebt, en nochtans liefhebt, in Denwelken gij nu, hoewel Hem niet ziende, maar gelovende, u verheugt met een onuitsprekelijke en heerlijke vreugde;"
      },
      {
        "book_name": "1 Petrus",
        "book": 60,
        "chapter": 1,
        "verse": 9,
        "text": "Verkrijgende het einde uws geloofs, namelijk de zaligheid der zielen."
      },
      {
        "book_name": "1 Petrus",
        "book": 60,
        "chapter": 1,
        "verse": 10,
        "text": "Van welke zaligheid ondervraagd en onderzocht hebben de profeten, die geprofeteerd hebben van de genade, aan u geschied;"
      },
      {
        "book_name": "1 Petrus",
        "book": 60,
        "chapter": 1,
        "verse": 11,
        "text": "Onderzoekende, op welken of hoedanigen tijd de Geest van Christus, Die in hen was, beduidde en te voren getuigde, het lijden, dat op Christus komen zou, en de heerlijkheid daarna volgende."
      },
      {
        "book_name": "1 Petrus",
        "book": 60,
        "chapter": 1,
        "verse": 12,
        "text": "Denwelken geopenbaard is, dat zij niet zichzelven, maar ons bedienden deze dingen, die u nu aangediend zijn bij degenen, die u het Evangelie verkondigd hebben door den Heiligen Geest, Die van den hemel gezonden is; in welke dingen de engelen begerig zijn in te zien."
      },
      {
        "book_name": "1 Petrus",
        "book": 60,
        "chapter": 1,
        "verse": 13,
        "text": "Daarom opschortende de lenden uws verstands, en nuchteren zijnde, hoopt volkomenlijk op de genade, die u toegebracht wordt in de openbaring van Jezus Christus."
      },
      {
        "book_name": "1 Petrus",
        "book": 60,
        "chapter": 1,
        "verse": 14,
        "text": "Als gehoorzame kinderen, wordt niet gelijkvormig aan de begeerlijkheden, die te voren in uw onwetendheid waren;"
      },
      {
        "book_name": "1 Petrus",
        "book": 60,
        "chapter": 1,
        "verse": 15,
        "text": "Maar gelijk Hij, Die u geroepen heeft, heilig is, zo wordt ook gijzelven heilig in al uw wandel;"
      },
      {
        "book_name": "1 Petrus",
        "book": 60,
        "chapter": 1,
        "verse": 16,
        "text": "Daarom dat er geschreven is: Zijt heilig, want Ik ben heilig."
      },
      {
        "book_name": "1 Petrus",
        "book": 60,
        "chapter": 1,
        "verse": 17,
        "text": "En indien gij tot een Vader aanroept Dengene, Die zonder aanneming des persoons oordeelt naar eens iegelijks werk, zo wandelt in vreze den tijd uwer inwoning;"
      },
      {
        "book_name": "1 Petrus",
        "book": 60,
        "chapter": 1,
        "verse": 18,
        "text": "Wetende dat gij niet door vergankelijke dingen, zilver of goud, verlost zijt uit uw ijdele wandeling, die u van de vaderen overgeleverd is;"
      },
      {
        "book_name": "1 Petrus",
        "book": 60,
        "chapter": 1,
        "verse": 19,
        "text": "Maar door het dierbaar bloed van Christus, als van een onbestraffelijk en onbevlekt Lam;"
      },
      {
        "book_name": "1 Petrus",
        "book": 60,
        "chapter": 1,
        "verse": 20,
        "text": "Dewelke wel voorgekend is geweest voor de grondlegging der wereld, maar geopenbaard is in deze laatste tijden om uwentwil,"
      },
      {
        "book_name": "1 Petrus",
        "book": 60,
        "chapter": 1,
        "verse": 21,
        "text": "Die door Hem gelooft in God, Welke Hem opgewekt heeft uit de doden, en Hem heerlijkheid gegeven heeft, opdat uw geloof en hoop op God zijn zou."
      },
      {
        "book_name": "1 Petrus",
        "book": 60,
        "chapter": 1,
        "verse": 22,
        "text": "Hebbende dan uw zielen gereinigd in de gehoorzaamheid der waarheid, door den Geest, tot ongeveinsde broederlijke liefde, zo hebt elkander vuriglijk lief uit een rein hart;"
      },
      {
        "book_name": "1 Petrus",
        "book": 60,
        "chapter": 1,
        "verse": 23,
        "text": "Gij, die wedergeboren zijt, niet uit vergankelijk, maar uit onvergankelijk zaad, door het levende en eeuwig blijvende Woord van God."
      },
      {
        "book_name": "1 Petrus",
        "book": 60,
        "chapter": 1,
        "verse": 24,
        "text": "Want alle vlees is als gras, en alle heerlijkheid des mensen is als een bloem van het gras. Het gras is verdord, en zijn bloem is afgevallen;"
      },
      {
        "book_name": "1 Petrus",
        "book": 60,
        "chapter": 1,
        "verse": 25,
        "text": "Maar het Woord des Heeren blijft in der eeuwigheid; en dit is het Woord, dat onder u verkondigd is."
      }
    ],
    "2": [
      {
        "book_name": "1 Petrus",
        "book": 60,
        "chapter": 2,
        "verse": 1,
        "text": "1Zo legt dan af alle kwaadheid, en alle bedrog, en geveinsdheid, en nijdigheid, en alle achterklappingen;  2En, als nieuwgeborene kinderkens, zijt zeer begerig naar de redelijke onvervalste melk, opdat gij door dezelve moogt opwassen;  3Indien gij anders gesmaakt hebt, dat de Heere goedertieren is.  4Tot Welken komende, als tot een levenden Steen, van de mensen wel verworpen, maar bij God uitverkoren en dierbaar;  5Zo wordt gij ook zelven, als levende stenen, gebouwd tot een geestelijk huis, tot een heilig priesterdom, om geestelijke offeranden op te offeren, die Gode aangenaam zijn door Jezus Christus.  6Daarom is ook vervat in de Schrift: Ziet, Ik leg in Sion een uitersten Hoeksteen, Die uitverkoren en dierbaar is; en: Die in Hem gelooft, zal niet beschaamd worden.  7U dan, die gelooft, is Hij dierbaar; maar den ongehoorzamen wordt gezegd: De Steen, Dien de bouwlieden verworpen hebben, Deze is geworden tot een hoofd des hoeks, en een steen des aanstoots, en een rots der ergernis;  8Dengenen namelijk, die zich aan het Woord stoten, ongehoorzaam zijnde, waartoe zij ook gezet zijn.  9Maar gij zijt een uitverkoren geslacht, een koninklijk priesterdom, een heilig volk, een verkregen volk; opdat gij zoudt verkondigen de deugden Desgenen, Die u uit de duisternis geroepen heeft tot Zijn wonderbaar licht;  10Gij, die eertijds geen volk waart, maar nu Gods volk zijt; die eertijds niet ontfermd waart, maar nu ontfermd zijt geworden.  11Geliefden, ik vermaan u als inwoners en vreemdelingen, dat gij u onthoudt van de vleselijke begeerlijkheden, welke krijg voeren tegen de ziel;  12En houdt uw wandel eerlijk onder de heidenen; opdat in hetgeen zij kwalijk van u spreken, als van kwaaddoeners, zij uit de goede werken, die zij in u zien, God verheerlijken mogen in den dag der bezoeking.  13Zijt dan alle menselijke ordening onderdanig, om des Heeren wil; hetzij den koning, als de opperste macht hebbende;  14Hetzij den stadhouderen, als die van hem gezonden worden, tot straf wel der kwaaddoeners, maar tot prijs dergenen, die goed doen.  15Want alzo is het de wil van God, dat gij, weldoende, den mond stopt aan de onwetendheid der dwaze mensen;  16Als vrijen, en niet de vrijheid hebbende als een deksel der boosheid, maar als dienstknechten van God.  17Eert een iegelijk; hebt de broederschap lief; vreest God; eert den koning.  18Gij huisknechten, zijt met alle vreze onderdanig den heren, niet alleen den goeden en bescheidenen, maar ook den harden.  19Want dat is genade, indien iemand om het geweten voor God zwarigheid verdraagt, lijdende ten onrechte.  20Want wat lof is het, indien gij verdraagt, als gij zondigt, en daarover geslagen wordt? Maar indien gij verdraagt, als gij weldoet, en daarover lijdt, dat is genade bij God.  21Want hiertoe zijt gij geroepen, dewijl ook Christus voor ons geleden heeft, ons een voorbeeld nalatende, opdat gij Zijn voetstappen zoudt navolgen;  22Die geen zonde gedaan heeft, en er is geen bedrog in Zijn mond gevonden;  23Die, als Hij gescholden werd, niet wederschold, en als Hij leed, niet dreigde; maar gaf het over aan Dien, Die rechtvaardiglijk oordeelt;  24Die Zelf onze zonden in Zijn lichaam gedragen heeft op het hout; opdat wij, der zonden afgestorven zijnde, der gerechtigheid leven zouden; door Wiens striemen gij genezen zijt.  25Want gij waart als dwalende schapen; maar gij zijt nu bekeerd tot den Herder en Opziener uwer zielen."
      },
      {
        "book_name": "1 Petrus",
        "book": 60,
        "chapter": 2,
        "verse": 1,
        "text": "Zo legt dan af alle kwaadheid, en alle bedrog, en geveinsdheid, en nijdigheid, en alle achterklappingen;"
      },
      {
        "book_name": "1 Petrus",
        "book": 60,
        "chapter": 2,
        "verse": 2,
        "text": "En, als nieuwgeborene kinderkens, zijt zeer begerig naar de redelijke onvervalste melk, opdat gij door dezelve moogt opwassen;"
      },
      {
        "book_name": "1 Petrus",
        "book": 60,
        "chapter": 2,
        "verse": 3,
        "text": "Indien gij anders gesmaakt hebt, dat de Heere goedertieren is."
      },
      {
        "book_name": "1 Petrus",
        "book": 60,
        "chapter": 2,
        "verse": 4,
        "text": "Tot Welken komende, als tot een levenden Steen, van de mensen wel verworpen, maar bij God uitverkoren en dierbaar;"
      },
      {
        "book_name": "1 Petrus",
        "book": 60,
        "chapter": 2,
        "verse": 5,
        "text": "Zo wordt gij ook zelven, als levende stenen, gebouwd tot een geestelijk huis, tot een heilig priesterdom, om geestelijke offeranden op te offeren, die Gode aangenaam zijn door Jezus Christus."
      },
      {
        "book_name": "1 Petrus",
        "book": 60,
        "chapter": 2,
        "verse": 6,
        "text": "Daarom is ook vervat in de Schrift: Ziet, Ik leg in Sion een uitersten Hoeksteen, Die uitverkoren en dierbaar is; en: Die in Hem gelooft, zal niet beschaamd worden."
      },
      {
        "book_name": "1 Petrus",
        "book": 60,
        "chapter": 2,
        "verse": 7,
        "text": "U dan, die gelooft, is Hij dierbaar; maar den ongehoorzamen wordt gezegd: De Steen, Dien de bouwlieden verworpen hebben, Deze is geworden tot een hoofd des hoeks, en een steen des aanstoots, en een rots der ergernis;"
      },
      {
        "book_name": "1 Petrus",
        "book": 60,
        "chapter": 2,
        "verse": 8,
        "text": "Dengenen namelijk, die zich aan het Woord stoten, ongehoorzaam zijnde, waartoe zij ook gezet zijn."
      },
      {
        "book_name": "1 Petrus",
        "book": 60,
        "chapter": 2,
        "verse": 9,
        "text": "Maar gij zijt een uitverkoren geslacht, een koninklijk priesterdom, een heilig volk, een verkregen volk; opdat gij zoudt verkondigen de deugden Desgenen, Die u uit de duisternis geroepen heeft tot Zijn wonderbaar licht;"
      },
      {
        "book_name": "1 Petrus",
        "book": 60,
        "chapter": 2,
        "verse": 10,
        "text": "Gij, die eertijds geen volk waart, maar nu Gods volk zijt; die eertijds niet ontfermd waart, maar nu ontfermd zijt geworden."
      },
      {
        "book_name": "1 Petrus",
        "book": 60,
        "chapter": 2,
        "verse": 11,
        "text": "Geliefden, ik vermaan u als inwoners en vreemdelingen, dat gij u onthoudt van de vleselijke begeerlijkheden, welke krijg voeren tegen de ziel;"
      },
      {
        "book_name": "1 Petrus",
        "book": 60,
        "chapter": 2,
        "verse": 12,
        "text": "En houdt uw wandel eerlijk onder de heidenen; opdat in hetgeen zij kwalijk van u spreken, als van kwaaddoeners, zij uit de goede werken, die zij in u zien, God verheerlijken mogen in den dag der bezoeking."
      },
      {
        "book_name": "1 Petrus",
        "book": 60,
        "chapter": 2,
        "verse": 13,
        "text": "Zijt dan alle menselijke ordening onderdanig, om des Heeren wil; hetzij den koning, als de opperste macht hebbende;"
      },
      {
        "book_name": "1 Petrus",
        "book": 60,
        "chapter": 2,
        "verse": 14,
        "text": "Hetzij den stadhouderen, als die van hem gezonden worden, tot straf wel der kwaaddoeners, maar tot prijs dergenen, die goed doen."
      },
      {
        "book_name": "1 Petrus",
        "book": 60,
        "chapter": 2,
        "verse": 15,
        "text": "Want alzo is het de wil van God, dat gij, weldoende, den mond stopt aan de onwetendheid der dwaze mensen;"
      },
      {
        "book_name": "1 Petrus",
        "book": 60,
        "chapter": 2,
        "verse": 16,
        "text": "Als vrijen, en niet de vrijheid hebbende als een deksel der boosheid, maar als dienstknechten van God."
      },
      {
        "book_name": "1 Petrus",
        "book": 60,
        "chapter": 2,
        "verse": 17,
        "text": "Eert een iegelijk; hebt de broederschap lief; vreest God; eert den koning."
      },
      {
        "book_name": "1 Petrus",
        "book": 60,
        "chapter": 2,
        "verse": 18,
        "text": "Gij huisknechten, zijt met alle vreze onderdanig den heren, niet alleen den goeden en bescheidenen, maar ook den harden."
      },
      {
        "book_name": "1 Petrus",
        "book": 60,
        "chapter": 2,
        "verse": 19,
        "text": "Want dat is genade, indien iemand om het geweten voor God zwarigheid verdraagt, lijdende ten onrechte."
      },
      {
        "book_name": "1 Petrus",
        "book": 60,
        "chapter": 2,
        "verse": 20,
        "text": "Want wat lof is het, indien gij verdraagt, als gij zondigt, en daarover geslagen wordt? Maar indien gij verdraagt, als gij weldoet, en daarover lijdt, dat is genade bij God."
      },
      {
        "book_name": "1 Petrus",
        "book": 60,
        "chapter": 2,
        "verse": 21,
        "text": "Want hiertoe zijt gij geroepen, dewijl ook Christus voor ons geleden heeft, ons een voorbeeld nalatende, opdat gij Zijn voetstappen zoudt navolgen;"
      },
      {
        "book_name": "1 Petrus",
        "book": 60,
        "chapter": 2,
        "verse": 22,
        "text": "Die geen zonde gedaan heeft, en er is geen bedrog in Zijn mond gevonden;"
      },
      {
        "book_name": "1 Petrus",
        "book": 60,
        "chapter": 2,
        "verse": 23,
        "text": "Die, als Hij gescholden werd, niet wederschold, en als Hij leed, niet dreigde; maar gaf het over aan Dien, Die rechtvaardiglijk oordeelt;"
      },
      {
        "book_name": "1 Petrus",
        "book": 60,
        "chapter": 2,
        "verse": 24,
        "text": "Die Zelf onze zonden in Zijn lichaam gedragen heeft op het hout; opdat wij, der zonden afgestorven zijnde, der gerechtigheid leven zouden; door Wiens striemen gij genezen zijt."
      },
      {
        "book_name": "1 Petrus",
        "book": 60,
        "chapter": 2,
        "verse": 25,
        "text": "Want gij waart als dwalende schapen; maar gij zijt nu bekeerd tot den Herder en Opziener uwer zielen."
      }
    ],
    "3": [
      {
        "book_name": "1 Petrus",
        "book": 60,
        "chapter": 3,
        "verse": 1,
        "text": "1Desgelijks gij vrouwen, zijt uw eigenen mannen onderdanig; opdat ook, zo enigen den Woorde ongehoorzaam zijn, zij door den wandel der vrouwen zonder woord mogen gewonnen worden;  2Als zij zullen ingezien hebben uw kuisen wandel in vreze.  3Welker versiersel zij, niet hetgeen uiterlijk is, bestaande in het vlechten des haars, en omhangen van goud, of van klederen aan te trekken;  4Maar de verborgen mens des harten, in het onverderfelijk versiersel van een zachtmoedigen en stillen geest, die kostelijk is voor God.  5Want alzo versierden zichzelven eertijds ook de heilige vrouwen, die op God hoopten, en waren haar eigen mannen onderdanig;  6Gelijk Sara aan Abraham gehoorzaam is geweest, hem noemende heer, welker dochters gij geworden zijt, als gij weldoet, en niet vreest voor enige verschrikking.  7Gij mannen, insgelijks, woont bij haar met verstand, aan het vrouwelijke vat, als het zwakste, eer gevende, als die ook mede-erfgenamen der genade des levens met haar zijt; opdat uw gebeden niet verhinderd worden.  8En eindelijk, zijt allen eensgezind, medelijdend, de broeders liefhebbende, met innerlijke barmhartigheid bewogen, vriendelijk;  9Vergeldt niet kwaad voor kwaad, of schelden voor schelden, maar zegent daarentegen; wetende, dat gij daartoe geroepen zijt, opdat gij zegening zoudt beërven.  10Want wie het leven wil liefhebben, en goede dagen zien, die stille zijn tong van het kwaad, en zijn lippen, dat zij geen bedrog spreken;  11Die wijke af van het kwade, en doe het goede; die zoeke vrede en jage denzelven na.  12Want de ogen des Heeren zijn over de rechtvaardigen, en Zijn oren tot hun gebed; maar het aangezicht des Heeren is tegen degenen, die kwaad doen.  13En wie is het, die u kwaad doen zal, indien gij navolgers zijt van het goede?  14Maar indien gij ook lijdt om der gerechtigheid wil, zo zijt gij zalig; en vreest niet uit vreze van hen, en wordt niet ontroerd;  15Maar heiligt God, den Heere, in uw harten; en zijt altijd bereid tot verantwoording aan een iegelijk, die u rekenschap afeist van de hoop, die in u is, met zachtmoedigheid en vreze.  16En hebt een goed geweten, opdat in hetgeen zij kwalijk van u spreken, als van kwaaddoeners, zij beschaamd mogen worden, die uw goeden wandel in Christus lasteren.  17Want het is beter, dat gij, weldoende, (indien het de wil van God wil) lijdt, dan kwaad doende.  18Want Christus heeft ook eens voor de zonden geleden, Hij rechtvaardig voor de onrechtvaardigen, opdat Hij ons tot God zou brengen; Die wel is gedood in het vlees, maar levend gemaakt door den Geest;  19In Denwelken Hij ook, henengegaan zijnde, den geesten, die in de gevangenis zijn, gepredikt heeft,  20Die eertijds ongehoorzaam waren, wanneer de lankmoedigheid Gods eenmaal verwachtte, in de dagen van Noach, als de ark toebereid werd; waarin weinige (dat is acht) zielen behouden werden door het water.  21Waarvan het tegenbeeld, de doop, ons nu ook behoudt, niet die een aflegging is der vuiligheid des lichaams, maar die een vraag is van een goed geweten tot God, door de opstanding van Jezus Christus;  22Welke is aan de rechterhand Gods, opgevaren ten hemel, de engelen, en machten, en krachten Hem onderdanig gemaakt zijnde."
      },
      {
        "book_name": "1 Petrus",
        "book": 60,
        "chapter": 3,
        "verse": 1,
        "text": "Desgelijks gij vrouwen, zijt uw eigenen mannen onderdanig; opdat ook, zo enigen den Woorde ongehoorzaam zijn, zij door den wandel der vrouwen zonder woord mogen gewonnen worden;"
      },
      {
        "book_name": "1 Petrus",
        "book": 60,
        "chapter": 3,
        "verse": 2,
        "text": "Als zij zullen ingezien hebben uw kuisen wandel in vreze."
      },
      {
        "book_name": "1 Petrus",
        "book": 60,
        "chapter": 3,
        "verse": 3,
        "text": "Welker versiersel zij, niet hetgeen uiterlijk is, bestaande in het vlechten des haars, en omhangen van goud, of van klederen aan te trekken;"
      },
      {
        "book_name": "1 Petrus",
        "book": 60,
        "chapter": 3,
        "verse": 4,
        "text": "Maar de verborgen mens des harten, in het onverderfelijk versiersel van een zachtmoedigen en stillen geest, die kostelijk is voor God."
      },
      {
        "book_name": "1 Petrus",
        "book": 60,
        "chapter": 3,
        "verse": 5,
        "text": "Want alzo versierden zichzelven eertijds ook de heilige vrouwen, die op God hoopten, en waren haar eigen mannen onderdanig;"
      },
      {
        "book_name": "1 Petrus",
        "book": 60,
        "chapter": 3,
        "verse": 6,
        "text": "Gelijk Sara aan Abraham gehoorzaam is geweest, hem noemende heer, welker dochters gij geworden zijt, als gij weldoet, en niet vreest voor enige verschrikking."
      },
      {
        "book_name": "1 Petrus",
        "book": 60,
        "chapter": 3,
        "verse": 7,
        "text": "Gij mannen, insgelijks, woont bij haar met verstand, aan het vrouwelijke vat, als het zwakste, eer gevende, als die ook mede-erfgenamen der genade des levens met haar zijt; opdat uw gebeden niet verhinderd worden."
      },
      {
        "book_name": "1 Petrus",
        "book": 60,
        "chapter": 3,
        "verse": 8,
        "text": "En eindelijk, zijt allen eensgezind, medelijdend, de broeders liefhebbende, met innerlijke barmhartigheid bewogen, vriendelijk;"
      },
      {
        "book_name": "1 Petrus",
        "book": 60,
        "chapter": 3,
        "verse": 9,
        "text": "Vergeldt niet kwaad voor kwaad, of schelden voor schelden, maar zegent daarentegen; wetende, dat gij daartoe geroepen zijt, opdat gij zegening zoudt beërven."
      },
      {
        "book_name": "1 Petrus",
        "book": 60,
        "chapter": 3,
        "verse": 10,
        "text": "Want wie het leven wil liefhebben, en goede dagen zien, die stille zijn tong van het kwaad, en zijn lippen, dat zij geen bedrog spreken;"
      },
      {
        "book_name": "1 Petrus",
        "book": 60,
        "chapter": 3,
        "verse": 11,
        "text": "Die wijke af van het kwade, en doe het goede; die zoeke vrede en jage denzelven na."
      },
      {
        "book_name": "1 Petrus",
        "book": 60,
        "chapter": 3,
        "verse": 12,
        "text": "Want de ogen des Heeren zijn over de rechtvaardigen, en Zijn oren tot hun gebed; maar het aangezicht des Heeren is tegen degenen, die kwaad doen."
      },
      {
        "book_name": "1 Petrus",
        "book": 60,
        "chapter": 3,
        "verse": 13,
        "text": "En wie is het, die u kwaad doen zal, indien gij navolgers zijt van het goede?"
      },
      {
        "book_name": "1 Petrus",
        "book": 60,
        "chapter": 3,
        "verse": 14,
        "text": "Maar indien gij ook lijdt om der gerechtigheid wil, zo zijt gij zalig; en vreest niet uit vreze van hen, en wordt niet ontroerd;"
      },
      {
        "book_name": "1 Petrus",
        "book": 60,
        "chapter": 3,
        "verse": 15,
        "text": "Maar heiligt God, den Heere, in uw harten; en zijt altijd bereid tot verantwoording aan een iegelijk, die u rekenschap afeist van de hoop, die in u is, met zachtmoedigheid en vreze."
      },
      {
        "book_name": "1 Petrus",
        "book": 60,
        "chapter": 3,
        "verse": 16,
        "text": "En hebt een goed geweten, opdat in hetgeen zij kwalijk van u spreken, als van kwaaddoeners, zij beschaamd mogen worden, die uw goeden wandel in Christus lasteren."
      },
      {
        "book_name": "1 Petrus",
        "book": 60,
        "chapter": 3,
        "verse": 17,
        "text": "Want het is beter, dat gij, weldoende, (indien het de wil van God wil) lijdt, dan kwaad doende."
      },
      {
        "book_name": "1 Petrus",
        "book": 60,
        "chapter": 3,
        "verse": 18,
        "text": "Want Christus heeft ook eens voor de zonden geleden, Hij rechtvaardig voor de onrechtvaardigen, opdat Hij ons tot God zou brengen; Die wel is gedood in het vlees, maar levend gemaakt door den Geest;"
      },
      {
        "book_name": "1 Petrus",
        "book": 60,
        "chapter": 3,
        "verse": 19,
        "text": "In Denwelken Hij ook, henengegaan zijnde, den geesten, die in de gevangenis zijn, gepredikt heeft,"
      },
      {
        "book_name": "1 Petrus",
        "book": 60,
        "chapter": 3,
        "verse": 20,
        "text": "Die eertijds ongehoorzaam waren, wanneer de lankmoedigheid Gods eenmaal verwachtte, in de dagen van Noach, als de ark toebereid werd; waarin weinige (dat is acht) zielen behouden werden door het water."
      },
      {
        "book_name": "1 Petrus",
        "book": 60,
        "chapter": 3,
        "verse": 21,
        "text": "Waarvan het tegenbeeld, de doop, ons nu ook behoudt, niet die een aflegging is der vuiligheid des lichaams, maar die een vraag is van een goed geweten tot God, door de opstanding van Jezus Christus;"
      },
      {
        "book_name": "1 Petrus",
        "book": 60,
        "chapter": 3,
        "verse": 22,
        "text": "Welke is aan de rechterhand Gods, opgevaren ten hemel, de engelen, en machten, en krachten Hem onderdanig gemaakt zijnde."
      }
    ],
    "4": [
      {
        "book_name": "1 Petrus",
        "book": 60,
        "chapter": 4,
        "verse": 1,
        "text": "1Dewijl dan Christus voor ons in het vlees geleden heeft, zo wapent gij u ook met dezelfde gedachte, namelijk dat wie in het vlees geleden heeft, die heeft opgehouden van de zonde;  2Om nu niet meer naar de begeerlijkheden der mensen, maar naar den wil van God, den tijd, die overig is in het vlees, te leven.  3Want het is ons genoeg, dat wij den voorgaande tijd des levens der heidenen wil volbracht hebben, en gewandeld hebben in ontuchtigheden, begeerlijkheden, wijnzuiperijen, brasserijen, drinkerijen en gruwelijke afgoderijen;  4Waarin zij zich vreemd houden, als gij niet medeloopt tot dezelfde uitgieting der overdadigheid, en u lasteren;  5Dewelke zullen rekenschap geven Dengene, Die bereid staat om te oordelen de levenden en de doden.  6Want daartoe is ook den doden het Evangelie verkondigd geworden, opdat zij wel zouden geoordeeld worden naar den mens in het vlees, maar leven zouden naar God in den geest.  7En het einde aller dingen is nabij; zijt dan nuchteren, en waakt in de gebeden.  8Maar vooral hebt vurige liefde tot elkander; want de liefde zal menigte van zonden bedekken.  9Zijt herbergzaam jegens elkander, zonder murmureren.  10Een iegelijk, gelijk hij gave ontvangen heeft, alzo bediene hij dezelve aan de anderen, als goede uitdelers der menigerlei genade Gods.  11Indien iemand spreekt, die spreke als de woorden Gods; indien iemand dient, die diene als uit kracht, die God verleent; opdat God in allen geprezen worde door Jezus Christus, Welken toekomt de heerlijkheid en de kracht, in alle eeuwigheid. Amen.  12Geliefden, houdt u niet vreemd over de hitte der verdrukking onder u, die u geschiedt tot verzoeking, alsof u iets vreemds overkwame;  13Maar gelijk gij gemeenschap hebt aan het lijden van Christus, alzo verblijdt u; opdat gij ook in de openbaring Zijner heerlijkheid u moogt verblijden en verheugen.  14Indien gij gesmaad wordt om den Naam van Christus, zo zijt gij zalig; want de Geest der heerlijkheid, en de Geest van God rust op u. Wat hen aangaat, Hij wordt wel gelasterd, maar wat u aangaat, Hij wordt verheerlijkt.  15Doch dat niemand van u lijde als een doodslager, of dief, of kwaaddoener, of als een, die zich met eens anders doen bemoeit;  16Maar indien iemand lijdt als een Christen, die schame zich niet, maar verheerlijke God in dezen dele.  17Want het is de tijd, dat het oordeel beginne van het huis Gods; en indien het eerst van ons begint, welk zal het einde zijn dergenen, die het Evangelie van God ongehoorzaam zijn?  18En indien de rechtvaardige nauwelijks zalig wordt, waar zal de goddeloze en zondaar verschijnen?  19Zo dan ook die lijden naar den wil van God, dat zij hun zielen Hem, als den getrouwen Schepper, bevelen met weldoen."
      },
      {
        "book_name": "1 Petrus",
        "book": 60,
        "chapter": 4,
        "verse": 1,
        "text": "Dewijl dan Christus voor ons in het vlees geleden heeft, zo wapent gij u ook met dezelfde gedachte, namelijk dat wie in het vlees geleden heeft, die heeft opgehouden van de zonde;"
      },
      {
        "book_name": "1 Petrus",
        "book": 60,
        "chapter": 4,
        "verse": 2,
        "text": "Om nu niet meer naar de begeerlijkheden der mensen, maar naar den wil van God, den tijd, die overig is in het vlees, te leven."
      },
      {
        "book_name": "1 Petrus",
        "book": 60,
        "chapter": 4,
        "verse": 3,
        "text": "Want het is ons genoeg, dat wij den voorgaande tijd des levens der heidenen wil volbracht hebben, en gewandeld hebben in ontuchtigheden, begeerlijkheden, wijnzuiperijen, brasserijen, drinkerijen en gruwelijke afgoderijen;"
      },
      {
        "book_name": "1 Petrus",
        "book": 60,
        "chapter": 4,
        "verse": 4,
        "text": "Waarin zij zich vreemd houden, als gij niet medeloopt tot dezelfde uitgieting der overdadigheid, en u lasteren;"
      },
      {
        "book_name": "1 Petrus",
        "book": 60,
        "chapter": 4,
        "verse": 5,
        "text": "Dewelke zullen rekenschap geven Dengene, Die bereid staat om te oordelen de levenden en de doden."
      },
      {
        "book_name": "1 Petrus",
        "book": 60,
        "chapter": 4,
        "verse": 6,
        "text": "Want daartoe is ook den doden het Evangelie verkondigd geworden, opdat zij wel zouden geoordeeld worden naar den mens in het vlees, maar leven zouden naar God in den geest."
      },
      {
        "book_name": "1 Petrus",
        "book": 60,
        "chapter": 4,
        "verse": 7,
        "text": "En het einde aller dingen is nabij; zijt dan nuchteren, en waakt in de gebeden."
      },
      {
        "book_name": "1 Petrus",
        "book": 60,
        "chapter": 4,
        "verse": 8,
        "text": "Maar vooral hebt vurige liefde tot elkander; want de liefde zal menigte van zonden bedekken."
      },
      {
        "book_name": "1 Petrus",
        "book": 60,
        "chapter": 4,
        "verse": 9,
        "text": "Zijt herbergzaam jegens elkander, zonder murmureren."
      },
      {
        "book_name": "1 Petrus",
        "book": 60,
        "chapter": 4,
        "verse": 10,
        "text": "Een iegelijk, gelijk hij gave ontvangen heeft, alzo bediene hij dezelve aan de anderen, als goede uitdelers der menigerlei genade Gods."
      },
      {
        "book_name": "1 Petrus",
        "book": 60,
        "chapter": 4,
        "verse": 11,
        "text": "Indien iemand spreekt, die spreke als de woorden Gods; indien iemand dient, die diene als uit kracht, die God verleent; opdat God in allen geprezen worde door Jezus Christus, Welken toekomt de heerlijkheid en de kracht, in alle eeuwigheid. Amen."
      },
      {
        "book_name": "1 Petrus",
        "book": 60,
        "chapter": 4,
        "verse": 12,
        "text": "Geliefden, houdt u niet vreemd over de hitte der verdrukking onder u, die u geschiedt tot verzoeking, alsof u iets vreemds overkwame;"
      },
      {
        "book_name": "1 Petrus",
        "book": 60,
        "chapter": 4,
        "verse": 13,
        "text": "Maar gelijk gij gemeenschap hebt aan het lijden van Christus, alzo verblijdt u; opdat gij ook in de openbaring Zijner heerlijkheid u moogt verblijden en verheugen."
      },
      {
        "book_name": "1 Petrus",
        "book": 60,
        "chapter": 4,
        "verse": 14,
        "text": "Indien gij gesmaad wordt om den Naam van Christus, zo zijt gij zalig; want de Geest der heerlijkheid, en de Geest van God rust op u. Wat hen aangaat, Hij wordt wel gelasterd, maar wat u aangaat, Hij wordt verheerlijkt."
      },
      {
        "book_name": "1 Petrus",
        "book": 60,
        "chapter": 4,
        "verse": 15,
        "text": "Doch dat niemand van u lijde als een doodslager, of dief, of kwaaddoener, of als een, die zich met eens anders doen bemoeit;"
      },
      {
        "book_name": "1 Petrus",
        "book": 60,
        "chapter": 4,
        "verse": 16,
        "text": "Maar indien iemand lijdt als een Christen, die schame zich niet, maar verheerlijke God in dezen dele."
      },
      {
        "book_name": "1 Petrus",
        "book": 60,
        "chapter": 4,
        "verse": 17,
        "text": "Want het is de tijd, dat het oordeel beginne van het huis Gods; en indien het eerst van ons begint, welk zal het einde zijn dergenen, die het Evangelie van God ongehoorzaam zijn?"
      },
      {
        "book_name": "1 Petrus",
        "book": 60,
        "chapter": 4,
        "verse": 18,
        "text": "En indien de rechtvaardige nauwelijks zalig wordt, waar zal de goddeloze en zondaar verschijnen?"
      },
      {
        "book_name": "1 Petrus",
        "book": 60,
        "chapter": 4,
        "verse": 19,
        "text": "Zo dan ook die lijden naar den wil van God, dat zij hun zielen Hem, als den getrouwen Schepper, bevelen met weldoen."
      }
    ],
    "5": [
      {
        "book_name": "1 Petrus",
        "book": 60,
        "chapter": 5,
        "verse": 1,
        "text": "1De ouderlingen, die onder u zijn, vermaan ik, die een medeouderling, en getuige des lijdens van Christus ben, en deelachtig der heerlijkheid, die geopenbaard zal worden:  2Weidt de kudde Gods, die onder u is, hebbende opzicht daarover, niet uit bedwang, maar gewilliglijk; noch om vuil gewin, maar met een volvaardig gemoed;  3Noch als heerschappij voerende over het erfdeel des Heeren, maar als voorbeelden der kudde geworden zijnde.  4En als de overste Herder verschenen zal zijn, zo zult gij de onverwelkelijke kroon der heerlijkheid behalen.  5Desgelijks gij jongen, zijt den ouden onderdanig; en zijt allen elkander onderdanig; zijt met de ootmoedigheid bekleed; want God wederstaat de hovaardigen, maar den nederigen geeft Hij genade.  6Vernedert u dan onder de krachtige hand Gods, opdat Hij u verhoge te Zijner tijd.  7Werpt al uw bekommernis op Hem, want Hij zorgt voor u.  8Zijt nuchteren, en waakt; want uw tegenpartij, de duivel, gaat om als een briesende leeuw, zoekende, wien hij zou mogen verslinden;  9Denwelken wederstaat, vast zijnde in het geloof, wetende, dat hetzelfde lijden aan uw broederschap, die in de wereld is, volbracht wordt.  10De God nu aller genade, Die ons geroepen heeft tot Zijn eeuwige heerlijkheid in Christus Jezus, nadat wij een weinig tijds zullen geleden hebben, Dezelve volmake, bevestige, versterke, en fondere ulieden.  11Hem zij de heerlijkheid en de kracht in alle eeuwigheid. Amen.  12Door Silvánus, die u een getrouw broeder is, zo ik acht, heb ik met weinige woorden geschreven, vermanende en betuigende, dat deze is de waarachtige genade Gods, in welke gij staat.  13U groet de mede-uitverkorene Gemeente, die in Babylon is, en Markus, mijn zoon.  14Groet elkander met een kus der liefde. Vrede zij u allen, die in Christus Jezus zijt. Amen."
      },
      {
        "book_name": "1 Petrus",
        "book": 60,
        "chapter": 5,
        "verse": 1,
        "text": "De ouderlingen, die onder u zijn, vermaan ik, die een medeouderling, en getuige des lijdens van Christus ben, en deelachtig der heerlijkheid, die geopenbaard zal worden:"
      },
      {
        "book_name": "1 Petrus",
        "book": 60,
        "chapter": 5,
        "verse": 2,
        "text": "Weidt de kudde Gods, die onder u is, hebbende opzicht daarover, niet uit bedwang, maar gewilliglijk; noch om vuil gewin, maar met een volvaardig gemoed;"
      },
      {
        "book_name": "1 Petrus",
        "book": 60,
        "chapter": 5,
        "verse": 3,
        "text": "Noch als heerschappij voerende over het erfdeel des Heeren, maar als voorbeelden der kudde geworden zijnde."
      },
      {
        "book_name": "1 Petrus",
        "book": 60,
        "chapter": 5,
        "verse": 4,
        "text": "En als de overste Herder verschenen zal zijn, zo zult gij de onverwelkelijke kroon der heerlijkheid behalen."
      },
      {
        "book_name": "1 Petrus",
        "book": 60,
        "chapter": 5,
        "verse": 5,
        "text": "Desgelijks gij jongen, zijt den ouden onderdanig; en zijt allen elkander onderdanig; zijt met de ootmoedigheid bekleed; want God wederstaat de hovaardigen, maar den nederigen geeft Hij genade."
      },
      {
        "book_name": "1 Petrus",
        "book": 60,
        "chapter": 5,
        "verse": 6,
        "text": "Vernedert u dan onder de krachtige hand Gods, opdat Hij u verhoge te Zijner tijd."
      },
      {
        "book_name": "1 Petrus",
        "book": 60,
        "chapter": 5,
        "verse": 7,
        "text": "Werpt al uw bekommernis op Hem, want Hij zorgt voor u."
      },
      {
        "book_name": "1 Petrus",
        "book": 60,
        "chapter": 5,
        "verse": 8,
        "text": "Zijt nuchteren, en waakt; want uw tegenpartij, de duivel, gaat om als een briesende leeuw, zoekende, wien hij zou mogen verslinden;"
      },
      {
        "book_name": "1 Petrus",
        "book": 60,
        "chapter": 5,
        "verse": 9,
        "text": "Denwelken wederstaat, vast zijnde in het geloof, wetende, dat hetzelfde lijden aan uw broederschap, die in de wereld is, volbracht wordt."
      },
      {
        "book_name": "1 Petrus",
        "book": 60,
        "chapter": 5,
        "verse": 10,
        "text": "De God nu aller genade, Die ons geroepen heeft tot Zijn eeuwige heerlijkheid in Christus Jezus, nadat wij een weinig tijds zullen geleden hebben, Dezelve volmake, bevestige, versterke, en fondere ulieden."
      },
      {
        "book_name": "1 Petrus",
        "book": 60,
        "chapter": 5,
        "verse": 11,
        "text": "Hem zij de heerlijkheid en de kracht in alle eeuwigheid. Amen."
      },
      {
        "book_name": "1 Petrus",
        "book": 60,
        "chapter": 5,
        "verse": 12,
        "text": "Door Silvánus, die u een getrouw broeder is, zo ik acht, heb ik met weinige woorden geschreven, vermanende en betuigende, dat deze is de waarachtige genade Gods, in welke gij staat."
      },
      {
        "book_name": "1 Petrus",
        "book": 60,
        "chapter": 5,
        "verse": 13,
        "text": "U groet de mede-uitverkorene Gemeente, die in Babylon is, en Markus, mijn zoon."
      },
      {
        "book_name": "1 Petrus",
        "book": 60,
        "chapter": 5,
        "verse": 14,
        "text": "Groet elkander met een kus der liefde. Vrede zij u allen, die in Christus Jezus zijt. Amen."
      }
    ]
  }
}