{
  "source": "bible.com",
  "version": "Statenvertaling (1750)",
  "book": "1 Thessalonicenzen",
  "chapters": {
    "1": [
      {
        "book_name": "1 Thessalonicenzen",
        "book": 52,
        "chapter": 1,
        "verse": 1,
        "text": "1Paulus, en Silvánus, en Timotheüs, aan de Gemeente der Thessalonicensen, welke is in God den Vader, en den Heere Jezus Christus: genade zij u en vrede van God, onzen Vader, en den Heere Jezus Christus.  2Wij danken God altijd over u allen, uwer gedachtig zijnde in onze gebeden;  3Zonder ophouden gedenkende het werk uws geloofs, en den arbeid der liefde, en de verdraagzaamheid der hoop op onzen Heere Jezus Christus, voor onzen God en Vader;  4Wetende, geliefde broeders, uw verkiezing van God;  5Want ons Evangelie is onder u niet alleen in woorden geweest, maar ook in kracht, en in den Heiligen Geest, en in vele verzekerdheid; gelijk gij weet, hoedanigen wij onder u geweest zijn om uwentwil.  6En gij zijt onze navolgers geworden, en des Heeren, het Woord aangenomen hebbende in vele verdrukking, met blijdschap des Heiligen Geestes;  7Alzo dat gij voorbeelden geworden zijt al den gelovigen in Macedonië en Achaje.  8Want van u is het Woord des Heeren luidbaar geworden niet alleen in Macedonië en Achaje; maar ook in alle plaatsen is uw geloof, dat gij op God hebt, uitgegaan, zodat wij niet van node hebben, iets daarvan te spreken.  9Want zijzelven verkondigen van ons, hoedanigen ingang wij tot u hebben, en hoe gij tot God bekeerd zijt van de afgoden, om den levenden en waarachtigen God te dienen;  10En Zijn Zoon uit de hemelen te verwachten, Denwelken Hij uit de doden verwekt heeft, namelijk Jezus, Die ons verlost van den toekomenden toorn."
      },
      {
        "book_name": "1 Thessalonicenzen",
        "book": 52,
        "chapter": 1,
        "verse": 1,
        "text": "Paulus, en Silvánus, en Timotheüs, aan de Gemeente der Thessalonicensen, welke is in God den Vader, en den Heere Jezus Christus: genade zij u en vrede van God, onzen Vader, en den Heere Jezus Christus."
      },
      {
        "book_name": "1 Thessalonicenzen",
        "book": 52,
        "chapter": 1,
        "verse": 2,
        "text": "Wij danken God altijd over u allen, uwer gedachtig zijnde in onze gebeden;"
      },
      {
        "book_name": "1 Thessalonicenzen",
        "book": 52,
        "chapter": 1,
        "verse": 3,
        "text": "Zonder ophouden gedenkende het werk uws geloofs, en den arbeid der liefde, en de verdraagzaamheid der hoop op onzen Heere Jezus Christus, voor onzen God en Vader;"
      },
      {
        "book_name": "1 Thessalonicenzen",
        "book": 52,
        "chapter": 1,
        "verse": 4,
        "text": "Wetende, geliefde broeders, uw verkiezing van God;"
      },
      {
        "book_name": "1 Thessalonicenzen",
        "book": 52,
        "chapter": 1,
        "verse": 5,
        "text": "Want ons Evangelie is onder u niet alleen in woorden geweest, maar ook in kracht, en in den Heiligen Geest, en in vele verzekerdheid; gelijk gij weet, hoedanigen wij onder u geweest zijn om uwentwil."
      },
      {
        "book_name": "1 Thessalonicenzen",
        "book": 52,
        "chapter": 1,
        "verse": 6,
        "text": "En gij zijt onze navolgers geworden, en des Heeren, het Woord aangenomen hebbende in vele verdrukking, met blijdschap des Heiligen Geestes;"
      },
      {
        "book_name": "1 Thessalonicenzen",
        "book": 52,
        "chapter": 1,
        "verse": 7,
        "text": "Alzo dat gij voorbeelden geworden zijt al den gelovigen in Macedonië en Achaje."
      },
      {
        "book_name": "1 Thessalonicenzen",
        "book": 52,
        "chapter": 1,
        "verse": 8,
        "text": "Want van u is het Woord des Heeren luidbaar geworden niet alleen in Macedonië en Achaje; maar ook in alle plaatsen is uw geloof, dat gij op God hebt, uitgegaan, zodat wij niet van node hebben, iets daarvan te spreken."
      },
      {
        "book_name": "1 Thessalonicenzen",
        "book": 52,
        "chapter": 1,
        "verse": 9,
        "text": "Want zijzelven verkondigen van ons, hoedanigen ingang wij tot u hebben, en hoe gij tot God bekeerd zijt van de afgoden, om den levenden en waarachtigen God te dienen;"
      },
      {
        "book_name": "1 Thessalonicenzen",
        "book": 52,
        "chapter": 1,
        "verse": 10,
        "text": "En Zijn Zoon uit de hemelen te verwachten, Denwelken Hij uit de doden verwekt heeft, namelijk Jezus, Die ons verlost van den toekomenden toorn."
      }
    ],
    "2": [
      {
        "book_name": "1 Thessalonicenzen",
        "book": 52,
        "chapter": 2,
        "verse": 1,
        "text": "1Want gij weet zelven, broeders, onzen ingang tot u, dat die niet ijdel is geweest;  2Maar, hoewel wij te voren geleden hadden, en ook ons smaadheid aangedaan was, gelijk gij weet, te Filippi, zo hebben wij nochtans vrijmoedigheid gebruikt in onzen God, om het Evangelie van God tot u te spreken in veel strijds.  3Want onze vermaning is niet geweest uit verleiding, noch uit onreinigheid, noch met bedrog;  4Maar, gelijk wij van God beproefd zijn geweest, dat ons het Evangelie zou toebetrouwd worden, alzo spreken wij, niet als mensen behagende, maar Gode, Die onze harten beproeft.  5Want wij hebben nooit met pluimstrijkende woorden omgegaan, gelijk gij weet, noch met enig bedeksel van gierigheid; God is getuige!  6Noch zoekende eer uit mensen, noch van u, noch van anderen; hoewel wij u tot last konden zijn als Christus’ apostelen;  7Maar wij zijn vriendelijk geweest in het midden van u, gelijk als een voedster haar kinderen koestert;  8Alzo wij, tot u zeer genegen zijnde, hebben u gaarne willen mededelen niet alleen het Evangelie van God, maar ook onze eigen zielen, daarom dat gij ons lief geworden waart.  9Want gij gedenkt, broeders, onzen arbeid en moeite; want nacht en dag werkende, opdat wij niemand onder u zouden lastig zijn, hebben wij het Evangelie van God onder u gepredikt.  10Gij zijt getuigen, en God, hoe heilig, en rechtvaardig, en onberispelijk wij u, die gelooft, geweest zijn.  11Gelijk gij weet, hoe wij een iegelijk van u, als een vader zijn kinderen, vermaanden en vertroostten,  12En betuigden, dat gij zoudt wandelen, waardiglijk Gode, Die u roept tot Zijn Koninkrijk en heerlijkheid.  13Daarom danken wij ook God zonder ophouden, dat, als gij het Woord der prediking van God van ons ontvangen hebt, gij dat aangenomen hebt, niet als der mensen woord, maar (gelijk het waarlijk is) als Gods Woord, dat ook werkt in u, die gelooft.  14Want gij, broeders, zijt navolgers geworden der Gemeenten Gods, die in Judéa zijn, in Christus Jezus; dewijl ook gij hetzelfde geleden hebt van uw eigen medeburgers, gelijk als zij van de Joden;  15Welke ook gedood hebben den Heere Jezus, en hun eigen profeten; en ons hebben vervolgd, en Gode niet behagen, en allen mensen tegen zijn;  16En verhinderen ons te spreken tot de heidenen, dat zij zalig mochten worden; opdat zij te allen tijd hun zonden vervullen zouden. En de toorn is over hen gekomen tot het einde.  17Maar wij, broeders, van u beroofd geweest zijnde voor een kleine wijle tijds, naar het aangezicht, niet naar het hart, hebben ons te overvloediger benaarstigd, om uw aangezicht te zien, met grote begeerte.  18Daarom hebben wij tot u willen komen (immers ik Paulus) eenmaal en andermaal, maar de satanas heeft ons belet.  19Want welke is onze hoop, of blijdschap, of kroon des roems? Zijt gij die ook niet voor onzen Heere Jezus Christus in Zijn toekomst?  20Want gij zijt onze heerlijkheid en blijdschap."
      },
      {
        "book_name": "1 Thessalonicenzen",
        "book": 52,
        "chapter": 2,
        "verse": 1,
        "text": "Want gij weet zelven, broeders, onzen ingang tot u, dat die niet ijdel is geweest;"
      },
      {
        "book_name": "1 Thessalonicenzen",
        "book": 52,
        "chapter": 2,
        "verse": 2,
        "text": "Maar, hoewel wij te voren geleden hadden, en ook ons smaadheid aangedaan was, gelijk gij weet, te Filippi, zo hebben wij nochtans vrijmoedigheid gebruikt in onzen God, om het Evangelie van God tot u te spreken in veel strijds."
      },
      {
        "book_name": "1 Thessalonicenzen",
        "book": 52,
        "chapter": 2,
        "verse": 3,
        "text": "Want onze vermaning is niet geweest uit verleiding, noch uit onreinigheid, noch met bedrog;"
      },
      {
        "book_name": "1 Thessalonicenzen",
        "book": 52,
        "chapter": 2,
        "verse": 4,
        "text": "Maar, gelijk wij van God beproefd zijn geweest, dat ons het Evangelie zou toebetrouwd worden, alzo spreken wij, niet als mensen behagende, maar Gode, Die onze harten beproeft."
      },
      {
        "book_name": "1 Thessalonicenzen",
        "book": 52,
        "chapter": 2,
        "verse": 5,
        "text": "Want wij hebben nooit met pluimstrijkende woorden omgegaan, gelijk gij weet, noch met enig bedeksel van gierigheid; God is getuige!"
      },
      {
        "book_name": "1 Thessalonicenzen",
        "book": 52,
        "chapter": 2,
        "verse": 6,
        "text": "Noch zoekende eer uit mensen, noch van u, noch van anderen; hoewel wij u tot last konden zijn als Christus’ apostelen;"
      },
      {
        "book_name": "1 Thessalonicenzen",
        "book": 52,
        "chapter": 2,
        "verse": 7,
        "text": "Maar wij zijn vriendelijk geweest in het midden van u, gelijk als een voedster haar kinderen koestert;"
      },
      {
        "book_name": "1 Thessalonicenzen",
        "book": 52,
        "chapter": 2,
        "verse": 8,
        "text": "Alzo wij, tot u zeer genegen zijnde, hebben u gaarne willen mededelen niet alleen het Evangelie van God, maar ook onze eigen zielen, daarom dat gij ons lief geworden waart."
      },
      {
        "book_name": "1 Thessalonicenzen",
        "book": 52,
        "chapter": 2,
        "verse": 9,
        "text": "Want gij gedenkt, broeders, onzen arbeid en moeite; want nacht en dag werkende, opdat wij niemand onder u zouden lastig zijn, hebben wij het Evangelie van God onder u gepredikt."
      },
      {
        "book_name": "1 Thessalonicenzen",
        "book": 52,
        "chapter": 2,
        "verse": 10,
        "text": "Gij zijt getuigen, en God, hoe heilig, en rechtvaardig, en onberispelijk wij u, die gelooft, geweest zijn."
      },
      {
        "book_name": "1 Thessalonicenzen",
        "book": 52,
        "chapter": 2,
        "verse": 11,
        "text": "Gelijk gij weet, hoe wij een iegelijk van u, als een vader zijn kinderen, vermaanden en vertroostten,"
      },
      {
        "book_name": "1 Thessalonicenzen",
        "book": 52,
        "chapter": 2,
        "verse": 12,
        "text": "En betuigden, dat gij zoudt wandelen, waardiglijk Gode, Die u roept tot Zijn Koninkrijk en heerlijkheid."
      },
      {
        "book_name": "1 Thessalonicenzen",
        "book": 52,
        "chapter": 2,
        "verse": 13,
        "text": "Daarom danken wij ook God zonder ophouden, dat, als gij het Woord der prediking van God van ons ontvangen hebt, gij dat aangenomen hebt, niet als der mensen woord, maar (gelijk het waarlijk is) als Gods Woord, dat ook werkt in u, die gelooft."
      },
      {
        "book_name": "1 Thessalonicenzen",
        "book": 52,
        "chapter": 2,
        "verse": 14,
        "text": "Want gij, broeders, zijt navolgers geworden der Gemeenten Gods, die in Judéa zijn, in Christus Jezus; dewijl ook gij hetzelfde geleden hebt van uw eigen medeburgers, gelijk als zij van de Joden;"
      },
      {
        "book_name": "1 Thessalonicenzen",
        "book": 52,
        "chapter": 2,
        "verse": 15,
        "text": "Welke ook gedood hebben den Heere Jezus, en hun eigen profeten; en ons hebben vervolgd, en Gode niet behagen, en allen mensen tegen zijn;"
      },
      {
        "book_name": "1 Thessalonicenzen",
        "book": 52,
        "chapter": 2,
        "verse": 16,
        "text": "En verhinderen ons te spreken tot de heidenen, dat zij zalig mochten worden; opdat zij te allen tijd hun zonden vervullen zouden. En de toorn is over hen gekomen tot het einde."
      },
      {
        "book_name": "1 Thessalonicenzen",
        "book": 52,
        "chapter": 2,
        "verse": 17,
        "text": "Maar wij, broeders, van u beroofd geweest zijnde voor een kleine wijle tijds, naar het aangezicht, niet naar het hart, hebben ons te overvloediger benaarstigd, om uw aangezicht te zien, met grote begeerte."
      },
      {
        "book_name": "1 Thessalonicenzen",
        "book": 52,
        "chapter": 2,
        "verse": 18,
        "text": "Daarom hebben wij tot u willen komen (immers ik Paulus) eenmaal en andermaal, maar de satanas heeft ons belet."
      },
      {
        "book_name": "1 Thessalonicenzen",
        "book": 52,
        "chapter": 2,
        "verse": 19,
        "text": "Want welke is onze hoop, of blijdschap, of kroon des roems? Zijt gij die ook niet voor onzen Heere Jezus Christus in Zijn toekomst?"
      },
      {
        "book_name": "1 Thessalonicenzen",
        "book": 52,
        "chapter": 2,
        "verse": 20,
        "text": "Want gij zijt onze heerlijkheid en blijdschap."
      }
    ],
    "3": [
      {
        "book_name": "1 Thessalonicenzen",
        "book": 52,
        "chapter": 3,
        "verse": 1,
        "text": "1Daarom, deze begeerte niet langer kunnende verdragen, hebben wij gaarne willen te Athene alleen gelaten worden;  2En hebben gezonden Timotheüs, onzen broeder, en Gods dienaar, en onzen medearbeider in het Evangelie van Christus, om u te versterken, en u te vermanen van uw geloof;  3Opdat niemand bewogen worde in deze verdrukkingen; want gij weet zelven, dat wij hiertoe gesteld zijn.  4Want ook, toen wij bij u waren, voorzeiden wij u, dat wij zouden verdrukt worden, gelijk ook geschied is, en gij weet het.  5Daarom ook deze begeerte niet langer kunnende verdragen, heb ik hem gezonden, om uw geloof te verstaan; of niet misschien de verzoeker u zou verzocht hebben, en onze arbeid ijdel zou wezen.  6Maar als Timotheüs nu van ulieden tot ons gekomen was, en ons de goede boodschap gebracht had van uw geloof en liefde, en dat gij altijd goede gedachtenis van ons hebt, zeer begerig zijnde om ons te zien, gelijk wij ook om ulieden;  7Zo zijn wij daarom, broeders, over u in al onze verdrukking en nood vertroost geworden door uw geloof;  8Want nu leven wij, indien gij vast staat in den Heere.  9Want wat dankzegging kunnen wij Gode tot vergelding wedergeven voor u, vanwege al de blijdschap, waarmede wij ons om uwentwil verblijden voor onzen God?  10Nacht en dag zeer overvloediglijk biddende, om uw aangezicht te mogen zien, en te volmaken, hetgeen aan uw geloof ontbreekt.  11Doch onze God en Vader Zelf, en onze Heere Jezus Christus richte onzen weg tot u.  12En de Heere vermeerdere u, en make u overvloedig in de liefde jegens elkander en jegens allen, gelijk wij ook zijn jegens u;  13Opdat Hij uw harten versterke, om onberispelijk te zijn in heiligmaking, voor onzen God en Vader, in de toekomst van onzen Heere Jezus Christus met al Zijn heiligen."
      },
      {
        "book_name": "1 Thessalonicenzen",
        "book": 52,
        "chapter": 3,
        "verse": 1,
        "text": "Daarom, deze begeerte niet langer kunnende verdragen, hebben wij gaarne willen te Athene alleen gelaten worden;"
      },
      {
        "book_name": "1 Thessalonicenzen",
        "book": 52,
        "chapter": 3,
        "verse": 2,
        "text": "En hebben gezonden Timotheüs, onzen broeder, en Gods dienaar, en onzen medearbeider in het Evangelie van Christus, om u te versterken, en u te vermanen van uw geloof;"
      },
      {
        "book_name": "1 Thessalonicenzen",
        "book": 52,
        "chapter": 3,
        "verse": 3,
        "text": "Opdat niemand bewogen worde in deze verdrukkingen; want gij weet zelven, dat wij hiertoe gesteld zijn."
      },
      {
        "book_name": "1 Thessalonicenzen",
        "book": 52,
        "chapter": 3,
        "verse": 4,
        "text": "Want ook, toen wij bij u waren, voorzeiden wij u, dat wij zouden verdrukt worden, gelijk ook geschied is, en gij weet het."
      },
      {
        "book_name": "1 Thessalonicenzen",
        "book": 52,
        "chapter": 3,
        "verse": 5,
        "text": "Daarom ook deze begeerte niet langer kunnende verdragen, heb ik hem gezonden, om uw geloof te verstaan; of niet misschien de verzoeker u zou verzocht hebben, en onze arbeid ijdel zou wezen."
      },
      {
        "book_name": "1 Thessalonicenzen",
        "book": 52,
        "chapter": 3,
        "verse": 6,
        "text": "Maar als Timotheüs nu van ulieden tot ons gekomen was, en ons de goede boodschap gebracht had van uw geloof en liefde, en dat gij altijd goede gedachtenis van ons hebt, zeer begerig zijnde om ons te zien, gelijk wij ook om ulieden;"
      },
      {
        "book_name": "1 Thessalonicenzen",
        "book": 52,
        "chapter": 3,
        "verse": 7,
        "text": "Zo zijn wij daarom, broeders, over u in al onze verdrukking en nood vertroost geworden door uw geloof;"
      },
      {
        "book_name": "1 Thessalonicenzen",
        "book": 52,
        "chapter": 3,
        "verse": 8,
        "text": "Want nu leven wij, indien gij vast staat in den Heere."
      },
      {
        "book_name": "1 Thessalonicenzen",
        "book": 52,
        "chapter": 3,
        "verse": 9,
        "text": "Want wat dankzegging kunnen wij Gode tot vergelding wedergeven voor u, vanwege al de blijdschap, waarmede wij ons om uwentwil verblijden voor onzen God?"
      },
      {
        "book_name": "1 Thessalonicenzen",
        "book": 52,
        "chapter": 3,
        "verse": 10,
        "text": "Nacht en dag zeer overvloediglijk biddende, om uw aangezicht te mogen zien, en te volmaken, hetgeen aan uw geloof ontbreekt."
      },
      {
        "book_name": "1 Thessalonicenzen",
        "book": 52,
        "chapter": 3,
        "verse": 11,
        "text": "Doch onze God en Vader Zelf, en onze Heere Jezus Christus richte onzen weg tot u."
      },
      {
        "book_name": "1 Thessalonicenzen",
        "book": 52,
        "chapter": 3,
        "verse": 12,
        "text": "En de Heere vermeerdere u, en make u overvloedig in de liefde jegens elkander en jegens allen, gelijk wij ook zijn jegens u;"
      },
      {
        "book_name": "1 Thessalonicenzen",
        "book": 52,
        "chapter": 3,
        "verse": 13,
        "text": "Opdat Hij uw harten versterke, om onberispelijk te zijn in heiligmaking, voor onzen God en Vader, in de toekomst van onzen Heere Jezus Christus met al Zijn heiligen."
      }
    ],
    "4": [
      {
        "book_name": "1 Thessalonicenzen",
        "book": 52,
        "chapter": 4,
        "verse": 1,
        "text": "1Voorts dan, broeders, wij bidden en vermanen u in den Heere Jezus, gelijk gij van ons ontvangen hebt, hoe gij moet wandelen en Gode behagen, dat gij daarin meer overvloedig wordt.  2Want gij weet, wat bevelen wij u gegeven hebben door den Heere Jezus.  3Want dit is de wil van God, uw heiligmaking: dat gij u onthoudt van de hoererij;  4Dat een iegelijk van u wete zijn vat te bezitten in heiligmaking en eer;  5Niet in kwade beweging der begeerlijkheid, gelijk als de heidenen, die God niet kennen.  6Dat niemand zijn broeder vertrede, noch bedriege in zijn handeling; want de Heere is een wreker over dit alles, gelijk wij u ook te voren gezegd en betuigd hebben.  7Want God heeft ons niet geroepen tot onreinigheid, maar tot heiligmaking.  8Zo dan die dit verwerpt, die verwerpt geen mens, maar God, Die ook Zijn Heiligen Geest in ons heeft gegeven.  9Van de broederlijke liefde nu hebt gij niet van node, dat ik u schrijve; want gij zelven zijt van God geleerd om elkander lief te hebben.  10Want gij doet ook hetzelfde aan al de broederen, die in geheel Macedonië zijn. Maar wij vermanen u, broeders, dat gij meer overvloedig wordt;  11En dat gij u benaarstigt stil te zijn, en uw eigen dingen te doen, en te werken met uw eigen handen, gelijk wij u bevolen hebben;  12Opdat gij eerlijk wandelt bij degenen, die buiten zijn, en geen ding van node hebt.  13Doch, broeders, ik wil niet, dat gij onwetende zijt van degenen, die ontslapen zijn, opdat gij niet bedroefd zijt, gelijk als de anderen, die geen hoop hebben.  14Want indien wij geloven, dat Jezus gestorven is en opgestaan, alzo zal ook God degenen, die ontslapen zijn in Jezus, wederbrengen met Hem.  15Want dat zeggen wij u door het Woord des Heeren, dat wij, die levend overblijven zullen tot de toekomst des Heeren, niet zullen voorkomen degenen, die ontslapen zijn.  16Want de Heere Zelf zal met een geroep, met de stem des archangels, en met de bazuin Gods nederdalen van den hemel; en die in Christus gestorven zijn, zullen eerst opstaan;  17Daarna wij, die levend overgebleven zijn, zullen te zamen met hen opgenomen worden in de wolken, den Heere tegemoet, in de lucht; en alzo zullen wij altijd met den Heere wezen.  18Zo dan, vertroost elkander met deze woorden."
      },
      {
        "book_name": "1 Thessalonicenzen",
        "book": 52,
        "chapter": 4,
        "verse": 1,
        "text": "Voorts dan, broeders, wij bidden en vermanen u in den Heere Jezus, gelijk gij van ons ontvangen hebt, hoe gij moet wandelen en Gode behagen, dat gij daarin meer overvloedig wordt."
      },
      {
        "book_name": "1 Thessalonicenzen",
        "book": 52,
        "chapter": 4,
        "verse": 2,
        "text": "Want gij weet, wat bevelen wij u gegeven hebben door den Heere Jezus."
      },
      {
        "book_name": "1 Thessalonicenzen",
        "book": 52,
        "chapter": 4,
        "verse": 3,
        "text": "Want dit is de wil van God, uw heiligmaking: dat gij u onthoudt van de hoererij;"
      },
      {
        "book_name": "1 Thessalonicenzen",
        "book": 52,
        "chapter": 4,
        "verse": 4,
        "text": "Dat een iegelijk van u wete zijn vat te bezitten in heiligmaking en eer;"
      },
      {
        "book_name": "1 Thessalonicenzen",
        "book": 52,
        "chapter": 4,
        "verse": 5,
        "text": "Niet in kwade beweging der begeerlijkheid, gelijk als de heidenen, die God niet kennen."
      },
      {
        "book_name": "1 Thessalonicenzen",
        "book": 52,
        "chapter": 4,
        "verse": 6,
        "text": "Dat niemand zijn broeder vertrede, noch bedriege in zijn handeling; want de Heere is een wreker over dit alles, gelijk wij u ook te voren gezegd en betuigd hebben."
      },
      {
        "book_name": "1 Thessalonicenzen",
        "book": 52,
        "chapter": 4,
        "verse": 7,
        "text": "Want God heeft ons niet geroepen tot onreinigheid, maar tot heiligmaking."
      },
      {
        "book_name": "1 Thessalonicenzen",
        "book": 52,
        "chapter": 4,
        "verse": 8,
        "text": "Zo dan die dit verwerpt, die verwerpt geen mens, maar God, Die ook Zijn Heiligen Geest in ons heeft gegeven."
      },
      {
        "book_name": "1 Thessalonicenzen",
        "book": 52,
        "chapter": 4,
        "verse": 9,
        "text": "Van de broederlijke liefde nu hebt gij niet van node, dat ik u schrijve; want gij zelven zijt van God geleerd om elkander lief te hebben."
      },
      {
        "book_name": "1 Thessalonicenzen",
        "book": 52,
        "chapter": 4,
        "verse": 10,
        "text": "Want gij doet ook hetzelfde aan al de broederen, die in geheel Macedonië zijn. Maar wij vermanen u, broeders, dat gij meer overvloedig wordt;"
      },
      {
        "book_name": "1 Thessalonicenzen",
        "book": 52,
        "chapter": 4,
        "verse": 11,
        "text": "En dat gij u benaarstigt stil te zijn, en uw eigen dingen te doen, en te werken met uw eigen handen, gelijk wij u bevolen hebben;"
      },
      {
        "book_name": "1 Thessalonicenzen",
        "book": 52,
        "chapter": 4,
        "verse": 12,
        "text": "Opdat gij eerlijk wandelt bij degenen, die buiten zijn, en geen ding van node hebt."
      },
      {
        "book_name": "1 Thessalonicenzen",
        "book": 52,
        "chapter": 4,
        "verse": 13,
        "text": "Doch, broeders, ik wil niet, dat gij onwetende zijt van degenen, die ontslapen zijn, opdat gij niet bedroefd zijt, gelijk als de anderen, die geen hoop hebben."
      },
      {
        "book_name": "1 Thessalonicenzen",
        "book": 52,
        "chapter": 4,
        "verse": 14,
        "text": "Want indien wij geloven, dat Jezus gestorven is en opgestaan, alzo zal ook God degenen, die ontslapen zijn in Jezus, wederbrengen met Hem."
      },
      {
        "book_name": "1 Thessalonicenzen",
        "book": 52,
        "chapter": 4,
        "verse": 15,
        "text": "Want dat zeggen wij u door het Woord des Heeren, dat wij, die levend overblijven zullen tot de toekomst des Heeren, niet zullen voorkomen degenen, die ontslapen zijn."
      },
      {
        "book_name": "1 Thessalonicenzen",
        "book": 52,
        "chapter": 4,
        "verse": 16,
        "text": "Want de Heere Zelf zal met een geroep, met de stem des archangels, en met de bazuin Gods nederdalen van den hemel; en die in Christus gestorven zijn, zullen eerst opstaan;"
      },
      {
        "book_name": "1 Thessalonicenzen",
        "book": 52,
        "chapter": 4,
        "verse": 17,
        "text": "Daarna wij, die levend overgebleven zijn, zullen te zamen met hen opgenomen worden in de wolken, den Heere tegemoet, in de lucht; en alzo zullen wij altijd met den Heere wezen."
      },
      {
        "book_name": "1 Thessalonicenzen",
        "book": 52,
        "chapter": 4,
        "verse": 18,
        "text": "Zo dan, vertroost elkander met deze woorden."
      }
    ],
    "5": [
      {
        "book_name": "1 Thessalonicenzen",
        "book": 52,
        "chapter": 5,
        "verse": 1,
        "text": "1Maar van de tijden en de gelegenheden, broeders! hebt gij niet van node, dat men u schrijve.  2Want gij weet zelven zeer wel, dat de dag des Heeren alzo zal komen, gelijk een dief in den nacht.  3Want wanneer zij zullen zeggen: Het is vrede, en zonder gevaar; dan zal een haastig verderf hun overkomen, gelijk de barensnood een bevruchte vrouw; en zij zullen het geenszins ontvlieden;  4Maar gij, broeders, gij zijt niet in duisternis, dat u die dag als een dief zou bevangen.  5Gij zijt allen kinderen des lichts, en kinderen des daags; wij zijn niet des nachts, noch der duisternis.  6Zo laat ons dan niet slapen, gelijk als de anderen, maar laat ons waken, en nuchteren zijn.  7Want die slapen, slapen des nachts, en die dronken zijn, zijn des nachts dronken;  8Maar wij, die des daags zijn, laat ons nuchteren zijn, aangedaan hebbende het borstwapen des geloofs en der liefde, en tot een helm, de hoop der zaligheid.  9Want God heeft ons niet gesteld tot toorn, maar tot verkrijging der zaligheid, door onzen Heere Jezus Christus;  10Die voor ons gestorven is, opdat wij, hetzij dat wij waken, hetzij dat wij slapen, te zamen met Hem leven zouden.  11Daarom vermaant elkander, en sticht de een den anderen, gelijk gij ook doet.  12En wij bidden u, broeders, erkent degenen, die onder u arbeiden, en uw voorstanders zijn in den Heere, en u vermanen;  13En acht hen zeer veel in liefde, om huns werks wil. Zijt vreedzaam onder elkander.  14En wij bidden u, broeders, vermaant de ongeregelden, vertroost de kleinmoedigen, ondersteunt de zwakken, zijt lankmoedig jegens allen.  15Ziet, dat niemand kwaad voor kwaad iemand vergelde; maar jaagt allen tijd het goede na, zo jegens elkander als jegens allen.  16Verblijdt u te allen tijd.  17Bidt zonder ophouden.  18Dankt God in alles; want dit is de wil van God in Christus Jezus over u.  19Blust den Geest niet uit.  20Veracht de profetieën niet.  21Beproeft alle dingen; behoudt het goede.  22Onthoudt u van allen schijn des kwaads.  23En de God des vredes Zelf heilige u geheel en al; en uw geheel oprechte geest, en ziel, en lichaam worde onberispelijk bewaard in de toekomst van onzen Heere Jezus Christus.  24Hij, Die u roept, is getrouw, Die het ook doen zal.  25Broeders, bidt voor ons.  26Groet al de broeders met een heiligen kus.  27Ik bezweer ulieden bij den Heere, dat deze zendbrief al den heiligen broederen gelezen worde.  28De genade van onzen Heere Jezus Christus zij met ulieden. Amen. «De eerste [brief] aan de Thessalonicenzen werd geschreven vanuit Athene.»"
      },
      {
        "book_name": "1 Thessalonicenzen",
        "book": 52,
        "chapter": 5,
        "verse": 1,
        "text": "Maar van de tijden en de gelegenheden, broeders! hebt gij niet van node, dat men u schrijve."
      },
      {
        "book_name": "1 Thessalonicenzen",
        "book": 52,
        "chapter": 5,
        "verse": 2,
        "text": "Want gij weet zelven zeer wel, dat de dag des Heeren alzo zal komen, gelijk een dief in den nacht."
      },
      {
        "book_name": "1 Thessalonicenzen",
        "book": 52,
        "chapter": 5,
        "verse": 3,
        "text": "Want wanneer zij zullen zeggen: Het is vrede, en zonder gevaar; dan zal een haastig verderf hun overkomen, gelijk de barensnood een bevruchte vrouw; en zij zullen het geenszins ontvlieden;"
      },
      {
        "book_name": "1 Thessalonicenzen",
        "book": 52,
        "chapter": 5,
        "verse": 4,
        "text": "Maar gij, broeders, gij zijt niet in duisternis, dat u die dag als een dief zou bevangen."
      },
      {
        "book_name": "1 Thessalonicenzen",
        "book": 52,
        "chapter": 5,
        "verse": 5,
        "text": "Gij zijt allen kinderen des lichts, en kinderen des daags; wij zijn niet des nachts, noch der duisternis."
      },
      {
        "book_name": "1 Thessalonicenzen",
        "book": 52,
        "chapter": 5,
        "verse": 6,
        "text": "Zo laat ons dan niet slapen, gelijk als de anderen, maar laat ons waken, en nuchteren zijn."
      },
      {
        "book_name": "1 Thessalonicenzen",
        "book": 52,
        "chapter": 5,
        "verse": 7,
        "text": "Want die slapen, slapen des nachts, en die dronken zijn, zijn des nachts dronken;"
      },
      {
        "book_name": "1 Thessalonicenzen",
        "book": 52,
        "chapter": 5,
        "verse": 8,
        "text": "Maar wij, die des daags zijn, laat ons nuchteren zijn, aangedaan hebbende het borstwapen des geloofs en der liefde, en tot een helm, de hoop der zaligheid."
      },
      {
        "book_name": "1 Thessalonicenzen",
        "book": 52,
        "chapter": 5,
        "verse": 9,
        "text": "Want God heeft ons niet gesteld tot toorn, maar tot verkrijging der zaligheid, door onzen Heere Jezus Christus;"
      },
      {
        "book_name": "1 Thessalonicenzen",
        "book": 52,
        "chapter": 5,
        "verse": 10,
        "text": "Die voor ons gestorven is, opdat wij, hetzij dat wij waken, hetzij dat wij slapen, te zamen met Hem leven zouden."
      },
      {
        "book_name": "1 Thessalonicenzen",
        "book": 52,
        "chapter": 5,
        "verse": 11,
        "text": "Daarom vermaant elkander, en sticht de een den anderen, gelijk gij ook doet."
      },
      {
        "book_name": "1 Thessalonicenzen",
        "book": 52,
        "chapter": 5,
        "verse": 12,
        "text": "En wij bidden u, broeders, erkent degenen, die onder u arbeiden, en uw voorstanders zijn in den Heere, en u vermanen;"
      },
      {
        "book_name": "1 Thessalonicenzen",
        "book": 52,
        "chapter": 5,
        "verse": 13,
        "text": "En acht hen zeer veel in liefde, om huns werks wil. Zijt vreedzaam onder elkander."
      },
      {
        "book_name": "1 Thessalonicenzen",
        "book": 52,
        "chapter": 5,
        "verse": 14,
        "text": "En wij bidden u, broeders, vermaant de ongeregelden, vertroost de kleinmoedigen, ondersteunt de zwakken, zijt lankmoedig jegens allen."
      },
      {
        "book_name": "1 Thessalonicenzen",
        "book": 52,
        "chapter": 5,
        "verse": 15,
        "text": "Ziet, dat niemand kwaad voor kwaad iemand vergelde; maar jaagt allen tijd het goede na, zo jegens elkander als jegens allen."
      },
      {
        "book_name": "1 Thessalonicenzen",
        "book": 52,
        "chapter": 5,
        "verse": 16,
        "text": "Verblijdt u te allen tijd."
      },
      {
        "book_name": "1 Thessalonicenzen",
        "book": 52,
        "chapter": 5,
        "verse": 17,
        "text": "Bidt zonder ophouden."
      },
      {
        "book_name": "1 Thessalonicenzen",
        "book": 52,
        "chapter": 5,
        "verse": 18,
        "text": "Dankt God in alles; want dit is de wil van God in Christus Jezus over u."
      },
      {
        "book_name": "1 Thessalonicenzen",
        "book": 52,
        "chapter": 5,
        "verse": 19,
        "text": "Blust den Geest niet uit."
      },
      {
        "book_name": "1 Thessalonicenzen",
        "book": 52,
        "chapter": 5,
        "verse": 20,
        "text": "Veracht de profetieën niet."
      },
      {
        "book_name": "1 Thessalonicenzen",
        "book": 52,
        "chapter": 5,
        "verse": 21,
        "text": "Beproeft alle dingen; behoudt het goede."
      },
      {
        "book_name": "1 Thessalonicenzen",
        "book": 52,
        "chapter": 5,
        "verse": 22,
        "text": "Onthoudt u van allen schijn des kwaads."
      },
      {
        "book_name": "1 Thessalonicenzen",
        "book": 52,
        "chapter": 5,
        "verse": 23,
        "text": "En de God des vredes Zelf heilige u geheel en al; en uw geheel oprechte geest, en ziel, en lichaam worde onberispelijk bewaard in de toekomst van onzen Heere Jezus Christus."
      },
      {
        "book_name": "1 Thessalonicenzen",
        "book": 52,
        "chapter": 5,
        "verse": 24,
        "text": "Hij, Die u roept, is getrouw, Die het ook doen zal."
      },
      {
        "book_name": "1 Thessalonicenzen",
        "book": 52,
        "chapter": 5,
        "verse": 25,
        "text": "Broeders, bidt voor ons."
      },
      {
        "book_name": "1 Thessalonicenzen",
        "book": 52,
        "chapter": 5,
        "verse": 26,
        "text": "Groet al de broeders met een heiligen kus."
      },
      {
        "book_name": "1 Thessalonicenzen",
        "book": 52,
        "chapter": 5,
        "verse": 27,
        "text": "Ik bezweer ulieden bij den Heere, dat deze zendbrief al den heiligen broederen gelezen worde."
      },
      {
        "book_name": "1 Thessalonicenzen",
        "book": 52,
        "chapter": 5,
        "verse": 28,
        "text": "De genade van onzen Heere Jezus Christus zij met ulieden. Amen. «De eerste [brief] aan de Thessalonicenzen werd geschreven vanuit Athene.»"
      }
    ]
  }
}