{
  "source": "bible.com",
  "version": "Statenvertaling (1750)",
  "book": "1 Timoteus",
  "chapters": {
    "1": [
      {
        "book_name": "1 Timoteus",
        "book": 54,
        "chapter": 1,
        "verse": 1,
        "text": "1Paulus, een apostel van Jezus Christus, naar het bevel van God, onzen Zaligmaker, en den Heere Jezus Christus, Die onze Hope is,  2Aan Timotheüs, mijn oprechten zoon in het geloof; genade, barmhartigheid, vrede zij u van God, onzen Vader, en Christus Jezus, onzen Heere.  3Gelijk ik u vermaand heb, dat gij te Efeze zoudt blijven, als ik naar Macedonië reisde, zo vermaan ik het u nog, opdat gij sommigen beveelt geen andere leer te leren;  4Noch zich te begeven tot fabelen en oneindelijke geslachtsrekeningen, welke meer twistvragen voortbrengen dan stichting Gods, die in het geloof is.  5Maar het einde des gebods is liefde uit een rein hart, en uit een goed geweten, en uit een ongeveinsd geloof.  6Van dewelke sommigen afgeweken zijnde, zich gewend hebben tot ijdelspreking;  7Willende leraars der wet zijn, niet verstaande, noch wat zij zeggen, noch wat zij bevestigen.  8Doch wij weten, dat de wet goed is, zo iemand die wettelijk gebruikt;  9En hij dit weet, dat den rechtvaardigen de wet niet is gezet, maar den onrechtvaardigen en den halsstarrigen, den goddelozen en den zondaren, den onheiligen en den ongoddelijken, den vadermoorders en den moedermoorders, den doodslagers,  10Den hoereerders, dien, die bij mannen liggen, den mensendieven, den leugenaars, den meinedigen, en zo er iets anders tegen de gezonde leer is;  11Naar het Evangelie der heerlijkheid des zaligen Gods, dat mij toebetrouwd is.  12En ik dank Hem, Die mij bekrachtigd heeft, namelijk Christus Jezus, onzen Heere, dat Hij mij getrouw geacht heeft, mij in de bediening gesteld hebbende;  13Die te voren een godslasteraar was, en een vervolger, en een verdrukker; maar mij is barmhartigheid geschied, dewijl ik het onwetende gedaan heb in mijn ongelovigheid.  14Doch de genade onzes Heeren is zeer overvloedig geweest, met geloof en liefde, die er is in Christus Jezus.  15Dit is een getrouw woord, en alle aanneming waardig, dat Christus Jezus in de wereld gekomen is, om de zondaren zalig te maken, van welke ik de voornaamste ben.  16Maar daarom is mij barmhartigheid geschied, opdat Jezus Christus in mij, die de voornaamste ben, al Zijn lankmoedigheid zou betonen, tot een voorbeeld dergenen, die in Hem geloven zullen ten eeuwigen leven.  17Den Koning nu der eeuwen, den onverderfelijken, den onzienlijken, den alleen wijzen God, zij eer en heerlijkheid in alle eeuwigheid. Amen.  18Dit gebod beveel ik u, mijn zoon Timotheüs, dat gij naar de profetieën, die van u voorgegaan zijn, in dezelve den goeden strijd strijdt;  19Houdende het geloof, en een goed geweten, hetwelk sommigen verstoten hebbende, van het geloof schipbreuk geleden hebben;  20Onder welken is Hymenéüs en Alexander, die ik den satan overgegeven heb, opdat zij zouden leren niet meer te lasteren."
      },
      {
        "book_name": "1 Timoteus",
        "book": 54,
        "chapter": 1,
        "verse": 1,
        "text": "Paulus, een apostel van Jezus Christus, naar het bevel van God, onzen Zaligmaker, en den Heere Jezus Christus, Die onze Hope is,"
      },
      {
        "book_name": "1 Timoteus",
        "book": 54,
        "chapter": 1,
        "verse": 2,
        "text": "Aan Timotheüs, mijn oprechten zoon in het geloof; genade, barmhartigheid, vrede zij u van God, onzen Vader, en Christus Jezus, onzen Heere."
      },
      {
        "book_name": "1 Timoteus",
        "book": 54,
        "chapter": 1,
        "verse": 3,
        "text": "Gelijk ik u vermaand heb, dat gij te Efeze zoudt blijven, als ik naar Macedonië reisde, zo vermaan ik het u nog, opdat gij sommigen beveelt geen andere leer te leren;"
      },
      {
        "book_name": "1 Timoteus",
        "book": 54,
        "chapter": 1,
        "verse": 4,
        "text": "Noch zich te begeven tot fabelen en oneindelijke geslachtsrekeningen, welke meer twistvragen voortbrengen dan stichting Gods, die in het geloof is."
      },
      {
        "book_name": "1 Timoteus",
        "book": 54,
        "chapter": 1,
        "verse": 5,
        "text": "Maar het einde des gebods is liefde uit een rein hart, en uit een goed geweten, en uit een ongeveinsd geloof."
      },
      {
        "book_name": "1 Timoteus",
        "book": 54,
        "chapter": 1,
        "verse": 6,
        "text": "Van dewelke sommigen afgeweken zijnde, zich gewend hebben tot ijdelspreking;"
      },
      {
        "book_name": "1 Timoteus",
        "book": 54,
        "chapter": 1,
        "verse": 7,
        "text": "Willende leraars der wet zijn, niet verstaande, noch wat zij zeggen, noch wat zij bevestigen."
      },
      {
        "book_name": "1 Timoteus",
        "book": 54,
        "chapter": 1,
        "verse": 8,
        "text": "Doch wij weten, dat de wet goed is, zo iemand die wettelijk gebruikt;"
      },
      {
        "book_name": "1 Timoteus",
        "book": 54,
        "chapter": 1,
        "verse": 9,
        "text": "En hij dit weet, dat den rechtvaardigen de wet niet is gezet, maar den onrechtvaardigen en den halsstarrigen, den goddelozen en den zondaren, den onheiligen en den ongoddelijken, den vadermoorders en den moedermoorders, den doodslagers,"
      },
      {
        "book_name": "1 Timoteus",
        "book": 54,
        "chapter": 1,
        "verse": 10,
        "text": "Den hoereerders, dien, die bij mannen liggen, den mensendieven, den leugenaars, den meinedigen, en zo er iets anders tegen de gezonde leer is;"
      },
      {
        "book_name": "1 Timoteus",
        "book": 54,
        "chapter": 1,
        "verse": 11,
        "text": "Naar het Evangelie der heerlijkheid des zaligen Gods, dat mij toebetrouwd is."
      },
      {
        "book_name": "1 Timoteus",
        "book": 54,
        "chapter": 1,
        "verse": 12,
        "text": "En ik dank Hem, Die mij bekrachtigd heeft, namelijk Christus Jezus, onzen Heere, dat Hij mij getrouw geacht heeft, mij in de bediening gesteld hebbende;"
      },
      {
        "book_name": "1 Timoteus",
        "book": 54,
        "chapter": 1,
        "verse": 13,
        "text": "Die te voren een godslasteraar was, en een vervolger, en een verdrukker; maar mij is barmhartigheid geschied, dewijl ik het onwetende gedaan heb in mijn ongelovigheid."
      },
      {
        "book_name": "1 Timoteus",
        "book": 54,
        "chapter": 1,
        "verse": 14,
        "text": "Doch de genade onzes Heeren is zeer overvloedig geweest, met geloof en liefde, die er is in Christus Jezus."
      },
      {
        "book_name": "1 Timoteus",
        "book": 54,
        "chapter": 1,
        "verse": 15,
        "text": "Dit is een getrouw woord, en alle aanneming waardig, dat Christus Jezus in de wereld gekomen is, om de zondaren zalig te maken, van welke ik de voornaamste ben."
      },
      {
        "book_name": "1 Timoteus",
        "book": 54,
        "chapter": 1,
        "verse": 16,
        "text": "Maar daarom is mij barmhartigheid geschied, opdat Jezus Christus in mij, die de voornaamste ben, al Zijn lankmoedigheid zou betonen, tot een voorbeeld dergenen, die in Hem geloven zullen ten eeuwigen leven."
      },
      {
        "book_name": "1 Timoteus",
        "book": 54,
        "chapter": 1,
        "verse": 17,
        "text": "Den Koning nu der eeuwen, den onverderfelijken, den onzienlijken, den alleen wijzen God, zij eer en heerlijkheid in alle eeuwigheid. Amen."
      },
      {
        "book_name": "1 Timoteus",
        "book": 54,
        "chapter": 1,
        "verse": 18,
        "text": "Dit gebod beveel ik u, mijn zoon Timotheüs, dat gij naar de profetieën, die van u voorgegaan zijn, in dezelve den goeden strijd strijdt;"
      },
      {
        "book_name": "1 Timoteus",
        "book": 54,
        "chapter": 1,
        "verse": 19,
        "text": "Houdende het geloof, en een goed geweten, hetwelk sommigen verstoten hebbende, van het geloof schipbreuk geleden hebben;"
      },
      {
        "book_name": "1 Timoteus",
        "book": 54,
        "chapter": 1,
        "verse": 20,
        "text": "Onder welken is Hymenéüs en Alexander, die ik den satan overgegeven heb, opdat zij zouden leren niet meer te lasteren."
      }
    ],
    "2": [
      {
        "book_name": "1 Timoteus",
        "book": 54,
        "chapter": 2,
        "verse": 1,
        "text": "1Ik vermaan dan voor alle dingen, dat gedaan worden smekingen, gebeden, voorbiddingen, dankzeggingen, voor alle mensen;  2Voor koningen, en allen, die in hoogheid zijn; opdat wij een gerust en stil leven leiden mogen in alle godzaligheid en eerbaarheid.  3Want dat is goed en aangenaam voor God, onzen Zaligmaker;  4Welke wil, dat alle mensen zalig worden, en tot kennis der waarheid komen.  5Want er is één God, er is ook één Middelaar Gods en der mensen, de Mens Christus Jezus;  6Die Zichzelven gegeven heeft tot een rantsoen voor allen, zijnde de getuigenis te zijner tijd;  7Waartoe ik gesteld ben een prediker en apostel (ik zeg de waarheid in Christus, ik lieg niet), een leraar der heidenen, in geloof en waarheid.  8Ik wil dan, dat de mannen bidden in alle plaatsen, opheffende heilige handen, zonder toorn en twisting.  9Desgelijks ook, dat de vrouwen, in een eerbaar gewaad, met schaamte en matigheid zichzelven versieren, niet in vlechtingen des haars, of goud, of paarlen, of kostelijke kleding;  10Maar (hetwelk de vrouwen betaamt, die de godvruchtigheid belijden) door goede werken.  11Een vrouw late zich leren in stilheid, in alle onderdanigheid.  12Doch ik laat de vrouw niet toe, dat zij lere, noch over den man heerse, maar wil, dat zij in stilheid zij.  13Want Adam is eerst gemaakt, daarna Eva.  14En Adam is niet verleid geworden; maar de vrouw, verleid zijnde, is in overtreding geweest.  15Doch zij zal zalig worden in kinderen te baren, zo zij blijft in het geloof, en liefde, en heiligmaking, met matigheid."
      },
      {
        "book_name": "1 Timoteus",
        "book": 54,
        "chapter": 2,
        "verse": 1,
        "text": "Ik vermaan dan voor alle dingen, dat gedaan worden smekingen, gebeden, voorbiddingen, dankzeggingen, voor alle mensen;"
      },
      {
        "book_name": "1 Timoteus",
        "book": 54,
        "chapter": 2,
        "verse": 2,
        "text": "Voor koningen, en allen, die in hoogheid zijn; opdat wij een gerust en stil leven leiden mogen in alle godzaligheid en eerbaarheid."
      },
      {
        "book_name": "1 Timoteus",
        "book": 54,
        "chapter": 2,
        "verse": 3,
        "text": "Want dat is goed en aangenaam voor God, onzen Zaligmaker;"
      },
      {
        "book_name": "1 Timoteus",
        "book": 54,
        "chapter": 2,
        "verse": 4,
        "text": "Welke wil, dat alle mensen zalig worden, en tot kennis der waarheid komen."
      },
      {
        "book_name": "1 Timoteus",
        "book": 54,
        "chapter": 2,
        "verse": 5,
        "text": "Want er is één God, er is ook één Middelaar Gods en der mensen, de Mens Christus Jezus;"
      },
      {
        "book_name": "1 Timoteus",
        "book": 54,
        "chapter": 2,
        "verse": 6,
        "text": "Die Zichzelven gegeven heeft tot een rantsoen voor allen, zijnde de getuigenis te zijner tijd;"
      },
      {
        "book_name": "1 Timoteus",
        "book": 54,
        "chapter": 2,
        "verse": 7,
        "text": "Waartoe ik gesteld ben een prediker en apostel (ik zeg de waarheid in Christus, ik lieg niet), een leraar der heidenen, in geloof en waarheid."
      },
      {
        "book_name": "1 Timoteus",
        "book": 54,
        "chapter": 2,
        "verse": 8,
        "text": "Ik wil dan, dat de mannen bidden in alle plaatsen, opheffende heilige handen, zonder toorn en twisting."
      },
      {
        "book_name": "1 Timoteus",
        "book": 54,
        "chapter": 2,
        "verse": 9,
        "text": "Desgelijks ook, dat de vrouwen, in een eerbaar gewaad, met schaamte en matigheid zichzelven versieren, niet in vlechtingen des haars, of goud, of paarlen, of kostelijke kleding;"
      },
      {
        "book_name": "1 Timoteus",
        "book": 54,
        "chapter": 2,
        "verse": 10,
        "text": "Maar (hetwelk de vrouwen betaamt, die de godvruchtigheid belijden) door goede werken."
      },
      {
        "book_name": "1 Timoteus",
        "book": 54,
        "chapter": 2,
        "verse": 11,
        "text": "Een vrouw late zich leren in stilheid, in alle onderdanigheid."
      },
      {
        "book_name": "1 Timoteus",
        "book": 54,
        "chapter": 2,
        "verse": 12,
        "text": "Doch ik laat de vrouw niet toe, dat zij lere, noch over den man heerse, maar wil, dat zij in stilheid zij."
      },
      {
        "book_name": "1 Timoteus",
        "book": 54,
        "chapter": 2,
        "verse": 13,
        "text": "Want Adam is eerst gemaakt, daarna Eva."
      },
      {
        "book_name": "1 Timoteus",
        "book": 54,
        "chapter": 2,
        "verse": 14,
        "text": "En Adam is niet verleid geworden; maar de vrouw, verleid zijnde, is in overtreding geweest."
      },
      {
        "book_name": "1 Timoteus",
        "book": 54,
        "chapter": 2,
        "verse": 15,
        "text": "Doch zij zal zalig worden in kinderen te baren, zo zij blijft in het geloof, en liefde, en heiligmaking, met matigheid."
      }
    ],
    "3": [
      {
        "book_name": "1 Timoteus",
        "book": 54,
        "chapter": 3,
        "verse": 1,
        "text": "1Dit is een getrouw woord: zo iemand tot eens opzieners ambt lust heeft, die begeert een treffelijk werk.  2Een opziener dan moet onberispelijk zijn, éner vrouwe man, wakker, matig, eerbaar, gaarne herbergende, bekwaam om te leren;  3Niet genegen tot den wijn, geen smijter, geen vuil-gewinzoeker; maar bescheiden, geen vechter, niet geldgierig.  4Die zijn eigen huis wel regeert, zijn kinderen in onderdanigheid houdende, met alle stemmigheid;  5(Want zo iemand zijn eigen huis niet weet te regeren, hoe zal hij voor de Gemeente Gods zorg dragen?)  6Geen nieuweling, opdat hij niet opgeblazen worde, en in het oordeel des duivels valle.  7En hij moet ook een goede getuigenis hebben van degenen, die buiten zijn, opdat hij niet valle in smaadheid, en in den strik des duivels.  8De diakenen insgelijks moeten eerbaar zijn, niet tweetongig, niet die zich tot veel wijns begeven, geen vuil-gewinzoekers;  9Houdende de verborgenheid des geloofs in een rein geweten.  10En dat deze ook eerst beproefd worden, en dat zij daarna dienen, zo zij onbestraffelijk zijn.  11De vrouwen insgelijks moeten eerbaar zijn, geen lasteraarster, wakker, getrouw in alles.  12Dat de diakenen éner vrouwe mannen zijn, die hun kinderen en hun eigen huizen wel regeren.  13Want die wel gediend hebben, verkrijgen zichzelven een goeden opgang, en vele vrijmoedigheid in het geloof, hetwelk is in Christus Jezus.  14Deze dingen schrijf ik u, hopende zeer haast tot u te komen;  15Maar zo ik vertoef, opdat gij moogt weten, hoe men in het huis Gods moet verkeren, hetwelk is de Gemeente des levenden Gods, een pilaar en vastigheid der waarheid.  16En buiten allen twijfel, de verborgenheid der godzaligheid is groot; God is geopenbaard in het vlees, is gerechtvaardigd in den Geest, is gezien van de engelen, is gepredikt onder de heidenen, is geloofd in de wereld, is opgenomen in heerlijkheid."
      },
      {
        "book_name": "1 Timoteus",
        "book": 54,
        "chapter": 3,
        "verse": 1,
        "text": "Dit is een getrouw woord: zo iemand tot eens opzieners ambt lust heeft, die begeert een treffelijk werk."
      },
      {
        "book_name": "1 Timoteus",
        "book": 54,
        "chapter": 3,
        "verse": 2,
        "text": "Een opziener dan moet onberispelijk zijn, éner vrouwe man, wakker, matig, eerbaar, gaarne herbergende, bekwaam om te leren;"
      },
      {
        "book_name": "1 Timoteus",
        "book": 54,
        "chapter": 3,
        "verse": 3,
        "text": "Niet genegen tot den wijn, geen smijter, geen vuil-gewinzoeker; maar bescheiden, geen vechter, niet geldgierig."
      },
      {
        "book_name": "1 Timoteus",
        "book": 54,
        "chapter": 3,
        "verse": 4,
        "text": "Die zijn eigen huis wel regeert, zijn kinderen in onderdanigheid houdende, met alle stemmigheid;"
      },
      {
        "book_name": "1 Timoteus",
        "book": 54,
        "chapter": 3,
        "verse": 5,
        "text": "(Want zo iemand zijn eigen huis niet weet te regeren, hoe zal hij voor de Gemeente Gods zorg dragen?)"
      },
      {
        "book_name": "1 Timoteus",
        "book": 54,
        "chapter": 3,
        "verse": 6,
        "text": "Geen nieuweling, opdat hij niet opgeblazen worde, en in het oordeel des duivels valle."
      },
      {
        "book_name": "1 Timoteus",
        "book": 54,
        "chapter": 3,
        "verse": 7,
        "text": "En hij moet ook een goede getuigenis hebben van degenen, die buiten zijn, opdat hij niet valle in smaadheid, en in den strik des duivels."
      },
      {
        "book_name": "1 Timoteus",
        "book": 54,
        "chapter": 3,
        "verse": 8,
        "text": "De diakenen insgelijks moeten eerbaar zijn, niet tweetongig, niet die zich tot veel wijns begeven, geen vuil-gewinzoekers;"
      },
      {
        "book_name": "1 Timoteus",
        "book": 54,
        "chapter": 3,
        "verse": 9,
        "text": "Houdende de verborgenheid des geloofs in een rein geweten."
      },
      {
        "book_name": "1 Timoteus",
        "book": 54,
        "chapter": 3,
        "verse": 10,
        "text": "En dat deze ook eerst beproefd worden, en dat zij daarna dienen, zo zij onbestraffelijk zijn."
      },
      {
        "book_name": "1 Timoteus",
        "book": 54,
        "chapter": 3,
        "verse": 11,
        "text": "De vrouwen insgelijks moeten eerbaar zijn, geen lasteraarster, wakker, getrouw in alles."
      },
      {
        "book_name": "1 Timoteus",
        "book": 54,
        "chapter": 3,
        "verse": 12,
        "text": "Dat de diakenen éner vrouwe mannen zijn, die hun kinderen en hun eigen huizen wel regeren."
      },
      {
        "book_name": "1 Timoteus",
        "book": 54,
        "chapter": 3,
        "verse": 13,
        "text": "Want die wel gediend hebben, verkrijgen zichzelven een goeden opgang, en vele vrijmoedigheid in het geloof, hetwelk is in Christus Jezus."
      },
      {
        "book_name": "1 Timoteus",
        "book": 54,
        "chapter": 3,
        "verse": 14,
        "text": "Deze dingen schrijf ik u, hopende zeer haast tot u te komen;"
      },
      {
        "book_name": "1 Timoteus",
        "book": 54,
        "chapter": 3,
        "verse": 15,
        "text": "Maar zo ik vertoef, opdat gij moogt weten, hoe men in het huis Gods moet verkeren, hetwelk is de Gemeente des levenden Gods, een pilaar en vastigheid der waarheid."
      },
      {
        "book_name": "1 Timoteus",
        "book": 54,
        "chapter": 3,
        "verse": 16,
        "text": "En buiten allen twijfel, de verborgenheid der godzaligheid is groot; God is geopenbaard in het vlees, is gerechtvaardigd in den Geest, is gezien van de engelen, is gepredikt onder de heidenen, is geloofd in de wereld, is opgenomen in heerlijkheid."
      }
    ],
    "4": [
      {
        "book_name": "1 Timoteus",
        "book": 54,
        "chapter": 4,
        "verse": 1,
        "text": "1Doch de Geest zegt duidelijk, dat in de laatste tijden sommigen zullen afvallen van het geloof, zich begevende tot verleidende geesten, en leringen der duivelen,  2Door geveinsdheid der leugensprekers, hebbende hun eigen geweten als met een brandijzer toegeschroeid;  3Verbiedende te huwelijken, gebiedende van spijzen te onthouden, die God geschapen heeft, tot nuttiging met dankzegging, voor de gelovigen, en die de waarheid hebben bekend.  4Want alle schepsel Gods is goed, en er is niets verwerpelijk, met dankzegging genomen zijnde;  5Want het wordt geheiligd door het Woord van God, en door het gebed.  6Als gij deze dingen den broederen voorstelt, zo zult gij een goed dienaar van Jezus Christus zijn, opgevoed in de woorden des geloofs en der goede leer, welke gij achtervolgd hebt.  7Maar verwerp de ongoddelijke en oudwijfse fabelen; en oefen uzelven tot godzaligheid.  8Want de lichamelijke oefening is tot weinig nut; maar de godzaligheid is tot alle dingen nut, hebbende de belofte des tegenwoordigen en des toekomenden levens.  9Dit is een getrouw woord, en alle aanneming waardig.  10Want hiertoe arbeiden wij ook, en worden versmaad, omdat wij gehoopt hebben op den levenden God, Die een Behouder is aller mensen, maar allermeest der gelovigen.  11Beveel deze dingen, en leer ze.  12Niemand verachte uw jonkheid, maar zijt een voorbeeld der gelovigen in woord, in wandel, in liefde, in den geest, in geloof, in reinheid.  13Houd aan in het lezen, in het vermanen, in het leren, totdat ik kome.  14Verzuim de gave niet, die in u is, die u gegeven is door de profetie, met oplegging der handen des ouderlingschaps.  15Bedenk deze dingen, wees hierin bezig, opdat uw toenemen openbaar zij in alles.  16Heb acht op uzelven en op de leer; volhard daarin; want dat doende, zult gij en uzelven behouden, en die u horen."
      },
      {
        "book_name": "1 Timoteus",
        "book": 54,
        "chapter": 4,
        "verse": 1,
        "text": "Doch de Geest zegt duidelijk, dat in de laatste tijden sommigen zullen afvallen van het geloof, zich begevende tot verleidende geesten, en leringen der duivelen,"
      },
      {
        "book_name": "1 Timoteus",
        "book": 54,
        "chapter": 4,
        "verse": 2,
        "text": "Door geveinsdheid der leugensprekers, hebbende hun eigen geweten als met een brandijzer toegeschroeid;"
      },
      {
        "book_name": "1 Timoteus",
        "book": 54,
        "chapter": 4,
        "verse": 3,
        "text": "Verbiedende te huwelijken, gebiedende van spijzen te onthouden, die God geschapen heeft, tot nuttiging met dankzegging, voor de gelovigen, en die de waarheid hebben bekend."
      },
      {
        "book_name": "1 Timoteus",
        "book": 54,
        "chapter": 4,
        "verse": 4,
        "text": "Want alle schepsel Gods is goed, en er is niets verwerpelijk, met dankzegging genomen zijnde;"
      },
      {
        "book_name": "1 Timoteus",
        "book": 54,
        "chapter": 4,
        "verse": 5,
        "text": "Want het wordt geheiligd door het Woord van God, en door het gebed."
      },
      {
        "book_name": "1 Timoteus",
        "book": 54,
        "chapter": 4,
        "verse": 6,
        "text": "Als gij deze dingen den broederen voorstelt, zo zult gij een goed dienaar van Jezus Christus zijn, opgevoed in de woorden des geloofs en der goede leer, welke gij achtervolgd hebt."
      },
      {
        "book_name": "1 Timoteus",
        "book": 54,
        "chapter": 4,
        "verse": 7,
        "text": "Maar verwerp de ongoddelijke en oudwijfse fabelen; en oefen uzelven tot godzaligheid."
      },
      {
        "book_name": "1 Timoteus",
        "book": 54,
        "chapter": 4,
        "verse": 8,
        "text": "Want de lichamelijke oefening is tot weinig nut; maar de godzaligheid is tot alle dingen nut, hebbende de belofte des tegenwoordigen en des toekomenden levens."
      },
      {
        "book_name": "1 Timoteus",
        "book": 54,
        "chapter": 4,
        "verse": 9,
        "text": "Dit is een getrouw woord, en alle aanneming waardig."
      },
      {
        "book_name": "1 Timoteus",
        "book": 54,
        "chapter": 4,
        "verse": 10,
        "text": "Want hiertoe arbeiden wij ook, en worden versmaad, omdat wij gehoopt hebben op den levenden God, Die een Behouder is aller mensen, maar allermeest der gelovigen."
      },
      {
        "book_name": "1 Timoteus",
        "book": 54,
        "chapter": 4,
        "verse": 11,
        "text": "Beveel deze dingen, en leer ze."
      },
      {
        "book_name": "1 Timoteus",
        "book": 54,
        "chapter": 4,
        "verse": 12,
        "text": "Niemand verachte uw jonkheid, maar zijt een voorbeeld der gelovigen in woord, in wandel, in liefde, in den geest, in geloof, in reinheid."
      },
      {
        "book_name": "1 Timoteus",
        "book": 54,
        "chapter": 4,
        "verse": 13,
        "text": "Houd aan in het lezen, in het vermanen, in het leren, totdat ik kome."
      },
      {
        "book_name": "1 Timoteus",
        "book": 54,
        "chapter": 4,
        "verse": 14,
        "text": "Verzuim de gave niet, die in u is, die u gegeven is door de profetie, met oplegging der handen des ouderlingschaps."
      },
      {
        "book_name": "1 Timoteus",
        "book": 54,
        "chapter": 4,
        "verse": 15,
        "text": "Bedenk deze dingen, wees hierin bezig, opdat uw toenemen openbaar zij in alles."
      },
      {
        "book_name": "1 Timoteus",
        "book": 54,
        "chapter": 4,
        "verse": 16,
        "text": "Heb acht op uzelven en op de leer; volhard daarin; want dat doende, zult gij en uzelven behouden, en die u horen."
      }
    ],
    "5": [
      {
        "book_name": "1 Timoteus",
        "book": 54,
        "chapter": 5,
        "verse": 1,
        "text": "1Bestraf een ouden man niet hardelijk, maar vermaan hem als een vader; de jonge als broeders;  2De oude vrouwen als moeders; de jonge als zusters, in alle reinheid.  3Eer de weduwen, die waarlijk weduwen zijn.  4Maar zo enige weduwe kinderen heeft, of kindskinderen, dat die leren eerst aan hun eigen huis godzaligheid oefenen, en den voorouderen wedervergelding doen; want dat is goed en aangenaam voor God.  5Die nu waarlijk weduwe is, en alleen gelaten, die hoopt op God, en blijft in smekingen en gebeden nacht en dag.  6Maar die haar wellust volgt, die is levende gestorven.  7En beveel dit, opdat zij onberispelijk zijn.  8Doch zo iemand de zijnen, en voornamelijk zijn huisgenoten, niet verzorgt, die heeft het geloof verloochend, en is erger dan een ongelovige.  9Dat een weduwe gekozen worde niet minder dan van zestig jaren, welke ééns mans vrouw geweest zij;  10Getuigenis hebbende van goede werken: zo zij kinderen opgevoed heeft, zo zij gaarne heeft geherbergd, zo zij der heiligen voeten heeft gewassen, zo zij den verdrukten genoegzame hulp gedaan heeft, zo zij alle goed werk nagetracht heeft.  11Maar neem de jonge weduwen niet aan; want als zij weelderig geworden zijn tegen Christus, zo willen zij huwelijken;  12Hebbende haar oordeel, omdat zij haar eerste geloof hebben te niet gedaan.  13En meteen ook leren zij ledig omgaan bij de huizen; en zijn niet alleen ledig, maar ook klapachtig, en ijdele dingen doende, sprekende, hetgeen niet betaamt.  14Ik wil dan, dat de jonge weduwen huwelijken, kinderen telen, het huis regeren, geen oorzaak van lastering aan de wederpartij geven.  15Want enigen hebben zich alrede afgewend achter den satan.  16Zo enig gelovig man, of gelovige vrouw weduwen heeft, dat die haar genoegzame hulp doe, en dat de Gemeente niet bezwaard worde, opdat zij degenen, die waarlijk weduwen zijn, genoegzame hulp doen moge.  17Dat de ouderlingen, die wel regeren, dubbele eer waardig geacht worden, voornamelijk die arbeiden in het Woord en de leer.  18Want de Schrift zegt: Een dorsenden os zult gij niet muilbanden; en: De arbeider is zijn loon waardig.  19Neem tegen een ouderling geen beschuldiging aan, anders dan onder twee of drie getuigen.  20Bestraf die zondigen in tegenwoordigheid van allen, opdat ook de anderen vreze mogen hebben.  21Ik betuig voor God, en den Heere Jezus Christus, en de uitverkoren engelen, dat gij deze dingen onderhoudt, zonder vooroordeel, niets doende naar toegenegenheid.  22Leg niemand haastelijk de handen op, en heb geen gemeenschap aan anderer zonden; bewaar uzelven rein.  23Drink niet langer water alleen, maar gebruik een weinig wijn, om uw maag en uw menigvuldige zwakheden.  24Van sommige mensen zijn de zonden te voren openbaar, en gaan voor tot hun veroordeling; en in sommigen ook volgen zij na.  25Desgelijks ook de goede werken zijn te voren openbaar, en daar het anders mede gelegen is, kunnen niet verborgen worden."
      },
      {
        "book_name": "1 Timoteus",
        "book": 54,
        "chapter": 5,
        "verse": 1,
        "text": "Bestraf een ouden man niet hardelijk, maar vermaan hem als een vader; de jonge als broeders;"
      },
      {
        "book_name": "1 Timoteus",
        "book": 54,
        "chapter": 5,
        "verse": 2,
        "text": "De oude vrouwen als moeders; de jonge als zusters, in alle reinheid."
      },
      {
        "book_name": "1 Timoteus",
        "book": 54,
        "chapter": 5,
        "verse": 3,
        "text": "Eer de weduwen, die waarlijk weduwen zijn."
      },
      {
        "book_name": "1 Timoteus",
        "book": 54,
        "chapter": 5,
        "verse": 4,
        "text": "Maar zo enige weduwe kinderen heeft, of kindskinderen, dat die leren eerst aan hun eigen huis godzaligheid oefenen, en den voorouderen wedervergelding doen; want dat is goed en aangenaam voor God."
      },
      {
        "book_name": "1 Timoteus",
        "book": 54,
        "chapter": 5,
        "verse": 5,
        "text": "Die nu waarlijk weduwe is, en alleen gelaten, die hoopt op God, en blijft in smekingen en gebeden nacht en dag."
      },
      {
        "book_name": "1 Timoteus",
        "book": 54,
        "chapter": 5,
        "verse": 6,
        "text": "Maar die haar wellust volgt, die is levende gestorven."
      },
      {
        "book_name": "1 Timoteus",
        "book": 54,
        "chapter": 5,
        "verse": 7,
        "text": "En beveel dit, opdat zij onberispelijk zijn."
      },
      {
        "book_name": "1 Timoteus",
        "book": 54,
        "chapter": 5,
        "verse": 8,
        "text": "Doch zo iemand de zijnen, en voornamelijk zijn huisgenoten, niet verzorgt, die heeft het geloof verloochend, en is erger dan een ongelovige."
      },
      {
        "book_name": "1 Timoteus",
        "book": 54,
        "chapter": 5,
        "verse": 9,
        "text": "Dat een weduwe gekozen worde niet minder dan van zestig jaren, welke ééns mans vrouw geweest zij;"
      },
      {
        "book_name": "1 Timoteus",
        "book": 54,
        "chapter": 5,
        "verse": 10,
        "text": "Getuigenis hebbende van goede werken: zo zij kinderen opgevoed heeft, zo zij gaarne heeft geherbergd, zo zij der heiligen voeten heeft gewassen, zo zij den verdrukten genoegzame hulp gedaan heeft, zo zij alle goed werk nagetracht heeft."
      },
      {
        "book_name": "1 Timoteus",
        "book": 54,
        "chapter": 5,
        "verse": 11,
        "text": "Maar neem de jonge weduwen niet aan; want als zij weelderig geworden zijn tegen Christus, zo willen zij huwelijken;"
      },
      {
        "book_name": "1 Timoteus",
        "book": 54,
        "chapter": 5,
        "verse": 12,
        "text": "Hebbende haar oordeel, omdat zij haar eerste geloof hebben te niet gedaan."
      },
      {
        "book_name": "1 Timoteus",
        "book": 54,
        "chapter": 5,
        "verse": 13,
        "text": "En meteen ook leren zij ledig omgaan bij de huizen; en zijn niet alleen ledig, maar ook klapachtig, en ijdele dingen doende, sprekende, hetgeen niet betaamt."
      },
      {
        "book_name": "1 Timoteus",
        "book": 54,
        "chapter": 5,
        "verse": 14,
        "text": "Ik wil dan, dat de jonge weduwen huwelijken, kinderen telen, het huis regeren, geen oorzaak van lastering aan de wederpartij geven."
      },
      {
        "book_name": "1 Timoteus",
        "book": 54,
        "chapter": 5,
        "verse": 15,
        "text": "Want enigen hebben zich alrede afgewend achter den satan."
      },
      {
        "book_name": "1 Timoteus",
        "book": 54,
        "chapter": 5,
        "verse": 16,
        "text": "Zo enig gelovig man, of gelovige vrouw weduwen heeft, dat die haar genoegzame hulp doe, en dat de Gemeente niet bezwaard worde, opdat zij degenen, die waarlijk weduwen zijn, genoegzame hulp doen moge."
      },
      {
        "book_name": "1 Timoteus",
        "book": 54,
        "chapter": 5,
        "verse": 17,
        "text": "Dat de ouderlingen, die wel regeren, dubbele eer waardig geacht worden, voornamelijk die arbeiden in het Woord en de leer."
      },
      {
        "book_name": "1 Timoteus",
        "book": 54,
        "chapter": 5,
        "verse": 18,
        "text": "Want de Schrift zegt: Een dorsenden os zult gij niet muilbanden; en: De arbeider is zijn loon waardig."
      },
      {
        "book_name": "1 Timoteus",
        "book": 54,
        "chapter": 5,
        "verse": 19,
        "text": "Neem tegen een ouderling geen beschuldiging aan, anders dan onder twee of drie getuigen."
      },
      {
        "book_name": "1 Timoteus",
        "book": 54,
        "chapter": 5,
        "verse": 20,
        "text": "Bestraf die zondigen in tegenwoordigheid van allen, opdat ook de anderen vreze mogen hebben."
      },
      {
        "book_name": "1 Timoteus",
        "book": 54,
        "chapter": 5,
        "verse": 21,
        "text": "Ik betuig voor God, en den Heere Jezus Christus, en de uitverkoren engelen, dat gij deze dingen onderhoudt, zonder vooroordeel, niets doende naar toegenegenheid."
      },
      {
        "book_name": "1 Timoteus",
        "book": 54,
        "chapter": 5,
        "verse": 22,
        "text": "Leg niemand haastelijk de handen op, en heb geen gemeenschap aan anderer zonden; bewaar uzelven rein."
      },
      {
        "book_name": "1 Timoteus",
        "book": 54,
        "chapter": 5,
        "verse": 23,
        "text": "Drink niet langer water alleen, maar gebruik een weinig wijn, om uw maag en uw menigvuldige zwakheden."
      },
      {
        "book_name": "1 Timoteus",
        "book": 54,
        "chapter": 5,
        "verse": 24,
        "text": "Van sommige mensen zijn de zonden te voren openbaar, en gaan voor tot hun veroordeling; en in sommigen ook volgen zij na."
      },
      {
        "book_name": "1 Timoteus",
        "book": 54,
        "chapter": 5,
        "verse": 25,
        "text": "Desgelijks ook de goede werken zijn te voren openbaar, en daar het anders mede gelegen is, kunnen niet verborgen worden."
      }
    ],
    "6": [
      {
        "book_name": "1 Timoteus",
        "book": 54,
        "chapter": 6,
        "verse": 1,
        "text": "1De dienstknechten, zovelen als er onder het juk zijn, zullen hun heren alle eer waardig achten, opdat de Naam van God, en de leer niet gelasterd worde.  2En die gelovige heren hebben, zullen hen niet verachten, omdat zij broeders zijn; maar zullen hen te meer dienen, omdat zij gelovig en geliefd zijn, als die deze weldaad mede deelachtig zijn. Leer en vermaan deze dingen.  3Indien iemand een andere leer leert, en niet overeenkomt met de gezonde woorden van onzen Heere Jezus Christus, en met de leer, die naar de godzaligheid is,  4Die is opgeblazen, en weet niets, maar hij raast omtrent twistvragen en woordenstrijd; uit welke komt nijd, twist, lasteringen, kwade nadenkingen.  5Verkeerde krakelingen van mensen, die een verdorven verstand hebben, en van de waarheid beroofd zijn, menende, dat de godzaligheid een gewin zij. Wijk af van dezulken.  6Doch de godzaligheid is een groot gewin met vergenoeging.  7Want wij hebben niets in de wereld gebracht, het is openbaar, dat wij ook niet kunnen iets daaruit dragen.  8Maar als wij voedsel en deksel hebben, wij zullen daarmede vergenoegd zijn.  9Doch die rijk willen worden, vallen in verzoeking, en in den strik, en in vele dwaze en schadelijke begeerlijkheden, welke de mensen doen verzinken in verderf en ondergang.  10Want de geldgierigheid is een wortel van alle kwaad, tot welke sommigen lust hebbende zijn afgedwaald van het geloof, en hebben zichzelven met vele smarten doorstoken.  11Maar gij, o mens Gods, vlied deze dingen; en jaag naar gerechtigheid, godzaligheid, geloof, liefde, lijdzaamheid, zachtmoedigheid.  12Strijd den goeden strijd des geloofs, grijp naar het eeuwige leven, tot hetwelk gij ook geroepen zijt, en de goede belijdenis beleden hebt voor vele getuigen.  13Ik beveel u voor God, Die alle ding levend maakt, en voor Christus Jezus, Die onder Pontius Pilatus de goede belijdenis betuigd heeft,  14Dat gij dit gebod houdt, onbevlekt en onberispelijk, tot op de verschijning van onzen Heere Jezus Christus;  15Welke te Zijner tijd vertonen zal de zalige en alleen machtige Heere, de Koning der koningen, en Heere der heren;  16Die alleen onsterfelijkheid heeft, en een ontoegankelijk licht bewoont; Denwelken geen mens gezien heeft, noch zien kan; Welken zij eer en eeuwige kracht. Amen.  17Beveel den rijken in deze tegenwoordige wereld, dat zij niet hoogmoedig zijn, noch hun hoop stellen op de ongestadigheid des rijkdoms, maar op den levenden God, Die ons alle dingen rijkelijk verleent, om te genieten;  18Dat zij weldadig zijn, rijk worden in goede werken, gaarne mededelende zijn, en gemeenzaam;  19Leggende zichzelven weg tot een schat een goed fondament tegen het toekomende, opdat zij het eeuwige leven verkrijgen mogen.  20O Timotheüs, bewaar het pand u toebetrouwd, een afkeer hebbende van het ongoddelijk ijdel-roepen, en van de tegenstellingen der valselijk genaamde wetenschap;  21Dewelke sommigen voorgevende, zijn van het geloof afgeweken. De genade zij met u. Amen. «De eerste [brief] aan Timotheüs werd geschreven uit Laodicea, dat de voornaamste stad in Frygië Pacatania is.»"
      },
      {
        "book_name": "1 Timoteus",
        "book": 54,
        "chapter": 6,
        "verse": 1,
        "text": "De dienstknechten, zovelen als er onder het juk zijn, zullen hun heren alle eer waardig achten, opdat de Naam van God, en de leer niet gelasterd worde."
      },
      {
        "book_name": "1 Timoteus",
        "book": 54,
        "chapter": 6,
        "verse": 2,
        "text": "En die gelovige heren hebben, zullen hen niet verachten, omdat zij broeders zijn; maar zullen hen te meer dienen, omdat zij gelovig en geliefd zijn, als die deze weldaad mede deelachtig zijn. Leer en vermaan deze dingen."
      },
      {
        "book_name": "1 Timoteus",
        "book": 54,
        "chapter": 6,
        "verse": 3,
        "text": "Indien iemand een andere leer leert, en niet overeenkomt met de gezonde woorden van onzen Heere Jezus Christus, en met de leer, die naar de godzaligheid is,"
      },
      {
        "book_name": "1 Timoteus",
        "book": 54,
        "chapter": 6,
        "verse": 4,
        "text": "Die is opgeblazen, en weet niets, maar hij raast omtrent twistvragen en woordenstrijd; uit welke komt nijd, twist, lasteringen, kwade nadenkingen."
      },
      {
        "book_name": "1 Timoteus",
        "book": 54,
        "chapter": 6,
        "verse": 5,
        "text": "Verkeerde krakelingen van mensen, die een verdorven verstand hebben, en van de waarheid beroofd zijn, menende, dat de godzaligheid een gewin zij. Wijk af van dezulken."
      },
      {
        "book_name": "1 Timoteus",
        "book": 54,
        "chapter": 6,
        "verse": 6,
        "text": "Doch de godzaligheid is een groot gewin met vergenoeging."
      },
      {
        "book_name": "1 Timoteus",
        "book": 54,
        "chapter": 6,
        "verse": 7,
        "text": "Want wij hebben niets in de wereld gebracht, het is openbaar, dat wij ook niet kunnen iets daaruit dragen."
      },
      {
        "book_name": "1 Timoteus",
        "book": 54,
        "chapter": 6,
        "verse": 8,
        "text": "Maar als wij voedsel en deksel hebben, wij zullen daarmede vergenoegd zijn."
      },
      {
        "book_name": "1 Timoteus",
        "book": 54,
        "chapter": 6,
        "verse": 9,
        "text": "Doch die rijk willen worden, vallen in verzoeking, en in den strik, en in vele dwaze en schadelijke begeerlijkheden, welke de mensen doen verzinken in verderf en ondergang."
      },
      {
        "book_name": "1 Timoteus",
        "book": 54,
        "chapter": 6,
        "verse": 10,
        "text": "Want de geldgierigheid is een wortel van alle kwaad, tot welke sommigen lust hebbende zijn afgedwaald van het geloof, en hebben zichzelven met vele smarten doorstoken."
      },
      {
        "book_name": "1 Timoteus",
        "book": 54,
        "chapter": 6,
        "verse": 11,
        "text": "Maar gij, o mens Gods, vlied deze dingen; en jaag naar gerechtigheid, godzaligheid, geloof, liefde, lijdzaamheid, zachtmoedigheid."
      },
      {
        "book_name": "1 Timoteus",
        "book": 54,
        "chapter": 6,
        "verse": 12,
        "text": "Strijd den goeden strijd des geloofs, grijp naar het eeuwige leven, tot hetwelk gij ook geroepen zijt, en de goede belijdenis beleden hebt voor vele getuigen."
      },
      {
        "book_name": "1 Timoteus",
        "book": 54,
        "chapter": 6,
        "verse": 13,
        "text": "Ik beveel u voor God, Die alle ding levend maakt, en voor Christus Jezus, Die onder Pontius Pilatus de goede belijdenis betuigd heeft,"
      },
      {
        "book_name": "1 Timoteus",
        "book": 54,
        "chapter": 6,
        "verse": 14,
        "text": "Dat gij dit gebod houdt, onbevlekt en onberispelijk, tot op de verschijning van onzen Heere Jezus Christus;"
      },
      {
        "book_name": "1 Timoteus",
        "book": 54,
        "chapter": 6,
        "verse": 15,
        "text": "Welke te Zijner tijd vertonen zal de zalige en alleen machtige Heere, de Koning der koningen, en Heere der heren;"
      },
      {
        "book_name": "1 Timoteus",
        "book": 54,
        "chapter": 6,
        "verse": 16,
        "text": "Die alleen onsterfelijkheid heeft, en een ontoegankelijk licht bewoont; Denwelken geen mens gezien heeft, noch zien kan; Welken zij eer en eeuwige kracht. Amen."
      },
      {
        "book_name": "1 Timoteus",
        "book": 54,
        "chapter": 6,
        "verse": 17,
        "text": "Beveel den rijken in deze tegenwoordige wereld, dat zij niet hoogmoedig zijn, noch hun hoop stellen op de ongestadigheid des rijkdoms, maar op den levenden God, Die ons alle dingen rijkelijk verleent, om te genieten;"
      },
      {
        "book_name": "1 Timoteus",
        "book": 54,
        "chapter": 6,
        "verse": 18,
        "text": "Dat zij weldadig zijn, rijk worden in goede werken, gaarne mededelende zijn, en gemeenzaam;"
      },
      {
        "book_name": "1 Timoteus",
        "book": 54,
        "chapter": 6,
        "verse": 19,
        "text": "Leggende zichzelven weg tot een schat een goed fondament tegen het toekomende, opdat zij het eeuwige leven verkrijgen mogen."
      },
      {
        "book_name": "1 Timoteus",
        "book": 54,
        "chapter": 6,
        "verse": 20,
        "text": "O Timotheüs, bewaar het pand u toebetrouwd, een afkeer hebbende van het ongoddelijk ijdel-roepen, en van de tegenstellingen der valselijk genaamde wetenschap;"
      },
      {
        "book_name": "1 Timoteus",
        "book": 54,
        "chapter": 6,
        "verse": 21,
        "text": "Dewelke sommigen voorgevende, zijn van het geloof afgeweken. De genade zij met u. Amen. «De eerste [brief] aan Timotheüs werd geschreven uit Laodicea, dat de voornaamste stad in Frygië Pacatania is.»"
      }
    ]
  }
}