{
  "source": "bible.com",
  "version": "Statenvertaling (1750)",
  "book": "2 Johannes",
  "chapters": {
    "1": [
      {
        "book_name": "2 Johannes",
        "book": 63,
        "chapter": 1,
        "verse": 1,
        "text": "1De ouderling aan de uitverkoren vrouwe en aan haar kinderen, die ik in waarheid liefheb, en niet alleen ik, maar ook allen, die de waarheid gekend hebben;  2Om der waarheid wil, die in ons blijft, en met ons zal zijn in der eeuwigheid:  3Genade, barmhartigheid, vrede zij met ulieden van God den Vader, en van den Heere Jezus Christus, den Zoon des Vaders, in waarheid en liefde.  4Ik ben zeer verblijd geweest, dat ik van uw kinderen gevonden heb, die in de waarheid wandelen, gelijk wij een gebod ontvangen hebben van den Vader.  5En nu bid ik u, uitverkoren vrouwe, niet als u schrijvende een nieuw gebod, maar hetgeen wij gehad hebben van den beginne, namelijk dat wij elkander liefhebben.  6En dit is de liefde, dat wij wandelen naar Zijn geboden. Dit is het gebod, gelijk gijlieden van den beginne gehoord hebt, dat gij in hetzelve zoudt wandelen.  7Want er zijn vele verleiders in de wereld gekomen, die niet belijden, dat Jezus Christus in het vlees gekomen is. Deze is de verleider en de antichrist.  8Ziet toe voor uzelven, dat wij niet verliezen, hetgeen wij gearbeid hebben, maar een vol loon mogen ontvangen.  9Een iegelijk, die overtreedt, en niet blijft in de leer van Christus, die heeft God niet; die in de leer van Christus blijft, deze heeft beiden den Vader en den Zoon.  10Indien iemand tot ulieden komt, en deze leer niet brengt, ontvangt hem niet in huis, en zegt tot hem niet: Zijt gegroet.  11Want die tot hem zegt: Zijt gegroet, die heeft gemeenschap aan zijn boze werken.  12Ik heb veel aan ulieden te schrijven, doch ik heb niet gewild door papier en inkt; maar ik hoop tot ulieden te komen, en mond tot mond met u te spreken, opdat onze blijdschap volkomen moge zijn.  13U groeten de kinderen van uw zuster, de uitverkorene. Amen."
      },
      {
        "book_name": "2 Johannes",
        "book": 63,
        "chapter": 1,
        "verse": 1,
        "text": "De ouderling aan de uitverkoren vrouwe en aan haar kinderen, die ik in waarheid liefheb, en niet alleen ik, maar ook allen, die de waarheid gekend hebben;"
      },
      {
        "book_name": "2 Johannes",
        "book": 63,
        "chapter": 1,
        "verse": 2,
        "text": "Om der waarheid wil, die in ons blijft, en met ons zal zijn in der eeuwigheid:"
      },
      {
        "book_name": "2 Johannes",
        "book": 63,
        "chapter": 1,
        "verse": 3,
        "text": "Genade, barmhartigheid, vrede zij met ulieden van God den Vader, en van den Heere Jezus Christus, den Zoon des Vaders, in waarheid en liefde."
      },
      {
        "book_name": "2 Johannes",
        "book": 63,
        "chapter": 1,
        "verse": 4,
        "text": "Ik ben zeer verblijd geweest, dat ik van uw kinderen gevonden heb, die in de waarheid wandelen, gelijk wij een gebod ontvangen hebben van den Vader."
      },
      {
        "book_name": "2 Johannes",
        "book": 63,
        "chapter": 1,
        "verse": 5,
        "text": "En nu bid ik u, uitverkoren vrouwe, niet als u schrijvende een nieuw gebod, maar hetgeen wij gehad hebben van den beginne, namelijk dat wij elkander liefhebben."
      },
      {
        "book_name": "2 Johannes",
        "book": 63,
        "chapter": 1,
        "verse": 6,
        "text": "En dit is de liefde, dat wij wandelen naar Zijn geboden. Dit is het gebod, gelijk gijlieden van den beginne gehoord hebt, dat gij in hetzelve zoudt wandelen."
      },
      {
        "book_name": "2 Johannes",
        "book": 63,
        "chapter": 1,
        "verse": 7,
        "text": "Want er zijn vele verleiders in de wereld gekomen, die niet belijden, dat Jezus Christus in het vlees gekomen is. Deze is de verleider en de antichrist."
      },
      {
        "book_name": "2 Johannes",
        "book": 63,
        "chapter": 1,
        "verse": 8,
        "text": "Ziet toe voor uzelven, dat wij niet verliezen, hetgeen wij gearbeid hebben, maar een vol loon mogen ontvangen."
      },
      {
        "book_name": "2 Johannes",
        "book": 63,
        "chapter": 1,
        "verse": 9,
        "text": "Een iegelijk, die overtreedt, en niet blijft in de leer van Christus, die heeft God niet; die in de leer van Christus blijft, deze heeft beiden den Vader en den Zoon."
      },
      {
        "book_name": "2 Johannes",
        "book": 63,
        "chapter": 1,
        "verse": 10,
        "text": "Indien iemand tot ulieden komt, en deze leer niet brengt, ontvangt hem niet in huis, en zegt tot hem niet: Zijt gegroet."
      },
      {
        "book_name": "2 Johannes",
        "book": 63,
        "chapter": 1,
        "verse": 11,
        "text": "Want die tot hem zegt: Zijt gegroet, die heeft gemeenschap aan zijn boze werken."
      },
      {
        "book_name": "2 Johannes",
        "book": 63,
        "chapter": 1,
        "verse": 12,
        "text": "Ik heb veel aan ulieden te schrijven, doch ik heb niet gewild door papier en inkt; maar ik hoop tot ulieden te komen, en mond tot mond met u te spreken, opdat onze blijdschap volkomen moge zijn."
      },
      {
        "book_name": "2 Johannes",
        "book": 63,
        "chapter": 1,
        "verse": 13,
        "text": "U groeten de kinderen van uw zuster, de uitverkorene. Amen."
      }
    ]
  }
}