{
  "source": "bible.com",
  "version": "Statenvertaling (1750)",
  "book": "2 Petrus",
  "chapters": {
    "1": [
      {
        "book_name": "2 Petrus",
        "book": 61,
        "chapter": 1,
        "verse": 1,
        "text": "1Simeon Petrus, een dienstknecht en apostel van Jezus Christus, aan degenen, die even dierbaar geloof met ons verkregen hebben, door de rechtvaardigheid van onzen God en Zaligmaker, Jezus Christus:  2Genade en vrede zij u vermenigvuldigd door de kennis van God, en van Jezus, onzen Heere;  3Gelijk ons Zijn Goddelijke kracht alles, wat tot het leven en de godzaligheid behoort, geschonken heeft, door de kennis Desgenen, Die ons geroepen heeft tot heerlijkheid en deugd;  4Door welke ons de grootste en dierbare beloften geschonken zijn, opdat gij door dezelve der Goddelijke natuur deelachtig zoudt worden, nadat gij ontvloden zijt het verderf, dat in de wereld is door de begeerlijkheid.  5En gij, tot hetzelve ook alle naarstigheid toebrengende, voegt bij uw geloof deugd, en bij de deugd kennis,  6En bij de kennis matigheid, en bij de matigheid lijdzaamheid, en bij de lijdzaamheid godzaligheid,  7En bij de godzaligheid broederlijke liefde, en bij de broederlijke liefde, liefde jegens allen.  8Want zo deze dingen bij u zijn, en in u overvloedig zijn, zij zullen u niet ledig noch onvruchtbaar laten in de kennis van onzen Heere Jezus Christus.  9Want bij welken deze dingen niet zijn, die is blind, van verre niet ziende, hebbende vergeten de reiniging zijner vorige zonden.  10Daarom, broeders, benaarstigt u te meer, om uw roeping en verkiezing vast te maken; want dat doende zult gij nimmermeer struikelen.  11Want alzo zal u rijkelijk toegevoegd worden de ingang in het eeuwig Koninkrijk van onzen Heere en Zaligmaker, Jezus Christus.  12Daarom zal ik niet verzuimen u altijd daarvan te vermanen, hoewel gij het weet, en in de tegenwoordige waarheid versterkt zijt.  13En ik acht het recht te zijn, zolang ik in dezen tabernakel ben, dat ik u opwekke door vermaning;  14Alzo ik weet, dat de aflegging mijns tabernakels haast zijn zal, gelijkerwijs ook onze Heere Jezus Christus mij heeft geopenbaard.  15Doch ik zal ook naarstigheid doen bij alle gelegenheid, dat gij na mijn uitgang van deze dingen gedachtenis moogt hebben.  16Want wij zijn geen kunstelijk verdichte fabelen nagevolgd, als wij u bekend gemaakt hebben de kracht en toekomst van onzen Heere Jezus Christus, maar wij zijn aanschouwers geweest van Zijn majesteit.  17Want Hij heeft van God den Vader eer en heerlijkheid ontvangen, als zodanig een stem van de hoogwaardige heerlijkheid tot Hem gebracht werd: Deze is Mijn geliefde Zoon, in Denwelken Ik Mijn welbehagen heb.  18En deze stem hebben wij gehoord, als zij van de hemel gebracht is geweest, toen wij met Hem op den heiligen berg waren.  19En wij hebben het profetische woord, dat zeer vast is, en gij doet wel, dat gij daarop acht hebt, als op een licht, schijnende in een duistere plaats, totdat de dag aanlichte, en de morgenster opga in uw harten.  20Dit eerst wetende, dat geen profetie der Schrift is van eigen uitlegging;  21Want de profetie is voortijds niet voortgebracht door den wil eens mensen, maar de heilige mensen Gods, van den Heiligen Geest gedreven zijnde, hebben ze gesproken."
      },
      {
        "book_name": "2 Petrus",
        "book": 61,
        "chapter": 1,
        "verse": 1,
        "text": "Simeon Petrus, een dienstknecht en apostel van Jezus Christus, aan degenen, die even dierbaar geloof met ons verkregen hebben, door de rechtvaardigheid van onzen God en Zaligmaker, Jezus Christus:"
      },
      {
        "book_name": "2 Petrus",
        "book": 61,
        "chapter": 1,
        "verse": 2,
        "text": "Genade en vrede zij u vermenigvuldigd door de kennis van God, en van Jezus, onzen Heere;"
      },
      {
        "book_name": "2 Petrus",
        "book": 61,
        "chapter": 1,
        "verse": 3,
        "text": "Gelijk ons Zijn Goddelijke kracht alles, wat tot het leven en de godzaligheid behoort, geschonken heeft, door de kennis Desgenen, Die ons geroepen heeft tot heerlijkheid en deugd;"
      },
      {
        "book_name": "2 Petrus",
        "book": 61,
        "chapter": 1,
        "verse": 4,
        "text": "Door welke ons de grootste en dierbare beloften geschonken zijn, opdat gij door dezelve der Goddelijke natuur deelachtig zoudt worden, nadat gij ontvloden zijt het verderf, dat in de wereld is door de begeerlijkheid."
      },
      {
        "book_name": "2 Petrus",
        "book": 61,
        "chapter": 1,
        "verse": 5,
        "text": "En gij, tot hetzelve ook alle naarstigheid toebrengende, voegt bij uw geloof deugd, en bij de deugd kennis,"
      },
      {
        "book_name": "2 Petrus",
        "book": 61,
        "chapter": 1,
        "verse": 6,
        "text": "En bij de kennis matigheid, en bij de matigheid lijdzaamheid, en bij de lijdzaamheid godzaligheid,"
      },
      {
        "book_name": "2 Petrus",
        "book": 61,
        "chapter": 1,
        "verse": 7,
        "text": "En bij de godzaligheid broederlijke liefde, en bij de broederlijke liefde, liefde jegens allen."
      },
      {
        "book_name": "2 Petrus",
        "book": 61,
        "chapter": 1,
        "verse": 8,
        "text": "Want zo deze dingen bij u zijn, en in u overvloedig zijn, zij zullen u niet ledig noch onvruchtbaar laten in de kennis van onzen Heere Jezus Christus."
      },
      {
        "book_name": "2 Petrus",
        "book": 61,
        "chapter": 1,
        "verse": 9,
        "text": "Want bij welken deze dingen niet zijn, die is blind, van verre niet ziende, hebbende vergeten de reiniging zijner vorige zonden."
      },
      {
        "book_name": "2 Petrus",
        "book": 61,
        "chapter": 1,
        "verse": 10,
        "text": "Daarom, broeders, benaarstigt u te meer, om uw roeping en verkiezing vast te maken; want dat doende zult gij nimmermeer struikelen."
      },
      {
        "book_name": "2 Petrus",
        "book": 61,
        "chapter": 1,
        "verse": 11,
        "text": "Want alzo zal u rijkelijk toegevoegd worden de ingang in het eeuwig Koninkrijk van onzen Heere en Zaligmaker, Jezus Christus."
      },
      {
        "book_name": "2 Petrus",
        "book": 61,
        "chapter": 1,
        "verse": 12,
        "text": "Daarom zal ik niet verzuimen u altijd daarvan te vermanen, hoewel gij het weet, en in de tegenwoordige waarheid versterkt zijt."
      },
      {
        "book_name": "2 Petrus",
        "book": 61,
        "chapter": 1,
        "verse": 13,
        "text": "En ik acht het recht te zijn, zolang ik in dezen tabernakel ben, dat ik u opwekke door vermaning;"
      },
      {
        "book_name": "2 Petrus",
        "book": 61,
        "chapter": 1,
        "verse": 14,
        "text": "Alzo ik weet, dat de aflegging mijns tabernakels haast zijn zal, gelijkerwijs ook onze Heere Jezus Christus mij heeft geopenbaard."
      },
      {
        "book_name": "2 Petrus",
        "book": 61,
        "chapter": 1,
        "verse": 15,
        "text": "Doch ik zal ook naarstigheid doen bij alle gelegenheid, dat gij na mijn uitgang van deze dingen gedachtenis moogt hebben."
      },
      {
        "book_name": "2 Petrus",
        "book": 61,
        "chapter": 1,
        "verse": 16,
        "text": "Want wij zijn geen kunstelijk verdichte fabelen nagevolgd, als wij u bekend gemaakt hebben de kracht en toekomst van onzen Heere Jezus Christus, maar wij zijn aanschouwers geweest van Zijn majesteit."
      },
      {
        "book_name": "2 Petrus",
        "book": 61,
        "chapter": 1,
        "verse": 17,
        "text": "Want Hij heeft van God den Vader eer en heerlijkheid ontvangen, als zodanig een stem van de hoogwaardige heerlijkheid tot Hem gebracht werd: Deze is Mijn geliefde Zoon, in Denwelken Ik Mijn welbehagen heb."
      },
      {
        "book_name": "2 Petrus",
        "book": 61,
        "chapter": 1,
        "verse": 18,
        "text": "En deze stem hebben wij gehoord, als zij van de hemel gebracht is geweest, toen wij met Hem op den heiligen berg waren."
      },
      {
        "book_name": "2 Petrus",
        "book": 61,
        "chapter": 1,
        "verse": 19,
        "text": "En wij hebben het profetische woord, dat zeer vast is, en gij doet wel, dat gij daarop acht hebt, als op een licht, schijnende in een duistere plaats, totdat de dag aanlichte, en de morgenster opga in uw harten."
      },
      {
        "book_name": "2 Petrus",
        "book": 61,
        "chapter": 1,
        "verse": 20,
        "text": "Dit eerst wetende, dat geen profetie der Schrift is van eigen uitlegging;"
      },
      {
        "book_name": "2 Petrus",
        "book": 61,
        "chapter": 1,
        "verse": 21,
        "text": "Want de profetie is voortijds niet voortgebracht door den wil eens mensen, maar de heilige mensen Gods, van den Heiligen Geest gedreven zijnde, hebben ze gesproken."
      }
    ],
    "2": [
      {
        "book_name": "2 Petrus",
        "book": 61,
        "chapter": 2,
        "verse": 1,
        "text": "1En er zijn ook valse profeten onder het volk geweest, gelijk ook onder u valse leraars zijn zullen, die verderfelijke ketterijen bedektelijk invoeren zullen, ook den Heere, Die hen gekocht heeft, verloochenende, en een haastig verderf over zichzelven brengende;  2En velen zullen hun verderfenissen navolgen, door welke de weg der waarheid zal gelasterd worden.  3En zij zullen door gierigheid, met gemaakte woorden, van u een koopmanschap maken; over welke het oordeel van over lang niet ledig is, en hun verderf sluimert niet.  4Want indien God de engelen, die gezondigd hebben, niet gespaard heeft, maar, die in de hel geworpen hebbende, overgegeven heeft aan de ketenen der duisternis, om tot het oordeel bewaard te worden;  5En de oude wereld niet heeft gespaard, maar Noach, den prediker der gerechtigheid, zijn achttal bewaard heeft, als Hij den zondvloed over de wereld der goddelozen heeft gebracht;  6En de steden van Sodoma en Gomorra tot as verbrandende met omkering veroordeeld heeft, en tot een voorbeeld gezet dengenen, die goddelooslijk zouden leven;  7En den rechtvaardigen Lot, die vermoeid was van den ontuchtigen wandel der gruwelijke mensen, daaruit verlost heeft;  8(Want deze rechtvaardige man, wonende onder hen, heeft dag op dag zijn rechtvaardige ziel gekweld, door het zien en horen van hun ongerechtige werken);  9Zo weet de Heere de godzaligen uit de verzoeking te verlossen, en de onrechtvaardigen te bewaren tot den dag des oordeels, om gestraft te worden;  10Maar allermeest degenen, die naar het vlees in onreine begeerlijkheid wandelen, en de heerschappij verachten; die stout zijn, zichzelven behagen, en die de heerlijkheden niet schromen te lasteren;  11Daar de engelen in sterkte en kracht meerder zijnde, geen lasterlijk oordeel tegen hen voor den Heere voortbrengen.  12Maar deze, als onredelijke dieren, die de natuur volgen, en voortgebracht zijn om gevangen en gedood te worden, dewijl zij lasteren, hetgeen zij niet verstaan, zullen in hun verdorvenheid verdorven worden;  13En zullen verkrijgen het loon der ongerechtigheid, als die de dagelijkse weelde hun vermaak achten, zijnde vlekken en smetten, en zijn weelderig in hun bedriegerijen, als zij in de maaltijden met u zijn;  14Hebbende de ogen vol overspel, en die niet ophouden van zondigen; verlokkende de onvaste zielen, hebbende het hart geoefend in gierigheid, kinderen der vervloeking;  15Die den rechten weg verlaten hebbende, zijn verdwaald, en volgen den weg van Balaäm, den zoon van Bosor, die het loon der ongerechtigheid liefgehad heeft;  16Maar hij heeft de bestraffing zijner ongerechtigheid gehad; want het jukdragende stomme dier, sprekende met mensenstem, heeft des profeten dwaasheid verhinderd.  17Deze zijn waterloze fonteinen, wolken van een draaiwind gedreven, denwelken de donkerheid der duisternis in der eeuwigheid bewaard wordt.  18Want zij, zeer opgeblazene ijdelheid sprekende, verlokken, door de begeerlijkheden des vleses en door ontuchtigheden, degenen, die waarlijk ontvloden waren van degenen, die in dwaling wandelen;  19Belovende hun vrijheid, daar zijzelven dienstknechten zijn der verdorvenheid; want van wien iemand overwonnen is, dien is hij ook tot een dienstknecht gemaakt.  20Want indien zij, nadat zij door de kennis van den Heere en Zaligmaker Jezus Christus, de besmettingen der wereld ontvloden zijn, en in dezelve wederom ingewikkeld zijnde, van dezelve overwonnen worden, zo is hun het laatste erger geworden dan het eerste.  21Want het ware hun beter, dat zij den weg der gerechtigheid niet gekend hadden, dan dat zij, dien gekend hebbende, weder afkeren van het heilige gebod, dat hun overgegeven was.  22Maar hun is overkomen, hetgeen met een waar spreekwoord gezegd wordt: De hond is wedergekeerd tot zijn eigen uitbraaksel; en de gewassen zeug tot de wenteling in het slijk."
      },
      {
        "book_name": "2 Petrus",
        "book": 61,
        "chapter": 2,
        "verse": 1,
        "text": "En er zijn ook valse profeten onder het volk geweest, gelijk ook onder u valse leraars zijn zullen, die verderfelijke ketterijen bedektelijk invoeren zullen, ook den Heere, Die hen gekocht heeft, verloochenende, en een haastig verderf over zichzelven brengende;"
      },
      {
        "book_name": "2 Petrus",
        "book": 61,
        "chapter": 2,
        "verse": 2,
        "text": "En velen zullen hun verderfenissen navolgen, door welke de weg der waarheid zal gelasterd worden."
      },
      {
        "book_name": "2 Petrus",
        "book": 61,
        "chapter": 2,
        "verse": 3,
        "text": "En zij zullen door gierigheid, met gemaakte woorden, van u een koopmanschap maken; over welke het oordeel van over lang niet ledig is, en hun verderf sluimert niet."
      },
      {
        "book_name": "2 Petrus",
        "book": 61,
        "chapter": 2,
        "verse": 4,
        "text": "Want indien God de engelen, die gezondigd hebben, niet gespaard heeft, maar, die in de hel geworpen hebbende, overgegeven heeft aan de ketenen der duisternis, om tot het oordeel bewaard te worden;"
      },
      {
        "book_name": "2 Petrus",
        "book": 61,
        "chapter": 2,
        "verse": 5,
        "text": "En de oude wereld niet heeft gespaard, maar Noach, den prediker der gerechtigheid, zijn achttal bewaard heeft, als Hij den zondvloed over de wereld der goddelozen heeft gebracht;"
      },
      {
        "book_name": "2 Petrus",
        "book": 61,
        "chapter": 2,
        "verse": 6,
        "text": "En de steden van Sodoma en Gomorra tot as verbrandende met omkering veroordeeld heeft, en tot een voorbeeld gezet dengenen, die goddelooslijk zouden leven;"
      },
      {
        "book_name": "2 Petrus",
        "book": 61,
        "chapter": 2,
        "verse": 7,
        "text": "En den rechtvaardigen Lot, die vermoeid was van den ontuchtigen wandel der gruwelijke mensen, daaruit verlost heeft;"
      },
      {
        "book_name": "2 Petrus",
        "book": 61,
        "chapter": 2,
        "verse": 8,
        "text": "(Want deze rechtvaardige man, wonende onder hen, heeft dag op dag zijn rechtvaardige ziel gekweld, door het zien en horen van hun ongerechtige werken);"
      },
      {
        "book_name": "2 Petrus",
        "book": 61,
        "chapter": 2,
        "verse": 9,
        "text": "Zo weet de Heere de godzaligen uit de verzoeking te verlossen, en de onrechtvaardigen te bewaren tot den dag des oordeels, om gestraft te worden;"
      },
      {
        "book_name": "2 Petrus",
        "book": 61,
        "chapter": 2,
        "verse": 10,
        "text": "Maar allermeest degenen, die naar het vlees in onreine begeerlijkheid wandelen, en de heerschappij verachten; die stout zijn, zichzelven behagen, en die de heerlijkheden niet schromen te lasteren;"
      },
      {
        "book_name": "2 Petrus",
        "book": 61,
        "chapter": 2,
        "verse": 11,
        "text": "Daar de engelen in sterkte en kracht meerder zijnde, geen lasterlijk oordeel tegen hen voor den Heere voortbrengen."
      },
      {
        "book_name": "2 Petrus",
        "book": 61,
        "chapter": 2,
        "verse": 12,
        "text": "Maar deze, als onredelijke dieren, die de natuur volgen, en voortgebracht zijn om gevangen en gedood te worden, dewijl zij lasteren, hetgeen zij niet verstaan, zullen in hun verdorvenheid verdorven worden;"
      },
      {
        "book_name": "2 Petrus",
        "book": 61,
        "chapter": 2,
        "verse": 13,
        "text": "En zullen verkrijgen het loon der ongerechtigheid, als die de dagelijkse weelde hun vermaak achten, zijnde vlekken en smetten, en zijn weelderig in hun bedriegerijen, als zij in de maaltijden met u zijn;"
      },
      {
        "book_name": "2 Petrus",
        "book": 61,
        "chapter": 2,
        "verse": 14,
        "text": "Hebbende de ogen vol overspel, en die niet ophouden van zondigen; verlokkende de onvaste zielen, hebbende het hart geoefend in gierigheid, kinderen der vervloeking;"
      },
      {
        "book_name": "2 Petrus",
        "book": 61,
        "chapter": 2,
        "verse": 15,
        "text": "Die den rechten weg verlaten hebbende, zijn verdwaald, en volgen den weg van Balaäm, den zoon van Bosor, die het loon der ongerechtigheid liefgehad heeft;"
      },
      {
        "book_name": "2 Petrus",
        "book": 61,
        "chapter": 2,
        "verse": 16,
        "text": "Maar hij heeft de bestraffing zijner ongerechtigheid gehad; want het jukdragende stomme dier, sprekende met mensenstem, heeft des profeten dwaasheid verhinderd."
      },
      {
        "book_name": "2 Petrus",
        "book": 61,
        "chapter": 2,
        "verse": 17,
        "text": "Deze zijn waterloze fonteinen, wolken van een draaiwind gedreven, denwelken de donkerheid der duisternis in der eeuwigheid bewaard wordt."
      },
      {
        "book_name": "2 Petrus",
        "book": 61,
        "chapter": 2,
        "verse": 18,
        "text": "Want zij, zeer opgeblazene ijdelheid sprekende, verlokken, door de begeerlijkheden des vleses en door ontuchtigheden, degenen, die waarlijk ontvloden waren van degenen, die in dwaling wandelen;"
      },
      {
        "book_name": "2 Petrus",
        "book": 61,
        "chapter": 2,
        "verse": 19,
        "text": "Belovende hun vrijheid, daar zijzelven dienstknechten zijn der verdorvenheid; want van wien iemand overwonnen is, dien is hij ook tot een dienstknecht gemaakt."
      },
      {
        "book_name": "2 Petrus",
        "book": 61,
        "chapter": 2,
        "verse": 20,
        "text": "Want indien zij, nadat zij door de kennis van den Heere en Zaligmaker Jezus Christus, de besmettingen der wereld ontvloden zijn, en in dezelve wederom ingewikkeld zijnde, van dezelve overwonnen worden, zo is hun het laatste erger geworden dan het eerste."
      },
      {
        "book_name": "2 Petrus",
        "book": 61,
        "chapter": 2,
        "verse": 21,
        "text": "Want het ware hun beter, dat zij den weg der gerechtigheid niet gekend hadden, dan dat zij, dien gekend hebbende, weder afkeren van het heilige gebod, dat hun overgegeven was."
      },
      {
        "book_name": "2 Petrus",
        "book": 61,
        "chapter": 2,
        "verse": 22,
        "text": "Maar hun is overkomen, hetgeen met een waar spreekwoord gezegd wordt: De hond is wedergekeerd tot zijn eigen uitbraaksel; en de gewassen zeug tot de wenteling in het slijk."
      }
    ],
    "3": [
      {
        "book_name": "2 Petrus",
        "book": 61,
        "chapter": 3,
        "verse": 1,
        "text": "1Dezen tweeden zendbrief, geliefden, schrijf ik nu aan u, in welke beide ik door vermaning uw oprecht gemoed opwekke;  2Opdat gij gedachtig zijt aan de woorden, die van de heilige profeten te voren gesproken zijn, en aan ons gebod, die des Heeren en Zaligmakers apostelen zijn;  3Dit eerst wetende, dat in het laatste der dagen spotters komen zullen, die naar hun eigen begeerlijkheden zullen wandelen,  4En zeggen: Waar is de belofte Zijner toekomst? Want van dien dag, dat de vaders ontslapen zijn, blijven alle dingen alzo gelijk van het begin der schepping.  5Want willens is dit hun onbekend, dat door het Woord Gods de hemelen van overlang geweest zijn, en de aarde uit het water en in het water bestaande;  6Door welke de wereld, die toen was, met het water van den zondvloed bedekt zijnde, vergaan is.  7Maar de hemelen, die nu zijn, en de aarde, zijn door hetzelfde Woord als een schat weggelegd, en worden ten vure bewaard tegen den dag des oordeels, en der verderving der goddeloze mensen.  8Doch deze éne zaak zij u niet onbekend, geliefden, dat één dag bij den Heere is als duizend jaren, en duizend jaren als één dag.  9De Heere vertraagt de belofte niet (gelijk enigen dat traagheid achten), maar is lankmoedig over ons, niet willende, dat enigen verloren gaan, maar dat zij allen tot bekering komen.  10Maar de dag des Heeren zal komen als een dief in den nacht, in welken de hemelen met een gedruis zullen voorbijgaan, en de elementen branden zullen en vergaan, en de aarde en de werken, die daarin zijn, zullen verbranden.  11Dewijl dan deze dingen alle vergaan, hoedanigen behoort gij te zijn in heiligen wandel en godzaligheid!  12Verwachtende en haastende tot de toekomst van den dag Gods, in welken de hemelen, door vuur ontstoken zijnde, zullen vergaan, en de elementen brandende zullen versmelten.  13Maar wij verwachten, naar Zijn belofte, nieuwe hemelen en een nieuwe aarde, in dewelke gerechtigheid woont.  14Daarom, geliefden, verwachtende deze dingen, benaarstigt u, dat gij onbevlekt en onbestraffelijk van Hem bevonden moogt worden in vrede;  15En acht de lankmoedigheid onzes Heeren voor zaligheid; gelijkerwijs ook onze geliefde broeder Paulus, naar de wijsheid, die hem gegeven is, ulieden geschreven heeft;  16Gelijk ook in alle zendbrieven, daarin van deze dingen sprekende; in welke sommige dingen zwaar zijn om te verstaan, die de ongeleerde en onvaste mensen verdraaien, gelijk ook de andere Schriften, tot hun eigen verderf.  17Gij dan, geliefden, zulks te voren wetende, wacht u, dat gij niet door de verleiding der gruwelijke mensen mede afgerukt wordt, en uitvalt van uw vastigheid;  18Maar wast op in de genade en kennis van onzen Heere en Zaligmaker Jezus Christus. Hem zij de heerlijkheid, beide nu en in den dag der eeuwigheid. Amen."
      },
      {
        "book_name": "2 Petrus",
        "book": 61,
        "chapter": 3,
        "verse": 1,
        "text": "Dezen tweeden zendbrief, geliefden, schrijf ik nu aan u, in welke beide ik door vermaning uw oprecht gemoed opwekke;"
      },
      {
        "book_name": "2 Petrus",
        "book": 61,
        "chapter": 3,
        "verse": 2,
        "text": "Opdat gij gedachtig zijt aan de woorden, die van de heilige profeten te voren gesproken zijn, en aan ons gebod, die des Heeren en Zaligmakers apostelen zijn;"
      },
      {
        "book_name": "2 Petrus",
        "book": 61,
        "chapter": 3,
        "verse": 3,
        "text": "Dit eerst wetende, dat in het laatste der dagen spotters komen zullen, die naar hun eigen begeerlijkheden zullen wandelen,"
      },
      {
        "book_name": "2 Petrus",
        "book": 61,
        "chapter": 3,
        "verse": 4,
        "text": "En zeggen: Waar is de belofte Zijner toekomst? Want van dien dag, dat de vaders ontslapen zijn, blijven alle dingen alzo gelijk van het begin der schepping."
      },
      {
        "book_name": "2 Petrus",
        "book": 61,
        "chapter": 3,
        "verse": 5,
        "text": "Want willens is dit hun onbekend, dat door het Woord Gods de hemelen van overlang geweest zijn, en de aarde uit het water en in het water bestaande;"
      },
      {
        "book_name": "2 Petrus",
        "book": 61,
        "chapter": 3,
        "verse": 6,
        "text": "Door welke de wereld, die toen was, met het water van den zondvloed bedekt zijnde, vergaan is."
      },
      {
        "book_name": "2 Petrus",
        "book": 61,
        "chapter": 3,
        "verse": 7,
        "text": "Maar de hemelen, die nu zijn, en de aarde, zijn door hetzelfde Woord als een schat weggelegd, en worden ten vure bewaard tegen den dag des oordeels, en der verderving der goddeloze mensen."
      },
      {
        "book_name": "2 Petrus",
        "book": 61,
        "chapter": 3,
        "verse": 8,
        "text": "Doch deze éne zaak zij u niet onbekend, geliefden, dat één dag bij den Heere is als duizend jaren, en duizend jaren als één dag."
      },
      {
        "book_name": "2 Petrus",
        "book": 61,
        "chapter": 3,
        "verse": 9,
        "text": "De Heere vertraagt de belofte niet (gelijk enigen dat traagheid achten), maar is lankmoedig over ons, niet willende, dat enigen verloren gaan, maar dat zij allen tot bekering komen."
      },
      {
        "book_name": "2 Petrus",
        "book": 61,
        "chapter": 3,
        "verse": 10,
        "text": "Maar de dag des Heeren zal komen als een dief in den nacht, in welken de hemelen met een gedruis zullen voorbijgaan, en de elementen branden zullen en vergaan, en de aarde en de werken, die daarin zijn, zullen verbranden."
      },
      {
        "book_name": "2 Petrus",
        "book": 61,
        "chapter": 3,
        "verse": 11,
        "text": "Dewijl dan deze dingen alle vergaan, hoedanigen behoort gij te zijn in heiligen wandel en godzaligheid!"
      },
      {
        "book_name": "2 Petrus",
        "book": 61,
        "chapter": 3,
        "verse": 12,
        "text": "Verwachtende en haastende tot de toekomst van den dag Gods, in welken de hemelen, door vuur ontstoken zijnde, zullen vergaan, en de elementen brandende zullen versmelten."
      },
      {
        "book_name": "2 Petrus",
        "book": 61,
        "chapter": 3,
        "verse": 13,
        "text": "Maar wij verwachten, naar Zijn belofte, nieuwe hemelen en een nieuwe aarde, in dewelke gerechtigheid woont."
      },
      {
        "book_name": "2 Petrus",
        "book": 61,
        "chapter": 3,
        "verse": 14,
        "text": "Daarom, geliefden, verwachtende deze dingen, benaarstigt u, dat gij onbevlekt en onbestraffelijk van Hem bevonden moogt worden in vrede;"
      },
      {
        "book_name": "2 Petrus",
        "book": 61,
        "chapter": 3,
        "verse": 15,
        "text": "En acht de lankmoedigheid onzes Heeren voor zaligheid; gelijkerwijs ook onze geliefde broeder Paulus, naar de wijsheid, die hem gegeven is, ulieden geschreven heeft;"
      },
      {
        "book_name": "2 Petrus",
        "book": 61,
        "chapter": 3,
        "verse": 16,
        "text": "Gelijk ook in alle zendbrieven, daarin van deze dingen sprekende; in welke sommige dingen zwaar zijn om te verstaan, die de ongeleerde en onvaste mensen verdraaien, gelijk ook de andere Schriften, tot hun eigen verderf."
      },
      {
        "book_name": "2 Petrus",
        "book": 61,
        "chapter": 3,
        "verse": 17,
        "text": "Gij dan, geliefden, zulks te voren wetende, wacht u, dat gij niet door de verleiding der gruwelijke mensen mede afgerukt wordt, en uitvalt van uw vastigheid;"
      },
      {
        "book_name": "2 Petrus",
        "book": 61,
        "chapter": 3,
        "verse": 18,
        "text": "Maar wast op in de genade en kennis van onzen Heere en Zaligmaker Jezus Christus. Hem zij de heerlijkheid, beide nu en in den dag der eeuwigheid. Amen."
      }
    ]
  }
}