{
  "source": "bible.com",
  "version": "Statenvertaling (1750)",
  "book": "2 Thessalonicenzen",
  "chapters": {
    "1": [
      {
        "book_name": "2 Thessalonicenzen",
        "book": 53,
        "chapter": 1,
        "verse": 1,
        "text": "1Paulus, en Silvánus, en Timotheüs, aan de Gemeente der Thessalonicensen, welke is in God, onzen Vader, en den Heere Jezus Christus:  2Genade zij u, en vrede, van God, onzen Vader, en den Heere Jezus Christus.  3Wij moeten God te allen tijd danken over u, broeders, gelijk billijk is, omdat uw geloof zeer wast, en dat de liefde eens iegelijken van u allen jegens elkander overvloedig wordt;  4Alzo dat wij zelven van u roemen in de Gemeenten Gods, over uw lijdzaamheid en geloof in al uw vervolgingen en verdrukkingen, die gij verdraagt;  5Een bewijs van Gods rechtvaardig oordeel, opdat gij waardig geacht wordt het Koninkrijk Gods, voor hetwelk gij ook lijdt;  6Alzo het recht is bij God verdrukking te vergelden dengenen, die u verdrukken;  7En u, die verdrukt wordt, verkwikking met ons, in de openbaring van den Heere Jezus van den hemel met de engelen Zijner kracht;  8Met vlammend vuur wraak doende over degenen, die God niet kennen, en over degenen, die het Evangelie van onzen Heere Jezus Christus niet gehoorzaam zijn.  9Dewelken zullen tot straf lijden het eeuwig verderf, van het aangezicht des Heeren, en van de heerlijkheid Zijner sterkte,  10Wanneer Hij zal gekomen zijn, om verheerlijkt te worden in Zijn heiligen, en wonderbaar te worden in allen, die geloven (overmits onze getuigenis onder u is geloofd geworden) in dien dag.  11Waarom wij ook altijd bidden voor u, dat onze God u waardig achte der roeping, en vervulle al het welbehagen Zijner goedigheid, en het werk des geloofs met kracht.  12Opdat de Naam van onzen Heere Jezus Christus verheerlijkt worde in u, en gij in Hem, naar de genade van onzen God en den Heere Jezus Christus."
      },
      {
        "book_name": "2 Thessalonicenzen",
        "book": 53,
        "chapter": 1,
        "verse": 1,
        "text": "Paulus, en Silvánus, en Timotheüs, aan de Gemeente der Thessalonicensen, welke is in God, onzen Vader, en den Heere Jezus Christus:"
      },
      {
        "book_name": "2 Thessalonicenzen",
        "book": 53,
        "chapter": 1,
        "verse": 2,
        "text": "Genade zij u, en vrede, van God, onzen Vader, en den Heere Jezus Christus."
      },
      {
        "book_name": "2 Thessalonicenzen",
        "book": 53,
        "chapter": 1,
        "verse": 3,
        "text": "Wij moeten God te allen tijd danken over u, broeders, gelijk billijk is, omdat uw geloof zeer wast, en dat de liefde eens iegelijken van u allen jegens elkander overvloedig wordt;"
      },
      {
        "book_name": "2 Thessalonicenzen",
        "book": 53,
        "chapter": 1,
        "verse": 4,
        "text": "Alzo dat wij zelven van u roemen in de Gemeenten Gods, over uw lijdzaamheid en geloof in al uw vervolgingen en verdrukkingen, die gij verdraagt;"
      },
      {
        "book_name": "2 Thessalonicenzen",
        "book": 53,
        "chapter": 1,
        "verse": 5,
        "text": "Een bewijs van Gods rechtvaardig oordeel, opdat gij waardig geacht wordt het Koninkrijk Gods, voor hetwelk gij ook lijdt;"
      },
      {
        "book_name": "2 Thessalonicenzen",
        "book": 53,
        "chapter": 1,
        "verse": 6,
        "text": "Alzo het recht is bij God verdrukking te vergelden dengenen, die u verdrukken;"
      },
      {
        "book_name": "2 Thessalonicenzen",
        "book": 53,
        "chapter": 1,
        "verse": 7,
        "text": "En u, die verdrukt wordt, verkwikking met ons, in de openbaring van den Heere Jezus van den hemel met de engelen Zijner kracht;"
      },
      {
        "book_name": "2 Thessalonicenzen",
        "book": 53,
        "chapter": 1,
        "verse": 8,
        "text": "Met vlammend vuur wraak doende over degenen, die God niet kennen, en over degenen, die het Evangelie van onzen Heere Jezus Christus niet gehoorzaam zijn."
      },
      {
        "book_name": "2 Thessalonicenzen",
        "book": 53,
        "chapter": 1,
        "verse": 9,
        "text": "Dewelken zullen tot straf lijden het eeuwig verderf, van het aangezicht des Heeren, en van de heerlijkheid Zijner sterkte,"
      },
      {
        "book_name": "2 Thessalonicenzen",
        "book": 53,
        "chapter": 1,
        "verse": 10,
        "text": "Wanneer Hij zal gekomen zijn, om verheerlijkt te worden in Zijn heiligen, en wonderbaar te worden in allen, die geloven (overmits onze getuigenis onder u is geloofd geworden) in dien dag."
      },
      {
        "book_name": "2 Thessalonicenzen",
        "book": 53,
        "chapter": 1,
        "verse": 11,
        "text": "Waarom wij ook altijd bidden voor u, dat onze God u waardig achte der roeping, en vervulle al het welbehagen Zijner goedigheid, en het werk des geloofs met kracht."
      },
      {
        "book_name": "2 Thessalonicenzen",
        "book": 53,
        "chapter": 1,
        "verse": 12,
        "text": "Opdat de Naam van onzen Heere Jezus Christus verheerlijkt worde in u, en gij in Hem, naar de genade van onzen God en den Heere Jezus Christus."
      }
    ],
    "2": [
      {
        "book_name": "2 Thessalonicenzen",
        "book": 53,
        "chapter": 2,
        "verse": 1,
        "text": "1En wij bidden u, broeders, door de toekomst van onzen Heere Jezus Christus, en onze toevergadering tot Hem,  2Dat gij niet haastelijk bewogen wordt van verstand, of verschrikt, noch door geest, noch door woord, noch door zendbrief, als van ons geschreven, alsof de dag van Christus aanstaande ware.  3Dat u niemand verleide op enigerlei wijze; want die komt niet, tenzij dat eerst de afval gekomen zij, en dat geopenbaard zij de mens der zonde, de zoon des verderfs;  4Die zich tegenstelt, en verheft boven al wat God genaamd, of als God geëerd wordt, alzo dat hij in den tempel Gods als een God zal zitten, zichzelven vertonende, dat hij God is.  5Gedenkt gij niet, dat ik, nog bij u zijnde, u deze dingen gezegd heb?  6En nu, wat hem wederhoudt, weet gij, opdat hij geopenbaard worde te zijner eigen tijd.  7Want de verborgenheid der ongerechtigheid wordt alrede gewrocht; alleenlijk, die hem nu wederhoudt, die zal hem wederhouden, totdat hij uit het midden zal weggedaan worden.  8En alsdan zal de ongerechtige geopenbaard worden, denwelken de Heere verdoen zal door den Geest Zijns monds, en te niet maken door de verschijning Zijner toekomst;  9  Hem, zeg ik, wiens toekomst is naar de werking des satans, in alle kracht, en tekenen, en wonderen der leugen;  10En in alle verleiding der onrechtvaardigheid in degenen, die verloren gaan; daarvoor dat zij de liefde der waarheid niet aangenomen hebben, om zalig te worden.  11En daarom zal God hun zenden een kracht der dwaling, dat zij de leugen zouden geloven;  12Opdat zij allen veroordeeld worden, die de waarheid niet geloofd hebben, maar een welbehagen hebben gehad in de ongerechtigheid.  13Maar wij zijn schuldig altijd God te danken over u, broeders, die van den Heere bemind zijt, dat u God van den beginne verkoren heeft tot zaligheid, in heiligmaking des Geestes, en geloof der waarheid;  14Waartoe Hij u geroepen heeft door ons Evangelie, tot verkrijging der heerlijkheid van onzen Heere Jezus Christus.  15Zo dan, broeders, staat vast en houdt de inzettingen, die u geleerd zijn, hetzij door ons woord, hetzij door onzen zendbrief.  16En onze Heere Jezus Christus Zelf, en onze God en Vader, Die ons heeft liefgehad, en gegeven heeft een eeuwige vertroosting en goede hoop in genade,  17Vertrooste uw harten, en versterke u in alle goed woord en werk."
      },
      {
        "book_name": "2 Thessalonicenzen",
        "book": 53,
        "chapter": 2,
        "verse": 1,
        "text": "En wij bidden u, broeders, door de toekomst van onzen Heere Jezus Christus, en onze toevergadering tot Hem,"
      },
      {
        "book_name": "2 Thessalonicenzen",
        "book": 53,
        "chapter": 2,
        "verse": 2,
        "text": "Dat gij niet haastelijk bewogen wordt van verstand, of verschrikt, noch door geest, noch door woord, noch door zendbrief, als van ons geschreven, alsof de dag van Christus aanstaande ware."
      },
      {
        "book_name": "2 Thessalonicenzen",
        "book": 53,
        "chapter": 2,
        "verse": 3,
        "text": "Dat u niemand verleide op enigerlei wijze; want die komt niet, tenzij dat eerst de afval gekomen zij, en dat geopenbaard zij de mens der zonde, de zoon des verderfs;"
      },
      {
        "book_name": "2 Thessalonicenzen",
        "book": 53,
        "chapter": 2,
        "verse": 4,
        "text": "Die zich tegenstelt, en verheft boven al wat God genaamd, of als God geëerd wordt, alzo dat hij in den tempel Gods als een God zal zitten, zichzelven vertonende, dat hij God is."
      },
      {
        "book_name": "2 Thessalonicenzen",
        "book": 53,
        "chapter": 2,
        "verse": 5,
        "text": "Gedenkt gij niet, dat ik, nog bij u zijnde, u deze dingen gezegd heb?"
      },
      {
        "book_name": "2 Thessalonicenzen",
        "book": 53,
        "chapter": 2,
        "verse": 6,
        "text": "En nu, wat hem wederhoudt, weet gij, opdat hij geopenbaard worde te zijner eigen tijd."
      },
      {
        "book_name": "2 Thessalonicenzen",
        "book": 53,
        "chapter": 2,
        "verse": 7,
        "text": "Want de verborgenheid der ongerechtigheid wordt alrede gewrocht; alleenlijk, die hem nu wederhoudt, die zal hem wederhouden, totdat hij uit het midden zal weggedaan worden."
      },
      {
        "book_name": "2 Thessalonicenzen",
        "book": 53,
        "chapter": 2,
        "verse": 8,
        "text": "En alsdan zal de ongerechtige geopenbaard worden, denwelken de Heere verdoen zal door den Geest Zijns monds, en te niet maken door de verschijning Zijner toekomst;"
      },
      {
        "book_name": "2 Thessalonicenzen",
        "book": 53,
        "chapter": 2,
        "verse": 9,
        "text": "Hem, zeg ik, wiens toekomst is naar de werking des satans, in alle kracht, en tekenen, en wonderen der leugen;"
      },
      {
        "book_name": "2 Thessalonicenzen",
        "book": 53,
        "chapter": 2,
        "verse": 10,
        "text": "En in alle verleiding der onrechtvaardigheid in degenen, die verloren gaan; daarvoor dat zij de liefde der waarheid niet aangenomen hebben, om zalig te worden."
      },
      {
        "book_name": "2 Thessalonicenzen",
        "book": 53,
        "chapter": 2,
        "verse": 11,
        "text": "En daarom zal God hun zenden een kracht der dwaling, dat zij de leugen zouden geloven;"
      },
      {
        "book_name": "2 Thessalonicenzen",
        "book": 53,
        "chapter": 2,
        "verse": 12,
        "text": "Opdat zij allen veroordeeld worden, die de waarheid niet geloofd hebben, maar een welbehagen hebben gehad in de ongerechtigheid."
      },
      {
        "book_name": "2 Thessalonicenzen",
        "book": 53,
        "chapter": 2,
        "verse": 13,
        "text": "Maar wij zijn schuldig altijd God te danken over u, broeders, die van den Heere bemind zijt, dat u God van den beginne verkoren heeft tot zaligheid, in heiligmaking des Geestes, en geloof der waarheid;"
      },
      {
        "book_name": "2 Thessalonicenzen",
        "book": 53,
        "chapter": 2,
        "verse": 14,
        "text": "Waartoe Hij u geroepen heeft door ons Evangelie, tot verkrijging der heerlijkheid van onzen Heere Jezus Christus."
      },
      {
        "book_name": "2 Thessalonicenzen",
        "book": 53,
        "chapter": 2,
        "verse": 15,
        "text": "Zo dan, broeders, staat vast en houdt de inzettingen, die u geleerd zijn, hetzij door ons woord, hetzij door onzen zendbrief."
      },
      {
        "book_name": "2 Thessalonicenzen",
        "book": 53,
        "chapter": 2,
        "verse": 16,
        "text": "En onze Heere Jezus Christus Zelf, en onze God en Vader, Die ons heeft liefgehad, en gegeven heeft een eeuwige vertroosting en goede hoop in genade,"
      },
      {
        "book_name": "2 Thessalonicenzen",
        "book": 53,
        "chapter": 2,
        "verse": 17,
        "text": "Vertrooste uw harten, en versterke u in alle goed woord en werk."
      }
    ],
    "3": [
      {
        "book_name": "2 Thessalonicenzen",
        "book": 53,
        "chapter": 3,
        "verse": 1,
        "text": "1Voorts, broeders, bidt voor ons, opdat het Woord des Heeren zijn loop hebbe, en verheerlijkt worde, gelijk ook bij u;  2En opdat wij mogen verlost worden van de ongeschikte en boze mensen; want het geloof is niet aller.  3Maar de Heere is getrouw, Die u zal versterken en bewaren van den boze.  4En wij vertrouwen van u in den Heere, dat gij, hetgeen wij u bevelen, ook doet, en doen zult.  5Doch de Heere richte uw harten tot de liefde van God, en tot de lijdzaamheid van Christus.  6En wij bevelen u, broeders, in den Naam van onzen Heere Jezus Christus, dat gij u onttrekt van een iegelijk broeder, die ongeregeld wandelt, en niet naar de inzetting, die hij van ons ontvangen heeft.  7Want gijzelven weet, hoe men ons behoort na te volgen; want wij hebben ons niet ongeregeld gedragen onder u;  8En wij hebben geen brood bij iemand gegeten voor niet, maar in arbeid en moeite, nacht en dag werkende, opdat wij niet iemand van u zouden lastig zijn;  9Niet, dat wij de macht niet hebben, maar opdat wij onszelven u geven zouden tot een voorbeeld, om ons na te volgen.  10Want ook toen wij bij u waren, hebben wij u dit bevolen, dat, zo iemand niet wil werken, hij ook niet ete.  11Want wij horen, dat sommigen onder u ongeregeld wandelen, niet werkende, maar ijdele dingen doende.  12Doch de zodanigen bevelen en vermanen wij door onzen Heere Jezus Christus, dat zij met stilheid werkende, hun eigen brood eten.  13En gij, broeders, vertraagt niet in goed te doen.  14Maar indien iemand ons woord, door dezen brief geschreven, niet gehoorzaam is, tekent dien; en vermengt u niet met hem, opdat hij beschaamd worde;  15En houdt hem niet als een vijand, maar vermaant hem als een broeder.  16De Heere nu des vredes Zelf geve u vrede te allen tijd, in allerlei wijze. De Heere zij met u allen.  17De groetenis met mijn hand, van Paulus; hetwelk is een teken in iederen zendbrief; alzo schrijf ik.  18De genade van onzen Heere Jezus Christus zij met u allen. Amen. «De tweede [brief] aan de Thessalonicenzen werd geschreven vanuit Athene.»"
      },
      {
        "book_name": "2 Thessalonicenzen",
        "book": 53,
        "chapter": 3,
        "verse": 1,
        "text": "Voorts, broeders, bidt voor ons, opdat het Woord des Heeren zijn loop hebbe, en verheerlijkt worde, gelijk ook bij u;"
      },
      {
        "book_name": "2 Thessalonicenzen",
        "book": 53,
        "chapter": 3,
        "verse": 2,
        "text": "En opdat wij mogen verlost worden van de ongeschikte en boze mensen; want het geloof is niet aller."
      },
      {
        "book_name": "2 Thessalonicenzen",
        "book": 53,
        "chapter": 3,
        "verse": 3,
        "text": "Maar de Heere is getrouw, Die u zal versterken en bewaren van den boze."
      },
      {
        "book_name": "2 Thessalonicenzen",
        "book": 53,
        "chapter": 3,
        "verse": 4,
        "text": "En wij vertrouwen van u in den Heere, dat gij, hetgeen wij u bevelen, ook doet, en doen zult."
      },
      {
        "book_name": "2 Thessalonicenzen",
        "book": 53,
        "chapter": 3,
        "verse": 5,
        "text": "Doch de Heere richte uw harten tot de liefde van God, en tot de lijdzaamheid van Christus."
      },
      {
        "book_name": "2 Thessalonicenzen",
        "book": 53,
        "chapter": 3,
        "verse": 6,
        "text": "En wij bevelen u, broeders, in den Naam van onzen Heere Jezus Christus, dat gij u onttrekt van een iegelijk broeder, die ongeregeld wandelt, en niet naar de inzetting, die hij van ons ontvangen heeft."
      },
      {
        "book_name": "2 Thessalonicenzen",
        "book": 53,
        "chapter": 3,
        "verse": 7,
        "text": "Want gijzelven weet, hoe men ons behoort na te volgen; want wij hebben ons niet ongeregeld gedragen onder u;"
      },
      {
        "book_name": "2 Thessalonicenzen",
        "book": 53,
        "chapter": 3,
        "verse": 8,
        "text": "En wij hebben geen brood bij iemand gegeten voor niet, maar in arbeid en moeite, nacht en dag werkende, opdat wij niet iemand van u zouden lastig zijn;"
      },
      {
        "book_name": "2 Thessalonicenzen",
        "book": 53,
        "chapter": 3,
        "verse": 9,
        "text": "Niet, dat wij de macht niet hebben, maar opdat wij onszelven u geven zouden tot een voorbeeld, om ons na te volgen."
      },
      {
        "book_name": "2 Thessalonicenzen",
        "book": 53,
        "chapter": 3,
        "verse": 10,
        "text": "Want ook toen wij bij u waren, hebben wij u dit bevolen, dat, zo iemand niet wil werken, hij ook niet ete."
      },
      {
        "book_name": "2 Thessalonicenzen",
        "book": 53,
        "chapter": 3,
        "verse": 11,
        "text": "Want wij horen, dat sommigen onder u ongeregeld wandelen, niet werkende, maar ijdele dingen doende."
      },
      {
        "book_name": "2 Thessalonicenzen",
        "book": 53,
        "chapter": 3,
        "verse": 12,
        "text": "Doch de zodanigen bevelen en vermanen wij door onzen Heere Jezus Christus, dat zij met stilheid werkende, hun eigen brood eten."
      },
      {
        "book_name": "2 Thessalonicenzen",
        "book": 53,
        "chapter": 3,
        "verse": 13,
        "text": "En gij, broeders, vertraagt niet in goed te doen."
      },
      {
        "book_name": "2 Thessalonicenzen",
        "book": 53,
        "chapter": 3,
        "verse": 14,
        "text": "Maar indien iemand ons woord, door dezen brief geschreven, niet gehoorzaam is, tekent dien; en vermengt u niet met hem, opdat hij beschaamd worde;"
      },
      {
        "book_name": "2 Thessalonicenzen",
        "book": 53,
        "chapter": 3,
        "verse": 15,
        "text": "En houdt hem niet als een vijand, maar vermaant hem als een broeder."
      },
      {
        "book_name": "2 Thessalonicenzen",
        "book": 53,
        "chapter": 3,
        "verse": 16,
        "text": "De Heere nu des vredes Zelf geve u vrede te allen tijd, in allerlei wijze. De Heere zij met u allen."
      },
      {
        "book_name": "2 Thessalonicenzen",
        "book": 53,
        "chapter": 3,
        "verse": 17,
        "text": "De groetenis met mijn hand, van Paulus; hetwelk is een teken in iederen zendbrief; alzo schrijf ik."
      },
      {
        "book_name": "2 Thessalonicenzen",
        "book": 53,
        "chapter": 3,
        "verse": 18,
        "text": "De genade van onzen Heere Jezus Christus zij met u allen. Amen. «De tweede [brief] aan de Thessalonicenzen werd geschreven vanuit Athene.»"
      }
    ]
  }
}