{
  "source": "bible.com",
  "version": "Statenvertaling (1750)",
  "book": "2 Timoteus",
  "chapters": {
    "1": [
      {
        "book_name": "2 Timoteus",
        "book": 55,
        "chapter": 1,
        "verse": 1,
        "text": "1Paulus, een apostel van Jezus Christus, door den wil van God, naar de belofte des levens, dat in Christus Jezus is,  2Aan Timotheüs, mijn geliefden zoon: genade, barmhartigheid, vrede zij u van God den Vader, en Christus Jezus, onzen Heere.  3Ik dank God, Wien ik diene van mijn voorouderen aan in een rein geweten, gelijk ik zonder ophouden uwer gedachtig ben in mijn gebeden nacht en dag;  4Zeer begerig zijnde om u te zien, als ik gedenk aan uw tranen, opdat ik met blijdschap moge vervuld worden;  5Als ik mij in gedachtenis breng het ongeveinsd geloof, dat in u is, hetwelk eerst gewoond heeft in uw grootmoeder Loïs, en in uw moeder Eunice; en ik ben verzekerd, dat het ook in u woont.  6Om welke oorzaak ik u indachtig maak, dat gij opwekt de gave Gods, die in u is, door de oplegging mijner handen.  7Want God heeft ons niet gegeven een geest der vreesachtigheid, maar der kracht, en der liefde, en der gematigdheid.  8Schaam u dan niet der getuigenis onzes Heeren, noch mijns, die Zijn gevangene ben; maar lijd verdrukkingen met het Evangelie, naar de kracht Gods;  9Die ons heeft zalig gemaakt, en geroepen met een heilige roeping; niet naar onze werken, maar naar Zijn eigen voornemen en genade, die ons gegeven is in Christus Jezus, voor de tijden der eeuwen;  10Doch nu geopenbaard is door de verschijning van onzen Zaligmaker Jezus Christus, Die den dood heeft te niet gedaan, en het leven en de onverderfelijkheid aan het licht gebracht door het Evangelie;  11Waartoe ik gesteld ben een prediker, en een apostel, en een leraar der heidenen;  12Om welke oorzaak ik ook deze dingen lijde, maar word niet beschaamd; want ik weet, Wien ik geloofd heb, en ik ben verzekerd, dat Hij machtig is, mijn pand, bij Hem weggelegd, te bewaren tot dien dag.  13Houd het voorbeeld der gezonde woorden, die gij van mij gehoord hebt, in geloof en liefde, die in Christus Jezus is.  14Bewaar het goede pand, dat u toebetrouwd is, door den Heiligen Geest, Die in ons woont.  15Gij weet dit, dat allen, die in Azië zijn, zich van mij afgewend hebben; onder dewelke is Fygellus en Hermógenes.  16De Heere geve den huize van Onesíforus barmhartigheid; want hij heeft mij dikmaals verkwikt, en heeft zich mijner keten niet geschaamd.  17Maar als hij te Rome gekomen was, heeft hij mij zeer naarstiglijk gezocht, en heeft mij gevonden.  18De Heere geve hem, dat hij barmhartigheid vinde bij den Heere, in dien dag; en hoeveel hij mij te Efeze gediend heeft, weet gij zeer wel."
      },
      {
        "book_name": "2 Timoteus",
        "book": 55,
        "chapter": 1,
        "verse": 1,
        "text": "Paulus, een apostel van Jezus Christus, door den wil van God, naar de belofte des levens, dat in Christus Jezus is,"
      },
      {
        "book_name": "2 Timoteus",
        "book": 55,
        "chapter": 1,
        "verse": 2,
        "text": "Aan Timotheüs, mijn geliefden zoon: genade, barmhartigheid, vrede zij u van God den Vader, en Christus Jezus, onzen Heere."
      },
      {
        "book_name": "2 Timoteus",
        "book": 55,
        "chapter": 1,
        "verse": 3,
        "text": "Ik dank God, Wien ik diene van mijn voorouderen aan in een rein geweten, gelijk ik zonder ophouden uwer gedachtig ben in mijn gebeden nacht en dag;"
      },
      {
        "book_name": "2 Timoteus",
        "book": 55,
        "chapter": 1,
        "verse": 4,
        "text": "Zeer begerig zijnde om u te zien, als ik gedenk aan uw tranen, opdat ik met blijdschap moge vervuld worden;"
      },
      {
        "book_name": "2 Timoteus",
        "book": 55,
        "chapter": 1,
        "verse": 5,
        "text": "Als ik mij in gedachtenis breng het ongeveinsd geloof, dat in u is, hetwelk eerst gewoond heeft in uw grootmoeder Loïs, en in uw moeder Eunice; en ik ben verzekerd, dat het ook in u woont."
      },
      {
        "book_name": "2 Timoteus",
        "book": 55,
        "chapter": 1,
        "verse": 6,
        "text": "Om welke oorzaak ik u indachtig maak, dat gij opwekt de gave Gods, die in u is, door de oplegging mijner handen."
      },
      {
        "book_name": "2 Timoteus",
        "book": 55,
        "chapter": 1,
        "verse": 7,
        "text": "Want God heeft ons niet gegeven een geest der vreesachtigheid, maar der kracht, en der liefde, en der gematigdheid."
      },
      {
        "book_name": "2 Timoteus",
        "book": 55,
        "chapter": 1,
        "verse": 8,
        "text": "Schaam u dan niet der getuigenis onzes Heeren, noch mijns, die Zijn gevangene ben; maar lijd verdrukkingen met het Evangelie, naar de kracht Gods;"
      },
      {
        "book_name": "2 Timoteus",
        "book": 55,
        "chapter": 1,
        "verse": 9,
        "text": "Die ons heeft zalig gemaakt, en geroepen met een heilige roeping; niet naar onze werken, maar naar Zijn eigen voornemen en genade, die ons gegeven is in Christus Jezus, voor de tijden der eeuwen;"
      },
      {
        "book_name": "2 Timoteus",
        "book": 55,
        "chapter": 1,
        "verse": 10,
        "text": "Doch nu geopenbaard is door de verschijning van onzen Zaligmaker Jezus Christus, Die den dood heeft te niet gedaan, en het leven en de onverderfelijkheid aan het licht gebracht door het Evangelie;"
      },
      {
        "book_name": "2 Timoteus",
        "book": 55,
        "chapter": 1,
        "verse": 11,
        "text": "Waartoe ik gesteld ben een prediker, en een apostel, en een leraar der heidenen;"
      },
      {
        "book_name": "2 Timoteus",
        "book": 55,
        "chapter": 1,
        "verse": 12,
        "text": "Om welke oorzaak ik ook deze dingen lijde, maar word niet beschaamd; want ik weet, Wien ik geloofd heb, en ik ben verzekerd, dat Hij machtig is, mijn pand, bij Hem weggelegd, te bewaren tot dien dag."
      },
      {
        "book_name": "2 Timoteus",
        "book": 55,
        "chapter": 1,
        "verse": 13,
        "text": "Houd het voorbeeld der gezonde woorden, die gij van mij gehoord hebt, in geloof en liefde, die in Christus Jezus is."
      },
      {
        "book_name": "2 Timoteus",
        "book": 55,
        "chapter": 1,
        "verse": 14,
        "text": "Bewaar het goede pand, dat u toebetrouwd is, door den Heiligen Geest, Die in ons woont."
      },
      {
        "book_name": "2 Timoteus",
        "book": 55,
        "chapter": 1,
        "verse": 15,
        "text": "Gij weet dit, dat allen, die in Azië zijn, zich van mij afgewend hebben; onder dewelke is Fygellus en Hermógenes."
      },
      {
        "book_name": "2 Timoteus",
        "book": 55,
        "chapter": 1,
        "verse": 16,
        "text": "De Heere geve den huize van Onesíforus barmhartigheid; want hij heeft mij dikmaals verkwikt, en heeft zich mijner keten niet geschaamd."
      },
      {
        "book_name": "2 Timoteus",
        "book": 55,
        "chapter": 1,
        "verse": 17,
        "text": "Maar als hij te Rome gekomen was, heeft hij mij zeer naarstiglijk gezocht, en heeft mij gevonden."
      },
      {
        "book_name": "2 Timoteus",
        "book": 55,
        "chapter": 1,
        "verse": 18,
        "text": "De Heere geve hem, dat hij barmhartigheid vinde bij den Heere, in dien dag; en hoeveel hij mij te Efeze gediend heeft, weet gij zeer wel."
      }
    ],
    "2": [
      {
        "book_name": "2 Timoteus",
        "book": 55,
        "chapter": 2,
        "verse": 1,
        "text": "1Gij dan, mijn zoon, word gesterkt in de genade, die in Christus Jezus is;  2En hetgeen gij van mij gehoord hebt onder vele getuigen, betrouw dat aan getrouwe mensen, welke bekwaam zullen zijn om ook anderen te leren.  3Gij dan, lijd verdrukkingen, als een goed krijgsknecht van Jezus Christus.  4Niemand, die in den krijg dient, wordt ingewikkeld in de handelingen des leeftochts, opdat hij dien moge behagen, die hem tot den krijg aangenomen heeft.  5En indien ook iemand strijdt, die wordt niet gekroond, zo hij niet wettelijk heeft gestreden.  6De landman, als hij arbeidt, moet alzo eerst de vruchten genieten.  7Merk, hetgeen ik zeg; doch de Heere geve u verstand in alle dingen.  8Houd in gedachtenis, dat Jezus Christus uit de doden is opgewekt, Welke is uit den zade Davids, naar mijn Evangelie;  9Om hetwelk ik verdrukkingen lijde tot de banden toe, als een kwaaddoener; maar het Woord Gods is niet gebonden.  10Daarom verdraag ik alles om de uitverkorenen, opdat ook zij de zaligheid zouden verkrijgen, die in Christus Jezus is, met eeuwige heerlijkheid.  11Dit is een getrouw woord; want indien wij met Hem gestorven zijn, zo zullen wij ook met Hem leven;  12Indien wij verdragen, wij zullen ook met Hem heersen; indien wij Hem verloochenen, Hij zal ons ook verloochenen;  13Indien wij ontrouw zijn, Hij blijft getrouw; Hij kan Zichzelven niet verloochenen.  14Breng deze dingen in gedachtenis, en betuig voor den Heere, dat zij geen woordenstrijd voeren, hetwelk tot geen ding nut is, dan tot verkering der toehoorders.  15Benaarstig u, om uzelven Gode beproefd voor te stellen, een arbeider, die niet beschaamd wordt, die het Woord der waarheid recht snijdt.  16Maar stel u tegen het ongoddelijk ijdelroepen; want zij zullen in meerdere goddeloosheid toenemen.  17En hun woord zal voorteten, gelijk de kanker; onder welke is Hymenéüs en Filétus;  18Die van de waarheid zijn afgeweken, zeggende, dat de opstanding alrede geschied is, en verkeren sommiger geloof.  19Evenwel het vaste fondament Gods staat, hebbende dit zegel: De Heere kent degenen, die de Zijnen zijn; en: Een iegelijk, die den Naam van Christus noemt, sta af van ongerechtigheid.  20Doch in een groot huis zijn niet alleen gouden en zilveren vaten, maar ook houten en aarden vaten; en sommige ter ere, maar sommige ter onere.  21Indien dan iemand zichzelven van deze reinigt, die zal een vat zijn ter ere, geheiligd en bekwaam tot gebruik des Heeren, tot alle goed werk toebereid.  22Maar vlied de begeerlijkheden der jonkheid; en jaag naar rechtvaardigheid, geloof, liefde, vrede, met degenen, die den Heere aanroepen uit een rein hart.  23En verwerp de vragen, die dwaas en zonder lering zijn, wetende, dat zij twistingen voortbrengen.  24En een dienstknecht des Heeren moet niet twisten, maar vriendelijk zijn jegens allen, bekwaam om te leren, en die de kwaden kan verdragen;  25Met zachtmoedigheid onderwijzende degenen, die tegenstaan; of hun God te eniger tijd bekering gave tot erkentenis der waarheid;  26En zij wederom ontwaken mochten uit den strik des duivels, onder welken zij gevangen waren tot zijn wil."
      },
      {
        "book_name": "2 Timoteus",
        "book": 55,
        "chapter": 2,
        "verse": 1,
        "text": "Gij dan, mijn zoon, word gesterkt in de genade, die in Christus Jezus is;"
      },
      {
        "book_name": "2 Timoteus",
        "book": 55,
        "chapter": 2,
        "verse": 2,
        "text": "En hetgeen gij van mij gehoord hebt onder vele getuigen, betrouw dat aan getrouwe mensen, welke bekwaam zullen zijn om ook anderen te leren."
      },
      {
        "book_name": "2 Timoteus",
        "book": 55,
        "chapter": 2,
        "verse": 3,
        "text": "Gij dan, lijd verdrukkingen, als een goed krijgsknecht van Jezus Christus."
      },
      {
        "book_name": "2 Timoteus",
        "book": 55,
        "chapter": 2,
        "verse": 4,
        "text": "Niemand, die in den krijg dient, wordt ingewikkeld in de handelingen des leeftochts, opdat hij dien moge behagen, die hem tot den krijg aangenomen heeft."
      },
      {
        "book_name": "2 Timoteus",
        "book": 55,
        "chapter": 2,
        "verse": 5,
        "text": "En indien ook iemand strijdt, die wordt niet gekroond, zo hij niet wettelijk heeft gestreden."
      },
      {
        "book_name": "2 Timoteus",
        "book": 55,
        "chapter": 2,
        "verse": 6,
        "text": "De landman, als hij arbeidt, moet alzo eerst de vruchten genieten."
      },
      {
        "book_name": "2 Timoteus",
        "book": 55,
        "chapter": 2,
        "verse": 7,
        "text": "Merk, hetgeen ik zeg; doch de Heere geve u verstand in alle dingen."
      },
      {
        "book_name": "2 Timoteus",
        "book": 55,
        "chapter": 2,
        "verse": 8,
        "text": "Houd in gedachtenis, dat Jezus Christus uit de doden is opgewekt, Welke is uit den zade Davids, naar mijn Evangelie;"
      },
      {
        "book_name": "2 Timoteus",
        "book": 55,
        "chapter": 2,
        "verse": 9,
        "text": "Om hetwelk ik verdrukkingen lijde tot de banden toe, als een kwaaddoener; maar het Woord Gods is niet gebonden."
      },
      {
        "book_name": "2 Timoteus",
        "book": 55,
        "chapter": 2,
        "verse": 10,
        "text": "Daarom verdraag ik alles om de uitverkorenen, opdat ook zij de zaligheid zouden verkrijgen, die in Christus Jezus is, met eeuwige heerlijkheid."
      },
      {
        "book_name": "2 Timoteus",
        "book": 55,
        "chapter": 2,
        "verse": 11,
        "text": "Dit is een getrouw woord; want indien wij met Hem gestorven zijn, zo zullen wij ook met Hem leven;"
      },
      {
        "book_name": "2 Timoteus",
        "book": 55,
        "chapter": 2,
        "verse": 12,
        "text": "Indien wij verdragen, wij zullen ook met Hem heersen; indien wij Hem verloochenen, Hij zal ons ook verloochenen;"
      },
      {
        "book_name": "2 Timoteus",
        "book": 55,
        "chapter": 2,
        "verse": 13,
        "text": "Indien wij ontrouw zijn, Hij blijft getrouw; Hij kan Zichzelven niet verloochenen."
      },
      {
        "book_name": "2 Timoteus",
        "book": 55,
        "chapter": 2,
        "verse": 14,
        "text": "Breng deze dingen in gedachtenis, en betuig voor den Heere, dat zij geen woordenstrijd voeren, hetwelk tot geen ding nut is, dan tot verkering der toehoorders."
      },
      {
        "book_name": "2 Timoteus",
        "book": 55,
        "chapter": 2,
        "verse": 15,
        "text": "Benaarstig u, om uzelven Gode beproefd voor te stellen, een arbeider, die niet beschaamd wordt, die het Woord der waarheid recht snijdt."
      },
      {
        "book_name": "2 Timoteus",
        "book": 55,
        "chapter": 2,
        "verse": 16,
        "text": "Maar stel u tegen het ongoddelijk ijdelroepen; want zij zullen in meerdere goddeloosheid toenemen."
      },
      {
        "book_name": "2 Timoteus",
        "book": 55,
        "chapter": 2,
        "verse": 17,
        "text": "En hun woord zal voorteten, gelijk de kanker; onder welke is Hymenéüs en Filétus;"
      },
      {
        "book_name": "2 Timoteus",
        "book": 55,
        "chapter": 2,
        "verse": 18,
        "text": "Die van de waarheid zijn afgeweken, zeggende, dat de opstanding alrede geschied is, en verkeren sommiger geloof."
      },
      {
        "book_name": "2 Timoteus",
        "book": 55,
        "chapter": 2,
        "verse": 19,
        "text": "Evenwel het vaste fondament Gods staat, hebbende dit zegel: De Heere kent degenen, die de Zijnen zijn; en: Een iegelijk, die den Naam van Christus noemt, sta af van ongerechtigheid."
      },
      {
        "book_name": "2 Timoteus",
        "book": 55,
        "chapter": 2,
        "verse": 20,
        "text": "Doch in een groot huis zijn niet alleen gouden en zilveren vaten, maar ook houten en aarden vaten; en sommige ter ere, maar sommige ter onere."
      },
      {
        "book_name": "2 Timoteus",
        "book": 55,
        "chapter": 2,
        "verse": 21,
        "text": "Indien dan iemand zichzelven van deze reinigt, die zal een vat zijn ter ere, geheiligd en bekwaam tot gebruik des Heeren, tot alle goed werk toebereid."
      },
      {
        "book_name": "2 Timoteus",
        "book": 55,
        "chapter": 2,
        "verse": 22,
        "text": "Maar vlied de begeerlijkheden der jonkheid; en jaag naar rechtvaardigheid, geloof, liefde, vrede, met degenen, die den Heere aanroepen uit een rein hart."
      },
      {
        "book_name": "2 Timoteus",
        "book": 55,
        "chapter": 2,
        "verse": 23,
        "text": "En verwerp de vragen, die dwaas en zonder lering zijn, wetende, dat zij twistingen voortbrengen."
      },
      {
        "book_name": "2 Timoteus",
        "book": 55,
        "chapter": 2,
        "verse": 24,
        "text": "En een dienstknecht des Heeren moet niet twisten, maar vriendelijk zijn jegens allen, bekwaam om te leren, en die de kwaden kan verdragen;"
      },
      {
        "book_name": "2 Timoteus",
        "book": 55,
        "chapter": 2,
        "verse": 25,
        "text": "Met zachtmoedigheid onderwijzende degenen, die tegenstaan; of hun God te eniger tijd bekering gave tot erkentenis der waarheid;"
      },
      {
        "book_name": "2 Timoteus",
        "book": 55,
        "chapter": 2,
        "verse": 26,
        "text": "En zij wederom ontwaken mochten uit den strik des duivels, onder welken zij gevangen waren tot zijn wil."
      }
    ],
    "3": [
      {
        "book_name": "2 Timoteus",
        "book": 55,
        "chapter": 3,
        "verse": 1,
        "text": "1En weet dit, dat in de laatste dagen ontstaan zullen zware tijden.  2Want de mensen zullen zijn liefhebbers van zichzelven, geldgierig, laatdunkend, hovaardig, lasteraars, den ouderen ongehoorzaam, ondankbaar, onheilig.  3Zonder natuurlijke liefde, onverzoenlijk, achterklappers, onmatig, wreed, zonder liefde tot de goeden,  4Verraders, roekeloos, opgeblazen, meer liefhebbers der wellusten dan liefhebbers Gods;  5Hebbende een gedaante van godzaligheid, maar die de kracht derzelve verloochend hebben. Heb ook een afkeer van deze.  6Want van dezen zijn het, die in de huizen insluipen, en nemen de vrouwkens gevangen, die met zonden geladen zijn, en door menigerlei begeerlijkheden gedreven worden;  7  Vrouwkens, die altijd leren, en nimmermeer tot kennis der waarheid kunnen komen.  8Gelijkerwijs nu Jannes en Jambres Mozes tegenstonden, alzo staan ook dezen de waarheid tegen; mensen, verdorven zijnde van verstand, verwerpelijk aangaande het geloof.  9Maar zij zullen niet meerder toenemen; want hun uitzinnigheid zal allen openbaar worden, gelijk ook die van genen geworden is.  10Maar gij hebt achtervolgd mijn leer, wijze van doen, voornemen, geloof, lankmoedigheid, liefde, lijdzaamheid.  11  Mijn vervolgingen, mijn lijden, zulks als mij overkomen is in Antiochië, in Ikonium en in Lystre; hoedanige vervolgingen ik geleden heb, en de Heere heeft mij uit alle verlost.  12En ook allen, die godzaliglijk willen leven in Christus Jezus, die zullen vervolgd worden.  13Doch de boze mensen en bedriegers zullen tot erger voortgaan, verleidende en wordende verleid.  14Maar blijft gij in hetgeen gij geleerd hebt, en waarvan u verzekering gedaan is, wetende, van wien gij het geleerd hebt;  15En dat gij van kinds af de heilige Schriften geweten hebt, die u wijs kunnen maken tot zaligheid, door het geloof, hetwelk in Christus Jezus is.  16Al de Schrift is van God ingegeven, en is nuttig tot lering, tot wederlegging, tot verbetering, tot onderwijzing, die in de rechtvaardigheid is;  17Opdat de mens Gods volmaakt zij, tot alle goed werk volmaaktelijk toegerust."
      },
      {
        "book_name": "2 Timoteus",
        "book": 55,
        "chapter": 3,
        "verse": 1,
        "text": "En weet dit, dat in de laatste dagen ontstaan zullen zware tijden."
      },
      {
        "book_name": "2 Timoteus",
        "book": 55,
        "chapter": 3,
        "verse": 2,
        "text": "Want de mensen zullen zijn liefhebbers van zichzelven, geldgierig, laatdunkend, hovaardig, lasteraars, den ouderen ongehoorzaam, ondankbaar, onheilig."
      },
      {
        "book_name": "2 Timoteus",
        "book": 55,
        "chapter": 3,
        "verse": 3,
        "text": "Zonder natuurlijke liefde, onverzoenlijk, achterklappers, onmatig, wreed, zonder liefde tot de goeden,"
      },
      {
        "book_name": "2 Timoteus",
        "book": 55,
        "chapter": 3,
        "verse": 4,
        "text": "Verraders, roekeloos, opgeblazen, meer liefhebbers der wellusten dan liefhebbers Gods;"
      },
      {
        "book_name": "2 Timoteus",
        "book": 55,
        "chapter": 3,
        "verse": 5,
        "text": "Hebbende een gedaante van godzaligheid, maar die de kracht derzelve verloochend hebben. Heb ook een afkeer van deze."
      },
      {
        "book_name": "2 Timoteus",
        "book": 55,
        "chapter": 3,
        "verse": 6,
        "text": "Want van dezen zijn het, die in de huizen insluipen, en nemen de vrouwkens gevangen, die met zonden geladen zijn, en door menigerlei begeerlijkheden gedreven worden;"
      },
      {
        "book_name": "2 Timoteus",
        "book": 55,
        "chapter": 3,
        "verse": 7,
        "text": "Vrouwkens, die altijd leren, en nimmermeer tot kennis der waarheid kunnen komen."
      },
      {
        "book_name": "2 Timoteus",
        "book": 55,
        "chapter": 3,
        "verse": 8,
        "text": "Gelijkerwijs nu Jannes en Jambres Mozes tegenstonden, alzo staan ook dezen de waarheid tegen; mensen, verdorven zijnde van verstand, verwerpelijk aangaande het geloof."
      },
      {
        "book_name": "2 Timoteus",
        "book": 55,
        "chapter": 3,
        "verse": 9,
        "text": "Maar zij zullen niet meerder toenemen; want hun uitzinnigheid zal allen openbaar worden, gelijk ook die van genen geworden is."
      },
      {
        "book_name": "2 Timoteus",
        "book": 55,
        "chapter": 3,
        "verse": 10,
        "text": "Maar gij hebt achtervolgd mijn leer, wijze van doen, voornemen, geloof, lankmoedigheid, liefde, lijdzaamheid."
      },
      {
        "book_name": "2 Timoteus",
        "book": 55,
        "chapter": 3,
        "verse": 11,
        "text": "Mijn vervolgingen, mijn lijden, zulks als mij overkomen is in Antiochië, in Ikonium en in Lystre; hoedanige vervolgingen ik geleden heb, en de Heere heeft mij uit alle verlost."
      },
      {
        "book_name": "2 Timoteus",
        "book": 55,
        "chapter": 3,
        "verse": 12,
        "text": "En ook allen, die godzaliglijk willen leven in Christus Jezus, die zullen vervolgd worden."
      },
      {
        "book_name": "2 Timoteus",
        "book": 55,
        "chapter": 3,
        "verse": 13,
        "text": "Doch de boze mensen en bedriegers zullen tot erger voortgaan, verleidende en wordende verleid."
      },
      {
        "book_name": "2 Timoteus",
        "book": 55,
        "chapter": 3,
        "verse": 14,
        "text": "Maar blijft gij in hetgeen gij geleerd hebt, en waarvan u verzekering gedaan is, wetende, van wien gij het geleerd hebt;"
      },
      {
        "book_name": "2 Timoteus",
        "book": 55,
        "chapter": 3,
        "verse": 15,
        "text": "En dat gij van kinds af de heilige Schriften geweten hebt, die u wijs kunnen maken tot zaligheid, door het geloof, hetwelk in Christus Jezus is."
      },
      {
        "book_name": "2 Timoteus",
        "book": 55,
        "chapter": 3,
        "verse": 16,
        "text": "Al de Schrift is van God ingegeven, en is nuttig tot lering, tot wederlegging, tot verbetering, tot onderwijzing, die in de rechtvaardigheid is;"
      },
      {
        "book_name": "2 Timoteus",
        "book": 55,
        "chapter": 3,
        "verse": 17,
        "text": "Opdat de mens Gods volmaakt zij, tot alle goed werk volmaaktelijk toegerust."
      }
    ],
    "4": [
      {
        "book_name": "2 Timoteus",
        "book": 55,
        "chapter": 4,
        "verse": 1,
        "text": "1Ik betuig dan voor God en den Heere Jezus Christus, Die de levenden en doden oordelen zal in Zijn verschijning en in Zijn Koninkrijk:  2Predik het Woord; houd aan tijdelijk, ontijdelijk; wederleg, bestraf, vermaan in alle lankmoedigheid en leer.  3Want er zal een tijd zijn, wanneer zij de gezonde leer niet zullen verdragen; maar kittelachtig zijnde van gehoor, zullen zij zichzelven leraars opgaderen, naar hun eigen begeerlijkheden;  4En zullen hun gehoor van de waarheid afwenden, en zullen zich keren tot fabelen.  5Maar gij, wees wakker in alles, lijd verdrukkingen; doe het werk van een evangelist, maak, dat men van uw dienst ten volle verzekerd zij.  6Want ik word nu tot een drankoffer geofferd, en de tijd mijner ontbinding is aanstaande.  7Ik heb den goeden strijd gestreden, ik heb den loop geëindigd, ik heb het geloof behouden;  8Voorts is mij weggelegd de kroon der rechtvaardigheid, welke mij de Heere, de rechtvaardige Rechter, in dien dag geven zal; en niet alleen mij, maar ook allen, die Zijn verschijning liefgehad hebben.  9Benaarstig u haastelijk tot mij te komen.  10Want Demas heeft mij verlaten, hebbende de tegenwoordige wereld liefgekregen, en is naar Thessalonica gereisd; Krescens naar Galatië, Titus naar Dalmatië.  11Lukas is alleen met mij. Neem Markus mede, en breng hem met u; want hij is mij zeer nut tot den dienst.  12Maar Tychikus heb ik naar Efeze gezonden.  13Breng den reismantel mede, dien ik te Troas bij Karpus gelaten heb, als gij komt, en de boeken, inzonderheid de perkamenten.  14Alexander, de kopersmid, heeft mij veel kwaads betoond; de Heere vergelde hem naar zijn werken.  15Van welken wacht gij u ook, want hij heeft onze woorden zeer tegengestaan.  16In mijn eerste verantwoording is niemand bij mij geweest, maar zij hebben mij allen verlaten. Het worde hun niet toegerekend.  17Maar de Heere heeft mij bijgestaan, en heeft mij bekrachtigd; opdat men door mij ten volle zou verzekerd zijn van de prediking, en alle heidenen dezelve zouden horen. En ik ben uit den muil des leeuws verlost.  18En de Heere zal mij verlossen van alle boos werk, en bewaren tot Zijn hemels Koninkrijk; Denwelken zij de heerlijkheid in alle eeuwigheid. Amen.  19Groet Priska en Aquila, en het huis van Onesíforus.  20Erastus is te Korinthe gebleven; en Trófimus heb ik te Miléte krank gelaten.  21Benaarstig u, om voor den winter te komen. U groet Eubulus, en Pudens, en Linus, en Klaudia, en al de broeders.  22De Heere Jezus Christus zij met uw geest. De genade zij met ulieden. Amen. «De tweede [brief] aan Timotheüs, aangesteld als eerste opziener van de Gemeente van Efeze, werd uit Rome geschreven, toen Paulus voor de tweede keer voorgeleid werd voor Nero.»"
      },
      {
        "book_name": "2 Timoteus",
        "book": 55,
        "chapter": 4,
        "verse": 1,
        "text": "Ik betuig dan voor God en den Heere Jezus Christus, Die de levenden en doden oordelen zal in Zijn verschijning en in Zijn Koninkrijk:"
      },
      {
        "book_name": "2 Timoteus",
        "book": 55,
        "chapter": 4,
        "verse": 2,
        "text": "Predik het Woord; houd aan tijdelijk, ontijdelijk; wederleg, bestraf, vermaan in alle lankmoedigheid en leer."
      },
      {
        "book_name": "2 Timoteus",
        "book": 55,
        "chapter": 4,
        "verse": 3,
        "text": "Want er zal een tijd zijn, wanneer zij de gezonde leer niet zullen verdragen; maar kittelachtig zijnde van gehoor, zullen zij zichzelven leraars opgaderen, naar hun eigen begeerlijkheden;"
      },
      {
        "book_name": "2 Timoteus",
        "book": 55,
        "chapter": 4,
        "verse": 4,
        "text": "En zullen hun gehoor van de waarheid afwenden, en zullen zich keren tot fabelen."
      },
      {
        "book_name": "2 Timoteus",
        "book": 55,
        "chapter": 4,
        "verse": 5,
        "text": "Maar gij, wees wakker in alles, lijd verdrukkingen; doe het werk van een evangelist, maak, dat men van uw dienst ten volle verzekerd zij."
      },
      {
        "book_name": "2 Timoteus",
        "book": 55,
        "chapter": 4,
        "verse": 6,
        "text": "Want ik word nu tot een drankoffer geofferd, en de tijd mijner ontbinding is aanstaande."
      },
      {
        "book_name": "2 Timoteus",
        "book": 55,
        "chapter": 4,
        "verse": 7,
        "text": "Ik heb den goeden strijd gestreden, ik heb den loop geëindigd, ik heb het geloof behouden;"
      },
      {
        "book_name": "2 Timoteus",
        "book": 55,
        "chapter": 4,
        "verse": 8,
        "text": "Voorts is mij weggelegd de kroon der rechtvaardigheid, welke mij de Heere, de rechtvaardige Rechter, in dien dag geven zal; en niet alleen mij, maar ook allen, die Zijn verschijning liefgehad hebben."
      },
      {
        "book_name": "2 Timoteus",
        "book": 55,
        "chapter": 4,
        "verse": 9,
        "text": "Benaarstig u haastelijk tot mij te komen."
      },
      {
        "book_name": "2 Timoteus",
        "book": 55,
        "chapter": 4,
        "verse": 10,
        "text": "Want Demas heeft mij verlaten, hebbende de tegenwoordige wereld liefgekregen, en is naar Thessalonica gereisd; Krescens naar Galatië, Titus naar Dalmatië."
      },
      {
        "book_name": "2 Timoteus",
        "book": 55,
        "chapter": 4,
        "verse": 11,
        "text": "Lukas is alleen met mij. Neem Markus mede, en breng hem met u; want hij is mij zeer nut tot den dienst."
      },
      {
        "book_name": "2 Timoteus",
        "book": 55,
        "chapter": 4,
        "verse": 12,
        "text": "Maar Tychikus heb ik naar Efeze gezonden."
      },
      {
        "book_name": "2 Timoteus",
        "book": 55,
        "chapter": 4,
        "verse": 13,
        "text": "Breng den reismantel mede, dien ik te Troas bij Karpus gelaten heb, als gij komt, en de boeken, inzonderheid de perkamenten."
      },
      {
        "book_name": "2 Timoteus",
        "book": 55,
        "chapter": 4,
        "verse": 14,
        "text": "Alexander, de kopersmid, heeft mij veel kwaads betoond; de Heere vergelde hem naar zijn werken."
      },
      {
        "book_name": "2 Timoteus",
        "book": 55,
        "chapter": 4,
        "verse": 15,
        "text": "Van welken wacht gij u ook, want hij heeft onze woorden zeer tegengestaan."
      },
      {
        "book_name": "2 Timoteus",
        "book": 55,
        "chapter": 4,
        "verse": 16,
        "text": "In mijn eerste verantwoording is niemand bij mij geweest, maar zij hebben mij allen verlaten. Het worde hun niet toegerekend."
      },
      {
        "book_name": "2 Timoteus",
        "book": 55,
        "chapter": 4,
        "verse": 17,
        "text": "Maar de Heere heeft mij bijgestaan, en heeft mij bekrachtigd; opdat men door mij ten volle zou verzekerd zijn van de prediking, en alle heidenen dezelve zouden horen. En ik ben uit den muil des leeuws verlost."
      },
      {
        "book_name": "2 Timoteus",
        "book": 55,
        "chapter": 4,
        "verse": 18,
        "text": "En de Heere zal mij verlossen van alle boos werk, en bewaren tot Zijn hemels Koninkrijk; Denwelken zij de heerlijkheid in alle eeuwigheid. Amen."
      },
      {
        "book_name": "2 Timoteus",
        "book": 55,
        "chapter": 4,
        "verse": 19,
        "text": "Groet Priska en Aquila, en het huis van Onesíforus."
      },
      {
        "book_name": "2 Timoteus",
        "book": 55,
        "chapter": 4,
        "verse": 20,
        "text": "Erastus is te Korinthe gebleven; en Trófimus heb ik te Miléte krank gelaten."
      },
      {
        "book_name": "2 Timoteus",
        "book": 55,
        "chapter": 4,
        "verse": 21,
        "text": "Benaarstig u, om voor den winter te komen. U groet Eubulus, en Pudens, en Linus, en Klaudia, en al de broeders."
      },
      {
        "book_name": "2 Timoteus",
        "book": 55,
        "chapter": 4,
        "verse": 22,
        "text": "De Heere Jezus Christus zij met uw geest. De genade zij met ulieden. Amen. «De tweede [brief] aan Timotheüs, aangesteld als eerste opziener van de Gemeente van Efeze, werd uit Rome geschreven, toen Paulus voor de tweede keer voorgeleid werd voor Nero.»"
      }
    ]
  }
}