{
  "source": "bible.com",
  "version": "Statenvertaling (1750)",
  "book": "3 Johannes",
  "chapters": {
    "1": [
      {
        "book_name": "3 Johannes",
        "book": 64,
        "chapter": 1,
        "verse": 1,
        "text": "1De ouderling aan den geliefden Gajus, welken ik in waarheid liefheb.  2Geliefde, voor alle dingen wens ik, dat gij welvaart en gezond zijt, gelijk uw ziel welvaart.  3Want ik ben zeer verblijd geweest, als de broeders kwamen, en getuigden van uw waarheid, gelijk gij in de waarheid wandelt.  4Ik heb geen meerdere blijdschap dan hierin, dat ik hoor, dat mijn kinderen in de waarheid wandelen.  5Geliefde, gij doet trouwelijk, in al hetgeen gij doet aan de broederen en aan de vreemdelingen,  6Die getuigd hebben van uw liefde, in de tegenwoordigheid der Gemeente; welken indien gij geleide doet, gelijk het Gode waardig is, zo zult gij weldoen.  7Want zij zijn voor Zijn Naam uitgegaan, niets nemende van de heidenen.  8Wij dan zijn schuldig de zodanigen te ontvangen, opdat wij medearbeiders mogen worden der waarheid.  9Ik heb aan de Gemeente geschreven; maar Diótrefes, die onder hen zoekt de eerste te zijn, neemt ons niet aan.  10Daarom, indien ik kom, zo zal ik in gedachtenis brengen zijn werken, die hij doet, met boze woorden snaterende tegen ons; en hiermede niet vergenoegd zijnde, zo ontvangt hij zelf de broeders niet, en verhindert degenen, die het willen doen, en werpt ze uit de Gemeente.  11Geliefde, volgt het kwade niet na, maar het goede. Die goed doet, is uit God; maar die kwaad doet, heeft God niet gezien.  12Aan Demétrius wordt getuigenis gegeven van allen, en van de waarheid zelve; en wij getuigen ook, en gij weet, dat onze getuigenis waarachtig is.  13Ik had veel te schrijven, maar ik wil u niet schrijven met inkt en pen;  14Maar ik hoop u haast te zien, en wij zullen mond tot mond spreken.  15 Vrede zij u. De vrienden groeten u. Groet de vrienden met name."
      },
      {
        "book_name": "3 Johannes",
        "book": 64,
        "chapter": 1,
        "verse": 1,
        "text": "De ouderling aan den geliefden Gajus, welken ik in waarheid liefheb."
      },
      {
        "book_name": "3 Johannes",
        "book": 64,
        "chapter": 1,
        "verse": 2,
        "text": "Geliefde, voor alle dingen wens ik, dat gij welvaart en gezond zijt, gelijk uw ziel welvaart."
      },
      {
        "book_name": "3 Johannes",
        "book": 64,
        "chapter": 1,
        "verse": 3,
        "text": "Want ik ben zeer verblijd geweest, als de broeders kwamen, en getuigden van uw waarheid, gelijk gij in de waarheid wandelt."
      },
      {
        "book_name": "3 Johannes",
        "book": 64,
        "chapter": 1,
        "verse": 4,
        "text": "Ik heb geen meerdere blijdschap dan hierin, dat ik hoor, dat mijn kinderen in de waarheid wandelen."
      },
      {
        "book_name": "3 Johannes",
        "book": 64,
        "chapter": 1,
        "verse": 5,
        "text": "Geliefde, gij doet trouwelijk, in al hetgeen gij doet aan de broederen en aan de vreemdelingen,"
      },
      {
        "book_name": "3 Johannes",
        "book": 64,
        "chapter": 1,
        "verse": 6,
        "text": "Die getuigd hebben van uw liefde, in de tegenwoordigheid der Gemeente; welken indien gij geleide doet, gelijk het Gode waardig is, zo zult gij weldoen."
      },
      {
        "book_name": "3 Johannes",
        "book": 64,
        "chapter": 1,
        "verse": 7,
        "text": "Want zij zijn voor Zijn Naam uitgegaan, niets nemende van de heidenen."
      },
      {
        "book_name": "3 Johannes",
        "book": 64,
        "chapter": 1,
        "verse": 8,
        "text": "Wij dan zijn schuldig de zodanigen te ontvangen, opdat wij medearbeiders mogen worden der waarheid."
      },
      {
        "book_name": "3 Johannes",
        "book": 64,
        "chapter": 1,
        "verse": 9,
        "text": "Ik heb aan de Gemeente geschreven; maar Diótrefes, die onder hen zoekt de eerste te zijn, neemt ons niet aan."
      },
      {
        "book_name": "3 Johannes",
        "book": 64,
        "chapter": 1,
        "verse": 10,
        "text": "Daarom, indien ik kom, zo zal ik in gedachtenis brengen zijn werken, die hij doet, met boze woorden snaterende tegen ons; en hiermede niet vergenoegd zijnde, zo ontvangt hij zelf de broeders niet, en verhindert degenen, die het willen doen, en werpt ze uit de Gemeente."
      },
      {
        "book_name": "3 Johannes",
        "book": 64,
        "chapter": 1,
        "verse": 11,
        "text": "Geliefde, volgt het kwade niet na, maar het goede. Die goed doet, is uit God; maar die kwaad doet, heeft God niet gezien."
      },
      {
        "book_name": "3 Johannes",
        "book": 64,
        "chapter": 1,
        "verse": 12,
        "text": "Aan Demétrius wordt getuigenis gegeven van allen, en van de waarheid zelve; en wij getuigen ook, en gij weet, dat onze getuigenis waarachtig is."
      },
      {
        "book_name": "3 Johannes",
        "book": 64,
        "chapter": 1,
        "verse": 13,
        "text": "Ik had veel te schrijven, maar ik wil u niet schrijven met inkt en pen;"
      },
      {
        "book_name": "3 Johannes",
        "book": 64,
        "chapter": 1,
        "verse": 14,
        "text": "Maar ik hoop u haast te zien, en wij zullen mond tot mond spreken."
      },
      {
        "book_name": "3 Johannes",
        "book": 64,
        "chapter": 1,
        "verse": 15,
        "text": "Vrede zij u. De vrienden groeten u. Groet de vrienden met name."
      }
    ]
  }
}