{
  "source": "bible.com",
  "version": "Statenvertaling (1750)",
  "book": "Amos",
  "chapters": {
    "1": [
      {
        "book_name": "Amos",
        "book": 30,
        "chapter": 1,
        "verse": 1,
        "text": "1De woorden van Amos, die onder de veeherderen was van Thekoa, dewelke hij gezien heeft over Israël, in de dagen van Uzzia, koning van Juda, en in de dagen van Jerobeam, zoon van Joas, koning van Israël; twee jaren voor de aardbeving.  2En hij zeide: De HEERE zal brullen uit Sion, en Zijn stem verheffen uit Jeruzalem; en de woningen der herderen zullen treuren, en de hoogte van Karmel zal verdorren.  3Alzo zegt de HEERE: Om drie overtredingen van Damaskus, en om vier zal Ik dat niet afwenden; omdat zij Gilead met ijzeren dorswagens hebben gedorst.  4Daarom zal Ik een vuur in het huis van Hazaël zenden, dat zal de paleizen van Benhadad verteren.  5En Ik zal den grendel van Damaskus verbreken, en zal uitroeien den inwoner van Bikeat-Aven, en dien, die den scepter houdt, uit Beth-Eden; en het volk van Syrië zal gevankelijk weggevoerd worden naar Kir, zegt de HEERE.  6Alzo zegt de HEERE: Om drie overtredingen van Gaza, en om vier zal Ik dat niet afwenden; omdat zij Mijn volk gevankelijk hebben weggevoerd met een volkomen wegvoering, om aan Edom over te leveren.  7Daarom zal Ik een vuur zenden in den muur van Gaza, dat zal haar paleizen verteren.  8En Ik zal den inwoner uitroeien uit Asdod, en dien, die den scepter houdt, uit Askelon; en Ik zal Mijn hand wenden tegen Ekron, en het overblijfsel der Filistijnen zal vergaan, zegt de Heere HEERE.  9Alzo zegt de HEERE: Om drie overtredingen van Tyrus, en om vier zal Ik dat niet afwenden; omdat zij Mijn volk met een volkomen wegvoering hebben overgeleverd aan Edom, en niet gedacht aan het verbond der broederen.  10Daarom zal Ik een vuur zenden in den muur van Tyrus, dat zal haar paleizen verteren.  11Alzo zegt de HEERE: Om drie overtredingen van Edom, en om vier zal Ik dat niet afwenden; omdat hij zijn broederen met het zwaard heeft vervolgd, en zijn barmhartigheden verdorven; en dat zijn toorn eeuwiglijk verscheurt, en hij zijn verbolgenheid altoos behoudt.  12Daarom zal Ik een vuur zenden in Theman, dat zal de paleizen van Bozra verteren.  13Alzo zegt de HEERE: Om drie overtredingen der kinderen Ammons, en om vier zal Ik dat niet afwenden; omdat zij de zwangere vrouwen van Gilead hebben opengesneden, om hun landpale te verwijden.  14Daarom zal Ik een vuur aansteken in den muur van Rabba, dat zal haar paleizen verteren; met een gejuich ten dage des strijds, met een onweder ten dage des wervelwinds.  15En hunlieder koning zal gaan in gevangenis, hij en zijn vorsten te zamen, zegt de HEERE."
      },
      {
        "book_name": "Amos",
        "book": 30,
        "chapter": 1,
        "verse": 1,
        "text": "De woorden van Amos, die onder de veeherderen was van Thekoa, dewelke hij gezien heeft over Israël, in de dagen van Uzzia, koning van Juda, en in de dagen van Jerobeam, zoon van Joas, koning van Israël; twee jaren voor de aardbeving."
      },
      {
        "book_name": "Amos",
        "book": 30,
        "chapter": 1,
        "verse": 2,
        "text": "En hij zeide: De HEERE zal brullen uit Sion, en Zijn stem verheffen uit Jeruzalem; en de woningen der herderen zullen treuren, en de hoogte van Karmel zal verdorren."
      },
      {
        "book_name": "Amos",
        "book": 30,
        "chapter": 1,
        "verse": 3,
        "text": "Alzo zegt de HEERE: Om drie overtredingen van Damaskus, en om vier zal Ik dat niet afwenden; omdat zij Gilead met ijzeren dorswagens hebben gedorst."
      },
      {
        "book_name": "Amos",
        "book": 30,
        "chapter": 1,
        "verse": 4,
        "text": "Daarom zal Ik een vuur in het huis van Hazaël zenden, dat zal de paleizen van Benhadad verteren."
      },
      {
        "book_name": "Amos",
        "book": 30,
        "chapter": 1,
        "verse": 5,
        "text": "En Ik zal den grendel van Damaskus verbreken, en zal uitroeien den inwoner van Bikeat-Aven, en dien, die den scepter houdt, uit Beth-Eden; en het volk van Syrië zal gevankelijk weggevoerd worden naar Kir, zegt de HEERE."
      },
      {
        "book_name": "Amos",
        "book": 30,
        "chapter": 1,
        "verse": 6,
        "text": "Alzo zegt de HEERE: Om drie overtredingen van Gaza, en om vier zal Ik dat niet afwenden; omdat zij Mijn volk gevankelijk hebben weggevoerd met een volkomen wegvoering, om aan Edom over te leveren."
      },
      {
        "book_name": "Amos",
        "book": 30,
        "chapter": 1,
        "verse": 7,
        "text": "Daarom zal Ik een vuur zenden in den muur van Gaza, dat zal haar paleizen verteren."
      },
      {
        "book_name": "Amos",
        "book": 30,
        "chapter": 1,
        "verse": 8,
        "text": "En Ik zal den inwoner uitroeien uit Asdod, en dien, die den scepter houdt, uit Askelon; en Ik zal Mijn hand wenden tegen Ekron, en het overblijfsel der Filistijnen zal vergaan, zegt de Heere HEERE."
      },
      {
        "book_name": "Amos",
        "book": 30,
        "chapter": 1,
        "verse": 9,
        "text": "Alzo zegt de HEERE: Om drie overtredingen van Tyrus, en om vier zal Ik dat niet afwenden; omdat zij Mijn volk met een volkomen wegvoering hebben overgeleverd aan Edom, en niet gedacht aan het verbond der broederen."
      },
      {
        "book_name": "Amos",
        "book": 30,
        "chapter": 1,
        "verse": 10,
        "text": "Daarom zal Ik een vuur zenden in den muur van Tyrus, dat zal haar paleizen verteren."
      },
      {
        "book_name": "Amos",
        "book": 30,
        "chapter": 1,
        "verse": 11,
        "text": "Alzo zegt de HEERE: Om drie overtredingen van Edom, en om vier zal Ik dat niet afwenden; omdat hij zijn broederen met het zwaard heeft vervolgd, en zijn barmhartigheden verdorven; en dat zijn toorn eeuwiglijk verscheurt, en hij zijn verbolgenheid altoos behoudt."
      },
      {
        "book_name": "Amos",
        "book": 30,
        "chapter": 1,
        "verse": 12,
        "text": "Daarom zal Ik een vuur zenden in Theman, dat zal de paleizen van Bozra verteren."
      },
      {
        "book_name": "Amos",
        "book": 30,
        "chapter": 1,
        "verse": 13,
        "text": "Alzo zegt de HEERE: Om drie overtredingen der kinderen Ammons, en om vier zal Ik dat niet afwenden; omdat zij de zwangere vrouwen van Gilead hebben opengesneden, om hun landpale te verwijden."
      },
      {
        "book_name": "Amos",
        "book": 30,
        "chapter": 1,
        "verse": 14,
        "text": "Daarom zal Ik een vuur aansteken in den muur van Rabba, dat zal haar paleizen verteren; met een gejuich ten dage des strijds, met een onweder ten dage des wervelwinds."
      },
      {
        "book_name": "Amos",
        "book": 30,
        "chapter": 1,
        "verse": 15,
        "text": "En hunlieder koning zal gaan in gevangenis, hij en zijn vorsten te zamen, zegt de HEERE."
      }
    ],
    "2": [
      {
        "book_name": "Amos",
        "book": 30,
        "chapter": 2,
        "verse": 1,
        "text": "1Alzo zegt de HEERE: Om drie overtredingen van Moab, en om vier zal Ik dat niet afwenden; omdat hij de beenderen des konings van Edom tot kalk verbrand heeft.  2Daarom zal Ik een vuur in Moab zenden, dat zal de paleizen van Kerioth verteren; en Moab zal sterven met groot gedruis, met gejuich, met geluid der bazuin.  3En Ik zal den rechter uit het midden van haar uitroeien; en al haar vorsten zal Ik met hem doden, zegt de HEERE.  4Alzo zegt de HEERE: Om drie overtredingen van Juda, en om vier zal Ik dat niet afwenden; omdat zij de wet des HEEREN verworpen, en Zijn inzettingen niet bewaard hebben; en hun leugenen hen verleid hebben, die hun vaders hebben nagewandeld.  5Daarom zal Ik een vuur in Juda zenden, dat zal Jeruzalems paleizen verteren.  6Alzo zegt de HEERE: Om drie overtredingen van Israël, en om vier zal Ik dat niet afwenden; omdat zij den rechtvaardige voor geld verkopen, en den nooddruftige om een paar schoenen.  7Die er naar hijgen, dat het stof der aarde op het hoofd der armen zij, en den weg der zachtmoedigen verkeren; en de man en zijn vader gaan tot een jonge dochter om Mijn heiligen Naam te ontheiligen.  8En zij leggen zich neder bij elk altaar op de verpande klederen, en drinken den wijn der geboeten in het huis van hun goden.  9Ik daarentegen heb den Amoriet voor hunlieder aangezicht verdelgd, wiens hoogte was als de hoogte der cederen, en hij was sterk als de eiken; maar Ik heb zijn vrucht van boven, en zijn wortelen van onderen verdelgd.  10Ook heb Ik ulieden uit Egypteland opgevoerd; en Ik heb u veertig jaren in de woestijn geleid, opdat gij het land van den Amoriet erfelijk bezat.  11En Ik heb sommigen uit uw zonen tot profeten verwekt, en uit uw jongelingen tot Nazireën; is dit niet alzo, gij kinderen Israëls? spreekt de HEERE.  12Maar gijlieden hebt aan de Nazireën wijn te drinken gegeven, en gij hebt den profeten geboden, zeggende: Gij zult niet profeteren.  13Ziet, Ik zal uw plaatsen drukken, gelijk als een wagen drukt, die vol garven is.  14Zodat de snelle niet zal ontvlieden, en de sterke zijn kracht niet verkloeken, en een held zal zijn ziel niet bevrijden.  15En die den boog handelt, zal niet bestaan, en die licht is op zijn voeten, zal zich niet bevrijden; ook zal, die te paard rijdt, zijn ziel niet bevrijden.  16En de kloekhartigste onder de helden zal te dien dage naakt heenvlieden, spreekt de HEERE."
      },
      {
        "book_name": "Amos",
        "book": 30,
        "chapter": 2,
        "verse": 1,
        "text": "Alzo zegt de HEERE: Om drie overtredingen van Moab, en om vier zal Ik dat niet afwenden; omdat hij de beenderen des konings van Edom tot kalk verbrand heeft."
      },
      {
        "book_name": "Amos",
        "book": 30,
        "chapter": 2,
        "verse": 2,
        "text": "Daarom zal Ik een vuur in Moab zenden, dat zal de paleizen van Kerioth verteren; en Moab zal sterven met groot gedruis, met gejuich, met geluid der bazuin."
      },
      {
        "book_name": "Amos",
        "book": 30,
        "chapter": 2,
        "verse": 3,
        "text": "En Ik zal den rechter uit het midden van haar uitroeien; en al haar vorsten zal Ik met hem doden, zegt de HEERE."
      },
      {
        "book_name": "Amos",
        "book": 30,
        "chapter": 2,
        "verse": 4,
        "text": "Alzo zegt de HEERE: Om drie overtredingen van Juda, en om vier zal Ik dat niet afwenden; omdat zij de wet des HEEREN verworpen, en Zijn inzettingen niet bewaard hebben; en hun leugenen hen verleid hebben, die hun vaders hebben nagewandeld."
      },
      {
        "book_name": "Amos",
        "book": 30,
        "chapter": 2,
        "verse": 5,
        "text": "Daarom zal Ik een vuur in Juda zenden, dat zal Jeruzalems paleizen verteren."
      },
      {
        "book_name": "Amos",
        "book": 30,
        "chapter": 2,
        "verse": 6,
        "text": "Alzo zegt de HEERE: Om drie overtredingen van Israël, en om vier zal Ik dat niet afwenden; omdat zij den rechtvaardige voor geld verkopen, en den nooddruftige om een paar schoenen."
      },
      {
        "book_name": "Amos",
        "book": 30,
        "chapter": 2,
        "verse": 7,
        "text": "Die er naar hijgen, dat het stof der aarde op het hoofd der armen zij, en den weg der zachtmoedigen verkeren; en de man en zijn vader gaan tot een jonge dochter om Mijn heiligen Naam te ontheiligen."
      },
      {
        "book_name": "Amos",
        "book": 30,
        "chapter": 2,
        "verse": 8,
        "text": "En zij leggen zich neder bij elk altaar op de verpande klederen, en drinken den wijn der geboeten in het huis van hun goden."
      },
      {
        "book_name": "Amos",
        "book": 30,
        "chapter": 2,
        "verse": 9,
        "text": "Ik daarentegen heb den Amoriet voor hunlieder aangezicht verdelgd, wiens hoogte was als de hoogte der cederen, en hij was sterk als de eiken; maar Ik heb zijn vrucht van boven, en zijn wortelen van onderen verdelgd."
      },
      {
        "book_name": "Amos",
        "book": 30,
        "chapter": 2,
        "verse": 10,
        "text": "Ook heb Ik ulieden uit Egypteland opgevoerd; en Ik heb u veertig jaren in de woestijn geleid, opdat gij het land van den Amoriet erfelijk bezat."
      },
      {
        "book_name": "Amos",
        "book": 30,
        "chapter": 2,
        "verse": 11,
        "text": "En Ik heb sommigen uit uw zonen tot profeten verwekt, en uit uw jongelingen tot Nazireën; is dit niet alzo, gij kinderen Israëls? spreekt de HEERE."
      },
      {
        "book_name": "Amos",
        "book": 30,
        "chapter": 2,
        "verse": 12,
        "text": "Maar gijlieden hebt aan de Nazireën wijn te drinken gegeven, en gij hebt den profeten geboden, zeggende: Gij zult niet profeteren."
      },
      {
        "book_name": "Amos",
        "book": 30,
        "chapter": 2,
        "verse": 13,
        "text": "Ziet, Ik zal uw plaatsen drukken, gelijk als een wagen drukt, die vol garven is."
      },
      {
        "book_name": "Amos",
        "book": 30,
        "chapter": 2,
        "verse": 14,
        "text": "Zodat de snelle niet zal ontvlieden, en de sterke zijn kracht niet verkloeken, en een held zal zijn ziel niet bevrijden."
      },
      {
        "book_name": "Amos",
        "book": 30,
        "chapter": 2,
        "verse": 15,
        "text": "En die den boog handelt, zal niet bestaan, en die licht is op zijn voeten, zal zich niet bevrijden; ook zal, die te paard rijdt, zijn ziel niet bevrijden."
      },
      {
        "book_name": "Amos",
        "book": 30,
        "chapter": 2,
        "verse": 16,
        "text": "En de kloekhartigste onder de helden zal te dien dage naakt heenvlieden, spreekt de HEERE."
      }
    ],
    "3": [
      {
        "book_name": "Amos",
        "book": 30,
        "chapter": 3,
        "verse": 1,
        "text": "1Hoort dit woord, dat de HEERE tegen ulieden spreekt, gij kinderen van Israël! namelijk tegen het ganse geslacht, dat Ik uit Egypteland heb opgevoerd, zeggende:  2Uit alle geslachten des aardbodems heb Ik ulieden alleen gekend; daarom zal Ik al uw ongerechtigheden over ulieden bezoeken.  3Zullen twee te zamen wandelen, tenzij dat zij bijeengekomen zijn?  4Zal een leeuw brullen in het woud, als hij geen roof heeft? Zal een jonge leeuw uit zijn hol zijn stem verheffen, tenzij dat hij wat gevangen hebbe?  5Zal een vogel in den strik op de aarde vallen, als er geen strik voor hem is? Zal men den strik van den aardbodem opnemen, als men ganselijk niet heeft gevangen?  6Zal de bazuin in de stad geblazen worden, dat het volk niet siddere? zal er een kwaad in de stad zijn, dat de HEERE niet doet?  7Gewisselijk, de Heere HEERE zal geen ding doen, tenzij Hij Zijn verborgenheid aan Zijn knechten, de profeten, geopenbaard hebbe.  8De leeuw heeft gebruld, wie zou niet vrezen? De Heere HEERE heeft gesproken, wie zou niet profeteren?  9Doet het horen in de paleizen te Asdod, en in de paleizen in Egypteland, en zegt: Verzamelt u op de bergen van Samaria, en ziet de grote beroerten in het midden van haar, en de verdrukten binnen in haar.  10Want zij weten niet te doen, dat recht is, spreekt de HEERE; die in hun paleizen schatten vergaderen door geweld en verstoring.  11Daarom, zo zegt de Heere HEERE: De vijand! en dat rondom het land! die zal uw sterkte van u nederstorten, en uw paleizen zullen uitgeplunderd worden.  12Alzo zegt de HEERE: Gelijk als een herder twee schenkelen, of een stukje van een oor uit des leeuwen muil redt, alzo zullen de kinderen Israëls gered worden, die daar zitten te Samaria, in den hoek van het bed, en op de sponde van de koets.  13Hoort en betuigt in het huis Jakobs, spreekt de Heere HEERE, de God der heirscharen;  14Dat Ik, ten dage als Ik Israëls overtredingen over hem bezoeken zal, ook bezoeking zal doen over de altaren van Beth-El; en de hoornen des altaars zullen worden afgehouwen, en ter aarde vallen.  15En Ik zal het winterhuis met het zomerhuis slaan; en de elpenbenen huizen zullen vergaan, en de grote huizen een einde nemen, spreekt de HEERE."
      },
      {
        "book_name": "Amos",
        "book": 30,
        "chapter": 3,
        "verse": 1,
        "text": "Hoort dit woord, dat de HEERE tegen ulieden spreekt, gij kinderen van Israël! namelijk tegen het ganse geslacht, dat Ik uit Egypteland heb opgevoerd, zeggende:"
      },
      {
        "book_name": "Amos",
        "book": 30,
        "chapter": 3,
        "verse": 2,
        "text": "Uit alle geslachten des aardbodems heb Ik ulieden alleen gekend; daarom zal Ik al uw ongerechtigheden over ulieden bezoeken."
      },
      {
        "book_name": "Amos",
        "book": 30,
        "chapter": 3,
        "verse": 3,
        "text": "Zullen twee te zamen wandelen, tenzij dat zij bijeengekomen zijn?"
      },
      {
        "book_name": "Amos",
        "book": 30,
        "chapter": 3,
        "verse": 4,
        "text": "Zal een leeuw brullen in het woud, als hij geen roof heeft? Zal een jonge leeuw uit zijn hol zijn stem verheffen, tenzij dat hij wat gevangen hebbe?"
      },
      {
        "book_name": "Amos",
        "book": 30,
        "chapter": 3,
        "verse": 5,
        "text": "Zal een vogel in den strik op de aarde vallen, als er geen strik voor hem is? Zal men den strik van den aardbodem opnemen, als men ganselijk niet heeft gevangen?"
      },
      {
        "book_name": "Amos",
        "book": 30,
        "chapter": 3,
        "verse": 6,
        "text": "Zal de bazuin in de stad geblazen worden, dat het volk niet siddere? zal er een kwaad in de stad zijn, dat de HEERE niet doet?"
      },
      {
        "book_name": "Amos",
        "book": 30,
        "chapter": 3,
        "verse": 7,
        "text": "Gewisselijk, de Heere HEERE zal geen ding doen, tenzij Hij Zijn verborgenheid aan Zijn knechten, de profeten, geopenbaard hebbe."
      },
      {
        "book_name": "Amos",
        "book": 30,
        "chapter": 3,
        "verse": 8,
        "text": "De leeuw heeft gebruld, wie zou niet vrezen? De Heere HEERE heeft gesproken, wie zou niet profeteren?"
      },
      {
        "book_name": "Amos",
        "book": 30,
        "chapter": 3,
        "verse": 9,
        "text": "Doet het horen in de paleizen te Asdod, en in de paleizen in Egypteland, en zegt: Verzamelt u op de bergen van Samaria, en ziet de grote beroerten in het midden van haar, en de verdrukten binnen in haar."
      },
      {
        "book_name": "Amos",
        "book": 30,
        "chapter": 3,
        "verse": 10,
        "text": "Want zij weten niet te doen, dat recht is, spreekt de HEERE; die in hun paleizen schatten vergaderen door geweld en verstoring."
      },
      {
        "book_name": "Amos",
        "book": 30,
        "chapter": 3,
        "verse": 11,
        "text": "Daarom, zo zegt de Heere HEERE: De vijand! en dat rondom het land! die zal uw sterkte van u nederstorten, en uw paleizen zullen uitgeplunderd worden."
      },
      {
        "book_name": "Amos",
        "book": 30,
        "chapter": 3,
        "verse": 12,
        "text": "Alzo zegt de HEERE: Gelijk als een herder twee schenkelen, of een stukje van een oor uit des leeuwen muil redt, alzo zullen de kinderen Israëls gered worden, die daar zitten te Samaria, in den hoek van het bed, en op de sponde van de koets."
      },
      {
        "book_name": "Amos",
        "book": 30,
        "chapter": 3,
        "verse": 13,
        "text": "Hoort en betuigt in het huis Jakobs, spreekt de Heere HEERE, de God der heirscharen;"
      },
      {
        "book_name": "Amos",
        "book": 30,
        "chapter": 3,
        "verse": 14,
        "text": "Dat Ik, ten dage als Ik Israëls overtredingen over hem bezoeken zal, ook bezoeking zal doen over de altaren van Beth-El; en de hoornen des altaars zullen worden afgehouwen, en ter aarde vallen."
      },
      {
        "book_name": "Amos",
        "book": 30,
        "chapter": 3,
        "verse": 15,
        "text": "En Ik zal het winterhuis met het zomerhuis slaan; en de elpenbenen huizen zullen vergaan, en de grote huizen een einde nemen, spreekt de HEERE."
      }
    ],
    "4": [
      {
        "book_name": "Amos",
        "book": 30,
        "chapter": 4,
        "verse": 1,
        "text": "1Hoort dit woord, gij koeien van Basan! gij, die op den berg van Samaria zijt, die de armen verdrukt, die de nooddruftigen verplettert; gij, die tot hunlieder heren zegt: Brengt aan, opdat wij drinken.  2De Heere HEERE heeft gezworen bij Zijn heiligheid, dat er, ziet, dagen over ulieden zullen komen, dat men u zal optrekken met haken, en uw nakomelingen met visangelen.  3En gij zult door de bressen uitgaan, een ieder voor zich henen; en gij zult, hetgeen in het paleis gebracht is, wegwerpen, spreekt de HEERE.  4Komt te Beth-El, en overtreedt te Gilgal; maakt des overtredens veel, en brengt uw offers des morgens, uw tienden om de drie dagen!  5En rookt van het gedesemde een lofoffer, en roept vrijwillige offers uit, doet het horen; want alzo hebt gij het gaarne, gij kinderen Israëls! spreekt de Heere HEERE.  6Daarom heb Ik ulieden ook reinheid der tanden gegeven in al uw steden, en gebrek van brood in al uw plaatsen; nochtans hebt gij u niet bekeerd tot Mij, spreekt de HEERE.  7Daartoe heb Ik ook den regen van ulieden geweerd, als er nog drie maanden waren tot den oogst, en heb doen regenen over de ene stad, maar over de andere stad niet doen regenen; het ene stuk lands werd beregend, maar het andere stuk lands, waar het niet op regende, verdorde.  8En twee, drie steden togen om tot een stad, opdat zij water mochten drinken, maar werden niet verzadigd; nochtans hebt gij u niet bekeerd tot Mij, spreekt de HEERE.  9Ik heb ulieden geslagen met brandkoren en met honigdauw; de veelheid uwer hoven, en uwer wijngaarden, en uwer vijgebomen, en uwer olijfbomen at de rups op; nochtans hebt gij u niet bekeerd tot Mij, spreekt de HEERE.  10Ik heb de pestilentie onder ulieden gezonden, naar de wijze van Egypte; Ik heb uw jongelingen door het zwaard gedood, en uw paarden gevankelijk laten wegvoeren; en Ik heb den stank uwer heirlegeren zelfs in uw neus doen opgaan; nochtans hebt gij u niet bekeerd tot Mij, spreekt de HEERE.  11Ik heb sommigen onder ulieden omgekeerd, gelijk God Sodom en Gomorra omkeerde, u, die waart als een vuurbrand, dat uit den brand gered is; nochtans hebt gij u niet bekeerd tot Mij, spreekt de HEERE.  12Daarom zal Ik u alzo doen, o Israël! omdat Ik u dan dit doen zal, zo schik u, o Israël! om uw God te ontmoeten.  13Want zie, Die de bergen formeert, en den wind schept, en den mens bekend maakt, wat zijn gedachte zij, Die den dageraad duisternis maakt, en op de hoogten der aarde treedt, HEERE, God der heirscharen, is Zijn Naam."
      },
      {
        "book_name": "Amos",
        "book": 30,
        "chapter": 4,
        "verse": 1,
        "text": "Hoort dit woord, gij koeien van Basan! gij, die op den berg van Samaria zijt, die de armen verdrukt, die de nooddruftigen verplettert; gij, die tot hunlieder heren zegt: Brengt aan, opdat wij drinken."
      },
      {
        "book_name": "Amos",
        "book": 30,
        "chapter": 4,
        "verse": 2,
        "text": "De Heere HEERE heeft gezworen bij Zijn heiligheid, dat er, ziet, dagen over ulieden zullen komen, dat men u zal optrekken met haken, en uw nakomelingen met visangelen."
      },
      {
        "book_name": "Amos",
        "book": 30,
        "chapter": 4,
        "verse": 3,
        "text": "En gij zult door de bressen uitgaan, een ieder voor zich henen; en gij zult, hetgeen in het paleis gebracht is, wegwerpen, spreekt de HEERE."
      },
      {
        "book_name": "Amos",
        "book": 30,
        "chapter": 4,
        "verse": 4,
        "text": "Komt te Beth-El, en overtreedt te Gilgal; maakt des overtredens veel, en brengt uw offers des morgens, uw tienden om de drie dagen!"
      },
      {
        "book_name": "Amos",
        "book": 30,
        "chapter": 4,
        "verse": 5,
        "text": "En rookt van het gedesemde een lofoffer, en roept vrijwillige offers uit, doet het horen; want alzo hebt gij het gaarne, gij kinderen Israëls! spreekt de Heere HEERE."
      },
      {
        "book_name": "Amos",
        "book": 30,
        "chapter": 4,
        "verse": 6,
        "text": "Daarom heb Ik ulieden ook reinheid der tanden gegeven in al uw steden, en gebrek van brood in al uw plaatsen; nochtans hebt gij u niet bekeerd tot Mij, spreekt de HEERE."
      },
      {
        "book_name": "Amos",
        "book": 30,
        "chapter": 4,
        "verse": 7,
        "text": "Daartoe heb Ik ook den regen van ulieden geweerd, als er nog drie maanden waren tot den oogst, en heb doen regenen over de ene stad, maar over de andere stad niet doen regenen; het ene stuk lands werd beregend, maar het andere stuk lands, waar het niet op regende, verdorde."
      },
      {
        "book_name": "Amos",
        "book": 30,
        "chapter": 4,
        "verse": 8,
        "text": "En twee, drie steden togen om tot een stad, opdat zij water mochten drinken, maar werden niet verzadigd; nochtans hebt gij u niet bekeerd tot Mij, spreekt de HEERE."
      },
      {
        "book_name": "Amos",
        "book": 30,
        "chapter": 4,
        "verse": 9,
        "text": "Ik heb ulieden geslagen met brandkoren en met honigdauw; de veelheid uwer hoven, en uwer wijngaarden, en uwer vijgebomen, en uwer olijfbomen at de rups op; nochtans hebt gij u niet bekeerd tot Mij, spreekt de HEERE."
      },
      {
        "book_name": "Amos",
        "book": 30,
        "chapter": 4,
        "verse": 10,
        "text": "Ik heb de pestilentie onder ulieden gezonden, naar de wijze van Egypte; Ik heb uw jongelingen door het zwaard gedood, en uw paarden gevankelijk laten wegvoeren; en Ik heb den stank uwer heirlegeren zelfs in uw neus doen opgaan; nochtans hebt gij u niet bekeerd tot Mij, spreekt de HEERE."
      },
      {
        "book_name": "Amos",
        "book": 30,
        "chapter": 4,
        "verse": 11,
        "text": "Ik heb sommigen onder ulieden omgekeerd, gelijk God Sodom en Gomorra omkeerde, u, die waart als een vuurbrand, dat uit den brand gered is; nochtans hebt gij u niet bekeerd tot Mij, spreekt de HEERE."
      },
      {
        "book_name": "Amos",
        "book": 30,
        "chapter": 4,
        "verse": 12,
        "text": "Daarom zal Ik u alzo doen, o Israël! omdat Ik u dan dit doen zal, zo schik u, o Israël! om uw God te ontmoeten."
      },
      {
        "book_name": "Amos",
        "book": 30,
        "chapter": 4,
        "verse": 13,
        "text": "Want zie, Die de bergen formeert, en den wind schept, en den mens bekend maakt, wat zijn gedachte zij, Die den dageraad duisternis maakt, en op de hoogten der aarde treedt, HEERE, God der heirscharen, is Zijn Naam."
      }
    ],
    "5": [
      {
        "book_name": "Amos",
        "book": 30,
        "chapter": 5,
        "verse": 1,
        "text": "1Hoort dit woord, dat Ik over ulieden ophef, een klaaglied, o huis Israëls!  2De jonkvrouw Israëls is gevallen, zij zal niet weder opstaan; zij is verlaten op haar land, er is niemand, die haar opricht.  3Want zo zegt de Heere HEERE: De stad, die uitgaat met duizend, zal honderd overhouden, en die uitgaat met honderd, zal tien overhouden, in het huis Israëls.  4Want zo zegt de HEERE tot het huis Israëls: Zoekt Mij, en leeft.  5Maar zoekt Beth-El niet, en komt niet te Gilgal, en gaat niet over naar Berseba; want Gilgal zal voorzeker gevankelijk worden weggevoerd, en Beth-El zal worden tot niet.  6Zoekt den HEERE, en leeft; opdat Hij niet doorbreke in het huis van Jozef als een vuur, dat vertere, zodat er niemand zij, die het blusse in Beth-El;  7Die het recht in alsem verkeren, en de gerechtigheid ter aarde doen liggen.  8Die het Zevengesternte en den Orion maakt, en de doodsschaduw in den morgenstond verandert, en den dag als den nacht verduistert; Die de wateren der zee roept, en giet ze uit op den aardbodem, HEERE is Zijn Naam.  9Die Zich verkwikt door verwoesting over een sterke; zodat de verwoesting komt over een vesting.  10Zij haten in de poort dengene, die bestraft, en hebben een gruwel van dien, die oprechtelijk spreekt.  11Daarom, omdat gij den arme vertreedt en een last koren van hem neemt, zo hebt gij wel huizen gebouwd van gehouwen steen, maar gij zult daarin niet wonen; gij hebt gewenste wijngaarden geplant, maar gij zult derzelver wijn niet drinken.  12Want Ik weet, dat uw overtredingen menigvuldig, en uw zonden machtig vele zijn; zij benauwen den rechtvaardige, nemen zoengeld, en verstoten de nooddruftigen in de poort.  13Daarom zal de verstandige te dier tijd zwijgen, want het zal een boze tijd zijn.  14Zoekt het goede, en niet het boze, opdat gij leeft; en alzo zal de HEERE, de God der heirscharen, met ulieden zijn, gelijk als gij zegt.  15Haat het boze, en hebt lief het goede, en bestelt het recht in de poort, misschien zal de HEERE, de God der heirscharen, aan Jozefs overblijfsel genadig zijn.  16Daarom, zo zegt de HEERE, de God der heirscharen, de Heere: Op alle straten zal rouwklage zijn, en in alle wijken zullen zij zeggen: Och! och! en zullen den akkerman roepen tot treuren, en rouwklage zal zijn bij degenen, die verstand van kermen hebben.  17Ja, in alle wijngaarden zal rouwklage zijn; want Ik zal door het midden van u doorgaan; zegt de HEERE.  18Wee dien, die des HEEREN dag begeren! Waartoe toch zal ulieden de dag des HEEREN zijn? Hij zal duisternis wezen en geen licht.  19Als wanneer iemand vlood voor het aangezicht eens leeuws, en hem ontmoette een beer; of dat hij kwam in een huis, en leunde met zijn hand aan den wand, en hem beet een slang.  20Zal dan niet des HEEREN dag duisternis zijn, en geen licht? En donkerheid, zodat er geen glans aan zij?  21Ik haat, Ik versmaad uw feesten, en Ik mag uw verbodsdagen niet rieken.  22Want ofschoon gij Mij brandofferen offert, mitsgaders uw spijsofferen, Ik heb er toch geen welgevallen aan; en het dankoffer van uw vette beesten mag Ik niet aanzien.  23Doe het getier uwer liederen van Mij weg; ook mag Ik uwer luiten spel niet horen.  24Maar laat het oordeel zich daarhenen wenden als de wateren, en de gerechtigheid als een sterke beek.  25Hebt gij Mij veertig jaren in de woestijn slachtofferen en spijsoffer toegebracht, o huis Israëls?  26Ja, gij droegt de tent van uw Melech, en den Kijun, uw beelden, de ster uws gods, dien gij uzelf hadt gemaakt.  27Daarom zal Ik ulieden gevankelijk wegvoeren, ver boven Damaskus henen, zegt de HEERE, Wiens Naam is God der heirscharen."
      },
      {
        "book_name": "Amos",
        "book": 30,
        "chapter": 5,
        "verse": 1,
        "text": "Hoort dit woord, dat Ik over ulieden ophef, een klaaglied, o huis Israëls!"
      },
      {
        "book_name": "Amos",
        "book": 30,
        "chapter": 5,
        "verse": 2,
        "text": "De jonkvrouw Israëls is gevallen, zij zal niet weder opstaan; zij is verlaten op haar land, er is niemand, die haar opricht."
      },
      {
        "book_name": "Amos",
        "book": 30,
        "chapter": 5,
        "verse": 3,
        "text": "Want zo zegt de Heere HEERE: De stad, die uitgaat met duizend, zal honderd overhouden, en die uitgaat met honderd, zal tien overhouden, in het huis Israëls."
      },
      {
        "book_name": "Amos",
        "book": 30,
        "chapter": 5,
        "verse": 4,
        "text": "Want zo zegt de HEERE tot het huis Israëls: Zoekt Mij, en leeft."
      },
      {
        "book_name": "Amos",
        "book": 30,
        "chapter": 5,
        "verse": 5,
        "text": "Maar zoekt Beth-El niet, en komt niet te Gilgal, en gaat niet over naar Berseba; want Gilgal zal voorzeker gevankelijk worden weggevoerd, en Beth-El zal worden tot niet."
      },
      {
        "book_name": "Amos",
        "book": 30,
        "chapter": 5,
        "verse": 6,
        "text": "Zoekt den HEERE, en leeft; opdat Hij niet doorbreke in het huis van Jozef als een vuur, dat vertere, zodat er niemand zij, die het blusse in Beth-El;"
      },
      {
        "book_name": "Amos",
        "book": 30,
        "chapter": 5,
        "verse": 7,
        "text": "Die het recht in alsem verkeren, en de gerechtigheid ter aarde doen liggen."
      },
      {
        "book_name": "Amos",
        "book": 30,
        "chapter": 5,
        "verse": 8,
        "text": "Die het Zevengesternte en den Orion maakt, en de doodsschaduw in den morgenstond verandert, en den dag als den nacht verduistert; Die de wateren der zee roept, en giet ze uit op den aardbodem, HEERE is Zijn Naam."
      },
      {
        "book_name": "Amos",
        "book": 30,
        "chapter": 5,
        "verse": 9,
        "text": "Die Zich verkwikt door verwoesting over een sterke; zodat de verwoesting komt over een vesting."
      },
      {
        "book_name": "Amos",
        "book": 30,
        "chapter": 5,
        "verse": 10,
        "text": "Zij haten in de poort dengene, die bestraft, en hebben een gruwel van dien, die oprechtelijk spreekt."
      },
      {
        "book_name": "Amos",
        "book": 30,
        "chapter": 5,
        "verse": 11,
        "text": "Daarom, omdat gij den arme vertreedt en een last koren van hem neemt, zo hebt gij wel huizen gebouwd van gehouwen steen, maar gij zult daarin niet wonen; gij hebt gewenste wijngaarden geplant, maar gij zult derzelver wijn niet drinken."
      },
      {
        "book_name": "Amos",
        "book": 30,
        "chapter": 5,
        "verse": 12,
        "text": "Want Ik weet, dat uw overtredingen menigvuldig, en uw zonden machtig vele zijn; zij benauwen den rechtvaardige, nemen zoengeld, en verstoten de nooddruftigen in de poort."
      },
      {
        "book_name": "Amos",
        "book": 30,
        "chapter": 5,
        "verse": 13,
        "text": "Daarom zal de verstandige te dier tijd zwijgen, want het zal een boze tijd zijn."
      },
      {
        "book_name": "Amos",
        "book": 30,
        "chapter": 5,
        "verse": 14,
        "text": "Zoekt het goede, en niet het boze, opdat gij leeft; en alzo zal de HEERE, de God der heirscharen, met ulieden zijn, gelijk als gij zegt."
      },
      {
        "book_name": "Amos",
        "book": 30,
        "chapter": 5,
        "verse": 15,
        "text": "Haat het boze, en hebt lief het goede, en bestelt het recht in de poort, misschien zal de HEERE, de God der heirscharen, aan Jozefs overblijfsel genadig zijn."
      },
      {
        "book_name": "Amos",
        "book": 30,
        "chapter": 5,
        "verse": 16,
        "text": "Daarom, zo zegt de HEERE, de God der heirscharen, de Heere: Op alle straten zal rouwklage zijn, en in alle wijken zullen zij zeggen: Och! och! en zullen den akkerman roepen tot treuren, en rouwklage zal zijn bij degenen, die verstand van kermen hebben."
      },
      {
        "book_name": "Amos",
        "book": 30,
        "chapter": 5,
        "verse": 17,
        "text": "Ja, in alle wijngaarden zal rouwklage zijn; want Ik zal door het midden van u doorgaan; zegt de HEERE."
      },
      {
        "book_name": "Amos",
        "book": 30,
        "chapter": 5,
        "verse": 18,
        "text": "Wee dien, die des HEEREN dag begeren! Waartoe toch zal ulieden de dag des HEEREN zijn? Hij zal duisternis wezen en geen licht."
      },
      {
        "book_name": "Amos",
        "book": 30,
        "chapter": 5,
        "verse": 19,
        "text": "Als wanneer iemand vlood voor het aangezicht eens leeuws, en hem ontmoette een beer; of dat hij kwam in een huis, en leunde met zijn hand aan den wand, en hem beet een slang."
      },
      {
        "book_name": "Amos",
        "book": 30,
        "chapter": 5,
        "verse": 20,
        "text": "Zal dan niet des HEEREN dag duisternis zijn, en geen licht? En donkerheid, zodat er geen glans aan zij?"
      },
      {
        "book_name": "Amos",
        "book": 30,
        "chapter": 5,
        "verse": 21,
        "text": "Ik haat, Ik versmaad uw feesten, en Ik mag uw verbodsdagen niet rieken."
      },
      {
        "book_name": "Amos",
        "book": 30,
        "chapter": 5,
        "verse": 22,
        "text": "Want ofschoon gij Mij brandofferen offert, mitsgaders uw spijsofferen, Ik heb er toch geen welgevallen aan; en het dankoffer van uw vette beesten mag Ik niet aanzien."
      },
      {
        "book_name": "Amos",
        "book": 30,
        "chapter": 5,
        "verse": 23,
        "text": "Doe het getier uwer liederen van Mij weg; ook mag Ik uwer luiten spel niet horen."
      },
      {
        "book_name": "Amos",
        "book": 30,
        "chapter": 5,
        "verse": 24,
        "text": "Maar laat het oordeel zich daarhenen wenden als de wateren, en de gerechtigheid als een sterke beek."
      },
      {
        "book_name": "Amos",
        "book": 30,
        "chapter": 5,
        "verse": 25,
        "text": "Hebt gij Mij veertig jaren in de woestijn slachtofferen en spijsoffer toegebracht, o huis Israëls?"
      },
      {
        "book_name": "Amos",
        "book": 30,
        "chapter": 5,
        "verse": 26,
        "text": "Ja, gij droegt de tent van uw Melech, en den Kijun, uw beelden, de ster uws gods, dien gij uzelf hadt gemaakt."
      },
      {
        "book_name": "Amos",
        "book": 30,
        "chapter": 5,
        "verse": 27,
        "text": "Daarom zal Ik ulieden gevankelijk wegvoeren, ver boven Damaskus henen, zegt de HEERE, Wiens Naam is God der heirscharen."
      }
    ],
    "6": [
      {
        "book_name": "Amos",
        "book": 30,
        "chapter": 6,
        "verse": 1,
        "text": "1Wee den gerusten te Sion, en den zekeren op den berg van Samaria! die de voornaamste zijn van de eerstelingen der volken, en tot dewelke die van het huis Israëls komen.  2Gaat over naar Kalne, en ziet toe; en gaat van daar naar Hamath, de grote stad, en trekt af naar Gath der Filistijnen; of zij beter zijn dan deze koninkrijken, of hun landpale groter dan uw landpale?  3Gij, die den bozen dag verre stelt, en den stoel des gewelds nabij brengt.  4Die daar liggen op elpenbenen bedsteden, en weelderig zijn op hun koetsen, en eten de lammeren van de kudde, en de kalveren uit het midden van den meststal.  5Die op het geklank der luit kwinkeleren, en bedenken zichzelven instrumenten der muziek, gelijk David;  6Die wijn uit schalen drinken, en zich zalven met de voortreffelijkste olie, maar bekommeren zich niet over de verbreking van Jozef.  7Daarom zullen zij nu gevankelijk henengaan onder de voorsten, die in gevangenis gaan; en het banket dergenen, die weelderig zijn, zal wegwijken.  8De Heere HEERE heeft gezworen bij Zichzelf (spreekt de HEERE, de God der heirscharen): Ik heb een gruwel van Jakobs hovaardij, en Ik haat zijn paleizen; daarom zal Ik de stad en haar volheid overleveren.  9En het zal geschieden, zo er tien mannen in enig huis zullen overgelaten zijn, dat zij sterven zullen.  10En de naaste vriend zal een iegelijk van die opnemen, of die hem verbrandt, om de beenderen uit het huis uit te brengen, en zal zeggen tot dien, die binnen de zijden van het huis is: Zijn er nog meer bij u? En hij zal zeggen: Niemand. Dan zal hij zeggen: Zwijg! want zij waren niet om des HEEREN Naam te vermelden.  11Want ziet, de HEERE geeft bevel, en Hij zal het grote huis slaan met inwatering, en het kleine huis met spleten.  12Zullen ook paarden rennen op een steenrots? Zal men ook daarop met runderen ploegen? Want gijlieden hebt het recht in gal verkeerd, en de vrucht der gerechtigheid in alsem.  13Gij, die blijde zijt over een nietig ding; gij, die zegt: Hebben wij ons niet door onze sterkte hoornen verkregen?  14Want ziet, Ik zal over ulieden, o huis Israëls! een volk verwekken, spreekt de HEERE, de God der heirscharen; die zullen ulieden drukken, van daar men komt te Hamath, tot aan de beek der wildernis."
      },
      {
        "book_name": "Amos",
        "book": 30,
        "chapter": 6,
        "verse": 1,
        "text": "Wee den gerusten te Sion, en den zekeren op den berg van Samaria! die de voornaamste zijn van de eerstelingen der volken, en tot dewelke die van het huis Israëls komen."
      },
      {
        "book_name": "Amos",
        "book": 30,
        "chapter": 6,
        "verse": 2,
        "text": "Gaat over naar Kalne, en ziet toe; en gaat van daar naar Hamath, de grote stad, en trekt af naar Gath der Filistijnen; of zij beter zijn dan deze koninkrijken, of hun landpale groter dan uw landpale?"
      },
      {
        "book_name": "Amos",
        "book": 30,
        "chapter": 6,
        "verse": 3,
        "text": "Gij, die den bozen dag verre stelt, en den stoel des gewelds nabij brengt."
      },
      {
        "book_name": "Amos",
        "book": 30,
        "chapter": 6,
        "verse": 4,
        "text": "Die daar liggen op elpenbenen bedsteden, en weelderig zijn op hun koetsen, en eten de lammeren van de kudde, en de kalveren uit het midden van den meststal."
      },
      {
        "book_name": "Amos",
        "book": 30,
        "chapter": 6,
        "verse": 5,
        "text": "Die op het geklank der luit kwinkeleren, en bedenken zichzelven instrumenten der muziek, gelijk David;"
      },
      {
        "book_name": "Amos",
        "book": 30,
        "chapter": 6,
        "verse": 6,
        "text": "Die wijn uit schalen drinken, en zich zalven met de voortreffelijkste olie, maar bekommeren zich niet over de verbreking van Jozef."
      },
      {
        "book_name": "Amos",
        "book": 30,
        "chapter": 6,
        "verse": 7,
        "text": "Daarom zullen zij nu gevankelijk henengaan onder de voorsten, die in gevangenis gaan; en het banket dergenen, die weelderig zijn, zal wegwijken."
      },
      {
        "book_name": "Amos",
        "book": 30,
        "chapter": 6,
        "verse": 8,
        "text": "De Heere HEERE heeft gezworen bij Zichzelf (spreekt de HEERE, de God der heirscharen): Ik heb een gruwel van Jakobs hovaardij, en Ik haat zijn paleizen; daarom zal Ik de stad en haar volheid overleveren."
      },
      {
        "book_name": "Amos",
        "book": 30,
        "chapter": 6,
        "verse": 9,
        "text": "En het zal geschieden, zo er tien mannen in enig huis zullen overgelaten zijn, dat zij sterven zullen."
      },
      {
        "book_name": "Amos",
        "book": 30,
        "chapter": 6,
        "verse": 10,
        "text": "En de naaste vriend zal een iegelijk van die opnemen, of die hem verbrandt, om de beenderen uit het huis uit te brengen, en zal zeggen tot dien, die binnen de zijden van het huis is: Zijn er nog meer bij u? En hij zal zeggen: Niemand. Dan zal hij zeggen: Zwijg! want zij waren niet om des HEEREN Naam te vermelden."
      },
      {
        "book_name": "Amos",
        "book": 30,
        "chapter": 6,
        "verse": 11,
        "text": "Want ziet, de HEERE geeft bevel, en Hij zal het grote huis slaan met inwatering, en het kleine huis met spleten."
      },
      {
        "book_name": "Amos",
        "book": 30,
        "chapter": 6,
        "verse": 12,
        "text": "Zullen ook paarden rennen op een steenrots? Zal men ook daarop met runderen ploegen? Want gijlieden hebt het recht in gal verkeerd, en de vrucht der gerechtigheid in alsem."
      },
      {
        "book_name": "Amos",
        "book": 30,
        "chapter": 6,
        "verse": 13,
        "text": "Gij, die blijde zijt over een nietig ding; gij, die zegt: Hebben wij ons niet door onze sterkte hoornen verkregen?"
      },
      {
        "book_name": "Amos",
        "book": 30,
        "chapter": 6,
        "verse": 14,
        "text": "Want ziet, Ik zal over ulieden, o huis Israëls! een volk verwekken, spreekt de HEERE, de God der heirscharen; die zullen ulieden drukken, van daar men komt te Hamath, tot aan de beek der wildernis."
      }
    ],
    "7": [
      {
        "book_name": "Amos",
        "book": 30,
        "chapter": 7,
        "verse": 1,
        "text": "1De Heere HEERE deed mij aldus zien; en ziet, Hij formeerde sprinkhanen, in het begin des opkomens van het nagras; en ziet, het was het nagras, na des konings afmaaiingen.  2En het geschiedde, als zij het kruid des lands geheel zouden hebben afgegeten, dat ik zeide: Heere HEERE! vergeef toch; wie zou er van Jakob blijven staan; want hij is klein!  3  Toen berouwde zulks den HEERE; het zal niet geschieden, zeide de HEERE.  4  Wijders deed mij de Heere HEERE aldus zien; en ziet, de Heere HEERE riep uit, dat Hij wilde twisten met vuur; en het verteerde een groten afgrond, ook verteerde het een stuk lands.  5Toen zeide ik: Heere HEERE! houd toch op; wie zou er van Jakob blijven staan; want hij is klein!  6  Toen berouwde zulks den HEERE. Ook dit zal niet geschieden, zeide de Heere HEERE.  7  Nog deed Hij mij aldus zien; en ziet, de Heere stond op een muur, die naar het paslood gemaakt was, en een paslood was in Zijn hand.  8En de HEERE zeide tot mij: Wat ziet gij, Amos? En ik zeide: Een paslood. Toen zeide de Heere: Zie, Ik zal het paslood stellen in het midden van Mijn volk Israël; Ik zal het voortaan niet meer voorbijgaan.  9Maar Izaks hoogten zullen verwoest, en Israëls heiligdommen verstoord worden; en Ik zal tegen Jerobeams huis opstaan met het zwaard.  10Toen zond Amazia, de priester te Beth-El, tot Jerobeam, den koning van Israël, zeggende: Amos heeft een verbintenis tegen u gemaakt, in het midden van het huis Israëls; het land zal al zijn woorden niet kunnen verdragen.  11Want alzo zegt Amos: Jerobeam zal door het zwaard sterven, en Israël zal voorzeker uit zijn land gevankelijk worden weggevoerd.  12Daarna zeide Amazia tot Amos: Gij ziener! ga weg, vlied in het land van Juda, en eet aldaar brood, en profeteer aldaar.  13Maar te Beth-El zult gij voortaan niet meer profeteren; want dat is des konings heiligdom, en dat is het huis des koninkrijks.  14Toen antwoordde Amos, en zeide tot Amazia: Ik was geen profeet, en ik was geen profetenzoon; maar ik was een ossenherder, en las wilde vijgen af.  15Maar de HEERE nam mij van achter de kudde; en de HEERE zeide tot mij: Ga henen, profeteer tot Mijn volk Israël.  16Nu dan, hoor des HEEREN woord: Gij zegt: Gij zult niet profeteren tegen Israël, noch druppen tegen het huis van Izak.  17Daarom zegt de HEERE alzo: Uw vrouw zal in de stad hoereren, en uw zonen en uw dochteren zullen door het zwaard vallen, en uw land zal door het snoer uitgedeeld worden; en gij zult in een onrein land sterven, en Israël zal voorzeker uit zijn land gevankelijk worden weggevoerd."
      },
      {
        "book_name": "Amos",
        "book": 30,
        "chapter": 7,
        "verse": 1,
        "text": "De Heere HEERE deed mij aldus zien; en ziet, Hij formeerde sprinkhanen, in het begin des opkomens van het nagras; en ziet, het was het nagras, na des konings afmaaiingen."
      },
      {
        "book_name": "Amos",
        "book": 30,
        "chapter": 7,
        "verse": 2,
        "text": "En het geschiedde, als zij het kruid des lands geheel zouden hebben afgegeten, dat ik zeide: Heere HEERE! vergeef toch; wie zou er van Jakob blijven staan; want hij is klein!"
      },
      {
        "book_name": "Amos",
        "book": 30,
        "chapter": 7,
        "verse": 3,
        "text": "Toen berouwde zulks den HEERE; het zal niet geschieden, zeide de HEERE."
      },
      {
        "book_name": "Amos",
        "book": 30,
        "chapter": 7,
        "verse": 4,
        "text": "Wijders deed mij de Heere HEERE aldus zien; en ziet, de Heere HEERE riep uit, dat Hij wilde twisten met vuur; en het verteerde een groten afgrond, ook verteerde het een stuk lands."
      },
      {
        "book_name": "Amos",
        "book": 30,
        "chapter": 7,
        "verse": 5,
        "text": "Toen zeide ik: Heere HEERE! houd toch op; wie zou er van Jakob blijven staan; want hij is klein!"
      },
      {
        "book_name": "Amos",
        "book": 30,
        "chapter": 7,
        "verse": 6,
        "text": "Toen berouwde zulks den HEERE. Ook dit zal niet geschieden, zeide de Heere HEERE."
      },
      {
        "book_name": "Amos",
        "book": 30,
        "chapter": 7,
        "verse": 7,
        "text": "Nog deed Hij mij aldus zien; en ziet, de Heere stond op een muur, die naar het paslood gemaakt was, en een paslood was in Zijn hand."
      },
      {
        "book_name": "Amos",
        "book": 30,
        "chapter": 7,
        "verse": 8,
        "text": "En de HEERE zeide tot mij: Wat ziet gij, Amos? En ik zeide: Een paslood. Toen zeide de Heere: Zie, Ik zal het paslood stellen in het midden van Mijn volk Israël; Ik zal het voortaan niet meer voorbijgaan."
      },
      {
        "book_name": "Amos",
        "book": 30,
        "chapter": 7,
        "verse": 9,
        "text": "Maar Izaks hoogten zullen verwoest, en Israëls heiligdommen verstoord worden; en Ik zal tegen Jerobeams huis opstaan met het zwaard."
      },
      {
        "book_name": "Amos",
        "book": 30,
        "chapter": 7,
        "verse": 10,
        "text": "Toen zond Amazia, de priester te Beth-El, tot Jerobeam, den koning van Israël, zeggende: Amos heeft een verbintenis tegen u gemaakt, in het midden van het huis Israëls; het land zal al zijn woorden niet kunnen verdragen."
      },
      {
        "book_name": "Amos",
        "book": 30,
        "chapter": 7,
        "verse": 11,
        "text": "Want alzo zegt Amos: Jerobeam zal door het zwaard sterven, en Israël zal voorzeker uit zijn land gevankelijk worden weggevoerd."
      },
      {
        "book_name": "Amos",
        "book": 30,
        "chapter": 7,
        "verse": 12,
        "text": "Daarna zeide Amazia tot Amos: Gij ziener! ga weg, vlied in het land van Juda, en eet aldaar brood, en profeteer aldaar."
      },
      {
        "book_name": "Amos",
        "book": 30,
        "chapter": 7,
        "verse": 13,
        "text": "Maar te Beth-El zult gij voortaan niet meer profeteren; want dat is des konings heiligdom, en dat is het huis des koninkrijks."
      },
      {
        "book_name": "Amos",
        "book": 30,
        "chapter": 7,
        "verse": 14,
        "text": "Toen antwoordde Amos, en zeide tot Amazia: Ik was geen profeet, en ik was geen profetenzoon; maar ik was een ossenherder, en las wilde vijgen af."
      },
      {
        "book_name": "Amos",
        "book": 30,
        "chapter": 7,
        "verse": 15,
        "text": "Maar de HEERE nam mij van achter de kudde; en de HEERE zeide tot mij: Ga henen, profeteer tot Mijn volk Israël."
      },
      {
        "book_name": "Amos",
        "book": 30,
        "chapter": 7,
        "verse": 16,
        "text": "Nu dan, hoor des HEEREN woord: Gij zegt: Gij zult niet profeteren tegen Israël, noch druppen tegen het huis van Izak."
      },
      {
        "book_name": "Amos",
        "book": 30,
        "chapter": 7,
        "verse": 17,
        "text": "Daarom zegt de HEERE alzo: Uw vrouw zal in de stad hoereren, en uw zonen en uw dochteren zullen door het zwaard vallen, en uw land zal door het snoer uitgedeeld worden; en gij zult in een onrein land sterven, en Israël zal voorzeker uit zijn land gevankelijk worden weggevoerd."
      }
    ],
    "8": [
      {
        "book_name": "Amos",
        "book": 30,
        "chapter": 8,
        "verse": 1,
        "text": "1De Heere HEERE deed mij aldus zien; en ziet, een korf met zomervruchten.  2En Hij zeide: Wat ziet gij, Amos? En ik zeide: Een korf met zomervruchten. Toen zeide de HEERE tot mij: Het einde is gekomen over Mijn volk Israël; Ik zal het voortaan niet meer voorbijgaan.  3Maar de gezangen des tempels zullen te dien dage huilen, spreekt de Heere HEERE; vele dode lichamen zullen er zijn, in alle plaatsen zal men ze stilzwijgend wegwerpen.  4Hoort dit, gij, die den nooddruftige opslokt! en dat om te vernielen de ellendigen des lands;  5Zeggende: Wanneer zal de nieuwe maan overgaan, dat wij leeftocht mogen verkopen? en de sabbat, dat wij koren mogen openen? verkleinende de efa, en den sikkel vergrotende, en verkeerdelijk handelende met bedriegelijke weegschalen;  6Dat wij de armen voor geld mogen kopen, en den nooddruftige om een paar schoenen; dan zullen wij het kaf van het koren verkopen.  7De HEERE heeft gezworen bij Jakobs heerlijkheid: Zo Ik al hun werken in eeuwigheid zal vergeten!  8Zou het land hierover niet beroerd worden, en al wie daarin woont treuren? Ja, het zal geheel oprijzen als een rivier, en het zal heen en weder gedreven en verdronken worden, als door de rivier van Egypte.  9En het zal te dien dage geschieden, spreekt de Heere HEERE, dat Ik de zon op den middag zal doen ondergaan, en het land bij lichten dage verduisteren.  10En Ik zal uw feesten in rouw, en al uw liederen in weeklage veranderen, en op alle lenden een zak, en op alle hoofd kaalheid brengen; en Ik zal het land stellen in rouw, als er is over een enigen zoon, en deszelfs einde als een bitteren dag.  11Ziet, de dagen komen, spreekt de Heere HEERE, dat Ik een honger in het land zal zenden; niet een honger naar brood, noch dorst naar water, maar om te horen de woorden des HEEREN.  12En zij zullen zwerven van zee tot zee, en van het noorden tot het oosten; zij zullen omlopen om het woord des HEEREN te zoeken, maar zullen het niet vinden.  13Te dien dage zullen de schone jonkvrouwen en de jongelingen van dorst versmachten;  14Die daar zweren bij de schuld van Samaria, en zeggen: Zo waarachtig als uw god van Dan leeft, en de weg van Berseba leeft! en zij zullen vallen, en niet weder opstaan."
      },
      {
        "book_name": "Amos",
        "book": 30,
        "chapter": 8,
        "verse": 1,
        "text": "De Heere HEERE deed mij aldus zien; en ziet, een korf met zomervruchten."
      },
      {
        "book_name": "Amos",
        "book": 30,
        "chapter": 8,
        "verse": 2,
        "text": "En Hij zeide: Wat ziet gij, Amos? En ik zeide: Een korf met zomervruchten. Toen zeide de HEERE tot mij: Het einde is gekomen over Mijn volk Israël; Ik zal het voortaan niet meer voorbijgaan."
      },
      {
        "book_name": "Amos",
        "book": 30,
        "chapter": 8,
        "verse": 3,
        "text": "Maar de gezangen des tempels zullen te dien dage huilen, spreekt de Heere HEERE; vele dode lichamen zullen er zijn, in alle plaatsen zal men ze stilzwijgend wegwerpen."
      },
      {
        "book_name": "Amos",
        "book": 30,
        "chapter": 8,
        "verse": 4,
        "text": "Hoort dit, gij, die den nooddruftige opslokt! en dat om te vernielen de ellendigen des lands;"
      },
      {
        "book_name": "Amos",
        "book": 30,
        "chapter": 8,
        "verse": 5,
        "text": "Zeggende: Wanneer zal de nieuwe maan overgaan, dat wij leeftocht mogen verkopen? en de sabbat, dat wij koren mogen openen? verkleinende de efa, en den sikkel vergrotende, en verkeerdelijk handelende met bedriegelijke weegschalen;"
      },
      {
        "book_name": "Amos",
        "book": 30,
        "chapter": 8,
        "verse": 6,
        "text": "Dat wij de armen voor geld mogen kopen, en den nooddruftige om een paar schoenen; dan zullen wij het kaf van het koren verkopen."
      },
      {
        "book_name": "Amos",
        "book": 30,
        "chapter": 8,
        "verse": 7,
        "text": "De HEERE heeft gezworen bij Jakobs heerlijkheid: Zo Ik al hun werken in eeuwigheid zal vergeten!"
      },
      {
        "book_name": "Amos",
        "book": 30,
        "chapter": 8,
        "verse": 8,
        "text": "Zou het land hierover niet beroerd worden, en al wie daarin woont treuren? Ja, het zal geheel oprijzen als een rivier, en het zal heen en weder gedreven en verdronken worden, als door de rivier van Egypte."
      },
      {
        "book_name": "Amos",
        "book": 30,
        "chapter": 8,
        "verse": 9,
        "text": "En het zal te dien dage geschieden, spreekt de Heere HEERE, dat Ik de zon op den middag zal doen ondergaan, en het land bij lichten dage verduisteren."
      },
      {
        "book_name": "Amos",
        "book": 30,
        "chapter": 8,
        "verse": 10,
        "text": "En Ik zal uw feesten in rouw, en al uw liederen in weeklage veranderen, en op alle lenden een zak, en op alle hoofd kaalheid brengen; en Ik zal het land stellen in rouw, als er is over een enigen zoon, en deszelfs einde als een bitteren dag."
      },
      {
        "book_name": "Amos",
        "book": 30,
        "chapter": 8,
        "verse": 11,
        "text": "Ziet, de dagen komen, spreekt de Heere HEERE, dat Ik een honger in het land zal zenden; niet een honger naar brood, noch dorst naar water, maar om te horen de woorden des HEEREN."
      },
      {
        "book_name": "Amos",
        "book": 30,
        "chapter": 8,
        "verse": 12,
        "text": "En zij zullen zwerven van zee tot zee, en van het noorden tot het oosten; zij zullen omlopen om het woord des HEEREN te zoeken, maar zullen het niet vinden."
      },
      {
        "book_name": "Amos",
        "book": 30,
        "chapter": 8,
        "verse": 13,
        "text": "Te dien dage zullen de schone jonkvrouwen en de jongelingen van dorst versmachten;"
      },
      {
        "book_name": "Amos",
        "book": 30,
        "chapter": 8,
        "verse": 14,
        "text": "Die daar zweren bij de schuld van Samaria, en zeggen: Zo waarachtig als uw god van Dan leeft, en de weg van Berseba leeft! en zij zullen vallen, en niet weder opstaan."
      }
    ],
    "9": [
      {
        "book_name": "Amos",
        "book": 30,
        "chapter": 9,
        "verse": 1,
        "text": "1Ik zag den Heere staan op het altaar, en Hij zeide: Sla dien knoop, dat de posten beven, en doorkloof ze allen in het hoofd; en Ik zal hun achterste met het zwaard doden; vliedende zal onder hen niet ontvlieden, noch de ontkomende onder hen behouden worden.  2Al groeven zij tot in de hel, zo zal Mijn hand ze van daar halen, en al klommen zij in den hemel, zo zal Ik ze van daar doen nederdalen.  3En al verstaken zij zich op de hoogte van Karmel, zo zal Ik ze naspeuren en van daar halen; en al verborgen zij zich van voor Mijn ogen in den grond van de zee, zo zal Ik van daar een slang gebieden, die zal ze bijten.  4En al gingen zij in gevangenis voor het aangezicht hunner vijanden, zo zal Ik van daar het zwaard gebieden, dat het hen dode; en Ik zal Mijn oog tegen hen zetten ten kwade, en niet ten goede.  5Want de Heere HEERE der heirscharen is het, Die het land aanroert, dat het versmelte, en allen, die daarin wonen, treuren; en dat het geheel oprijze als een rivier, en verdronken worde als door de rivier van Egypte.  6Die Zijn opperzalen in den hemel bouwt, en Zijn benden heeft Hij op aarde gefondeerd; Die de wateren der zee roept, en giet ze uit op den aardbodem; HEERE is Zijn Naam.  7Zijt gijlieden Mij niet als de kinderen der Moren, o kinderen Israëls? spreekt de HEERE. Heb Ik Israël niet opgevoerd uit Egypteland, en de Filistijnen uit Kafthor, en de Syriërs uit Kir?  8Ziet, de ogen des Heeren HEEREN zijn tegen dit zondig koninkrijk, dat Ik het van den aardbodem verdelge; behalve dat Ik het huis Jakobs niet ganselijk zal verdelgen, spreekt de HEERE.  9Want ziet, Ik geef bevel, en Ik zal het huis Israëls onder al de heidenen schudden, gelijk als zaad geschud wordt in een zeef; en niet een steentje zal er ter aarde vallen.  10Alle zondaars Mijns volks zullen door het zwaard sterven; die daar zeggen: Het kwaad zal tot ons niet genaken, noch ons voorkomen.  11Te dien dage zal Ik de vervallen hut van David weder oprichten, en Ik zal haar reten vertuinen, en wat aan haar is afgebroken, weder oprichten, en zal ze bouwen, als in de dagen van ouds;  12Opdat zij erfelijk bezitten het overblijfsel van Edom, en al de heidenen, die naar Mijn Naam genoemd worden, spreekt de HEERE, Die dit doet.  13Ziet, de dagen komen, spreekt de HEERE, dat de ploeger den maaier, en de druiventreder den zaadzaaier genaken zal; en de bergen zullen van zoeten wijn druipen, en al de heuvelen zullen smelten.  14En Ik zal de gevangenis van Mijn volk Israël wenden, en zij zullen de verwoeste steden herbouwen en bewonen, en wijngaarden planten, en derzelver wijn drinken; en zij zullen hoven maken, en derzelver vrucht eten.  15En Ik zal ze in hun land planten; en zij zullen niet meer worden uitgerukt uit hun land, dat Ik hunlieden gegeven heb, zegt de HEERE, uw God."
      },
      {
        "book_name": "Amos",
        "book": 30,
        "chapter": 9,
        "verse": 1,
        "text": "Ik zag den Heere staan op het altaar, en Hij zeide: Sla dien knoop, dat de posten beven, en doorkloof ze allen in het hoofd; en Ik zal hun achterste met het zwaard doden; vliedende zal onder hen niet ontvlieden, noch de ontkomende onder hen behouden worden."
      },
      {
        "book_name": "Amos",
        "book": 30,
        "chapter": 9,
        "verse": 2,
        "text": "Al groeven zij tot in de hel, zo zal Mijn hand ze van daar halen, en al klommen zij in den hemel, zo zal Ik ze van daar doen nederdalen."
      },
      {
        "book_name": "Amos",
        "book": 30,
        "chapter": 9,
        "verse": 3,
        "text": "En al verstaken zij zich op de hoogte van Karmel, zo zal Ik ze naspeuren en van daar halen; en al verborgen zij zich van voor Mijn ogen in den grond van de zee, zo zal Ik van daar een slang gebieden, die zal ze bijten."
      },
      {
        "book_name": "Amos",
        "book": 30,
        "chapter": 9,
        "verse": 4,
        "text": "En al gingen zij in gevangenis voor het aangezicht hunner vijanden, zo zal Ik van daar het zwaard gebieden, dat het hen dode; en Ik zal Mijn oog tegen hen zetten ten kwade, en niet ten goede."
      },
      {
        "book_name": "Amos",
        "book": 30,
        "chapter": 9,
        "verse": 5,
        "text": "Want de Heere HEERE der heirscharen is het, Die het land aanroert, dat het versmelte, en allen, die daarin wonen, treuren; en dat het geheel oprijze als een rivier, en verdronken worde als door de rivier van Egypte."
      },
      {
        "book_name": "Amos",
        "book": 30,
        "chapter": 9,
        "verse": 6,
        "text": "Die Zijn opperzalen in den hemel bouwt, en Zijn benden heeft Hij op aarde gefondeerd; Die de wateren der zee roept, en giet ze uit op den aardbodem; HEERE is Zijn Naam."
      },
      {
        "book_name": "Amos",
        "book": 30,
        "chapter": 9,
        "verse": 7,
        "text": "Zijt gijlieden Mij niet als de kinderen der Moren, o kinderen Israëls? spreekt de HEERE. Heb Ik Israël niet opgevoerd uit Egypteland, en de Filistijnen uit Kafthor, en de Syriërs uit Kir?"
      },
      {
        "book_name": "Amos",
        "book": 30,
        "chapter": 9,
        "verse": 8,
        "text": "Ziet, de ogen des Heeren HEEREN zijn tegen dit zondig koninkrijk, dat Ik het van den aardbodem verdelge; behalve dat Ik het huis Jakobs niet ganselijk zal verdelgen, spreekt de HEERE."
      },
      {
        "book_name": "Amos",
        "book": 30,
        "chapter": 9,
        "verse": 9,
        "text": "Want ziet, Ik geef bevel, en Ik zal het huis Israëls onder al de heidenen schudden, gelijk als zaad geschud wordt in een zeef; en niet een steentje zal er ter aarde vallen."
      },
      {
        "book_name": "Amos",
        "book": 30,
        "chapter": 9,
        "verse": 10,
        "text": "Alle zondaars Mijns volks zullen door het zwaard sterven; die daar zeggen: Het kwaad zal tot ons niet genaken, noch ons voorkomen."
      },
      {
        "book_name": "Amos",
        "book": 30,
        "chapter": 9,
        "verse": 11,
        "text": "Te dien dage zal Ik de vervallen hut van David weder oprichten, en Ik zal haar reten vertuinen, en wat aan haar is afgebroken, weder oprichten, en zal ze bouwen, als in de dagen van ouds;"
      },
      {
        "book_name": "Amos",
        "book": 30,
        "chapter": 9,
        "verse": 12,
        "text": "Opdat zij erfelijk bezitten het overblijfsel van Edom, en al de heidenen, die naar Mijn Naam genoemd worden, spreekt de HEERE, Die dit doet."
      },
      {
        "book_name": "Amos",
        "book": 30,
        "chapter": 9,
        "verse": 13,
        "text": "Ziet, de dagen komen, spreekt de HEERE, dat de ploeger den maaier, en de druiventreder den zaadzaaier genaken zal; en de bergen zullen van zoeten wijn druipen, en al de heuvelen zullen smelten."
      },
      {
        "book_name": "Amos",
        "book": 30,
        "chapter": 9,
        "verse": 14,
        "text": "En Ik zal de gevangenis van Mijn volk Israël wenden, en zij zullen de verwoeste steden herbouwen en bewonen, en wijngaarden planten, en derzelver wijn drinken; en zij zullen hoven maken, en derzelver vrucht eten."
      },
      {
        "book_name": "Amos",
        "book": 30,
        "chapter": 9,
        "verse": 15,
        "text": "En Ik zal ze in hun land planten; en zij zullen niet meer worden uitgerukt uit hun land, dat Ik hunlieden gegeven heb, zegt de HEERE, uw God."
      }
    ]
  }
}