{
  "source": "bible.com",
  "version": "Statenvertaling (1750)",
  "book": "Kolossenzen",
  "chapters": {
    "1": [
      {
        "book_name": "Kolossenzen",
        "book": 51,
        "chapter": 1,
        "verse": 1,
        "text": "1Paulus, een apostel van Jezus Christus, door den wil van God, en Timotheüs, de broeder,  2Den heiligen en gelovigen broederen in Christus, die te Kolosse zijn: genade zij u en vrede van God, onzen Vader, en den Heere Jezus Christus.  3Wij danken den God en Vader van onzen Heere Jezus Christus, altijd voor u biddende;  4Alzo wij van uw geloof in Christus Jezus gehoord hebben, en van de liefde, die gij hebt tot alle heiligen.  5Om de hoop, die u weggelegd is in de hemelen, van welke gij te voren gehoord hebt, door het Woord der waarheid, namelijk des Evangelies;  6Hetwelk tot u gekomen is, gelijk ook in de gehele wereld, en het brengt vruchten voort, gelijk ook onder u, van dien dag af dat gij gehoord hebt, en de genade Gods in waarheid bekend hebt.  7Gelijk gij ook geleerd hebt van Epafras, onzen geliefden mededienstknecht, dewelke een getrouw dienaar van Christus is voor u;  8Die ons ook verklaard heeft uw liefde in den Geest.  9Waarom ook wij, van dien dag af dat wij het gehoord hebben, niet ophouden voor u te bidden en te begeren, dat gij moogt vervuld worden met de kennis van Zijn wil, in alle wijsheid en geestelijk verstand;  10Opdat gij moogt wandelen waardiglijk den Heere, tot alle behagelijkheid, in alle goede werken vrucht dragende, en wassende in de kennis van God;  11Met alle kracht bekrachtigd zijnde, naar de sterkte Zijner heerlijkheid, tot alle lijdzaamheid en lankmoedigheid, met blijdschap;  12Dankende den Vader, Die ons bekwaam gemaakt heeft, om deel te hebben in de erve der heiligen in het licht;  13Die ons getrokken heeft uit de macht der duisternis, en overgezet heeft in het Koninkrijk van den Zoon Zijner liefde;  14In Denwelken wij de verlossing hebben door Zijn bloed, namelijk de vergeving der zonden;  15Dewelke het Beeld is des onzienlijken Gods, de Eerstgeborene aller kreaturen.  16Want door Hem zijn alle dingen geschapen, die in de hemelen en die op de aarde zijn, die zienlijk en die onzienlijk zijn, hetzij tronen, hetzij heerschappijen, hetzij overheden, hetzij machten; alle dingen zijn door Hem en tot Hem geschapen;  17En Hij is voor alle dingen, en alle dingen bestaan te zamen door Hem;  18En Hij is het Hoofd des lichaams, namelijk der Gemeente, Hij, Die het Begin is, de Eerstgeborene uit de doden, opdat Hij in allen de Eerste zou zijn.  19Want het is des Vaders welbehagen geweest, dat in Hem al de volheid wonen zou;  20En dat Hij, door Hem vrede gemaakt hebbende door het bloed Zijns kruises, door Hem, zeg ik, alle dingen verzoenen zou tot Zichzelven, hetzij de dingen, die op de aarde, hetzij de dingen die in de hemelen zijn.  21En Hij heeft u, die eertijds vervreemd waart, en vijanden door het verstand in de boze werken, nu ook verzoend,  22In het lichaam Zijns vleses, door den dood, opdat Hij u zou heilig en onberispelijk en onbeschuldiglijk voor Zich stellen;  23Indien gij maar blijft in het geloof, gefondeerd en vast, en niet bewogen wordt van de hope des Evangelies, dat gij gehoord hebt, hetwelk gepredikt is onder al de kreature, die onder den hemel is; van hetwelk ik Paulus een dienaar geworden ben;  24Die mij nu verblijde in mijn lijden voor u, en vervulle in mijn vlees de overblijfselen van de verdrukkingen van Christus, voor Zijn lichaam, hetwelk is de Gemeente;  25Welker dienaar ik geworden ben, naar de bedeling van God, die mij gegeven is aan u, om te vervullen het Woord Gods;  26  Namelijk de verborgenheid, die verborgen is geweest van alle eeuwen en van alle geslachten, maar nu geopenbaard is aan Zijn heiligen;  27Aan wie God heeft willen bekend maken, welke zij de rijkdom der heerlijkheid dezer verborgenheid onder de heidenen, welke is Christus onder u, de Hoop der heerlijkheid;  28Denwelken wij verkondigen, vermanende een iegelijk mens, en lerende een iegelijk mens in alle wijsheid, opdat wij zouden een iegelijk mens volmaakt stellen in Christus Jezus;  29Waartoe ik ook arbeide, strijdende naar Zijn werking, die in mij werkt met kracht."
      },
      {
        "book_name": "Kolossenzen",
        "book": 51,
        "chapter": 1,
        "verse": 1,
        "text": "Paulus, een apostel van Jezus Christus, door den wil van God, en Timotheüs, de broeder,"
      },
      {
        "book_name": "Kolossenzen",
        "book": 51,
        "chapter": 1,
        "verse": 2,
        "text": "Den heiligen en gelovigen broederen in Christus, die te Kolosse zijn: genade zij u en vrede van God, onzen Vader, en den Heere Jezus Christus."
      },
      {
        "book_name": "Kolossenzen",
        "book": 51,
        "chapter": 1,
        "verse": 3,
        "text": "Wij danken den God en Vader van onzen Heere Jezus Christus, altijd voor u biddende;"
      },
      {
        "book_name": "Kolossenzen",
        "book": 51,
        "chapter": 1,
        "verse": 4,
        "text": "Alzo wij van uw geloof in Christus Jezus gehoord hebben, en van de liefde, die gij hebt tot alle heiligen."
      },
      {
        "book_name": "Kolossenzen",
        "book": 51,
        "chapter": 1,
        "verse": 5,
        "text": "Om de hoop, die u weggelegd is in de hemelen, van welke gij te voren gehoord hebt, door het Woord der waarheid, namelijk des Evangelies;"
      },
      {
        "book_name": "Kolossenzen",
        "book": 51,
        "chapter": 1,
        "verse": 6,
        "text": "Hetwelk tot u gekomen is, gelijk ook in de gehele wereld, en het brengt vruchten voort, gelijk ook onder u, van dien dag af dat gij gehoord hebt, en de genade Gods in waarheid bekend hebt."
      },
      {
        "book_name": "Kolossenzen",
        "book": 51,
        "chapter": 1,
        "verse": 7,
        "text": "Gelijk gij ook geleerd hebt van Epafras, onzen geliefden mededienstknecht, dewelke een getrouw dienaar van Christus is voor u;"
      },
      {
        "book_name": "Kolossenzen",
        "book": 51,
        "chapter": 1,
        "verse": 8,
        "text": "Die ons ook verklaard heeft uw liefde in den Geest."
      },
      {
        "book_name": "Kolossenzen",
        "book": 51,
        "chapter": 1,
        "verse": 9,
        "text": "Waarom ook wij, van dien dag af dat wij het gehoord hebben, niet ophouden voor u te bidden en te begeren, dat gij moogt vervuld worden met de kennis van Zijn wil, in alle wijsheid en geestelijk verstand;"
      },
      {
        "book_name": "Kolossenzen",
        "book": 51,
        "chapter": 1,
        "verse": 10,
        "text": "Opdat gij moogt wandelen waardiglijk den Heere, tot alle behagelijkheid, in alle goede werken vrucht dragende, en wassende in de kennis van God;"
      },
      {
        "book_name": "Kolossenzen",
        "book": 51,
        "chapter": 1,
        "verse": 11,
        "text": "Met alle kracht bekrachtigd zijnde, naar de sterkte Zijner heerlijkheid, tot alle lijdzaamheid en lankmoedigheid, met blijdschap;"
      },
      {
        "book_name": "Kolossenzen",
        "book": 51,
        "chapter": 1,
        "verse": 12,
        "text": "Dankende den Vader, Die ons bekwaam gemaakt heeft, om deel te hebben in de erve der heiligen in het licht;"
      },
      {
        "book_name": "Kolossenzen",
        "book": 51,
        "chapter": 1,
        "verse": 13,
        "text": "Die ons getrokken heeft uit de macht der duisternis, en overgezet heeft in het Koninkrijk van den Zoon Zijner liefde;"
      },
      {
        "book_name": "Kolossenzen",
        "book": 51,
        "chapter": 1,
        "verse": 14,
        "text": "In Denwelken wij de verlossing hebben door Zijn bloed, namelijk de vergeving der zonden;"
      },
      {
        "book_name": "Kolossenzen",
        "book": 51,
        "chapter": 1,
        "verse": 15,
        "text": "Dewelke het Beeld is des onzienlijken Gods, de Eerstgeborene aller kreaturen."
      },
      {
        "book_name": "Kolossenzen",
        "book": 51,
        "chapter": 1,
        "verse": 16,
        "text": "Want door Hem zijn alle dingen geschapen, die in de hemelen en die op de aarde zijn, die zienlijk en die onzienlijk zijn, hetzij tronen, hetzij heerschappijen, hetzij overheden, hetzij machten; alle dingen zijn door Hem en tot Hem geschapen;"
      },
      {
        "book_name": "Kolossenzen",
        "book": 51,
        "chapter": 1,
        "verse": 17,
        "text": "En Hij is voor alle dingen, en alle dingen bestaan te zamen door Hem;"
      },
      {
        "book_name": "Kolossenzen",
        "book": 51,
        "chapter": 1,
        "verse": 18,
        "text": "En Hij is het Hoofd des lichaams, namelijk der Gemeente, Hij, Die het Begin is, de Eerstgeborene uit de doden, opdat Hij in allen de Eerste zou zijn."
      },
      {
        "book_name": "Kolossenzen",
        "book": 51,
        "chapter": 1,
        "verse": 19,
        "text": "Want het is des Vaders welbehagen geweest, dat in Hem al de volheid wonen zou;"
      },
      {
        "book_name": "Kolossenzen",
        "book": 51,
        "chapter": 1,
        "verse": 20,
        "text": "En dat Hij, door Hem vrede gemaakt hebbende door het bloed Zijns kruises, door Hem, zeg ik, alle dingen verzoenen zou tot Zichzelven, hetzij de dingen, die op de aarde, hetzij de dingen die in de hemelen zijn."
      },
      {
        "book_name": "Kolossenzen",
        "book": 51,
        "chapter": 1,
        "verse": 21,
        "text": "En Hij heeft u, die eertijds vervreemd waart, en vijanden door het verstand in de boze werken, nu ook verzoend,"
      },
      {
        "book_name": "Kolossenzen",
        "book": 51,
        "chapter": 1,
        "verse": 22,
        "text": "In het lichaam Zijns vleses, door den dood, opdat Hij u zou heilig en onberispelijk en onbeschuldiglijk voor Zich stellen;"
      },
      {
        "book_name": "Kolossenzen",
        "book": 51,
        "chapter": 1,
        "verse": 23,
        "text": "Indien gij maar blijft in het geloof, gefondeerd en vast, en niet bewogen wordt van de hope des Evangelies, dat gij gehoord hebt, hetwelk gepredikt is onder al de kreature, die onder den hemel is; van hetwelk ik Paulus een dienaar geworden ben;"
      },
      {
        "book_name": "Kolossenzen",
        "book": 51,
        "chapter": 1,
        "verse": 24,
        "text": "Die mij nu verblijde in mijn lijden voor u, en vervulle in mijn vlees de overblijfselen van de verdrukkingen van Christus, voor Zijn lichaam, hetwelk is de Gemeente;"
      },
      {
        "book_name": "Kolossenzen",
        "book": 51,
        "chapter": 1,
        "verse": 25,
        "text": "Welker dienaar ik geworden ben, naar de bedeling van God, die mij gegeven is aan u, om te vervullen het Woord Gods;"
      },
      {
        "book_name": "Kolossenzen",
        "book": 51,
        "chapter": 1,
        "verse": 26,
        "text": "Namelijk de verborgenheid, die verborgen is geweest van alle eeuwen en van alle geslachten, maar nu geopenbaard is aan Zijn heiligen;"
      },
      {
        "book_name": "Kolossenzen",
        "book": 51,
        "chapter": 1,
        "verse": 27,
        "text": "Aan wie God heeft willen bekend maken, welke zij de rijkdom der heerlijkheid dezer verborgenheid onder de heidenen, welke is Christus onder u, de Hoop der heerlijkheid;"
      },
      {
        "book_name": "Kolossenzen",
        "book": 51,
        "chapter": 1,
        "verse": 28,
        "text": "Denwelken wij verkondigen, vermanende een iegelijk mens, en lerende een iegelijk mens in alle wijsheid, opdat wij zouden een iegelijk mens volmaakt stellen in Christus Jezus;"
      },
      {
        "book_name": "Kolossenzen",
        "book": 51,
        "chapter": 1,
        "verse": 29,
        "text": "Waartoe ik ook arbeide, strijdende naar Zijn werking, die in mij werkt met kracht."
      }
    ],
    "2": [
      {
        "book_name": "Kolossenzen",
        "book": 51,
        "chapter": 2,
        "verse": 1,
        "text": "1Want ik wil, dat gij weet, hoe groten strijd ik voor u heb, en voor degenen, die te Laodicéa zijn, en zo velen als er mijn aangezicht in het vlees niet hebben gezien;  2Opdat hun harten vertroost mogen worden, en zij samengevoegd zijn in de liefde, en dat tot allen rijkdom der volle verzekerdheid des verstands, tot kennis der verborgenheid van God en den Vader, en van Christus;  3In Denwelken al de schatten der wijsheid en der kennis verborgen zijn.  4En dit zeg ik, opdat niet iemand u misleide met beweegredenen, die een schijn hebben.  5Want hoewel ik met het vlees van u ben, nochtans ben ik met den geest bij u, mij verblijdende en ziende uw ordening, en de vastigheid van uw geloof in Christus.  6Gelijk gij dan Christus Jezus, den Heere, hebt aangenomen, wandelt alzo in Hem;  7Geworteld en opgebouwd in Hem, en bevestigd in het geloof, gelijkerwijs gij geleerd zijt, overvloedig zijnde in hetzelve, met dankzegging.  8Ziet toe, dat niemand u als een roof vervoere door de filosofie, en ijdele verleiding, naar de overlevering der mensen, naar de eerste beginselen der wereld, en niet naar Christus;  9Want in Hem woont al de volheid der Godheid lichamelijk;  10En gij zijt in Hem volmaakt, Die het Hoofd is van alle overheid en macht;  11In Welken gij ook besneden zijt met een besnijdenis, die zonder handen geschiedt, in de uittrekking van het lichaam der zonden des vleses, door de besnijdenis van Christus;  12Zijnde met Hem begraven in den doop, in welken gij ook met Hem opgewekt zijt door het geloof der werking Gods, Die Hem uit de doden opgewekt heeft.  13En Hij heeft u, als gij dood waart in de misdaden, en in de voorhuid uws vleses, mede levend gemaakt met Hem, al uw misdaden u vergevende;  14Uitgewist hebbende het handschrift, dat tegen ons was, in inzettingen bestaande, hetwelk, zeg ik, enigerwijze ons tegen was, en heeft datzelve uit het midden weggenomen, hetzelve aan het kruis genageld hebbende;  15  En de overheden en de machten uitgetogen hebbende, heeft Hij die in het openbaar tentoongesteld, en heeft door hetzelve over hen getriomfeerd.  16Dat u dan niemand oordele in spijs of in drank, of in het stuk des feestdags, of der nieuwe maan, of der sabbatten;  17Welke zijn een schaduw der toekomende dingen, maar het lichaam is van Christus.  18Dat dan niemand u overheerse naar zijn wil in nederigheid en dienst der engelen, intredende in hetgeen hij niet gezien heeft, tevergeefs opgeblazen zijnde door het verstand zijns vleses;  19En het Hoofd niet behoudende, uit hetwelk het gehele lichaam, door de samenvoegselen en samenbindingen voorzien en samengevoegd zijnde, opwast met goddelijken wasdom.  20Indien gij dan met Christus de eerste beginselen der wereld zijt afgestorven, wat wordt gij, gelijk of gij in de wereld leefdet, met inzettingen belast?  21  Namelijk raak niet, en smaak niet, en roer niet aan.  22Welke dingen alle verderven door het gebruik, ingevoerd naar de geboden en leringen der mensen;  23Dewelke wel hebben een schijnrede van wijsheid in eigenwilligen godsdienst en nederigheid, en in het lichaam niet te sparen, doch zijn niet in enige waarde, maar tot verzadiging van het vlees."
      },
      {
        "book_name": "Kolossenzen",
        "book": 51,
        "chapter": 2,
        "verse": 1,
        "text": "Want ik wil, dat gij weet, hoe groten strijd ik voor u heb, en voor degenen, die te Laodicéa zijn, en zo velen als er mijn aangezicht in het vlees niet hebben gezien;"
      },
      {
        "book_name": "Kolossenzen",
        "book": 51,
        "chapter": 2,
        "verse": 2,
        "text": "Opdat hun harten vertroost mogen worden, en zij samengevoegd zijn in de liefde, en dat tot allen rijkdom der volle verzekerdheid des verstands, tot kennis der verborgenheid van God en den Vader, en van Christus;"
      },
      {
        "book_name": "Kolossenzen",
        "book": 51,
        "chapter": 2,
        "verse": 3,
        "text": "In Denwelken al de schatten der wijsheid en der kennis verborgen zijn."
      },
      {
        "book_name": "Kolossenzen",
        "book": 51,
        "chapter": 2,
        "verse": 4,
        "text": "En dit zeg ik, opdat niet iemand u misleide met beweegredenen, die een schijn hebben."
      },
      {
        "book_name": "Kolossenzen",
        "book": 51,
        "chapter": 2,
        "verse": 5,
        "text": "Want hoewel ik met het vlees van u ben, nochtans ben ik met den geest bij u, mij verblijdende en ziende uw ordening, en de vastigheid van uw geloof in Christus."
      },
      {
        "book_name": "Kolossenzen",
        "book": 51,
        "chapter": 2,
        "verse": 6,
        "text": "Gelijk gij dan Christus Jezus, den Heere, hebt aangenomen, wandelt alzo in Hem;"
      },
      {
        "book_name": "Kolossenzen",
        "book": 51,
        "chapter": 2,
        "verse": 7,
        "text": "Geworteld en opgebouwd in Hem, en bevestigd in het geloof, gelijkerwijs gij geleerd zijt, overvloedig zijnde in hetzelve, met dankzegging."
      },
      {
        "book_name": "Kolossenzen",
        "book": 51,
        "chapter": 2,
        "verse": 8,
        "text": "Ziet toe, dat niemand u als een roof vervoere door de filosofie, en ijdele verleiding, naar de overlevering der mensen, naar de eerste beginselen der wereld, en niet naar Christus;"
      },
      {
        "book_name": "Kolossenzen",
        "book": 51,
        "chapter": 2,
        "verse": 9,
        "text": "Want in Hem woont al de volheid der Godheid lichamelijk;"
      },
      {
        "book_name": "Kolossenzen",
        "book": 51,
        "chapter": 2,
        "verse": 10,
        "text": "En gij zijt in Hem volmaakt, Die het Hoofd is van alle overheid en macht;"
      },
      {
        "book_name": "Kolossenzen",
        "book": 51,
        "chapter": 2,
        "verse": 11,
        "text": "In Welken gij ook besneden zijt met een besnijdenis, die zonder handen geschiedt, in de uittrekking van het lichaam der zonden des vleses, door de besnijdenis van Christus;"
      },
      {
        "book_name": "Kolossenzen",
        "book": 51,
        "chapter": 2,
        "verse": 12,
        "text": "Zijnde met Hem begraven in den doop, in welken gij ook met Hem opgewekt zijt door het geloof der werking Gods, Die Hem uit de doden opgewekt heeft."
      },
      {
        "book_name": "Kolossenzen",
        "book": 51,
        "chapter": 2,
        "verse": 13,
        "text": "En Hij heeft u, als gij dood waart in de misdaden, en in de voorhuid uws vleses, mede levend gemaakt met Hem, al uw misdaden u vergevende;"
      },
      {
        "book_name": "Kolossenzen",
        "book": 51,
        "chapter": 2,
        "verse": 14,
        "text": "Uitgewist hebbende het handschrift, dat tegen ons was, in inzettingen bestaande, hetwelk, zeg ik, enigerwijze ons tegen was, en heeft datzelve uit het midden weggenomen, hetzelve aan het kruis genageld hebbende;"
      },
      {
        "book_name": "Kolossenzen",
        "book": 51,
        "chapter": 2,
        "verse": 15,
        "text": "En de overheden en de machten uitgetogen hebbende, heeft Hij die in het openbaar tentoongesteld, en heeft door hetzelve over hen getriomfeerd."
      },
      {
        "book_name": "Kolossenzen",
        "book": 51,
        "chapter": 2,
        "verse": 16,
        "text": "Dat u dan niemand oordele in spijs of in drank, of in het stuk des feestdags, of der nieuwe maan, of der sabbatten;"
      },
      {
        "book_name": "Kolossenzen",
        "book": 51,
        "chapter": 2,
        "verse": 17,
        "text": "Welke zijn een schaduw der toekomende dingen, maar het lichaam is van Christus."
      },
      {
        "book_name": "Kolossenzen",
        "book": 51,
        "chapter": 2,
        "verse": 18,
        "text": "Dat dan niemand u overheerse naar zijn wil in nederigheid en dienst der engelen, intredende in hetgeen hij niet gezien heeft, tevergeefs opgeblazen zijnde door het verstand zijns vleses;"
      },
      {
        "book_name": "Kolossenzen",
        "book": 51,
        "chapter": 2,
        "verse": 19,
        "text": "En het Hoofd niet behoudende, uit hetwelk het gehele lichaam, door de samenvoegselen en samenbindingen voorzien en samengevoegd zijnde, opwast met goddelijken wasdom."
      },
      {
        "book_name": "Kolossenzen",
        "book": 51,
        "chapter": 2,
        "verse": 20,
        "text": "Indien gij dan met Christus de eerste beginselen der wereld zijt afgestorven, wat wordt gij, gelijk of gij in de wereld leefdet, met inzettingen belast?"
      },
      {
        "book_name": "Kolossenzen",
        "book": 51,
        "chapter": 2,
        "verse": 21,
        "text": "Namelijk raak niet, en smaak niet, en roer niet aan."
      },
      {
        "book_name": "Kolossenzen",
        "book": 51,
        "chapter": 2,
        "verse": 22,
        "text": "Welke dingen alle verderven door het gebruik, ingevoerd naar de geboden en leringen der mensen;"
      },
      {
        "book_name": "Kolossenzen",
        "book": 51,
        "chapter": 2,
        "verse": 23,
        "text": "Dewelke wel hebben een schijnrede van wijsheid in eigenwilligen godsdienst en nederigheid, en in het lichaam niet te sparen, doch zijn niet in enige waarde, maar tot verzadiging van het vlees."
      }
    ],
    "3": [
      {
        "book_name": "Kolossenzen",
        "book": 51,
        "chapter": 3,
        "verse": 1,
        "text": "1Indien gij dan met Christus opgewekt zijt, zo zoekt de dingen, die boven zijn, waar Christus is, zittende aan de rechterhand Gods.  2Bedenkt de dingen, die boven zijn, niet die op de aarde zijn.  3Want gij zijt gestorven, en uw leven is met Christus verborgen in God.  4Wanneer nu Christus zal geopenbaard zijn, Die ons leven is, dan zult ook gij met Hem geopenbaard worden in heerlijkheid.  5Doodt dan uw leden, die op de aarde zijn, namelijk hoererij, onreinigheid, schandelijke beweging, kwade begeerlijkheid, en de gierigheid, welke is afgodendienst.  6Om welke de toorn Gods komt over de kinderen der ongehoorzaamheid;  7In dewelke ook gij eertijds hebt gewandeld, toen gij in dezelve leefdet.  8Maar nu legt ook gij dit alles af, namelijk gramschap, toornigheid, kwaadheid, lastering, vuil spreken uit uwen mond.  9Liegt niet tegen elkander, dewijl gij uitgedaan hebt den ouden mens met zijn werken,  10En aangedaan hebt den nieuwen mens, die vernieuwd wordt tot kennis, naar het evenbeeld Desgenen, Die hem geschapen heeft;  11Waarin niet is Griek en Jood, besnijdenis en voorhuid, barbaar en Scyth, dienstknecht en vrije; maar Christus is alles en in allen.  12Zo doet dan aan, als uitverkorenen Gods, heiligen en beminden, de innerlijke bewegingen der barmhartigheid, goedertierenheid, ootmoedigheid, zachtmoedigheid, lankmoedigheid;  13Verdragende elkander, en vergevende de een den anderen, zo iemand tegen iemand enige klacht heeft; gelijkerwijs als Christus u vergeven heeft, doet ook gij alzo.  14En boven dit alles doet aan de liefde, dewelke is de band der volmaaktheid.  15En de vrede Gods heerse in uw harten, tot welken gij ook geroepen zijt in één lichaam; en weest dankbaar.  16Het woord van Christus wone rijkelijk in u, in alle wijsheid; leert en vermaant elkander, met psalmen en lofzangen, en geestelijke liederen, zingende den Heere met aangenaamheid in uw hart.  17En al wat gij doet met woorden of met werken, doet het alles in den Naam van den Heere Jezus, dankende God en den Vader door Hem.  18Gij vrouwen, zijt uw eigen mannen onderdanig, gelijk het betaamt in den Heere.  19Gij mannen, hebt uw vrouwen lief, en wordt niet verbitterd tegen haar.  20Gij kinderen, zijt uw ouderen gehoorzaam in alles, want dat is den Heere welbehagelijk.  21Gij vaders, tergt uw kinderen niet, opdat zij niet moedeloos worden.  22Gij dienstknechten, zijt in alles gehoorzaam uw heren naar het vlees, niet met ogendiensten als mensenbehagers, maar met eenvoudigheid des harten, vrezende God.  23En al wat gij doet, doet dat van harte als den Heere en niet den mensen;  24Wetende, dat gij van den Heere zult ontvangen de vergelding der erfenis; want gij dient den Heere Christus.  25Maar die onrecht doet, die zal het onrecht dragen, dat hij gedaan heeft; en er is geen aanneming des persoons."
      },
      {
        "book_name": "Kolossenzen",
        "book": 51,
        "chapter": 3,
        "verse": 1,
        "text": "Indien gij dan met Christus opgewekt zijt, zo zoekt de dingen, die boven zijn, waar Christus is, zittende aan de rechterhand Gods."
      },
      {
        "book_name": "Kolossenzen",
        "book": 51,
        "chapter": 3,
        "verse": 2,
        "text": "Bedenkt de dingen, die boven zijn, niet die op de aarde zijn."
      },
      {
        "book_name": "Kolossenzen",
        "book": 51,
        "chapter": 3,
        "verse": 3,
        "text": "Want gij zijt gestorven, en uw leven is met Christus verborgen in God."
      },
      {
        "book_name": "Kolossenzen",
        "book": 51,
        "chapter": 3,
        "verse": 4,
        "text": "Wanneer nu Christus zal geopenbaard zijn, Die ons leven is, dan zult ook gij met Hem geopenbaard worden in heerlijkheid."
      },
      {
        "book_name": "Kolossenzen",
        "book": 51,
        "chapter": 3,
        "verse": 5,
        "text": "Doodt dan uw leden, die op de aarde zijn, namelijk hoererij, onreinigheid, schandelijke beweging, kwade begeerlijkheid, en de gierigheid, welke is afgodendienst."
      },
      {
        "book_name": "Kolossenzen",
        "book": 51,
        "chapter": 3,
        "verse": 6,
        "text": "Om welke de toorn Gods komt over de kinderen der ongehoorzaamheid;"
      },
      {
        "book_name": "Kolossenzen",
        "book": 51,
        "chapter": 3,
        "verse": 7,
        "text": "In dewelke ook gij eertijds hebt gewandeld, toen gij in dezelve leefdet."
      },
      {
        "book_name": "Kolossenzen",
        "book": 51,
        "chapter": 3,
        "verse": 8,
        "text": "Maar nu legt ook gij dit alles af, namelijk gramschap, toornigheid, kwaadheid, lastering, vuil spreken uit uwen mond."
      },
      {
        "book_name": "Kolossenzen",
        "book": 51,
        "chapter": 3,
        "verse": 9,
        "text": "Liegt niet tegen elkander, dewijl gij uitgedaan hebt den ouden mens met zijn werken,"
      },
      {
        "book_name": "Kolossenzen",
        "book": 51,
        "chapter": 3,
        "verse": 10,
        "text": "En aangedaan hebt den nieuwen mens, die vernieuwd wordt tot kennis, naar het evenbeeld Desgenen, Die hem geschapen heeft;"
      },
      {
        "book_name": "Kolossenzen",
        "book": 51,
        "chapter": 3,
        "verse": 11,
        "text": "Waarin niet is Griek en Jood, besnijdenis en voorhuid, barbaar en Scyth, dienstknecht en vrije; maar Christus is alles en in allen."
      },
      {
        "book_name": "Kolossenzen",
        "book": 51,
        "chapter": 3,
        "verse": 12,
        "text": "Zo doet dan aan, als uitverkorenen Gods, heiligen en beminden, de innerlijke bewegingen der barmhartigheid, goedertierenheid, ootmoedigheid, zachtmoedigheid, lankmoedigheid;"
      },
      {
        "book_name": "Kolossenzen",
        "book": 51,
        "chapter": 3,
        "verse": 13,
        "text": "Verdragende elkander, en vergevende de een den anderen, zo iemand tegen iemand enige klacht heeft; gelijkerwijs als Christus u vergeven heeft, doet ook gij alzo."
      },
      {
        "book_name": "Kolossenzen",
        "book": 51,
        "chapter": 3,
        "verse": 14,
        "text": "En boven dit alles doet aan de liefde, dewelke is de band der volmaaktheid."
      },
      {
        "book_name": "Kolossenzen",
        "book": 51,
        "chapter": 3,
        "verse": 15,
        "text": "En de vrede Gods heerse in uw harten, tot welken gij ook geroepen zijt in één lichaam; en weest dankbaar."
      },
      {
        "book_name": "Kolossenzen",
        "book": 51,
        "chapter": 3,
        "verse": 16,
        "text": "Het woord van Christus wone rijkelijk in u, in alle wijsheid; leert en vermaant elkander, met psalmen en lofzangen, en geestelijke liederen, zingende den Heere met aangenaamheid in uw hart."
      },
      {
        "book_name": "Kolossenzen",
        "book": 51,
        "chapter": 3,
        "verse": 17,
        "text": "En al wat gij doet met woorden of met werken, doet het alles in den Naam van den Heere Jezus, dankende God en den Vader door Hem."
      },
      {
        "book_name": "Kolossenzen",
        "book": 51,
        "chapter": 3,
        "verse": 18,
        "text": "Gij vrouwen, zijt uw eigen mannen onderdanig, gelijk het betaamt in den Heere."
      },
      {
        "book_name": "Kolossenzen",
        "book": 51,
        "chapter": 3,
        "verse": 19,
        "text": "Gij mannen, hebt uw vrouwen lief, en wordt niet verbitterd tegen haar."
      },
      {
        "book_name": "Kolossenzen",
        "book": 51,
        "chapter": 3,
        "verse": 20,
        "text": "Gij kinderen, zijt uw ouderen gehoorzaam in alles, want dat is den Heere welbehagelijk."
      },
      {
        "book_name": "Kolossenzen",
        "book": 51,
        "chapter": 3,
        "verse": 21,
        "text": "Gij vaders, tergt uw kinderen niet, opdat zij niet moedeloos worden."
      },
      {
        "book_name": "Kolossenzen",
        "book": 51,
        "chapter": 3,
        "verse": 22,
        "text": "Gij dienstknechten, zijt in alles gehoorzaam uw heren naar het vlees, niet met ogendiensten als mensenbehagers, maar met eenvoudigheid des harten, vrezende God."
      },
      {
        "book_name": "Kolossenzen",
        "book": 51,
        "chapter": 3,
        "verse": 23,
        "text": "En al wat gij doet, doet dat van harte als den Heere en niet den mensen;"
      },
      {
        "book_name": "Kolossenzen",
        "book": 51,
        "chapter": 3,
        "verse": 24,
        "text": "Wetende, dat gij van den Heere zult ontvangen de vergelding der erfenis; want gij dient den Heere Christus."
      },
      {
        "book_name": "Kolossenzen",
        "book": 51,
        "chapter": 3,
        "verse": 25,
        "text": "Maar die onrecht doet, die zal het onrecht dragen, dat hij gedaan heeft; en er is geen aanneming des persoons."
      }
    ],
    "4": [
      {
        "book_name": "Kolossenzen",
        "book": 51,
        "chapter": 4,
        "verse": 1,
        "text": "1Gij heren, doet uw dienstknechten recht en gelijk, wetende, dat ook gij een Heere hebt in de hemelen.  2Houdt sterk aan in het gebed, en waakt in hetzelve met dankzegging;  3Biddende meteen ook voor ons, dat God ons de deur des Woords opene, om te spreken de verborgenheid van Christus, om welke ik ook gebonden ben;  4Opdat ik dezelve moge openbaren, gelijk ik moet spreken.  5Wandelt met wijsheid bij degenen, die buiten zijn, den bekwamen tijd uitkopende.  6Uw woord zij te allen tijde in aangenaamheid, met zout besprengd, opdat gij moogt weten, hoe gij een iegelijk moet antwoorden.  7Al mijn zaken zal u bekend maken Tychikus, de geliefde broeder, en getrouwe dienaar, en mededienstknecht in den Heere;  8Denwelken ik tot hetzelfde einde tot u gezonden heb, opdat hij uw zaken wete, en uw harten vertrooste;  9Met Onésimus, den getrouwen en geliefden broeder, dewelke uit de uwen is; zij zullen u alles bekend maken, wat hier is.  10U groet Aristarchus, mijn medegevangene; en Markus, de neef van Barnabas, aangaande welken gij bevelen ontvangen hebt; zo hij tot u komt, ontvangt hem;  11En Jezus, gezegd Justus, welke uit de besnijdenis zijn; deze alleen zijn mijn medearbeiders in het Koninkrijk Gods, die mij een vertroosting geweest zijn.  12U groet Epafras, die uit de uwen is, een dienstknecht van Christus, te allen tijde strijdende voor u in de gebeden, opdat gij staan moogt volmaakt en volkomen in al den wil van God.  13Want ik geef hem getuigenis, dat hij groten ijver heeft over u en degenen, die in Laodicéa zijn, en degenen, die in Hierapolis zijn.  14U groet Lukas, de medicijnmeester, de geliefde, en Demas.  15Groet de broeders, die in Laodicéa zijn, en Nymfas, en de Gemeente, die in zijn huis is.  16En wanneer deze zendbrief van u zal gelezen zijn, maakt, dat hij ook in de gemeente der Laodicensen gelezen worde, en dat ook gij dien leest, die uit Laodicea geschreven is.  17En zegt aan Archippus: Zie op de bediening, die gij aangenomen hebt in den Heere, dat gij die vervult.  18De groetenis met mijn hand, van Paulus. Gedenkt mijner banden. De genade zij met u. Amen. «Geschreven vanuit Rome aan de Kolossenzen door bemiddeling van Tychicus en Onesimus.»"
      },
      {
        "book_name": "Kolossenzen",
        "book": 51,
        "chapter": 4,
        "verse": 1,
        "text": "Gij heren, doet uw dienstknechten recht en gelijk, wetende, dat ook gij een Heere hebt in de hemelen."
      },
      {
        "book_name": "Kolossenzen",
        "book": 51,
        "chapter": 4,
        "verse": 2,
        "text": "Houdt sterk aan in het gebed, en waakt in hetzelve met dankzegging;"
      },
      {
        "book_name": "Kolossenzen",
        "book": 51,
        "chapter": 4,
        "verse": 3,
        "text": "Biddende meteen ook voor ons, dat God ons de deur des Woords opene, om te spreken de verborgenheid van Christus, om welke ik ook gebonden ben;"
      },
      {
        "book_name": "Kolossenzen",
        "book": 51,
        "chapter": 4,
        "verse": 4,
        "text": "Opdat ik dezelve moge openbaren, gelijk ik moet spreken."
      },
      {
        "book_name": "Kolossenzen",
        "book": 51,
        "chapter": 4,
        "verse": 5,
        "text": "Wandelt met wijsheid bij degenen, die buiten zijn, den bekwamen tijd uitkopende."
      },
      {
        "book_name": "Kolossenzen",
        "book": 51,
        "chapter": 4,
        "verse": 6,
        "text": "Uw woord zij te allen tijde in aangenaamheid, met zout besprengd, opdat gij moogt weten, hoe gij een iegelijk moet antwoorden."
      },
      {
        "book_name": "Kolossenzen",
        "book": 51,
        "chapter": 4,
        "verse": 7,
        "text": "Al mijn zaken zal u bekend maken Tychikus, de geliefde broeder, en getrouwe dienaar, en mededienstknecht in den Heere;"
      },
      {
        "book_name": "Kolossenzen",
        "book": 51,
        "chapter": 4,
        "verse": 8,
        "text": "Denwelken ik tot hetzelfde einde tot u gezonden heb, opdat hij uw zaken wete, en uw harten vertrooste;"
      },
      {
        "book_name": "Kolossenzen",
        "book": 51,
        "chapter": 4,
        "verse": 9,
        "text": "Met Onésimus, den getrouwen en geliefden broeder, dewelke uit de uwen is; zij zullen u alles bekend maken, wat hier is."
      },
      {
        "book_name": "Kolossenzen",
        "book": 51,
        "chapter": 4,
        "verse": 10,
        "text": "U groet Aristarchus, mijn medegevangene; en Markus, de neef van Barnabas, aangaande welken gij bevelen ontvangen hebt; zo hij tot u komt, ontvangt hem;"
      },
      {
        "book_name": "Kolossenzen",
        "book": 51,
        "chapter": 4,
        "verse": 11,
        "text": "En Jezus, gezegd Justus, welke uit de besnijdenis zijn; deze alleen zijn mijn medearbeiders in het Koninkrijk Gods, die mij een vertroosting geweest zijn."
      },
      {
        "book_name": "Kolossenzen",
        "book": 51,
        "chapter": 4,
        "verse": 12,
        "text": "U groet Epafras, die uit de uwen is, een dienstknecht van Christus, te allen tijde strijdende voor u in de gebeden, opdat gij staan moogt volmaakt en volkomen in al den wil van God."
      },
      {
        "book_name": "Kolossenzen",
        "book": 51,
        "chapter": 4,
        "verse": 13,
        "text": "Want ik geef hem getuigenis, dat hij groten ijver heeft over u en degenen, die in Laodicéa zijn, en degenen, die in Hierapolis zijn."
      },
      {
        "book_name": "Kolossenzen",
        "book": 51,
        "chapter": 4,
        "verse": 14,
        "text": "U groet Lukas, de medicijnmeester, de geliefde, en Demas."
      },
      {
        "book_name": "Kolossenzen",
        "book": 51,
        "chapter": 4,
        "verse": 15,
        "text": "Groet de broeders, die in Laodicéa zijn, en Nymfas, en de Gemeente, die in zijn huis is."
      },
      {
        "book_name": "Kolossenzen",
        "book": 51,
        "chapter": 4,
        "verse": 16,
        "text": "En wanneer deze zendbrief van u zal gelezen zijn, maakt, dat hij ook in de gemeente der Laodicensen gelezen worde, en dat ook gij dien leest, die uit Laodicea geschreven is."
      },
      {
        "book_name": "Kolossenzen",
        "book": 51,
        "chapter": 4,
        "verse": 17,
        "text": "En zegt aan Archippus: Zie op de bediening, die gij aangenomen hebt in den Heere, dat gij die vervult."
      },
      {
        "book_name": "Kolossenzen",
        "book": 51,
        "chapter": 4,
        "verse": 18,
        "text": "De groetenis met mijn hand, van Paulus. Gedenkt mijner banden. De genade zij met u. Amen. «Geschreven vanuit Rome aan de Kolossenzen door bemiddeling van Tychicus en Onesimus.»"
      }
    ]
  }
}