{
  "source": "bible.com",
  "version": "Statenvertaling (1750)",
  "book": "Prediker",
  "chapters": {
    "1": [
      {
        "book_name": "Prediker",
        "book": 21,
        "chapter": 1,
        "verse": 1,
        "text": "1De woorden van den prediker, den zoon van David, den koning te Jeruzalem.  2IJdelheid der ijdelheden, zegt de prediker; ijdelheid der ijdelheden, het is al ijdelheid.  3Wat voordeel heeft de mens van al zijn arbeid, dien hij arbeidt onder de zon?  4Het ene geslacht gaat, en het andere geslacht komt; maar de aarde staat in der eeuwigheid.  5Ook rijst de zon op, en de zon gaat onder, en zij hijgt naar haar plaats, waar zij oprees.  6Zij gaat naar het zuiden, en zij gaat om naar het noorden; de wind gaat steeds omgaande, en de wind keert weder tot zijn omgangen.  7Al de beken gaan in de zee, nochtans wordt de zee niet vol; naar de plaats, waar de beken heengaan, derwaarts gaande keren zij weder.  8Al deze dingen worden zo moede, dat het niemand zou kunnen uitspreken; het oog wordt niet verzadigd met zien; en het oor wordt niet vervuld van horen.  9Hetgeen er geweest is, hetzelve zal er zijn, en hetgeen er gedaan is, hetzelve zal er gedaan worden; zodat er niets nieuws is onder de zon.  10Is er enig ding, waarvan men zou kunnen zeggen: Ziet dat, het is nieuw? Het is alreeds geweest in de eeuwen, die voor ons geweest zijn.  11Er is geen gedachtenis van de voorgaande dingen; en van de navolgende dingen, die zijn zullen, van dezelve zal ook geen gedachtenis zijn bij degenen, die namaals wezen zullen.  12Ik, prediker, was koning over Israël te Jeruzalem.  13En ik begaf mijn hart om met wijsheid te onderzoeken, en na te speuren al wat er geschiedt onder den hemel. Deze moeilijke bezigheid heeft God den kinderen der mensen gegeven, om zich daarin te bekommeren.  14Ik zag al de werken aan, die onder de zon geschieden; en ziet, het was al ijdelheid en kwelling des geestes.  15Het kromme kan niet recht gemaakt worden; en hetgeen ontbreekt, kan niet geteld worden.  16Ik sprak met mijn hart, zeggende: Zie, ik heb wijsheid vergroot en vermeerderd, boven allen, die voor mij te Jeruzalem geweest zijn; en mijn hart heeft veel wijsheid en wetenschap gezien.  17En ik begaf mijn hart om wijsheid en wetenschap te weten, onzinnigheden en dwaasheid; ik ben gewaar geworden, dat ook dit een kwelling des geestes is.  18Want in veel wijsheid is veel verdriet; en die wetenschap vermeerdert, vermeerdert smart."
      },
      {
        "book_name": "Prediker",
        "book": 21,
        "chapter": 1,
        "verse": 1,
        "text": "De woorden van den prediker, den zoon van David, den koning te Jeruzalem."
      },
      {
        "book_name": "Prediker",
        "book": 21,
        "chapter": 1,
        "verse": 2,
        "text": "IJdelheid der ijdelheden, zegt de prediker; ijdelheid der ijdelheden, het is al ijdelheid."
      },
      {
        "book_name": "Prediker",
        "book": 21,
        "chapter": 1,
        "verse": 3,
        "text": "Wat voordeel heeft de mens van al zijn arbeid, dien hij arbeidt onder de zon?"
      },
      {
        "book_name": "Prediker",
        "book": 21,
        "chapter": 1,
        "verse": 4,
        "text": "Het ene geslacht gaat, en het andere geslacht komt; maar de aarde staat in der eeuwigheid."
      },
      {
        "book_name": "Prediker",
        "book": 21,
        "chapter": 1,
        "verse": 5,
        "text": "Ook rijst de zon op, en de zon gaat onder, en zij hijgt naar haar plaats, waar zij oprees."
      },
      {
        "book_name": "Prediker",
        "book": 21,
        "chapter": 1,
        "verse": 6,
        "text": "Zij gaat naar het zuiden, en zij gaat om naar het noorden; de wind gaat steeds omgaande, en de wind keert weder tot zijn omgangen."
      },
      {
        "book_name": "Prediker",
        "book": 21,
        "chapter": 1,
        "verse": 7,
        "text": "Al de beken gaan in de zee, nochtans wordt de zee niet vol; naar de plaats, waar de beken heengaan, derwaarts gaande keren zij weder."
      },
      {
        "book_name": "Prediker",
        "book": 21,
        "chapter": 1,
        "verse": 8,
        "text": "Al deze dingen worden zo moede, dat het niemand zou kunnen uitspreken; het oog wordt niet verzadigd met zien; en het oor wordt niet vervuld van horen."
      },
      {
        "book_name": "Prediker",
        "book": 21,
        "chapter": 1,
        "verse": 9,
        "text": "Hetgeen er geweest is, hetzelve zal er zijn, en hetgeen er gedaan is, hetzelve zal er gedaan worden; zodat er niets nieuws is onder de zon."
      },
      {
        "book_name": "Prediker",
        "book": 21,
        "chapter": 1,
        "verse": 10,
        "text": "Is er enig ding, waarvan men zou kunnen zeggen: Ziet dat, het is nieuw? Het is alreeds geweest in de eeuwen, die voor ons geweest zijn."
      },
      {
        "book_name": "Prediker",
        "book": 21,
        "chapter": 1,
        "verse": 11,
        "text": "Er is geen gedachtenis van de voorgaande dingen; en van de navolgende dingen, die zijn zullen, van dezelve zal ook geen gedachtenis zijn bij degenen, die namaals wezen zullen."
      },
      {
        "book_name": "Prediker",
        "book": 21,
        "chapter": 1,
        "verse": 12,
        "text": "Ik, prediker, was koning over Israël te Jeruzalem."
      },
      {
        "book_name": "Prediker",
        "book": 21,
        "chapter": 1,
        "verse": 13,
        "text": "En ik begaf mijn hart om met wijsheid te onderzoeken, en na te speuren al wat er geschiedt onder den hemel. Deze moeilijke bezigheid heeft God den kinderen der mensen gegeven, om zich daarin te bekommeren."
      },
      {
        "book_name": "Prediker",
        "book": 21,
        "chapter": 1,
        "verse": 14,
        "text": "Ik zag al de werken aan, die onder de zon geschieden; en ziet, het was al ijdelheid en kwelling des geestes."
      },
      {
        "book_name": "Prediker",
        "book": 21,
        "chapter": 1,
        "verse": 15,
        "text": "Het kromme kan niet recht gemaakt worden; en hetgeen ontbreekt, kan niet geteld worden."
      },
      {
        "book_name": "Prediker",
        "book": 21,
        "chapter": 1,
        "verse": 16,
        "text": "Ik sprak met mijn hart, zeggende: Zie, ik heb wijsheid vergroot en vermeerderd, boven allen, die voor mij te Jeruzalem geweest zijn; en mijn hart heeft veel wijsheid en wetenschap gezien."
      },
      {
        "book_name": "Prediker",
        "book": 21,
        "chapter": 1,
        "verse": 17,
        "text": "En ik begaf mijn hart om wijsheid en wetenschap te weten, onzinnigheden en dwaasheid; ik ben gewaar geworden, dat ook dit een kwelling des geestes is."
      },
      {
        "book_name": "Prediker",
        "book": 21,
        "chapter": 1,
        "verse": 18,
        "text": "Want in veel wijsheid is veel verdriet; en die wetenschap vermeerdert, vermeerdert smart."
      }
    ],
    "2": [
      {
        "book_name": "Prediker",
        "book": 21,
        "chapter": 2,
        "verse": 1,
        "text": "1Ik zeide in mijn hart: Nu, welaan, ik zal u beproeven door vreugde; derhalve zie het goede aan; maar zie, ook dat was ijdelheid.  2Tot het lachen zeide ik: Gij zijt onzinnig, en tot de vreugde: Wat maakt deze?  3Ik heb in mijn hart nagespeurd, om mijn vlees op te houden in den wijn, (nochtans leidende mijn hart in wijsheid) en om de dwaasheid vast te houden, totdat ik zou zien wat den kinderen der mensen het best ware, dat zij doen zouden onder den hemel, gedurende het getal der dagen huns levens.  4Ik maakte mij grote werken, ik bouwde mij huizen, ik plantte mij wijngaarden.  5Ik maakte mij hoven en lusthoven, en ik plantte bomen in dezelve, van allerlei vrucht.  6Ik maakte mij vijvers van wateren, om daarmede te bewateren het woud, dat met bomen groende.  7Ik kreeg knechten en maagden, en ik had kinderen des huizes; ook had ik een groot bezit van runderen en schapen, meer dan allen, die voor mij te Jeruzalem geweest waren.  8Ik vergaderde mij ook zilver en goud, en kleinoden der koningen en der landschappen; ik bestelde mij zangers en zangeressen, en wellustigheden der mensenkinderen, snarenspel, ja, allerlei snarenspel.  9En ik werd groot, en nam toe, meer dan iemand, die voor mij te Jeruzalem geweest was; ook bleef mijn wijsheid mij bij.  10En al wat mijn ogen begeerden, dat onttrok ik hun niet; ik wederhield mijn hart niet van enige blijdschap, maar mijn hart was verblijd vanwege al mijn arbeid; en dit was mijn deel van al mijn arbeid.  11Toen wendde ik mij tot al mijn werken, die mijn handen gemaakt hadden, en tot den arbeid, dien ik werkende gearbeid had; ziet, het was al ijdelheid en kwelling des geestes, en daarin was geen voordeel onder de zon.  12Daarna wendde ik mij, om te zien wijsheid, ook onzinnigheden en dwaasheid; want hoe zou een mens, die den koning nakomen zal, doen hetgeen alrede gedaan is?  13Toen zag ik, dat de wijsheid uitnemendheid heeft boven de dwaasheid, gelijk het licht uitnemendheid heeft boven de duisternis.  14De ogen des wijzen zijn in zijn hoofd, maar de zot wandelt in de duisternis. Toen bemerkte ik ook, dat enerlei geval hun allen bejegent.  15Dies zeide ik in mijn hart: Gelijk het den dwaze bejegent, zal het ook mijzelven bejegenen; waarom heb ik dan toen meer naar wijsheid gestaan? Toen sprak ik in mijn hart, dat ook hetzelve ijdelheid was.  16Want er zal in eeuwigheid niet meer gedachtenis van een wijze, dan van een dwaas zijn; aangezien hetgeen nu is, in de toekomende dagen altemaal vergeten wordt; en hoe sterft de wijze met den zot?  17Daarom haatte ik dit leven, want dit werk dacht mij kwaad, dat onder de zon geschiedt; want het is al ijdelheid en kwelling des geestes.  18Ik haatte ook al mijn arbeid, dien ik bearbeid had onder de zon, dat ik dien zou achterlaten aan een mens, die na mij wezen zal.  19Want wie weet, of hij wijs zal zijn, of dwaas? Evenwel zal hij heersen over al mijn arbeid, dien ik bearbeid heb en dien ik wijselijk beleid heb onder de zon. Dat is ook ijdelheid.  20Daarom keerde ik mij om, om mijn hart te doen wanhopen over al den arbeid, dien ik bearbeid heb onder de zon.  21Want er is een mens, wiens arbeid in wijsheid, en in wetenschap, en in geschikkelijkheid is; nochtans zal hij dien overgeven tot zijn deel, aan een mens, die daaraan niet gearbeid heeft. Dit is ook ijdelheid en een groot kwaad.  22Wat heeft toch die mens van al zijn arbeid, en van de kwellingen zijns harten, dien hij is bearbeidende onder de zon?  23Want al zijn dagen zijn smarten, en zijn bezigheid is verdriet; zelfs des nachts rust zijn hart niet. Datzelve is ook ijdelheid.  24Is het dan niet goed voor den mens, dat hij ete en drinke, en dat hij zijn ziel het goede doe genieten in zijn arbeid? Ik heb ook gezien, dat zulks van de hand Gods is.  25(Want wie zou er van eten, of wie zou zich daartoe haasten, meer dan ik zelf?)  26Want Hij geeft wijsheid, en wetenschap, en vreugde den mens, die goed is voor Zijn aangezicht; maar den zondaar geeft Hij bezigheid om te verzamelen en te vergaderen, opdat hij het geve dien, die goed is voor Gods aangezicht. Dit is ook ijdelheid en kwelling des geestes."
      },
      {
        "book_name": "Prediker",
        "book": 21,
        "chapter": 2,
        "verse": 1,
        "text": "Ik zeide in mijn hart: Nu, welaan, ik zal u beproeven door vreugde; derhalve zie het goede aan; maar zie, ook dat was ijdelheid."
      },
      {
        "book_name": "Prediker",
        "book": 21,
        "chapter": 2,
        "verse": 2,
        "text": "Tot het lachen zeide ik: Gij zijt onzinnig, en tot de vreugde: Wat maakt deze?"
      },
      {
        "book_name": "Prediker",
        "book": 21,
        "chapter": 2,
        "verse": 3,
        "text": "Ik heb in mijn hart nagespeurd, om mijn vlees op te houden in den wijn, (nochtans leidende mijn hart in wijsheid) en om de dwaasheid vast te houden, totdat ik zou zien wat den kinderen der mensen het best ware, dat zij doen zouden onder den hemel, gedurende het getal der dagen huns levens."
      },
      {
        "book_name": "Prediker",
        "book": 21,
        "chapter": 2,
        "verse": 4,
        "text": "Ik maakte mij grote werken, ik bouwde mij huizen, ik plantte mij wijngaarden."
      },
      {
        "book_name": "Prediker",
        "book": 21,
        "chapter": 2,
        "verse": 5,
        "text": "Ik maakte mij hoven en lusthoven, en ik plantte bomen in dezelve, van allerlei vrucht."
      },
      {
        "book_name": "Prediker",
        "book": 21,
        "chapter": 2,
        "verse": 6,
        "text": "Ik maakte mij vijvers van wateren, om daarmede te bewateren het woud, dat met bomen groende."
      },
      {
        "book_name": "Prediker",
        "book": 21,
        "chapter": 2,
        "verse": 7,
        "text": "Ik kreeg knechten en maagden, en ik had kinderen des huizes; ook had ik een groot bezit van runderen en schapen, meer dan allen, die voor mij te Jeruzalem geweest waren."
      },
      {
        "book_name": "Prediker",
        "book": 21,
        "chapter": 2,
        "verse": 8,
        "text": "Ik vergaderde mij ook zilver en goud, en kleinoden der koningen en der landschappen; ik bestelde mij zangers en zangeressen, en wellustigheden der mensenkinderen, snarenspel, ja, allerlei snarenspel."
      },
      {
        "book_name": "Prediker",
        "book": 21,
        "chapter": 2,
        "verse": 9,
        "text": "En ik werd groot, en nam toe, meer dan iemand, die voor mij te Jeruzalem geweest was; ook bleef mijn wijsheid mij bij."
      },
      {
        "book_name": "Prediker",
        "book": 21,
        "chapter": 2,
        "verse": 10,
        "text": "En al wat mijn ogen begeerden, dat onttrok ik hun niet; ik wederhield mijn hart niet van enige blijdschap, maar mijn hart was verblijd vanwege al mijn arbeid; en dit was mijn deel van al mijn arbeid."
      },
      {
        "book_name": "Prediker",
        "book": 21,
        "chapter": 2,
        "verse": 11,
        "text": "Toen wendde ik mij tot al mijn werken, die mijn handen gemaakt hadden, en tot den arbeid, dien ik werkende gearbeid had; ziet, het was al ijdelheid en kwelling des geestes, en daarin was geen voordeel onder de zon."
      },
      {
        "book_name": "Prediker",
        "book": 21,
        "chapter": 2,
        "verse": 12,
        "text": "Daarna wendde ik mij, om te zien wijsheid, ook onzinnigheden en dwaasheid; want hoe zou een mens, die den koning nakomen zal, doen hetgeen alrede gedaan is?"
      },
      {
        "book_name": "Prediker",
        "book": 21,
        "chapter": 2,
        "verse": 13,
        "text": "Toen zag ik, dat de wijsheid uitnemendheid heeft boven de dwaasheid, gelijk het licht uitnemendheid heeft boven de duisternis."
      },
      {
        "book_name": "Prediker",
        "book": 21,
        "chapter": 2,
        "verse": 14,
        "text": "De ogen des wijzen zijn in zijn hoofd, maar de zot wandelt in de duisternis. Toen bemerkte ik ook, dat enerlei geval hun allen bejegent."
      },
      {
        "book_name": "Prediker",
        "book": 21,
        "chapter": 2,
        "verse": 15,
        "text": "Dies zeide ik in mijn hart: Gelijk het den dwaze bejegent, zal het ook mijzelven bejegenen; waarom heb ik dan toen meer naar wijsheid gestaan? Toen sprak ik in mijn hart, dat ook hetzelve ijdelheid was."
      },
      {
        "book_name": "Prediker",
        "book": 21,
        "chapter": 2,
        "verse": 16,
        "text": "Want er zal in eeuwigheid niet meer gedachtenis van een wijze, dan van een dwaas zijn; aangezien hetgeen nu is, in de toekomende dagen altemaal vergeten wordt; en hoe sterft de wijze met den zot?"
      },
      {
        "book_name": "Prediker",
        "book": 21,
        "chapter": 2,
        "verse": 17,
        "text": "Daarom haatte ik dit leven, want dit werk dacht mij kwaad, dat onder de zon geschiedt; want het is al ijdelheid en kwelling des geestes."
      },
      {
        "book_name": "Prediker",
        "book": 21,
        "chapter": 2,
        "verse": 18,
        "text": "Ik haatte ook al mijn arbeid, dien ik bearbeid had onder de zon, dat ik dien zou achterlaten aan een mens, die na mij wezen zal."
      },
      {
        "book_name": "Prediker",
        "book": 21,
        "chapter": 2,
        "verse": 19,
        "text": "Want wie weet, of hij wijs zal zijn, of dwaas? Evenwel zal hij heersen over al mijn arbeid, dien ik bearbeid heb en dien ik wijselijk beleid heb onder de zon. Dat is ook ijdelheid."
      },
      {
        "book_name": "Prediker",
        "book": 21,
        "chapter": 2,
        "verse": 20,
        "text": "Daarom keerde ik mij om, om mijn hart te doen wanhopen over al den arbeid, dien ik bearbeid heb onder de zon."
      },
      {
        "book_name": "Prediker",
        "book": 21,
        "chapter": 2,
        "verse": 21,
        "text": "Want er is een mens, wiens arbeid in wijsheid, en in wetenschap, en in geschikkelijkheid is; nochtans zal hij dien overgeven tot zijn deel, aan een mens, die daaraan niet gearbeid heeft. Dit is ook ijdelheid en een groot kwaad."
      },
      {
        "book_name": "Prediker",
        "book": 21,
        "chapter": 2,
        "verse": 22,
        "text": "Wat heeft toch die mens van al zijn arbeid, en van de kwellingen zijns harten, dien hij is bearbeidende onder de zon?"
      },
      {
        "book_name": "Prediker",
        "book": 21,
        "chapter": 2,
        "verse": 23,
        "text": "Want al zijn dagen zijn smarten, en zijn bezigheid is verdriet; zelfs des nachts rust zijn hart niet. Datzelve is ook ijdelheid."
      },
      {
        "book_name": "Prediker",
        "book": 21,
        "chapter": 2,
        "verse": 24,
        "text": "Is het dan niet goed voor den mens, dat hij ete en drinke, en dat hij zijn ziel het goede doe genieten in zijn arbeid? Ik heb ook gezien, dat zulks van de hand Gods is."
      },
      {
        "book_name": "Prediker",
        "book": 21,
        "chapter": 2,
        "verse": 25,
        "text": "(Want wie zou er van eten, of wie zou zich daartoe haasten, meer dan ik zelf?)"
      },
      {
        "book_name": "Prediker",
        "book": 21,
        "chapter": 2,
        "verse": 26,
        "text": "Want Hij geeft wijsheid, en wetenschap, en vreugde den mens, die goed is voor Zijn aangezicht; maar den zondaar geeft Hij bezigheid om te verzamelen en te vergaderen, opdat hij het geve dien, die goed is voor Gods aangezicht. Dit is ook ijdelheid en kwelling des geestes."
      }
    ],
    "3": [
      {
        "book_name": "Prediker",
        "book": 21,
        "chapter": 3,
        "verse": 1,
        "text": "1Alles heeft een bestemden tijd, en alle voornemen onder den hemel heeft zijn tijd.  2Er is een tijd om geboren te worden, en een tijd om te sterven; een tijd om te planten, en een tijd om het geplante uit te roeien;  3Een tijd om te doden, en een tijd om te genezen; een tijd om af te breken, en een tijd om te bouwen;  4Een tijd om te wenen, en een tijd om te lachen; een tijd om te kermen, en een tijd om op te springen;  5Een tijd om stenen weg te werpen, en een tijd om stenen te vergaderen; een tijd om te omhelzen, en een tijd om verre te zijn van omhelzen;  6Een tijd om te zoeken, en een tijd om verloren te laten gaan; een tijd om te bewaren, en een tijd om weg te werpen;  7Een tijd om te scheuren, en een tijd om toe te naaien; een tijd om te zwijgen, en een tijd om te spreken;  8Een tijd om lief te hebben, en een tijd om te haten; een tijd van oorlog, en een tijd van vrede.  9Wat voordeel heeft hij, die werkt, van hetgeen hij bearbeidt?  10Ik heb gezien de bezigheid, die God den kinderen der mensen gegeven heeft, om zichzelven daarmede te bekommeren.  11Hij heeft ieder ding schoon gemaakt op zijn tijd; ook heeft Hij de eeuw in hun hart gelegd, zonder dat een mens het werk, dat God gemaakt heeft, kan uitvinden, van het begin tot het einde toe.  12Ik heb gemerkt, dat er niets beters voor henlieden is, dan zich te verblijden, en goed te doen in zijn leven.  13Ja ook, dat ieder mens ete en drinke, en het goede geniete van al zijn arbeid. Dit is een gave Gods.  14Ik weet, dat al wat God doet, dat zal in der eeuwigheid zijn, en er is niet toe te doen, noch is er af te doen; en God doet dat, opdat men vreze voor Zijn aangezicht.  15Hetgeen geweest is, dat is nu, en wat wezen zal, dat is alrede geweest; en God zoekt het weggedrevene;  16Verder heb ik ook gezien onder de zon, ter plaatse des gerichts, aldaar was goddeloosheid; en ter plaatse der gerechtigheid, aldaar was goddeloosheid.  17Ik zeide in mijn hart: God zal den rechtvaardige en den goddeloze oordelen; want aldaar is de tijd voor alle voornemen, en over alle werk.  18Ik zeide in mijn hart van de gelegenheid der mensenkinderen, dat God hen zal verklaren, en dat zij zullen zien, dat zij als de beesten zijn aan zichzelven.  19Want wat den kinderen der mensen wedervaart, dat wedervaart ook den beesten; en enerlei wedervaart hun beiden; gelijk die sterft, alzo sterft deze, en zij allen hebben enerlei adem, en de uitnemendheid der mensen boven de beesten is geen; want allen zijn zij ijdelheid.  20Zij gaan allen naar één plaats; zij zijn allen uit het stof, en zij keren allen weder tot het stof.  21Wie merkt, dat de adem van de kinderen der mensen opvaart naar boven, en de adem der beesten nederwaarts vaart in de aarde?  22Dies ik gezien heb, dat er niets beters is, dan dat de mens zich verblijde in zijn werken, want dat is zijn deel; want wie zal hem daarhenen brengen, dat hij ziet, hetgeen na hem geschieden zal?"
      },
      {
        "book_name": "Prediker",
        "book": 21,
        "chapter": 3,
        "verse": 1,
        "text": "Alles heeft een bestemden tijd, en alle voornemen onder den hemel heeft zijn tijd."
      },
      {
        "book_name": "Prediker",
        "book": 21,
        "chapter": 3,
        "verse": 2,
        "text": "Er is een tijd om geboren te worden, en een tijd om te sterven; een tijd om te planten, en een tijd om het geplante uit te roeien;"
      },
      {
        "book_name": "Prediker",
        "book": 21,
        "chapter": 3,
        "verse": 3,
        "text": "Een tijd om te doden, en een tijd om te genezen; een tijd om af te breken, en een tijd om te bouwen;"
      },
      {
        "book_name": "Prediker",
        "book": 21,
        "chapter": 3,
        "verse": 4,
        "text": "Een tijd om te wenen, en een tijd om te lachen; een tijd om te kermen, en een tijd om op te springen;"
      },
      {
        "book_name": "Prediker",
        "book": 21,
        "chapter": 3,
        "verse": 5,
        "text": "Een tijd om stenen weg te werpen, en een tijd om stenen te vergaderen; een tijd om te omhelzen, en een tijd om verre te zijn van omhelzen;"
      },
      {
        "book_name": "Prediker",
        "book": 21,
        "chapter": 3,
        "verse": 6,
        "text": "Een tijd om te zoeken, en een tijd om verloren te laten gaan; een tijd om te bewaren, en een tijd om weg te werpen;"
      },
      {
        "book_name": "Prediker",
        "book": 21,
        "chapter": 3,
        "verse": 7,
        "text": "Een tijd om te scheuren, en een tijd om toe te naaien; een tijd om te zwijgen, en een tijd om te spreken;"
      },
      {
        "book_name": "Prediker",
        "book": 21,
        "chapter": 3,
        "verse": 8,
        "text": "Een tijd om lief te hebben, en een tijd om te haten; een tijd van oorlog, en een tijd van vrede."
      },
      {
        "book_name": "Prediker",
        "book": 21,
        "chapter": 3,
        "verse": 9,
        "text": "Wat voordeel heeft hij, die werkt, van hetgeen hij bearbeidt?"
      },
      {
        "book_name": "Prediker",
        "book": 21,
        "chapter": 3,
        "verse": 10,
        "text": "Ik heb gezien de bezigheid, die God den kinderen der mensen gegeven heeft, om zichzelven daarmede te bekommeren."
      },
      {
        "book_name": "Prediker",
        "book": 21,
        "chapter": 3,
        "verse": 11,
        "text": "Hij heeft ieder ding schoon gemaakt op zijn tijd; ook heeft Hij de eeuw in hun hart gelegd, zonder dat een mens het werk, dat God gemaakt heeft, kan uitvinden, van het begin tot het einde toe."
      },
      {
        "book_name": "Prediker",
        "book": 21,
        "chapter": 3,
        "verse": 12,
        "text": "Ik heb gemerkt, dat er niets beters voor henlieden is, dan zich te verblijden, en goed te doen in zijn leven."
      },
      {
        "book_name": "Prediker",
        "book": 21,
        "chapter": 3,
        "verse": 13,
        "text": "Ja ook, dat ieder mens ete en drinke, en het goede geniete van al zijn arbeid. Dit is een gave Gods."
      },
      {
        "book_name": "Prediker",
        "book": 21,
        "chapter": 3,
        "verse": 14,
        "text": "Ik weet, dat al wat God doet, dat zal in der eeuwigheid zijn, en er is niet toe te doen, noch is er af te doen; en God doet dat, opdat men vreze voor Zijn aangezicht."
      },
      {
        "book_name": "Prediker",
        "book": 21,
        "chapter": 3,
        "verse": 15,
        "text": "Hetgeen geweest is, dat is nu, en wat wezen zal, dat is alrede geweest; en God zoekt het weggedrevene;"
      },
      {
        "book_name": "Prediker",
        "book": 21,
        "chapter": 3,
        "verse": 16,
        "text": "Verder heb ik ook gezien onder de zon, ter plaatse des gerichts, aldaar was goddeloosheid; en ter plaatse der gerechtigheid, aldaar was goddeloosheid."
      },
      {
        "book_name": "Prediker",
        "book": 21,
        "chapter": 3,
        "verse": 17,
        "text": "Ik zeide in mijn hart: God zal den rechtvaardige en den goddeloze oordelen; want aldaar is de tijd voor alle voornemen, en over alle werk."
      },
      {
        "book_name": "Prediker",
        "book": 21,
        "chapter": 3,
        "verse": 18,
        "text": "Ik zeide in mijn hart van de gelegenheid der mensenkinderen, dat God hen zal verklaren, en dat zij zullen zien, dat zij als de beesten zijn aan zichzelven."
      },
      {
        "book_name": "Prediker",
        "book": 21,
        "chapter": 3,
        "verse": 19,
        "text": "Want wat den kinderen der mensen wedervaart, dat wedervaart ook den beesten; en enerlei wedervaart hun beiden; gelijk die sterft, alzo sterft deze, en zij allen hebben enerlei adem, en de uitnemendheid der mensen boven de beesten is geen; want allen zijn zij ijdelheid."
      },
      {
        "book_name": "Prediker",
        "book": 21,
        "chapter": 3,
        "verse": 20,
        "text": "Zij gaan allen naar één plaats; zij zijn allen uit het stof, en zij keren allen weder tot het stof."
      },
      {
        "book_name": "Prediker",
        "book": 21,
        "chapter": 3,
        "verse": 21,
        "text": "Wie merkt, dat de adem van de kinderen der mensen opvaart naar boven, en de adem der beesten nederwaarts vaart in de aarde?"
      },
      {
        "book_name": "Prediker",
        "book": 21,
        "chapter": 3,
        "verse": 22,
        "text": "Dies ik gezien heb, dat er niets beters is, dan dat de mens zich verblijde in zijn werken, want dat is zijn deel; want wie zal hem daarhenen brengen, dat hij ziet, hetgeen na hem geschieden zal?"
      }
    ],
    "4": [
      {
        "book_name": "Prediker",
        "book": 21,
        "chapter": 4,
        "verse": 1,
        "text": "1Daarna wende ik mij, en zag aan al de onderdrukkingen, die onder de zon geschieden; en ziet, er waren de tranen der verdrukten, en dergenen, die geen trooster hadden; en aan de zijde hunner verdrukkers was macht, zij daarentegen hadden geen vertrooster.  2Dies prees ik de doden, die alrede gestorven waren, boven de levenden, die tot nog toe levend zijn.  3Ja, hij is beter dan die beiden, die nog niet geweest is, die niet gezien heeft het boze werk, dat onder de zon geschiedt.  4Verder zag ik al den arbeid en alle geschikkelijkheid des werks, dat het den mens nijd van zijn naaste aanbrengt. Dat is ook ijdelheid en kwelling des geestes.  5De zot vouwt zijn handen samen, en eet zijn eigen vlees.  6Een hand vol met rust is beter, dan beide de vuisten vol met arbeid en kwelling des geestes.  7Ik wendde mij wederom, en ik zag een ijdelheid onder de zon;  8Daar is er een, en geen tweede; hij heeft ook geen kind, noch broeder; nochtans is van al zijn arbeid geen einde; ook wordt zijn oog niet verzadigd van den rijkdom, en zegt niet: Voor wien arbeide ik toch, en doe mijn ziel gebrek hebben van het goede? Dit is ook ijdelheid, en het is een moeilijke bezigheid.  9Twee zijn beter dan één; want zij hebben een goede beloning van hun arbeid;  10Want indien zij vallen, de een richt zijn metgezel op; maar wee den ene, die gevallen is, want er is geen tweede om hem op te helpen.  11Ook, indien twee te zamen liggen, zo hebben zij warmte; maar hoe zou een alleen warm worden?  12En indien iemand den een mocht overweldigen, zo zullen de twee tegen hem bestaan; en een drievoudig snoer wordt niet haast gebroken.  13Beter is een arm en wijs jongeling, dan een oud en zot koning, die niet weet van meer vermaand te worden.  14Want een komt uit het gevangenhuis, om koning te zijn; daar ook een, die in zijn koninkrijk geboren is, verarmt.  15Ik zag al de levenden wandelen onder de zon, met den jongeling, den tweede, die in diens plaats staan zal.  16Er is geen einde van al het volk, van allen, die voor hen geweest zijn; de nakomelingen zullen zich ook over hem niet verblijden; gewisselijk, dat is ook ijdelheid en kwelling des geestes.  17 Bewaar uw voet, als gij tot het huis Gods ingaat, en zijt liever nabij om te horen, dan om der zotten slachtoffer te geven; want zij weten niet, dat zij kwaad doen."
      },
      {
        "book_name": "Prediker",
        "book": 21,
        "chapter": 4,
        "verse": 1,
        "text": "Daarna wende ik mij, en zag aan al de onderdrukkingen, die onder de zon geschieden; en ziet, er waren de tranen der verdrukten, en dergenen, die geen trooster hadden; en aan de zijde hunner verdrukkers was macht, zij daarentegen hadden geen vertrooster."
      },
      {
        "book_name": "Prediker",
        "book": 21,
        "chapter": 4,
        "verse": 2,
        "text": "Dies prees ik de doden, die alrede gestorven waren, boven de levenden, die tot nog toe levend zijn."
      },
      {
        "book_name": "Prediker",
        "book": 21,
        "chapter": 4,
        "verse": 3,
        "text": "Ja, hij is beter dan die beiden, die nog niet geweest is, die niet gezien heeft het boze werk, dat onder de zon geschiedt."
      },
      {
        "book_name": "Prediker",
        "book": 21,
        "chapter": 4,
        "verse": 4,
        "text": "Verder zag ik al den arbeid en alle geschikkelijkheid des werks, dat het den mens nijd van zijn naaste aanbrengt. Dat is ook ijdelheid en kwelling des geestes."
      },
      {
        "book_name": "Prediker",
        "book": 21,
        "chapter": 4,
        "verse": 5,
        "text": "De zot vouwt zijn handen samen, en eet zijn eigen vlees."
      },
      {
        "book_name": "Prediker",
        "book": 21,
        "chapter": 4,
        "verse": 6,
        "text": "Een hand vol met rust is beter, dan beide de vuisten vol met arbeid en kwelling des geestes."
      },
      {
        "book_name": "Prediker",
        "book": 21,
        "chapter": 4,
        "verse": 7,
        "text": "Ik wendde mij wederom, en ik zag een ijdelheid onder de zon;"
      },
      {
        "book_name": "Prediker",
        "book": 21,
        "chapter": 4,
        "verse": 8,
        "text": "Daar is er een, en geen tweede; hij heeft ook geen kind, noch broeder; nochtans is van al zijn arbeid geen einde; ook wordt zijn oog niet verzadigd van den rijkdom, en zegt niet: Voor wien arbeide ik toch, en doe mijn ziel gebrek hebben van het goede? Dit is ook ijdelheid, en het is een moeilijke bezigheid."
      },
      {
        "book_name": "Prediker",
        "book": 21,
        "chapter": 4,
        "verse": 9,
        "text": "Twee zijn beter dan één; want zij hebben een goede beloning van hun arbeid;"
      },
      {
        "book_name": "Prediker",
        "book": 21,
        "chapter": 4,
        "verse": 10,
        "text": "Want indien zij vallen, de een richt zijn metgezel op; maar wee den ene, die gevallen is, want er is geen tweede om hem op te helpen."
      },
      {
        "book_name": "Prediker",
        "book": 21,
        "chapter": 4,
        "verse": 11,
        "text": "Ook, indien twee te zamen liggen, zo hebben zij warmte; maar hoe zou een alleen warm worden?"
      },
      {
        "book_name": "Prediker",
        "book": 21,
        "chapter": 4,
        "verse": 12,
        "text": "En indien iemand den een mocht overweldigen, zo zullen de twee tegen hem bestaan; en een drievoudig snoer wordt niet haast gebroken."
      },
      {
        "book_name": "Prediker",
        "book": 21,
        "chapter": 4,
        "verse": 13,
        "text": "Beter is een arm en wijs jongeling, dan een oud en zot koning, die niet weet van meer vermaand te worden."
      },
      {
        "book_name": "Prediker",
        "book": 21,
        "chapter": 4,
        "verse": 14,
        "text": "Want een komt uit het gevangenhuis, om koning te zijn; daar ook een, die in zijn koninkrijk geboren is, verarmt."
      },
      {
        "book_name": "Prediker",
        "book": 21,
        "chapter": 4,
        "verse": 15,
        "text": "Ik zag al de levenden wandelen onder de zon, met den jongeling, den tweede, die in diens plaats staan zal."
      },
      {
        "book_name": "Prediker",
        "book": 21,
        "chapter": 4,
        "verse": 16,
        "text": "Er is geen einde van al het volk, van allen, die voor hen geweest zijn; de nakomelingen zullen zich ook over hem niet verblijden; gewisselijk, dat is ook ijdelheid en kwelling des geestes."
      },
      {
        "book_name": "Prediker",
        "book": 21,
        "chapter": 4,
        "verse": 17,
        "text": "Bewaar uw voet, als gij tot het huis Gods ingaat, en zijt liever nabij om te horen, dan om der zotten slachtoffer te geven; want zij weten niet, dat zij kwaad doen."
      }
    ],
    "5": [
      {
        "book_name": "Prediker",
        "book": 21,
        "chapter": 5,
        "verse": 1,
        "text": "1 Wees niet te snel met uw mond, en uw hart haaste niet een woord voort te brengen voor Gods aangezicht; want God is in den hemel, en gij zijt op de aarde; daarom laat uw woorden weinig zijn.  2 Want gelijk de droom komt door veel bezigheid, alzo de stem des zots door de veelheid der woorden.  3 Wanneer gij een gelofte aan God zult beloofd hebben, stel niet uit dezelve te betalen; want Hij heeft geen lust aan zotten; wat gij zult beloofd hebben, betaal het.  4 Het is beter, dat gij niet belooft, dan dat gij belooft en niet betaalt.  5 Laat uw mond niet toe, dat hij uw vlees zou doen zondigen; en zeg niet voor het aangezicht des engels, dat het een dwaling was; waarom zou God grotelijks toornen, om uwer stemme wille, en verderven het werk uwer handen?  6 Want gelijk in de veelheid der dromen ijdelheden zijn, alzo in veel woorden; maar vrees gij God!  7 Indien gij de onderdrukking des armen, en de beroving des gerichts en der gerechtigheid ziet in een landschap, verwonder u niet over zulk een voornemen; want die hoger is dan de hoge, neemt er acht op; en daar zijn hogen boven henlieden.  8 Het voordeel des aardrijks is voor allen: de koning zelf wordt van het veld gediend.  9 Die het geld liefheeft, wordt van het geld niet zat; en wie den overvloed liefheeft, wordt van het inkomen niet zat. Dit is ook ijdelheid.  10 Waar het goed vermenigvuldigt, daar vermenigvuldigen ook die het eten; wat nuttigheid hebben dan de bezitters daarvan, dan het gezicht hunner ogen?  11 De slaap des arbeiders is zoet, hij hebbe weinig of veel gegeten; maar de zatheid des rijken laat hem niet slapen.  12 Er is een kwaad, dat krankheid aanbrengt, hetwelk ik zag onder de zon: rijkdom van zijn bezitters bewaard tot hun eigen kwaad.  13 Of de rijkdom zelf vergaat door een moeilijke bezigheid; en hij gewint een zoon, en er is niet met al in zijn hand.  14 Gelijk als hij voortgekomen is uit zijner moeders buik, alzo zal hij naakt wederkeren, gaande gelijk hij gekomen was; en hij zal niet medenemen van zijn arbeid, dat hij met zijn hand zou wegdragen.  15 Daarom is dit ook een kwaad, dat krankheid aanbrengt; dat hij in alle manier, gelijk hij gekomen is, alzo heengaat; en wat voordeel is het hem, dat hij in den wind gearbeid heeft?  16 Dat hij ook al zijn dagen in duisternis gegeten heeft; en dat hij veel verdriets gehad heeft, ook zijn krankheid, en onstuimigen toorn?  17 Ziet, wat ik gezien heb, een goede zaak, die schoon is: te eten en te drinken, en te genieten het goede van al zijn arbeid, dien hij bearbeid heeft onder de zon, gedurende het getal der dagen zijns levens, hetwelk God hem geeft; want dat is zijn deel.  18 Ook een iegelijk mens, aan denwelken God rijkdom en goederen gegeven heeft, en Hij geeft hem de macht, om daarvan te eten, en om zijn deel te nemen, en om zich te verheugen van zijn arbeid, datzelve is een gave van God.  19 Want hij zal niet veel gedenken aan de dagen zijns levens, dewijl hem God verhoort in de blijdschap zijns harten."
      },
      {
        "book_name": "Prediker",
        "book": 21,
        "chapter": 5,
        "verse": 1,
        "text": "Wees niet te snel met uw mond, en uw hart haaste niet een woord voort te brengen voor Gods aangezicht; want God is in den hemel, en gij zijt op de aarde; daarom laat uw woorden weinig zijn."
      },
      {
        "book_name": "Prediker",
        "book": 21,
        "chapter": 5,
        "verse": 2,
        "text": "Want gelijk de droom komt door veel bezigheid, alzo de stem des zots door de veelheid der woorden."
      },
      {
        "book_name": "Prediker",
        "book": 21,
        "chapter": 5,
        "verse": 3,
        "text": "Wanneer gij een gelofte aan God zult beloofd hebben, stel niet uit dezelve te betalen; want Hij heeft geen lust aan zotten; wat gij zult beloofd hebben, betaal het."
      },
      {
        "book_name": "Prediker",
        "book": 21,
        "chapter": 5,
        "verse": 4,
        "text": "Het is beter, dat gij niet belooft, dan dat gij belooft en niet betaalt."
      },
      {
        "book_name": "Prediker",
        "book": 21,
        "chapter": 5,
        "verse": 5,
        "text": "Laat uw mond niet toe, dat hij uw vlees zou doen zondigen; en zeg niet voor het aangezicht des engels, dat het een dwaling was; waarom zou God grotelijks toornen, om uwer stemme wille, en verderven het werk uwer handen?"
      },
      {
        "book_name": "Prediker",
        "book": 21,
        "chapter": 5,
        "verse": 6,
        "text": "Want gelijk in de veelheid der dromen ijdelheden zijn, alzo in veel woorden; maar vrees gij God!"
      },
      {
        "book_name": "Prediker",
        "book": 21,
        "chapter": 5,
        "verse": 7,
        "text": "Indien gij de onderdrukking des armen, en de beroving des gerichts en der gerechtigheid ziet in een landschap, verwonder u niet over zulk een voornemen; want die hoger is dan de hoge, neemt er acht op; en daar zijn hogen boven henlieden."
      },
      {
        "book_name": "Prediker",
        "book": 21,
        "chapter": 5,
        "verse": 8,
        "text": "Het voordeel des aardrijks is voor allen: de koning zelf wordt van het veld gediend."
      },
      {
        "book_name": "Prediker",
        "book": 21,
        "chapter": 5,
        "verse": 9,
        "text": "Die het geld liefheeft, wordt van het geld niet zat; en wie den overvloed liefheeft, wordt van het inkomen niet zat. Dit is ook ijdelheid."
      },
      {
        "book_name": "Prediker",
        "book": 21,
        "chapter": 5,
        "verse": 10,
        "text": "Waar het goed vermenigvuldigt, daar vermenigvuldigen ook die het eten; wat nuttigheid hebben dan de bezitters daarvan, dan het gezicht hunner ogen?"
      },
      {
        "book_name": "Prediker",
        "book": 21,
        "chapter": 5,
        "verse": 11,
        "text": "De slaap des arbeiders is zoet, hij hebbe weinig of veel gegeten; maar de zatheid des rijken laat hem niet slapen."
      },
      {
        "book_name": "Prediker",
        "book": 21,
        "chapter": 5,
        "verse": 12,
        "text": "Er is een kwaad, dat krankheid aanbrengt, hetwelk ik zag onder de zon: rijkdom van zijn bezitters bewaard tot hun eigen kwaad."
      },
      {
        "book_name": "Prediker",
        "book": 21,
        "chapter": 5,
        "verse": 13,
        "text": "Of de rijkdom zelf vergaat door een moeilijke bezigheid; en hij gewint een zoon, en er is niet met al in zijn hand."
      },
      {
        "book_name": "Prediker",
        "book": 21,
        "chapter": 5,
        "verse": 14,
        "text": "Gelijk als hij voortgekomen is uit zijner moeders buik, alzo zal hij naakt wederkeren, gaande gelijk hij gekomen was; en hij zal niet medenemen van zijn arbeid, dat hij met zijn hand zou wegdragen."
      },
      {
        "book_name": "Prediker",
        "book": 21,
        "chapter": 5,
        "verse": 15,
        "text": "Daarom is dit ook een kwaad, dat krankheid aanbrengt; dat hij in alle manier, gelijk hij gekomen is, alzo heengaat; en wat voordeel is het hem, dat hij in den wind gearbeid heeft?"
      },
      {
        "book_name": "Prediker",
        "book": 21,
        "chapter": 5,
        "verse": 16,
        "text": "Dat hij ook al zijn dagen in duisternis gegeten heeft; en dat hij veel verdriets gehad heeft, ook zijn krankheid, en onstuimigen toorn?"
      },
      {
        "book_name": "Prediker",
        "book": 21,
        "chapter": 5,
        "verse": 17,
        "text": "Ziet, wat ik gezien heb, een goede zaak, die schoon is: te eten en te drinken, en te genieten het goede van al zijn arbeid, dien hij bearbeid heeft onder de zon, gedurende het getal der dagen zijns levens, hetwelk God hem geeft; want dat is zijn deel."
      },
      {
        "book_name": "Prediker",
        "book": 21,
        "chapter": 5,
        "verse": 18,
        "text": "Ook een iegelijk mens, aan denwelken God rijkdom en goederen gegeven heeft, en Hij geeft hem de macht, om daarvan te eten, en om zijn deel te nemen, en om zich te verheugen van zijn arbeid, datzelve is een gave van God."
      },
      {
        "book_name": "Prediker",
        "book": 21,
        "chapter": 5,
        "verse": 19,
        "text": "Want hij zal niet veel gedenken aan de dagen zijns levens, dewijl hem God verhoort in de blijdschap zijns harten."
      }
    ],
    "6": [
      {
        "book_name": "Prediker",
        "book": 21,
        "chapter": 6,
        "verse": 1,
        "text": "1Er is een kwaad, dat ik gezien heb onder de zon, en het is veel onder de mensen:  2Een man, denwelken God gegeven heeft rijkdom, en goederen, en eer; en hij heeft voor zijn ziel aan geen ding gebrek, van alles wat hij begeert; en God geeft hem de macht niet, om daarvan te eten, maar dat een vreemd man dat opeet. Dit is ook ijdelheid en een kwade smart.  3Indien een man honderd kinderen gewon, en vele jaren leefde, zodat de dagen zijner jaren veel waren, doch zijn ziel niet verzadigd werd van het goed, en hij ook geen begrafenis had; ik zeg, dat een misdracht beter is dan hij.  4Want met ijdelheid komt zij, en in duisternis gaat zij weg, en met duisternis wordt haar naam bedekt.  5Ook heeft zij de zon niet gezien, noch bekend; zij heeft meer rust dan hij.  6Ja, al leefde hij schoon tweemaal duizend jaren, en het goede niet zag; gaan zij niet allen naar één plaats?  7Al de arbeid des mensen is voor zijn mond; en nochtans wordt de begeerlijkheid niet vervuld.  8Want wat heeft de wijze meer dan de zot? Wat heeft de arme meer, die voor de levenden weet te wandelen?  9Beter is het aanzien der ogen, dan het wandelen der begeerlijkheid. Dit is ook ijdelheid en kwelling des geestes.  10Wat ook iemand zij, alrede is zijn naam genoemd, en het is bekend, dat hij een mens is; en dat hij niet kan rechten met dien, die sterker is dan hij.  11Voorwaar, er zijn veel dingen, die de ijdelheid vermeerderen; wat heeft de mens te meer daarvan?  12Want wie weet, wat goed is voor den mens in dit leven, gedurende het getal der dagen van het leven zijner ijdelheid, welke hij doorbrengt als een schaduw? Want wie kan den mens aanzeggen, wat na hem wezen zal onder de zon?"
      },
      {
        "book_name": "Prediker",
        "book": 21,
        "chapter": 6,
        "verse": 1,
        "text": "Er is een kwaad, dat ik gezien heb onder de zon, en het is veel onder de mensen:"
      },
      {
        "book_name": "Prediker",
        "book": 21,
        "chapter": 6,
        "verse": 2,
        "text": "Een man, denwelken God gegeven heeft rijkdom, en goederen, en eer; en hij heeft voor zijn ziel aan geen ding gebrek, van alles wat hij begeert; en God geeft hem de macht niet, om daarvan te eten, maar dat een vreemd man dat opeet. Dit is ook ijdelheid en een kwade smart."
      },
      {
        "book_name": "Prediker",
        "book": 21,
        "chapter": 6,
        "verse": 3,
        "text": "Indien een man honderd kinderen gewon, en vele jaren leefde, zodat de dagen zijner jaren veel waren, doch zijn ziel niet verzadigd werd van het goed, en hij ook geen begrafenis had; ik zeg, dat een misdracht beter is dan hij."
      },
      {
        "book_name": "Prediker",
        "book": 21,
        "chapter": 6,
        "verse": 4,
        "text": "Want met ijdelheid komt zij, en in duisternis gaat zij weg, en met duisternis wordt haar naam bedekt."
      },
      {
        "book_name": "Prediker",
        "book": 21,
        "chapter": 6,
        "verse": 5,
        "text": "Ook heeft zij de zon niet gezien, noch bekend; zij heeft meer rust dan hij."
      },
      {
        "book_name": "Prediker",
        "book": 21,
        "chapter": 6,
        "verse": 6,
        "text": "Ja, al leefde hij schoon tweemaal duizend jaren, en het goede niet zag; gaan zij niet allen naar één plaats?"
      },
      {
        "book_name": "Prediker",
        "book": 21,
        "chapter": 6,
        "verse": 7,
        "text": "Al de arbeid des mensen is voor zijn mond; en nochtans wordt de begeerlijkheid niet vervuld."
      },
      {
        "book_name": "Prediker",
        "book": 21,
        "chapter": 6,
        "verse": 8,
        "text": "Want wat heeft de wijze meer dan de zot? Wat heeft de arme meer, die voor de levenden weet te wandelen?"
      },
      {
        "book_name": "Prediker",
        "book": 21,
        "chapter": 6,
        "verse": 9,
        "text": "Beter is het aanzien der ogen, dan het wandelen der begeerlijkheid. Dit is ook ijdelheid en kwelling des geestes."
      },
      {
        "book_name": "Prediker",
        "book": 21,
        "chapter": 6,
        "verse": 10,
        "text": "Wat ook iemand zij, alrede is zijn naam genoemd, en het is bekend, dat hij een mens is; en dat hij niet kan rechten met dien, die sterker is dan hij."
      },
      {
        "book_name": "Prediker",
        "book": 21,
        "chapter": 6,
        "verse": 11,
        "text": "Voorwaar, er zijn veel dingen, die de ijdelheid vermeerderen; wat heeft de mens te meer daarvan?"
      },
      {
        "book_name": "Prediker",
        "book": 21,
        "chapter": 6,
        "verse": 12,
        "text": "Want wie weet, wat goed is voor den mens in dit leven, gedurende het getal der dagen van het leven zijner ijdelheid, welke hij doorbrengt als een schaduw? Want wie kan den mens aanzeggen, wat na hem wezen zal onder de zon?"
      }
    ],
    "7": [
      {
        "book_name": "Prediker",
        "book": 21,
        "chapter": 7,
        "verse": 1,
        "text": "1Beter is een goede naam, dan goede olie, en de dag des doods, dan de dag, dat iemand geboren wordt.  2Het is beter te gaan in het klaaghuis, dan te gaan in het huis des maaltijds; want in hetzelve is het einde aller mensen, en de levende legt het in zijn hart.  3Het treuren is beter dan het lachen; want door de droefheid des aangezichts wordt het hart gebeterd.  4Het hart der wijzen is in het klaaghuis; maar het hart der zotten in het huis der vreugde.  5Het is beter te horen het bestraffen des wijzen, dan dat iemand hore het gezang der dwazen.  6Want gelijk het geluid der doornen onder een pot is, alzo is het lachen eens zots. Dit is ook ijdelheid.  7Voorwaar, de onderdrukking zou wel een wijze dol maken; en het geschenk verderft het hart.  8Het einde van een ding is beter dan zijn begin; de lankmoedige is beter dan de hoogmoedige.  9Zijt niet haastig in uw geest om te toornen; want de toorn rust in den boezem der dwazen.  10Zeg niet: Wat is er, dat de vorige dagen beter geweest zijn, dan deze? Want gij zoudt naar zulks niet uit wijsheid vragen.  11De wijsheid is goed met een erfdeel; en degenen, die de zon aanschouwen, hebben voordeel daarvan.  12Want de wijsheid is tot een schaduw, en het geld is tot een schaduw; maar de uitnemendheid der wetenschap is, dat de wijsheid haar bezitters het leven geeft.  13Aanmerk het werk Gods; want wie kan recht maken, dat Hij krom gemaakt heeft?  14Geniet het goede ten dage des voorspoeds, maar ten dage des tegenspoeds, zie toe; want God maakt ook den een tegenover den ander, ter oorzake dat de mens niet zou vinden iets, dat na hem zal zijn.  15Dit alles heb ik gezien in de dagen mijner ijdelheid; er is een rechtvaardige, die in zijn gerechtigheid omkomt; daarentegen is er een goddeloze, die in zijn boosheid zijn dagen verlengt.  16Wees niet al te rechtvaardig, noch houd uzelven al te wijs; waarom zoudt gij verwoesting over u brengen?  17Wees niet al te goddeloos, noch wees al te dwaas; waarom zoudt gij sterven buiten uw tijd?  18Het is goed, dat gij daaraan vasthoudt, en trek ook uw hand van dit niet af; want die God vreest, die ontgaat dat al.  19De wijsheid versterkt den wijze meer dan tien heerschappers, die in een stad zijn.  20Voorwaar, er is geen mens rechtvaardig op aarde, die goed doet, en niet zondigt.  21Geef ook uw hart niet tot alle woorden, die men spreekt, opdat gij niet hoort, dat uw knecht u vloekt.  22Want uw hart heeft ook veelmalen bekend, dat gij ook anderen gevloekt hebt.  23Dit alles heb ik met wijsheid verzocht; ik zeide: Ik zal wijsheid bekomen, maar zij was nog verre van mij.  24Hetgeen verre af is, en zeer diep, wie zal dat vinden?  25Ik keerde mij om, en mijn hart, om te weten, en om na te speuren, en te zoeken wijsheid en een sluitrede; en om te weten de goddeloosheid der zotheid, en de dwaasheid der onzinnigheden.  26En ik vond een bitterder ding, dan de dood: een vrouw, welker hart netten en garen, en haar handen banden zijn; wie goed is voor Gods aangezicht, zal van haar ontkomen; daarentegen de zondaar zal van haar gevangen worden.  27Ziet, dit heb ik gevonden, zegt de prediker, het ene bij het andere, om de sluitrede te vinden;  28Dewelke mijn ziel nog zoekt, maar ik heb haar niet gevonden: één man uit duizend heb ik gevonden; maar een vrouw onder die allen heb ik niet gevonden.  29Alleenlijk ziet, dit heb ik gevonden, dat God den mens recht gemaakt heeft, maar zij hebben veel vonden gezocht."
      },
      {
        "book_name": "Prediker",
        "book": 21,
        "chapter": 7,
        "verse": 1,
        "text": "Beter is een goede naam, dan goede olie, en de dag des doods, dan de dag, dat iemand geboren wordt."
      },
      {
        "book_name": "Prediker",
        "book": 21,
        "chapter": 7,
        "verse": 2,
        "text": "Het is beter te gaan in het klaaghuis, dan te gaan in het huis des maaltijds; want in hetzelve is het einde aller mensen, en de levende legt het in zijn hart."
      },
      {
        "book_name": "Prediker",
        "book": 21,
        "chapter": 7,
        "verse": 3,
        "text": "Het treuren is beter dan het lachen; want door de droefheid des aangezichts wordt het hart gebeterd."
      },
      {
        "book_name": "Prediker",
        "book": 21,
        "chapter": 7,
        "verse": 4,
        "text": "Het hart der wijzen is in het klaaghuis; maar het hart der zotten in het huis der vreugde."
      },
      {
        "book_name": "Prediker",
        "book": 21,
        "chapter": 7,
        "verse": 5,
        "text": "Het is beter te horen het bestraffen des wijzen, dan dat iemand hore het gezang der dwazen."
      },
      {
        "book_name": "Prediker",
        "book": 21,
        "chapter": 7,
        "verse": 6,
        "text": "Want gelijk het geluid der doornen onder een pot is, alzo is het lachen eens zots. Dit is ook ijdelheid."
      },
      {
        "book_name": "Prediker",
        "book": 21,
        "chapter": 7,
        "verse": 7,
        "text": "Voorwaar, de onderdrukking zou wel een wijze dol maken; en het geschenk verderft het hart."
      },
      {
        "book_name": "Prediker",
        "book": 21,
        "chapter": 7,
        "verse": 8,
        "text": "Het einde van een ding is beter dan zijn begin; de lankmoedige is beter dan de hoogmoedige."
      },
      {
        "book_name": "Prediker",
        "book": 21,
        "chapter": 7,
        "verse": 9,
        "text": "Zijt niet haastig in uw geest om te toornen; want de toorn rust in den boezem der dwazen."
      },
      {
        "book_name": "Prediker",
        "book": 21,
        "chapter": 7,
        "verse": 10,
        "text": "Zeg niet: Wat is er, dat de vorige dagen beter geweest zijn, dan deze? Want gij zoudt naar zulks niet uit wijsheid vragen."
      },
      {
        "book_name": "Prediker",
        "book": 21,
        "chapter": 7,
        "verse": 11,
        "text": "De wijsheid is goed met een erfdeel; en degenen, die de zon aanschouwen, hebben voordeel daarvan."
      },
      {
        "book_name": "Prediker",
        "book": 21,
        "chapter": 7,
        "verse": 12,
        "text": "Want de wijsheid is tot een schaduw, en het geld is tot een schaduw; maar de uitnemendheid der wetenschap is, dat de wijsheid haar bezitters het leven geeft."
      },
      {
        "book_name": "Prediker",
        "book": 21,
        "chapter": 7,
        "verse": 13,
        "text": "Aanmerk het werk Gods; want wie kan recht maken, dat Hij krom gemaakt heeft?"
      },
      {
        "book_name": "Prediker",
        "book": 21,
        "chapter": 7,
        "verse": 14,
        "text": "Geniet het goede ten dage des voorspoeds, maar ten dage des tegenspoeds, zie toe; want God maakt ook den een tegenover den ander, ter oorzake dat de mens niet zou vinden iets, dat na hem zal zijn."
      },
      {
        "book_name": "Prediker",
        "book": 21,
        "chapter": 7,
        "verse": 15,
        "text": "Dit alles heb ik gezien in de dagen mijner ijdelheid; er is een rechtvaardige, die in zijn gerechtigheid omkomt; daarentegen is er een goddeloze, die in zijn boosheid zijn dagen verlengt."
      },
      {
        "book_name": "Prediker",
        "book": 21,
        "chapter": 7,
        "verse": 16,
        "text": "Wees niet al te rechtvaardig, noch houd uzelven al te wijs; waarom zoudt gij verwoesting over u brengen?"
      },
      {
        "book_name": "Prediker",
        "book": 21,
        "chapter": 7,
        "verse": 17,
        "text": "Wees niet al te goddeloos, noch wees al te dwaas; waarom zoudt gij sterven buiten uw tijd?"
      },
      {
        "book_name": "Prediker",
        "book": 21,
        "chapter": 7,
        "verse": 18,
        "text": "Het is goed, dat gij daaraan vasthoudt, en trek ook uw hand van dit niet af; want die God vreest, die ontgaat dat al."
      },
      {
        "book_name": "Prediker",
        "book": 21,
        "chapter": 7,
        "verse": 19,
        "text": "De wijsheid versterkt den wijze meer dan tien heerschappers, die in een stad zijn."
      },
      {
        "book_name": "Prediker",
        "book": 21,
        "chapter": 7,
        "verse": 20,
        "text": "Voorwaar, er is geen mens rechtvaardig op aarde, die goed doet, en niet zondigt."
      },
      {
        "book_name": "Prediker",
        "book": 21,
        "chapter": 7,
        "verse": 21,
        "text": "Geef ook uw hart niet tot alle woorden, die men spreekt, opdat gij niet hoort, dat uw knecht u vloekt."
      },
      {
        "book_name": "Prediker",
        "book": 21,
        "chapter": 7,
        "verse": 22,
        "text": "Want uw hart heeft ook veelmalen bekend, dat gij ook anderen gevloekt hebt."
      },
      {
        "book_name": "Prediker",
        "book": 21,
        "chapter": 7,
        "verse": 23,
        "text": "Dit alles heb ik met wijsheid verzocht; ik zeide: Ik zal wijsheid bekomen, maar zij was nog verre van mij."
      },
      {
        "book_name": "Prediker",
        "book": 21,
        "chapter": 7,
        "verse": 24,
        "text": "Hetgeen verre af is, en zeer diep, wie zal dat vinden?"
      },
      {
        "book_name": "Prediker",
        "book": 21,
        "chapter": 7,
        "verse": 25,
        "text": "Ik keerde mij om, en mijn hart, om te weten, en om na te speuren, en te zoeken wijsheid en een sluitrede; en om te weten de goddeloosheid der zotheid, en de dwaasheid der onzinnigheden."
      },
      {
        "book_name": "Prediker",
        "book": 21,
        "chapter": 7,
        "verse": 26,
        "text": "En ik vond een bitterder ding, dan de dood: een vrouw, welker hart netten en garen, en haar handen banden zijn; wie goed is voor Gods aangezicht, zal van haar ontkomen; daarentegen de zondaar zal van haar gevangen worden."
      },
      {
        "book_name": "Prediker",
        "book": 21,
        "chapter": 7,
        "verse": 27,
        "text": "Ziet, dit heb ik gevonden, zegt de prediker, het ene bij het andere, om de sluitrede te vinden;"
      },
      {
        "book_name": "Prediker",
        "book": 21,
        "chapter": 7,
        "verse": 28,
        "text": "Dewelke mijn ziel nog zoekt, maar ik heb haar niet gevonden: één man uit duizend heb ik gevonden; maar een vrouw onder die allen heb ik niet gevonden."
      },
      {
        "book_name": "Prediker",
        "book": 21,
        "chapter": 7,
        "verse": 29,
        "text": "Alleenlijk ziet, dit heb ik gevonden, dat God den mens recht gemaakt heeft, maar zij hebben veel vonden gezocht."
      }
    ],
    "8": [
      {
        "book_name": "Prediker",
        "book": 21,
        "chapter": 8,
        "verse": 1,
        "text": "1Wie is gelijk de wijze, en wie weet de uitlegging der dingen? De wijsheid des mensen verlicht zijn aangezicht, en de stuursheid zijns aangezichts wordt daardoor veranderd.  2Ik zeg: Neem acht op den mond des konings; doch naar de gelegenheid van den eed Gods.  3Haast u niet weg te gaan van zijn aangezicht; blijf niet staande in een kwade zaak; want al wat hem lust, doet hij.  4Waar het woord des konings is, daar is heerschappij; en wie zal tot hem zeggen: Wat doet gij?  5Wie het gebod onderhoudt, zal niets kwaads gewaar worden; en het hart eens wijzen zal tijd en wijze weten.  6Want een ieder voornemen heeft tijd en wijze, dewijl het kwaad des mensen veel is over hem.  7Want hij weet niet, wat er geschieden zal; want wie zal het hem te kennen geven, wanneer het geschieden zal?  8Er is geen mens, die heerschappij heeft over den geest, om den geest in te houden; en hij heeft geen heerschappij over den dag des doods; ook geen geweer in dezen strijd; ook zal de goddeloosheid haar meesters niet verlossen.  9Dit alles heb ik gezien, toen ik mijn hart begaf tot alle werk, dat onder de zon geschiedt: er is een tijd, dat de ene mens over den anderen mens heerst, hem ten kwade.  10Alzo heb ik ook gezien de goddelozen, die begraven waren, en degenen, die kwamen, en uit de plaats des Heiligen gingen, die werden vergeten in die stad, in dewelke zij recht gedaan hadden. Dit is ook ijdelheid.  11Omdat niet haastelijk het oordeel over de boze daad geschiedt, daarom is het hart van de kinderen der mensen in hen vol om kwaad te doen.  12Hoewel een zondaar honderdmaal kwaad doet, en God hem de dagen verlengt; zo weet ik toch, dat het dien zal welgaan, die God vrezen, die voor Zijn aangezicht vrezen.  13Maar den goddeloze zal het niet welgaan, en hij zal de dagen niet verlengen; hij zal zijn gelijk een schaduw, omdat hij voor Gods aangezicht niet vreest.  14Er is nog een ijdelheid, die op aarde geschiedt: dat er zijn rechtvaardigen, dien het wedervaart naar het werk der goddelozen, en er zijn goddelozen, dien het wedervaart naar het werk der rechtvaardigen. Ik zeg, dat dit ook ijdelheid is.  15Daarom prees ik de blijdschap, dewijl de mens niets beters heeft onder de zon, dan te eten, en te drinken, en blijde te zijn; want dat zal hem aankleven van zijn arbeid, de dagen zijns levens, die hem God geeft onder de zon.  16Als ik mijn hart begaf, om wijsheid te weten, en om aan te zien de bezigheid, die op de aarde geschiedt, dat men ook, des daags of des nachts, den slaap niet ziet met zijne ogen;  17Toen zag ik al het werk Gods, dat de mens niet kan uitvinden, het werk, dat onder de zon geschiedt, om hetwelk een mens arbeidt om te zoeken, maar hij zal het niet uitvinden; ja, indien ook een wijze zeide, dat hij het zou weten, zo zal hij het toch niet kunnen uitvinden."
      },
      {
        "book_name": "Prediker",
        "book": 21,
        "chapter": 8,
        "verse": 1,
        "text": "Wie is gelijk de wijze, en wie weet de uitlegging der dingen? De wijsheid des mensen verlicht zijn aangezicht, en de stuursheid zijns aangezichts wordt daardoor veranderd."
      },
      {
        "book_name": "Prediker",
        "book": 21,
        "chapter": 8,
        "verse": 2,
        "text": "Ik zeg: Neem acht op den mond des konings; doch naar de gelegenheid van den eed Gods."
      },
      {
        "book_name": "Prediker",
        "book": 21,
        "chapter": 8,
        "verse": 3,
        "text": "Haast u niet weg te gaan van zijn aangezicht; blijf niet staande in een kwade zaak; want al wat hem lust, doet hij."
      },
      {
        "book_name": "Prediker",
        "book": 21,
        "chapter": 8,
        "verse": 4,
        "text": "Waar het woord des konings is, daar is heerschappij; en wie zal tot hem zeggen: Wat doet gij?"
      },
      {
        "book_name": "Prediker",
        "book": 21,
        "chapter": 8,
        "verse": 5,
        "text": "Wie het gebod onderhoudt, zal niets kwaads gewaar worden; en het hart eens wijzen zal tijd en wijze weten."
      },
      {
        "book_name": "Prediker",
        "book": 21,
        "chapter": 8,
        "verse": 6,
        "text": "Want een ieder voornemen heeft tijd en wijze, dewijl het kwaad des mensen veel is over hem."
      },
      {
        "book_name": "Prediker",
        "book": 21,
        "chapter": 8,
        "verse": 7,
        "text": "Want hij weet niet, wat er geschieden zal; want wie zal het hem te kennen geven, wanneer het geschieden zal?"
      },
      {
        "book_name": "Prediker",
        "book": 21,
        "chapter": 8,
        "verse": 8,
        "text": "Er is geen mens, die heerschappij heeft over den geest, om den geest in te houden; en hij heeft geen heerschappij over den dag des doods; ook geen geweer in dezen strijd; ook zal de goddeloosheid haar meesters niet verlossen."
      },
      {
        "book_name": "Prediker",
        "book": 21,
        "chapter": 8,
        "verse": 9,
        "text": "Dit alles heb ik gezien, toen ik mijn hart begaf tot alle werk, dat onder de zon geschiedt: er is een tijd, dat de ene mens over den anderen mens heerst, hem ten kwade."
      },
      {
        "book_name": "Prediker",
        "book": 21,
        "chapter": 8,
        "verse": 10,
        "text": "Alzo heb ik ook gezien de goddelozen, die begraven waren, en degenen, die kwamen, en uit de plaats des Heiligen gingen, die werden vergeten in die stad, in dewelke zij recht gedaan hadden. Dit is ook ijdelheid."
      },
      {
        "book_name": "Prediker",
        "book": 21,
        "chapter": 8,
        "verse": 11,
        "text": "Omdat niet haastelijk het oordeel over de boze daad geschiedt, daarom is het hart van de kinderen der mensen in hen vol om kwaad te doen."
      },
      {
        "book_name": "Prediker",
        "book": 21,
        "chapter": 8,
        "verse": 12,
        "text": "Hoewel een zondaar honderdmaal kwaad doet, en God hem de dagen verlengt; zo weet ik toch, dat het dien zal welgaan, die God vrezen, die voor Zijn aangezicht vrezen."
      },
      {
        "book_name": "Prediker",
        "book": 21,
        "chapter": 8,
        "verse": 13,
        "text": "Maar den goddeloze zal het niet welgaan, en hij zal de dagen niet verlengen; hij zal zijn gelijk een schaduw, omdat hij voor Gods aangezicht niet vreest."
      },
      {
        "book_name": "Prediker",
        "book": 21,
        "chapter": 8,
        "verse": 14,
        "text": "Er is nog een ijdelheid, die op aarde geschiedt: dat er zijn rechtvaardigen, dien het wedervaart naar het werk der goddelozen, en er zijn goddelozen, dien het wedervaart naar het werk der rechtvaardigen. Ik zeg, dat dit ook ijdelheid is."
      },
      {
        "book_name": "Prediker",
        "book": 21,
        "chapter": 8,
        "verse": 15,
        "text": "Daarom prees ik de blijdschap, dewijl de mens niets beters heeft onder de zon, dan te eten, en te drinken, en blijde te zijn; want dat zal hem aankleven van zijn arbeid, de dagen zijns levens, die hem God geeft onder de zon."
      },
      {
        "book_name": "Prediker",
        "book": 21,
        "chapter": 8,
        "verse": 16,
        "text": "Als ik mijn hart begaf, om wijsheid te weten, en om aan te zien de bezigheid, die op de aarde geschiedt, dat men ook, des daags of des nachts, den slaap niet ziet met zijne ogen;"
      },
      {
        "book_name": "Prediker",
        "book": 21,
        "chapter": 8,
        "verse": 17,
        "text": "Toen zag ik al het werk Gods, dat de mens niet kan uitvinden, het werk, dat onder de zon geschiedt, om hetwelk een mens arbeidt om te zoeken, maar hij zal het niet uitvinden; ja, indien ook een wijze zeide, dat hij het zou weten, zo zal hij het toch niet kunnen uitvinden."
      }
    ],
    "9": [
      {
        "book_name": "Prediker",
        "book": 21,
        "chapter": 9,
        "verse": 1,
        "text": "1Zekerlijk, dit alles heb ik in mijn hart gelegd, opdat ik dit alles klaarlijk mocht verstaan, dat de rechtvaardigen, en de wijzen, en hun werken in de hand Gods zijn; ook liefde, ook haat, weet de mens niet uit al hetgeen voor zijn aangezicht is.  2Alle ding wedervaart hun, gelijk aan alle anderen; enerlei wedervaart den rechtvaardige en den goddeloze, den goede en den reine, als den onreine; zo dien, die offert, als dien, die niet offert; gelijk den goede, alzo ook den zondaar, dien, die zweert, gelijk dien, die den eed vreest.  3Dit is een kwaad onder alles, wat onder de zon geschiedt, dat enerlei ding allen wedervaart, en dat ook het hart der mensenkinderen vol boosheid is, en dat er in hun leven onzinnigheden zijn in hun hart; en daarna moeten zij naar de doden toe.  4Want voor dengene, die vergezelschapt is bij alle levenden, is er hoop; want een levende hond is beter dan een dode leeuw.  5Want de levenden weten, dat zij sterven zullen, maar de doden weten niet met al; zij hebben ook geen loon meer, maar hun gedachtenis is vergeten.  6Ook is alrede hun liefde, ook hun haat, ook hun nijdigheid vergaan; en zij hebben geen deel meer in deze eeuw in alles, wat onder de zon geschiedt.  7Ga dan heen, eet uw brood met vreugde, en drink uw wijn van goeder harte; want God heeft alrede een behagen aan uw werken.  8Laat uw klederen te allen tijd wit zijn, en laat op uw hoofd geen olie ontbreken.  9Geniet het leven met de vrouw, die gij liefhebt, al de dagen uws ijdelen levens, welke God u gegeven heeft onder de zon, al uw ijdele dagen; want dit is uw deel in dit leven, en van uw arbeid, dien gij arbeidt onder de zon.  10Alles, wat uw hand vindt om te doen, doe dat met uw macht; want er is geen werk, noch verzinning, noch wetenschap, noch wijsheid in het graf, daar gij heengaat.  11Ik keerde mij, en zag onder de zon, dat de loop niet is der snellen, noch de strijd der helden, noch ook de spijs der wijzen, noch ook de rijkdom der verstandigen, noch ook de gunst der welwetenden, maar dat tijd en toeval aan alle dezen wedervaart;  12Dat ook de mens zijn tijd niet weet, gelijk de vissen, die gevangen worden met het boze net; en gelijk de vogelen, die gevangen worden met den strik; gelijk die, alzo worden de kinderen der mensen verstrikt, ter bozer tijd, wanneer derzelve haastelijk over hen valt.  13Ook heb ik onder de zon deze wijsheid gezien, en zij was groot bij mij:  14Er was een kleine stad, en weinig lieden waren daarin; en een groot koning kwam tegen haar, en hij omsingelde ze, en hij bouwde grote vastigheden tegen haar.  15En men vond daar een armen wijzen man in, die de stad verloste door zijn wijsheid; maar geen mens gedacht denzelven armen man.  16Toen zeide ik: Wijsheid is beter dan kracht, hoewel de wijsheid des armen veracht, en zijn woorden niet waren gehoord geweest.  17De woorden der wijzen moeten in stilheid aangehoord worden, meer dan het geroep desgenen, die over de zotten heerst.  18De wijsheid is beter dan de krijgswapenen, maar een enig zondaar verderft veel goeds."
      },
      {
        "book_name": "Prediker",
        "book": 21,
        "chapter": 9,
        "verse": 1,
        "text": "Zekerlijk, dit alles heb ik in mijn hart gelegd, opdat ik dit alles klaarlijk mocht verstaan, dat de rechtvaardigen, en de wijzen, en hun werken in de hand Gods zijn; ook liefde, ook haat, weet de mens niet uit al hetgeen voor zijn aangezicht is."
      },
      {
        "book_name": "Prediker",
        "book": 21,
        "chapter": 9,
        "verse": 2,
        "text": "Alle ding wedervaart hun, gelijk aan alle anderen; enerlei wedervaart den rechtvaardige en den goddeloze, den goede en den reine, als den onreine; zo dien, die offert, als dien, die niet offert; gelijk den goede, alzo ook den zondaar, dien, die zweert, gelijk dien, die den eed vreest."
      },
      {
        "book_name": "Prediker",
        "book": 21,
        "chapter": 9,
        "verse": 3,
        "text": "Dit is een kwaad onder alles, wat onder de zon geschiedt, dat enerlei ding allen wedervaart, en dat ook het hart der mensenkinderen vol boosheid is, en dat er in hun leven onzinnigheden zijn in hun hart; en daarna moeten zij naar de doden toe."
      },
      {
        "book_name": "Prediker",
        "book": 21,
        "chapter": 9,
        "verse": 4,
        "text": "Want voor dengene, die vergezelschapt is bij alle levenden, is er hoop; want een levende hond is beter dan een dode leeuw."
      },
      {
        "book_name": "Prediker",
        "book": 21,
        "chapter": 9,
        "verse": 5,
        "text": "Want de levenden weten, dat zij sterven zullen, maar de doden weten niet met al; zij hebben ook geen loon meer, maar hun gedachtenis is vergeten."
      },
      {
        "book_name": "Prediker",
        "book": 21,
        "chapter": 9,
        "verse": 6,
        "text": "Ook is alrede hun liefde, ook hun haat, ook hun nijdigheid vergaan; en zij hebben geen deel meer in deze eeuw in alles, wat onder de zon geschiedt."
      },
      {
        "book_name": "Prediker",
        "book": 21,
        "chapter": 9,
        "verse": 7,
        "text": "Ga dan heen, eet uw brood met vreugde, en drink uw wijn van goeder harte; want God heeft alrede een behagen aan uw werken."
      },
      {
        "book_name": "Prediker",
        "book": 21,
        "chapter": 9,
        "verse": 8,
        "text": "Laat uw klederen te allen tijd wit zijn, en laat op uw hoofd geen olie ontbreken."
      },
      {
        "book_name": "Prediker",
        "book": 21,
        "chapter": 9,
        "verse": 9,
        "text": "Geniet het leven met de vrouw, die gij liefhebt, al de dagen uws ijdelen levens, welke God u gegeven heeft onder de zon, al uw ijdele dagen; want dit is uw deel in dit leven, en van uw arbeid, dien gij arbeidt onder de zon."
      },
      {
        "book_name": "Prediker",
        "book": 21,
        "chapter": 9,
        "verse": 10,
        "text": "Alles, wat uw hand vindt om te doen, doe dat met uw macht; want er is geen werk, noch verzinning, noch wetenschap, noch wijsheid in het graf, daar gij heengaat."
      },
      {
        "book_name": "Prediker",
        "book": 21,
        "chapter": 9,
        "verse": 11,
        "text": "Ik keerde mij, en zag onder de zon, dat de loop niet is der snellen, noch de strijd der helden, noch ook de spijs der wijzen, noch ook de rijkdom der verstandigen, noch ook de gunst der welwetenden, maar dat tijd en toeval aan alle dezen wedervaart;"
      },
      {
        "book_name": "Prediker",
        "book": 21,
        "chapter": 9,
        "verse": 12,
        "text": "Dat ook de mens zijn tijd niet weet, gelijk de vissen, die gevangen worden met het boze net; en gelijk de vogelen, die gevangen worden met den strik; gelijk die, alzo worden de kinderen der mensen verstrikt, ter bozer tijd, wanneer derzelve haastelijk over hen valt."
      },
      {
        "book_name": "Prediker",
        "book": 21,
        "chapter": 9,
        "verse": 13,
        "text": "Ook heb ik onder de zon deze wijsheid gezien, en zij was groot bij mij:"
      },
      {
        "book_name": "Prediker",
        "book": 21,
        "chapter": 9,
        "verse": 14,
        "text": "Er was een kleine stad, en weinig lieden waren daarin; en een groot koning kwam tegen haar, en hij omsingelde ze, en hij bouwde grote vastigheden tegen haar."
      },
      {
        "book_name": "Prediker",
        "book": 21,
        "chapter": 9,
        "verse": 15,
        "text": "En men vond daar een armen wijzen man in, die de stad verloste door zijn wijsheid; maar geen mens gedacht denzelven armen man."
      },
      {
        "book_name": "Prediker",
        "book": 21,
        "chapter": 9,
        "verse": 16,
        "text": "Toen zeide ik: Wijsheid is beter dan kracht, hoewel de wijsheid des armen veracht, en zijn woorden niet waren gehoord geweest."
      },
      {
        "book_name": "Prediker",
        "book": 21,
        "chapter": 9,
        "verse": 17,
        "text": "De woorden der wijzen moeten in stilheid aangehoord worden, meer dan het geroep desgenen, die over de zotten heerst."
      },
      {
        "book_name": "Prediker",
        "book": 21,
        "chapter": 9,
        "verse": 18,
        "text": "De wijsheid is beter dan de krijgswapenen, maar een enig zondaar verderft veel goeds."
      }
    ],
    "10": [
      {
        "book_name": "Prediker",
        "book": 21,
        "chapter": 10,
        "verse": 1,
        "text": "1Een dode vlieg doet de zalf des apothekers stinken en opwellen; alzo een weinig dwaasheid een man, die kostelijk is van wijsheid en van eer.  2Het hart des wijzen is tot zijn rechter-, maar het hart eens zots is tot zijn linkerhand.  3En ook wanneer de dwaas op den weg wandelt, zijn hart ontbreekt hem, en hij zegt tot een iegelijk, dat hij dwaas is.  4Als de geest des heersers tegen u oprijst, verlaat uw plaats niet; want het is medicijn, het stilt grote zonden.  5Er is nog een kwaad, dat ik gezien heb onder de zon, als een dwaling, die van het aangezicht des oversten voortkomt.  6Een dwaas wordt gezet in grote hoogheden, maar de rijken zitten in de laagte.  7Ik heb knechten te paard gezien, en vorsten, gaande als knechten op de aarde.  8Wie een kuil graaft, zal daarin vallen; en wie een muur doorbreekt, een slang zal hem bijten.  9Wie stenen wegdraagt, zal smart daardoor lijden; wie hout klieft, zal daardoor in gevaar zijn.  10Indien hij het ijzer heeft stomp gemaakt, en hij slijpt de snede niet, dan moet hij meerder kracht te werk stellen; maar de wijsheid is een uitnemende zaak, om iets recht te maken.  11Indien de slang gebeten heeft, eer der bezwering geschied is, dan is er geen nuttigheid voor den allerwelsprekendsten bezweerder.  12De woorden van een wijzen mond zijn aangenaam; maar de lippen van een zot verslinden hemzelven.  13Het begin der woorden zijns monds is dwaasheid, en het einde zijns monds is boze dolligheid.  14De dwaas maakt wel veel woorden; maar de mens weet niet, wat het zij, dat geschieden zal; en wat na hem geschieden zal, wie zal het hem te kennen geven?  15De arbeid der zotten maakt een iegelijk van hen moede; dewijl zij niet weten naar de stad te gaan.  16Wee u, land! welks koning een kind is, en welks vorsten tot in den morgenstond eten!  17Welgelukzalig zijt gij, land! welks koning een zoon der edelen is, en welks vorsten ter rechter tijd eten, tot sterkte en niet tot drinkerij.  18Door grote luiheid verzwakt het gebint, en door slapheid der handen wordt het huis doorlekkende.  19Men maakt maaltijden om te lachen, en de wijn verheugt de levenden, en het geld verantwoordt alles.  20Vloek den koning niet, zelfs in uw gedachte, en vloek den rijke niet in het binnenste uwer slaapkamer; want het gevogelte des hemels zou de stem wegvoeren, en het gevleugelde zou het woord te kennen geven."
      },
      {
        "book_name": "Prediker",
        "book": 21,
        "chapter": 10,
        "verse": 1,
        "text": "Een dode vlieg doet de zalf des apothekers stinken en opwellen; alzo een weinig dwaasheid een man, die kostelijk is van wijsheid en van eer."
      },
      {
        "book_name": "Prediker",
        "book": 21,
        "chapter": 10,
        "verse": 2,
        "text": "Het hart des wijzen is tot zijn rechter-, maar het hart eens zots is tot zijn linkerhand."
      },
      {
        "book_name": "Prediker",
        "book": 21,
        "chapter": 10,
        "verse": 3,
        "text": "En ook wanneer de dwaas op den weg wandelt, zijn hart ontbreekt hem, en hij zegt tot een iegelijk, dat hij dwaas is."
      },
      {
        "book_name": "Prediker",
        "book": 21,
        "chapter": 10,
        "verse": 4,
        "text": "Als de geest des heersers tegen u oprijst, verlaat uw plaats niet; want het is medicijn, het stilt grote zonden."
      },
      {
        "book_name": "Prediker",
        "book": 21,
        "chapter": 10,
        "verse": 5,
        "text": "Er is nog een kwaad, dat ik gezien heb onder de zon, als een dwaling, die van het aangezicht des oversten voortkomt."
      },
      {
        "book_name": "Prediker",
        "book": 21,
        "chapter": 10,
        "verse": 6,
        "text": "Een dwaas wordt gezet in grote hoogheden, maar de rijken zitten in de laagte."
      },
      {
        "book_name": "Prediker",
        "book": 21,
        "chapter": 10,
        "verse": 7,
        "text": "Ik heb knechten te paard gezien, en vorsten, gaande als knechten op de aarde."
      },
      {
        "book_name": "Prediker",
        "book": 21,
        "chapter": 10,
        "verse": 8,
        "text": "Wie een kuil graaft, zal daarin vallen; en wie een muur doorbreekt, een slang zal hem bijten."
      },
      {
        "book_name": "Prediker",
        "book": 21,
        "chapter": 10,
        "verse": 9,
        "text": "Wie stenen wegdraagt, zal smart daardoor lijden; wie hout klieft, zal daardoor in gevaar zijn."
      },
      {
        "book_name": "Prediker",
        "book": 21,
        "chapter": 10,
        "verse": 10,
        "text": "Indien hij het ijzer heeft stomp gemaakt, en hij slijpt de snede niet, dan moet hij meerder kracht te werk stellen; maar de wijsheid is een uitnemende zaak, om iets recht te maken."
      },
      {
        "book_name": "Prediker",
        "book": 21,
        "chapter": 10,
        "verse": 11,
        "text": "Indien de slang gebeten heeft, eer der bezwering geschied is, dan is er geen nuttigheid voor den allerwelsprekendsten bezweerder."
      },
      {
        "book_name": "Prediker",
        "book": 21,
        "chapter": 10,
        "verse": 12,
        "text": "De woorden van een wijzen mond zijn aangenaam; maar de lippen van een zot verslinden hemzelven."
      },
      {
        "book_name": "Prediker",
        "book": 21,
        "chapter": 10,
        "verse": 13,
        "text": "Het begin der woorden zijns monds is dwaasheid, en het einde zijns monds is boze dolligheid."
      },
      {
        "book_name": "Prediker",
        "book": 21,
        "chapter": 10,
        "verse": 14,
        "text": "De dwaas maakt wel veel woorden; maar de mens weet niet, wat het zij, dat geschieden zal; en wat na hem geschieden zal, wie zal het hem te kennen geven?"
      },
      {
        "book_name": "Prediker",
        "book": 21,
        "chapter": 10,
        "verse": 15,
        "text": "De arbeid der zotten maakt een iegelijk van hen moede; dewijl zij niet weten naar de stad te gaan."
      },
      {
        "book_name": "Prediker",
        "book": 21,
        "chapter": 10,
        "verse": 16,
        "text": "Wee u, land! welks koning een kind is, en welks vorsten tot in den morgenstond eten!"
      },
      {
        "book_name": "Prediker",
        "book": 21,
        "chapter": 10,
        "verse": 17,
        "text": "Welgelukzalig zijt gij, land! welks koning een zoon der edelen is, en welks vorsten ter rechter tijd eten, tot sterkte en niet tot drinkerij."
      },
      {
        "book_name": "Prediker",
        "book": 21,
        "chapter": 10,
        "verse": 18,
        "text": "Door grote luiheid verzwakt het gebint, en door slapheid der handen wordt het huis doorlekkende."
      },
      {
        "book_name": "Prediker",
        "book": 21,
        "chapter": 10,
        "verse": 19,
        "text": "Men maakt maaltijden om te lachen, en de wijn verheugt de levenden, en het geld verantwoordt alles."
      },
      {
        "book_name": "Prediker",
        "book": 21,
        "chapter": 10,
        "verse": 20,
        "text": "Vloek den koning niet, zelfs in uw gedachte, en vloek den rijke niet in het binnenste uwer slaapkamer; want het gevogelte des hemels zou de stem wegvoeren, en het gevleugelde zou het woord te kennen geven."
      }
    ],
    "11": [
      {
        "book_name": "Prediker",
        "book": 21,
        "chapter": 11,
        "verse": 1,
        "text": "1Werp uw brood uit op het water, want gij zult het vinden na vele dagen.  2Geef een deel aan zeven, ja, ook aan acht; want gij weet niet, wat kwaad op de aarde wezen zal.  3Als de wolken vol geworden zijn, zo storten zij plasregen uit op de aarde; en als de boom naar het zuiden, of als hij naar het noorden valt, in de plaats, waar de boom valt, daar zal hij wezen.  4Wie op den wind acht geeft, die zal niet zaaien, en wie op de wolken ziet, die zal niet maaien.  5Gelijk gij niet weet, welke de weg des winds zij, of hoedanig de beenderen zijn in den buik van een zwangere vrouw, alzo weet gij het werk Gods niet, Die het alles maakt.  6Zaai uw zaad in den morgenstond, en trek uw hand des avonds niet af; want gij weet niet, wat recht wezen zal, of dit of dat, of dat die beide te zamen goed zijn zullen.  7Verder, het licht is zoet, en het is den ogen goed de zon te aanschouwen;  8Maar indien de mens veel jaren leeft, en verblijdt zich in die allen, zo laat hem ook gedenken aan de dagen der duisternis, want die zullen veel zijn; en al wat gekomen is, is ijdelheid.  9Verblijd u, o jongeling! in uw jeugd, en laat uw hart zich vermaken in de dagen uwer jongelingschap, en wandel in de wegen uws harten, en in de aanschouwingen uwer ogen; maar weet, dat God, om al deze dingen, u zal doen komen voor het gericht.  10Zo doe dan de toornigheid wijken van uw hart, en doe het kwade weg van uw vlees, want de jeugd, en de jonkheid is ijdelheid."
      },
      {
        "book_name": "Prediker",
        "book": 21,
        "chapter": 11,
        "verse": 1,
        "text": "Werp uw brood uit op het water, want gij zult het vinden na vele dagen."
      },
      {
        "book_name": "Prediker",
        "book": 21,
        "chapter": 11,
        "verse": 2,
        "text": "Geef een deel aan zeven, ja, ook aan acht; want gij weet niet, wat kwaad op de aarde wezen zal."
      },
      {
        "book_name": "Prediker",
        "book": 21,
        "chapter": 11,
        "verse": 3,
        "text": "Als de wolken vol geworden zijn, zo storten zij plasregen uit op de aarde; en als de boom naar het zuiden, of als hij naar het noorden valt, in de plaats, waar de boom valt, daar zal hij wezen."
      },
      {
        "book_name": "Prediker",
        "book": 21,
        "chapter": 11,
        "verse": 4,
        "text": "Wie op den wind acht geeft, die zal niet zaaien, en wie op de wolken ziet, die zal niet maaien."
      },
      {
        "book_name": "Prediker",
        "book": 21,
        "chapter": 11,
        "verse": 5,
        "text": "Gelijk gij niet weet, welke de weg des winds zij, of hoedanig de beenderen zijn in den buik van een zwangere vrouw, alzo weet gij het werk Gods niet, Die het alles maakt."
      },
      {
        "book_name": "Prediker",
        "book": 21,
        "chapter": 11,
        "verse": 6,
        "text": "Zaai uw zaad in den morgenstond, en trek uw hand des avonds niet af; want gij weet niet, wat recht wezen zal, of dit of dat, of dat die beide te zamen goed zijn zullen."
      },
      {
        "book_name": "Prediker",
        "book": 21,
        "chapter": 11,
        "verse": 7,
        "text": "Verder, het licht is zoet, en het is den ogen goed de zon te aanschouwen;"
      },
      {
        "book_name": "Prediker",
        "book": 21,
        "chapter": 11,
        "verse": 8,
        "text": "Maar indien de mens veel jaren leeft, en verblijdt zich in die allen, zo laat hem ook gedenken aan de dagen der duisternis, want die zullen veel zijn; en al wat gekomen is, is ijdelheid."
      },
      {
        "book_name": "Prediker",
        "book": 21,
        "chapter": 11,
        "verse": 9,
        "text": "Verblijd u, o jongeling! in uw jeugd, en laat uw hart zich vermaken in de dagen uwer jongelingschap, en wandel in de wegen uws harten, en in de aanschouwingen uwer ogen; maar weet, dat God, om al deze dingen, u zal doen komen voor het gericht."
      },
      {
        "book_name": "Prediker",
        "book": 21,
        "chapter": 11,
        "verse": 10,
        "text": "Zo doe dan de toornigheid wijken van uw hart, en doe het kwade weg van uw vlees, want de jeugd, en de jonkheid is ijdelheid."
      }
    ],
    "12": [
      {
        "book_name": "Prediker",
        "book": 21,
        "chapter": 12,
        "verse": 1,
        "text": "1En gedenk aan uw Schepper in de dagen uwer jongelingschap, eer dat de kwade dagen komen, en de jaren naderen, van dewelke gij zeggen zult: Ik heb geen lust in dezelve.  2Eer dan de zon, en het licht, en de maan, en de sterren verduisterd worden, en de wolken wederkomen na den regen.  3In den dag, wanneer de wachters des huizes zullen beven, en de sterke mannen zichzelven zullen krommen, en de maalsters zullen stilstaan, omdat zij minder geworden zijn, en die door de vensteren zien, verduisterd zullen worden;  4En de twee deuren naar de straat zullen gesloten worden, als er is een nederig geluid der maling, en hij opstaat op de stem van het vogeltje, en al de zangeressen nedergebogen zullen worden.  5Ook wanneer zij voor de hoogte zullen vrezen, en dat er verschrikkingen zullen zijn op den weg, en de amandelboom zal bloeien, en dat de sprinkhaan zichzelven een last zal wezen, en dat de lust zal vergaan; want de mens gaat naar zijn eeuwig huis, en de rouwklagers zullen in de straat omgaan.  6Eer dat het zilveren koord ontketend wordt, en de gulden schaal in stukken gestoten wordt, en de kruik aan de springader gebroken wordt, en het rad aan den bornput in stukken gestoten wordt;  7En dat het stof wederom tot aarde keert, als het geweest is; en de geest weder tot God keert, Die hem gegeven heeft.  8IJdelheid der ijdelheden, zegt de prediker; het is al ijdelheid!  9En voorts, dewijl de prediker wijs geweest is, zo leerde hij het volk nog wetenschap, en merkte op, en onderzocht; hij stelde vele spreuken in orde.  10De prediker zocht aangename woorden uit te vinden, en het geschrevene is recht, woorden der waarheid.  11De woorden der wijzen zijn gelijk prikkelen, en gelijk nagelen, diep ingeslagen van de meesters der verzamelingen, die gegeven zijn van den enigen Herder.  12En wat boven dezelve is, mijn zoon! wees gewaarschuwd; van vele boeken te maken is geen einde, en veel lezens is vermoeiing des vleses.  13Van alles, wat gehoord is, is het einde van de zaak: Vrees God, en houd Zijn geboden, want dit betaamt allen mensen.  14Want God zal ieder werk in het gericht brengen, met al wat verborgen is, hetzij goed, of hetzij kwaad."
      },
      {
        "book_name": "Prediker",
        "book": 21,
        "chapter": 12,
        "verse": 1,
        "text": "En gedenk aan uw Schepper in de dagen uwer jongelingschap, eer dat de kwade dagen komen, en de jaren naderen, van dewelke gij zeggen zult: Ik heb geen lust in dezelve."
      },
      {
        "book_name": "Prediker",
        "book": 21,
        "chapter": 12,
        "verse": 2,
        "text": "Eer dan de zon, en het licht, en de maan, en de sterren verduisterd worden, en de wolken wederkomen na den regen."
      },
      {
        "book_name": "Prediker",
        "book": 21,
        "chapter": 12,
        "verse": 3,
        "text": "In den dag, wanneer de wachters des huizes zullen beven, en de sterke mannen zichzelven zullen krommen, en de maalsters zullen stilstaan, omdat zij minder geworden zijn, en die door de vensteren zien, verduisterd zullen worden;"
      },
      {
        "book_name": "Prediker",
        "book": 21,
        "chapter": 12,
        "verse": 4,
        "text": "En de twee deuren naar de straat zullen gesloten worden, als er is een nederig geluid der maling, en hij opstaat op de stem van het vogeltje, en al de zangeressen nedergebogen zullen worden."
      },
      {
        "book_name": "Prediker",
        "book": 21,
        "chapter": 12,
        "verse": 5,
        "text": "Ook wanneer zij voor de hoogte zullen vrezen, en dat er verschrikkingen zullen zijn op den weg, en de amandelboom zal bloeien, en dat de sprinkhaan zichzelven een last zal wezen, en dat de lust zal vergaan; want de mens gaat naar zijn eeuwig huis, en de rouwklagers zullen in de straat omgaan."
      },
      {
        "book_name": "Prediker",
        "book": 21,
        "chapter": 12,
        "verse": 6,
        "text": "Eer dat het zilveren koord ontketend wordt, en de gulden schaal in stukken gestoten wordt, en de kruik aan de springader gebroken wordt, en het rad aan den bornput in stukken gestoten wordt;"
      },
      {
        "book_name": "Prediker",
        "book": 21,
        "chapter": 12,
        "verse": 7,
        "text": "En dat het stof wederom tot aarde keert, als het geweest is; en de geest weder tot God keert, Die hem gegeven heeft."
      },
      {
        "book_name": "Prediker",
        "book": 21,
        "chapter": 12,
        "verse": 8,
        "text": "IJdelheid der ijdelheden, zegt de prediker; het is al ijdelheid!"
      },
      {
        "book_name": "Prediker",
        "book": 21,
        "chapter": 12,
        "verse": 9,
        "text": "En voorts, dewijl de prediker wijs geweest is, zo leerde hij het volk nog wetenschap, en merkte op, en onderzocht; hij stelde vele spreuken in orde."
      },
      {
        "book_name": "Prediker",
        "book": 21,
        "chapter": 12,
        "verse": 10,
        "text": "De prediker zocht aangename woorden uit te vinden, en het geschrevene is recht, woorden der waarheid."
      },
      {
        "book_name": "Prediker",
        "book": 21,
        "chapter": 12,
        "verse": 11,
        "text": "De woorden der wijzen zijn gelijk prikkelen, en gelijk nagelen, diep ingeslagen van de meesters der verzamelingen, die gegeven zijn van den enigen Herder."
      },
      {
        "book_name": "Prediker",
        "book": 21,
        "chapter": 12,
        "verse": 12,
        "text": "En wat boven dezelve is, mijn zoon! wees gewaarschuwd; van vele boeken te maken is geen einde, en veel lezens is vermoeiing des vleses."
      },
      {
        "book_name": "Prediker",
        "book": 21,
        "chapter": 12,
        "verse": 13,
        "text": "Van alles, wat gehoord is, is het einde van de zaak: Vrees God, en houd Zijn geboden, want dit betaamt allen mensen."
      },
      {
        "book_name": "Prediker",
        "book": 21,
        "chapter": 12,
        "verse": 14,
        "text": "Want God zal ieder werk in het gericht brengen, met al wat verborgen is, hetzij goed, of hetzij kwaad."
      }
    ]
  }
}