{
  "source": "bible.com",
  "version": "Statenvertaling (1750)",
  "book": "Efeziers",
  "chapters": {
    "1": [
      {
        "book_name": "Efeziers",
        "book": 49,
        "chapter": 1,
        "verse": 1,
        "text": "1Paulus, een apostel van Jezus Christus, door den wil van God, aan de heiligen, die te Efeze zijn, en gelovigen in Christus Jezus:  2Genade zij u en vrede van God, onzen Vader, en den Heere Jezus Christus.  3Gezegend zij de God en Vader van onzen Heere Jezus Christus, Die ons gezegend heeft met alle geestelijke zegening in den hemel in Christus.  4Gelijk Hij ons uitverkoren heeft in Hem, voor de grondlegging der wereld, opdat wij zouden heilig en onberispelijk zijn voor Hem in de liefde;  5Die ons te voren verordineerd heeft tot aanneming tot kinderen, door Jezus Christus, in Zichzelven, naar het welbehagen van Zijn wil.  6Tot prijs der heerlijkheid Zijner genade, door welke Hij ons begenadigd heeft in den Geliefde;  7In Welken wij hebben de verlossing door Zijn bloed, namelijk de vergeving der misdaden, naar den rijkdom Zijner genade,  8Met welke Hij overvloedig is geweest over ons in alle wijsheid en voorzichtigheid;  9Ons bekend gemaakt hebbende de verborgenheid van Zijn wil, naar Zijn welbehagen, hetwelk Hij voorgenomen had in Zichzelven.  10Om in de bedeling van de volheid der tijden, wederom alles tot een te vergaderen in Christus, beide dat in den hemel is, en dat op de aarde is;  11In Hem, in Welken wij ook een erfdeel geworden zijn, wij, die te voren verordineerd waren naar het voornemen Desgenen, Die alle dingen werkt naar den raad van Zijn wil;  12Opdat wij zouden zijn tot prijs Zijner heerlijkheid, wij, die eerst in Christus gehoopt hebben.  13In Welken ook gij zijt, nadat gij het Woord der waarheid, namelijk het Evangelie uwer zaligheid gehoord hebt; in Welken gij ook, nadat gij geloofd hebt, zijt verzegeld geworden met den Heiligen Geest der belofte;  14Die het onderpand is van onze erfenis, tot de verkregene verlossing, tot prijs Zijner heerlijkheid.  15Daarom ook ik, gehoord hebbende het geloof in den Heere Jezus, dat onder u is, en de liefde tot al de heiligen,  16Houde niet op voor u te danken, gedenkende uwer in mijn gebeden;  17Opdat de God van onzen Heere Jezus Christus, de Vader der heerlijkheid, u geve den Geest der wijsheid en der openbaring in Zijn kennis;  18  Namelijk verlichte ogen uws verstands, opdat gij moogt weten, welke zij de hoop van Zijn roeping, en welke de rijkdom zij der heerlijkheid van Zijn erfenis in de heiligen;  19En welke de uitnemende grootheid Zijner kracht zij aan ons, die geloven, naar de werking der sterkte Zijner macht,  20Die Hij gewrocht heeft in Christus, als Hij Hem uit de doden heeft opgewekt; en heeft Hem gezet tot Zijn rechterhand in den hemel;  21Verre boven alle overheid, en macht, en kracht, en heerschappij, en allen naam, die genaamd wordt, niet alleen in deze wereld, maar ook in de toekomende;  22En heeft alle dingen Zijn voeten onderworpen, en heeft Hem der Gemeente gegeven tot een Hoofd boven alle dingen;  23Welke Zijn lichaam is, en de vervulling Desgenen, Die alles in allen vervult."
      },
      {
        "book_name": "Efeziers",
        "book": 49,
        "chapter": 1,
        "verse": 1,
        "text": "Paulus, een apostel van Jezus Christus, door den wil van God, aan de heiligen, die te Efeze zijn, en gelovigen in Christus Jezus:"
      },
      {
        "book_name": "Efeziers",
        "book": 49,
        "chapter": 1,
        "verse": 2,
        "text": "Genade zij u en vrede van God, onzen Vader, en den Heere Jezus Christus."
      },
      {
        "book_name": "Efeziers",
        "book": 49,
        "chapter": 1,
        "verse": 3,
        "text": "Gezegend zij de God en Vader van onzen Heere Jezus Christus, Die ons gezegend heeft met alle geestelijke zegening in den hemel in Christus."
      },
      {
        "book_name": "Efeziers",
        "book": 49,
        "chapter": 1,
        "verse": 4,
        "text": "Gelijk Hij ons uitverkoren heeft in Hem, voor de grondlegging der wereld, opdat wij zouden heilig en onberispelijk zijn voor Hem in de liefde;"
      },
      {
        "book_name": "Efeziers",
        "book": 49,
        "chapter": 1,
        "verse": 5,
        "text": "Die ons te voren verordineerd heeft tot aanneming tot kinderen, door Jezus Christus, in Zichzelven, naar het welbehagen van Zijn wil."
      },
      {
        "book_name": "Efeziers",
        "book": 49,
        "chapter": 1,
        "verse": 6,
        "text": "Tot prijs der heerlijkheid Zijner genade, door welke Hij ons begenadigd heeft in den Geliefde;"
      },
      {
        "book_name": "Efeziers",
        "book": 49,
        "chapter": 1,
        "verse": 7,
        "text": "In Welken wij hebben de verlossing door Zijn bloed, namelijk de vergeving der misdaden, naar den rijkdom Zijner genade,"
      },
      {
        "book_name": "Efeziers",
        "book": 49,
        "chapter": 1,
        "verse": 8,
        "text": "Met welke Hij overvloedig is geweest over ons in alle wijsheid en voorzichtigheid;"
      },
      {
        "book_name": "Efeziers",
        "book": 49,
        "chapter": 1,
        "verse": 9,
        "text": "Ons bekend gemaakt hebbende de verborgenheid van Zijn wil, naar Zijn welbehagen, hetwelk Hij voorgenomen had in Zichzelven."
      },
      {
        "book_name": "Efeziers",
        "book": 49,
        "chapter": 1,
        "verse": 10,
        "text": "Om in de bedeling van de volheid der tijden, wederom alles tot een te vergaderen in Christus, beide dat in den hemel is, en dat op de aarde is;"
      },
      {
        "book_name": "Efeziers",
        "book": 49,
        "chapter": 1,
        "verse": 11,
        "text": "In Hem, in Welken wij ook een erfdeel geworden zijn, wij, die te voren verordineerd waren naar het voornemen Desgenen, Die alle dingen werkt naar den raad van Zijn wil;"
      },
      {
        "book_name": "Efeziers",
        "book": 49,
        "chapter": 1,
        "verse": 12,
        "text": "Opdat wij zouden zijn tot prijs Zijner heerlijkheid, wij, die eerst in Christus gehoopt hebben."
      },
      {
        "book_name": "Efeziers",
        "book": 49,
        "chapter": 1,
        "verse": 13,
        "text": "In Welken ook gij zijt, nadat gij het Woord der waarheid, namelijk het Evangelie uwer zaligheid gehoord hebt; in Welken gij ook, nadat gij geloofd hebt, zijt verzegeld geworden met den Heiligen Geest der belofte;"
      },
      {
        "book_name": "Efeziers",
        "book": 49,
        "chapter": 1,
        "verse": 14,
        "text": "Die het onderpand is van onze erfenis, tot de verkregene verlossing, tot prijs Zijner heerlijkheid."
      },
      {
        "book_name": "Efeziers",
        "book": 49,
        "chapter": 1,
        "verse": 15,
        "text": "Daarom ook ik, gehoord hebbende het geloof in den Heere Jezus, dat onder u is, en de liefde tot al de heiligen,"
      },
      {
        "book_name": "Efeziers",
        "book": 49,
        "chapter": 1,
        "verse": 16,
        "text": "Houde niet op voor u te danken, gedenkende uwer in mijn gebeden;"
      },
      {
        "book_name": "Efeziers",
        "book": 49,
        "chapter": 1,
        "verse": 17,
        "text": "Opdat de God van onzen Heere Jezus Christus, de Vader der heerlijkheid, u geve den Geest der wijsheid en der openbaring in Zijn kennis;"
      },
      {
        "book_name": "Efeziers",
        "book": 49,
        "chapter": 1,
        "verse": 18,
        "text": "Namelijk verlichte ogen uws verstands, opdat gij moogt weten, welke zij de hoop van Zijn roeping, en welke de rijkdom zij der heerlijkheid van Zijn erfenis in de heiligen;"
      },
      {
        "book_name": "Efeziers",
        "book": 49,
        "chapter": 1,
        "verse": 19,
        "text": "En welke de uitnemende grootheid Zijner kracht zij aan ons, die geloven, naar de werking der sterkte Zijner macht,"
      },
      {
        "book_name": "Efeziers",
        "book": 49,
        "chapter": 1,
        "verse": 20,
        "text": "Die Hij gewrocht heeft in Christus, als Hij Hem uit de doden heeft opgewekt; en heeft Hem gezet tot Zijn rechterhand in den hemel;"
      },
      {
        "book_name": "Efeziers",
        "book": 49,
        "chapter": 1,
        "verse": 21,
        "text": "Verre boven alle overheid, en macht, en kracht, en heerschappij, en allen naam, die genaamd wordt, niet alleen in deze wereld, maar ook in de toekomende;"
      },
      {
        "book_name": "Efeziers",
        "book": 49,
        "chapter": 1,
        "verse": 22,
        "text": "En heeft alle dingen Zijn voeten onderworpen, en heeft Hem der Gemeente gegeven tot een Hoofd boven alle dingen;"
      },
      {
        "book_name": "Efeziers",
        "book": 49,
        "chapter": 1,
        "verse": 23,
        "text": "Welke Zijn lichaam is, en de vervulling Desgenen, Die alles in allen vervult."
      }
    ],
    "2": [
      {
        "book_name": "Efeziers",
        "book": 49,
        "chapter": 2,
        "verse": 1,
        "text": "1En u heeft Hij mede levend gemaakt, daar gij dood waart door de misdaden en de zonden;  2In welke gij eertijds gewandeld hebt, naar de eeuw dezer wereld, naar den overste van de macht der lucht, van den geest, die nu werkt in de kinderen der ongehoorzaamheid;  3Onder dewelke ook wij allen eertijds verkeerd hebben in de begeerlijkheden onzes vleses, doende den wil des vleses en der gedachten; en wij waren van nature kinderen des toorns, gelijk ook de anderen;  4Maar God, Die rijk is in barmhartigheid door Zijn grote liefde, waarmede Hij ons liefgehad heeft,  5Ook toen wij dood waren door de misdaden, heeft ons levend gemaakt met Christus; (uit genade zijt gij zalig geworden)  6En heeft ons mede opgewekt, en heeft ons mede gezet in den hemel in Christus Jezus;  7Opdat Hij zou betonen in de toekomende eeuwen den uitnemenden rijkdom Zijner genade, door de goedertierenheid over ons in Christus Jezus.  8Want uit genade zijt gij zalig geworden door het geloof; en dat niet uit u, het is Gods gave;  9Niet uit de werken, opdat niemand roeme.  10Want wij zijn Zijn maaksel, geschapen in Christus Jezus tot goede werken, welke God voorbereid heeft, opdat wij in dezelve zouden wandelen.  11Daarom gedenkt, dat gij, die eertijds heidenen waart in het vlees, en die voorhuid genaamd werdt van degenen, die genaamd zijn besnijdenis in het vlees, die met handen geschiedt;  12Dat gij in dien tijd waart zonder Christus, vervreemd van het burgerschap Israëls, en vreemdelingen van de verbonden der belofte, geen hoop hebbende, en zonder God in de wereld.  13Maar nu in Christus Jezus, zijt gij, die eertijds verre waart, nabij geworden door het bloed van Christus.  14Want Hij is onze vrede, Die deze beiden één gemaakt heeft, en den middelmuur des afscheidsels gebroken hebbende,  15Heeft Hij de vijandschap in Zijn vlees te niet gemaakt, namelijk de wet der geboden in inzettingen bestaande; opdat Hij die twee in Zichzelven tot een nieuwen mens zou scheppen, vrede makende;  16En opdat Hij die beiden met God in één lichaam zou verzoenen door het kruis, de vijandschap aan hetzelve gedood hebbende.  17En komende, heeft Hij door het Evangelie vrede verkondigd u, die verre waart, en dien, die nabij waren.  18Want door Hem hebben wij beiden den toegang door één Geest tot den Vader.  19Zo zijt gij dan niet meer vreemdelingen en bijwoners, maar medeburgers der heiligen, en huisgenoten Gods;  20Gebouwd op het fondament der apostelen en profeten, waarvan Jezus Christus is de uiterste Hoeksteen;  21Op Welken het gehele gebouw, bekwamelijk samengevoegd zijnde, opwast tot een heiligen tempel in den Heere;  22Op Welken ook gij mede gebouwd wordt tot een woonstede Gods in den Geest."
      },
      {
        "book_name": "Efeziers",
        "book": 49,
        "chapter": 2,
        "verse": 1,
        "text": "En u heeft Hij mede levend gemaakt, daar gij dood waart door de misdaden en de zonden;"
      },
      {
        "book_name": "Efeziers",
        "book": 49,
        "chapter": 2,
        "verse": 2,
        "text": "In welke gij eertijds gewandeld hebt, naar de eeuw dezer wereld, naar den overste van de macht der lucht, van den geest, die nu werkt in de kinderen der ongehoorzaamheid;"
      },
      {
        "book_name": "Efeziers",
        "book": 49,
        "chapter": 2,
        "verse": 3,
        "text": "Onder dewelke ook wij allen eertijds verkeerd hebben in de begeerlijkheden onzes vleses, doende den wil des vleses en der gedachten; en wij waren van nature kinderen des toorns, gelijk ook de anderen;"
      },
      {
        "book_name": "Efeziers",
        "book": 49,
        "chapter": 2,
        "verse": 4,
        "text": "Maar God, Die rijk is in barmhartigheid door Zijn grote liefde, waarmede Hij ons liefgehad heeft,"
      },
      {
        "book_name": "Efeziers",
        "book": 49,
        "chapter": 2,
        "verse": 5,
        "text": "Ook toen wij dood waren door de misdaden, heeft ons levend gemaakt met Christus; (uit genade zijt gij zalig geworden)"
      },
      {
        "book_name": "Efeziers",
        "book": 49,
        "chapter": 2,
        "verse": 6,
        "text": "En heeft ons mede opgewekt, en heeft ons mede gezet in den hemel in Christus Jezus;"
      },
      {
        "book_name": "Efeziers",
        "book": 49,
        "chapter": 2,
        "verse": 7,
        "text": "Opdat Hij zou betonen in de toekomende eeuwen den uitnemenden rijkdom Zijner genade, door de goedertierenheid over ons in Christus Jezus."
      },
      {
        "book_name": "Efeziers",
        "book": 49,
        "chapter": 2,
        "verse": 8,
        "text": "Want uit genade zijt gij zalig geworden door het geloof; en dat niet uit u, het is Gods gave;"
      },
      {
        "book_name": "Efeziers",
        "book": 49,
        "chapter": 2,
        "verse": 9,
        "text": "Niet uit de werken, opdat niemand roeme."
      },
      {
        "book_name": "Efeziers",
        "book": 49,
        "chapter": 2,
        "verse": 10,
        "text": "Want wij zijn Zijn maaksel, geschapen in Christus Jezus tot goede werken, welke God voorbereid heeft, opdat wij in dezelve zouden wandelen."
      },
      {
        "book_name": "Efeziers",
        "book": 49,
        "chapter": 2,
        "verse": 11,
        "text": "Daarom gedenkt, dat gij, die eertijds heidenen waart in het vlees, en die voorhuid genaamd werdt van degenen, die genaamd zijn besnijdenis in het vlees, die met handen geschiedt;"
      },
      {
        "book_name": "Efeziers",
        "book": 49,
        "chapter": 2,
        "verse": 12,
        "text": "Dat gij in dien tijd waart zonder Christus, vervreemd van het burgerschap Israëls, en vreemdelingen van de verbonden der belofte, geen hoop hebbende, en zonder God in de wereld."
      },
      {
        "book_name": "Efeziers",
        "book": 49,
        "chapter": 2,
        "verse": 13,
        "text": "Maar nu in Christus Jezus, zijt gij, die eertijds verre waart, nabij geworden door het bloed van Christus."
      },
      {
        "book_name": "Efeziers",
        "book": 49,
        "chapter": 2,
        "verse": 14,
        "text": "Want Hij is onze vrede, Die deze beiden één gemaakt heeft, en den middelmuur des afscheidsels gebroken hebbende,"
      },
      {
        "book_name": "Efeziers",
        "book": 49,
        "chapter": 2,
        "verse": 15,
        "text": "Heeft Hij de vijandschap in Zijn vlees te niet gemaakt, namelijk de wet der geboden in inzettingen bestaande; opdat Hij die twee in Zichzelven tot een nieuwen mens zou scheppen, vrede makende;"
      },
      {
        "book_name": "Efeziers",
        "book": 49,
        "chapter": 2,
        "verse": 16,
        "text": "En opdat Hij die beiden met God in één lichaam zou verzoenen door het kruis, de vijandschap aan hetzelve gedood hebbende."
      },
      {
        "book_name": "Efeziers",
        "book": 49,
        "chapter": 2,
        "verse": 17,
        "text": "En komende, heeft Hij door het Evangelie vrede verkondigd u, die verre waart, en dien, die nabij waren."
      },
      {
        "book_name": "Efeziers",
        "book": 49,
        "chapter": 2,
        "verse": 18,
        "text": "Want door Hem hebben wij beiden den toegang door één Geest tot den Vader."
      },
      {
        "book_name": "Efeziers",
        "book": 49,
        "chapter": 2,
        "verse": 19,
        "text": "Zo zijt gij dan niet meer vreemdelingen en bijwoners, maar medeburgers der heiligen, en huisgenoten Gods;"
      },
      {
        "book_name": "Efeziers",
        "book": 49,
        "chapter": 2,
        "verse": 20,
        "text": "Gebouwd op het fondament der apostelen en profeten, waarvan Jezus Christus is de uiterste Hoeksteen;"
      },
      {
        "book_name": "Efeziers",
        "book": 49,
        "chapter": 2,
        "verse": 21,
        "text": "Op Welken het gehele gebouw, bekwamelijk samengevoegd zijnde, opwast tot een heiligen tempel in den Heere;"
      },
      {
        "book_name": "Efeziers",
        "book": 49,
        "chapter": 2,
        "verse": 22,
        "text": "Op Welken ook gij mede gebouwd wordt tot een woonstede Gods in den Geest."
      }
    ],
    "3": [
      {
        "book_name": "Efeziers",
        "book": 49,
        "chapter": 3,
        "verse": 1,
        "text": "1Om deze oorzaak ben ik Paulus de gevangene van Christus Jezus, voor u, die heidenen zijt.  2Indien gij maar gehoord hebt van de bedeling der genade Gods, die mij gegeven is aan u;  3Dat Hij mij door openbaring heeft bekend gemaakt deze verborgenheid, (gelijk ik met weinige woorden te voren geschreven heb;  4Waaraan gij, dit lezende, kunt bemerken mijn wetenschap, in deze verborgenheid van Christus),  5Welke in andere eeuwen den kinderen der mensen niet is bekend gemaakt, gelijk zij nu is geopenbaard aan Zijn heilige apostelen en profeten, door den Geest;  6  Namelijk dat de heidenen zijn mede-erfgenamen, en van hetzelfde lichaam, en mededeelgenoten Zijner belofte in Christus, door het Evangelie;  7Waarvan ik een dienaar geworden ben, naar de gave der genade Gods, die mij gegeven is, naar de werking Zijner kracht.  8Mij, den allerminste van al de heiligen, is deze genade gegeven, om onder de heidenen door het Evangelie te verkondigen den onnaspeurlijken rijkdom van Christus,  9En allen te verlichten, dat zij mogen verstaan, welke de gemeenschap der verborgenheid zij, die van alle eeuwen verborgen is geweest in God, Welke alle dingen geschapen heeft door Jezus Christus;  10Opdat nu, door de Gemeente, bekend gemaakt worde aan de overheden en de machten in den hemel de veelvuldige wijsheid Gods;  11Naar het eeuwig voornemen, dat Hij gemaakt heeft in Christus Jezus, onzen Heere;  12In Denwelken wij hebben de vrijmoedigheid, en den toegang met vertrouwen, door het geloof aan Hem.  13Daarom bid ik, dat gij niet vertraagt in mijn verdrukkingen voor u, hetwelke is uw heerlijkheid.  14Om deze oorzaak buig ik mijn knieën tot den Vader van onzen Heere Jezus Christus,  15Uit Welken al het geslacht in de hemelen en op de aarde genoemd wordt,  16Opdat Hij u geve, naar den rijkdom Zijner heerlijkheid, met kracht versterkt te worden door Zijn Geest in den inwendigen mens;  17Opdat Christus door het geloof in uw harten wone, en gij in de liefde geworteld en gegrond zijt;  18Opdat gij ten volle kondet begrijpen met al de heiligen, welke de breedte, en lengte, en diepte, en hoogte zij,  19En bekennen de liefde van Christus, die de kennis te boven gaat, opdat gij vervuld wordt tot al de volheid Gods.  20Hem nu, Die machtig is meer dan overvloediglijk te doen, boven al wat wij bidden of denken, naar de kracht, die in ons werkt,  21Hem, zeg ik, zij de heerlijkheid in de Gemeente, door Christus Jezus, in alle geslachten, tot alle eeuwigheid. Amen."
      },
      {
        "book_name": "Efeziers",
        "book": 49,
        "chapter": 3,
        "verse": 1,
        "text": "Om deze oorzaak ben ik Paulus de gevangene van Christus Jezus, voor u, die heidenen zijt."
      },
      {
        "book_name": "Efeziers",
        "book": 49,
        "chapter": 3,
        "verse": 2,
        "text": "Indien gij maar gehoord hebt van de bedeling der genade Gods, die mij gegeven is aan u;"
      },
      {
        "book_name": "Efeziers",
        "book": 49,
        "chapter": 3,
        "verse": 3,
        "text": "Dat Hij mij door openbaring heeft bekend gemaakt deze verborgenheid, (gelijk ik met weinige woorden te voren geschreven heb;"
      },
      {
        "book_name": "Efeziers",
        "book": 49,
        "chapter": 3,
        "verse": 4,
        "text": "Waaraan gij, dit lezende, kunt bemerken mijn wetenschap, in deze verborgenheid van Christus),"
      },
      {
        "book_name": "Efeziers",
        "book": 49,
        "chapter": 3,
        "verse": 5,
        "text": "Welke in andere eeuwen den kinderen der mensen niet is bekend gemaakt, gelijk zij nu is geopenbaard aan Zijn heilige apostelen en profeten, door den Geest;"
      },
      {
        "book_name": "Efeziers",
        "book": 49,
        "chapter": 3,
        "verse": 6,
        "text": "Namelijk dat de heidenen zijn mede-erfgenamen, en van hetzelfde lichaam, en mededeelgenoten Zijner belofte in Christus, door het Evangelie;"
      },
      {
        "book_name": "Efeziers",
        "book": 49,
        "chapter": 3,
        "verse": 7,
        "text": "Waarvan ik een dienaar geworden ben, naar de gave der genade Gods, die mij gegeven is, naar de werking Zijner kracht."
      },
      {
        "book_name": "Efeziers",
        "book": 49,
        "chapter": 3,
        "verse": 8,
        "text": "Mij, den allerminste van al de heiligen, is deze genade gegeven, om onder de heidenen door het Evangelie te verkondigen den onnaspeurlijken rijkdom van Christus,"
      },
      {
        "book_name": "Efeziers",
        "book": 49,
        "chapter": 3,
        "verse": 9,
        "text": "En allen te verlichten, dat zij mogen verstaan, welke de gemeenschap der verborgenheid zij, die van alle eeuwen verborgen is geweest in God, Welke alle dingen geschapen heeft door Jezus Christus;"
      },
      {
        "book_name": "Efeziers",
        "book": 49,
        "chapter": 3,
        "verse": 10,
        "text": "Opdat nu, door de Gemeente, bekend gemaakt worde aan de overheden en de machten in den hemel de veelvuldige wijsheid Gods;"
      },
      {
        "book_name": "Efeziers",
        "book": 49,
        "chapter": 3,
        "verse": 11,
        "text": "Naar het eeuwig voornemen, dat Hij gemaakt heeft in Christus Jezus, onzen Heere;"
      },
      {
        "book_name": "Efeziers",
        "book": 49,
        "chapter": 3,
        "verse": 12,
        "text": "In Denwelken wij hebben de vrijmoedigheid, en den toegang met vertrouwen, door het geloof aan Hem."
      },
      {
        "book_name": "Efeziers",
        "book": 49,
        "chapter": 3,
        "verse": 13,
        "text": "Daarom bid ik, dat gij niet vertraagt in mijn verdrukkingen voor u, hetwelke is uw heerlijkheid."
      },
      {
        "book_name": "Efeziers",
        "book": 49,
        "chapter": 3,
        "verse": 14,
        "text": "Om deze oorzaak buig ik mijn knieën tot den Vader van onzen Heere Jezus Christus,"
      },
      {
        "book_name": "Efeziers",
        "book": 49,
        "chapter": 3,
        "verse": 15,
        "text": "Uit Welken al het geslacht in de hemelen en op de aarde genoemd wordt,"
      },
      {
        "book_name": "Efeziers",
        "book": 49,
        "chapter": 3,
        "verse": 16,
        "text": "Opdat Hij u geve, naar den rijkdom Zijner heerlijkheid, met kracht versterkt te worden door Zijn Geest in den inwendigen mens;"
      },
      {
        "book_name": "Efeziers",
        "book": 49,
        "chapter": 3,
        "verse": 17,
        "text": "Opdat Christus door het geloof in uw harten wone, en gij in de liefde geworteld en gegrond zijt;"
      },
      {
        "book_name": "Efeziers",
        "book": 49,
        "chapter": 3,
        "verse": 18,
        "text": "Opdat gij ten volle kondet begrijpen met al de heiligen, welke de breedte, en lengte, en diepte, en hoogte zij,"
      },
      {
        "book_name": "Efeziers",
        "book": 49,
        "chapter": 3,
        "verse": 19,
        "text": "En bekennen de liefde van Christus, die de kennis te boven gaat, opdat gij vervuld wordt tot al de volheid Gods."
      },
      {
        "book_name": "Efeziers",
        "book": 49,
        "chapter": 3,
        "verse": 20,
        "text": "Hem nu, Die machtig is meer dan overvloediglijk te doen, boven al wat wij bidden of denken, naar de kracht, die in ons werkt,"
      },
      {
        "book_name": "Efeziers",
        "book": 49,
        "chapter": 3,
        "verse": 21,
        "text": "Hem, zeg ik, zij de heerlijkheid in de Gemeente, door Christus Jezus, in alle geslachten, tot alle eeuwigheid. Amen."
      }
    ],
    "4": [
      {
        "book_name": "Efeziers",
        "book": 49,
        "chapter": 4,
        "verse": 1,
        "text": "1Zo bid ik u dan, ik, de gevangene in den Heere, dat gij wandelt waardiglijk der roeping, met welke gij geroepen zijt;  2Met alle ootmoedigheid en zachtmoedigheid, met lankmoedigheid, verdragende elkander in liefde;  3U benaarstigende te behouden de enigheid des Geestes door den band des vredes.  4Eén lichaam is het, en één Geest, gelijkerwijs gij ook geroepen zijt tot één hoop uwer roeping;  5Eén Heere, één geloof, één doop,  6Eén God en Vader van allen, Die daar is boven allen, en door allen, en in u allen.  7Maar aan elkeen van ons is de genade gegeven, naar de maat der gave van Christus.  8Daarom zegt Hij: Als Hij opgevaren is in de hoogte, heeft Hij de gevangenis gevangen genomen, en heeft den mensen gaven gegeven.  9Nu dit: Hij is opgevaren; wat is het, dan dat Hij ook eerst is nedergedaald in de nederste delen der aarde?  10Die nedergedaald is, is Dezelfde ook, Die opgevaren is verre boven al de hemelen, opdat Hij alle dingen vervullen zou.  11En Dezelfde heeft gegeven sommigen tot apostelen, en sommigen tot profeten, en sommigen tot evangelisten, en sommigen tot herders en leraars;  12Tot de volmaking der heiligen, tot het werk der bediening, tot opbouwing des lichaams van Christus;  13Totdat wij allen zullen komen tot de enigheid des geloofs en der kennis van den Zoon Gods, tot een volkomen man, tot de mate van de grootte der volheid van Christus;  14Opdat wij niet meer kinderen zouden zijn, die als de vloed bewogen en omgevoerd worden met allen wind der leer, door de bedriegerij der mensen, door arglistigheid, om listiglijk tot dwaling te brengen;  15Maar de waarheid betrachtende in liefde, alleszins zouden opwassen in Hem, Die het Hoofd is, namelijk Christus;  16Uit Welken het gehele lichaam bekwamelijk samengevoegd en samen vastgemaakt zijnde, door alle voegselen der toebrenging, naar de werking van een iegelijk deel in zijn maat, den wasdom des lichaams bekomt, tot zijns zelfs opbouwing in de liefde.  17Ik zeg dan dit, en betuig het in den Heere, dat gij niet meer wandelt, gelijk als de andere heidenen wandelen in de ijdelheid huns gemoeds.  18Verduisterd in het verstand, vervreemd zijnde van het leven Gods, door de onwetendheid, die in hen is, door de verharding huns harten;  19Welke, ongevoelig geworden zijnde, zichzelven hebben overgegeven tot ontuchtigheid, om alle onreinigheid gieriglijk te bedrijven.  20Doch gij hebt Christus alzo niet geleerd;  21Indien gij naar Hem gehoord hebt, en door Hem geleerd zijt, gelijk de waarheid in Jezus is;  22  Te weten dat gij zoudt afleggen, aangaande de vorige wandeling, den ouden mens, die verdorven wordt door de begeerlijkheden der verleiding;  23En dat gij zoudt vernieuwd worden in den geest uws gemoeds,  24En den nieuwen mens aandoen, die naar God geschapen is in ware rechtvaardigheid en heiligheid.  25Daarom legt af de leugen, en spreekt de waarheid, een iegelijk met zijn naaste; want wij zijn elkanders leden.  26Wordt toornig, en zondigt niet; de zon ga niet onder over uw toornigheid;  27En geeft den duivel geen plaats.  28Die gestolen heeft, stele niet meer, maar arbeide liever, werkende dat goed is met de handen, opdat hij hebbe mede te delen dengene, die nood heeft.  29Geen vuile rede ga uit uw mond, maar zo er enige goede rede is tot nuttige stichting, opdat zij genade geve dien, die dezelve horen.  30En bedroeft den Heiligen Geest Gods niet, door Welken gij verzegeld zijt tot den dag der verlossing.  31Alle bitterheid, en toornigheid, en gramschap, en geroep, en lastering zij van u geweerd, met alle boosheid;  32Maar zijt jegens elkander goedertieren, barmhartig, vergevende elkander, gelijkerwijs ook God in Christus ulieden vergeven heeft."
      },
      {
        "book_name": "Efeziers",
        "book": 49,
        "chapter": 4,
        "verse": 1,
        "text": "Zo bid ik u dan, ik, de gevangene in den Heere, dat gij wandelt waardiglijk der roeping, met welke gij geroepen zijt;"
      },
      {
        "book_name": "Efeziers",
        "book": 49,
        "chapter": 4,
        "verse": 2,
        "text": "Met alle ootmoedigheid en zachtmoedigheid, met lankmoedigheid, verdragende elkander in liefde;"
      },
      {
        "book_name": "Efeziers",
        "book": 49,
        "chapter": 4,
        "verse": 3,
        "text": "U benaarstigende te behouden de enigheid des Geestes door den band des vredes."
      },
      {
        "book_name": "Efeziers",
        "book": 49,
        "chapter": 4,
        "verse": 4,
        "text": "Eén lichaam is het, en één Geest, gelijkerwijs gij ook geroepen zijt tot één hoop uwer roeping;"
      },
      {
        "book_name": "Efeziers",
        "book": 49,
        "chapter": 4,
        "verse": 5,
        "text": "Eén Heere, één geloof, één doop,"
      },
      {
        "book_name": "Efeziers",
        "book": 49,
        "chapter": 4,
        "verse": 6,
        "text": "Eén God en Vader van allen, Die daar is boven allen, en door allen, en in u allen."
      },
      {
        "book_name": "Efeziers",
        "book": 49,
        "chapter": 4,
        "verse": 7,
        "text": "Maar aan elkeen van ons is de genade gegeven, naar de maat der gave van Christus."
      },
      {
        "book_name": "Efeziers",
        "book": 49,
        "chapter": 4,
        "verse": 8,
        "text": "Daarom zegt Hij: Als Hij opgevaren is in de hoogte, heeft Hij de gevangenis gevangen genomen, en heeft den mensen gaven gegeven."
      },
      {
        "book_name": "Efeziers",
        "book": 49,
        "chapter": 4,
        "verse": 9,
        "text": "Nu dit: Hij is opgevaren; wat is het, dan dat Hij ook eerst is nedergedaald in de nederste delen der aarde?"
      },
      {
        "book_name": "Efeziers",
        "book": 49,
        "chapter": 4,
        "verse": 10,
        "text": "Die nedergedaald is, is Dezelfde ook, Die opgevaren is verre boven al de hemelen, opdat Hij alle dingen vervullen zou."
      },
      {
        "book_name": "Efeziers",
        "book": 49,
        "chapter": 4,
        "verse": 11,
        "text": "En Dezelfde heeft gegeven sommigen tot apostelen, en sommigen tot profeten, en sommigen tot evangelisten, en sommigen tot herders en leraars;"
      },
      {
        "book_name": "Efeziers",
        "book": 49,
        "chapter": 4,
        "verse": 12,
        "text": "Tot de volmaking der heiligen, tot het werk der bediening, tot opbouwing des lichaams van Christus;"
      },
      {
        "book_name": "Efeziers",
        "book": 49,
        "chapter": 4,
        "verse": 13,
        "text": "Totdat wij allen zullen komen tot de enigheid des geloofs en der kennis van den Zoon Gods, tot een volkomen man, tot de mate van de grootte der volheid van Christus;"
      },
      {
        "book_name": "Efeziers",
        "book": 49,
        "chapter": 4,
        "verse": 14,
        "text": "Opdat wij niet meer kinderen zouden zijn, die als de vloed bewogen en omgevoerd worden met allen wind der leer, door de bedriegerij der mensen, door arglistigheid, om listiglijk tot dwaling te brengen;"
      },
      {
        "book_name": "Efeziers",
        "book": 49,
        "chapter": 4,
        "verse": 15,
        "text": "Maar de waarheid betrachtende in liefde, alleszins zouden opwassen in Hem, Die het Hoofd is, namelijk Christus;"
      },
      {
        "book_name": "Efeziers",
        "book": 49,
        "chapter": 4,
        "verse": 16,
        "text": "Uit Welken het gehele lichaam bekwamelijk samengevoegd en samen vastgemaakt zijnde, door alle voegselen der toebrenging, naar de werking van een iegelijk deel in zijn maat, den wasdom des lichaams bekomt, tot zijns zelfs opbouwing in de liefde."
      },
      {
        "book_name": "Efeziers",
        "book": 49,
        "chapter": 4,
        "verse": 17,
        "text": "Ik zeg dan dit, en betuig het in den Heere, dat gij niet meer wandelt, gelijk als de andere heidenen wandelen in de ijdelheid huns gemoeds."
      },
      {
        "book_name": "Efeziers",
        "book": 49,
        "chapter": 4,
        "verse": 18,
        "text": "Verduisterd in het verstand, vervreemd zijnde van het leven Gods, door de onwetendheid, die in hen is, door de verharding huns harten;"
      },
      {
        "book_name": "Efeziers",
        "book": 49,
        "chapter": 4,
        "verse": 19,
        "text": "Welke, ongevoelig geworden zijnde, zichzelven hebben overgegeven tot ontuchtigheid, om alle onreinigheid gieriglijk te bedrijven."
      },
      {
        "book_name": "Efeziers",
        "book": 49,
        "chapter": 4,
        "verse": 20,
        "text": "Doch gij hebt Christus alzo niet geleerd;"
      },
      {
        "book_name": "Efeziers",
        "book": 49,
        "chapter": 4,
        "verse": 21,
        "text": "Indien gij naar Hem gehoord hebt, en door Hem geleerd zijt, gelijk de waarheid in Jezus is;"
      },
      {
        "book_name": "Efeziers",
        "book": 49,
        "chapter": 4,
        "verse": 22,
        "text": "Te weten dat gij zoudt afleggen, aangaande de vorige wandeling, den ouden mens, die verdorven wordt door de begeerlijkheden der verleiding;"
      },
      {
        "book_name": "Efeziers",
        "book": 49,
        "chapter": 4,
        "verse": 23,
        "text": "En dat gij zoudt vernieuwd worden in den geest uws gemoeds,"
      },
      {
        "book_name": "Efeziers",
        "book": 49,
        "chapter": 4,
        "verse": 24,
        "text": "En den nieuwen mens aandoen, die naar God geschapen is in ware rechtvaardigheid en heiligheid."
      },
      {
        "book_name": "Efeziers",
        "book": 49,
        "chapter": 4,
        "verse": 25,
        "text": "Daarom legt af de leugen, en spreekt de waarheid, een iegelijk met zijn naaste; want wij zijn elkanders leden."
      },
      {
        "book_name": "Efeziers",
        "book": 49,
        "chapter": 4,
        "verse": 26,
        "text": "Wordt toornig, en zondigt niet; de zon ga niet onder over uw toornigheid;"
      },
      {
        "book_name": "Efeziers",
        "book": 49,
        "chapter": 4,
        "verse": 27,
        "text": "En geeft den duivel geen plaats."
      },
      {
        "book_name": "Efeziers",
        "book": 49,
        "chapter": 4,
        "verse": 28,
        "text": "Die gestolen heeft, stele niet meer, maar arbeide liever, werkende dat goed is met de handen, opdat hij hebbe mede te delen dengene, die nood heeft."
      },
      {
        "book_name": "Efeziers",
        "book": 49,
        "chapter": 4,
        "verse": 29,
        "text": "Geen vuile rede ga uit uw mond, maar zo er enige goede rede is tot nuttige stichting, opdat zij genade geve dien, die dezelve horen."
      },
      {
        "book_name": "Efeziers",
        "book": 49,
        "chapter": 4,
        "verse": 30,
        "text": "En bedroeft den Heiligen Geest Gods niet, door Welken gij verzegeld zijt tot den dag der verlossing."
      },
      {
        "book_name": "Efeziers",
        "book": 49,
        "chapter": 4,
        "verse": 31,
        "text": "Alle bitterheid, en toornigheid, en gramschap, en geroep, en lastering zij van u geweerd, met alle boosheid;"
      },
      {
        "book_name": "Efeziers",
        "book": 49,
        "chapter": 4,
        "verse": 32,
        "text": "Maar zijt jegens elkander goedertieren, barmhartig, vergevende elkander, gelijkerwijs ook God in Christus ulieden vergeven heeft."
      }
    ],
    "5": [
      {
        "book_name": "Efeziers",
        "book": 49,
        "chapter": 5,
        "verse": 1,
        "text": "1Zijt dan navolgers Gods, als geliefde kinderen;  2En wandelt in de liefde, gelijkerwijs ook Christus ons liefgehad heeft, en Zichzelven voor ons heeft overgegeven tot een offerande en een slachtoffer, Gode tot een welriekenden reuk.  3Maar hoererij en alle onreinigheid, of gierigheid, laat ook onder u niet genoemd worden, gelijkerwijs het den heiligen betaamt,  4Noch oneerbaarheid, noch zot geklap, of gekkernij, welke niet betamen; maar veelmeer dankzegging.  5Want dit weet gij, dat geen hoereerder, of onreine, of gierigaard, die een afgodendienaar is, erfenis heeft in het Koninkrijk van Christus en van God.  6Dat u niemand verleide met ijdele woorden; want om deze dingen komt de toorn Gods over de kinderen der ongehoorzaamheid.  7Zo zijt dan hun medegenoten niet.  8Want gij waart eertijds duisternis, maar nu zijt gij licht in den Heere; wandelt als kinderen des lichts.  9(Want de vrucht des Geestes is in alle goedigheid, en rechtvaardigheid, en waarheid),  10Beproevende wat den Heere welbehagelijk zij.  11En hebt geen gemeenschap met de onvruchtbare werken der duisternis, maar bestraft ze ook veeleer.  12Want hetgeen heimelijk van hen geschiedt, is schandelijk ook te zeggen.  13Maar al deze dingen, van het licht bestraft zijnde, worden openbaar; want al wat openbaar maakt, is licht.  14Daarom zegt Hij: Ontwaakt, gij, die slaapt, en staat op uit de doden; en Christus zal over u lichten.  15Ziet dan, hoe gij voorzichtiglijk wandelt, niet als onwijzen, maar als wijzen.  16Den tijd uitkopende, dewijl de dagen boos zijn.  17Daarom zijt niet onverstandig, maar verstaat, welke de wil des Heeren zij.  18En wordt niet dronken in wijn, waarin overdaad is, maar wordt vervuld met den Geest;  19Sprekende onder elkander met psalmen, en lofzangen, en geestelijke liederen, zingende en psalmende den Heere in uw hart;  20Dankende te allen tijd over alle dingen God en den Vader, in den Naam van onzen Heere Jezus Christus;  21Elkander onderdanig zijnde in de vreze Gods.  22Gij vrouwen, weest aan uw eigen mannen onderdanig, gelijk aan den Heere;  23Want de man is het hoofd der vrouw, gelijk ook Christus het Hoofd der Gemeente is; en Hij is de Behouder des lichaams.  24Daarom, gelijk de Gemeente aan Christus onderdanig is, alzo ook de vrouwen aan haar eigen mannen in alles.  25Gij mannen, hebt uw eigen vrouwen lief, gelijk ook Christus de Gemeente liefgehad heeft, en Zichzelven voor haar heeft overgegeven;  26Opdat Hij haar heiligen zou, haar gereinigd hebbende met het bad des waters door het Woord;  27Opdat Hij haar Zichzelven heerlijk zou voorstellen, een Gemeente, die geen vlek of rimpel heeft, of iets dergelijks, maar dat zij zou heilig zijn en onberispelijk.  28Alzo zijn de mannen schuldig hun eigen vrouwen lief te hebben, gelijk hun eigen lichamen. Die zijn eigen vrouw liefheeft, die heeft zichzelven lief.  29Want niemand heeft ooit zijn eigen vlees gehaat, maar hij voedt het, en onderhoudt het, gelijkerwijs ook de Heere de Gemeente.  30Want wij zijn leden Zijns lichaams, van Zijn vlees en van Zijn benen.  31Daarom zal een mens zijn vader en moeder verlaten, en zal zijn vrouw aanhangen; en zij twee zullen tot één vlees wezen.  32Deze verborgenheid is groot; doch ik zeg dit, ziende op Christus en op de Gemeente.  33Zo dan ook gijlieden, elk in het bijzonder, een iegelijk hebbe zijn eigen vrouw, alzo lief als zichzelven; en de vrouw zie, dat zij den man vreze."
      },
      {
        "book_name": "Efeziers",
        "book": 49,
        "chapter": 5,
        "verse": 1,
        "text": "Zijt dan navolgers Gods, als geliefde kinderen;"
      },
      {
        "book_name": "Efeziers",
        "book": 49,
        "chapter": 5,
        "verse": 2,
        "text": "En wandelt in de liefde, gelijkerwijs ook Christus ons liefgehad heeft, en Zichzelven voor ons heeft overgegeven tot een offerande en een slachtoffer, Gode tot een welriekenden reuk."
      },
      {
        "book_name": "Efeziers",
        "book": 49,
        "chapter": 5,
        "verse": 3,
        "text": "Maar hoererij en alle onreinigheid, of gierigheid, laat ook onder u niet genoemd worden, gelijkerwijs het den heiligen betaamt,"
      },
      {
        "book_name": "Efeziers",
        "book": 49,
        "chapter": 5,
        "verse": 4,
        "text": "Noch oneerbaarheid, noch zot geklap, of gekkernij, welke niet betamen; maar veelmeer dankzegging."
      },
      {
        "book_name": "Efeziers",
        "book": 49,
        "chapter": 5,
        "verse": 5,
        "text": "Want dit weet gij, dat geen hoereerder, of onreine, of gierigaard, die een afgodendienaar is, erfenis heeft in het Koninkrijk van Christus en van God."
      },
      {
        "book_name": "Efeziers",
        "book": 49,
        "chapter": 5,
        "verse": 6,
        "text": "Dat u niemand verleide met ijdele woorden; want om deze dingen komt de toorn Gods over de kinderen der ongehoorzaamheid."
      },
      {
        "book_name": "Efeziers",
        "book": 49,
        "chapter": 5,
        "verse": 7,
        "text": "Zo zijt dan hun medegenoten niet."
      },
      {
        "book_name": "Efeziers",
        "book": 49,
        "chapter": 5,
        "verse": 8,
        "text": "Want gij waart eertijds duisternis, maar nu zijt gij licht in den Heere; wandelt als kinderen des lichts."
      },
      {
        "book_name": "Efeziers",
        "book": 49,
        "chapter": 5,
        "verse": 9,
        "text": "(Want de vrucht des Geestes is in alle goedigheid, en rechtvaardigheid, en waarheid),"
      },
      {
        "book_name": "Efeziers",
        "book": 49,
        "chapter": 5,
        "verse": 10,
        "text": "Beproevende wat den Heere welbehagelijk zij."
      },
      {
        "book_name": "Efeziers",
        "book": 49,
        "chapter": 5,
        "verse": 11,
        "text": "En hebt geen gemeenschap met de onvruchtbare werken der duisternis, maar bestraft ze ook veeleer."
      },
      {
        "book_name": "Efeziers",
        "book": 49,
        "chapter": 5,
        "verse": 12,
        "text": "Want hetgeen heimelijk van hen geschiedt, is schandelijk ook te zeggen."
      },
      {
        "book_name": "Efeziers",
        "book": 49,
        "chapter": 5,
        "verse": 13,
        "text": "Maar al deze dingen, van het licht bestraft zijnde, worden openbaar; want al wat openbaar maakt, is licht."
      },
      {
        "book_name": "Efeziers",
        "book": 49,
        "chapter": 5,
        "verse": 14,
        "text": "Daarom zegt Hij: Ontwaakt, gij, die slaapt, en staat op uit de doden; en Christus zal over u lichten."
      },
      {
        "book_name": "Efeziers",
        "book": 49,
        "chapter": 5,
        "verse": 15,
        "text": "Ziet dan, hoe gij voorzichtiglijk wandelt, niet als onwijzen, maar als wijzen."
      },
      {
        "book_name": "Efeziers",
        "book": 49,
        "chapter": 5,
        "verse": 16,
        "text": "Den tijd uitkopende, dewijl de dagen boos zijn."
      },
      {
        "book_name": "Efeziers",
        "book": 49,
        "chapter": 5,
        "verse": 17,
        "text": "Daarom zijt niet onverstandig, maar verstaat, welke de wil des Heeren zij."
      },
      {
        "book_name": "Efeziers",
        "book": 49,
        "chapter": 5,
        "verse": 18,
        "text": "En wordt niet dronken in wijn, waarin overdaad is, maar wordt vervuld met den Geest;"
      },
      {
        "book_name": "Efeziers",
        "book": 49,
        "chapter": 5,
        "verse": 19,
        "text": "Sprekende onder elkander met psalmen, en lofzangen, en geestelijke liederen, zingende en psalmende den Heere in uw hart;"
      },
      {
        "book_name": "Efeziers",
        "book": 49,
        "chapter": 5,
        "verse": 20,
        "text": "Dankende te allen tijd over alle dingen God en den Vader, in den Naam van onzen Heere Jezus Christus;"
      },
      {
        "book_name": "Efeziers",
        "book": 49,
        "chapter": 5,
        "verse": 21,
        "text": "Elkander onderdanig zijnde in de vreze Gods."
      },
      {
        "book_name": "Efeziers",
        "book": 49,
        "chapter": 5,
        "verse": 22,
        "text": "Gij vrouwen, weest aan uw eigen mannen onderdanig, gelijk aan den Heere;"
      },
      {
        "book_name": "Efeziers",
        "book": 49,
        "chapter": 5,
        "verse": 23,
        "text": "Want de man is het hoofd der vrouw, gelijk ook Christus het Hoofd der Gemeente is; en Hij is de Behouder des lichaams."
      },
      {
        "book_name": "Efeziers",
        "book": 49,
        "chapter": 5,
        "verse": 24,
        "text": "Daarom, gelijk de Gemeente aan Christus onderdanig is, alzo ook de vrouwen aan haar eigen mannen in alles."
      },
      {
        "book_name": "Efeziers",
        "book": 49,
        "chapter": 5,
        "verse": 25,
        "text": "Gij mannen, hebt uw eigen vrouwen lief, gelijk ook Christus de Gemeente liefgehad heeft, en Zichzelven voor haar heeft overgegeven;"
      },
      {
        "book_name": "Efeziers",
        "book": 49,
        "chapter": 5,
        "verse": 26,
        "text": "Opdat Hij haar heiligen zou, haar gereinigd hebbende met het bad des waters door het Woord;"
      },
      {
        "book_name": "Efeziers",
        "book": 49,
        "chapter": 5,
        "verse": 27,
        "text": "Opdat Hij haar Zichzelven heerlijk zou voorstellen, een Gemeente, die geen vlek of rimpel heeft, of iets dergelijks, maar dat zij zou heilig zijn en onberispelijk."
      },
      {
        "book_name": "Efeziers",
        "book": 49,
        "chapter": 5,
        "verse": 28,
        "text": "Alzo zijn de mannen schuldig hun eigen vrouwen lief te hebben, gelijk hun eigen lichamen. Die zijn eigen vrouw liefheeft, die heeft zichzelven lief."
      },
      {
        "book_name": "Efeziers",
        "book": 49,
        "chapter": 5,
        "verse": 29,
        "text": "Want niemand heeft ooit zijn eigen vlees gehaat, maar hij voedt het, en onderhoudt het, gelijkerwijs ook de Heere de Gemeente."
      },
      {
        "book_name": "Efeziers",
        "book": 49,
        "chapter": 5,
        "verse": 30,
        "text": "Want wij zijn leden Zijns lichaams, van Zijn vlees en van Zijn benen."
      },
      {
        "book_name": "Efeziers",
        "book": 49,
        "chapter": 5,
        "verse": 31,
        "text": "Daarom zal een mens zijn vader en moeder verlaten, en zal zijn vrouw aanhangen; en zij twee zullen tot één vlees wezen."
      },
      {
        "book_name": "Efeziers",
        "book": 49,
        "chapter": 5,
        "verse": 32,
        "text": "Deze verborgenheid is groot; doch ik zeg dit, ziende op Christus en op de Gemeente."
      },
      {
        "book_name": "Efeziers",
        "book": 49,
        "chapter": 5,
        "verse": 33,
        "text": "Zo dan ook gijlieden, elk in het bijzonder, een iegelijk hebbe zijn eigen vrouw, alzo lief als zichzelven; en de vrouw zie, dat zij den man vreze."
      }
    ],
    "6": [
      {
        "book_name": "Efeziers",
        "book": 49,
        "chapter": 6,
        "verse": 1,
        "text": "1Gij kinderen, zijt uw ouderen gehoorzaam in den Heere; want dat is recht.  2Eert uw vader en moeder (hetwelk het eerste gebod is met een belofte),  3Opdat het u welga, en dat gij lang leeft op de aarde.  4En gij vaders, verwekt uw kinderen niet tot toorn, maar voedt hen op in de lering en vermaning des Heeren.  5Gij dienstknechten, zijt gehoorzaam uw heren naar het vlees, met vreze en beven, in eenvoudigheid uws harten, gelijk als aan Christus;  6Niet naar ogendienst, als mensenbehagers, maar als dienstknechten van Christus, doende den wil van God van harte;  7Dienende met goedwilligheid den Heere, en niet de mensen;  8Wetende, dat zo wat goed een iegelijk gedaan zal hebben, hij datzelve van den Heere zal ontvangen, hetzij dienstknecht, hetzij vrije.  9En gij heren, doet hetzelfde bij hen, nalatende de dreiging; als die weet, dat ook uw eigen Heere in de hemelen is, en dat geen aanneming des persoons bij Hem is.  10Voorts, mijn broeders, wordt krachtig in den Heere, en in de sterkte Zijner macht.  11Doet aan de gehele wapenrusting Gods, opdat gij kunt staan tegen de listige omleidingen des duivels.  12Want wij hebben den strijd niet tegen vlees en bloed, maar tegen de overheden, tegen de machten, tegen de geweldhebbers der wereld, der duisternis dezer eeuw, tegen de geestelijke boosheden in de lucht.  13Daarom neemt aan de gehele wapenrusting Gods, opdat gij kunt wederstaan in den bozen dag, en alles verricht hebbende, staande blijven.  14Staat dan, uw lenden omgord hebbende met de waarheid, en aangedaan hebbende het borstwapen der gerechtigheid;  15En de voeten geschoeid hebbende met bereidheid van het Evangelie des vredes;  16Bovenal aangenomen hebbende het schild des geloofs, met hetwelk gij al de vurige pijlen des bozen zult kunnen uitblussen.  17En neemt den helm der zaligheid, en het zwaard des Geestes, hetwelk is Gods Woord.  18Met alle bidding en smeking, biddende te allen tijd in den Geest, en tot hetzelve wakende met alle gedurigheid en smeking voor al de heiligen;  19En voor mij, opdat mij het woord gegeven worde in de opening mijns monds met vrijmoedigheid, om de verborgenheid van het Evangelie bekend te maken;  20Waarover ik een gezant ben in een keten, opdat ik in hetzelve vrijmoediglijk moge spreken, gelijk mij betaamt te spreken.  21En opdat ook gij moogt weten hetgeen mij aangaat; en wat ik doe, dat alles zal u Tychikus, de geliefde broeder en getrouwe dienaar in den Heere, bekend maken;  22Denwelken ik tot datzelfde einde tot u gezonden heb, opdat gij onze zaken zoudt weten, en hij uw harten zou vertroosten.  23Vrede zij den broederen, en liefde met geloof, van God den Vader, en den Heere Jezus Christus.  24De genade zij met al degenen, die onzen Heere Jezus Christus liefhebben in onverderfelijkheid. Amen. «Vanuit Rome aan de Efeziërs geschreven, door bemiddeling van Tychikus.»"
      },
      {
        "book_name": "Efeziers",
        "book": 49,
        "chapter": 6,
        "verse": 1,
        "text": "Gij kinderen, zijt uw ouderen gehoorzaam in den Heere; want dat is recht."
      },
      {
        "book_name": "Efeziers",
        "book": 49,
        "chapter": 6,
        "verse": 2,
        "text": "Eert uw vader en moeder (hetwelk het eerste gebod is met een belofte),"
      },
      {
        "book_name": "Efeziers",
        "book": 49,
        "chapter": 6,
        "verse": 3,
        "text": "Opdat het u welga, en dat gij lang leeft op de aarde."
      },
      {
        "book_name": "Efeziers",
        "book": 49,
        "chapter": 6,
        "verse": 4,
        "text": "En gij vaders, verwekt uw kinderen niet tot toorn, maar voedt hen op in de lering en vermaning des Heeren."
      },
      {
        "book_name": "Efeziers",
        "book": 49,
        "chapter": 6,
        "verse": 5,
        "text": "Gij dienstknechten, zijt gehoorzaam uw heren naar het vlees, met vreze en beven, in eenvoudigheid uws harten, gelijk als aan Christus;"
      },
      {
        "book_name": "Efeziers",
        "book": 49,
        "chapter": 6,
        "verse": 6,
        "text": "Niet naar ogendienst, als mensenbehagers, maar als dienstknechten van Christus, doende den wil van God van harte;"
      },
      {
        "book_name": "Efeziers",
        "book": 49,
        "chapter": 6,
        "verse": 7,
        "text": "Dienende met goedwilligheid den Heere, en niet de mensen;"
      },
      {
        "book_name": "Efeziers",
        "book": 49,
        "chapter": 6,
        "verse": 8,
        "text": "Wetende, dat zo wat goed een iegelijk gedaan zal hebben, hij datzelve van den Heere zal ontvangen, hetzij dienstknecht, hetzij vrije."
      },
      {
        "book_name": "Efeziers",
        "book": 49,
        "chapter": 6,
        "verse": 9,
        "text": "En gij heren, doet hetzelfde bij hen, nalatende de dreiging; als die weet, dat ook uw eigen Heere in de hemelen is, en dat geen aanneming des persoons bij Hem is."
      },
      {
        "book_name": "Efeziers",
        "book": 49,
        "chapter": 6,
        "verse": 10,
        "text": "Voorts, mijn broeders, wordt krachtig in den Heere, en in de sterkte Zijner macht."
      },
      {
        "book_name": "Efeziers",
        "book": 49,
        "chapter": 6,
        "verse": 11,
        "text": "Doet aan de gehele wapenrusting Gods, opdat gij kunt staan tegen de listige omleidingen des duivels."
      },
      {
        "book_name": "Efeziers",
        "book": 49,
        "chapter": 6,
        "verse": 12,
        "text": "Want wij hebben den strijd niet tegen vlees en bloed, maar tegen de overheden, tegen de machten, tegen de geweldhebbers der wereld, der duisternis dezer eeuw, tegen de geestelijke boosheden in de lucht."
      },
      {
        "book_name": "Efeziers",
        "book": 49,
        "chapter": 6,
        "verse": 13,
        "text": "Daarom neemt aan de gehele wapenrusting Gods, opdat gij kunt wederstaan in den bozen dag, en alles verricht hebbende, staande blijven."
      },
      {
        "book_name": "Efeziers",
        "book": 49,
        "chapter": 6,
        "verse": 14,
        "text": "Staat dan, uw lenden omgord hebbende met de waarheid, en aangedaan hebbende het borstwapen der gerechtigheid;"
      },
      {
        "book_name": "Efeziers",
        "book": 49,
        "chapter": 6,
        "verse": 15,
        "text": "En de voeten geschoeid hebbende met bereidheid van het Evangelie des vredes;"
      },
      {
        "book_name": "Efeziers",
        "book": 49,
        "chapter": 6,
        "verse": 16,
        "text": "Bovenal aangenomen hebbende het schild des geloofs, met hetwelk gij al de vurige pijlen des bozen zult kunnen uitblussen."
      },
      {
        "book_name": "Efeziers",
        "book": 49,
        "chapter": 6,
        "verse": 17,
        "text": "En neemt den helm der zaligheid, en het zwaard des Geestes, hetwelk is Gods Woord."
      },
      {
        "book_name": "Efeziers",
        "book": 49,
        "chapter": 6,
        "verse": 18,
        "text": "Met alle bidding en smeking, biddende te allen tijd in den Geest, en tot hetzelve wakende met alle gedurigheid en smeking voor al de heiligen;"
      },
      {
        "book_name": "Efeziers",
        "book": 49,
        "chapter": 6,
        "verse": 19,
        "text": "En voor mij, opdat mij het woord gegeven worde in de opening mijns monds met vrijmoedigheid, om de verborgenheid van het Evangelie bekend te maken;"
      },
      {
        "book_name": "Efeziers",
        "book": 49,
        "chapter": 6,
        "verse": 20,
        "text": "Waarover ik een gezant ben in een keten, opdat ik in hetzelve vrijmoediglijk moge spreken, gelijk mij betaamt te spreken."
      },
      {
        "book_name": "Efeziers",
        "book": 49,
        "chapter": 6,
        "verse": 21,
        "text": "En opdat ook gij moogt weten hetgeen mij aangaat; en wat ik doe, dat alles zal u Tychikus, de geliefde broeder en getrouwe dienaar in den Heere, bekend maken;"
      },
      {
        "book_name": "Efeziers",
        "book": 49,
        "chapter": 6,
        "verse": 22,
        "text": "Denwelken ik tot datzelfde einde tot u gezonden heb, opdat gij onze zaken zoudt weten, en hij uw harten zou vertroosten."
      },
      {
        "book_name": "Efeziers",
        "book": 49,
        "chapter": 6,
        "verse": 23,
        "text": "Vrede zij den broederen, en liefde met geloof, van God den Vader, en den Heere Jezus Christus."
      },
      {
        "book_name": "Efeziers",
        "book": 49,
        "chapter": 6,
        "verse": 24,
        "text": "De genade zij met al degenen, die onzen Heere Jezus Christus liefhebben in onverderfelijkheid. Amen. «Vanuit Rome aan de Efeziërs geschreven, door bemiddeling van Tychikus.»"
      }
    ]
  }
}