{
  "source": "bible.com",
  "version": "Statenvertaling (1750)",
  "book": "Esther",
  "chapters": {
    "1": [
      {
        "book_name": "Esther",
        "book": 17,
        "chapter": 1,
        "verse": 1,
        "text": "1Het geschiedde nu in de dagen van Ahasveros, (hij is die Ahasveros, dewelke regeerde van Indië af tot aan Morenland toe, honderd zeven en twintig landschappen).  2In die dagen, als de koning Ahasveros op den troon zijns koninkrijks zat, die op den burg Susan was;  3In het derde jaar zijner regering maakte hij een maaltijd al zijn vorsten en zijn knechten; de macht van Perzië en Medië, de grootste heren en de oversten der landschappen waren voor zijn aangezicht;  4Als hij vertoonde den rijkdom der heerlijkheid zijns rijks, en de kostelijkheid des sieraads zijner grootheid, vele dagen lang, honderd en tachtig dagen.  5Toen nu die dagen vervuld waren, maakte de koning een maaltijd al den volke, dat gevonden werd op den burg Susan, van den grootste tot den kleinste, zeven dagen lang, in het voorhof van den hof van het koninklijk paleis.  6Er waren witte, groene en hemelsblauwe behangselen, gevat aan fijn linnen en purperen banden, in zilveren ringen, en aan marmeren pilaren; de bedsteden waren van goud en zilver, op een vloer van porfiersteen, en van marmer, en albast, en kostelijke stenen.  7En men gaf te drinken in vaten van goud, en het ene vat was anders dan het andere vat; en er was veel koninklijke wijn, naar des konings vermogen.  8En het drinken geschiedde naar de wet, dat niemand dwong; want alzo had de koning vastelijk bevolen aan alle groten zijns huizes, dat zij doen zouden naar den wil van een iegelijk.  9De koningin Vasthi maakte ook een maaltijd voor de vrouwen in het koninklijk huis, hetwelk de koning Ahasveros had.  10Op den zevenden dag, toen des konings hart vrolijk was van den wijn, zeide hij tot Mehuman, Biztha, Charbona, Bigtha en Abagtha, Zethar en Charchas, de zeven kamerlingen, dienende voor het aangezicht van den koning Ahasveros,  11Dat zij Vasthi, de koningin, zouden brengen voor het aangezicht des konings, met de koninklijke kroon, om den volken en den vorsten haar schoonheid te tonen; want zij was schoon van aangezicht.  12Doch de koningin Vasthi weigerde te komen op het woord des konings, hetwelk door den dienst der kamerlingen haar aangezegd was. Toen werd de koning zeer verbolgen, en zijn grimmigheid ontstak in hem.  13Toen zeide de koning tot de wijzen, die de tijden verstonden (want alzo moest des konings zaak geschieden, in de tegenwoordigheid van al degenen, die de wet en het recht wisten;  14De naasten nu bij hem waren Carsena, Sethar, Admatha, Tharsis, Meres, Marsena, Memuchan, zeven vorsten der Perzen en der Meden, die het aangezicht des konings zagen, die vooraan zaten in het koninkrijk),  15Wat men naar de wet met de koningin Vasthi doen zou, omdat zij niet gedaan had het woord van den koning Ahasveros, door den dienst der kamerlingen?  16Toen zeide Memuchan voor het aangezicht des konings en der vorsten: De koningin Vasthi heeft niet alleen tegen den koning misdaan, maar ook tegen al de vorsten, en tegen al de volken, die in al de landschappen van den koning Ahasveros zijn.  17Want deze daad der koningin zal uitkomen tot alle vrouwen, zodat zij haar mannen verachten zullen in haar ogen, als men zeggen zal: De koning Ahasveros zeide, dat men de koningin Vasthi voor zijn aangezicht brengen zou; maar zij kwam niet.  18Te dezen zelfden dage zullen de vorstinnen van Perzië en Medië ook alzo zeggen tot al de vorsten des konings, als zij deze daad der koningin zullen horen, en er zal verachtens en toorns genoeg wezen.  19Indien het den koning goeddunkt, dat een koninklijk gebod van hem uitga, hetwelk geschreven worde in de wetten der Perzen en Meden, en dat men het niet overtrede: dat Vasthi niet inga voor het aangezicht van den koning Ahasveros, en de koning geve haar koninkrijk aan haar naaste, die beter is dan zij.  20Als het bevel des konings, hetwelk hij doen zal in zijn ganse koninkrijk, (want het is groot) gehoord zal worden, zo zullen alle vrouwen aan haar mannen eer geven, van de grootste tot de kleinste toe.  21Dit woord nu was goed in de ogen des konings en der vorsten; en de koning deed naar het woord van Memuchan.  22En hij zond brieven aan al de landschappen des konings, aan een iegelijk landschap naar zijn schrift, en aan elk volk naar zijn spraak, dat elk man overheer in zijn huis wezen zou, en spreken naar de spraak zijns volks."
      },
      {
        "book_name": "Esther",
        "book": 17,
        "chapter": 1,
        "verse": 1,
        "text": "Het geschiedde nu in de dagen van Ahasveros, (hij is die Ahasveros, dewelke regeerde van Indië af tot aan Morenland toe, honderd zeven en twintig landschappen)."
      },
      {
        "book_name": "Esther",
        "book": 17,
        "chapter": 1,
        "verse": 2,
        "text": "In die dagen, als de koning Ahasveros op den troon zijns koninkrijks zat, die op den burg Susan was;"
      },
      {
        "book_name": "Esther",
        "book": 17,
        "chapter": 1,
        "verse": 3,
        "text": "In het derde jaar zijner regering maakte hij een maaltijd al zijn vorsten en zijn knechten; de macht van Perzië en Medië, de grootste heren en de oversten der landschappen waren voor zijn aangezicht;"
      },
      {
        "book_name": "Esther",
        "book": 17,
        "chapter": 1,
        "verse": 4,
        "text": "Als hij vertoonde den rijkdom der heerlijkheid zijns rijks, en de kostelijkheid des sieraads zijner grootheid, vele dagen lang, honderd en tachtig dagen."
      },
      {
        "book_name": "Esther",
        "book": 17,
        "chapter": 1,
        "verse": 5,
        "text": "Toen nu die dagen vervuld waren, maakte de koning een maaltijd al den volke, dat gevonden werd op den burg Susan, van den grootste tot den kleinste, zeven dagen lang, in het voorhof van den hof van het koninklijk paleis."
      },
      {
        "book_name": "Esther",
        "book": 17,
        "chapter": 1,
        "verse": 6,
        "text": "Er waren witte, groene en hemelsblauwe behangselen, gevat aan fijn linnen en purperen banden, in zilveren ringen, en aan marmeren pilaren; de bedsteden waren van goud en zilver, op een vloer van porfiersteen, en van marmer, en albast, en kostelijke stenen."
      },
      {
        "book_name": "Esther",
        "book": 17,
        "chapter": 1,
        "verse": 7,
        "text": "En men gaf te drinken in vaten van goud, en het ene vat was anders dan het andere vat; en er was veel koninklijke wijn, naar des konings vermogen."
      },
      {
        "book_name": "Esther",
        "book": 17,
        "chapter": 1,
        "verse": 8,
        "text": "En het drinken geschiedde naar de wet, dat niemand dwong; want alzo had de koning vastelijk bevolen aan alle groten zijns huizes, dat zij doen zouden naar den wil van een iegelijk."
      },
      {
        "book_name": "Esther",
        "book": 17,
        "chapter": 1,
        "verse": 9,
        "text": "De koningin Vasthi maakte ook een maaltijd voor de vrouwen in het koninklijk huis, hetwelk de koning Ahasveros had."
      },
      {
        "book_name": "Esther",
        "book": 17,
        "chapter": 1,
        "verse": 10,
        "text": "Op den zevenden dag, toen des konings hart vrolijk was van den wijn, zeide hij tot Mehuman, Biztha, Charbona, Bigtha en Abagtha, Zethar en Charchas, de zeven kamerlingen, dienende voor het aangezicht van den koning Ahasveros,"
      },
      {
        "book_name": "Esther",
        "book": 17,
        "chapter": 1,
        "verse": 11,
        "text": "Dat zij Vasthi, de koningin, zouden brengen voor het aangezicht des konings, met de koninklijke kroon, om den volken en den vorsten haar schoonheid te tonen; want zij was schoon van aangezicht."
      },
      {
        "book_name": "Esther",
        "book": 17,
        "chapter": 1,
        "verse": 12,
        "text": "Doch de koningin Vasthi weigerde te komen op het woord des konings, hetwelk door den dienst der kamerlingen haar aangezegd was. Toen werd de koning zeer verbolgen, en zijn grimmigheid ontstak in hem."
      },
      {
        "book_name": "Esther",
        "book": 17,
        "chapter": 1,
        "verse": 13,
        "text": "Toen zeide de koning tot de wijzen, die de tijden verstonden (want alzo moest des konings zaak geschieden, in de tegenwoordigheid van al degenen, die de wet en het recht wisten;"
      },
      {
        "book_name": "Esther",
        "book": 17,
        "chapter": 1,
        "verse": 14,
        "text": "De naasten nu bij hem waren Carsena, Sethar, Admatha, Tharsis, Meres, Marsena, Memuchan, zeven vorsten der Perzen en der Meden, die het aangezicht des konings zagen, die vooraan zaten in het koninkrijk),"
      },
      {
        "book_name": "Esther",
        "book": 17,
        "chapter": 1,
        "verse": 15,
        "text": "Wat men naar de wet met de koningin Vasthi doen zou, omdat zij niet gedaan had het woord van den koning Ahasveros, door den dienst der kamerlingen?"
      },
      {
        "book_name": "Esther",
        "book": 17,
        "chapter": 1,
        "verse": 16,
        "text": "Toen zeide Memuchan voor het aangezicht des konings en der vorsten: De koningin Vasthi heeft niet alleen tegen den koning misdaan, maar ook tegen al de vorsten, en tegen al de volken, die in al de landschappen van den koning Ahasveros zijn."
      },
      {
        "book_name": "Esther",
        "book": 17,
        "chapter": 1,
        "verse": 17,
        "text": "Want deze daad der koningin zal uitkomen tot alle vrouwen, zodat zij haar mannen verachten zullen in haar ogen, als men zeggen zal: De koning Ahasveros zeide, dat men de koningin Vasthi voor zijn aangezicht brengen zou; maar zij kwam niet."
      },
      {
        "book_name": "Esther",
        "book": 17,
        "chapter": 1,
        "verse": 18,
        "text": "Te dezen zelfden dage zullen de vorstinnen van Perzië en Medië ook alzo zeggen tot al de vorsten des konings, als zij deze daad der koningin zullen horen, en er zal verachtens en toorns genoeg wezen."
      },
      {
        "book_name": "Esther",
        "book": 17,
        "chapter": 1,
        "verse": 19,
        "text": "Indien het den koning goeddunkt, dat een koninklijk gebod van hem uitga, hetwelk geschreven worde in de wetten der Perzen en Meden, en dat men het niet overtrede: dat Vasthi niet inga voor het aangezicht van den koning Ahasveros, en de koning geve haar koninkrijk aan haar naaste, die beter is dan zij."
      },
      {
        "book_name": "Esther",
        "book": 17,
        "chapter": 1,
        "verse": 20,
        "text": "Als het bevel des konings, hetwelk hij doen zal in zijn ganse koninkrijk, (want het is groot) gehoord zal worden, zo zullen alle vrouwen aan haar mannen eer geven, van de grootste tot de kleinste toe."
      },
      {
        "book_name": "Esther",
        "book": 17,
        "chapter": 1,
        "verse": 21,
        "text": "Dit woord nu was goed in de ogen des konings en der vorsten; en de koning deed naar het woord van Memuchan."
      },
      {
        "book_name": "Esther",
        "book": 17,
        "chapter": 1,
        "verse": 22,
        "text": "En hij zond brieven aan al de landschappen des konings, aan een iegelijk landschap naar zijn schrift, en aan elk volk naar zijn spraak, dat elk man overheer in zijn huis wezen zou, en spreken naar de spraak zijns volks."
      }
    ],
    "2": [
      {
        "book_name": "Esther",
        "book": 17,
        "chapter": 2,
        "verse": 1,
        "text": "1Na deze geschiedenissen, toen de grimmigheid van den koning Ahasveros gestild was, gedacht hij aan Vasthi, en wat zij gedaan had, en wat over haar besloten was.  2Toen zeiden de jongelingen des konings, die hem dienden: Men zoeke voor den koning jonge dochters, maagden, schoon van aangezicht.  3En de koning bestelle toezieners in al de landschappen zijns koninkrijks, dat zij vergaderen alle jonge dochters, maagden, schoon van aangezicht, tot den burg Susan, tot het huis der vrouwen, onder de hand van Hegai, des konings kamerling, bewaarder der vrouwen; en men geve haar haar versierselen.  4En de jonge dochter, die in des konings oog schoon wezen zal, worde koningin in stede van Vasthi. Deze zaak nu was goed in de ogen des konings, en hij deed alzo.  5Er was een Joods man op den burg Susan, wiens naam was Mordechai, een zoon van Jaïr, den zoon van Simeï, den zoon van Kis, een man van Jemini;  6Die weggevoerd was van Jeruzalem met de weggevoerden, die weggevoerd waren met Jechonia, den koning van Juda, denwelken Nebukadnezar, de koning van Babel, had weggevoerd.  7En hij was het, die opvoedde Hadassa (deze is Esther, de dochter zijns ooms); want zij had geen vader noch moeder; en zij was een jonge dochter, schoon van gedaante, en schoon van aangezicht; en als haar vader en haar moeder stierven, had Mordechai ze zich tot een dochter aangenomen.  8Het geschiedde nu, toen het woord des konings en zijn wet ruchtbaar was, en toen vele jonge dochters samenvergaderd werden op den burg Susan, onder de hand van Hegai, werd Esther ook genomen in des konings huis, onder de hand van Hegai, den bewaarder der vrouwen.  9En die jonge dochter was schoon in zijn ogen, en zij verkreeg gunst voor zijn aangezicht; daarom haastte hij met haar versierselen en met haar delen haar te geven, en zeven aanzienlijke jonge dochters haar te geven uit het huis des konings; en hij verplaatste haar en haar jonge dochters naar het beste van het huis der vrouwen.  10Esther had haar volk en haar maagschap niet te kennen gegeven; want Mordechai had haar geboden, dat zij het niet zou te kennen geven.  11Mordechai nu wandelde allen dag voor het voorhof van het huis der vrouwen, om te vernemen naar den welstand van Esther, en wat met haar geschieden zou.  12Als nu de beurt van elke jonge dochter naakte, om tot den koning Ahasveros te komen, nadat haar twaalf maanden lang naar de wet der vrouwen geschied was; want alzo werden vervuld de dagen harer versieringen, zes maanden met mirre-olie, en zes maanden met specerijen, en met andere versierselen der vrouwen;  13Daarmede kwam dan de jonge dochter tot den koning; al wat zij zeide, werd haar gegeven, dat zij daarmede ging uit het huis der vrouwen tot het huis des konings.  14Des avonds ging zij daarin, en des morgens ging zij weder naar het tweede huis der vrouwen, onder de hand van Saäsgaz, den kamerling des konings, bewaarder der bijwijven, zij kwam niet weder tot den koning, ten ware de koning lust tot haar had, en zij bij name geroepen werd.  15Als de beurt van Esther, de dochter van Abichaïl, den oom van Mordechai, (die hij zich ter dochter genomen had) naakte, dat zij tot den koning komen zou, begeerde zij niet met al, dan wat Hegai, des konings kamerling, de bewaarder der vrouwen, zeide; en Esther verkreeg genade in de ogen van allen, die haar zagen.  16Alzo werd Esther genomen tot den koning Ahasveros, tot zijn koninklijk huis, in de tiende maand, welke is de maand Tebeth, in het zevende jaar zijns rijks.  17En de koning beminde Esther boven alle vrouwen, en zij verkreeg genade en gunst voor zijn aangezicht, boven alle maagden; en hij zette de koninklijke kroon op haar hoofd, en hij maakte haar koningin in de plaats van Vasthi.  18Toen maakte de koning een groten maaltijd al zijn vorsten en zijn knechten, den maaltijd van Esther; en hij gaf den landschappen rust, en hij gaf geschenken naar des konings vermogen.  19Toen ten anderen male maagden vergaderd werden, zo zat Mordechai in de poort des konings.  20Esther nu had haar maagschap en haar volk niet te kennen gegeven, gelijk als Mordechai haar geboden had; want Esther deed het bevel van Mordechai, gelijk als toen zij bij hem opgevoed werd.  21In die dagen, als Mordechai in de poort des konings zat, werden Bigthan en Theres, twee kamerlingen des konings van de dorpelwachters, zeer toornig, en zij zochten de hand te slaan aan den koning Ahasveros.  22En deze zaak werd Mordechai bekend gemaakt, en hij gaf ze de koningin Esther te kennen; en Esther zeide het den koning in Mordechai’s naam.  23Als men de zaak onderzocht, is het zo bevonden, en zij beiden werden aan een galg gehangen; en het werd in de kronieken geschreven voor het aangezicht des konings."
      },
      {
        "book_name": "Esther",
        "book": 17,
        "chapter": 2,
        "verse": 1,
        "text": "Na deze geschiedenissen, toen de grimmigheid van den koning Ahasveros gestild was, gedacht hij aan Vasthi, en wat zij gedaan had, en wat over haar besloten was."
      },
      {
        "book_name": "Esther",
        "book": 17,
        "chapter": 2,
        "verse": 2,
        "text": "Toen zeiden de jongelingen des konings, die hem dienden: Men zoeke voor den koning jonge dochters, maagden, schoon van aangezicht."
      },
      {
        "book_name": "Esther",
        "book": 17,
        "chapter": 2,
        "verse": 3,
        "text": "En de koning bestelle toezieners in al de landschappen zijns koninkrijks, dat zij vergaderen alle jonge dochters, maagden, schoon van aangezicht, tot den burg Susan, tot het huis der vrouwen, onder de hand van Hegai, des konings kamerling, bewaarder der vrouwen; en men geve haar haar versierselen."
      },
      {
        "book_name": "Esther",
        "book": 17,
        "chapter": 2,
        "verse": 4,
        "text": "En de jonge dochter, die in des konings oog schoon wezen zal, worde koningin in stede van Vasthi. Deze zaak nu was goed in de ogen des konings, en hij deed alzo."
      },
      {
        "book_name": "Esther",
        "book": 17,
        "chapter": 2,
        "verse": 5,
        "text": "Er was een Joods man op den burg Susan, wiens naam was Mordechai, een zoon van Jaïr, den zoon van Simeï, den zoon van Kis, een man van Jemini;"
      },
      {
        "book_name": "Esther",
        "book": 17,
        "chapter": 2,
        "verse": 6,
        "text": "Die weggevoerd was van Jeruzalem met de weggevoerden, die weggevoerd waren met Jechonia, den koning van Juda, denwelken Nebukadnezar, de koning van Babel, had weggevoerd."
      },
      {
        "book_name": "Esther",
        "book": 17,
        "chapter": 2,
        "verse": 7,
        "text": "En hij was het, die opvoedde Hadassa (deze is Esther, de dochter zijns ooms); want zij had geen vader noch moeder; en zij was een jonge dochter, schoon van gedaante, en schoon van aangezicht; en als haar vader en haar moeder stierven, had Mordechai ze zich tot een dochter aangenomen."
      },
      {
        "book_name": "Esther",
        "book": 17,
        "chapter": 2,
        "verse": 8,
        "text": "Het geschiedde nu, toen het woord des konings en zijn wet ruchtbaar was, en toen vele jonge dochters samenvergaderd werden op den burg Susan, onder de hand van Hegai, werd Esther ook genomen in des konings huis, onder de hand van Hegai, den bewaarder der vrouwen."
      },
      {
        "book_name": "Esther",
        "book": 17,
        "chapter": 2,
        "verse": 9,
        "text": "En die jonge dochter was schoon in zijn ogen, en zij verkreeg gunst voor zijn aangezicht; daarom haastte hij met haar versierselen en met haar delen haar te geven, en zeven aanzienlijke jonge dochters haar te geven uit het huis des konings; en hij verplaatste haar en haar jonge dochters naar het beste van het huis der vrouwen."
      },
      {
        "book_name": "Esther",
        "book": 17,
        "chapter": 2,
        "verse": 10,
        "text": "Esther had haar volk en haar maagschap niet te kennen gegeven; want Mordechai had haar geboden, dat zij het niet zou te kennen geven."
      },
      {
        "book_name": "Esther",
        "book": 17,
        "chapter": 2,
        "verse": 11,
        "text": "Mordechai nu wandelde allen dag voor het voorhof van het huis der vrouwen, om te vernemen naar den welstand van Esther, en wat met haar geschieden zou."
      },
      {
        "book_name": "Esther",
        "book": 17,
        "chapter": 2,
        "verse": 12,
        "text": "Als nu de beurt van elke jonge dochter naakte, om tot den koning Ahasveros te komen, nadat haar twaalf maanden lang naar de wet der vrouwen geschied was; want alzo werden vervuld de dagen harer versieringen, zes maanden met mirre-olie, en zes maanden met specerijen, en met andere versierselen der vrouwen;"
      },
      {
        "book_name": "Esther",
        "book": 17,
        "chapter": 2,
        "verse": 13,
        "text": "Daarmede kwam dan de jonge dochter tot den koning; al wat zij zeide, werd haar gegeven, dat zij daarmede ging uit het huis der vrouwen tot het huis des konings."
      },
      {
        "book_name": "Esther",
        "book": 17,
        "chapter": 2,
        "verse": 14,
        "text": "Des avonds ging zij daarin, en des morgens ging zij weder naar het tweede huis der vrouwen, onder de hand van Saäsgaz, den kamerling des konings, bewaarder der bijwijven, zij kwam niet weder tot den koning, ten ware de koning lust tot haar had, en zij bij name geroepen werd."
      },
      {
        "book_name": "Esther",
        "book": 17,
        "chapter": 2,
        "verse": 15,
        "text": "Als de beurt van Esther, de dochter van Abichaïl, den oom van Mordechai, (die hij zich ter dochter genomen had) naakte, dat zij tot den koning komen zou, begeerde zij niet met al, dan wat Hegai, des konings kamerling, de bewaarder der vrouwen, zeide; en Esther verkreeg genade in de ogen van allen, die haar zagen."
      },
      {
        "book_name": "Esther",
        "book": 17,
        "chapter": 2,
        "verse": 16,
        "text": "Alzo werd Esther genomen tot den koning Ahasveros, tot zijn koninklijk huis, in de tiende maand, welke is de maand Tebeth, in het zevende jaar zijns rijks."
      },
      {
        "book_name": "Esther",
        "book": 17,
        "chapter": 2,
        "verse": 17,
        "text": "En de koning beminde Esther boven alle vrouwen, en zij verkreeg genade en gunst voor zijn aangezicht, boven alle maagden; en hij zette de koninklijke kroon op haar hoofd, en hij maakte haar koningin in de plaats van Vasthi."
      },
      {
        "book_name": "Esther",
        "book": 17,
        "chapter": 2,
        "verse": 18,
        "text": "Toen maakte de koning een groten maaltijd al zijn vorsten en zijn knechten, den maaltijd van Esther; en hij gaf den landschappen rust, en hij gaf geschenken naar des konings vermogen."
      },
      {
        "book_name": "Esther",
        "book": 17,
        "chapter": 2,
        "verse": 19,
        "text": "Toen ten anderen male maagden vergaderd werden, zo zat Mordechai in de poort des konings."
      },
      {
        "book_name": "Esther",
        "book": 17,
        "chapter": 2,
        "verse": 20,
        "text": "Esther nu had haar maagschap en haar volk niet te kennen gegeven, gelijk als Mordechai haar geboden had; want Esther deed het bevel van Mordechai, gelijk als toen zij bij hem opgevoed werd."
      },
      {
        "book_name": "Esther",
        "book": 17,
        "chapter": 2,
        "verse": 21,
        "text": "In die dagen, als Mordechai in de poort des konings zat, werden Bigthan en Theres, twee kamerlingen des konings van de dorpelwachters, zeer toornig, en zij zochten de hand te slaan aan den koning Ahasveros."
      },
      {
        "book_name": "Esther",
        "book": 17,
        "chapter": 2,
        "verse": 22,
        "text": "En deze zaak werd Mordechai bekend gemaakt, en hij gaf ze de koningin Esther te kennen; en Esther zeide het den koning in Mordechai’s naam."
      },
      {
        "book_name": "Esther",
        "book": 17,
        "chapter": 2,
        "verse": 23,
        "text": "Als men de zaak onderzocht, is het zo bevonden, en zij beiden werden aan een galg gehangen; en het werd in de kronieken geschreven voor het aangezicht des konings."
      }
    ],
    "3": [
      {
        "book_name": "Esther",
        "book": 17,
        "chapter": 3,
        "verse": 1,
        "text": "1Na deze geschiedenissen maakte de koning Ahasveros Haman groot, den zoon van Hammedatha, den Agagiet, en hij verhoogde hem, en hij zette zijn stoel boven al de vorsten, die bij hem waren.  2En al de knechten des konings, die in de poort des konings waren, neigden en bogen zich neder voor Haman; want de koning had alzo van hem bevolen; maar Mordechai neigde zich niet, en boog zich niet neder.  3Toen zeiden de knechten des konings, die in de poort des konings waren, tot Mordechai: Waarom overtreedt gij des konings gebod?  4Het geschiedde nu, toen zij dit van dag tot dag tot hem zeiden, en hij naar hen niet hoorde, zo gaven zij het Haman te kennen, opdat zij zagen, of de woorden van Mordechai bestaan zouden; want hij had hun te kennen gegeven, dat hij een Jood was.  5Toen Haman zag, dat Mordechai zich niet neigde, noch zich voor hem nederboog, zo werd Haman vervuld met grimmigheid.  6Doch hij verachtte in zijn ogen, dat hij aan Mordechai alleen de hand zou slaan (want men had hem het volk van Mordechai aangewezen); maar Haman zocht al de Joden, die in het ganse koninkrijk van Ahasveros waren, namelijk het volk van Mordechai, te verdelgen.  7In de eerste maand (deze is de maand Nisan) in het twaalfde jaar van den koning Ahasveros, wierp men het Pur, dat is, het lot, voor Hamans aangezicht, van dag tot dag, en van maand tot maand, tot de twaalfde maand toe; deze is de maand Adar.  8Want Haman had tot den koning Ahasveros gezegd: Er is één volk, verstrooid en verdeeld onder de volken in al de landschappen uws koninkrijks; en hun wetten zijn verscheiden van de wetten aller volken; ook doen zij des konings wetten niet; daarom is het den koning niet oorbaar hen te laten blijven.  9Indien het den koning goeddunkt, laat er geschreven worden, dat men hen verdoe; zo zal ik tien duizend talenten zilvers opwegen in de handen dergenen, die het werk doen, om in des konings schatten te brengen.  10Toen trok de koning zijn ring van zijn hand, en hij gaf hem aan Haman, den zoon van Hammedatha, den Agagiet, der Joden tegenpartijder.  11En de koning zeide tot Haman: Dat zilver zij u geschonken, ook dat volk, om daarmede te doen, naar dat het goed is in uw ogen.  12Toen werden de schrijvers des konings geroepen, in de eerste maand, op den dertienden dag derzelve, en er werd geschreven naar alles, wat Haman beval, aan de stadhouders des konings, en aan de landvoogden, die over elk landschap waren, en aan de vorsten van elk volk, elk landschap naar zijn schrift, en elk volk naar zijn spraak; er werd geschreven in den naam van den koning Ahasveros, en het werd met des konings ring verzegeld.  13De brieven nu werden gezonden door de hand der lopers tot al de landschappen des konings, dat men zou verdelgen, doden en verdoen al de Joden, van den jonge tot den oude toe, de kleine kinderen en de vrouwen, op één dag, op den dertienden der twaalfde maand (deze is de maand Adar), en dat men hun buit zou roven.  14De inhoud van het schrift was, dat er een wet zou gegeven worden in alle landschappen, openbaar aan alle volken, dat zij tegen denzelfden dag zouden gereed zijn.  15De lopers gingen uit, voortgedrongen zijnde door het woord des konings, en de wet werd uitgegeven in den burg Susan. En de koning en Haman zaten en dronken, doch de stad Susan was verward."
      },
      {
        "book_name": "Esther",
        "book": 17,
        "chapter": 3,
        "verse": 1,
        "text": "Na deze geschiedenissen maakte de koning Ahasveros Haman groot, den zoon van Hammedatha, den Agagiet, en hij verhoogde hem, en hij zette zijn stoel boven al de vorsten, die bij hem waren."
      },
      {
        "book_name": "Esther",
        "book": 17,
        "chapter": 3,
        "verse": 2,
        "text": "En al de knechten des konings, die in de poort des konings waren, neigden en bogen zich neder voor Haman; want de koning had alzo van hem bevolen; maar Mordechai neigde zich niet, en boog zich niet neder."
      },
      {
        "book_name": "Esther",
        "book": 17,
        "chapter": 3,
        "verse": 3,
        "text": "Toen zeiden de knechten des konings, die in de poort des konings waren, tot Mordechai: Waarom overtreedt gij des konings gebod?"
      },
      {
        "book_name": "Esther",
        "book": 17,
        "chapter": 3,
        "verse": 4,
        "text": "Het geschiedde nu, toen zij dit van dag tot dag tot hem zeiden, en hij naar hen niet hoorde, zo gaven zij het Haman te kennen, opdat zij zagen, of de woorden van Mordechai bestaan zouden; want hij had hun te kennen gegeven, dat hij een Jood was."
      },
      {
        "book_name": "Esther",
        "book": 17,
        "chapter": 3,
        "verse": 5,
        "text": "Toen Haman zag, dat Mordechai zich niet neigde, noch zich voor hem nederboog, zo werd Haman vervuld met grimmigheid."
      },
      {
        "book_name": "Esther",
        "book": 17,
        "chapter": 3,
        "verse": 6,
        "text": "Doch hij verachtte in zijn ogen, dat hij aan Mordechai alleen de hand zou slaan (want men had hem het volk van Mordechai aangewezen); maar Haman zocht al de Joden, die in het ganse koninkrijk van Ahasveros waren, namelijk het volk van Mordechai, te verdelgen."
      },
      {
        "book_name": "Esther",
        "book": 17,
        "chapter": 3,
        "verse": 7,
        "text": "In de eerste maand (deze is de maand Nisan) in het twaalfde jaar van den koning Ahasveros, wierp men het Pur, dat is, het lot, voor Hamans aangezicht, van dag tot dag, en van maand tot maand, tot de twaalfde maand toe; deze is de maand Adar."
      },
      {
        "book_name": "Esther",
        "book": 17,
        "chapter": 3,
        "verse": 8,
        "text": "Want Haman had tot den koning Ahasveros gezegd: Er is één volk, verstrooid en verdeeld onder de volken in al de landschappen uws koninkrijks; en hun wetten zijn verscheiden van de wetten aller volken; ook doen zij des konings wetten niet; daarom is het den koning niet oorbaar hen te laten blijven."
      },
      {
        "book_name": "Esther",
        "book": 17,
        "chapter": 3,
        "verse": 9,
        "text": "Indien het den koning goeddunkt, laat er geschreven worden, dat men hen verdoe; zo zal ik tien duizend talenten zilvers opwegen in de handen dergenen, die het werk doen, om in des konings schatten te brengen."
      },
      {
        "book_name": "Esther",
        "book": 17,
        "chapter": 3,
        "verse": 10,
        "text": "Toen trok de koning zijn ring van zijn hand, en hij gaf hem aan Haman, den zoon van Hammedatha, den Agagiet, der Joden tegenpartijder."
      },
      {
        "book_name": "Esther",
        "book": 17,
        "chapter": 3,
        "verse": 11,
        "text": "En de koning zeide tot Haman: Dat zilver zij u geschonken, ook dat volk, om daarmede te doen, naar dat het goed is in uw ogen."
      },
      {
        "book_name": "Esther",
        "book": 17,
        "chapter": 3,
        "verse": 12,
        "text": "Toen werden de schrijvers des konings geroepen, in de eerste maand, op den dertienden dag derzelve, en er werd geschreven naar alles, wat Haman beval, aan de stadhouders des konings, en aan de landvoogden, die over elk landschap waren, en aan de vorsten van elk volk, elk landschap naar zijn schrift, en elk volk naar zijn spraak; er werd geschreven in den naam van den koning Ahasveros, en het werd met des konings ring verzegeld."
      },
      {
        "book_name": "Esther",
        "book": 17,
        "chapter": 3,
        "verse": 13,
        "text": "De brieven nu werden gezonden door de hand der lopers tot al de landschappen des konings, dat men zou verdelgen, doden en verdoen al de Joden, van den jonge tot den oude toe, de kleine kinderen en de vrouwen, op één dag, op den dertienden der twaalfde maand (deze is de maand Adar), en dat men hun buit zou roven."
      },
      {
        "book_name": "Esther",
        "book": 17,
        "chapter": 3,
        "verse": 14,
        "text": "De inhoud van het schrift was, dat er een wet zou gegeven worden in alle landschappen, openbaar aan alle volken, dat zij tegen denzelfden dag zouden gereed zijn."
      },
      {
        "book_name": "Esther",
        "book": 17,
        "chapter": 3,
        "verse": 15,
        "text": "De lopers gingen uit, voortgedrongen zijnde door het woord des konings, en de wet werd uitgegeven in den burg Susan. En de koning en Haman zaten en dronken, doch de stad Susan was verward."
      }
    ],
    "4": [
      {
        "book_name": "Esther",
        "book": 17,
        "chapter": 4,
        "verse": 1,
        "text": "1Als Mordechai wist al wat er geschied was, zo verscheurde Mordechai zijn klederen, en hij trok een zak aan met as; en hij ging uit door het midden der stad, en hij riep met een groot en bitter geroep.  2En hij kwam tot voor de poort des konings; want niemand mocht in des konings poort inkomen, bekleed met een zak.  3En in alle en een ieder landschap en plaats, waar het woord des konings en zijn wet aankwam, was een grote rouw onder de Joden, met vasten, en geween, en misbaar; vele lagen in zakken en as.  4Toen kwamen Esthers jonge dochters en haar kamerlingen, en zij gaven het haar te kennen; en het deed de koningin zeer wee; en zij zond klederen om Mordechai aan te doen, en zijn zak van hem af te doen; maar hij nam ze niet aan.  5Toen riep Esther Hatach, een van de kamerlingen des konings, welke hij voor haar gesteld had, en zij gaf hem bevel aan Mordechai, om te weten wat dit, en waarom dit ware.  6Als Hatach uitging tot Mordechai, op de straat der stad, die voor de poort des konings was,  7Zo gaf Mordechai hem te kennen al wat hem wedervaren was, en de verklaring van het zilver, hetwelk Haman gezegd had te zullen wegen in de schatten des konings, voor de Joden, om dezelve om te brengen.  8En hij gaf hem het afschrift der geschrevene wet, die te Susan gegeven was, om hen te verdelgen, dat hij het Esther liet zien, en haar te kennen gaf, en haar gebood, dat zij tot den koning ging, om hem te smeken, en van hem te verzoeken voor haar volk.  9Hatach nu kwam, en gaf Esther de woorden van Mordechai te kennen.  10Toen zeide Esther tot Hatach, en gaf hem bevel aan Mordechai:  11Alle knechten des konings, en het volk, der landschappen des konings, weten wel dat al wie tot den koning ingaat, in het binnenste voorhof, die niet geroepen is, hij zij man of vrouw, zijn enig vonnis zij, dat men hem dode, tenzij dat de koning den gouden scepter hem toereike, opdat hij levend blijve; ik nu ben deze dertig dagen niet geroepen om tot den koning in te komen.  12En zij gaven de woorden van Esther aan Mordechai te kennen.  13Zo zeide Mordechai, dat men Esther wederom zeggen zou: Beeld u niet in, in uw ziel, dat gij zult ontkomen in het huis des konings, meer dan al de andere Joden.  14Want indien gij enigszins zwijgen zult te dezer tijd, zo zal den Joden verkwikking en verlossing uit een andere plaats ontstaan; maar gij en uws vaders huis zult omkomen; en wie weet, of gij niet om zulken tijd als deze is, tot dit koninkrijk geraakt zijt.  15Toen zeide Esther, dat men Mordechai weder aanzeggen zou:  16Ga, vergader al de Joden, die te Susan gevonden worden, en vast voor mij, en eet of drinkt niet, in drie dagen, nacht noch dag; ik en mijn jonge dochters zullen ook alzo vasten, en alzo zal ik tot den koning ingaan, hetwelk niet naar de wet is. Wanneer ik dan omkome, zo kom ik om.  17Toen ging Mordechai henen, en hij deed naar alles, wat Esther aan hem geboden had."
      },
      {
        "book_name": "Esther",
        "book": 17,
        "chapter": 4,
        "verse": 1,
        "text": "Als Mordechai wist al wat er geschied was, zo verscheurde Mordechai zijn klederen, en hij trok een zak aan met as; en hij ging uit door het midden der stad, en hij riep met een groot en bitter geroep."
      },
      {
        "book_name": "Esther",
        "book": 17,
        "chapter": 4,
        "verse": 2,
        "text": "En hij kwam tot voor de poort des konings; want niemand mocht in des konings poort inkomen, bekleed met een zak."
      },
      {
        "book_name": "Esther",
        "book": 17,
        "chapter": 4,
        "verse": 3,
        "text": "En in alle en een ieder landschap en plaats, waar het woord des konings en zijn wet aankwam, was een grote rouw onder de Joden, met vasten, en geween, en misbaar; vele lagen in zakken en as."
      },
      {
        "book_name": "Esther",
        "book": 17,
        "chapter": 4,
        "verse": 4,
        "text": "Toen kwamen Esthers jonge dochters en haar kamerlingen, en zij gaven het haar te kennen; en het deed de koningin zeer wee; en zij zond klederen om Mordechai aan te doen, en zijn zak van hem af te doen; maar hij nam ze niet aan."
      },
      {
        "book_name": "Esther",
        "book": 17,
        "chapter": 4,
        "verse": 5,
        "text": "Toen riep Esther Hatach, een van de kamerlingen des konings, welke hij voor haar gesteld had, en zij gaf hem bevel aan Mordechai, om te weten wat dit, en waarom dit ware."
      },
      {
        "book_name": "Esther",
        "book": 17,
        "chapter": 4,
        "verse": 6,
        "text": "Als Hatach uitging tot Mordechai, op de straat der stad, die voor de poort des konings was,"
      },
      {
        "book_name": "Esther",
        "book": 17,
        "chapter": 4,
        "verse": 7,
        "text": "Zo gaf Mordechai hem te kennen al wat hem wedervaren was, en de verklaring van het zilver, hetwelk Haman gezegd had te zullen wegen in de schatten des konings, voor de Joden, om dezelve om te brengen."
      },
      {
        "book_name": "Esther",
        "book": 17,
        "chapter": 4,
        "verse": 8,
        "text": "En hij gaf hem het afschrift der geschrevene wet, die te Susan gegeven was, om hen te verdelgen, dat hij het Esther liet zien, en haar te kennen gaf, en haar gebood, dat zij tot den koning ging, om hem te smeken, en van hem te verzoeken voor haar volk."
      },
      {
        "book_name": "Esther",
        "book": 17,
        "chapter": 4,
        "verse": 9,
        "text": "Hatach nu kwam, en gaf Esther de woorden van Mordechai te kennen."
      },
      {
        "book_name": "Esther",
        "book": 17,
        "chapter": 4,
        "verse": 10,
        "text": "Toen zeide Esther tot Hatach, en gaf hem bevel aan Mordechai:"
      },
      {
        "book_name": "Esther",
        "book": 17,
        "chapter": 4,
        "verse": 11,
        "text": "Alle knechten des konings, en het volk, der landschappen des konings, weten wel dat al wie tot den koning ingaat, in het binnenste voorhof, die niet geroepen is, hij zij man of vrouw, zijn enig vonnis zij, dat men hem dode, tenzij dat de koning den gouden scepter hem toereike, opdat hij levend blijve; ik nu ben deze dertig dagen niet geroepen om tot den koning in te komen."
      },
      {
        "book_name": "Esther",
        "book": 17,
        "chapter": 4,
        "verse": 12,
        "text": "En zij gaven de woorden van Esther aan Mordechai te kennen."
      },
      {
        "book_name": "Esther",
        "book": 17,
        "chapter": 4,
        "verse": 13,
        "text": "Zo zeide Mordechai, dat men Esther wederom zeggen zou: Beeld u niet in, in uw ziel, dat gij zult ontkomen in het huis des konings, meer dan al de andere Joden."
      },
      {
        "book_name": "Esther",
        "book": 17,
        "chapter": 4,
        "verse": 14,
        "text": "Want indien gij enigszins zwijgen zult te dezer tijd, zo zal den Joden verkwikking en verlossing uit een andere plaats ontstaan; maar gij en uws vaders huis zult omkomen; en wie weet, of gij niet om zulken tijd als deze is, tot dit koninkrijk geraakt zijt."
      },
      {
        "book_name": "Esther",
        "book": 17,
        "chapter": 4,
        "verse": 15,
        "text": "Toen zeide Esther, dat men Mordechai weder aanzeggen zou:"
      },
      {
        "book_name": "Esther",
        "book": 17,
        "chapter": 4,
        "verse": 16,
        "text": "Ga, vergader al de Joden, die te Susan gevonden worden, en vast voor mij, en eet of drinkt niet, in drie dagen, nacht noch dag; ik en mijn jonge dochters zullen ook alzo vasten, en alzo zal ik tot den koning ingaan, hetwelk niet naar de wet is. Wanneer ik dan omkome, zo kom ik om."
      },
      {
        "book_name": "Esther",
        "book": 17,
        "chapter": 4,
        "verse": 17,
        "text": "Toen ging Mordechai henen, en hij deed naar alles, wat Esther aan hem geboden had."
      }
    ],
    "5": [
      {
        "book_name": "Esther",
        "book": 17,
        "chapter": 5,
        "verse": 1,
        "text": "1Het geschiedde nu aan den derden dag, dat Esther een koninklijk kleed aantrok, en stond in het binnenste voorhof van des konings huis, tegenover het huis des konings; de koning nu zat op zijn koninklijken troon, in het koninklijke huis, tegenover de deur van het huis.  2En het geschiedde, toen de koning de koningin Esther zag, staande in het voorhof, verkreeg zij genade in zijn ogen, zodat de koning den gouden scepter, die in zijn hand was, Esther toereikte; en Esther naderde, en roerde de spits des scepters aan.  3Toen zeide de koning tot haar: Wat is u, koningin Esther! of wat is uw verzoek? Het zal u gegeven worden, ook tot de helft des koninkrijks.  4Esther nu zeide: Indien het den koning goeddunkt, zo kome de koning met Haman heden tot den maaltijd, dien ik hem bereid heb.  5Toen zeide de koning: Doet Haman spoeden, dat hij het bevel van Esther doe. Als nu de koning met Haman tot den maaltijd, dien Esther bereid had, gekomen was,  6Zo zeide de koning tot Esther op den maaltijd des wijns: Wat is uw bede? en zij zal u gegeven worden; en wat is uw verzoek? Het zal geschieden, ook tot de helft des koninkrijks.  7Toen antwoordde Esther, en zeide: Mijn bede en verzoek is:  8Indien ik genade gevonden heb in de ogen des konings, en indien het den koning goeddunkt, mij te geven mijn bede, en mijn verzoek te doen, zo kome de koning met Haman tot den maaltijd, dien ik hem bereiden zal; zo zal ik morgen doen naar het bevel des konings.  9Toen ging Haman ten zelfden dage uit, vrolijk en goedsmoeds; maar toen Haman Mordechai zag in de poort des konings, en dat hij niet opstond, noch zich voor hem bewoog, zo werd Haman vervuld met grimmigheid op Mordechai.  10Doch Haman bedwong zich, en hij kwam tot zijn huis; en hij zond henen, en liet zijn vrienden komen, en Zeres, zijn huisvrouw.  11En Haman vertelde hun de heerlijkheid zijns rijkdoms, en de veelheid zijner zonen, en alles, waarin de koning hem groot gemaakt had, en waarin hij hem verheven had boven de vorsten en knechten des konings.  12Verder zeide Haman: Ook heeft de koningin Esther niemand met den koning doen komen tot den maaltijd, dien zij bereid heeft, dan mij; en ik ben ook tegen morgen van haar met den koning genodigd.  13Doch dit alles baat mij niet, zo langen tijd als ik den Jood Mordechai zie zitten in de poort des konings.  14Toen zeide zijn huisvrouw Zeres tot hem, mitsgaders al zijn vrienden: Men make een galg, vijftig ellen hoog, en zeg morgen aan den koning, dat men Mordechai daaraan hange; ga dan vrolijk met den koning tot dien maaltijd. Deze raad nu dacht Haman goed, en hij deed de galg maken."
      },
      {
        "book_name": "Esther",
        "book": 17,
        "chapter": 5,
        "verse": 1,
        "text": "Het geschiedde nu aan den derden dag, dat Esther een koninklijk kleed aantrok, en stond in het binnenste voorhof van des konings huis, tegenover het huis des konings; de koning nu zat op zijn koninklijken troon, in het koninklijke huis, tegenover de deur van het huis."
      },
      {
        "book_name": "Esther",
        "book": 17,
        "chapter": 5,
        "verse": 2,
        "text": "En het geschiedde, toen de koning de koningin Esther zag, staande in het voorhof, verkreeg zij genade in zijn ogen, zodat de koning den gouden scepter, die in zijn hand was, Esther toereikte; en Esther naderde, en roerde de spits des scepters aan."
      },
      {
        "book_name": "Esther",
        "book": 17,
        "chapter": 5,
        "verse": 3,
        "text": "Toen zeide de koning tot haar: Wat is u, koningin Esther! of wat is uw verzoek? Het zal u gegeven worden, ook tot de helft des koninkrijks."
      },
      {
        "book_name": "Esther",
        "book": 17,
        "chapter": 5,
        "verse": 4,
        "text": "Esther nu zeide: Indien het den koning goeddunkt, zo kome de koning met Haman heden tot den maaltijd, dien ik hem bereid heb."
      },
      {
        "book_name": "Esther",
        "book": 17,
        "chapter": 5,
        "verse": 5,
        "text": "Toen zeide de koning: Doet Haman spoeden, dat hij het bevel van Esther doe. Als nu de koning met Haman tot den maaltijd, dien Esther bereid had, gekomen was,"
      },
      {
        "book_name": "Esther",
        "book": 17,
        "chapter": 5,
        "verse": 6,
        "text": "Zo zeide de koning tot Esther op den maaltijd des wijns: Wat is uw bede? en zij zal u gegeven worden; en wat is uw verzoek? Het zal geschieden, ook tot de helft des koninkrijks."
      },
      {
        "book_name": "Esther",
        "book": 17,
        "chapter": 5,
        "verse": 7,
        "text": "Toen antwoordde Esther, en zeide: Mijn bede en verzoek is:"
      },
      {
        "book_name": "Esther",
        "book": 17,
        "chapter": 5,
        "verse": 8,
        "text": "Indien ik genade gevonden heb in de ogen des konings, en indien het den koning goeddunkt, mij te geven mijn bede, en mijn verzoek te doen, zo kome de koning met Haman tot den maaltijd, dien ik hem bereiden zal; zo zal ik morgen doen naar het bevel des konings."
      },
      {
        "book_name": "Esther",
        "book": 17,
        "chapter": 5,
        "verse": 9,
        "text": "Toen ging Haman ten zelfden dage uit, vrolijk en goedsmoeds; maar toen Haman Mordechai zag in de poort des konings, en dat hij niet opstond, noch zich voor hem bewoog, zo werd Haman vervuld met grimmigheid op Mordechai."
      },
      {
        "book_name": "Esther",
        "book": 17,
        "chapter": 5,
        "verse": 10,
        "text": "Doch Haman bedwong zich, en hij kwam tot zijn huis; en hij zond henen, en liet zijn vrienden komen, en Zeres, zijn huisvrouw."
      },
      {
        "book_name": "Esther",
        "book": 17,
        "chapter": 5,
        "verse": 11,
        "text": "En Haman vertelde hun de heerlijkheid zijns rijkdoms, en de veelheid zijner zonen, en alles, waarin de koning hem groot gemaakt had, en waarin hij hem verheven had boven de vorsten en knechten des konings."
      },
      {
        "book_name": "Esther",
        "book": 17,
        "chapter": 5,
        "verse": 12,
        "text": "Verder zeide Haman: Ook heeft de koningin Esther niemand met den koning doen komen tot den maaltijd, dien zij bereid heeft, dan mij; en ik ben ook tegen morgen van haar met den koning genodigd."
      },
      {
        "book_name": "Esther",
        "book": 17,
        "chapter": 5,
        "verse": 13,
        "text": "Doch dit alles baat mij niet, zo langen tijd als ik den Jood Mordechai zie zitten in de poort des konings."
      },
      {
        "book_name": "Esther",
        "book": 17,
        "chapter": 5,
        "verse": 14,
        "text": "Toen zeide zijn huisvrouw Zeres tot hem, mitsgaders al zijn vrienden: Men make een galg, vijftig ellen hoog, en zeg morgen aan den koning, dat men Mordechai daaraan hange; ga dan vrolijk met den koning tot dien maaltijd. Deze raad nu dacht Haman goed, en hij deed de galg maken."
      }
    ],
    "6": [
      {
        "book_name": "Esther",
        "book": 17,
        "chapter": 6,
        "verse": 1,
        "text": "1In denzelfden nacht was de slaap van den koning geweken, en hij zeide, dat men het boek der gedachtenissen, de kronieken, brengen zou; en zij werden in de tegenwoordigheid des konings gelezen.  2En men vond geschreven, dat Mordechai had te kennen gegeven van Bigthana en Theres, twee kamerlingen des konings, uit de dorpelwachters, die de hand zochten te leggen aan den koning Ahasveros.  3Toen zeide de koning: Wat eer en verhoging is Mordechai hierover gedaan? En de jongelingen des konings, zijn dienaars, zeiden: Aan hem is niets gedaan.  4Toen zeide de koning: Wie is in het voorhof? (Haman nu was gekomen in het buitenvoorhof van het huis des konings, om den koning te zeggen, dat men Mordechai zou hangen aan de galg, die hij hem had doen bereiden.)  5En des konings jongelingen zeiden tot hem: Zie, Haman staat in het voorhof. Toen zeide de koning: Dat hij inkome.  6Als Haman ingekomen was, zo zeide de koning tot hem: Wat zal men met dien man doen, tot wiens eer de koning een welbehagen heeft? Toen zeide Haman in zijn hart: Tot wien heeft de koning een welbehagen, om hem eer te doen, meer dan tot mij?  7Daarom zeide Haman tot den koning: Den man, tot wiens eer de koning een welbehagen heeft,  8Zal men het koninklijke kleed brengen, dat de koning pleegt aan te trekken, en het paard, waarop de koning pleegt te rijden; en dat de koninklijke kroon op zijn hoofd gezet worde.  9En men zal dat kleed en dat paard geven in de hand van een uit de vorsten des konings, van de grootste heren, en men zal het dien man aantrekken, tot wiens eer de koning een welbehagen heeft; en men zal hem op dat paard doen rijden door de straten der stad, en men zal voor hem roepen: Alzo zal men dien man doen, tot wiens eer de koning een welbehagen heeft!  10Toen zeide de koning tot Haman: Haast u, neem dat kleed, en dat paard, gelijk als gij gesproken hebt, en doe alzo aan Mordechai, den Jood, die aan de poort des konings zit; en laat niet een woord vallen van alles, wat gij gesproken hebt.  11En Haman nam dat kleed en dat paard, en trok het kleed Mordechai aan, en deed hem rijden door de straten der stad, en hij riep voor hem: Alzo zal men dien man doen, tot wiens eer de koning een welbehagen heeft!  12Daarna keerde Mordechai wederom tot de poort des konings; maar Haman werd voortgedreven naar zijn huis, treurig en met bedekten hoofde.  13En Haman vertelde aan zijn huisvrouw Zeres en al zijn vrienden al wat hem wedervaren was. Toen zeiden hem zijn wijzen, en Zeres, zijn huisvrouw: Indien Mordechai, voor wiens aangezicht gij hebt begonnen te vallen, van het zaad der Joden is, zo zult gij tegen hem niet vermogen; maar gij zult gewisselijk voor zijn aangezicht vallen.  14Toen zij nog met hem spraken, zo kwamen des konings kamerlingen nabij, en zij haastten Haman tot den maaltijd te brengen, dien Esther bereid had."
      },
      {
        "book_name": "Esther",
        "book": 17,
        "chapter": 6,
        "verse": 1,
        "text": "In denzelfden nacht was de slaap van den koning geweken, en hij zeide, dat men het boek der gedachtenissen, de kronieken, brengen zou; en zij werden in de tegenwoordigheid des konings gelezen."
      },
      {
        "book_name": "Esther",
        "book": 17,
        "chapter": 6,
        "verse": 2,
        "text": "En men vond geschreven, dat Mordechai had te kennen gegeven van Bigthana en Theres, twee kamerlingen des konings, uit de dorpelwachters, die de hand zochten te leggen aan den koning Ahasveros."
      },
      {
        "book_name": "Esther",
        "book": 17,
        "chapter": 6,
        "verse": 3,
        "text": "Toen zeide de koning: Wat eer en verhoging is Mordechai hierover gedaan? En de jongelingen des konings, zijn dienaars, zeiden: Aan hem is niets gedaan."
      },
      {
        "book_name": "Esther",
        "book": 17,
        "chapter": 6,
        "verse": 4,
        "text": "Toen zeide de koning: Wie is in het voorhof? (Haman nu was gekomen in het buitenvoorhof van het huis des konings, om den koning te zeggen, dat men Mordechai zou hangen aan de galg, die hij hem had doen bereiden.)"
      },
      {
        "book_name": "Esther",
        "book": 17,
        "chapter": 6,
        "verse": 5,
        "text": "En des konings jongelingen zeiden tot hem: Zie, Haman staat in het voorhof. Toen zeide de koning: Dat hij inkome."
      },
      {
        "book_name": "Esther",
        "book": 17,
        "chapter": 6,
        "verse": 6,
        "text": "Als Haman ingekomen was, zo zeide de koning tot hem: Wat zal men met dien man doen, tot wiens eer de koning een welbehagen heeft? Toen zeide Haman in zijn hart: Tot wien heeft de koning een welbehagen, om hem eer te doen, meer dan tot mij?"
      },
      {
        "book_name": "Esther",
        "book": 17,
        "chapter": 6,
        "verse": 7,
        "text": "Daarom zeide Haman tot den koning: Den man, tot wiens eer de koning een welbehagen heeft,"
      },
      {
        "book_name": "Esther",
        "book": 17,
        "chapter": 6,
        "verse": 8,
        "text": "Zal men het koninklijke kleed brengen, dat de koning pleegt aan te trekken, en het paard, waarop de koning pleegt te rijden; en dat de koninklijke kroon op zijn hoofd gezet worde."
      },
      {
        "book_name": "Esther",
        "book": 17,
        "chapter": 6,
        "verse": 9,
        "text": "En men zal dat kleed en dat paard geven in de hand van een uit de vorsten des konings, van de grootste heren, en men zal het dien man aantrekken, tot wiens eer de koning een welbehagen heeft; en men zal hem op dat paard doen rijden door de straten der stad, en men zal voor hem roepen: Alzo zal men dien man doen, tot wiens eer de koning een welbehagen heeft!"
      },
      {
        "book_name": "Esther",
        "book": 17,
        "chapter": 6,
        "verse": 10,
        "text": "Toen zeide de koning tot Haman: Haast u, neem dat kleed, en dat paard, gelijk als gij gesproken hebt, en doe alzo aan Mordechai, den Jood, die aan de poort des konings zit; en laat niet een woord vallen van alles, wat gij gesproken hebt."
      },
      {
        "book_name": "Esther",
        "book": 17,
        "chapter": 6,
        "verse": 11,
        "text": "En Haman nam dat kleed en dat paard, en trok het kleed Mordechai aan, en deed hem rijden door de straten der stad, en hij riep voor hem: Alzo zal men dien man doen, tot wiens eer de koning een welbehagen heeft!"
      },
      {
        "book_name": "Esther",
        "book": 17,
        "chapter": 6,
        "verse": 12,
        "text": "Daarna keerde Mordechai wederom tot de poort des konings; maar Haman werd voortgedreven naar zijn huis, treurig en met bedekten hoofde."
      },
      {
        "book_name": "Esther",
        "book": 17,
        "chapter": 6,
        "verse": 13,
        "text": "En Haman vertelde aan zijn huisvrouw Zeres en al zijn vrienden al wat hem wedervaren was. Toen zeiden hem zijn wijzen, en Zeres, zijn huisvrouw: Indien Mordechai, voor wiens aangezicht gij hebt begonnen te vallen, van het zaad der Joden is, zo zult gij tegen hem niet vermogen; maar gij zult gewisselijk voor zijn aangezicht vallen."
      },
      {
        "book_name": "Esther",
        "book": 17,
        "chapter": 6,
        "verse": 14,
        "text": "Toen zij nog met hem spraken, zo kwamen des konings kamerlingen nabij, en zij haastten Haman tot den maaltijd te brengen, dien Esther bereid had."
      }
    ],
    "7": [
      {
        "book_name": "Esther",
        "book": 17,
        "chapter": 7,
        "verse": 1,
        "text": "1Toen de koning met Haman gekomen was, om te drinken met de koningin Esther;  2Zo zeide de koning tot Esther, ook op den tweeden dag, op den maaltijd des wijns: Wat is uw bede, koningin Esther! en zij zal u gegeven worden; en wat is uw verzoek? Het zal geschieden, ook tot de helft des koninkrijks.  3Toen antwoordde de koningin Esther, en zeide: Indien ik, o koning, genade in uw ogen gevonden heb, en indien het den koning goeddunkt, men geve mij mijn leven, om mijner bede wil, en mijn volk, om mijns verzoeks wil.  4Want wij zijn verkocht, ik en mijn volk, dat men ons verdelge, dode en ombrenge. Indien wij nog tot knechten en tot dienstmaagden waren verkocht geweest, ik zou gezwegen hebben, ofschoon de onderdrukker de schade des konings geenszins zou kunnen vergoeden.  5Toen sprak de koning Ahasveros, en zeide tot de koningin Esther: Wie is die, en waar is diezelve, die zijn hart vervuld heeft, om alzo te doen?  6En Esther zeide: De man, de onderdrukker en vijand, is deze boze Haman! Toen verschrikte Haman voor het aangezicht des konings en der koningin.  7En de koning stond op in zijn grimmigheid van den maaltijd des wijns, en ging naar den hof van het paleis. En Haman bleef staan, om van de koningin Esther, aangaande zijn leven verzoek te doen; want hij zag, dat het kwaad van de koning over hem ten volle besloten was.  8Toen de koning wederkwam uit den hof van het paleis in het huis van den maaltijd des wijns, zo was Haman gevallen op het bed, waarop Esther was. Toen zeide de koning: Zou hij ook wel de koningin verkrachten bij mij in het huis? Het woord ging uit des konings mond, en zij bedekten Hamans aangezicht.  9En Charbona, een van de kamerlingen, voor het aanschijn des konings staande, zeide: Ook zie, de galg, welke Haman gemaakt heeft voor Mordechai, die goed voor den koning gesproken heeft, staat bij Hamans huis, vijftig ellen hoog. Toen zeide de koning: Hang hem daaraan.  10Alzo hingen zij Haman aan de galg, die hij voor Mordechai had doen bereiden; en de grimmigheid des konings werd gestild."
      },
      {
        "book_name": "Esther",
        "book": 17,
        "chapter": 7,
        "verse": 1,
        "text": "Toen de koning met Haman gekomen was, om te drinken met de koningin Esther;"
      },
      {
        "book_name": "Esther",
        "book": 17,
        "chapter": 7,
        "verse": 2,
        "text": "Zo zeide de koning tot Esther, ook op den tweeden dag, op den maaltijd des wijns: Wat is uw bede, koningin Esther! en zij zal u gegeven worden; en wat is uw verzoek? Het zal geschieden, ook tot de helft des koninkrijks."
      },
      {
        "book_name": "Esther",
        "book": 17,
        "chapter": 7,
        "verse": 3,
        "text": "Toen antwoordde de koningin Esther, en zeide: Indien ik, o koning, genade in uw ogen gevonden heb, en indien het den koning goeddunkt, men geve mij mijn leven, om mijner bede wil, en mijn volk, om mijns verzoeks wil."
      },
      {
        "book_name": "Esther",
        "book": 17,
        "chapter": 7,
        "verse": 4,
        "text": "Want wij zijn verkocht, ik en mijn volk, dat men ons verdelge, dode en ombrenge. Indien wij nog tot knechten en tot dienstmaagden waren verkocht geweest, ik zou gezwegen hebben, ofschoon de onderdrukker de schade des konings geenszins zou kunnen vergoeden."
      },
      {
        "book_name": "Esther",
        "book": 17,
        "chapter": 7,
        "verse": 5,
        "text": "Toen sprak de koning Ahasveros, en zeide tot de koningin Esther: Wie is die, en waar is diezelve, die zijn hart vervuld heeft, om alzo te doen?"
      },
      {
        "book_name": "Esther",
        "book": 17,
        "chapter": 7,
        "verse": 6,
        "text": "En Esther zeide: De man, de onderdrukker en vijand, is deze boze Haman! Toen verschrikte Haman voor het aangezicht des konings en der koningin."
      },
      {
        "book_name": "Esther",
        "book": 17,
        "chapter": 7,
        "verse": 7,
        "text": "En de koning stond op in zijn grimmigheid van den maaltijd des wijns, en ging naar den hof van het paleis. En Haman bleef staan, om van de koningin Esther, aangaande zijn leven verzoek te doen; want hij zag, dat het kwaad van de koning over hem ten volle besloten was."
      },
      {
        "book_name": "Esther",
        "book": 17,
        "chapter": 7,
        "verse": 8,
        "text": "Toen de koning wederkwam uit den hof van het paleis in het huis van den maaltijd des wijns, zo was Haman gevallen op het bed, waarop Esther was. Toen zeide de koning: Zou hij ook wel de koningin verkrachten bij mij in het huis? Het woord ging uit des konings mond, en zij bedekten Hamans aangezicht."
      },
      {
        "book_name": "Esther",
        "book": 17,
        "chapter": 7,
        "verse": 9,
        "text": "En Charbona, een van de kamerlingen, voor het aanschijn des konings staande, zeide: Ook zie, de galg, welke Haman gemaakt heeft voor Mordechai, die goed voor den koning gesproken heeft, staat bij Hamans huis, vijftig ellen hoog. Toen zeide de koning: Hang hem daaraan."
      },
      {
        "book_name": "Esther",
        "book": 17,
        "chapter": 7,
        "verse": 10,
        "text": "Alzo hingen zij Haman aan de galg, die hij voor Mordechai had doen bereiden; en de grimmigheid des konings werd gestild."
      }
    ],
    "8": [
      {
        "book_name": "Esther",
        "book": 17,
        "chapter": 8,
        "verse": 1,
        "text": "1Te dienzelfden dage gaf de koning Ahasveros aan de koningin Esther het huis van Haman, den vijand der Joden; en Mordechai kwam voor het aangezicht des konings, want Esther had te kennen gegeven, wat hij voor haar was.  2En de koning toog zijn ring af, dien hij van Haman genomen had, en gaf hem aan Mordechai; en Esther stelde Mordechai over het huis van Haman.  3En Esther sprak verder voor het aangezicht des konings, en zij viel voor zijn voeten, en zij weende, en zij smeekte hem, dat hij de boosheid van Haman, den Agagiet, en zijn gedachte, die hij tegen de Joden gedacht had, zou wegnemen.  4De koning nu reikte den gouden scepter Esther toe. Toen rees Esther op, en zij stond voor het aangezicht des konings.  5En zij zeide: Indien het den koning goeddunkt, en indien ik genade voor zijn aangezicht gevonden heb en deze zaak voor den koning recht is, en ik in zijn ogen aangenaam ben, dat er geschreven worde, dat de brieven en de gedachte van Haman, den zoon van Hammedatha, den Agagiet, wederroepen worden, welke hij geschreven heeft, om de Joden om te brengen, die in al de landschappen des konings zijn.  6Want hoe zal ik vermogen, dat ik aanzie het kwaad, dat mijn volk treffen zal? En hoe zal ik vermogen, dat ik aanzie het verderf van mijn geslacht?  7Toen zeide de koning Ahasveros tot de koningin Esther en tot Mordechai, den Jood: Ziet, het huis van Haman heb ik Esther gegeven, en hem heeft men aan de galg gehangen, omdat hij zijn hand aan de Joden geslagen had.  8Schrijft dan gijlieden voor de Joden, zoals het goed is in uw ogen, in des konings naam, en verzegelt het met des konings ring; want het schrift, dat in des konings naam geschreven, en met des konings ring verzegeld is, is niet te wederroepen.  9Toen werden des konings schrijvers geroepen, ter zelfder tijd, in de derde maand (zij is de maand Sivan), op den drie en twintigsten derzelve, en er werd geschreven naar alles, wat Mordechai gebood, aan de Joden, en aan de stadhouders, en landvoogden, en oversten der landschappen, die van Indië af tot aan Morenland strekken, honderd zeven en twintig landschappen, een ieder landschap naar zijn schrift, een ieder volk naar zijn spraak; ook aan de Joden naar hun schrift en naar hun spraak.  10En men schreef in den naam van den koning Ahasveros, en men verzegelde het met des konings ring; en men zond de brieven door de hand der lopers te paard, rijdende op snelle kemelen, op muildieren, van merriën geteeld;  11Dat de koning den Joden toeliet, die in elke stad waren, zich te vergaderen, en voor hun leven te staan, om te verdelgen, om te doden en om om te brengen alle macht des volks en des landschaps, die hen benauwen zou, de kleine kinderen en de vrouwen, en hun buit te roven;  12Op één dag in al de landschappen van den koning Ahasveros, op den dertienden der twaalfde maand; deze is de maand Adar.  13De inhoud van dit schrift was: dat een wet zou gegeven worden in alle landschappen, openbaar aan alle volken; en dat de Joden gereed zouden zijn tegen dien dag, om zich te wreken aan hun vijanden.  14De lopers, die op snelle kemelen reden en op muildieren, togen snellijk uit, aangedreven zijnde door het woord des konings. Deze wet nu werd gegeven op den burg Susan.  15En Mordechai ging uit van voor het aangezicht des konings in een hemelsblauw en wit koninklijk kleed, en met een grote gouden kroon, en met een opperkleed van fijn linnen en purper; en de stad Susan juichte en was vrolijk.  16Bij de Joden was licht, en blijdschap, en vreugde, en eer;  17Ook in alle en een ieder landschap, en in alle en een iedere stad, ter plaatse, waar des konings woord en zijn wet aankwam, daar was bij de Joden blijdschap en vreugde, maaltijden en vrolijke dagen; en velen uit de volken des lands werden Joden, want de vreze der Joden was op hen gevallen."
      },
      {
        "book_name": "Esther",
        "book": 17,
        "chapter": 8,
        "verse": 1,
        "text": "Te dienzelfden dage gaf de koning Ahasveros aan de koningin Esther het huis van Haman, den vijand der Joden; en Mordechai kwam voor het aangezicht des konings, want Esther had te kennen gegeven, wat hij voor haar was."
      },
      {
        "book_name": "Esther",
        "book": 17,
        "chapter": 8,
        "verse": 2,
        "text": "En de koning toog zijn ring af, dien hij van Haman genomen had, en gaf hem aan Mordechai; en Esther stelde Mordechai over het huis van Haman."
      },
      {
        "book_name": "Esther",
        "book": 17,
        "chapter": 8,
        "verse": 3,
        "text": "En Esther sprak verder voor het aangezicht des konings, en zij viel voor zijn voeten, en zij weende, en zij smeekte hem, dat hij de boosheid van Haman, den Agagiet, en zijn gedachte, die hij tegen de Joden gedacht had, zou wegnemen."
      },
      {
        "book_name": "Esther",
        "book": 17,
        "chapter": 8,
        "verse": 4,
        "text": "De koning nu reikte den gouden scepter Esther toe. Toen rees Esther op, en zij stond voor het aangezicht des konings."
      },
      {
        "book_name": "Esther",
        "book": 17,
        "chapter": 8,
        "verse": 5,
        "text": "En zij zeide: Indien het den koning goeddunkt, en indien ik genade voor zijn aangezicht gevonden heb en deze zaak voor den koning recht is, en ik in zijn ogen aangenaam ben, dat er geschreven worde, dat de brieven en de gedachte van Haman, den zoon van Hammedatha, den Agagiet, wederroepen worden, welke hij geschreven heeft, om de Joden om te brengen, die in al de landschappen des konings zijn."
      },
      {
        "book_name": "Esther",
        "book": 17,
        "chapter": 8,
        "verse": 6,
        "text": "Want hoe zal ik vermogen, dat ik aanzie het kwaad, dat mijn volk treffen zal? En hoe zal ik vermogen, dat ik aanzie het verderf van mijn geslacht?"
      },
      {
        "book_name": "Esther",
        "book": 17,
        "chapter": 8,
        "verse": 7,
        "text": "Toen zeide de koning Ahasveros tot de koningin Esther en tot Mordechai, den Jood: Ziet, het huis van Haman heb ik Esther gegeven, en hem heeft men aan de galg gehangen, omdat hij zijn hand aan de Joden geslagen had."
      },
      {
        "book_name": "Esther",
        "book": 17,
        "chapter": 8,
        "verse": 8,
        "text": "Schrijft dan gijlieden voor de Joden, zoals het goed is in uw ogen, in des konings naam, en verzegelt het met des konings ring; want het schrift, dat in des konings naam geschreven, en met des konings ring verzegeld is, is niet te wederroepen."
      },
      {
        "book_name": "Esther",
        "book": 17,
        "chapter": 8,
        "verse": 9,
        "text": "Toen werden des konings schrijvers geroepen, ter zelfder tijd, in de derde maand (zij is de maand Sivan), op den drie en twintigsten derzelve, en er werd geschreven naar alles, wat Mordechai gebood, aan de Joden, en aan de stadhouders, en landvoogden, en oversten der landschappen, die van Indië af tot aan Morenland strekken, honderd zeven en twintig landschappen, een ieder landschap naar zijn schrift, een ieder volk naar zijn spraak; ook aan de Joden naar hun schrift en naar hun spraak."
      },
      {
        "book_name": "Esther",
        "book": 17,
        "chapter": 8,
        "verse": 10,
        "text": "En men schreef in den naam van den koning Ahasveros, en men verzegelde het met des konings ring; en men zond de brieven door de hand der lopers te paard, rijdende op snelle kemelen, op muildieren, van merriën geteeld;"
      },
      {
        "book_name": "Esther",
        "book": 17,
        "chapter": 8,
        "verse": 11,
        "text": "Dat de koning den Joden toeliet, die in elke stad waren, zich te vergaderen, en voor hun leven te staan, om te verdelgen, om te doden en om om te brengen alle macht des volks en des landschaps, die hen benauwen zou, de kleine kinderen en de vrouwen, en hun buit te roven;"
      },
      {
        "book_name": "Esther",
        "book": 17,
        "chapter": 8,
        "verse": 12,
        "text": "Op één dag in al de landschappen van den koning Ahasveros, op den dertienden der twaalfde maand; deze is de maand Adar."
      },
      {
        "book_name": "Esther",
        "book": 17,
        "chapter": 8,
        "verse": 13,
        "text": "De inhoud van dit schrift was: dat een wet zou gegeven worden in alle landschappen, openbaar aan alle volken; en dat de Joden gereed zouden zijn tegen dien dag, om zich te wreken aan hun vijanden."
      },
      {
        "book_name": "Esther",
        "book": 17,
        "chapter": 8,
        "verse": 14,
        "text": "De lopers, die op snelle kemelen reden en op muildieren, togen snellijk uit, aangedreven zijnde door het woord des konings. Deze wet nu werd gegeven op den burg Susan."
      },
      {
        "book_name": "Esther",
        "book": 17,
        "chapter": 8,
        "verse": 15,
        "text": "En Mordechai ging uit van voor het aangezicht des konings in een hemelsblauw en wit koninklijk kleed, en met een grote gouden kroon, en met een opperkleed van fijn linnen en purper; en de stad Susan juichte en was vrolijk."
      },
      {
        "book_name": "Esther",
        "book": 17,
        "chapter": 8,
        "verse": 16,
        "text": "Bij de Joden was licht, en blijdschap, en vreugde, en eer;"
      },
      {
        "book_name": "Esther",
        "book": 17,
        "chapter": 8,
        "verse": 17,
        "text": "Ook in alle en een ieder landschap, en in alle en een iedere stad, ter plaatse, waar des konings woord en zijn wet aankwam, daar was bij de Joden blijdschap en vreugde, maaltijden en vrolijke dagen; en velen uit de volken des lands werden Joden, want de vreze der Joden was op hen gevallen."
      }
    ],
    "9": [
      {
        "book_name": "Esther",
        "book": 17,
        "chapter": 9,
        "verse": 1,
        "text": "1In de twaalfde maand nu (dezelve is de maand Adar), op den dertienden dag derzelve, toen des konings woord en zijn wet nabij gekomen was, dat men het doen zou, ten dage, als de vijanden der Joden hoopten over hen te heersen, zo is het omgekeerd, want de Joden heersten zelven over hun haters.  2  Want de Joden vergaderden zich in hun steden, in al de landschappen van den koning Ahasveros, om de hand te slaan aan degenen, die hun verderf zochten; en niemand bestond voor hen, want hunlieder schrik was op al die volken gevallen.  3En al de oversten der landschappen, en de stadhouders, en landvoogden, en die het werk des konings deden, verhieven de Joden; want de vreze van Mordechai was op hen gevallen.  4Want Mordechai was groot in het huis des konings, en zijn gerucht ging uit door alle landschappen; want die man, Mordechai, werd doorgaans groter.  5De Joden nu sloegen op al hun vijanden, met den slag des zwaards, en der doding, en der verderving; en zij deden met hun haters naar hun welbehagen.  6En in den burg Susan hebben de Joden gedood en omgebracht vijfhonderd mannen.  7En Parsandatha, en Dalfon, en Asfata,  8En Poratha, en Adalia, en Aridatha,  9En Parmastha, en Arisai, en Aridai, en Vaizatha,  10De tien zonen van Haman, den zoon van Hammedatha, den vijand der Joden, doodden zij; maar zij sloegen hun handen niet aan den roof.  11Ten zelfden dage kwam voor den koning het getal der gedoden op den burg Susan.  12En de koning zeide tot de koningin Esther: Te Susan op den burg hebben de Joden gedood en omgebracht vijfhonderd mannen en de tien zonen van Haman; wat hebben zij in al de andere landschappen des konings gedaan? Wat is nu uw bede? en het zal u gegeven worden; of wat is verder uw verzoek? het zal geschieden.  13Toen zeide Esther: Dunkt het den koning goed, men late ook morgen den Joden, die te Susan zijn, toe, te doen naar het gebod van heden; en men hange de tien zonen van Haman aan de galg.  14Toen zeide de koning, dat men alzo doen zou; en er werd een gebod gegeven te Susan, en men hing de tien zonen van Haman op.  15En de Joden, die te Susan waren, vergaderden ook op den veertienden dag der maand Adar, en zij doodden te Susan driehonderd mannen; maar zij sloegen hun hand niet aan den roof.  16De overige Joden nu, die in de landschappen des konings waren, vergaderden, opdat zij stonden voor hun leven, en rust hadden van hun vijanden, en zij doodden onder hun haters vijf en zeventig duizend; maar zij sloegen hun hand niet aan den roof.  17  Dit geschiedde op den dertienden dag der maand Adar; en op den veertienden derzelve rustten zij, en zij maakten denzelven een dag der maaltijden en der vreugde.  18En de Joden, die te Susan waren, vergaderden op den dertienden derzelve, en op den veertienden derzelve; en zij rustten op den vijftienden derzelve, en zij maakten denzelven een dag der maaltijden en der vreugde.  19Daarom maakten de Joden van de dorpen, die in de dorpsteden woonden, den veertienden dag der maand Adar ter vreugde en maaltijden, en een vrolijken dag, en der zending van delen aan elkander.  20En Mordechai beschreef deze geschiedenissen; en hij zond brieven aan al de Joden, die in al de landschappen van den koning Ahasveros waren, dien, die nabij, en dien, die verre waren,  21Om over hen te bevestigen, dat zij zouden onderhouden den veertienden dag der maand Adar, en den vijftienden dag derzelve, in alle en in ieder jaar;  22Naar de dagen, in dewelke de Joden tot rust gekomen waren van hun vijanden, en de maand, die hun veranderd was van droefenis in blijdschap, en van rouw in een vrolijken dag; dat zij dezelve dagen maken zouden tot dagen der maaltijden, en der vreugde, en der zending van delen aan elkander, en der gaven aan de armen.  23En de Joden namen aan te doen, wat zij begonnen hadden, en dat Mordechai aan hen geschreven had.  24Omdat Haman, de zoon van Hammedatha, den Agagiet, aller Joden vijand, tegen de Joden gedacht had hen om te brengen; en dat hij het Pur, dat is, het lot had geworpen, om hen te verslaan, en om hen om te brengen.  25Maar als zij voor den koning gekomen was, heeft hij door brieven bevolen, dat zijn boze gedachte, die hij gedacht had over de Joden, op zijn hoofd zou wederkeren; en men heeft hem en zijn zonen aan de galg gehangen.  26Daarom noemt men die dagen Purim, van den naam van dat Pur. Hierom, vanwege al de woorden van dien brief, en hetgeen zij zelven daarvan gezien hadden, en wat tot hen overgekomen was,  27Bevestigden de Joden, en namen op zich en op hun zaad, en op allen, die zich tot hen vervoegen zouden, dat men het niet overtrade, dat zij deze twee dagen zouden houden, naar het voorschrift derzelve, en naar den bestemden tijd derzelve, in alle en ieder jaar;  28Dat deze dagen gedacht zouden worden en onderhouden, in alle en elk geslacht, elk huisgezin, elk landschap en elke stad; en dat deze dagen van Purim niet zouden overtreden worden onder de Joden, en dat de gedachtenis derzelve geen einde nemen zou bij hun zaad.  29Daarna schreef de koningin Esther, de dochter van Abichaïl, en Mordechai, de Jood, met alle macht, om dezen brief van Purim ten tweeden male te bevestigen.  30En hij zond de brieven aan al de Joden, in de honderd zeven en twintig landschappen van het koninkrijk van Ahasveros, met woorden van vrede en trouw;  31Dat zij deze dagen van Purim bevestigen zouden op hun bestemde tijden, gelijk als Mordechai, de Jood, over hen bevestigd had, en Esther, de koningin, en gelijk als zij het bevestigd hadden voor zichzelven en voor hun zaad; de zaken van het vasten en hunlieder geroep.  32En het bevel van Esther bevestigde de geschiedenissen van deze Purim, en het werd in een boek geschreven."
      },
      {
        "book_name": "Esther",
        "book": 17,
        "chapter": 9,
        "verse": 1,
        "text": "In de twaalfde maand nu (dezelve is de maand Adar), op den dertienden dag derzelve, toen des konings woord en zijn wet nabij gekomen was, dat men het doen zou, ten dage, als de vijanden der Joden hoopten over hen te heersen, zo is het omgekeerd, want de Joden heersten zelven over hun haters."
      },
      {
        "book_name": "Esther",
        "book": 17,
        "chapter": 9,
        "verse": 2,
        "text": "Want de Joden vergaderden zich in hun steden, in al de landschappen van den koning Ahasveros, om de hand te slaan aan degenen, die hun verderf zochten; en niemand bestond voor hen, want hunlieder schrik was op al die volken gevallen."
      },
      {
        "book_name": "Esther",
        "book": 17,
        "chapter": 9,
        "verse": 3,
        "text": "En al de oversten der landschappen, en de stadhouders, en landvoogden, en die het werk des konings deden, verhieven de Joden; want de vreze van Mordechai was op hen gevallen."
      },
      {
        "book_name": "Esther",
        "book": 17,
        "chapter": 9,
        "verse": 4,
        "text": "Want Mordechai was groot in het huis des konings, en zijn gerucht ging uit door alle landschappen; want die man, Mordechai, werd doorgaans groter."
      },
      {
        "book_name": "Esther",
        "book": 17,
        "chapter": 9,
        "verse": 5,
        "text": "De Joden nu sloegen op al hun vijanden, met den slag des zwaards, en der doding, en der verderving; en zij deden met hun haters naar hun welbehagen."
      },
      {
        "book_name": "Esther",
        "book": 17,
        "chapter": 9,
        "verse": 6,
        "text": "En in den burg Susan hebben de Joden gedood en omgebracht vijfhonderd mannen."
      },
      {
        "book_name": "Esther",
        "book": 17,
        "chapter": 9,
        "verse": 7,
        "text": "En Parsandatha, en Dalfon, en Asfata,"
      },
      {
        "book_name": "Esther",
        "book": 17,
        "chapter": 9,
        "verse": 8,
        "text": "En Poratha, en Adalia, en Aridatha,"
      },
      {
        "book_name": "Esther",
        "book": 17,
        "chapter": 9,
        "verse": 9,
        "text": "En Parmastha, en Arisai, en Aridai, en Vaizatha,"
      },
      {
        "book_name": "Esther",
        "book": 17,
        "chapter": 9,
        "verse": 10,
        "text": "De tien zonen van Haman, den zoon van Hammedatha, den vijand der Joden, doodden zij; maar zij sloegen hun handen niet aan den roof."
      },
      {
        "book_name": "Esther",
        "book": 17,
        "chapter": 9,
        "verse": 11,
        "text": "Ten zelfden dage kwam voor den koning het getal der gedoden op den burg Susan."
      },
      {
        "book_name": "Esther",
        "book": 17,
        "chapter": 9,
        "verse": 12,
        "text": "En de koning zeide tot de koningin Esther: Te Susan op den burg hebben de Joden gedood en omgebracht vijfhonderd mannen en de tien zonen van Haman; wat hebben zij in al de andere landschappen des konings gedaan? Wat is nu uw bede? en het zal u gegeven worden; of wat is verder uw verzoek? het zal geschieden."
      },
      {
        "book_name": "Esther",
        "book": 17,
        "chapter": 9,
        "verse": 13,
        "text": "Toen zeide Esther: Dunkt het den koning goed, men late ook morgen den Joden, die te Susan zijn, toe, te doen naar het gebod van heden; en men hange de tien zonen van Haman aan de galg."
      },
      {
        "book_name": "Esther",
        "book": 17,
        "chapter": 9,
        "verse": 14,
        "text": "Toen zeide de koning, dat men alzo doen zou; en er werd een gebod gegeven te Susan, en men hing de tien zonen van Haman op."
      },
      {
        "book_name": "Esther",
        "book": 17,
        "chapter": 9,
        "verse": 15,
        "text": "En de Joden, die te Susan waren, vergaderden ook op den veertienden dag der maand Adar, en zij doodden te Susan driehonderd mannen; maar zij sloegen hun hand niet aan den roof."
      },
      {
        "book_name": "Esther",
        "book": 17,
        "chapter": 9,
        "verse": 16,
        "text": "De overige Joden nu, die in de landschappen des konings waren, vergaderden, opdat zij stonden voor hun leven, en rust hadden van hun vijanden, en zij doodden onder hun haters vijf en zeventig duizend; maar zij sloegen hun hand niet aan den roof."
      },
      {
        "book_name": "Esther",
        "book": 17,
        "chapter": 9,
        "verse": 17,
        "text": "Dit geschiedde op den dertienden dag der maand Adar; en op den veertienden derzelve rustten zij, en zij maakten denzelven een dag der maaltijden en der vreugde."
      },
      {
        "book_name": "Esther",
        "book": 17,
        "chapter": 9,
        "verse": 18,
        "text": "En de Joden, die te Susan waren, vergaderden op den dertienden derzelve, en op den veertienden derzelve; en zij rustten op den vijftienden derzelve, en zij maakten denzelven een dag der maaltijden en der vreugde."
      },
      {
        "book_name": "Esther",
        "book": 17,
        "chapter": 9,
        "verse": 19,
        "text": "Daarom maakten de Joden van de dorpen, die in de dorpsteden woonden, den veertienden dag der maand Adar ter vreugde en maaltijden, en een vrolijken dag, en der zending van delen aan elkander."
      },
      {
        "book_name": "Esther",
        "book": 17,
        "chapter": 9,
        "verse": 20,
        "text": "En Mordechai beschreef deze geschiedenissen; en hij zond brieven aan al de Joden, die in al de landschappen van den koning Ahasveros waren, dien, die nabij, en dien, die verre waren,"
      },
      {
        "book_name": "Esther",
        "book": 17,
        "chapter": 9,
        "verse": 21,
        "text": "Om over hen te bevestigen, dat zij zouden onderhouden den veertienden dag der maand Adar, en den vijftienden dag derzelve, in alle en in ieder jaar;"
      },
      {
        "book_name": "Esther",
        "book": 17,
        "chapter": 9,
        "verse": 22,
        "text": "Naar de dagen, in dewelke de Joden tot rust gekomen waren van hun vijanden, en de maand, die hun veranderd was van droefenis in blijdschap, en van rouw in een vrolijken dag; dat zij dezelve dagen maken zouden tot dagen der maaltijden, en der vreugde, en der zending van delen aan elkander, en der gaven aan de armen."
      },
      {
        "book_name": "Esther",
        "book": 17,
        "chapter": 9,
        "verse": 23,
        "text": "En de Joden namen aan te doen, wat zij begonnen hadden, en dat Mordechai aan hen geschreven had."
      },
      {
        "book_name": "Esther",
        "book": 17,
        "chapter": 9,
        "verse": 24,
        "text": "Omdat Haman, de zoon van Hammedatha, den Agagiet, aller Joden vijand, tegen de Joden gedacht had hen om te brengen; en dat hij het Pur, dat is, het lot had geworpen, om hen te verslaan, en om hen om te brengen."
      },
      {
        "book_name": "Esther",
        "book": 17,
        "chapter": 9,
        "verse": 25,
        "text": "Maar als zij voor den koning gekomen was, heeft hij door brieven bevolen, dat zijn boze gedachte, die hij gedacht had over de Joden, op zijn hoofd zou wederkeren; en men heeft hem en zijn zonen aan de galg gehangen."
      },
      {
        "book_name": "Esther",
        "book": 17,
        "chapter": 9,
        "verse": 26,
        "text": "Daarom noemt men die dagen Purim, van den naam van dat Pur. Hierom, vanwege al de woorden van dien brief, en hetgeen zij zelven daarvan gezien hadden, en wat tot hen overgekomen was,"
      },
      {
        "book_name": "Esther",
        "book": 17,
        "chapter": 9,
        "verse": 27,
        "text": "Bevestigden de Joden, en namen op zich en op hun zaad, en op allen, die zich tot hen vervoegen zouden, dat men het niet overtrade, dat zij deze twee dagen zouden houden, naar het voorschrift derzelve, en naar den bestemden tijd derzelve, in alle en ieder jaar;"
      },
      {
        "book_name": "Esther",
        "book": 17,
        "chapter": 9,
        "verse": 28,
        "text": "Dat deze dagen gedacht zouden worden en onderhouden, in alle en elk geslacht, elk huisgezin, elk landschap en elke stad; en dat deze dagen van Purim niet zouden overtreden worden onder de Joden, en dat de gedachtenis derzelve geen einde nemen zou bij hun zaad."
      },
      {
        "book_name": "Esther",
        "book": 17,
        "chapter": 9,
        "verse": 29,
        "text": "Daarna schreef de koningin Esther, de dochter van Abichaïl, en Mordechai, de Jood, met alle macht, om dezen brief van Purim ten tweeden male te bevestigen."
      },
      {
        "book_name": "Esther",
        "book": 17,
        "chapter": 9,
        "verse": 30,
        "text": "En hij zond de brieven aan al de Joden, in de honderd zeven en twintig landschappen van het koninkrijk van Ahasveros, met woorden van vrede en trouw;"
      },
      {
        "book_name": "Esther",
        "book": 17,
        "chapter": 9,
        "verse": 31,
        "text": "Dat zij deze dagen van Purim bevestigen zouden op hun bestemde tijden, gelijk als Mordechai, de Jood, over hen bevestigd had, en Esther, de koningin, en gelijk als zij het bevestigd hadden voor zichzelven en voor hun zaad; de zaken van het vasten en hunlieder geroep."
      },
      {
        "book_name": "Esther",
        "book": 17,
        "chapter": 9,
        "verse": 32,
        "text": "En het bevel van Esther bevestigde de geschiedenissen van deze Purim, en het werd in een boek geschreven."
      }
    ],
    "10": [
      {
        "book_name": "Esther",
        "book": 17,
        "chapter": 10,
        "verse": 1,
        "text": "1Daarna legde de koning Ahasveros schatting op het land, en de eilanden der zee.  2Al de werken nu zijner macht en zijns gewelds, en de verklaring der grootheid van Mordechai, denwelken de koning groot gemaakt heeft, zijn die niet geschreven in het boek der kronieken der koningen van Medië en Perzië?  3Want de Jood Mordechai was de tweede bij den koning Ahasveros, en groot bij de Joden, en aangenaam bij de menigte zijner broederen, zoekende het beste voor zijn volk, en sprekende voor den welstand van zijn ganse zaad."
      },
      {
        "book_name": "Esther",
        "book": 17,
        "chapter": 10,
        "verse": 1,
        "text": "Daarna legde de koning Ahasveros schatting op het land, en de eilanden der zee."
      },
      {
        "book_name": "Esther",
        "book": 17,
        "chapter": 10,
        "verse": 2,
        "text": "Al de werken nu zijner macht en zijns gewelds, en de verklaring der grootheid van Mordechai, denwelken de koning groot gemaakt heeft, zijn die niet geschreven in het boek der kronieken der koningen van Medië en Perzië?"
      },
      {
        "book_name": "Esther",
        "book": 17,
        "chapter": 10,
        "verse": 3,
        "text": "Want de Jood Mordechai was de tweede bij den koning Ahasveros, en groot bij de Joden, en aangenaam bij de menigte zijner broederen, zoekende het beste voor zijn volk, en sprekende voor den welstand van zijn ganse zaad."
      }
    ]
  }
}