{
  "source": "bible.com",
  "version": "Statenvertaling (1750)",
  "book": "Habakuk",
  "chapters": {
    "1": [
      {
        "book_name": "Habakuk",
        "book": 35,
        "chapter": 1,
        "verse": 1,
        "text": "1De last, welken Habakuk, de profeet, gezien heeft.  2HEERE! hoe lang schreeuw ik, en Gij hoort niet, hoe lang roep ik geweld, tot U, en Gij verlost niet!  3Waarom laat Gij mij ongerechtigheid zien, en aanschouwt de kwelling? Want verwoesting en geweld is tegen mij over, en er is twist, en men neemt gekijf op.  4Daarom wordt de wet onderlaten, en het recht komt nimmermeer voort; want de goddeloze omringt den rechtvaardige; daarom komt het recht verdraaid voor.  5Ziet onder de heidenen, en aanschouwt, en verwondert u, verwondert u, want Ik werk een werk in ulieder dagen, hetwelk gij niet geloven zult, als het verteld zal worden.  6Want ziet, Ik verwek de Chaldeën, een bitter en snel volk, trekkende door de breedten der aarde, om erfelijk te bezitten woningen, die de zijne niet zijn.  7Schrikkelijk en vreselijk is hetzelve; zijn recht en zijn hoogheid gaat van hemzelven uit.  8Want zijn paarden zijn lichter dan de luipaarden, en zij zijn scherper dan de avondwolven, en zijn ruiters verspreiden zich; ja, zijn ruiters zullen van verre komen, zij zullen vliegen als een arend, zich spoedende om te eten.  9Het zal geheellijk tot geweld komen, wat zij inslorpen zullen met hun aangezichten, zullen zij brengen naar het oosten; en het zal de gevangenen verzamelen als zand.  10En hij zal de koningen beschimpen, en de prinsen zullen hem een belaching zijn; hij zal alle vesting belachen; want hij zal stof vergaderen, en hij zal ze innemen.  11Dan zal hij den geest veranderen, en hij zal doortrekken, en zich schuldig maken, houdende deze zijn kracht voor zijn god.  12Zijt Gij niet van ouds af de HEERE, mijn God, mijn Heilige? Wij zullen niet sterven; o HEERE! tot een oordeel hebt Gij hem gesteld, en o Rots! om te straffen, hebt Gij hem gegrondvest.  13Gij zijt te rein van ogen, dan dat Gij het kwade zoudt zien, en de kwelling kunt Gij niet aanschouwen; waarom zoudt Gij aanschouwen die trouwelooslijk handelen? Waarom zoudt Gij zwijgen, als de goddeloze dien verslindt, die rechtvaardiger is dan hij?  14En waarom zoudt Gij de mensen maken, als de vissen der zee, als het kruipend gedierte, dat geen heerser heeft?  15Hij trekt ze allen met den angel op, hij vergadert ze in zijn garen, en hij verzamelt ze in zijn net; daarom verblijdt en verheugt hij zich.  16Daarom offert hij aan zijn garen, en rookt aan zijn net; want door dezelve is zijn deel vet geworden, en zijn spijze smoutig.  17Zal hij dan daarom altoos zijn garen ledig maken, en zal hij niet verschonen, met altoos de volken te doden?"
      },
      {
        "book_name": "Habakuk",
        "book": 35,
        "chapter": 1,
        "verse": 1,
        "text": "De last, welken Habakuk, de profeet, gezien heeft."
      },
      {
        "book_name": "Habakuk",
        "book": 35,
        "chapter": 1,
        "verse": 2,
        "text": "HEERE! hoe lang schreeuw ik, en Gij hoort niet, hoe lang roep ik geweld, tot U, en Gij verlost niet!"
      },
      {
        "book_name": "Habakuk",
        "book": 35,
        "chapter": 1,
        "verse": 3,
        "text": "Waarom laat Gij mij ongerechtigheid zien, en aanschouwt de kwelling? Want verwoesting en geweld is tegen mij over, en er is twist, en men neemt gekijf op."
      },
      {
        "book_name": "Habakuk",
        "book": 35,
        "chapter": 1,
        "verse": 4,
        "text": "Daarom wordt de wet onderlaten, en het recht komt nimmermeer voort; want de goddeloze omringt den rechtvaardige; daarom komt het recht verdraaid voor."
      },
      {
        "book_name": "Habakuk",
        "book": 35,
        "chapter": 1,
        "verse": 5,
        "text": "Ziet onder de heidenen, en aanschouwt, en verwondert u, verwondert u, want Ik werk een werk in ulieder dagen, hetwelk gij niet geloven zult, als het verteld zal worden."
      },
      {
        "book_name": "Habakuk",
        "book": 35,
        "chapter": 1,
        "verse": 6,
        "text": "Want ziet, Ik verwek de Chaldeën, een bitter en snel volk, trekkende door de breedten der aarde, om erfelijk te bezitten woningen, die de zijne niet zijn."
      },
      {
        "book_name": "Habakuk",
        "book": 35,
        "chapter": 1,
        "verse": 7,
        "text": "Schrikkelijk en vreselijk is hetzelve; zijn recht en zijn hoogheid gaat van hemzelven uit."
      },
      {
        "book_name": "Habakuk",
        "book": 35,
        "chapter": 1,
        "verse": 8,
        "text": "Want zijn paarden zijn lichter dan de luipaarden, en zij zijn scherper dan de avondwolven, en zijn ruiters verspreiden zich; ja, zijn ruiters zullen van verre komen, zij zullen vliegen als een arend, zich spoedende om te eten."
      },
      {
        "book_name": "Habakuk",
        "book": 35,
        "chapter": 1,
        "verse": 9,
        "text": "Het zal geheellijk tot geweld komen, wat zij inslorpen zullen met hun aangezichten, zullen zij brengen naar het oosten; en het zal de gevangenen verzamelen als zand."
      },
      {
        "book_name": "Habakuk",
        "book": 35,
        "chapter": 1,
        "verse": 10,
        "text": "En hij zal de koningen beschimpen, en de prinsen zullen hem een belaching zijn; hij zal alle vesting belachen; want hij zal stof vergaderen, en hij zal ze innemen."
      },
      {
        "book_name": "Habakuk",
        "book": 35,
        "chapter": 1,
        "verse": 11,
        "text": "Dan zal hij den geest veranderen, en hij zal doortrekken, en zich schuldig maken, houdende deze zijn kracht voor zijn god."
      },
      {
        "book_name": "Habakuk",
        "book": 35,
        "chapter": 1,
        "verse": 12,
        "text": "Zijt Gij niet van ouds af de HEERE, mijn God, mijn Heilige? Wij zullen niet sterven; o HEERE! tot een oordeel hebt Gij hem gesteld, en o Rots! om te straffen, hebt Gij hem gegrondvest."
      },
      {
        "book_name": "Habakuk",
        "book": 35,
        "chapter": 1,
        "verse": 13,
        "text": "Gij zijt te rein van ogen, dan dat Gij het kwade zoudt zien, en de kwelling kunt Gij niet aanschouwen; waarom zoudt Gij aanschouwen die trouwelooslijk handelen? Waarom zoudt Gij zwijgen, als de goddeloze dien verslindt, die rechtvaardiger is dan hij?"
      },
      {
        "book_name": "Habakuk",
        "book": 35,
        "chapter": 1,
        "verse": 14,
        "text": "En waarom zoudt Gij de mensen maken, als de vissen der zee, als het kruipend gedierte, dat geen heerser heeft?"
      },
      {
        "book_name": "Habakuk",
        "book": 35,
        "chapter": 1,
        "verse": 15,
        "text": "Hij trekt ze allen met den angel op, hij vergadert ze in zijn garen, en hij verzamelt ze in zijn net; daarom verblijdt en verheugt hij zich."
      },
      {
        "book_name": "Habakuk",
        "book": 35,
        "chapter": 1,
        "verse": 16,
        "text": "Daarom offert hij aan zijn garen, en rookt aan zijn net; want door dezelve is zijn deel vet geworden, en zijn spijze smoutig."
      },
      {
        "book_name": "Habakuk",
        "book": 35,
        "chapter": 1,
        "verse": 17,
        "text": "Zal hij dan daarom altoos zijn garen ledig maken, en zal hij niet verschonen, met altoos de volken te doden?"
      }
    ],
    "2": [
      {
        "book_name": "Habakuk",
        "book": 35,
        "chapter": 2,
        "verse": 1,
        "text": "1Ik stond op mijn wacht, en ik stelde mij op de sterkte, en ik hield wacht om te zien, wat Hij in mij spreken zou, en wat ik antwoorden zou op mijn bestraffing.  2Toen antwoordde mij de HEERE, en zeide: Schrijf het gezicht, en stel het duidelijk op tafelen, opdat daarin leze die voorbijloopt.  3Want het gezicht zal nog tot een bestemden tijd zijn, dan zal Hij het op het einde voortbrengen, en niet liegen; zo Hij vertoeft, verbeid Hem, want Hij zal gewisselijk komen, Hij zal niet achterblijven.  4Ziet, zijn ziel verheft zich, zij is niet recht in hem; maar de rechtvaardige zal door zijn geloof leven.  5En ook dewijl hij trouwelooslijk handelt bij den wijn, een trots man is, en in zijn woning niet blijft; die zijn ziel wijd opendoet als het graf, en gelijk de dood is, die niet zat wordt, en tot zich verzamelt al de heidenen, en vergadert tot zich alle volken.  6Zouden dan niet al dezelve van hem een spreekwoord opnemen, en een uitlegging der raadselen van hem? En men zal zeggen: Wee dien, die vermeerdert hetgeen het zijne niet is (hoe lange!), en dien, die op zich laadt dik slijk.  7Zullen niet onvoorziens opstaan, die u bijten zullen, en ontwaken, die u zullen bewegen, en zult gij hun niet tot plundering worden?  8Omdat gij vele heidenen beroofd hebt, zo zullen alle overgeblevene volken u beroven; om het bloed der mensen, en het geweld aan het land, de stad, en alle inwoners derzelve.  9Wee dien, die met kwade gierigheid giert voor zijn huis, opdat hij in de hoogte zijn nest stelle, om bevrijd te zijn uit de hand des kwaads.  10Gij hebt schaamte beraadslaagd voor uw huis; uitroeiende vele volken, zo hebt gij gezondigd tegen uw ziel.  11Want de steen uit den muur roept, en de balk uit het hout antwoordt dien.  12Wee dien, die de stad met bloed bouwt, en die de stad met onrecht bevestigt!  13Ziet, is het niet van den HEERE der heirscharen, dat de volken arbeiden ten vure, en de lieden zich vermoeien tevergeefs?  14Want de aarde zal vervuld worden, dat zij de heerlijkheid des HEEREN bekennen, gelijk de wateren den bodem der zee bedekken.  15Wee dien, die zijn naaste te drinken geeft, gij, die uw wijnfles daarbij voegt, en ook dronken maakt, opdat gij hun naaktheden aanschouwt.  16Gij zult ook verzadigd worden met schande, voor eer; drinkt gij ook, en ontbloot de voorhuid; de beker der rechterhand des HEEREN zal zich tot u wenden, en er zal een schandelijk uitbraaksel over uw heerlijkheid zijn.  17Want het geweld, dat tegen Libanon begaan is, zal u bedekken, en de verwoesting der beesten zal ze verschrikken, om des bloeds wil der mensen, en des gewelds in het land, de stad en aan alle inwoners derzelve.  18Wat zal het gesneden beeld baten, dat zijn formeerder het gesneden heeft? of het gegoten beeld, hetwelk een leugenleraar is, dat de formeerder op zijn formeersel vertrouwt, als hij stomme afgoden gemaakt heeft?  19Wee dien, die tot het hout zegt: Word wakker! en: Ontwaak! tot den zwijgenden steen. Zou het leren? Ziet, het is met goud en zilver overtrokken, en er is gans geen geest in het midden van hetzelve.  20Maar de HEERE is in Zijn heiligen tempel. Zwijg voor Zijn aangezicht, gij ganse aarde!"
      },
      {
        "book_name": "Habakuk",
        "book": 35,
        "chapter": 2,
        "verse": 1,
        "text": "Ik stond op mijn wacht, en ik stelde mij op de sterkte, en ik hield wacht om te zien, wat Hij in mij spreken zou, en wat ik antwoorden zou op mijn bestraffing."
      },
      {
        "book_name": "Habakuk",
        "book": 35,
        "chapter": 2,
        "verse": 2,
        "text": "Toen antwoordde mij de HEERE, en zeide: Schrijf het gezicht, en stel het duidelijk op tafelen, opdat daarin leze die voorbijloopt."
      },
      {
        "book_name": "Habakuk",
        "book": 35,
        "chapter": 2,
        "verse": 3,
        "text": "Want het gezicht zal nog tot een bestemden tijd zijn, dan zal Hij het op het einde voortbrengen, en niet liegen; zo Hij vertoeft, verbeid Hem, want Hij zal gewisselijk komen, Hij zal niet achterblijven."
      },
      {
        "book_name": "Habakuk",
        "book": 35,
        "chapter": 2,
        "verse": 4,
        "text": "Ziet, zijn ziel verheft zich, zij is niet recht in hem; maar de rechtvaardige zal door zijn geloof leven."
      },
      {
        "book_name": "Habakuk",
        "book": 35,
        "chapter": 2,
        "verse": 5,
        "text": "En ook dewijl hij trouwelooslijk handelt bij den wijn, een trots man is, en in zijn woning niet blijft; die zijn ziel wijd opendoet als het graf, en gelijk de dood is, die niet zat wordt, en tot zich verzamelt al de heidenen, en vergadert tot zich alle volken."
      },
      {
        "book_name": "Habakuk",
        "book": 35,
        "chapter": 2,
        "verse": 6,
        "text": "Zouden dan niet al dezelve van hem een spreekwoord opnemen, en een uitlegging der raadselen van hem? En men zal zeggen: Wee dien, die vermeerdert hetgeen het zijne niet is (hoe lange!), en dien, die op zich laadt dik slijk."
      },
      {
        "book_name": "Habakuk",
        "book": 35,
        "chapter": 2,
        "verse": 7,
        "text": "Zullen niet onvoorziens opstaan, die u bijten zullen, en ontwaken, die u zullen bewegen, en zult gij hun niet tot plundering worden?"
      },
      {
        "book_name": "Habakuk",
        "book": 35,
        "chapter": 2,
        "verse": 8,
        "text": "Omdat gij vele heidenen beroofd hebt, zo zullen alle overgeblevene volken u beroven; om het bloed der mensen, en het geweld aan het land, de stad, en alle inwoners derzelve."
      },
      {
        "book_name": "Habakuk",
        "book": 35,
        "chapter": 2,
        "verse": 9,
        "text": "Wee dien, die met kwade gierigheid giert voor zijn huis, opdat hij in de hoogte zijn nest stelle, om bevrijd te zijn uit de hand des kwaads."
      },
      {
        "book_name": "Habakuk",
        "book": 35,
        "chapter": 2,
        "verse": 10,
        "text": "Gij hebt schaamte beraadslaagd voor uw huis; uitroeiende vele volken, zo hebt gij gezondigd tegen uw ziel."
      },
      {
        "book_name": "Habakuk",
        "book": 35,
        "chapter": 2,
        "verse": 11,
        "text": "Want de steen uit den muur roept, en de balk uit het hout antwoordt dien."
      },
      {
        "book_name": "Habakuk",
        "book": 35,
        "chapter": 2,
        "verse": 12,
        "text": "Wee dien, die de stad met bloed bouwt, en die de stad met onrecht bevestigt!"
      },
      {
        "book_name": "Habakuk",
        "book": 35,
        "chapter": 2,
        "verse": 13,
        "text": "Ziet, is het niet van den HEERE der heirscharen, dat de volken arbeiden ten vure, en de lieden zich vermoeien tevergeefs?"
      },
      {
        "book_name": "Habakuk",
        "book": 35,
        "chapter": 2,
        "verse": 14,
        "text": "Want de aarde zal vervuld worden, dat zij de heerlijkheid des HEEREN bekennen, gelijk de wateren den bodem der zee bedekken."
      },
      {
        "book_name": "Habakuk",
        "book": 35,
        "chapter": 2,
        "verse": 15,
        "text": "Wee dien, die zijn naaste te drinken geeft, gij, die uw wijnfles daarbij voegt, en ook dronken maakt, opdat gij hun naaktheden aanschouwt."
      },
      {
        "book_name": "Habakuk",
        "book": 35,
        "chapter": 2,
        "verse": 16,
        "text": "Gij zult ook verzadigd worden met schande, voor eer; drinkt gij ook, en ontbloot de voorhuid; de beker der rechterhand des HEEREN zal zich tot u wenden, en er zal een schandelijk uitbraaksel over uw heerlijkheid zijn."
      },
      {
        "book_name": "Habakuk",
        "book": 35,
        "chapter": 2,
        "verse": 17,
        "text": "Want het geweld, dat tegen Libanon begaan is, zal u bedekken, en de verwoesting der beesten zal ze verschrikken, om des bloeds wil der mensen, en des gewelds in het land, de stad en aan alle inwoners derzelve."
      },
      {
        "book_name": "Habakuk",
        "book": 35,
        "chapter": 2,
        "verse": 18,
        "text": "Wat zal het gesneden beeld baten, dat zijn formeerder het gesneden heeft? of het gegoten beeld, hetwelk een leugenleraar is, dat de formeerder op zijn formeersel vertrouwt, als hij stomme afgoden gemaakt heeft?"
      },
      {
        "book_name": "Habakuk",
        "book": 35,
        "chapter": 2,
        "verse": 19,
        "text": "Wee dien, die tot het hout zegt: Word wakker! en: Ontwaak! tot den zwijgenden steen. Zou het leren? Ziet, het is met goud en zilver overtrokken, en er is gans geen geest in het midden van hetzelve."
      },
      {
        "book_name": "Habakuk",
        "book": 35,
        "chapter": 2,
        "verse": 20,
        "text": "Maar de HEERE is in Zijn heiligen tempel. Zwijg voor Zijn aangezicht, gij ganse aarde!"
      }
    ],
    "3": [
      {
        "book_name": "Habakuk",
        "book": 35,
        "chapter": 3,
        "verse": 1,
        "text": "1Een gebed van Habakuk, den profeet, op Sjigjonoth.  2HEERE! als ik Uw rede gehoord heb, heb ik gevreesd; Uw werk, o HEERE! behoud dat in het leven in het midden der jaren, maak het bekend in het midden der jaren; in den toorn gedenk des ontfermens.  3God kwam van Theman, en de Heilige van den berg Paran. Sela. Zijn heerlijkheid bedekte de hemelen, en het aardrijk was vol van Zijn lof.  4En er was een glans als des lichts, Hij had hoornen aan Zijn hand, en aldaar was Zijn sterkte verborgen.  5Voor Zijn aangezicht ging de pestilentie, en de vurige kool ging voor Zijn voeten henen.  6Hij stond, en mat het land, Hij zag toe, en maakte de heidenen los, en de gedurige bergen zijn verstrooid geworden; de heuvelen der eeuwigheid hebben zich gebogen; de gangen der eeuw zijn Zijne.  7Ik zag de tenten van Kusan onder de ijdelheid; de gordijnen des lands van Midian schudden.  8Was de HEERE ontstoken tegen de rivieren? Was Uw toorn tegen de rivieren, was Uw verbolgenheid tegen de zee, toen Gij op Uw paarden reedt? Uw wagens waren heil.  9De naakte grond werd ontbloot door Uw boog, om de eden, aan de stammen gedaan door het woord. Sela. Gij hebt de rivieren der aarde gekloofd.  10De bergen zagen U, en leden smart; de waterstroom ging door, de afgrond gaf zijn stem, hij hief zijn zijden op in de hoogte.  11De zon en de maan stonden stil in haar woning; met het licht gingen Uw pijlen daarhenen, met glans Uw bliksemende spies.  12Met gramschap tradt Gij door het land, met toorn dorstet Gij de heidenen.  13Gij toogt uit tot verlossing Uws volks, tot verlossing met Uw Gezalfde; Gij doorwonddet het hoofd van het huis des goddelozen, ontblotende den grond tot den hals toe. Sela.  14Gij doorboordet met zijn staven het hoofd zijner dorplieden; zij hebben gestormd, om mij te verstrooien; die zich verheugden, alsof zij den ellendige in het verborgen zouden opeten.  15Gij betradt met Uw paarden de zee; de geweldige wateren werden een hoop.  16Als ik het hoorde, zo werd mijn buik beroerd; voor de stem hebben mijn lippen gebeefd; verrotting kwam in mijn gebeente, en ik werd beroerd in mijn plaats. Zekerlijk, ik zal rusten ten dage der benauwdheid, als hij optrekken zal tegen het volk, dat hij het met benden aanvalle.  17Alhoewel de vijgeboom niet bloeien zal, en geen vrucht aan den wijnstok zijn zal, dat het werk des olijfbooms liegen zal, en de velden geen spijze voortbrengen; dat men de kudde uit de kooi afscheuren zal, en dat er geen rund in de stallingen wezen zal;  18Zo zal ik nochtans in den HEERE van vreugde opspringen, ik zal mij verheugen in den God mijns heils.  19De HEERE Heere is mijn Sterkte; en Hij zal mijn voeten maken als der hinden, en Hij zal mij doen treden op mijn hoogten. Voor den opperzangmeester op mijn Neginoth."
      },
      {
        "book_name": "Habakuk",
        "book": 35,
        "chapter": 3,
        "verse": 1,
        "text": "Een gebed van Habakuk, den profeet, op Sjigjonoth."
      },
      {
        "book_name": "Habakuk",
        "book": 35,
        "chapter": 3,
        "verse": 2,
        "text": "HEERE! als ik Uw rede gehoord heb, heb ik gevreesd; Uw werk, o HEERE! behoud dat in het leven in het midden der jaren, maak het bekend in het midden der jaren; in den toorn gedenk des ontfermens."
      },
      {
        "book_name": "Habakuk",
        "book": 35,
        "chapter": 3,
        "verse": 3,
        "text": "God kwam van Theman, en de Heilige van den berg Paran. Sela. Zijn heerlijkheid bedekte de hemelen, en het aardrijk was vol van Zijn lof."
      },
      {
        "book_name": "Habakuk",
        "book": 35,
        "chapter": 3,
        "verse": 4,
        "text": "En er was een glans als des lichts, Hij had hoornen aan Zijn hand, en aldaar was Zijn sterkte verborgen."
      },
      {
        "book_name": "Habakuk",
        "book": 35,
        "chapter": 3,
        "verse": 5,
        "text": "Voor Zijn aangezicht ging de pestilentie, en de vurige kool ging voor Zijn voeten henen."
      },
      {
        "book_name": "Habakuk",
        "book": 35,
        "chapter": 3,
        "verse": 6,
        "text": "Hij stond, en mat het land, Hij zag toe, en maakte de heidenen los, en de gedurige bergen zijn verstrooid geworden; de heuvelen der eeuwigheid hebben zich gebogen; de gangen der eeuw zijn Zijne."
      },
      {
        "book_name": "Habakuk",
        "book": 35,
        "chapter": 3,
        "verse": 7,
        "text": "Ik zag de tenten van Kusan onder de ijdelheid; de gordijnen des lands van Midian schudden."
      },
      {
        "book_name": "Habakuk",
        "book": 35,
        "chapter": 3,
        "verse": 8,
        "text": "Was de HEERE ontstoken tegen de rivieren? Was Uw toorn tegen de rivieren, was Uw verbolgenheid tegen de zee, toen Gij op Uw paarden reedt? Uw wagens waren heil."
      },
      {
        "book_name": "Habakuk",
        "book": 35,
        "chapter": 3,
        "verse": 9,
        "text": "De naakte grond werd ontbloot door Uw boog, om de eden, aan de stammen gedaan door het woord. Sela. Gij hebt de rivieren der aarde gekloofd."
      },
      {
        "book_name": "Habakuk",
        "book": 35,
        "chapter": 3,
        "verse": 10,
        "text": "De bergen zagen U, en leden smart; de waterstroom ging door, de afgrond gaf zijn stem, hij hief zijn zijden op in de hoogte."
      },
      {
        "book_name": "Habakuk",
        "book": 35,
        "chapter": 3,
        "verse": 11,
        "text": "De zon en de maan stonden stil in haar woning; met het licht gingen Uw pijlen daarhenen, met glans Uw bliksemende spies."
      },
      {
        "book_name": "Habakuk",
        "book": 35,
        "chapter": 3,
        "verse": 12,
        "text": "Met gramschap tradt Gij door het land, met toorn dorstet Gij de heidenen."
      },
      {
        "book_name": "Habakuk",
        "book": 35,
        "chapter": 3,
        "verse": 13,
        "text": "Gij toogt uit tot verlossing Uws volks, tot verlossing met Uw Gezalfde; Gij doorwonddet het hoofd van het huis des goddelozen, ontblotende den grond tot den hals toe. Sela."
      },
      {
        "book_name": "Habakuk",
        "book": 35,
        "chapter": 3,
        "verse": 14,
        "text": "Gij doorboordet met zijn staven het hoofd zijner dorplieden; zij hebben gestormd, om mij te verstrooien; die zich verheugden, alsof zij den ellendige in het verborgen zouden opeten."
      },
      {
        "book_name": "Habakuk",
        "book": 35,
        "chapter": 3,
        "verse": 15,
        "text": "Gij betradt met Uw paarden de zee; de geweldige wateren werden een hoop."
      },
      {
        "book_name": "Habakuk",
        "book": 35,
        "chapter": 3,
        "verse": 16,
        "text": "Als ik het hoorde, zo werd mijn buik beroerd; voor de stem hebben mijn lippen gebeefd; verrotting kwam in mijn gebeente, en ik werd beroerd in mijn plaats. Zekerlijk, ik zal rusten ten dage der benauwdheid, als hij optrekken zal tegen het volk, dat hij het met benden aanvalle."
      },
      {
        "book_name": "Habakuk",
        "book": 35,
        "chapter": 3,
        "verse": 17,
        "text": "Alhoewel de vijgeboom niet bloeien zal, en geen vrucht aan den wijnstok zijn zal, dat het werk des olijfbooms liegen zal, en de velden geen spijze voortbrengen; dat men de kudde uit de kooi afscheuren zal, en dat er geen rund in de stallingen wezen zal;"
      },
      {
        "book_name": "Habakuk",
        "book": 35,
        "chapter": 3,
        "verse": 18,
        "text": "Zo zal ik nochtans in den HEERE van vreugde opspringen, ik zal mij verheugen in den God mijns heils."
      },
      {
        "book_name": "Habakuk",
        "book": 35,
        "chapter": 3,
        "verse": 19,
        "text": "De HEERE Heere is mijn Sterkte; en Hij zal mijn voeten maken als der hinden, en Hij zal mij doen treden op mijn hoogten. Voor den opperzangmeester op mijn Neginoth."
      }
    ]
  }
}