{
  "source": "bible.com",
  "version": "Statenvertaling (1750)",
  "book": "Haggai",
  "chapters": {
    "1": [
      {
        "book_name": "Haggai",
        "book": 37,
        "chapter": 1,
        "verse": 1,
        "text": "1In het tweede jaar van den koning Darius, in de zesde maand, op den eersten dag der maand, geschiedde het woord des HEEREN, door den dienst van Haggaï, den profeet, tot Zerubbabel, den zoon van Sealthiël, den vorst van Juda, en tot Josua, den zoon van Jozadak, den hogepriester, zeggende:  2Alzo spreekt de HEERE der heirscharen zeggende: Dit volk zegt: De tijd is niet gekomen, de tijd, dat des HEEREN huis gebouwd worde.  3En het woord des HEEREN geschiedde door den dienst van den profeet Haggaï, zeggende:  4Is het voor ulieden wel de tijd, dat gij woont in uw gewelfde huizen, en zal dit huis woest zijn?  5Nu dan, alzo zegt de HEERE der heirscharen: Stelt uw hart op uw wegen.  6Gij zaait veel, en gij brengt weinig in; gij eet, maar niet tot verzadiging; gij drinkt, maar niet tot dronken worden toe; gij kleedt u, maar niet tot uw verwarming, en wie loon ontvangt, die ontvangt dat loon in een doorgeboorden buidel.  7Alzo zegt de HEERE der heirscharen: Stelt uw hart op uw wegen.  8Klimt op het gebergte, en brengt hout aan, en bouwt dit huis, en Ik zal een welgevallen daaraan hebben, en verheerlijkt worden, zegt de HEERE.  9Gij ziet om naar veel, maar ziet, gij bekomt weinig; en als gij het in huis gebracht hebt, zo blaas Ik daarin. Waarom dat? spreekt de HEERE der heirscharen; om Mijns huizes wil, hetwelk woest is, en dat gij loopt elk voor zijn eigen huis.  10Daarom onthouden zich de hemelen over u, dat er geen dauw is, en het land onthoudt zijn vruchten.  11Want Ik heb een droogte geroepen over het land, en over de bergen, en over het koren, en over den most, en over de olie, en over hetgeen de aardbodem zou voortbrengen; ook over de mensen, en over de beesten, en over allen arbeid der handen.  12Toen hoorde Zerubbabel, de zoon van Sealthiël, en Josua, de zoon van Jozadak, de hogepriester, en al het overblijfsel des volks, naar de stem van den HEERE, hun God, en naar de woorden van den profeet Haggaï, gelijk als hem de HEERE, hun God, gezonden had; en het volk vreesde voor het aangezicht des HEEREN.  13Toen sprak Haggaï, de bode des HEEREN, in de boodschap des HEEREN, tot het volk, zeggende: Ik ben met ulieden, spreekt de HEERE.  14En de HEERE verwekte den geest van Zerubbabel, den zoon van Sealthiël, den vorst van Juda, en den geest van Josua, den zoon van Jozadak, den hogepriester, en den geest van het ganse overblijfsel des volks; en zij kwamen en maakten het werk in het huis van den HEERE der heirscharen, hun God."
      },
      {
        "book_name": "Haggai",
        "book": 37,
        "chapter": 1,
        "verse": 1,
        "text": "In het tweede jaar van den koning Darius, in de zesde maand, op den eersten dag der maand, geschiedde het woord des HEEREN, door den dienst van Haggaï, den profeet, tot Zerubbabel, den zoon van Sealthiël, den vorst van Juda, en tot Josua, den zoon van Jozadak, den hogepriester, zeggende:"
      },
      {
        "book_name": "Haggai",
        "book": 37,
        "chapter": 1,
        "verse": 2,
        "text": "Alzo spreekt de HEERE der heirscharen zeggende: Dit volk zegt: De tijd is niet gekomen, de tijd, dat des HEEREN huis gebouwd worde."
      },
      {
        "book_name": "Haggai",
        "book": 37,
        "chapter": 1,
        "verse": 3,
        "text": "En het woord des HEEREN geschiedde door den dienst van den profeet Haggaï, zeggende:"
      },
      {
        "book_name": "Haggai",
        "book": 37,
        "chapter": 1,
        "verse": 4,
        "text": "Is het voor ulieden wel de tijd, dat gij woont in uw gewelfde huizen, en zal dit huis woest zijn?"
      },
      {
        "book_name": "Haggai",
        "book": 37,
        "chapter": 1,
        "verse": 5,
        "text": "Nu dan, alzo zegt de HEERE der heirscharen: Stelt uw hart op uw wegen."
      },
      {
        "book_name": "Haggai",
        "book": 37,
        "chapter": 1,
        "verse": 6,
        "text": "Gij zaait veel, en gij brengt weinig in; gij eet, maar niet tot verzadiging; gij drinkt, maar niet tot dronken worden toe; gij kleedt u, maar niet tot uw verwarming, en wie loon ontvangt, die ontvangt dat loon in een doorgeboorden buidel."
      },
      {
        "book_name": "Haggai",
        "book": 37,
        "chapter": 1,
        "verse": 7,
        "text": "Alzo zegt de HEERE der heirscharen: Stelt uw hart op uw wegen."
      },
      {
        "book_name": "Haggai",
        "book": 37,
        "chapter": 1,
        "verse": 8,
        "text": "Klimt op het gebergte, en brengt hout aan, en bouwt dit huis, en Ik zal een welgevallen daaraan hebben, en verheerlijkt worden, zegt de HEERE."
      },
      {
        "book_name": "Haggai",
        "book": 37,
        "chapter": 1,
        "verse": 9,
        "text": "Gij ziet om naar veel, maar ziet, gij bekomt weinig; en als gij het in huis gebracht hebt, zo blaas Ik daarin. Waarom dat? spreekt de HEERE der heirscharen; om Mijns huizes wil, hetwelk woest is, en dat gij loopt elk voor zijn eigen huis."
      },
      {
        "book_name": "Haggai",
        "book": 37,
        "chapter": 1,
        "verse": 10,
        "text": "Daarom onthouden zich de hemelen over u, dat er geen dauw is, en het land onthoudt zijn vruchten."
      },
      {
        "book_name": "Haggai",
        "book": 37,
        "chapter": 1,
        "verse": 11,
        "text": "Want Ik heb een droogte geroepen over het land, en over de bergen, en over het koren, en over den most, en over de olie, en over hetgeen de aardbodem zou voortbrengen; ook over de mensen, en over de beesten, en over allen arbeid der handen."
      },
      {
        "book_name": "Haggai",
        "book": 37,
        "chapter": 1,
        "verse": 12,
        "text": "Toen hoorde Zerubbabel, de zoon van Sealthiël, en Josua, de zoon van Jozadak, de hogepriester, en al het overblijfsel des volks, naar de stem van den HEERE, hun God, en naar de woorden van den profeet Haggaï, gelijk als hem de HEERE, hun God, gezonden had; en het volk vreesde voor het aangezicht des HEEREN."
      },
      {
        "book_name": "Haggai",
        "book": 37,
        "chapter": 1,
        "verse": 13,
        "text": "Toen sprak Haggaï, de bode des HEEREN, in de boodschap des HEEREN, tot het volk, zeggende: Ik ben met ulieden, spreekt de HEERE."
      },
      {
        "book_name": "Haggai",
        "book": 37,
        "chapter": 1,
        "verse": 14,
        "text": "En de HEERE verwekte den geest van Zerubbabel, den zoon van Sealthiël, den vorst van Juda, en den geest van Josua, den zoon van Jozadak, den hogepriester, en den geest van het ganse overblijfsel des volks; en zij kwamen en maakten het werk in het huis van den HEERE der heirscharen, hun God."
      }
    ],
    "2": [
      {
        "book_name": "Haggai",
        "book": 37,
        "chapter": 2,
        "verse": 1,
        "text": "1 Op den vier en twintigsten dag der maand, in de zesde maand, in het tweede jaar van den koning Darius.  2 In de zevende maand, op den een en twintigsten der maand, geschiedde het woord des HEEREN door den dienst van den profeet Haggaï, zeggende:  3 Spreek nu tot Zerubbabel, den zoon van Sealthiël, den vorst van Juda, en tot Josua, den zoon van Jozadak, den hogepriester, en tot het overblijfsel des volks, zeggende:  4 Wie is onder ulieden overgebleven, die dit huis in zijn eerste heerlijkheid gezien heeft, en hoedanig ziet gij hetzelve nu? Is dit niet als niets in uw ogen?  5 Doch nu, wees sterk, gij Zerubbabel! spreekt de HEERE; en wees sterk, gij Josua, zoon van Jozadak, hogepriester! en wees sterk, al gij volk des lands! spreekt de HEERE; en werkt, want Ik ben met u, spreekt de HEERE der heirscharen;  6 Met het woord, in hetwelk Ik met ulieden een verbond gemaakt heb, als gij uit Egypte uittrokt, en Mijn Geest, staande in het midden van u; vreest niet!  7 Want alzo zegt de HEERE der heirscharen: Nog ééns, een weinig tijds zal het zijn; en Ik zal de hemelen, en de aarde, en de zee, en het droge doen beven.  8 Ja, Ik zal al de heidenen doen beven, en zij zullen komen tot den Wens aller heidenen, en Ik zal dit huis met heerlijkheid vervullen, zegt de HEERE der heirscharen.  9 Mijn is het zilver, en Mijn is het goud, spreekt de HEERE der heirscharen.  10 De heerlijkheid van dit laatste huis zal groter worden, dan van het eerste, zegt de HEERE der heirscharen; en in deze plaats zal Ik vrede geven, spreekt de HEERE der heirscharen.  11 Op den vier en twintigsten dag der negende maand, in het tweede jaar van Darius, geschiedde het woord des HEEREN door den dienst van den profeet Haggaï, zeggende:  12 Alzo zegt de HEERE der heirscharen: Vraag nu den priesters de wet, zeggende:  13 Ziet, iemand draagt heilig vlees in de slip van zijn kleed, en hij raakt met zijn slip aan het brood, of aan het moes, of aan den wijn, of aan de olie, of aan enige spijze, zal het heilig worden? En de priesters antwoordden, en zeiden: Neen.  14 En Haggaï zeide: Indien iemand, die onrein is van een dood lichaam, iets van die dingen aanroert, zal het onrein worden? En de priesters antwoordden, en zeiden: Het zal onrein worden.  15 Toen antwoordde Haggaï, en zeide: Alzo is dit volk, en alzo is deze natie voor Mijn aangezicht, spreekt de HEERE, en alzo is al het werk hunner handen; en wat zij daar offeren, dat is onrein.  16 En nu, stelt er toch ulieder hart op, van dezen dag af en opwaarts, eer er steen op steen gelegd werd aan den tempel des HEEREN;  17 Eer die dingen geschiedden, kwam iemand tot den korenhoop van twintig maten, zo waren er maar tien; komende tot den wijnbak, om vijftig maten van de pers te scheppen, zo waren er maar twintig.  18 Ik sloeg ulieden met brandkoren, met honigdauw en met hagel, al het werk uwer handen; en gij keerdet u niet tot Mij, spreekt de HEERE.  19 Stelt er toch uw hart op, van dezen dag af en opwaarts; van den vier en twintigsten dag der negende maand af, van den dag af, als het fondament aan den tempel des HEEREN is gelegd geworden, stelt er uw hart op.  20 Is er nog zaad in de schuur? Zelfs tot den wijnstok, en den vijgeboom, en den granaatappelboom, en den olijfboom, die niet gedragen heeft, die zal Ik van dezen dag af zegenen.  21 Het woord des HEEREN nu geschiedde ten tweeden male tot Haggaï, op den vier en twintigsten der maand, zeggende:  22 Spreek tot Zerubbabel, den vorst van Juda, zeggende: Ik zal de hemelen en de aarde bewegen.  23 En Ik zal den troon der koninkrijken omkeren, en verdelgen de vastigheid van de koninkrijken der heidenen; en Ik zal den wagen omkeren, en die daarop rijden; en de paarden, en die daarop rijden, zullen nederstorten, een iegelijk in des anderen zwaard.  24 Te dien dage, spreekt de HEERE der heirscharen, zal Ik u nemen, o Zerubbabel, gij zoon van Sealthiël, Mijn knecht! spreekt de HEERE, en Ik zal u stellen, als een zegelring; want u heb Ik verkoren, spreekt de HEERE der heirscharen."
      },
      {
        "book_name": "Haggai",
        "book": 37,
        "chapter": 2,
        "verse": 1,
        "text": "Op den vier en twintigsten dag der maand, in de zesde maand, in het tweede jaar van den koning Darius."
      },
      {
        "book_name": "Haggai",
        "book": 37,
        "chapter": 2,
        "verse": 2,
        "text": "In de zevende maand, op den een en twintigsten der maand, geschiedde het woord des HEEREN door den dienst van den profeet Haggaï, zeggende:"
      },
      {
        "book_name": "Haggai",
        "book": 37,
        "chapter": 2,
        "verse": 3,
        "text": "Spreek nu tot Zerubbabel, den zoon van Sealthiël, den vorst van Juda, en tot Josua, den zoon van Jozadak, den hogepriester, en tot het overblijfsel des volks, zeggende:"
      },
      {
        "book_name": "Haggai",
        "book": 37,
        "chapter": 2,
        "verse": 4,
        "text": "Wie is onder ulieden overgebleven, die dit huis in zijn eerste heerlijkheid gezien heeft, en hoedanig ziet gij hetzelve nu? Is dit niet als niets in uw ogen?"
      },
      {
        "book_name": "Haggai",
        "book": 37,
        "chapter": 2,
        "verse": 5,
        "text": "Doch nu, wees sterk, gij Zerubbabel! spreekt de HEERE; en wees sterk, gij Josua, zoon van Jozadak, hogepriester! en wees sterk, al gij volk des lands! spreekt de HEERE; en werkt, want Ik ben met u, spreekt de HEERE der heirscharen;"
      },
      {
        "book_name": "Haggai",
        "book": 37,
        "chapter": 2,
        "verse": 6,
        "text": "Met het woord, in hetwelk Ik met ulieden een verbond gemaakt heb, als gij uit Egypte uittrokt, en Mijn Geest, staande in het midden van u; vreest niet!"
      },
      {
        "book_name": "Haggai",
        "book": 37,
        "chapter": 2,
        "verse": 7,
        "text": "Want alzo zegt de HEERE der heirscharen: Nog ééns, een weinig tijds zal het zijn; en Ik zal de hemelen, en de aarde, en de zee, en het droge doen beven."
      },
      {
        "book_name": "Haggai",
        "book": 37,
        "chapter": 2,
        "verse": 8,
        "text": "Ja, Ik zal al de heidenen doen beven, en zij zullen komen tot den Wens aller heidenen, en Ik zal dit huis met heerlijkheid vervullen, zegt de HEERE der heirscharen."
      },
      {
        "book_name": "Haggai",
        "book": 37,
        "chapter": 2,
        "verse": 9,
        "text": "Mijn is het zilver, en Mijn is het goud, spreekt de HEERE der heirscharen."
      },
      {
        "book_name": "Haggai",
        "book": 37,
        "chapter": 2,
        "verse": 10,
        "text": "De heerlijkheid van dit laatste huis zal groter worden, dan van het eerste, zegt de HEERE der heirscharen; en in deze plaats zal Ik vrede geven, spreekt de HEERE der heirscharen."
      },
      {
        "book_name": "Haggai",
        "book": 37,
        "chapter": 2,
        "verse": 11,
        "text": "Op den vier en twintigsten dag der negende maand, in het tweede jaar van Darius, geschiedde het woord des HEEREN door den dienst van den profeet Haggaï, zeggende:"
      },
      {
        "book_name": "Haggai",
        "book": 37,
        "chapter": 2,
        "verse": 12,
        "text": "Alzo zegt de HEERE der heirscharen: Vraag nu den priesters de wet, zeggende:"
      },
      {
        "book_name": "Haggai",
        "book": 37,
        "chapter": 2,
        "verse": 13,
        "text": "Ziet, iemand draagt heilig vlees in de slip van zijn kleed, en hij raakt met zijn slip aan het brood, of aan het moes, of aan den wijn, of aan de olie, of aan enige spijze, zal het heilig worden? En de priesters antwoordden, en zeiden: Neen."
      },
      {
        "book_name": "Haggai",
        "book": 37,
        "chapter": 2,
        "verse": 14,
        "text": "En Haggaï zeide: Indien iemand, die onrein is van een dood lichaam, iets van die dingen aanroert, zal het onrein worden? En de priesters antwoordden, en zeiden: Het zal onrein worden."
      },
      {
        "book_name": "Haggai",
        "book": 37,
        "chapter": 2,
        "verse": 15,
        "text": "Toen antwoordde Haggaï, en zeide: Alzo is dit volk, en alzo is deze natie voor Mijn aangezicht, spreekt de HEERE, en alzo is al het werk hunner handen; en wat zij daar offeren, dat is onrein."
      },
      {
        "book_name": "Haggai",
        "book": 37,
        "chapter": 2,
        "verse": 16,
        "text": "En nu, stelt er toch ulieder hart op, van dezen dag af en opwaarts, eer er steen op steen gelegd werd aan den tempel des HEEREN;"
      },
      {
        "book_name": "Haggai",
        "book": 37,
        "chapter": 2,
        "verse": 17,
        "text": "Eer die dingen geschiedden, kwam iemand tot den korenhoop van twintig maten, zo waren er maar tien; komende tot den wijnbak, om vijftig maten van de pers te scheppen, zo waren er maar twintig."
      },
      {
        "book_name": "Haggai",
        "book": 37,
        "chapter": 2,
        "verse": 18,
        "text": "Ik sloeg ulieden met brandkoren, met honigdauw en met hagel, al het werk uwer handen; en gij keerdet u niet tot Mij, spreekt de HEERE."
      },
      {
        "book_name": "Haggai",
        "book": 37,
        "chapter": 2,
        "verse": 19,
        "text": "Stelt er toch uw hart op, van dezen dag af en opwaarts; van den vier en twintigsten dag der negende maand af, van den dag af, als het fondament aan den tempel des HEEREN is gelegd geworden, stelt er uw hart op."
      },
      {
        "book_name": "Haggai",
        "book": 37,
        "chapter": 2,
        "verse": 20,
        "text": "Is er nog zaad in de schuur? Zelfs tot den wijnstok, en den vijgeboom, en den granaatappelboom, en den olijfboom, die niet gedragen heeft, die zal Ik van dezen dag af zegenen."
      },
      {
        "book_name": "Haggai",
        "book": 37,
        "chapter": 2,
        "verse": 21,
        "text": "Het woord des HEEREN nu geschiedde ten tweeden male tot Haggaï, op den vier en twintigsten der maand, zeggende:"
      },
      {
        "book_name": "Haggai",
        "book": 37,
        "chapter": 2,
        "verse": 22,
        "text": "Spreek tot Zerubbabel, den vorst van Juda, zeggende: Ik zal de hemelen en de aarde bewegen."
      },
      {
        "book_name": "Haggai",
        "book": 37,
        "chapter": 2,
        "verse": 23,
        "text": "En Ik zal den troon der koninkrijken omkeren, en verdelgen de vastigheid van de koninkrijken der heidenen; en Ik zal den wagen omkeren, en die daarop rijden; en de paarden, en die daarop rijden, zullen nederstorten, een iegelijk in des anderen zwaard."
      },
      {
        "book_name": "Haggai",
        "book": 37,
        "chapter": 2,
        "verse": 24,
        "text": "Te dien dage, spreekt de HEERE der heirscharen, zal Ik u nemen, o Zerubbabel, gij zoon van Sealthiël, Mijn knecht! spreekt de HEERE, en Ik zal u stellen, als een zegelring; want u heb Ik verkoren, spreekt de HEERE der heirscharen."
      }
    ]
  }
}