{
  "source": "bible.com",
  "version": "Statenvertaling (1750)",
  "book": "Hosea",
  "chapters": {
    "1": [
      {
        "book_name": "Hosea",
        "book": 28,
        "chapter": 1,
        "verse": 1,
        "text": "1Het woord des HEEREN, dat geschied is tot Hoséa, den zoon van Beëri, in de dagen van Uzzia, Jotham, Achaz, Hizkia, koningen van Juda, en in de dagen van Jerobeam, zoon van Joas, koning van Israël.  2Het begin van het woord des HEEREN door Hoséa. De HEERE dan zeide tot Hoséa: Ga henen, neem u een vrouw der hoererijen, en kinderen der hoererijen; want het land hoereert ganselijk van achter den HEERE.  3Zo ging hij henen, en nam Gomer, een dochter van Diblaïm; en zij ontving; en baarde hem een zoon.  4En de HEERE zeide tot hem: Noem zijn naam Jizreël, want nog een weinig tijds, zo zal Ik de bloedschulden van Jizreël bezoeken over het huis van Jehu, en zal het koninkrijk van het huis van Israël doen ophouden.  5En het zal te dien dage geschieden, dat Ik Israëls boog verbreken zal, in het dal van Jizreël.  6En zij ontving wederom, en baarde een dochter; en Hij zeide tot hem: Noem haar naam Lo-Ruchama; want Ik zal Mij voortaan niet meer ontfermen over het huis Israëls, maar Ik zal ze zekerlijk wegvoeren.  7Maar over het huis van Juda zal Ik Mij ontfermen, en zal ze verlossen door den HEERE, hun God, en Ik zal ze niet verlossen door boog, noch door zwaard, noch door krijg, door paarden noch door ruiteren.  8Als zij nu Lo-Ruchama gespeend had, ontving zij, en baarde een zoon.  9En Hij zeide: Noem zijn naam Lo-Ammi; want gijlieden zijt Mijn volk niet, zo zal Ik ook de uwe niet zijn.  10Nochtans zal het getal der kinderen Israëls zijn als het zand der zee, dat niet gemeten noch geteld kan worden; en het zal geschieden, dat ter plaatse, waar tot hen gezegd zal zijn: Gijlieden zijt Mijn volk niet; tot hen gezegd zal worden: Gij zijt kinderen des levenden Gods.  11En de kinderen van Juda, en de kinderen Israëls zullen samenvergaderd worden, en zich een enig Hoofd stellen, en uit het land optrekken; want de dag van Jizreël zal groot zijn.  12 Zegt tot uw broederen: Ammi, en tot uw zusteren: Ruchama."
      },
      {
        "book_name": "Hosea",
        "book": 28,
        "chapter": 1,
        "verse": 1,
        "text": "Het woord des HEEREN, dat geschied is tot Hoséa, den zoon van Beëri, in de dagen van Uzzia, Jotham, Achaz, Hizkia, koningen van Juda, en in de dagen van Jerobeam, zoon van Joas, koning van Israël."
      },
      {
        "book_name": "Hosea",
        "book": 28,
        "chapter": 1,
        "verse": 2,
        "text": "Het begin van het woord des HEEREN door Hoséa. De HEERE dan zeide tot Hoséa: Ga henen, neem u een vrouw der hoererijen, en kinderen der hoererijen; want het land hoereert ganselijk van achter den HEERE."
      },
      {
        "book_name": "Hosea",
        "book": 28,
        "chapter": 1,
        "verse": 3,
        "text": "Zo ging hij henen, en nam Gomer, een dochter van Diblaïm; en zij ontving; en baarde hem een zoon."
      },
      {
        "book_name": "Hosea",
        "book": 28,
        "chapter": 1,
        "verse": 4,
        "text": "En de HEERE zeide tot hem: Noem zijn naam Jizreël, want nog een weinig tijds, zo zal Ik de bloedschulden van Jizreël bezoeken over het huis van Jehu, en zal het koninkrijk van het huis van Israël doen ophouden."
      },
      {
        "book_name": "Hosea",
        "book": 28,
        "chapter": 1,
        "verse": 5,
        "text": "En het zal te dien dage geschieden, dat Ik Israëls boog verbreken zal, in het dal van Jizreël."
      },
      {
        "book_name": "Hosea",
        "book": 28,
        "chapter": 1,
        "verse": 6,
        "text": "En zij ontving wederom, en baarde een dochter; en Hij zeide tot hem: Noem haar naam Lo-Ruchama; want Ik zal Mij voortaan niet meer ontfermen over het huis Israëls, maar Ik zal ze zekerlijk wegvoeren."
      },
      {
        "book_name": "Hosea",
        "book": 28,
        "chapter": 1,
        "verse": 7,
        "text": "Maar over het huis van Juda zal Ik Mij ontfermen, en zal ze verlossen door den HEERE, hun God, en Ik zal ze niet verlossen door boog, noch door zwaard, noch door krijg, door paarden noch door ruiteren."
      },
      {
        "book_name": "Hosea",
        "book": 28,
        "chapter": 1,
        "verse": 8,
        "text": "Als zij nu Lo-Ruchama gespeend had, ontving zij, en baarde een zoon."
      },
      {
        "book_name": "Hosea",
        "book": 28,
        "chapter": 1,
        "verse": 9,
        "text": "En Hij zeide: Noem zijn naam Lo-Ammi; want gijlieden zijt Mijn volk niet, zo zal Ik ook de uwe niet zijn."
      },
      {
        "book_name": "Hosea",
        "book": 28,
        "chapter": 1,
        "verse": 10,
        "text": "Nochtans zal het getal der kinderen Israëls zijn als het zand der zee, dat niet gemeten noch geteld kan worden; en het zal geschieden, dat ter plaatse, waar tot hen gezegd zal zijn: Gijlieden zijt Mijn volk niet; tot hen gezegd zal worden: Gij zijt kinderen des levenden Gods."
      },
      {
        "book_name": "Hosea",
        "book": 28,
        "chapter": 1,
        "verse": 11,
        "text": "En de kinderen van Juda, en de kinderen Israëls zullen samenvergaderd worden, en zich een enig Hoofd stellen, en uit het land optrekken; want de dag van Jizreël zal groot zijn."
      },
      {
        "book_name": "Hosea",
        "book": 28,
        "chapter": 1,
        "verse": 12,
        "text": "Zegt tot uw broederen: Ammi, en tot uw zusteren: Ruchama."
      }
    ],
    "2": [
      {
        "book_name": "Hosea",
        "book": 28,
        "chapter": 2,
        "verse": 1,
        "text": "1 Twist tegen ulieder moeder, twist, omdat zij Mijn vrouw niet is, en Ik haar Man niet ben; en laat ze haar hoererijen van haar aangezicht, en haar overspelerijen van tussen haar borsten wegdoen.  2 Opdat Ik ze niet naakt uitstrope, en zette ze als ten dage, toen zij geboren werd; ja, make ze als een woestijn, en zette ze als een dor land, en dode ze door dorst;  3 En Mij harer kinderen niet ontferme, omdat zij kinderen der hoererijen zijn.  4 Want hunlieder moeder hoereert, die henlieden ontvangen heeft, handelt schandelijk; want zij zegt: Ik zal mijn boelen nagaan, die mij mijn brood en mijn water, mijn wol en mijn vlas, mijn olie en mijn drank geven.  5 Daarom, ziet, Ik zal uw weg met doornen betuinen, en Ik zal een heiningmuur maken, dat zij haar paden niet zal vinden.  6 En zij zal haar boelen nalopen, maar dezelve niet aantreffen; en zij zal hen zoeken, maar niet vinden; dan zal zij zeggen: Ik zal henengaan, en keren weder tot mijn vorigen Man, want toen was mij beter dan nu.  7 Zij bekent toch niet, dat Ik haar het koren, en den most, en de olie gegeven heb, en haar het zilver en goud vermenigvuldigd heb, dat zij tot den Baäl gebruikt hebben.  8 Daarom zal Ik wederkomen, en Mijn koren wegnemen op zijn tijd, en Mijn most op zijn gezetten tijd; en Ik zal wegrukken Mijn wol en Mijn vlas, dienende om haar naaktheid te bedekken.  9 En nu zal Ik haar dwaasheid ontdekken voor de ogen harer boelen; en niemand zal haar uit Mijn hand verlossen.  10 En Ik zal doen ophouden al haar vrolijkheid, haar feesten, haar nieuwe maanden, en haar sabbatten, ja, al haar gezette hoogtijden.  11 En Ik zal verwoesten haar wijnstok en haar vijgeboom, waarvan zij zegt: Deze zijn mij een hoerenloon, dat mij mijn boelen gegeven hebben; maar Ik zal ze stellen tot een woud, en het wild gedierte des velds zal ze vreten.  12 En Ik zal over haar bezoeken de dagen des Baäls, waarin zij dien gerookt heeft, en zich versierd met haar voorhoofdsiersel, en haar halssieraad, en is haar boelen nagegaan, maar heeft Mij vergeten, spreekt de HEERE.  13 Daarom, ziet, Ik zal haar lokken, en zal haar voeren in de woestijn; en Ik zal naar haar hart spreken.  14 En Ik zal haar geven haar wijngaarden van daar af, en het dal Achor, tot een deur der hoop; en aldaar zal zij zingen, als in de dagen harer jeugd, en als ten dage, toen zij optoog uit Egypteland.  15 En het zal te dien dage geschieden, spreekt de HEERE, dat gij Mij noemen zult: Mijn Man; en Mij niet meer noemen zult: Mijn Baäl!  16 En Ik zal de namen der Baäls van haar mond wegdoen; zij zullen niet meer bij hun namen gedacht worden.  17 En Ik zal te dien dage een verbond voor hen maken met het wild gedierte des velds, en met het gevogelte des hemels, en het kruipend gedierte des aardbodems; en Ik zal den boog, en het zwaard, en den krijg van de aarde verbreken, en zal hen in zekerheid doen nederliggen.  18 En Ik zal u Mij ondertrouwen in eeuwigheid; ja, Ik zal u Mij ondertrouwen in gerechtigheid en in gericht, en in goedertierenheid en in barmhartigheden.  19 En Ik zal u Mij ondertrouwen in geloof; en gij zult den HEERE kennen.  20 En het zal te dien dage geschieden, dat Ik verhoren zal, spreekt de HEERE; Ik zal den hemel verhoren, en die zal de aarde verhoren.  21 En de aarde zal het koren verhoren, mitsgaders den most en de olie; en die zullen Jizreël verhoren.  22 En Ik zal ze Mij op de aarde zaaien, en zal Mij ontfermen over Lo-Ruchama; en Ik zal zeggen tot Lo-Ammi: Gij zijt Mijn volk; en dat zal zeggen: O, mijn God!"
      },
      {
        "book_name": "Hosea",
        "book": 28,
        "chapter": 2,
        "verse": 1,
        "text": "Twist tegen ulieder moeder, twist, omdat zij Mijn vrouw niet is, en Ik haar Man niet ben; en laat ze haar hoererijen van haar aangezicht, en haar overspelerijen van tussen haar borsten wegdoen."
      },
      {
        "book_name": "Hosea",
        "book": 28,
        "chapter": 2,
        "verse": 2,
        "text": "Opdat Ik ze niet naakt uitstrope, en zette ze als ten dage, toen zij geboren werd; ja, make ze als een woestijn, en zette ze als een dor land, en dode ze door dorst;"
      },
      {
        "book_name": "Hosea",
        "book": 28,
        "chapter": 2,
        "verse": 3,
        "text": "En Mij harer kinderen niet ontferme, omdat zij kinderen der hoererijen zijn."
      },
      {
        "book_name": "Hosea",
        "book": 28,
        "chapter": 2,
        "verse": 4,
        "text": "Want hunlieder moeder hoereert, die henlieden ontvangen heeft, handelt schandelijk; want zij zegt: Ik zal mijn boelen nagaan, die mij mijn brood en mijn water, mijn wol en mijn vlas, mijn olie en mijn drank geven."
      },
      {
        "book_name": "Hosea",
        "book": 28,
        "chapter": 2,
        "verse": 5,
        "text": "Daarom, ziet, Ik zal uw weg met doornen betuinen, en Ik zal een heiningmuur maken, dat zij haar paden niet zal vinden."
      },
      {
        "book_name": "Hosea",
        "book": 28,
        "chapter": 2,
        "verse": 6,
        "text": "En zij zal haar boelen nalopen, maar dezelve niet aantreffen; en zij zal hen zoeken, maar niet vinden; dan zal zij zeggen: Ik zal henengaan, en keren weder tot mijn vorigen Man, want toen was mij beter dan nu."
      },
      {
        "book_name": "Hosea",
        "book": 28,
        "chapter": 2,
        "verse": 7,
        "text": "Zij bekent toch niet, dat Ik haar het koren, en den most, en de olie gegeven heb, en haar het zilver en goud vermenigvuldigd heb, dat zij tot den Baäl gebruikt hebben."
      },
      {
        "book_name": "Hosea",
        "book": 28,
        "chapter": 2,
        "verse": 8,
        "text": "Daarom zal Ik wederkomen, en Mijn koren wegnemen op zijn tijd, en Mijn most op zijn gezetten tijd; en Ik zal wegrukken Mijn wol en Mijn vlas, dienende om haar naaktheid te bedekken."
      },
      {
        "book_name": "Hosea",
        "book": 28,
        "chapter": 2,
        "verse": 9,
        "text": "En nu zal Ik haar dwaasheid ontdekken voor de ogen harer boelen; en niemand zal haar uit Mijn hand verlossen."
      },
      {
        "book_name": "Hosea",
        "book": 28,
        "chapter": 2,
        "verse": 10,
        "text": "En Ik zal doen ophouden al haar vrolijkheid, haar feesten, haar nieuwe maanden, en haar sabbatten, ja, al haar gezette hoogtijden."
      },
      {
        "book_name": "Hosea",
        "book": 28,
        "chapter": 2,
        "verse": 11,
        "text": "En Ik zal verwoesten haar wijnstok en haar vijgeboom, waarvan zij zegt: Deze zijn mij een hoerenloon, dat mij mijn boelen gegeven hebben; maar Ik zal ze stellen tot een woud, en het wild gedierte des velds zal ze vreten."
      },
      {
        "book_name": "Hosea",
        "book": 28,
        "chapter": 2,
        "verse": 12,
        "text": "En Ik zal over haar bezoeken de dagen des Baäls, waarin zij dien gerookt heeft, en zich versierd met haar voorhoofdsiersel, en haar halssieraad, en is haar boelen nagegaan, maar heeft Mij vergeten, spreekt de HEERE."
      },
      {
        "book_name": "Hosea",
        "book": 28,
        "chapter": 2,
        "verse": 13,
        "text": "Daarom, ziet, Ik zal haar lokken, en zal haar voeren in de woestijn; en Ik zal naar haar hart spreken."
      },
      {
        "book_name": "Hosea",
        "book": 28,
        "chapter": 2,
        "verse": 14,
        "text": "En Ik zal haar geven haar wijngaarden van daar af, en het dal Achor, tot een deur der hoop; en aldaar zal zij zingen, als in de dagen harer jeugd, en als ten dage, toen zij optoog uit Egypteland."
      },
      {
        "book_name": "Hosea",
        "book": 28,
        "chapter": 2,
        "verse": 15,
        "text": "En het zal te dien dage geschieden, spreekt de HEERE, dat gij Mij noemen zult: Mijn Man; en Mij niet meer noemen zult: Mijn Baäl!"
      },
      {
        "book_name": "Hosea",
        "book": 28,
        "chapter": 2,
        "verse": 16,
        "text": "En Ik zal de namen der Baäls van haar mond wegdoen; zij zullen niet meer bij hun namen gedacht worden."
      },
      {
        "book_name": "Hosea",
        "book": 28,
        "chapter": 2,
        "verse": 17,
        "text": "En Ik zal te dien dage een verbond voor hen maken met het wild gedierte des velds, en met het gevogelte des hemels, en het kruipend gedierte des aardbodems; en Ik zal den boog, en het zwaard, en den krijg van de aarde verbreken, en zal hen in zekerheid doen nederliggen."
      },
      {
        "book_name": "Hosea",
        "book": 28,
        "chapter": 2,
        "verse": 18,
        "text": "En Ik zal u Mij ondertrouwen in eeuwigheid; ja, Ik zal u Mij ondertrouwen in gerechtigheid en in gericht, en in goedertierenheid en in barmhartigheden."
      },
      {
        "book_name": "Hosea",
        "book": 28,
        "chapter": 2,
        "verse": 19,
        "text": "En Ik zal u Mij ondertrouwen in geloof; en gij zult den HEERE kennen."
      },
      {
        "book_name": "Hosea",
        "book": 28,
        "chapter": 2,
        "verse": 20,
        "text": "En het zal te dien dage geschieden, dat Ik verhoren zal, spreekt de HEERE; Ik zal den hemel verhoren, en die zal de aarde verhoren."
      },
      {
        "book_name": "Hosea",
        "book": 28,
        "chapter": 2,
        "verse": 21,
        "text": "En de aarde zal het koren verhoren, mitsgaders den most en de olie; en die zullen Jizreël verhoren."
      },
      {
        "book_name": "Hosea",
        "book": 28,
        "chapter": 2,
        "verse": 22,
        "text": "En Ik zal ze Mij op de aarde zaaien, en zal Mij ontfermen over Lo-Ruchama; en Ik zal zeggen tot Lo-Ammi: Gij zijt Mijn volk; en dat zal zeggen: O, mijn God!"
      }
    ],
    "3": [
      {
        "book_name": "Hosea",
        "book": 28,
        "chapter": 3,
        "verse": 1,
        "text": "1En de HEERE zeide tot mij: Ga wederom henen, bemin een vrouw, die, bemind zijnde van haar vriend, nochtans overspel doet; gelijk de HEERE de kinderen Israëls bemint, maar zij zien om naar andere goden, en beminnen de flessen der druiven.  2En ik kocht ze mij voor vijftien zilverlingen, en een homer gerst, en een halven homer gerst.  3En ik zeide tot haar: Gij zult vele dagen na mij blijven zitten (gij zult niet hoereren, noch een anderen man geworden), en ik ook na u.  4Want de kinderen Israëls zullen vele dagen blijven zitten, zonder koning, en zonder vorst, en zonder offer, en zonder opgericht beeld, en zonder efod en terafim.  5Daarna zullen zich de kinderen Israëls bekeren, en zoeken den HEERE, hun God, en David, hun koning; en zij zullen vrezende komen tot den HEERE en tot Zijn goedheid, in het laatste der dagen."
      },
      {
        "book_name": "Hosea",
        "book": 28,
        "chapter": 3,
        "verse": 1,
        "text": "En de HEERE zeide tot mij: Ga wederom henen, bemin een vrouw, die, bemind zijnde van haar vriend, nochtans overspel doet; gelijk de HEERE de kinderen Israëls bemint, maar zij zien om naar andere goden, en beminnen de flessen der druiven."
      },
      {
        "book_name": "Hosea",
        "book": 28,
        "chapter": 3,
        "verse": 2,
        "text": "En ik kocht ze mij voor vijftien zilverlingen, en een homer gerst, en een halven homer gerst."
      },
      {
        "book_name": "Hosea",
        "book": 28,
        "chapter": 3,
        "verse": 3,
        "text": "En ik zeide tot haar: Gij zult vele dagen na mij blijven zitten (gij zult niet hoereren, noch een anderen man geworden), en ik ook na u."
      },
      {
        "book_name": "Hosea",
        "book": 28,
        "chapter": 3,
        "verse": 4,
        "text": "Want de kinderen Israëls zullen vele dagen blijven zitten, zonder koning, en zonder vorst, en zonder offer, en zonder opgericht beeld, en zonder efod en terafim."
      },
      {
        "book_name": "Hosea",
        "book": 28,
        "chapter": 3,
        "verse": 5,
        "text": "Daarna zullen zich de kinderen Israëls bekeren, en zoeken den HEERE, hun God, en David, hun koning; en zij zullen vrezende komen tot den HEERE en tot Zijn goedheid, in het laatste der dagen."
      }
    ],
    "4": [
      {
        "book_name": "Hosea",
        "book": 28,
        "chapter": 4,
        "verse": 1,
        "text": "1Hoort des HEEREN woord, gij kinderen Israëls! want de HEERE heeft een twist met de inwoners des lands, omdat er geen trouw, en geen weldadigheid, en geen kennis van God in het land is;  2  Maar vloeken en liegen, en doodslaan, en stelen, en overspel doen; zij breken door, en bloedschulden raken aan bloedschulden.  3Daarom zal het land treuren, en een iegelijk, die daarin woont, kwelen, met het gedierte des velds, en met het gevogelte des hemels; ja, ook de vissen der zee zullen weggeraapt worden.  4Doch niemand twiste noch bestraffe iemand; want uw volk is als die met den priester twisten.  5Daarom zult gij vallen bij dag, ja, zelfs de profeet zal met u vallen bij nacht; en Ik zal uw moeder uitroeien.  6Mijn volk is uitgeroeid, omdat het zonder kennis is; dewijl gij de kennis verworpen hebt, heb Ik u ook verworpen, dat gij Mij het priesterambt niet zult bedienen; dewijl gij de wet uws Gods vergeten hebt, zal Ik ook uw kinderen vergeten.  7Gelijk zij meerder geworden zijn, alzo hebben zij tegen Mij gezondigd; Ik zal hunlieder eer in schande veranderen.  8Zij eten de zonde Mijns volks, en verlangen, een ieder met zijn ziel, naar hun ongerechtigheid.  9Daarom, gelijk het volk, alzo zal de priester zijn; en Ik zal zijn wegen over hem bezoeken, en zijn handelingen hem vergelden.  10En zij zullen eten, maar niet zat worden, zullen hoereren, maar niet uitbreken in menigte; want zij hebben nagelaten den HEERE in acht te nemen.  11Hoererij, en wijn, en most neemt het hart weg.  12Mijn volk vraagt zijn hout, en zijn stok zal het hem bekend maken; want de geest der hoererijen verleidt hen, dat zij van onder hun God weghoereren.  13Op de hoogten der bergen offeren zij, en op de heuvelen roken zij, onder een eik, en populier, en iepeboom, omdat derzelver schaduw goed is; daarom hoereren uw dochteren, en uw bruiden bedrijven overspel.  14Ik zal over uw dochteren geen bezoeking doen, omdat zij hoereren, en over uw bruiden, omdat zij overspel doen; want zij zelven scheiden zich af met de hoeren, en offeren met de snoodste hoeren; het volk dan, dat geen verstand heeft, zal omgekeerd worden.  15Zo gij, o Israël! wilt hoereren, dat immers Juda niet schuldig worde; komt gij toch niet te Gilgal, en gaat niet op naar Beth-Aven, en zweert niet: Zo waarachtig als de HEERE leeft.  16Want Israël is onbandig, als een onbandige koe; nu zal hen de HEERE weiden, als een lam in de ruimte.  17Efraïm is vergezeld met de afgoden; laat hem varen.  18Hunlieder zuiperij is afvallig; zij doen niet dan hoereren; hun schilden (het is een schande!) beminnen het woord: Geeft.  19Een wind heeft hen gebonden in zijn vleugelen, en zij zullen beschaamd worden vanwege hun offeranden."
      },
      {
        "book_name": "Hosea",
        "book": 28,
        "chapter": 4,
        "verse": 1,
        "text": "Hoort des HEEREN woord, gij kinderen Israëls! want de HEERE heeft een twist met de inwoners des lands, omdat er geen trouw, en geen weldadigheid, en geen kennis van God in het land is;"
      },
      {
        "book_name": "Hosea",
        "book": 28,
        "chapter": 4,
        "verse": 2,
        "text": "Maar vloeken en liegen, en doodslaan, en stelen, en overspel doen; zij breken door, en bloedschulden raken aan bloedschulden."
      },
      {
        "book_name": "Hosea",
        "book": 28,
        "chapter": 4,
        "verse": 3,
        "text": "Daarom zal het land treuren, en een iegelijk, die daarin woont, kwelen, met het gedierte des velds, en met het gevogelte des hemels; ja, ook de vissen der zee zullen weggeraapt worden."
      },
      {
        "book_name": "Hosea",
        "book": 28,
        "chapter": 4,
        "verse": 4,
        "text": "Doch niemand twiste noch bestraffe iemand; want uw volk is als die met den priester twisten."
      },
      {
        "book_name": "Hosea",
        "book": 28,
        "chapter": 4,
        "verse": 5,
        "text": "Daarom zult gij vallen bij dag, ja, zelfs de profeet zal met u vallen bij nacht; en Ik zal uw moeder uitroeien."
      },
      {
        "book_name": "Hosea",
        "book": 28,
        "chapter": 4,
        "verse": 6,
        "text": "Mijn volk is uitgeroeid, omdat het zonder kennis is; dewijl gij de kennis verworpen hebt, heb Ik u ook verworpen, dat gij Mij het priesterambt niet zult bedienen; dewijl gij de wet uws Gods vergeten hebt, zal Ik ook uw kinderen vergeten."
      },
      {
        "book_name": "Hosea",
        "book": 28,
        "chapter": 4,
        "verse": 7,
        "text": "Gelijk zij meerder geworden zijn, alzo hebben zij tegen Mij gezondigd; Ik zal hunlieder eer in schande veranderen."
      },
      {
        "book_name": "Hosea",
        "book": 28,
        "chapter": 4,
        "verse": 8,
        "text": "Zij eten de zonde Mijns volks, en verlangen, een ieder met zijn ziel, naar hun ongerechtigheid."
      },
      {
        "book_name": "Hosea",
        "book": 28,
        "chapter": 4,
        "verse": 9,
        "text": "Daarom, gelijk het volk, alzo zal de priester zijn; en Ik zal zijn wegen over hem bezoeken, en zijn handelingen hem vergelden."
      },
      {
        "book_name": "Hosea",
        "book": 28,
        "chapter": 4,
        "verse": 10,
        "text": "En zij zullen eten, maar niet zat worden, zullen hoereren, maar niet uitbreken in menigte; want zij hebben nagelaten den HEERE in acht te nemen."
      },
      {
        "book_name": "Hosea",
        "book": 28,
        "chapter": 4,
        "verse": 11,
        "text": "Hoererij, en wijn, en most neemt het hart weg."
      },
      {
        "book_name": "Hosea",
        "book": 28,
        "chapter": 4,
        "verse": 12,
        "text": "Mijn volk vraagt zijn hout, en zijn stok zal het hem bekend maken; want de geest der hoererijen verleidt hen, dat zij van onder hun God weghoereren."
      },
      {
        "book_name": "Hosea",
        "book": 28,
        "chapter": 4,
        "verse": 13,
        "text": "Op de hoogten der bergen offeren zij, en op de heuvelen roken zij, onder een eik, en populier, en iepeboom, omdat derzelver schaduw goed is; daarom hoereren uw dochteren, en uw bruiden bedrijven overspel."
      },
      {
        "book_name": "Hosea",
        "book": 28,
        "chapter": 4,
        "verse": 14,
        "text": "Ik zal over uw dochteren geen bezoeking doen, omdat zij hoereren, en over uw bruiden, omdat zij overspel doen; want zij zelven scheiden zich af met de hoeren, en offeren met de snoodste hoeren; het volk dan, dat geen verstand heeft, zal omgekeerd worden."
      },
      {
        "book_name": "Hosea",
        "book": 28,
        "chapter": 4,
        "verse": 15,
        "text": "Zo gij, o Israël! wilt hoereren, dat immers Juda niet schuldig worde; komt gij toch niet te Gilgal, en gaat niet op naar Beth-Aven, en zweert niet: Zo waarachtig als de HEERE leeft."
      },
      {
        "book_name": "Hosea",
        "book": 28,
        "chapter": 4,
        "verse": 16,
        "text": "Want Israël is onbandig, als een onbandige koe; nu zal hen de HEERE weiden, als een lam in de ruimte."
      },
      {
        "book_name": "Hosea",
        "book": 28,
        "chapter": 4,
        "verse": 17,
        "text": "Efraïm is vergezeld met de afgoden; laat hem varen."
      },
      {
        "book_name": "Hosea",
        "book": 28,
        "chapter": 4,
        "verse": 18,
        "text": "Hunlieder zuiperij is afvallig; zij doen niet dan hoereren; hun schilden (het is een schande!) beminnen het woord: Geeft."
      },
      {
        "book_name": "Hosea",
        "book": 28,
        "chapter": 4,
        "verse": 19,
        "text": "Een wind heeft hen gebonden in zijn vleugelen, en zij zullen beschaamd worden vanwege hun offeranden."
      }
    ],
    "5": [
      {
        "book_name": "Hosea",
        "book": 28,
        "chapter": 5,
        "verse": 1,
        "text": "1Hoort dit, gij priesters! en merkt op, gij huis Israëls! en neemt ter oren, gij huis des konings! want ulieden gaat dit oordeel aan, omdat gij een strik zijt geworden te Mizpa, en een uitgespannen net op Thabor.  2En die afwijken, verdiepen zich om te slachten; maar Ik zal hun allen een tuchtmeester zijn.  3Ik ken Efraïm, en Israël is voor Mij niet verborgen; dat gij, o Efraïm! nu hoereert, en Israël verontreinigd is.  4Zij stellen hun handelingen niet aan, om zich tot hun God te bekeren; want de geest der hoererijen is in het midden van hen, en den HEERE kennen zij niet.  5Dies zal Israël hovaardij in zijn aangezicht getuigen; en Israël en Efraïm zullen vallen door hun ongerechtigheid; ook zal Juda met hen vallen.  6Met hun schapen, en met hun runderen zullen zij dan gaan, om den HEERE te zoeken, maar niet vinden; Hij heeft Zich van hen onttrokken.  7Zij hebben trouwelooslijk gehandeld tegen den HEERE; want zij hebben vreemde kinderen gewonnen; nu zal hen de nieuwe maand verteren met hun delen.  8Blaast de bazuin te Gibea, de trompet te Rama; roept luide te Beth-Aven; achter u, Benjamin!  9Efraïm zal tot verwoesting worden, ten dage der straf; onder de stammen Israëls heb Ik bekend gemaakt, dat gewis is.  10De vorsten van Juda zijn geworden, gelijk die de landpalen verrukken; Ik zal Mijn verbolgenheid, als water, over hen uitgieten.  11Efraïm is verdrukt, hij is verpletterd met recht; want hij heeft zo gewild; hij heeft gewandeld naar het gebod.  12Daarom zal Ik Efraïm zijn als een mot, en den huize van Juda als een verrotting.  13Als Efraïm zijn krankheid zag, en Juda zijn gezwel, zo toog Efraïm tot Assur, en hij zond tot den koning Jareb; maar die zal ulieden niet kunnen genezen, en zal het gezwel van ulieden niet helen.  14Want Ik zal Efraïm zijn als een felle leeuw, en den huize van Juda als een jonge leeuw; Ik, Ik zal verscheuren en henengaan; Ik zal wegvoeren, en er zal geen redder zijn.  15Ik zal henengaan en keren weder tot Mijn plaats, totdat zij zichzelven schuldig kennen en Mijn aangezicht zoeken; als hun bange zal zijn, zullen zij Mij vroeg zoeken."
      },
      {
        "book_name": "Hosea",
        "book": 28,
        "chapter": 5,
        "verse": 1,
        "text": "Hoort dit, gij priesters! en merkt op, gij huis Israëls! en neemt ter oren, gij huis des konings! want ulieden gaat dit oordeel aan, omdat gij een strik zijt geworden te Mizpa, en een uitgespannen net op Thabor."
      },
      {
        "book_name": "Hosea",
        "book": 28,
        "chapter": 5,
        "verse": 2,
        "text": "En die afwijken, verdiepen zich om te slachten; maar Ik zal hun allen een tuchtmeester zijn."
      },
      {
        "book_name": "Hosea",
        "book": 28,
        "chapter": 5,
        "verse": 3,
        "text": "Ik ken Efraïm, en Israël is voor Mij niet verborgen; dat gij, o Efraïm! nu hoereert, en Israël verontreinigd is."
      },
      {
        "book_name": "Hosea",
        "book": 28,
        "chapter": 5,
        "verse": 4,
        "text": "Zij stellen hun handelingen niet aan, om zich tot hun God te bekeren; want de geest der hoererijen is in het midden van hen, en den HEERE kennen zij niet."
      },
      {
        "book_name": "Hosea",
        "book": 28,
        "chapter": 5,
        "verse": 5,
        "text": "Dies zal Israël hovaardij in zijn aangezicht getuigen; en Israël en Efraïm zullen vallen door hun ongerechtigheid; ook zal Juda met hen vallen."
      },
      {
        "book_name": "Hosea",
        "book": 28,
        "chapter": 5,
        "verse": 6,
        "text": "Met hun schapen, en met hun runderen zullen zij dan gaan, om den HEERE te zoeken, maar niet vinden; Hij heeft Zich van hen onttrokken."
      },
      {
        "book_name": "Hosea",
        "book": 28,
        "chapter": 5,
        "verse": 7,
        "text": "Zij hebben trouwelooslijk gehandeld tegen den HEERE; want zij hebben vreemde kinderen gewonnen; nu zal hen de nieuwe maand verteren met hun delen."
      },
      {
        "book_name": "Hosea",
        "book": 28,
        "chapter": 5,
        "verse": 8,
        "text": "Blaast de bazuin te Gibea, de trompet te Rama; roept luide te Beth-Aven; achter u, Benjamin!"
      },
      {
        "book_name": "Hosea",
        "book": 28,
        "chapter": 5,
        "verse": 9,
        "text": "Efraïm zal tot verwoesting worden, ten dage der straf; onder de stammen Israëls heb Ik bekend gemaakt, dat gewis is."
      },
      {
        "book_name": "Hosea",
        "book": 28,
        "chapter": 5,
        "verse": 10,
        "text": "De vorsten van Juda zijn geworden, gelijk die de landpalen verrukken; Ik zal Mijn verbolgenheid, als water, over hen uitgieten."
      },
      {
        "book_name": "Hosea",
        "book": 28,
        "chapter": 5,
        "verse": 11,
        "text": "Efraïm is verdrukt, hij is verpletterd met recht; want hij heeft zo gewild; hij heeft gewandeld naar het gebod."
      },
      {
        "book_name": "Hosea",
        "book": 28,
        "chapter": 5,
        "verse": 12,
        "text": "Daarom zal Ik Efraïm zijn als een mot, en den huize van Juda als een verrotting."
      },
      {
        "book_name": "Hosea",
        "book": 28,
        "chapter": 5,
        "verse": 13,
        "text": "Als Efraïm zijn krankheid zag, en Juda zijn gezwel, zo toog Efraïm tot Assur, en hij zond tot den koning Jareb; maar die zal ulieden niet kunnen genezen, en zal het gezwel van ulieden niet helen."
      },
      {
        "book_name": "Hosea",
        "book": 28,
        "chapter": 5,
        "verse": 14,
        "text": "Want Ik zal Efraïm zijn als een felle leeuw, en den huize van Juda als een jonge leeuw; Ik, Ik zal verscheuren en henengaan; Ik zal wegvoeren, en er zal geen redder zijn."
      },
      {
        "book_name": "Hosea",
        "book": 28,
        "chapter": 5,
        "verse": 15,
        "text": "Ik zal henengaan en keren weder tot Mijn plaats, totdat zij zichzelven schuldig kennen en Mijn aangezicht zoeken; als hun bange zal zijn, zullen zij Mij vroeg zoeken."
      }
    ],
    "6": [
      {
        "book_name": "Hosea",
        "book": 28,
        "chapter": 6,
        "verse": 1,
        "text": "1Komt en laat ons wederkeren tot den HEERE, want Hij heeft verscheurd, en Hij zal ons genezen; Hij heeft geslagen, en Hij zal ons verbinden.  2Hij zal ons na twee dagen levend maken; op den derden dag zal Hij ons doen verrijzen, en wij zullen voor Zijn aangezicht leven.  3Dan zullen wij kennen, wij zullen vervolgen, om den HEERE te kennen; Zijn uitgang is bereid als de dageraad; en Hij zal tot ons komen als een regen, als de spade regen en vroege regen des lands.  4Wat zal Ik u doen, o Efraïm! wat zal Ik u doen, o Juda! dewijl uw weldadigheid is als een morgenwolk, en als een vroegkomende dauw, die henengaat.  5Daarom heb Ik hen behouwen door de profeten; Ik heb ze gedood door de redenen Mijns monds; en uw oordelen zullen voortkomen aan het licht.  6Want Ik heb lust tot weldadigheid, en niet tot offer; en tot de kennis Gods, meer dan tot brandofferen.  7Maar zij hebben het verbond overtreden als Adam; daar hebben zij trouwelooslijk tegen Mij gehandeld.  8Gilead is een stad van werkers der ongerechtigheid; zij is betreden van bloed.  9Gelijk de benden der straatschenders op iemand wachten, alzo is het gezelschap der priesteren; zij moorden op den weg naar Sichem, waarlijk, zij doen schandelijke daden.  10Ik zie een afschuwelijke zaak in het huis Israëls; aldaar is Efraïms hoererij, Israël is verontreinigd.  11Ook heeft hij u, o Juda! een oogst gezet, als Ik de gevangenen Mijns volks wederbracht."
      },
      {
        "book_name": "Hosea",
        "book": 28,
        "chapter": 6,
        "verse": 1,
        "text": "Komt en laat ons wederkeren tot den HEERE, want Hij heeft verscheurd, en Hij zal ons genezen; Hij heeft geslagen, en Hij zal ons verbinden."
      },
      {
        "book_name": "Hosea",
        "book": 28,
        "chapter": 6,
        "verse": 2,
        "text": "Hij zal ons na twee dagen levend maken; op den derden dag zal Hij ons doen verrijzen, en wij zullen voor Zijn aangezicht leven."
      },
      {
        "book_name": "Hosea",
        "book": 28,
        "chapter": 6,
        "verse": 3,
        "text": "Dan zullen wij kennen, wij zullen vervolgen, om den HEERE te kennen; Zijn uitgang is bereid als de dageraad; en Hij zal tot ons komen als een regen, als de spade regen en vroege regen des lands."
      },
      {
        "book_name": "Hosea",
        "book": 28,
        "chapter": 6,
        "verse": 4,
        "text": "Wat zal Ik u doen, o Efraïm! wat zal Ik u doen, o Juda! dewijl uw weldadigheid is als een morgenwolk, en als een vroegkomende dauw, die henengaat."
      },
      {
        "book_name": "Hosea",
        "book": 28,
        "chapter": 6,
        "verse": 5,
        "text": "Daarom heb Ik hen behouwen door de profeten; Ik heb ze gedood door de redenen Mijns monds; en uw oordelen zullen voortkomen aan het licht."
      },
      {
        "book_name": "Hosea",
        "book": 28,
        "chapter": 6,
        "verse": 6,
        "text": "Want Ik heb lust tot weldadigheid, en niet tot offer; en tot de kennis Gods, meer dan tot brandofferen."
      },
      {
        "book_name": "Hosea",
        "book": 28,
        "chapter": 6,
        "verse": 7,
        "text": "Maar zij hebben het verbond overtreden als Adam; daar hebben zij trouwelooslijk tegen Mij gehandeld."
      },
      {
        "book_name": "Hosea",
        "book": 28,
        "chapter": 6,
        "verse": 8,
        "text": "Gilead is een stad van werkers der ongerechtigheid; zij is betreden van bloed."
      },
      {
        "book_name": "Hosea",
        "book": 28,
        "chapter": 6,
        "verse": 9,
        "text": "Gelijk de benden der straatschenders op iemand wachten, alzo is het gezelschap der priesteren; zij moorden op den weg naar Sichem, waarlijk, zij doen schandelijke daden."
      },
      {
        "book_name": "Hosea",
        "book": 28,
        "chapter": 6,
        "verse": 10,
        "text": "Ik zie een afschuwelijke zaak in het huis Israëls; aldaar is Efraïms hoererij, Israël is verontreinigd."
      },
      {
        "book_name": "Hosea",
        "book": 28,
        "chapter": 6,
        "verse": 11,
        "text": "Ook heeft hij u, o Juda! een oogst gezet, als Ik de gevangenen Mijns volks wederbracht."
      }
    ],
    "7": [
      {
        "book_name": "Hosea",
        "book": 28,
        "chapter": 7,
        "verse": 1,
        "text": "1Terwijl Ik Israël genees, zo wordt Efraïms ongerechtigheid ontdekt, mitsgaders de boosheden van Samaria; want zij werken valsheid; en de dief gaat er in, de bende der straatschenders stroopt daar buiten.  2En zij zeggen niet in hun hart, dat Ik al hunner boosheid gedachtig ben; nu omsingelen hen hun handelingen, zij zijn voor Mijn aangezicht.  3Zij verblijden den koning met hun boosheid, en de vorsten met hun leugenen.  4Zij bedrijven al te zamen overspel, zij zijn gelijk een bakoven, die heet gemaakt is van den bakker; die ophoudt van wakker te zijn, nadat hij het deeg heeft gekneed, totdat het doorgezuurd zij.  5Het is de dag onzes konings; de vorsten maken hem krank door verhitting van den wijn; hij strekt zijn hand voort met de spotters.  6Want zij voeren hun hart aan, als een bakoven, tot hun lagen; hunlieder bakker slaapt den gansen nacht; ‘s morgens brandt hij als een vlammend vuur.  7Zij zijn allen te zamen verhit als een bakoven, en zij verteren hun rechters; al hun koningen vallen; er is niemand onder hen, die tot Mij roept.  8Efraïm, die verwart zich met de volken; Efraïm is een koek, die niet is omgekeerd;  9Vreemden verteren zijn kracht, en hij merkt het niet; ook is de grauwigheid op hem verspreid, en hij merkt het niet.  10Dies zal de hovaardij van Israël in zijn aangezicht getuigen; dewijl zij zich niet bekeren tot den HEERE, hun God, noch Hem zoeken in alle deze.  11Want Efraïm is als een botte duif, zonder hart; zij roepen Egypte aan, zij gaan henen tot Assur.  12Wanneer zij zullen henengaan, zal Ik Mijn net over hen uitspreiden, Ik zal ze als vogelen des hemels doen nederdalen. Ik zal ze tuchtigen, gelijk gehoord is in hun vergadering.  13Wee hen, want zij zijn van Mij afgezworven; verstoring over hen, want zij hebben tegen Mij overtreden! Ik zou hen wel verlossen, maar zij spreken leugenen tegen Mij.  14Zij roepen ook niet tot Mij met hun hart, wanneer zij huilen op hun legers; om koren en most verzamelen zij zich, maar zij wederstreven tegen Mij.  15Ik heb hen wel getuchtigd, en hunlieder armen gesterkt; maar zij denken kwaad tegen Mij.  16Zij keren zich, maar niet tot den Allerhoogste, zij zijn als een bedriegelijke boog; hun vorsten vallen door het zwaard; vanwege de gramschap hunner tong; dit is hunlieder bespotting in Egypteland."
      },
      {
        "book_name": "Hosea",
        "book": 28,
        "chapter": 7,
        "verse": 1,
        "text": "Terwijl Ik Israël genees, zo wordt Efraïms ongerechtigheid ontdekt, mitsgaders de boosheden van Samaria; want zij werken valsheid; en de dief gaat er in, de bende der straatschenders stroopt daar buiten."
      },
      {
        "book_name": "Hosea",
        "book": 28,
        "chapter": 7,
        "verse": 2,
        "text": "En zij zeggen niet in hun hart, dat Ik al hunner boosheid gedachtig ben; nu omsingelen hen hun handelingen, zij zijn voor Mijn aangezicht."
      },
      {
        "book_name": "Hosea",
        "book": 28,
        "chapter": 7,
        "verse": 3,
        "text": "Zij verblijden den koning met hun boosheid, en de vorsten met hun leugenen."
      },
      {
        "book_name": "Hosea",
        "book": 28,
        "chapter": 7,
        "verse": 4,
        "text": "Zij bedrijven al te zamen overspel, zij zijn gelijk een bakoven, die heet gemaakt is van den bakker; die ophoudt van wakker te zijn, nadat hij het deeg heeft gekneed, totdat het doorgezuurd zij."
      },
      {
        "book_name": "Hosea",
        "book": 28,
        "chapter": 7,
        "verse": 5,
        "text": "Het is de dag onzes konings; de vorsten maken hem krank door verhitting van den wijn; hij strekt zijn hand voort met de spotters."
      },
      {
        "book_name": "Hosea",
        "book": 28,
        "chapter": 7,
        "verse": 6,
        "text": "Want zij voeren hun hart aan, als een bakoven, tot hun lagen; hunlieder bakker slaapt den gansen nacht; ‘s morgens brandt hij als een vlammend vuur."
      },
      {
        "book_name": "Hosea",
        "book": 28,
        "chapter": 7,
        "verse": 7,
        "text": "Zij zijn allen te zamen verhit als een bakoven, en zij verteren hun rechters; al hun koningen vallen; er is niemand onder hen, die tot Mij roept."
      },
      {
        "book_name": "Hosea",
        "book": 28,
        "chapter": 7,
        "verse": 8,
        "text": "Efraïm, die verwart zich met de volken; Efraïm is een koek, die niet is omgekeerd;"
      },
      {
        "book_name": "Hosea",
        "book": 28,
        "chapter": 7,
        "verse": 9,
        "text": "Vreemden verteren zijn kracht, en hij merkt het niet; ook is de grauwigheid op hem verspreid, en hij merkt het niet."
      },
      {
        "book_name": "Hosea",
        "book": 28,
        "chapter": 7,
        "verse": 10,
        "text": "Dies zal de hovaardij van Israël in zijn aangezicht getuigen; dewijl zij zich niet bekeren tot den HEERE, hun God, noch Hem zoeken in alle deze."
      },
      {
        "book_name": "Hosea",
        "book": 28,
        "chapter": 7,
        "verse": 11,
        "text": "Want Efraïm is als een botte duif, zonder hart; zij roepen Egypte aan, zij gaan henen tot Assur."
      },
      {
        "book_name": "Hosea",
        "book": 28,
        "chapter": 7,
        "verse": 12,
        "text": "Wanneer zij zullen henengaan, zal Ik Mijn net over hen uitspreiden, Ik zal ze als vogelen des hemels doen nederdalen. Ik zal ze tuchtigen, gelijk gehoord is in hun vergadering."
      },
      {
        "book_name": "Hosea",
        "book": 28,
        "chapter": 7,
        "verse": 13,
        "text": "Wee hen, want zij zijn van Mij afgezworven; verstoring over hen, want zij hebben tegen Mij overtreden! Ik zou hen wel verlossen, maar zij spreken leugenen tegen Mij."
      },
      {
        "book_name": "Hosea",
        "book": 28,
        "chapter": 7,
        "verse": 14,
        "text": "Zij roepen ook niet tot Mij met hun hart, wanneer zij huilen op hun legers; om koren en most verzamelen zij zich, maar zij wederstreven tegen Mij."
      },
      {
        "book_name": "Hosea",
        "book": 28,
        "chapter": 7,
        "verse": 15,
        "text": "Ik heb hen wel getuchtigd, en hunlieder armen gesterkt; maar zij denken kwaad tegen Mij."
      },
      {
        "book_name": "Hosea",
        "book": 28,
        "chapter": 7,
        "verse": 16,
        "text": "Zij keren zich, maar niet tot den Allerhoogste, zij zijn als een bedriegelijke boog; hun vorsten vallen door het zwaard; vanwege de gramschap hunner tong; dit is hunlieder bespotting in Egypteland."
      }
    ],
    "8": [
      {
        "book_name": "Hosea",
        "book": 28,
        "chapter": 8,
        "verse": 1,
        "text": "1De bazuin aan uw mond; hij komt als een arend tegen het huis des HEEREN; omdat zij Mijn verbond hebben overtreden, en zijn tegen Mijn wet afvallig geworden.  2  Dan zullen zij tot Mij roepen: Mijn God! wij, Israël, kennen U.  3Israël heeft het goede verstoten; de vijand zal hem vervolgen.  4Zij hebben koningen gemaakt, maar niet uit Mij; zij hebben vorsten gesteld, maar Ik heb het niet gekend; van hun zilver en hun goud hebben zij voor zichzelven afgoden gemaakt, opdat zij uitgeroeid worden.  5Uw kalf, o Samaria! heeft u verstoten; Mijn toorn is tegen hen ontstoken; hoe lang zullen zij de reinigheid niet verdragen?  6Want dat is ook uit Israël; een werkmeester heeft het gemaakt, en het is geen God, maar het zal tot stukken worden, het kalf van Samaria.  7Want zij hebben wind gezaaid, en zullen een wervelwind maaien; het zal geen staande koren hebben, het uitspruitsel zal geen meel maken; of het misschien maakte, vreemden zullen het verslinden.  8Israël is verslonden; nu zijn zij onder de heidenen geworden, gelijk een vat, waar men geen lust toe heeft.  9Want zij zijn opgetogen naar Assur, een woudezel, die alleen voor zichzelven is; die van Efraïm hebben boelen om hoerenloon gehuurd.  10Dewijl zij dan onder de heidenen boelen om hoerenloon gehuurd hebben, zo zal Ik die nu ook verzamelen; ja, zij hebben al een weinig begonnen, vanwege den last van den koning der vorsten.  11Omdat Efraïm de altaren vermenigvuldigd heeft tot zondigen, zo zijn hem de altaren geworden tot zondigen.  12Ik schrijf hem de voortreffelijkheden Mijner wet voor; maar die zijn geacht als wat vreemds.  13Aangaande de offeranden Mijner gaven, zij offeren vlees, en eten het, maar de HEERE heeft aan hen geen welgevallen. Nu zal Hij hunner ongerechtigheid gedenken, en hun zonden bezoeken; zij zullen weder in Egypte keren.  14Want Israël heeft zijn Maker vergeten, en tempelen gebouwd, en Juda heeft vaste steden vermenigvuldigd; maar Ik zal een vuur zenden in zijn steden, dat zal haar paleizen verteren."
      },
      {
        "book_name": "Hosea",
        "book": 28,
        "chapter": 8,
        "verse": 1,
        "text": "De bazuin aan uw mond; hij komt als een arend tegen het huis des HEEREN; omdat zij Mijn verbond hebben overtreden, en zijn tegen Mijn wet afvallig geworden."
      },
      {
        "book_name": "Hosea",
        "book": 28,
        "chapter": 8,
        "verse": 2,
        "text": "Dan zullen zij tot Mij roepen: Mijn God! wij, Israël, kennen U."
      },
      {
        "book_name": "Hosea",
        "book": 28,
        "chapter": 8,
        "verse": 3,
        "text": "Israël heeft het goede verstoten; de vijand zal hem vervolgen."
      },
      {
        "book_name": "Hosea",
        "book": 28,
        "chapter": 8,
        "verse": 4,
        "text": "Zij hebben koningen gemaakt, maar niet uit Mij; zij hebben vorsten gesteld, maar Ik heb het niet gekend; van hun zilver en hun goud hebben zij voor zichzelven afgoden gemaakt, opdat zij uitgeroeid worden."
      },
      {
        "book_name": "Hosea",
        "book": 28,
        "chapter": 8,
        "verse": 5,
        "text": "Uw kalf, o Samaria! heeft u verstoten; Mijn toorn is tegen hen ontstoken; hoe lang zullen zij de reinigheid niet verdragen?"
      },
      {
        "book_name": "Hosea",
        "book": 28,
        "chapter": 8,
        "verse": 6,
        "text": "Want dat is ook uit Israël; een werkmeester heeft het gemaakt, en het is geen God, maar het zal tot stukken worden, het kalf van Samaria."
      },
      {
        "book_name": "Hosea",
        "book": 28,
        "chapter": 8,
        "verse": 7,
        "text": "Want zij hebben wind gezaaid, en zullen een wervelwind maaien; het zal geen staande koren hebben, het uitspruitsel zal geen meel maken; of het misschien maakte, vreemden zullen het verslinden."
      },
      {
        "book_name": "Hosea",
        "book": 28,
        "chapter": 8,
        "verse": 8,
        "text": "Israël is verslonden; nu zijn zij onder de heidenen geworden, gelijk een vat, waar men geen lust toe heeft."
      },
      {
        "book_name": "Hosea",
        "book": 28,
        "chapter": 8,
        "verse": 9,
        "text": "Want zij zijn opgetogen naar Assur, een woudezel, die alleen voor zichzelven is; die van Efraïm hebben boelen om hoerenloon gehuurd."
      },
      {
        "book_name": "Hosea",
        "book": 28,
        "chapter": 8,
        "verse": 10,
        "text": "Dewijl zij dan onder de heidenen boelen om hoerenloon gehuurd hebben, zo zal Ik die nu ook verzamelen; ja, zij hebben al een weinig begonnen, vanwege den last van den koning der vorsten."
      },
      {
        "book_name": "Hosea",
        "book": 28,
        "chapter": 8,
        "verse": 11,
        "text": "Omdat Efraïm de altaren vermenigvuldigd heeft tot zondigen, zo zijn hem de altaren geworden tot zondigen."
      },
      {
        "book_name": "Hosea",
        "book": 28,
        "chapter": 8,
        "verse": 12,
        "text": "Ik schrijf hem de voortreffelijkheden Mijner wet voor; maar die zijn geacht als wat vreemds."
      },
      {
        "book_name": "Hosea",
        "book": 28,
        "chapter": 8,
        "verse": 13,
        "text": "Aangaande de offeranden Mijner gaven, zij offeren vlees, en eten het, maar de HEERE heeft aan hen geen welgevallen. Nu zal Hij hunner ongerechtigheid gedenken, en hun zonden bezoeken; zij zullen weder in Egypte keren."
      },
      {
        "book_name": "Hosea",
        "book": 28,
        "chapter": 8,
        "verse": 14,
        "text": "Want Israël heeft zijn Maker vergeten, en tempelen gebouwd, en Juda heeft vaste steden vermenigvuldigd; maar Ik zal een vuur zenden in zijn steden, dat zal haar paleizen verteren."
      }
    ],
    "9": [
      {
        "book_name": "Hosea",
        "book": 28,
        "chapter": 9,
        "verse": 1,
        "text": "1Verblijd u niet, o Israël! tot opspringens toe, gelijk de volken; want gij hoereert van uw God af; gij hebt hoerenloon lief, op alle dorsvloeren des korens.  2De dors vloer en de wijnkuip zal henlieden niet voeden; en de most zal hun liegen.  3Zij zullen in des HEEREN land niet blijven; maar Efraïm zal weder tot Egypte keren, en zij zullen in Assyrië het onreine eten.  4Zij zullen den HEERE geen drankofferen doen van wijn, ook zouden zij Hem niet zoet zijn, hun offeranden zouden hun zijn als treurbrood; allen, die dat zouden eten, zouden onrein worden; want hun brood zal voor hun ziel zijn, het zal in des HEEREN huis niet komen.  5Wat zult gijlieden dan doen op een gezetten hoogtijdsdag, en op een feestdag des HEEREN?  6Want ziet, zij gaan daarhenen vanwege de verstoring; Egypte zal ze verzamelen, Mof zal ze begraven; begeerte zal er zijn naar hun zilver, netelen zullen hen erfelijk bezitten, doornen zullen in hun tenten zijn.  7De dagen der bezoeking zijn gekomen, de dagen der vergelding zijn gekomen; die van Israël zullen het gewaar worden; de profeet is een dwaas, de man des geestes is onzinnig; om de grootheid uwer ongerechtigheid is de haat ook groot.  8De wachter van Efraïm is met mijn God, maar de profeet is een vogelvangersstrik, op al zijn wegen, een haat in het huis zijns Gods.  9Zij hebben zich zeer diep verdorven, als in de dagen van Gibea; Hij zal hunner ongerechtigheid gedenken, Hij zal hun zonden bezoeken.  10Ik vond Israël als druiven in de woestijn, Ik zag uw vaderen als de eerste vrucht aan den vijgeboom in haar beginsel; maar zij gingen in tot Baäl-Peor, en zonderden zich af tot die schaamte, en werden gans verfoeilijk naar hun boelerij.  11Aangaande Efraïm, hunlieder heerlijkheid zal wegvlieden als een vogel; van de geboorte, en van moeders buik, en van de ontvangenis af.  12Ofschoon zij hun kinderen mochten groot maken, Ik zal er hen toch van beroven, dat zij onder de mensen niet zullen zijn; want ook, wee hun, als Ik van hen zal geweken zijn!  13Efraïm is, gelijk als Ik Tyrus aanzag, die geplant is in een liefelijke woonplaats; maar Efraïm zal zijn kinderen moeten uitbrengen tot den doodslager.  14Geef hun, HEERE! Wat zult Gij geven? Geef hun een misdragende baarmoeder, en uitdrogende borsten.  15Al hun boosheid is te Gilgal, want daar heb Ik ze gehaat, om de boosheid van hun handelingen; Ik zal ze uit Mijn huis uitdrijven, Ik zal ze voortaan niet meer liefhebben; al hun vorsten zijn afvalligen.  16Efraïm is geslagen, hunlieder wortel is verdord, zij zullen geen vrucht voortbrengen; ja, ofschoon zij genereerden, zo zal Ik toch de gewenste vruchten van hun buik doden.  17Mijn God zal ze verwerpen, omdat zij naar Hem niet horen; en zij zullen omzwervende zijn onder de heidenen."
      },
      {
        "book_name": "Hosea",
        "book": 28,
        "chapter": 9,
        "verse": 1,
        "text": "Verblijd u niet, o Israël! tot opspringens toe, gelijk de volken; want gij hoereert van uw God af; gij hebt hoerenloon lief, op alle dorsvloeren des korens."
      },
      {
        "book_name": "Hosea",
        "book": 28,
        "chapter": 9,
        "verse": 2,
        "text": "De dors vloer en de wijnkuip zal henlieden niet voeden; en de most zal hun liegen."
      },
      {
        "book_name": "Hosea",
        "book": 28,
        "chapter": 9,
        "verse": 3,
        "text": "Zij zullen in des HEEREN land niet blijven; maar Efraïm zal weder tot Egypte keren, en zij zullen in Assyrië het onreine eten."
      },
      {
        "book_name": "Hosea",
        "book": 28,
        "chapter": 9,
        "verse": 4,
        "text": "Zij zullen den HEERE geen drankofferen doen van wijn, ook zouden zij Hem niet zoet zijn, hun offeranden zouden hun zijn als treurbrood; allen, die dat zouden eten, zouden onrein worden; want hun brood zal voor hun ziel zijn, het zal in des HEEREN huis niet komen."
      },
      {
        "book_name": "Hosea",
        "book": 28,
        "chapter": 9,
        "verse": 5,
        "text": "Wat zult gijlieden dan doen op een gezetten hoogtijdsdag, en op een feestdag des HEEREN?"
      },
      {
        "book_name": "Hosea",
        "book": 28,
        "chapter": 9,
        "verse": 6,
        "text": "Want ziet, zij gaan daarhenen vanwege de verstoring; Egypte zal ze verzamelen, Mof zal ze begraven; begeerte zal er zijn naar hun zilver, netelen zullen hen erfelijk bezitten, doornen zullen in hun tenten zijn."
      },
      {
        "book_name": "Hosea",
        "book": 28,
        "chapter": 9,
        "verse": 7,
        "text": "De dagen der bezoeking zijn gekomen, de dagen der vergelding zijn gekomen; die van Israël zullen het gewaar worden; de profeet is een dwaas, de man des geestes is onzinnig; om de grootheid uwer ongerechtigheid is de haat ook groot."
      },
      {
        "book_name": "Hosea",
        "book": 28,
        "chapter": 9,
        "verse": 8,
        "text": "De wachter van Efraïm is met mijn God, maar de profeet is een vogelvangersstrik, op al zijn wegen, een haat in het huis zijns Gods."
      },
      {
        "book_name": "Hosea",
        "book": 28,
        "chapter": 9,
        "verse": 9,
        "text": "Zij hebben zich zeer diep verdorven, als in de dagen van Gibea; Hij zal hunner ongerechtigheid gedenken, Hij zal hun zonden bezoeken."
      },
      {
        "book_name": "Hosea",
        "book": 28,
        "chapter": 9,
        "verse": 10,
        "text": "Ik vond Israël als druiven in de woestijn, Ik zag uw vaderen als de eerste vrucht aan den vijgeboom in haar beginsel; maar zij gingen in tot Baäl-Peor, en zonderden zich af tot die schaamte, en werden gans verfoeilijk naar hun boelerij."
      },
      {
        "book_name": "Hosea",
        "book": 28,
        "chapter": 9,
        "verse": 11,
        "text": "Aangaande Efraïm, hunlieder heerlijkheid zal wegvlieden als een vogel; van de geboorte, en van moeders buik, en van de ontvangenis af."
      },
      {
        "book_name": "Hosea",
        "book": 28,
        "chapter": 9,
        "verse": 12,
        "text": "Ofschoon zij hun kinderen mochten groot maken, Ik zal er hen toch van beroven, dat zij onder de mensen niet zullen zijn; want ook, wee hun, als Ik van hen zal geweken zijn!"
      },
      {
        "book_name": "Hosea",
        "book": 28,
        "chapter": 9,
        "verse": 13,
        "text": "Efraïm is, gelijk als Ik Tyrus aanzag, die geplant is in een liefelijke woonplaats; maar Efraïm zal zijn kinderen moeten uitbrengen tot den doodslager."
      },
      {
        "book_name": "Hosea",
        "book": 28,
        "chapter": 9,
        "verse": 14,
        "text": "Geef hun, HEERE! Wat zult Gij geven? Geef hun een misdragende baarmoeder, en uitdrogende borsten."
      },
      {
        "book_name": "Hosea",
        "book": 28,
        "chapter": 9,
        "verse": 15,
        "text": "Al hun boosheid is te Gilgal, want daar heb Ik ze gehaat, om de boosheid van hun handelingen; Ik zal ze uit Mijn huis uitdrijven, Ik zal ze voortaan niet meer liefhebben; al hun vorsten zijn afvalligen."
      },
      {
        "book_name": "Hosea",
        "book": 28,
        "chapter": 9,
        "verse": 16,
        "text": "Efraïm is geslagen, hunlieder wortel is verdord, zij zullen geen vrucht voortbrengen; ja, ofschoon zij genereerden, zo zal Ik toch de gewenste vruchten van hun buik doden."
      },
      {
        "book_name": "Hosea",
        "book": 28,
        "chapter": 9,
        "verse": 17,
        "text": "Mijn God zal ze verwerpen, omdat zij naar Hem niet horen; en zij zullen omzwervende zijn onder de heidenen."
      }
    ],
    "10": [
      {
        "book_name": "Hosea",
        "book": 28,
        "chapter": 10,
        "verse": 1,
        "text": "1Israël is een uitgeledigde wijnstok, hij brengt weder vrucht voor zich; maar naar de veelheid zijner vrucht heeft hij de altaren vermenigvuldigd; naar de goedheid zijns lands, hebben zij de opgerichte beelden goed gemaakt.  2Hij heeft hun hart verdeeld, nu zullen zij verwoest worden; Hij zal hun altaren doorhouwen, Hij zal hun opgerichte beelden verstoren.  3Want nu zullen zij zeggen: Wij hebben geen koning; want wij hebben den HEERE niet gevreesd; wat zou ons dan een koning doen?  4Zij hebben woorden gesproken, valselijk zwerende in het verbond maken; daarom zal het oordeel als een vergiftig kruid groenen, op de voren der velden.  5De inwoners van Samaria zullen verschrikt zijn over het kalf van Beth-Aven; want zijn volk zal over hetzelve treuren, mitsgaders zijn Chemarim (die zich over hetzelve verheugden), over zijn heerlijkheid, omdat zij van hetzelve is weggevaren.  6Ja, datzelve zal naar Assur gevoerd worden, tot een geschenk voor den koning Jareb; Efraïm zal schaamte behalen, en Israël zal beschaamd worden vanwege zijn raadslag.  7De koning van Samaria is afgehouwen, als schuim op het water.  8En de hoogten van Aven, Israëls zonde, zullen verdelgd worden; doornen en distelen zullen op hunlieder altaren opkomen; en zij zullen zeggen tot de bergen: Bedekt ons! en tot de heuvelen: Valt op ons!  9Sinds de dagen van Gibea, hebt gij gezondigd, o Israël; daar zijn zij staande gebleven; de strijd te Gibea, tegen de kinderen der verkeerdheid, zal ze niet aangrijpen.  10Het is in Mijn lust, dat Ik ze zal binden; en volken zullen tegen henlieden verzameld worden, als Ik ze binden zal in hun twee voren.  11Dewijl Efraïm een vaars is, gewend gaarne te dorsen, zo ben Ik over de schoonheid van haar hals overgegaan; Ik zal Efraïm berijden, Juda zal ploegen, Jakob zal voor zich eggen.  12Zaait u tot gerechtigheid, maait tot weldadigheid; braakt u een braakland; dewijl het tijd is den HEERE te zoeken, totdat Hij kome, en over u de gerechtigheid regene.  13Gij hebt goddeloosheid geploegd, verkeerdheid gemaaid, en de vrucht der leugen gegeten; want gij hebt vertrouwd op uw weg, op de veelheid uwer helden.  14Daarom zal er een groot gedruis ontstaan onder uw volken, en al uw vestingen zullen verstoord worden, gelijk Salman Beth-Arbel verstoorde ten dage des krijgs; de moeder werd er verpletterd met de zonen.  15Alzo heeft Beth-El ulieden gedaan, vanwege de boosheid uwer boosheid; Israëls koning is in den dageraad ten enenmale uitgeroeid."
      },
      {
        "book_name": "Hosea",
        "book": 28,
        "chapter": 10,
        "verse": 1,
        "text": "Israël is een uitgeledigde wijnstok, hij brengt weder vrucht voor zich; maar naar de veelheid zijner vrucht heeft hij de altaren vermenigvuldigd; naar de goedheid zijns lands, hebben zij de opgerichte beelden goed gemaakt."
      },
      {
        "book_name": "Hosea",
        "book": 28,
        "chapter": 10,
        "verse": 2,
        "text": "Hij heeft hun hart verdeeld, nu zullen zij verwoest worden; Hij zal hun altaren doorhouwen, Hij zal hun opgerichte beelden verstoren."
      },
      {
        "book_name": "Hosea",
        "book": 28,
        "chapter": 10,
        "verse": 3,
        "text": "Want nu zullen zij zeggen: Wij hebben geen koning; want wij hebben den HEERE niet gevreesd; wat zou ons dan een koning doen?"
      },
      {
        "book_name": "Hosea",
        "book": 28,
        "chapter": 10,
        "verse": 4,
        "text": "Zij hebben woorden gesproken, valselijk zwerende in het verbond maken; daarom zal het oordeel als een vergiftig kruid groenen, op de voren der velden."
      },
      {
        "book_name": "Hosea",
        "book": 28,
        "chapter": 10,
        "verse": 5,
        "text": "De inwoners van Samaria zullen verschrikt zijn over het kalf van Beth-Aven; want zijn volk zal over hetzelve treuren, mitsgaders zijn Chemarim (die zich over hetzelve verheugden), over zijn heerlijkheid, omdat zij van hetzelve is weggevaren."
      },
      {
        "book_name": "Hosea",
        "book": 28,
        "chapter": 10,
        "verse": 6,
        "text": "Ja, datzelve zal naar Assur gevoerd worden, tot een geschenk voor den koning Jareb; Efraïm zal schaamte behalen, en Israël zal beschaamd worden vanwege zijn raadslag."
      },
      {
        "book_name": "Hosea",
        "book": 28,
        "chapter": 10,
        "verse": 7,
        "text": "De koning van Samaria is afgehouwen, als schuim op het water."
      },
      {
        "book_name": "Hosea",
        "book": 28,
        "chapter": 10,
        "verse": 8,
        "text": "En de hoogten van Aven, Israëls zonde, zullen verdelgd worden; doornen en distelen zullen op hunlieder altaren opkomen; en zij zullen zeggen tot de bergen: Bedekt ons! en tot de heuvelen: Valt op ons!"
      },
      {
        "book_name": "Hosea",
        "book": 28,
        "chapter": 10,
        "verse": 9,
        "text": "Sinds de dagen van Gibea, hebt gij gezondigd, o Israël; daar zijn zij staande gebleven; de strijd te Gibea, tegen de kinderen der verkeerdheid, zal ze niet aangrijpen."
      },
      {
        "book_name": "Hosea",
        "book": 28,
        "chapter": 10,
        "verse": 10,
        "text": "Het is in Mijn lust, dat Ik ze zal binden; en volken zullen tegen henlieden verzameld worden, als Ik ze binden zal in hun twee voren."
      },
      {
        "book_name": "Hosea",
        "book": 28,
        "chapter": 10,
        "verse": 11,
        "text": "Dewijl Efraïm een vaars is, gewend gaarne te dorsen, zo ben Ik over de schoonheid van haar hals overgegaan; Ik zal Efraïm berijden, Juda zal ploegen, Jakob zal voor zich eggen."
      },
      {
        "book_name": "Hosea",
        "book": 28,
        "chapter": 10,
        "verse": 12,
        "text": "Zaait u tot gerechtigheid, maait tot weldadigheid; braakt u een braakland; dewijl het tijd is den HEERE te zoeken, totdat Hij kome, en over u de gerechtigheid regene."
      },
      {
        "book_name": "Hosea",
        "book": 28,
        "chapter": 10,
        "verse": 13,
        "text": "Gij hebt goddeloosheid geploegd, verkeerdheid gemaaid, en de vrucht der leugen gegeten; want gij hebt vertrouwd op uw weg, op de veelheid uwer helden."
      },
      {
        "book_name": "Hosea",
        "book": 28,
        "chapter": 10,
        "verse": 14,
        "text": "Daarom zal er een groot gedruis ontstaan onder uw volken, en al uw vestingen zullen verstoord worden, gelijk Salman Beth-Arbel verstoorde ten dage des krijgs; de moeder werd er verpletterd met de zonen."
      },
      {
        "book_name": "Hosea",
        "book": 28,
        "chapter": 10,
        "verse": 15,
        "text": "Alzo heeft Beth-El ulieden gedaan, vanwege de boosheid uwer boosheid; Israëls koning is in den dageraad ten enenmale uitgeroeid."
      }
    ],
    "11": [
      {
        "book_name": "Hosea",
        "book": 28,
        "chapter": 11,
        "verse": 1,
        "text": "1Als Israël een kind was, toen heb Ik hem liefgehad, en Ik heb Mijn zoon uit Egypte geroepen.  2  Maar gelijk zij henlieden riepen, alzo gingen zij van hun aangezicht weg; zij offerden den Baäls, en rookten den gesnedenen beelden.  3Ik nochtans leerde Efraïm gaan; Hij nam ze op Zijn armen, maar zij bekenden niet, dat Ik ze genas.  4Ik trok ze met mensenzelen, met touwen der liefde, en was hun, als degenen, die het juk van op hun kinnebakken oplichten, en Ik reikte hem voeder toe.  5Hij zal in Egypteland niet wederkeren; maar Assur, die zal zijn koning zijn; omdat zij zich weigerden te bekeren.  6En het zwaard zal in zijn steden blijven, en zijn grendelen verteren, en opeten, vanwege hun beraadslagingen.  7Want Mijn volk blijft hangen aan de afkering van Mij; zij roepen het wel tot den Allerhoogste, maar niet een verhoogt Hem.  8Hoe zou Ik u overgeven, o Efraïm? u overleveren, o Israël? Hoe zou Ik u maken als Adama, u stellen als Zeboïm? Mijn hart is in Mij omgekeerd, al Mijn berouw is te zamen ontstoken.  9Ik zal de hittigheid Mijns toorns niet uitvoeren; Ik zal niet wederkeren om Efraïm te verderven; want Ik ben God en geen mens, de Heilige in het midden van u, en Ik zal in de stad niet komen.  10Zij zullen den HEERE achterna wandelen, Hij zal brullen als een leeuw, wanneer Hij brullen zal, dan zullen de kinderen van de zee af al bevende aankomen.  11Zij zullen bevende aankomen als een vogeltje uit Egypte, en als een duif uit het land van Assur; en Ik zal hen doen wonen in hun huizen, spreekt de HEERE."
      },
      {
        "book_name": "Hosea",
        "book": 28,
        "chapter": 11,
        "verse": 1,
        "text": "Als Israël een kind was, toen heb Ik hem liefgehad, en Ik heb Mijn zoon uit Egypte geroepen."
      },
      {
        "book_name": "Hosea",
        "book": 28,
        "chapter": 11,
        "verse": 2,
        "text": "Maar gelijk zij henlieden riepen, alzo gingen zij van hun aangezicht weg; zij offerden den Baäls, en rookten den gesnedenen beelden."
      },
      {
        "book_name": "Hosea",
        "book": 28,
        "chapter": 11,
        "verse": 3,
        "text": "Ik nochtans leerde Efraïm gaan; Hij nam ze op Zijn armen, maar zij bekenden niet, dat Ik ze genas."
      },
      {
        "book_name": "Hosea",
        "book": 28,
        "chapter": 11,
        "verse": 4,
        "text": "Ik trok ze met mensenzelen, met touwen der liefde, en was hun, als degenen, die het juk van op hun kinnebakken oplichten, en Ik reikte hem voeder toe."
      },
      {
        "book_name": "Hosea",
        "book": 28,
        "chapter": 11,
        "verse": 5,
        "text": "Hij zal in Egypteland niet wederkeren; maar Assur, die zal zijn koning zijn; omdat zij zich weigerden te bekeren."
      },
      {
        "book_name": "Hosea",
        "book": 28,
        "chapter": 11,
        "verse": 6,
        "text": "En het zwaard zal in zijn steden blijven, en zijn grendelen verteren, en opeten, vanwege hun beraadslagingen."
      },
      {
        "book_name": "Hosea",
        "book": 28,
        "chapter": 11,
        "verse": 7,
        "text": "Want Mijn volk blijft hangen aan de afkering van Mij; zij roepen het wel tot den Allerhoogste, maar niet een verhoogt Hem."
      },
      {
        "book_name": "Hosea",
        "book": 28,
        "chapter": 11,
        "verse": 8,
        "text": "Hoe zou Ik u overgeven, o Efraïm? u overleveren, o Israël? Hoe zou Ik u maken als Adama, u stellen als Zeboïm? Mijn hart is in Mij omgekeerd, al Mijn berouw is te zamen ontstoken."
      },
      {
        "book_name": "Hosea",
        "book": 28,
        "chapter": 11,
        "verse": 9,
        "text": "Ik zal de hittigheid Mijns toorns niet uitvoeren; Ik zal niet wederkeren om Efraïm te verderven; want Ik ben God en geen mens, de Heilige in het midden van u, en Ik zal in de stad niet komen."
      },
      {
        "book_name": "Hosea",
        "book": 28,
        "chapter": 11,
        "verse": 10,
        "text": "Zij zullen den HEERE achterna wandelen, Hij zal brullen als een leeuw, wanneer Hij brullen zal, dan zullen de kinderen van de zee af al bevende aankomen."
      },
      {
        "book_name": "Hosea",
        "book": 28,
        "chapter": 11,
        "verse": 11,
        "text": "Zij zullen bevende aankomen als een vogeltje uit Egypte, en als een duif uit het land van Assur; en Ik zal hen doen wonen in hun huizen, spreekt de HEERE."
      }
    ],
    "12": [
      {
        "book_name": "Hosea",
        "book": 28,
        "chapter": 12,
        "verse": 1,
        "text": "1 Die van Efraïm hebben Mij omsingeld met leugen, en het huis Israëls met bedrog; maar Juda heerste nog met God, en was met de heiligen getrouw.  2 Efraïm weidt zich met wind, en jaagt den oostenwind na; den gansen dag vermenigvuldigt hij leugen en verwoesting; en zij maken verbond met Assur, en de olie wordt naar Egypte gevoerd.  3 Ook heeft de HEERE een twist met Juda, en Hij zal bezoeking doen over Jakob naar zijn wegen, naar zijn handelingen zal Hij hem vergelden.  4 In moeders buik hield hij zijn broeder bij de verzenen; en in zijn kracht gedroeg hij zich vorstelijk met God.  5 Ja, hij gedroeg zich vorstelijk tegen den Engel, en overmocht Hem; hij weende en smeekte Hem. Te Beth-El vond Hij hem, en aldaar sprak Hij met ons;  6 Namelijk, de HEERE, de God der heirscharen; HEERE is Zijn gedenknaam.  7 Gij dan, bekeer u tot uw God, bewaar weldadigheid en recht, en wacht geduriglijk op uw God.  8 In des koopmans hand is een bedriegelijke weegschaal, hij bemint te verdrukken;  9 Nog zegt Efraïm: Evenwel ben ik rijk geworden, ik heb mij groot goed verkregen; in al mijn arbeid zullen zij mij geen ongerechtigheid vinden, die zonde zij.  10 Maar Ik ben de HEERE, uw God, van Egypteland af; Ik zal u nog in tenten doen wonen, als in de dagen der samenkomst;  11 En Ik zal spreken tot de profeten, en Ik zal het gezicht vermenigvuldigen; en door den dienst der profeten zal Ik gelijkenissen voorstellen.  12 Zekerlijk is Gilead ongerechtigheid, zij zijn enkel ijdelheid; te Gilgal offeren zij ossen, ja, hun altaren zijn als steen hopen op de voren der velden.  13 Jakob vlood toch naar het veld van Syrië, en Israël diende om een vrouw, en hoedde om een vrouw.  14 Maar de HEERE voerde Israël op uit Egypte door een profeet, en door een profeet werd hij gehoed.  15 Efraïm daarentegen heeft Hem zeer bitterlijk vertoornd; daarom zal Hij zijn bloed op hem laten, en zijn Heere zal hem zijn smaad vergelden."
      },
      {
        "book_name": "Hosea",
        "book": 28,
        "chapter": 12,
        "verse": 1,
        "text": "Die van Efraïm hebben Mij omsingeld met leugen, en het huis Israëls met bedrog; maar Juda heerste nog met God, en was met de heiligen getrouw."
      },
      {
        "book_name": "Hosea",
        "book": 28,
        "chapter": 12,
        "verse": 2,
        "text": "Efraïm weidt zich met wind, en jaagt den oostenwind na; den gansen dag vermenigvuldigt hij leugen en verwoesting; en zij maken verbond met Assur, en de olie wordt naar Egypte gevoerd."
      },
      {
        "book_name": "Hosea",
        "book": 28,
        "chapter": 12,
        "verse": 3,
        "text": "Ook heeft de HEERE een twist met Juda, en Hij zal bezoeking doen over Jakob naar zijn wegen, naar zijn handelingen zal Hij hem vergelden."
      },
      {
        "book_name": "Hosea",
        "book": 28,
        "chapter": 12,
        "verse": 4,
        "text": "In moeders buik hield hij zijn broeder bij de verzenen; en in zijn kracht gedroeg hij zich vorstelijk met God."
      },
      {
        "book_name": "Hosea",
        "book": 28,
        "chapter": 12,
        "verse": 5,
        "text": "Ja, hij gedroeg zich vorstelijk tegen den Engel, en overmocht Hem; hij weende en smeekte Hem. Te Beth-El vond Hij hem, en aldaar sprak Hij met ons;"
      },
      {
        "book_name": "Hosea",
        "book": 28,
        "chapter": 12,
        "verse": 6,
        "text": "Namelijk, de HEERE, de God der heirscharen; HEERE is Zijn gedenknaam."
      },
      {
        "book_name": "Hosea",
        "book": 28,
        "chapter": 12,
        "verse": 7,
        "text": "Gij dan, bekeer u tot uw God, bewaar weldadigheid en recht, en wacht geduriglijk op uw God."
      },
      {
        "book_name": "Hosea",
        "book": 28,
        "chapter": 12,
        "verse": 8,
        "text": "In des koopmans hand is een bedriegelijke weegschaal, hij bemint te verdrukken;"
      },
      {
        "book_name": "Hosea",
        "book": 28,
        "chapter": 12,
        "verse": 9,
        "text": "Nog zegt Efraïm: Evenwel ben ik rijk geworden, ik heb mij groot goed verkregen; in al mijn arbeid zullen zij mij geen ongerechtigheid vinden, die zonde zij."
      },
      {
        "book_name": "Hosea",
        "book": 28,
        "chapter": 12,
        "verse": 10,
        "text": "Maar Ik ben de HEERE, uw God, van Egypteland af; Ik zal u nog in tenten doen wonen, als in de dagen der samenkomst;"
      },
      {
        "book_name": "Hosea",
        "book": 28,
        "chapter": 12,
        "verse": 11,
        "text": "En Ik zal spreken tot de profeten, en Ik zal het gezicht vermenigvuldigen; en door den dienst der profeten zal Ik gelijkenissen voorstellen."
      },
      {
        "book_name": "Hosea",
        "book": 28,
        "chapter": 12,
        "verse": 12,
        "text": "Zekerlijk is Gilead ongerechtigheid, zij zijn enkel ijdelheid; te Gilgal offeren zij ossen, ja, hun altaren zijn als steen hopen op de voren der velden."
      },
      {
        "book_name": "Hosea",
        "book": 28,
        "chapter": 12,
        "verse": 13,
        "text": "Jakob vlood toch naar het veld van Syrië, en Israël diende om een vrouw, en hoedde om een vrouw."
      },
      {
        "book_name": "Hosea",
        "book": 28,
        "chapter": 12,
        "verse": 14,
        "text": "Maar de HEERE voerde Israël op uit Egypte door een profeet, en door een profeet werd hij gehoed."
      },
      {
        "book_name": "Hosea",
        "book": 28,
        "chapter": 12,
        "verse": 15,
        "text": "Efraïm daarentegen heeft Hem zeer bitterlijk vertoornd; daarom zal Hij zijn bloed op hem laten, en zijn Heere zal hem zijn smaad vergelden."
      }
    ],
    "13": [
      {
        "book_name": "Hosea",
        "book": 28,
        "chapter": 13,
        "verse": 1,
        "text": "1Als Efraïm sprak, zo beefde men, hij heeft zich verheven in Israël; maar hij is schuldig geworden aan den Baäl en is gestorven.  2En nu zijn zij voortgevaren te zondigen, en hebben zich van hun zilver een gegoten beeld gemaakt, afgoden naar hun verstand, die altemaal smedenwerk zijn; waarvan zij nochtans zeggen: De mensen, die offeren, zullen de kalveren kussen.  3Daarom zullen zij zijn als een morgenwolk, en als een vroegkomende dauw, die henengaat; als kaf van den dorsvloer, en als rook uit den schoorsteen wordt weggestormd.  4Ik ben toch de HEERE, uw God, van Egypteland af; daarom zoudt gij geen God kennen dan Mij alleen, want er is geen Heiland dan Ik.  5Ik heb u gekend in de woestijn, in een zeer heet land.  6Daarna zijn zij, naardat hunlieder weide was, zat geworden; als zij zat zijn geworden, heeft zich hun hart verheven; daarom hebben zij Mij vergeten.  7Dies werd Ik hun als een felle leeuw; als een luipaard loerde Ik op den weg.  8Ik ontmoette hen als een beer, die van jongen beroofd is, en scheurde het slot huns harten; en Ik verslond ze aldaar als een oude leeuw; het wild gedierte des velds verscheurde hen.  9Het heeft u bedorven, o Israël! want in Mij is uw hulp.  10Waar is uw koning nu? Dat hij u behoude in al uw steden! En uw richters, waar gij van zeidet: Geef mij een koning en vorsten?  11Ik gaf u een koning in Mijn toorn en nam hem weg in Mijn verbolgenheid.  12Efraïms ongerechtigheid is samengebonden, zijn zonde is opgelegd.  13Smarten ener barende vrouw zullen hem aankomen; hij is een onwijs kind; want anders zou hij geen tijd in de kindergeboorte blijven staan.  14  Doch Ik zal hen van het geweld der hel verlossen, Ik zal ze vrijmaken van den dood: o dood! waar zijn uw pestilentiën? hel! waar is uw verderf? Berouw zal van Mijn ogen verborgen zijn,  15Want hij zal vrucht voortbrengen onder de broederen; doch er zal een oostenwind komen, een wind des HEEREN, opkomende uit de woestijn; en zijn springader zal uitdrogen, en zijn fontein zal verdrogen; diezelve zal den schat van alle gewenste huisraad roven."
      },
      {
        "book_name": "Hosea",
        "book": 28,
        "chapter": 13,
        "verse": 1,
        "text": "Als Efraïm sprak, zo beefde men, hij heeft zich verheven in Israël; maar hij is schuldig geworden aan den Baäl en is gestorven."
      },
      {
        "book_name": "Hosea",
        "book": 28,
        "chapter": 13,
        "verse": 2,
        "text": "En nu zijn zij voortgevaren te zondigen, en hebben zich van hun zilver een gegoten beeld gemaakt, afgoden naar hun verstand, die altemaal smedenwerk zijn; waarvan zij nochtans zeggen: De mensen, die offeren, zullen de kalveren kussen."
      },
      {
        "book_name": "Hosea",
        "book": 28,
        "chapter": 13,
        "verse": 3,
        "text": "Daarom zullen zij zijn als een morgenwolk, en als een vroegkomende dauw, die henengaat; als kaf van den dorsvloer, en als rook uit den schoorsteen wordt weggestormd."
      },
      {
        "book_name": "Hosea",
        "book": 28,
        "chapter": 13,
        "verse": 4,
        "text": "Ik ben toch de HEERE, uw God, van Egypteland af; daarom zoudt gij geen God kennen dan Mij alleen, want er is geen Heiland dan Ik."
      },
      {
        "book_name": "Hosea",
        "book": 28,
        "chapter": 13,
        "verse": 5,
        "text": "Ik heb u gekend in de woestijn, in een zeer heet land."
      },
      {
        "book_name": "Hosea",
        "book": 28,
        "chapter": 13,
        "verse": 6,
        "text": "Daarna zijn zij, naardat hunlieder weide was, zat geworden; als zij zat zijn geworden, heeft zich hun hart verheven; daarom hebben zij Mij vergeten."
      },
      {
        "book_name": "Hosea",
        "book": 28,
        "chapter": 13,
        "verse": 7,
        "text": "Dies werd Ik hun als een felle leeuw; als een luipaard loerde Ik op den weg."
      },
      {
        "book_name": "Hosea",
        "book": 28,
        "chapter": 13,
        "verse": 8,
        "text": "Ik ontmoette hen als een beer, die van jongen beroofd is, en scheurde het slot huns harten; en Ik verslond ze aldaar als een oude leeuw; het wild gedierte des velds verscheurde hen."
      },
      {
        "book_name": "Hosea",
        "book": 28,
        "chapter": 13,
        "verse": 9,
        "text": "Het heeft u bedorven, o Israël! want in Mij is uw hulp."
      },
      {
        "book_name": "Hosea",
        "book": 28,
        "chapter": 13,
        "verse": 10,
        "text": "Waar is uw koning nu? Dat hij u behoude in al uw steden! En uw richters, waar gij van zeidet: Geef mij een koning en vorsten?"
      },
      {
        "book_name": "Hosea",
        "book": 28,
        "chapter": 13,
        "verse": 11,
        "text": "Ik gaf u een koning in Mijn toorn en nam hem weg in Mijn verbolgenheid."
      },
      {
        "book_name": "Hosea",
        "book": 28,
        "chapter": 13,
        "verse": 12,
        "text": "Efraïms ongerechtigheid is samengebonden, zijn zonde is opgelegd."
      },
      {
        "book_name": "Hosea",
        "book": 28,
        "chapter": 13,
        "verse": 13,
        "text": "Smarten ener barende vrouw zullen hem aankomen; hij is een onwijs kind; want anders zou hij geen tijd in de kindergeboorte blijven staan."
      },
      {
        "book_name": "Hosea",
        "book": 28,
        "chapter": 13,
        "verse": 14,
        "text": "Doch Ik zal hen van het geweld der hel verlossen, Ik zal ze vrijmaken van den dood: o dood! waar zijn uw pestilentiën? hel! waar is uw verderf? Berouw zal van Mijn ogen verborgen zijn,"
      },
      {
        "book_name": "Hosea",
        "book": 28,
        "chapter": 13,
        "verse": 15,
        "text": "Want hij zal vrucht voortbrengen onder de broederen; doch er zal een oostenwind komen, een wind des HEEREN, opkomende uit de woestijn; en zijn springader zal uitdrogen, en zijn fontein zal verdrogen; diezelve zal den schat van alle gewenste huisraad roven."
      }
    ],
    "14": [
      {
        "book_name": "Hosea",
        "book": 28,
        "chapter": 14,
        "verse": 1,
        "text": "1 Samaria zal woest worden, want zij is wederspannig geweest tegen haar God; zij zullen door het zwaard vallen, hun kinderkens zullen verpletterd, en hun zwangere vrouwen zullen opengesneden worden.  2 Bekeer u, o Israël! tot den HEERE, uw God, toe; want gij zijt gevallen om uw ongerechtigheid.  3 Neem deze woorden met u, en bekeer u tot den HEERE; zeg tot Hem: Neem weg alle ongerechtigheid, en geef het goede, zo zullen wij betalen de varren onzer lippen.  4 Assur zal ons niet behouden, wij zullen niet rijden op paarden, en tot het werk onzer handen niet meer zeggen: Gij zijt onze God. Immers zal een wees bij U ontfermd worden.  5 Ik zal hunlieder afkering genezen, Ik zal hen vrijwilliglijk liefhebben; want Mijn toorn is van hem gekeerd.  6 Ik zal Israël zijn als de dauw; hij zal bloeien als de lelie, en hij zal zijn wortelen uitslaan als de Libanon.  7 Zijn scheuten zullen zich uitspreiden, en zijn heerlijkheid zal zijn als des olijfbooms, en hij zal een reuk hebben als de Libanon.  8 Zij zullen wederkeren, zittende onder zijn schaduw; zij zullen ten leven voortbrengen als koren, en bloeien als de wijnstok; zijn gedachtenis zal zijn als de wijn van Libanon.  9 Efraïm! wat heb Ik meer met de afgoden te doen? Ik heb hem verhoord, en zal op hem zien; Ik zal hem zijn als een groenende denneboom; uw vrucht is uit Mij gevonden.  10 Wie is wijs? die versta deze dingen; wie is verstandig? die bekenne ze; want des HEEREN wegen zijn recht, en de rechtvaardigen zullen daarin wandelen, maar de overtreders zullen daarin vallen."
      },
      {
        "book_name": "Hosea",
        "book": 28,
        "chapter": 14,
        "verse": 1,
        "text": "Samaria zal woest worden, want zij is wederspannig geweest tegen haar God; zij zullen door het zwaard vallen, hun kinderkens zullen verpletterd, en hun zwangere vrouwen zullen opengesneden worden."
      },
      {
        "book_name": "Hosea",
        "book": 28,
        "chapter": 14,
        "verse": 2,
        "text": "Bekeer u, o Israël! tot den HEERE, uw God, toe; want gij zijt gevallen om uw ongerechtigheid."
      },
      {
        "book_name": "Hosea",
        "book": 28,
        "chapter": 14,
        "verse": 3,
        "text": "Neem deze woorden met u, en bekeer u tot den HEERE; zeg tot Hem: Neem weg alle ongerechtigheid, en geef het goede, zo zullen wij betalen de varren onzer lippen."
      },
      {
        "book_name": "Hosea",
        "book": 28,
        "chapter": 14,
        "verse": 4,
        "text": "Assur zal ons niet behouden, wij zullen niet rijden op paarden, en tot het werk onzer handen niet meer zeggen: Gij zijt onze God. Immers zal een wees bij U ontfermd worden."
      },
      {
        "book_name": "Hosea",
        "book": 28,
        "chapter": 14,
        "verse": 5,
        "text": "Ik zal hunlieder afkering genezen, Ik zal hen vrijwilliglijk liefhebben; want Mijn toorn is van hem gekeerd."
      },
      {
        "book_name": "Hosea",
        "book": 28,
        "chapter": 14,
        "verse": 6,
        "text": "Ik zal Israël zijn als de dauw; hij zal bloeien als de lelie, en hij zal zijn wortelen uitslaan als de Libanon."
      },
      {
        "book_name": "Hosea",
        "book": 28,
        "chapter": 14,
        "verse": 7,
        "text": "Zijn scheuten zullen zich uitspreiden, en zijn heerlijkheid zal zijn als des olijfbooms, en hij zal een reuk hebben als de Libanon."
      },
      {
        "book_name": "Hosea",
        "book": 28,
        "chapter": 14,
        "verse": 8,
        "text": "Zij zullen wederkeren, zittende onder zijn schaduw; zij zullen ten leven voortbrengen als koren, en bloeien als de wijnstok; zijn gedachtenis zal zijn als de wijn van Libanon."
      },
      {
        "book_name": "Hosea",
        "book": 28,
        "chapter": 14,
        "verse": 9,
        "text": "Efraïm! wat heb Ik meer met de afgoden te doen? Ik heb hem verhoord, en zal op hem zien; Ik zal hem zijn als een groenende denneboom; uw vrucht is uit Mij gevonden."
      },
      {
        "book_name": "Hosea",
        "book": 28,
        "chapter": 14,
        "verse": 10,
        "text": "Wie is wijs? die versta deze dingen; wie is verstandig? die bekenne ze; want des HEEREN wegen zijn recht, en de rechtvaardigen zullen daarin wandelen, maar de overtreders zullen daarin vallen."
      }
    ]
  }
}