{
  "source": "bible.com",
  "version": "Statenvertaling (1750)",
  "book": "Jakobus",
  "chapters": {
    "1": [
      {
        "book_name": "Jakobus",
        "book": 59,
        "chapter": 1,
        "verse": 1,
        "text": "1Jakobus, een dienstknecht van God en van den Heere Jezus Christus; aan de twaalf stammen, die in de verstrooiing zijn: zaligheid.  2Acht het voor grote vreugde, mijn broeders, wanneer gij in velerlei verzoekingen valt;  3Wetende, dat de beproeving uws geloofs lijdzaamheid werkt.  4Doch de lijdzaamheid hebbe een volmaakt werk, opdat gij moogt volmaakt zijn en geheel oprecht, in geen ding gebrekkelijk.  5En indien iemand van u wijsheid ontbreekt, dat hij ze van God begere, Die een iegelijk mildelijk geeft, en niet verwijt; en zij zal hem gegeven worden.  6Maar dat hij ze begere in geloof, niet twijfelende; want die twijfelt, is een baar der zee gelijk, die van den wind gedreven en op- en nedergeworpen wordt.  7Want die mens mene niet, dat hij iets ontvangen zal van den Heere.  8Een dubbelhartig man is ongestadig in al zijn wegen.  9Maar de broeder, die nederig is, roeme in zijn hoogheid.  10En de rijke in zijn vernedering; want hij zal als een bloem van het gras voorbijgaan.  11Want de zon is opgegaan met de hitte, en heeft het gras dor gemaakt, en zijn bloem is afgevallen, en de schone gedaante haars aanschijns is vergaan; alzo zal ook de rijke in zijn wegen verwelken.  12Zalig is de man, die verzoeking verdraagt; want als hij beproefd zal geweest zijn, zal hij de kroon des levens ontvangen, welke de Heere beloofd heeft dengenen, die Hem liefhebben.  13Niemand, als hij verzocht wordt, zegge: Ik word van God verzocht; want God kan niet verzocht worden met het kwade, en Hij Zelf verzoekt niemand.  14Maar een iegelijk wordt verzocht, als hij van zijn eigen begeerlijkheid afgetrokken en verlokt wordt.  15Daarna de begeerlijkheid ontvangen hebbende baart zonde; en de zonde voleindigd zijnde baart den dood.  16Dwaalt niet, mijn geliefde broeders!  17Alle goede gave, en alle volmaakte gifte is van boven, van den Vader der lichten afkomende, bij Welken geen verandering is, of schaduw van omkering.  18Naar Zijn wil heeft Hij ons gebaard door het Woord der waarheid, opdat wij zouden zijn als eerstelingen Zijner schepselen.  19Zo dan, mijn geliefde broeders, een iegelijk mens zij ras om te horen, traag om te spreken, traag tot toorn;  20Want de toorn des mans werkt Gods gerechtigheid niet.  21Daarom, afgelegd hebbende alle vuiligheid en overvloed van boosheid, ontvangt met zachtmoedigheid het Woord, dat in u geplant wordt, hetwelk uw zielen kan zaligmaken.  22En zijt daders des Woords, en niet alleen hoorders, uzelven met valse overlegging bedriegende.  23Want zo iemand een hoorder is des Woords, en niet een dader, die is een man gelijk, welke zijn aangeboren aangezicht bemerkt in een spiegel;  24Want hij heeft zichzelven bemerkt, en is weggegaan, en heeft terstond vergeten, hoedanig hij was.  25Maar die inziet in de volmaakte wet, die der vrijheid is, en daarbij blijft, deze, geen vergetelijk hoorder geworden zijnde, maar een dader des werks, deze, zeg ik, zal gelukzalig zijn in dit zijn doen.  26Indien iemand onder u dunkt, dat hij godsdienstig is, en hij zijn tong niet in toom houdt, maar zijn hart verleidt, dezes godsdienst is ijdel.  27De zuivere en onbevlekte godsdienst voor God en den Vader is deze: wezen en weduwen bezoeken in hun verdrukking, en zichzelven onbesmet bewaren van de wereld."
      },
      {
        "book_name": "Jakobus",
        "book": 59,
        "chapter": 1,
        "verse": 1,
        "text": "Jakobus, een dienstknecht van God en van den Heere Jezus Christus; aan de twaalf stammen, die in de verstrooiing zijn: zaligheid."
      },
      {
        "book_name": "Jakobus",
        "book": 59,
        "chapter": 1,
        "verse": 2,
        "text": "Acht het voor grote vreugde, mijn broeders, wanneer gij in velerlei verzoekingen valt;"
      },
      {
        "book_name": "Jakobus",
        "book": 59,
        "chapter": 1,
        "verse": 3,
        "text": "Wetende, dat de beproeving uws geloofs lijdzaamheid werkt."
      },
      {
        "book_name": "Jakobus",
        "book": 59,
        "chapter": 1,
        "verse": 4,
        "text": "Doch de lijdzaamheid hebbe een volmaakt werk, opdat gij moogt volmaakt zijn en geheel oprecht, in geen ding gebrekkelijk."
      },
      {
        "book_name": "Jakobus",
        "book": 59,
        "chapter": 1,
        "verse": 5,
        "text": "En indien iemand van u wijsheid ontbreekt, dat hij ze van God begere, Die een iegelijk mildelijk geeft, en niet verwijt; en zij zal hem gegeven worden."
      },
      {
        "book_name": "Jakobus",
        "book": 59,
        "chapter": 1,
        "verse": 6,
        "text": "Maar dat hij ze begere in geloof, niet twijfelende; want die twijfelt, is een baar der zee gelijk, die van den wind gedreven en op- en nedergeworpen wordt."
      },
      {
        "book_name": "Jakobus",
        "book": 59,
        "chapter": 1,
        "verse": 7,
        "text": "Want die mens mene niet, dat hij iets ontvangen zal van den Heere."
      },
      {
        "book_name": "Jakobus",
        "book": 59,
        "chapter": 1,
        "verse": 8,
        "text": "Een dubbelhartig man is ongestadig in al zijn wegen."
      },
      {
        "book_name": "Jakobus",
        "book": 59,
        "chapter": 1,
        "verse": 9,
        "text": "Maar de broeder, die nederig is, roeme in zijn hoogheid."
      },
      {
        "book_name": "Jakobus",
        "book": 59,
        "chapter": 1,
        "verse": 10,
        "text": "En de rijke in zijn vernedering; want hij zal als een bloem van het gras voorbijgaan."
      },
      {
        "book_name": "Jakobus",
        "book": 59,
        "chapter": 1,
        "verse": 11,
        "text": "Want de zon is opgegaan met de hitte, en heeft het gras dor gemaakt, en zijn bloem is afgevallen, en de schone gedaante haars aanschijns is vergaan; alzo zal ook de rijke in zijn wegen verwelken."
      },
      {
        "book_name": "Jakobus",
        "book": 59,
        "chapter": 1,
        "verse": 12,
        "text": "Zalig is de man, die verzoeking verdraagt; want als hij beproefd zal geweest zijn, zal hij de kroon des levens ontvangen, welke de Heere beloofd heeft dengenen, die Hem liefhebben."
      },
      {
        "book_name": "Jakobus",
        "book": 59,
        "chapter": 1,
        "verse": 13,
        "text": "Niemand, als hij verzocht wordt, zegge: Ik word van God verzocht; want God kan niet verzocht worden met het kwade, en Hij Zelf verzoekt niemand."
      },
      {
        "book_name": "Jakobus",
        "book": 59,
        "chapter": 1,
        "verse": 14,
        "text": "Maar een iegelijk wordt verzocht, als hij van zijn eigen begeerlijkheid afgetrokken en verlokt wordt."
      },
      {
        "book_name": "Jakobus",
        "book": 59,
        "chapter": 1,
        "verse": 15,
        "text": "Daarna de begeerlijkheid ontvangen hebbende baart zonde; en de zonde voleindigd zijnde baart den dood."
      },
      {
        "book_name": "Jakobus",
        "book": 59,
        "chapter": 1,
        "verse": 16,
        "text": "Dwaalt niet, mijn geliefde broeders!"
      },
      {
        "book_name": "Jakobus",
        "book": 59,
        "chapter": 1,
        "verse": 17,
        "text": "Alle goede gave, en alle volmaakte gifte is van boven, van den Vader der lichten afkomende, bij Welken geen verandering is, of schaduw van omkering."
      },
      {
        "book_name": "Jakobus",
        "book": 59,
        "chapter": 1,
        "verse": 18,
        "text": "Naar Zijn wil heeft Hij ons gebaard door het Woord der waarheid, opdat wij zouden zijn als eerstelingen Zijner schepselen."
      },
      {
        "book_name": "Jakobus",
        "book": 59,
        "chapter": 1,
        "verse": 19,
        "text": "Zo dan, mijn geliefde broeders, een iegelijk mens zij ras om te horen, traag om te spreken, traag tot toorn;"
      },
      {
        "book_name": "Jakobus",
        "book": 59,
        "chapter": 1,
        "verse": 20,
        "text": "Want de toorn des mans werkt Gods gerechtigheid niet."
      },
      {
        "book_name": "Jakobus",
        "book": 59,
        "chapter": 1,
        "verse": 21,
        "text": "Daarom, afgelegd hebbende alle vuiligheid en overvloed van boosheid, ontvangt met zachtmoedigheid het Woord, dat in u geplant wordt, hetwelk uw zielen kan zaligmaken."
      },
      {
        "book_name": "Jakobus",
        "book": 59,
        "chapter": 1,
        "verse": 22,
        "text": "En zijt daders des Woords, en niet alleen hoorders, uzelven met valse overlegging bedriegende."
      },
      {
        "book_name": "Jakobus",
        "book": 59,
        "chapter": 1,
        "verse": 23,
        "text": "Want zo iemand een hoorder is des Woords, en niet een dader, die is een man gelijk, welke zijn aangeboren aangezicht bemerkt in een spiegel;"
      },
      {
        "book_name": "Jakobus",
        "book": 59,
        "chapter": 1,
        "verse": 24,
        "text": "Want hij heeft zichzelven bemerkt, en is weggegaan, en heeft terstond vergeten, hoedanig hij was."
      },
      {
        "book_name": "Jakobus",
        "book": 59,
        "chapter": 1,
        "verse": 25,
        "text": "Maar die inziet in de volmaakte wet, die der vrijheid is, en daarbij blijft, deze, geen vergetelijk hoorder geworden zijnde, maar een dader des werks, deze, zeg ik, zal gelukzalig zijn in dit zijn doen."
      },
      {
        "book_name": "Jakobus",
        "book": 59,
        "chapter": 1,
        "verse": 26,
        "text": "Indien iemand onder u dunkt, dat hij godsdienstig is, en hij zijn tong niet in toom houdt, maar zijn hart verleidt, dezes godsdienst is ijdel."
      },
      {
        "book_name": "Jakobus",
        "book": 59,
        "chapter": 1,
        "verse": 27,
        "text": "De zuivere en onbevlekte godsdienst voor God en den Vader is deze: wezen en weduwen bezoeken in hun verdrukking, en zichzelven onbesmet bewaren van de wereld."
      }
    ],
    "2": [
      {
        "book_name": "Jakobus",
        "book": 59,
        "chapter": 2,
        "verse": 1,
        "text": "1Mijn broeders, hebt niet het geloof van onzen Heere Jezus Christus, den Heere der heerlijkheid, met aannemingen des persoons.  2Want zo in uw vergadering kwam een man met een gouden ring aan den vinger, in een sierlijke kleding, en er kwam ook een arm man in met een slechte kleding;  3En gij zoudt aanzien dengene, die de sierlijke kleding draagt, en tot hem zeggen: Zit gij hier op een eerlijke plaats; en zoudt zeggen tot den arme: Sta gij daar; of: Zit hier onder mijn voetbank;  4Hebt gij dan niet in uzelven een onderscheid gemaakt, en zijt rechters geworden van kwade overleggingen?  5Hoort, mijn geliefde broeders, heeft God niet uitverkoren de armen dezer wereld, om rijk te zijn in het geloof, en erfgenamen des Koninkrijks, hetwelk Hij belooft dengenen, die Hem liefhebben?  6Maar gij hebt den arme oneer aangedaan. Overweldigen u niet de rijken, en trekken zij u niet tot de rechterstoelen?  7Lasteren zij niet den goeden naam, die over u aangeroepen is?  8Indien gij dan de koninklijke wet volbrengt, naar de Schrift: Gij zult uw naaste liefhebben als uzelven, zo doet gij wel;  9Maar indien gij den persoon aanneemt, zo doet gij zonde, en wordt van de wet bestraft als overtreders.  10Want wie de gehele wet zal houden, en in één zal struikelen, die is schuldig geworden aan alle.  11Want Die gezegd heeft: Gij zult geen overspel doen, Die heeft ook gezegd: Gij zult niet doden. Indien gij nu geen overspel zult doen, maar zult doden, zo zijt gij een overtreder der wet geworden.  12Spreekt alzo, en doet alzo, als die door de wet der vrijheid zult geoordeeld worden.  13Want een onbarmhartig oordeel zal gaan over dengene, die geen barmhartigheid gedaan heeft; en de barmhartigheid roemt tegen het oordeel.  14Wat nuttigheid is het, mijn broeders, indien iemand zegt, dat hij het geloof heeft, en hij heeft de werken niet? Kan dat geloof hem zaligmaken?  15Indien er nu een broeder of zuster naakt zouden zijn, en gebrek zouden hebben aan dagelijks voedsel;  16En iemand van u tot hen zou zeggen: Gaat henen in vrede, wordt warm, en wordt verzadigd; en gijlieden zoudt hun niet geven de nooddruftigheden des lichaams, wat nuttigheid is dat?  17Alzo ook het geloof, indien het de werken niet heeft, is bij zichzelven dood.  18Maar, zal iemand zeggen: Gij hebt het geloof, en ik heb de werken. Toon mij uw geloof uit uw werken, en ik zal u uit mijn werken mijn geloof tonen.  19Gij gelooft, dat God een enig God is; gij doet wel; de duivelen geloven het ook, en zij sidderen.  20Maar wilt gij weten, o ijdel mens, dat het geloof zonder de werken dood is?  21Abraham, onze vader, is hij niet uit de werken gerechtvaardigd, als hij Izak, zijn zoon, geofferd heeft op het altaar?  22Ziet gij wel, dat het geloof mede gewrocht heeft met zijn werken, en het geloof volmaakt is geweest uit de werken?  23En de Schrift is vervuld geworden, die daar zegt: En Abraham geloofde God, en het is hem tot rechtvaardigheid gerekend, en hij is een vriend van God genaamd geweest.  24Ziet gij dan nu, dat een mens uit de werken gerechtvaardigd wordt, en niet alleenlijk uit het geloof?  25En desgelijks ook Rachab, de hoer, is zij niet uit de werken gerechtvaardigd geweest, als zij de gezondenen heeft ontvangen, en door een anderen weg uitgelaten?  26Want gelijk het lichaam zonder geest dood is, alzo is ook het geloof zonder de werken dood."
      },
      {
        "book_name": "Jakobus",
        "book": 59,
        "chapter": 2,
        "verse": 1,
        "text": "Mijn broeders, hebt niet het geloof van onzen Heere Jezus Christus, den Heere der heerlijkheid, met aannemingen des persoons."
      },
      {
        "book_name": "Jakobus",
        "book": 59,
        "chapter": 2,
        "verse": 2,
        "text": "Want zo in uw vergadering kwam een man met een gouden ring aan den vinger, in een sierlijke kleding, en er kwam ook een arm man in met een slechte kleding;"
      },
      {
        "book_name": "Jakobus",
        "book": 59,
        "chapter": 2,
        "verse": 3,
        "text": "En gij zoudt aanzien dengene, die de sierlijke kleding draagt, en tot hem zeggen: Zit gij hier op een eerlijke plaats; en zoudt zeggen tot den arme: Sta gij daar; of: Zit hier onder mijn voetbank;"
      },
      {
        "book_name": "Jakobus",
        "book": 59,
        "chapter": 2,
        "verse": 4,
        "text": "Hebt gij dan niet in uzelven een onderscheid gemaakt, en zijt rechters geworden van kwade overleggingen?"
      },
      {
        "book_name": "Jakobus",
        "book": 59,
        "chapter": 2,
        "verse": 5,
        "text": "Hoort, mijn geliefde broeders, heeft God niet uitverkoren de armen dezer wereld, om rijk te zijn in het geloof, en erfgenamen des Koninkrijks, hetwelk Hij belooft dengenen, die Hem liefhebben?"
      },
      {
        "book_name": "Jakobus",
        "book": 59,
        "chapter": 2,
        "verse": 6,
        "text": "Maar gij hebt den arme oneer aangedaan. Overweldigen u niet de rijken, en trekken zij u niet tot de rechterstoelen?"
      },
      {
        "book_name": "Jakobus",
        "book": 59,
        "chapter": 2,
        "verse": 7,
        "text": "Lasteren zij niet den goeden naam, die over u aangeroepen is?"
      },
      {
        "book_name": "Jakobus",
        "book": 59,
        "chapter": 2,
        "verse": 8,
        "text": "Indien gij dan de koninklijke wet volbrengt, naar de Schrift: Gij zult uw naaste liefhebben als uzelven, zo doet gij wel;"
      },
      {
        "book_name": "Jakobus",
        "book": 59,
        "chapter": 2,
        "verse": 9,
        "text": "Maar indien gij den persoon aanneemt, zo doet gij zonde, en wordt van de wet bestraft als overtreders."
      },
      {
        "book_name": "Jakobus",
        "book": 59,
        "chapter": 2,
        "verse": 10,
        "text": "Want wie de gehele wet zal houden, en in één zal struikelen, die is schuldig geworden aan alle."
      },
      {
        "book_name": "Jakobus",
        "book": 59,
        "chapter": 2,
        "verse": 11,
        "text": "Want Die gezegd heeft: Gij zult geen overspel doen, Die heeft ook gezegd: Gij zult niet doden. Indien gij nu geen overspel zult doen, maar zult doden, zo zijt gij een overtreder der wet geworden."
      },
      {
        "book_name": "Jakobus",
        "book": 59,
        "chapter": 2,
        "verse": 12,
        "text": "Spreekt alzo, en doet alzo, als die door de wet der vrijheid zult geoordeeld worden."
      },
      {
        "book_name": "Jakobus",
        "book": 59,
        "chapter": 2,
        "verse": 13,
        "text": "Want een onbarmhartig oordeel zal gaan over dengene, die geen barmhartigheid gedaan heeft; en de barmhartigheid roemt tegen het oordeel."
      },
      {
        "book_name": "Jakobus",
        "book": 59,
        "chapter": 2,
        "verse": 14,
        "text": "Wat nuttigheid is het, mijn broeders, indien iemand zegt, dat hij het geloof heeft, en hij heeft de werken niet? Kan dat geloof hem zaligmaken?"
      },
      {
        "book_name": "Jakobus",
        "book": 59,
        "chapter": 2,
        "verse": 15,
        "text": "Indien er nu een broeder of zuster naakt zouden zijn, en gebrek zouden hebben aan dagelijks voedsel;"
      },
      {
        "book_name": "Jakobus",
        "book": 59,
        "chapter": 2,
        "verse": 16,
        "text": "En iemand van u tot hen zou zeggen: Gaat henen in vrede, wordt warm, en wordt verzadigd; en gijlieden zoudt hun niet geven de nooddruftigheden des lichaams, wat nuttigheid is dat?"
      },
      {
        "book_name": "Jakobus",
        "book": 59,
        "chapter": 2,
        "verse": 17,
        "text": "Alzo ook het geloof, indien het de werken niet heeft, is bij zichzelven dood."
      },
      {
        "book_name": "Jakobus",
        "book": 59,
        "chapter": 2,
        "verse": 18,
        "text": "Maar, zal iemand zeggen: Gij hebt het geloof, en ik heb de werken. Toon mij uw geloof uit uw werken, en ik zal u uit mijn werken mijn geloof tonen."
      },
      {
        "book_name": "Jakobus",
        "book": 59,
        "chapter": 2,
        "verse": 19,
        "text": "Gij gelooft, dat God een enig God is; gij doet wel; de duivelen geloven het ook, en zij sidderen."
      },
      {
        "book_name": "Jakobus",
        "book": 59,
        "chapter": 2,
        "verse": 20,
        "text": "Maar wilt gij weten, o ijdel mens, dat het geloof zonder de werken dood is?"
      },
      {
        "book_name": "Jakobus",
        "book": 59,
        "chapter": 2,
        "verse": 21,
        "text": "Abraham, onze vader, is hij niet uit de werken gerechtvaardigd, als hij Izak, zijn zoon, geofferd heeft op het altaar?"
      },
      {
        "book_name": "Jakobus",
        "book": 59,
        "chapter": 2,
        "verse": 22,
        "text": "Ziet gij wel, dat het geloof mede gewrocht heeft met zijn werken, en het geloof volmaakt is geweest uit de werken?"
      },
      {
        "book_name": "Jakobus",
        "book": 59,
        "chapter": 2,
        "verse": 23,
        "text": "En de Schrift is vervuld geworden, die daar zegt: En Abraham geloofde God, en het is hem tot rechtvaardigheid gerekend, en hij is een vriend van God genaamd geweest."
      },
      {
        "book_name": "Jakobus",
        "book": 59,
        "chapter": 2,
        "verse": 24,
        "text": "Ziet gij dan nu, dat een mens uit de werken gerechtvaardigd wordt, en niet alleenlijk uit het geloof?"
      },
      {
        "book_name": "Jakobus",
        "book": 59,
        "chapter": 2,
        "verse": 25,
        "text": "En desgelijks ook Rachab, de hoer, is zij niet uit de werken gerechtvaardigd geweest, als zij de gezondenen heeft ontvangen, en door een anderen weg uitgelaten?"
      },
      {
        "book_name": "Jakobus",
        "book": 59,
        "chapter": 2,
        "verse": 26,
        "text": "Want gelijk het lichaam zonder geest dood is, alzo is ook het geloof zonder de werken dood."
      }
    ],
    "3": [
      {
        "book_name": "Jakobus",
        "book": 59,
        "chapter": 3,
        "verse": 1,
        "text": "1Zijt niet vele meesters, mijn broeders, wetende, dat wij te meerder oordeel zullen ontvangen.  2Want wij struikelen allen in vele. Indien iemand in woorden niet struikelt, die is een volmaakt man, machtig om ook het gehele lichaam in den toom te houden.  3Ziet, wij leggen den paarden tomen in de monden, opdat zij ons zouden gehoorzamen, en wij leiden daarmede hun gehele lichaam om;  4Ziet ook de schepen, hoewel zij zo groot zijn, en van harde winden gedreven, zij worden omgewend van een zeer klein roer, waarhenen ook de begeerte des stuurders wil.  5Alzo is ook de tong een klein lid, en roemt nochtans grote dingen. Ziet, een klein vuur, hoe groten hoop houts het aansteekt.  6De tong is ook een vuur, een wereld der ongerechtigheid; alzo is de tong onder onze leden gesteld, welke het gehele lichaam besmet, en ontsteekt het rad onzer geboorte, en wordt ontstoken van de hel.  7Want alle natuur, beide der wilde dieren en der vogelen, beide der kruipende en der zeedieren, wordt getemd en is getemd geweest van de menselijke natuur.  8Maar de tong kan geen mens temmen; zij is een onbedwingelijk kwaad, vol van dodelijk venijn.  9Door haar loven wij God en den Vader, en door haar vervloeken wij de mensen, die naar de gelijkenis van God gemaakt zijn.  10Uit denzelfden mond komt voort zegening en vervloeking. Dit moet, mijn broeders, alzo niet geschieden.  11Welt ook een fontein uit een zelfde ader het zoet en het bitter?  12Kan ook, mijn broeders, een vijgeboom olijven voortbrengen, of een wijnstok vijgen? Alzo kan geen fontein zout en zoet water voortbrengen.  13Wie is wijs en verstandig onder u? die bewijze uit zijn goeden wandel zijn werken in zachtmoedige wijsheid.  14Maar indien gij bitteren nijd en twistgierigheid hebt in uw hart, zo roemt en liegt niet tegen de waarheid.  15Deze is de wijsheid niet, die van boven afkomt, maar is aards, natuurlijk, duivels.  16Want waar nijd en twistgierigheid is, aldaar is verwarring en alle boze handel.  17Maar de wijsheid, die van boven is, die is ten eerste zuiver, daarna vreedzaam, bescheiden, gezeggelijk, vol van barmhartigheid en van goede vruchten, niet partijdig oordelende, en ongeveinsd.  18En de vrucht der rechtvaardigheid wordt in vrede gezaaid voor degenen, die vrede maken."
      },
      {
        "book_name": "Jakobus",
        "book": 59,
        "chapter": 3,
        "verse": 1,
        "text": "Zijt niet vele meesters, mijn broeders, wetende, dat wij te meerder oordeel zullen ontvangen."
      },
      {
        "book_name": "Jakobus",
        "book": 59,
        "chapter": 3,
        "verse": 2,
        "text": "Want wij struikelen allen in vele. Indien iemand in woorden niet struikelt, die is een volmaakt man, machtig om ook het gehele lichaam in den toom te houden."
      },
      {
        "book_name": "Jakobus",
        "book": 59,
        "chapter": 3,
        "verse": 3,
        "text": "Ziet, wij leggen den paarden tomen in de monden, opdat zij ons zouden gehoorzamen, en wij leiden daarmede hun gehele lichaam om;"
      },
      {
        "book_name": "Jakobus",
        "book": 59,
        "chapter": 3,
        "verse": 4,
        "text": "Ziet ook de schepen, hoewel zij zo groot zijn, en van harde winden gedreven, zij worden omgewend van een zeer klein roer, waarhenen ook de begeerte des stuurders wil."
      },
      {
        "book_name": "Jakobus",
        "book": 59,
        "chapter": 3,
        "verse": 5,
        "text": "Alzo is ook de tong een klein lid, en roemt nochtans grote dingen. Ziet, een klein vuur, hoe groten hoop houts het aansteekt."
      },
      {
        "book_name": "Jakobus",
        "book": 59,
        "chapter": 3,
        "verse": 6,
        "text": "De tong is ook een vuur, een wereld der ongerechtigheid; alzo is de tong onder onze leden gesteld, welke het gehele lichaam besmet, en ontsteekt het rad onzer geboorte, en wordt ontstoken van de hel."
      },
      {
        "book_name": "Jakobus",
        "book": 59,
        "chapter": 3,
        "verse": 7,
        "text": "Want alle natuur, beide der wilde dieren en der vogelen, beide der kruipende en der zeedieren, wordt getemd en is getemd geweest van de menselijke natuur."
      },
      {
        "book_name": "Jakobus",
        "book": 59,
        "chapter": 3,
        "verse": 8,
        "text": "Maar de tong kan geen mens temmen; zij is een onbedwingelijk kwaad, vol van dodelijk venijn."
      },
      {
        "book_name": "Jakobus",
        "book": 59,
        "chapter": 3,
        "verse": 9,
        "text": "Door haar loven wij God en den Vader, en door haar vervloeken wij de mensen, die naar de gelijkenis van God gemaakt zijn."
      },
      {
        "book_name": "Jakobus",
        "book": 59,
        "chapter": 3,
        "verse": 10,
        "text": "Uit denzelfden mond komt voort zegening en vervloeking. Dit moet, mijn broeders, alzo niet geschieden."
      },
      {
        "book_name": "Jakobus",
        "book": 59,
        "chapter": 3,
        "verse": 11,
        "text": "Welt ook een fontein uit een zelfde ader het zoet en het bitter?"
      },
      {
        "book_name": "Jakobus",
        "book": 59,
        "chapter": 3,
        "verse": 12,
        "text": "Kan ook, mijn broeders, een vijgeboom olijven voortbrengen, of een wijnstok vijgen? Alzo kan geen fontein zout en zoet water voortbrengen."
      },
      {
        "book_name": "Jakobus",
        "book": 59,
        "chapter": 3,
        "verse": 13,
        "text": "Wie is wijs en verstandig onder u? die bewijze uit zijn goeden wandel zijn werken in zachtmoedige wijsheid."
      },
      {
        "book_name": "Jakobus",
        "book": 59,
        "chapter": 3,
        "verse": 14,
        "text": "Maar indien gij bitteren nijd en twistgierigheid hebt in uw hart, zo roemt en liegt niet tegen de waarheid."
      },
      {
        "book_name": "Jakobus",
        "book": 59,
        "chapter": 3,
        "verse": 15,
        "text": "Deze is de wijsheid niet, die van boven afkomt, maar is aards, natuurlijk, duivels."
      },
      {
        "book_name": "Jakobus",
        "book": 59,
        "chapter": 3,
        "verse": 16,
        "text": "Want waar nijd en twistgierigheid is, aldaar is verwarring en alle boze handel."
      },
      {
        "book_name": "Jakobus",
        "book": 59,
        "chapter": 3,
        "verse": 17,
        "text": "Maar de wijsheid, die van boven is, die is ten eerste zuiver, daarna vreedzaam, bescheiden, gezeggelijk, vol van barmhartigheid en van goede vruchten, niet partijdig oordelende, en ongeveinsd."
      },
      {
        "book_name": "Jakobus",
        "book": 59,
        "chapter": 3,
        "verse": 18,
        "text": "En de vrucht der rechtvaardigheid wordt in vrede gezaaid voor degenen, die vrede maken."
      }
    ],
    "4": [
      {
        "book_name": "Jakobus",
        "book": 59,
        "chapter": 4,
        "verse": 1,
        "text": "1Van waar komen krijgen en vechterijen onder u? Komen zij niet hiervan, namelijk uit uw wellusten, die in uw leden strijd voeren?  2Gij begeert, en hebt niet; gij benijdt en ijvert naar dingen, en kunt ze niet verkrijgen; gij vecht en voert krijg, doch gij hebt niet, omdat gij niet bidt.  3Gij bidt, en gij ontvangt niet, omdat gij kwalijk bidt, opdat gij het in uw wellusten doorbrengen zoudt.  4Overspelers en overspeleressen, weet gij niet, dat de vriendschap der wereld een vijandschap Gods is? Zo wie dan een vriend der wereld wil zijn, die wordt een vijand van God gesteld.  5Of meent gij, dat de Schrift tevergeefs zegt: De Geest, Die in ons woont, heeft Die lust tot nijdigheid?  6Ja, Hij geeft meerdere genade. Daarom zegt de Schrift: God wederstaat de hovaardigen, maar den nederigen geeft Hij genade.  7Zo onderwerpt u dan Gode; wederstaat den duivel, en hij zal van u vlieden.  8Naakt tot God, en Hij zal tot u naken. Reinigt de handen, gij zondaars, en zuivert de harten, gij dubbelhartigen!  9Gedraagt u als ellendigen, en treurt en weent; uw lachen worde veranderd in treuren, en uw blijdschap in bedroefdheid.  10Vernedert u voor den Heere, en Hij zal u verhogen.  11Broeders, spreekt niet kwalijk van elkander. Die van zijn broeder kwalijk spreekt en zijn broeder oordeelt, die spreekt kwalijk van de wet, en oordeelt de wet. Indien gij nu de wet oordeelt, zo zijt gij geen dader der wet, maar een rechter.  12Er is een enig Wetgever, Die behouden kan en verderven. Doch wie zijt gij, die een anderen oordeelt?  13Welaan nu gij, die daar zegt: Wij zullen heden of morgen naar zulk een stad reizen, en aldaar een jaar doorbrengen, en koopmanschap drijven, en winst doen.  14Gij, die niet weet, wat morgen geschieden zal, want hoedanig is uw leven? Want het is een damp, die voor een weinig tijds gezien wordt, en daarna verdwijnt.  15In plaats dat gij zoudt zeggen: Indien de Heere wil, en wij leven zullen, zo zullen wij dit of dat doen.  16Maar nu roemt gij in uw hoogmoed; alle zodanige roem is boos.  17Wie dan weet goed te doen, en niet doet, dien is het zonde."
      },
      {
        "book_name": "Jakobus",
        "book": 59,
        "chapter": 4,
        "verse": 1,
        "text": "Van waar komen krijgen en vechterijen onder u? Komen zij niet hiervan, namelijk uit uw wellusten, die in uw leden strijd voeren?"
      },
      {
        "book_name": "Jakobus",
        "book": 59,
        "chapter": 4,
        "verse": 2,
        "text": "Gij begeert, en hebt niet; gij benijdt en ijvert naar dingen, en kunt ze niet verkrijgen; gij vecht en voert krijg, doch gij hebt niet, omdat gij niet bidt."
      },
      {
        "book_name": "Jakobus",
        "book": 59,
        "chapter": 4,
        "verse": 3,
        "text": "Gij bidt, en gij ontvangt niet, omdat gij kwalijk bidt, opdat gij het in uw wellusten doorbrengen zoudt."
      },
      {
        "book_name": "Jakobus",
        "book": 59,
        "chapter": 4,
        "verse": 4,
        "text": "Overspelers en overspeleressen, weet gij niet, dat de vriendschap der wereld een vijandschap Gods is? Zo wie dan een vriend der wereld wil zijn, die wordt een vijand van God gesteld."
      },
      {
        "book_name": "Jakobus",
        "book": 59,
        "chapter": 4,
        "verse": 5,
        "text": "Of meent gij, dat de Schrift tevergeefs zegt: De Geest, Die in ons woont, heeft Die lust tot nijdigheid?"
      },
      {
        "book_name": "Jakobus",
        "book": 59,
        "chapter": 4,
        "verse": 6,
        "text": "Ja, Hij geeft meerdere genade. Daarom zegt de Schrift: God wederstaat de hovaardigen, maar den nederigen geeft Hij genade."
      },
      {
        "book_name": "Jakobus",
        "book": 59,
        "chapter": 4,
        "verse": 7,
        "text": "Zo onderwerpt u dan Gode; wederstaat den duivel, en hij zal van u vlieden."
      },
      {
        "book_name": "Jakobus",
        "book": 59,
        "chapter": 4,
        "verse": 8,
        "text": "Naakt tot God, en Hij zal tot u naken. Reinigt de handen, gij zondaars, en zuivert de harten, gij dubbelhartigen!"
      },
      {
        "book_name": "Jakobus",
        "book": 59,
        "chapter": 4,
        "verse": 9,
        "text": "Gedraagt u als ellendigen, en treurt en weent; uw lachen worde veranderd in treuren, en uw blijdschap in bedroefdheid."
      },
      {
        "book_name": "Jakobus",
        "book": 59,
        "chapter": 4,
        "verse": 10,
        "text": "Vernedert u voor den Heere, en Hij zal u verhogen."
      },
      {
        "book_name": "Jakobus",
        "book": 59,
        "chapter": 4,
        "verse": 11,
        "text": "Broeders, spreekt niet kwalijk van elkander. Die van zijn broeder kwalijk spreekt en zijn broeder oordeelt, die spreekt kwalijk van de wet, en oordeelt de wet. Indien gij nu de wet oordeelt, zo zijt gij geen dader der wet, maar een rechter."
      },
      {
        "book_name": "Jakobus",
        "book": 59,
        "chapter": 4,
        "verse": 12,
        "text": "Er is een enig Wetgever, Die behouden kan en verderven. Doch wie zijt gij, die een anderen oordeelt?"
      },
      {
        "book_name": "Jakobus",
        "book": 59,
        "chapter": 4,
        "verse": 13,
        "text": "Welaan nu gij, die daar zegt: Wij zullen heden of morgen naar zulk een stad reizen, en aldaar een jaar doorbrengen, en koopmanschap drijven, en winst doen."
      },
      {
        "book_name": "Jakobus",
        "book": 59,
        "chapter": 4,
        "verse": 14,
        "text": "Gij, die niet weet, wat morgen geschieden zal, want hoedanig is uw leven? Want het is een damp, die voor een weinig tijds gezien wordt, en daarna verdwijnt."
      },
      {
        "book_name": "Jakobus",
        "book": 59,
        "chapter": 4,
        "verse": 15,
        "text": "In plaats dat gij zoudt zeggen: Indien de Heere wil, en wij leven zullen, zo zullen wij dit of dat doen."
      },
      {
        "book_name": "Jakobus",
        "book": 59,
        "chapter": 4,
        "verse": 16,
        "text": "Maar nu roemt gij in uw hoogmoed; alle zodanige roem is boos."
      },
      {
        "book_name": "Jakobus",
        "book": 59,
        "chapter": 4,
        "verse": 17,
        "text": "Wie dan weet goed te doen, en niet doet, dien is het zonde."
      }
    ],
    "5": [
      {
        "book_name": "Jakobus",
        "book": 59,
        "chapter": 5,
        "verse": 1,
        "text": "1Welaan nu, gij rijken, weent en huilt over uw ellendigheden, die over u komen.  2Uw rijkdom is verrot, en uw klederen zijn van de motten gegeten geworden;  3Uw goud en zilver is verroest; en hun roest zal u zijn tot een getuigenis, en zal uw vlees als een vuur verteren; gij hebt schatten vergaderd in de laatste dagen.  4Ziet, het loon der werklieden, die uw landen gemaaid hebben, welke van u verkort is, roept; en het geschrei dergenen, die geoogst hebben, is gekomen tot in de oren van den Heere Sebaôth.  5Gij hebt lekkerlijk geleefd op de aarde, en wellusten gevolgd; gij hebt uw harten gevoed als in een dag der slachting.  6Gij hebt veroordeeld, gij hebt gedood den rechtvaardige, en hij wederstaat u niet.  7Zo zijt dan lankmoedig, broeders, tot de toekomst des Heeren. Ziet, de landman verwacht de kostelijke vrucht des lands, lankmoedig zijnde over dezelve, totdat het den vroegen en spaden regen zal hebben ontvangen.  8Weest gij ook lankmoedig, versterkt uw harten; want de toekomst des Heeren genaakt.  9Zucht niet tegen elkander, broeders, opdat gij niet veroordeeld wordt; ziet, de Rechter staat voor de deur.  10Mijn broeders, neemt tot een voorbeeld des lijdens, en der lankmoedigheid de profeten, die in den Naam des Heeren gesproken hebben.  11Ziet, wij houden hen gelukzalig, die verdragen; gij hebt de verdraagzaamheid van Job gehoord, en gij hebt het einde des Heeren gezien, dat de Heere zeer barmhartig is en een Ontfermer.  12Doch voor alle dingen, mijn broeders, zweert niet, noch bij den hemel, noch bij de aarde, noch enigen anderen eed; maar uw ja, zij ja, en het neen, neen; opdat gij in geen oordeel valt.  13Is iemand onder u in lijden? Dat hij bidde. Is iemand goedsmoeds? Dat hij psalmzinge.  14Is iemand krank onder u? Dat hij tot zich roepe de ouderlingen der Gemeente, en dat zij over hem bidden, hem zalvende met olie in den Naam des Heeren.  15En het gebed des geloofs zal den zieke behouden, en de Heere zal hem oprichten, en zo hij zonden gedaan zal hebben, het zal hem vergeven worden.  16Belijdt elkander de misdaden, en bidt voor elkander, opdat gij gezond wordt; een krachtig gebed des rechtvaardigen vermag veel.  17Elias was een mens van gelijke bewegingen als wij; en hij bad een gebed, dat het niet zou regenen; en het regende niet op de aarde in drie jaren en zes maanden.  18En hij bad wederom, en de hemel gaf regen, en de aarde bracht haar vrucht voort.  19Broeders, indien iemand onder u van de waarheid is afgedwaald, en hem iemand bekeert,  20Die wete, dat degene, die een zondaar van de dwaling zijns wegs bekeert, een ziel van den dood zal behouden, en menigte der zonden zal bedekken."
      },
      {
        "book_name": "Jakobus",
        "book": 59,
        "chapter": 5,
        "verse": 1,
        "text": "Welaan nu, gij rijken, weent en huilt over uw ellendigheden, die over u komen."
      },
      {
        "book_name": "Jakobus",
        "book": 59,
        "chapter": 5,
        "verse": 2,
        "text": "Uw rijkdom is verrot, en uw klederen zijn van de motten gegeten geworden;"
      },
      {
        "book_name": "Jakobus",
        "book": 59,
        "chapter": 5,
        "verse": 3,
        "text": "Uw goud en zilver is verroest; en hun roest zal u zijn tot een getuigenis, en zal uw vlees als een vuur verteren; gij hebt schatten vergaderd in de laatste dagen."
      },
      {
        "book_name": "Jakobus",
        "book": 59,
        "chapter": 5,
        "verse": 4,
        "text": "Ziet, het loon der werklieden, die uw landen gemaaid hebben, welke van u verkort is, roept; en het geschrei dergenen, die geoogst hebben, is gekomen tot in de oren van den Heere Sebaôth."
      },
      {
        "book_name": "Jakobus",
        "book": 59,
        "chapter": 5,
        "verse": 5,
        "text": "Gij hebt lekkerlijk geleefd op de aarde, en wellusten gevolgd; gij hebt uw harten gevoed als in een dag der slachting."
      },
      {
        "book_name": "Jakobus",
        "book": 59,
        "chapter": 5,
        "verse": 6,
        "text": "Gij hebt veroordeeld, gij hebt gedood den rechtvaardige, en hij wederstaat u niet."
      },
      {
        "book_name": "Jakobus",
        "book": 59,
        "chapter": 5,
        "verse": 7,
        "text": "Zo zijt dan lankmoedig, broeders, tot de toekomst des Heeren. Ziet, de landman verwacht de kostelijke vrucht des lands, lankmoedig zijnde over dezelve, totdat het den vroegen en spaden regen zal hebben ontvangen."
      },
      {
        "book_name": "Jakobus",
        "book": 59,
        "chapter": 5,
        "verse": 8,
        "text": "Weest gij ook lankmoedig, versterkt uw harten; want de toekomst des Heeren genaakt."
      },
      {
        "book_name": "Jakobus",
        "book": 59,
        "chapter": 5,
        "verse": 9,
        "text": "Zucht niet tegen elkander, broeders, opdat gij niet veroordeeld wordt; ziet, de Rechter staat voor de deur."
      },
      {
        "book_name": "Jakobus",
        "book": 59,
        "chapter": 5,
        "verse": 10,
        "text": "Mijn broeders, neemt tot een voorbeeld des lijdens, en der lankmoedigheid de profeten, die in den Naam des Heeren gesproken hebben."
      },
      {
        "book_name": "Jakobus",
        "book": 59,
        "chapter": 5,
        "verse": 11,
        "text": "Ziet, wij houden hen gelukzalig, die verdragen; gij hebt de verdraagzaamheid van Job gehoord, en gij hebt het einde des Heeren gezien, dat de Heere zeer barmhartig is en een Ontfermer."
      },
      {
        "book_name": "Jakobus",
        "book": 59,
        "chapter": 5,
        "verse": 12,
        "text": "Doch voor alle dingen, mijn broeders, zweert niet, noch bij den hemel, noch bij de aarde, noch enigen anderen eed; maar uw ja, zij ja, en het neen, neen; opdat gij in geen oordeel valt."
      },
      {
        "book_name": "Jakobus",
        "book": 59,
        "chapter": 5,
        "verse": 13,
        "text": "Is iemand onder u in lijden? Dat hij bidde. Is iemand goedsmoeds? Dat hij psalmzinge."
      },
      {
        "book_name": "Jakobus",
        "book": 59,
        "chapter": 5,
        "verse": 14,
        "text": "Is iemand krank onder u? Dat hij tot zich roepe de ouderlingen der Gemeente, en dat zij over hem bidden, hem zalvende met olie in den Naam des Heeren."
      },
      {
        "book_name": "Jakobus",
        "book": 59,
        "chapter": 5,
        "verse": 15,
        "text": "En het gebed des geloofs zal den zieke behouden, en de Heere zal hem oprichten, en zo hij zonden gedaan zal hebben, het zal hem vergeven worden."
      },
      {
        "book_name": "Jakobus",
        "book": 59,
        "chapter": 5,
        "verse": 16,
        "text": "Belijdt elkander de misdaden, en bidt voor elkander, opdat gij gezond wordt; een krachtig gebed des rechtvaardigen vermag veel."
      },
      {
        "book_name": "Jakobus",
        "book": 59,
        "chapter": 5,
        "verse": 17,
        "text": "Elias was een mens van gelijke bewegingen als wij; en hij bad een gebed, dat het niet zou regenen; en het regende niet op de aarde in drie jaren en zes maanden."
      },
      {
        "book_name": "Jakobus",
        "book": 59,
        "chapter": 5,
        "verse": 18,
        "text": "En hij bad wederom, en de hemel gaf regen, en de aarde bracht haar vrucht voort."
      },
      {
        "book_name": "Jakobus",
        "book": 59,
        "chapter": 5,
        "verse": 19,
        "text": "Broeders, indien iemand onder u van de waarheid is afgedwaald, en hem iemand bekeert,"
      },
      {
        "book_name": "Jakobus",
        "book": 59,
        "chapter": 5,
        "verse": 20,
        "text": "Die wete, dat degene, die een zondaar van de dwaling zijns wegs bekeert, een ziel van den dood zal behouden, en menigte der zonden zal bedekken."
      }
    ]
  }
}