{
  "source": "bible.com",
  "version": "Statenvertaling (1750)",
  "book": "Joel",
  "chapters": {
    "1": [
      {
        "book_name": "Joel",
        "book": 29,
        "chapter": 1,
        "verse": 1,
        "text": "1Het woord des HEEREN, dat geschied is tot Joël, den zoon van Pethuël:  2Hoort dit, gij oudsten! en neemt ter oren, alle inwoners des lands! Is dit geschied in uw dagen, of ook in de dagen uwer vaderen?  3Vertelt uw kinderen daarvan, en laat het uw kinderen hun kinderen vertellen, en derzelver kinderen aan een ander geslacht.  4Wat de rups heeft overgelaten, heeft de sprinkhaan afgegeten, en wat de sprinkhaan heeft overgelaten, heeft de kever afgegeten, en wat de kever heeft overgelaten, heeft de kruidworm afgegeten.  5Waakt op, gij dronkenen! en weent, en huilt, alle gij wijnzuipers! om den nieuwen wijn, dewijl hij van uw mond is afgesneden.  6Want een volk is opgekomen over mijn land, machtig en zonder getal; zijn tanden zijn leeuwentanden, en het heeft baktanden eens ouden leeuws.  7Het heeft mijn wijnstok gesteld tot een verwoesting, en mijn vijgeboom tot schuim; het heeft hem ganselijk ontbloot en nedergeworpen, zijn ranken zijn wit geworden.  8Kermt, als een jonkvrouw, die met een zak omgord is vanwege den man van haar jeugd.  9Spijsoffer en drankoffer is van het huis des HEEREN afgesneden; de priesters, des HEEREN dienaars, treuren.  10Het veld is verwoest, het land treurt; want het koren is verwoest, de most is verdroogd, de olie is flauw.  11De akkerlieden zijn beschaamd, de wijngaardeniers huilen, om de tarwe en om de gerst, want de oogst des velds is vergaan.  12De wijnstok is verdord, de vijgeboom is flauw; de granaatappelboom, ook de palmboom en appelboom; alle bomen des velds zijn verdord; ja de vrolijkheid is verdord van de mensenkinderen.  13Omgordt u, en rouwklaagt, gij priesters! huilt, gij dienaars des altaars! gaat in, vernacht in zakken, gij dienaars mijns Gods! want spijsoffer en drankoffer is geweerd van het huis uws Gods.  14Heiligt een vasten, roept een verbodsdag uit, verzamelt de oudsten, en alle inwoners dezes lands, ten huize des HEEREN, uws Gods, en roept tot den HEERE.  15Ach, die dag! want de dag des HEEREN is nabij, en zal als een verwoesting komen van den Almachtige.  16Is niet de spijze voor onze ogen afgesneden? Blijdschap en verheuging van het huis onzes Gods?  17De granen zijn onder hun kluiten verrot, de schathuizen zijn verwoest, de schuren zijn afgebroken, want het koren is verdord.  18O, hoe zucht het vee, de runderkudden zijn bedwelmd, want zij hebben geen weide, ook zijn de schaapskudden verwoest.  19Tot U, o HEERE! roep ik; want een vuur heeft de weiden der woestijn verteerd, en een vlam heeft alle bomen des velds aangestoken.  20Ook schreeuwt elk beest des velds tot U; want de waterstromen zijn uitgedroogd, en een vuur heeft de weiden der woestijn verteerd."
      },
      {
        "book_name": "Joel",
        "book": 29,
        "chapter": 1,
        "verse": 1,
        "text": "Het woord des HEEREN, dat geschied is tot Joël, den zoon van Pethuël:"
      },
      {
        "book_name": "Joel",
        "book": 29,
        "chapter": 1,
        "verse": 2,
        "text": "Hoort dit, gij oudsten! en neemt ter oren, alle inwoners des lands! Is dit geschied in uw dagen, of ook in de dagen uwer vaderen?"
      },
      {
        "book_name": "Joel",
        "book": 29,
        "chapter": 1,
        "verse": 3,
        "text": "Vertelt uw kinderen daarvan, en laat het uw kinderen hun kinderen vertellen, en derzelver kinderen aan een ander geslacht."
      },
      {
        "book_name": "Joel",
        "book": 29,
        "chapter": 1,
        "verse": 4,
        "text": "Wat de rups heeft overgelaten, heeft de sprinkhaan afgegeten, en wat de sprinkhaan heeft overgelaten, heeft de kever afgegeten, en wat de kever heeft overgelaten, heeft de kruidworm afgegeten."
      },
      {
        "book_name": "Joel",
        "book": 29,
        "chapter": 1,
        "verse": 5,
        "text": "Waakt op, gij dronkenen! en weent, en huilt, alle gij wijnzuipers! om den nieuwen wijn, dewijl hij van uw mond is afgesneden."
      },
      {
        "book_name": "Joel",
        "book": 29,
        "chapter": 1,
        "verse": 6,
        "text": "Want een volk is opgekomen over mijn land, machtig en zonder getal; zijn tanden zijn leeuwentanden, en het heeft baktanden eens ouden leeuws."
      },
      {
        "book_name": "Joel",
        "book": 29,
        "chapter": 1,
        "verse": 7,
        "text": "Het heeft mijn wijnstok gesteld tot een verwoesting, en mijn vijgeboom tot schuim; het heeft hem ganselijk ontbloot en nedergeworpen, zijn ranken zijn wit geworden."
      },
      {
        "book_name": "Joel",
        "book": 29,
        "chapter": 1,
        "verse": 8,
        "text": "Kermt, als een jonkvrouw, die met een zak omgord is vanwege den man van haar jeugd."
      },
      {
        "book_name": "Joel",
        "book": 29,
        "chapter": 1,
        "verse": 9,
        "text": "Spijsoffer en drankoffer is van het huis des HEEREN afgesneden; de priesters, des HEEREN dienaars, treuren."
      },
      {
        "book_name": "Joel",
        "book": 29,
        "chapter": 1,
        "verse": 10,
        "text": "Het veld is verwoest, het land treurt; want het koren is verwoest, de most is verdroogd, de olie is flauw."
      },
      {
        "book_name": "Joel",
        "book": 29,
        "chapter": 1,
        "verse": 11,
        "text": "De akkerlieden zijn beschaamd, de wijngaardeniers huilen, om de tarwe en om de gerst, want de oogst des velds is vergaan."
      },
      {
        "book_name": "Joel",
        "book": 29,
        "chapter": 1,
        "verse": 12,
        "text": "De wijnstok is verdord, de vijgeboom is flauw; de granaatappelboom, ook de palmboom en appelboom; alle bomen des velds zijn verdord; ja de vrolijkheid is verdord van de mensenkinderen."
      },
      {
        "book_name": "Joel",
        "book": 29,
        "chapter": 1,
        "verse": 13,
        "text": "Omgordt u, en rouwklaagt, gij priesters! huilt, gij dienaars des altaars! gaat in, vernacht in zakken, gij dienaars mijns Gods! want spijsoffer en drankoffer is geweerd van het huis uws Gods."
      },
      {
        "book_name": "Joel",
        "book": 29,
        "chapter": 1,
        "verse": 14,
        "text": "Heiligt een vasten, roept een verbodsdag uit, verzamelt de oudsten, en alle inwoners dezes lands, ten huize des HEEREN, uws Gods, en roept tot den HEERE."
      },
      {
        "book_name": "Joel",
        "book": 29,
        "chapter": 1,
        "verse": 15,
        "text": "Ach, die dag! want de dag des HEEREN is nabij, en zal als een verwoesting komen van den Almachtige."
      },
      {
        "book_name": "Joel",
        "book": 29,
        "chapter": 1,
        "verse": 16,
        "text": "Is niet de spijze voor onze ogen afgesneden? Blijdschap en verheuging van het huis onzes Gods?"
      },
      {
        "book_name": "Joel",
        "book": 29,
        "chapter": 1,
        "verse": 17,
        "text": "De granen zijn onder hun kluiten verrot, de schathuizen zijn verwoest, de schuren zijn afgebroken, want het koren is verdord."
      },
      {
        "book_name": "Joel",
        "book": 29,
        "chapter": 1,
        "verse": 18,
        "text": "O, hoe zucht het vee, de runderkudden zijn bedwelmd, want zij hebben geen weide, ook zijn de schaapskudden verwoest."
      },
      {
        "book_name": "Joel",
        "book": 29,
        "chapter": 1,
        "verse": 19,
        "text": "Tot U, o HEERE! roep ik; want een vuur heeft de weiden der woestijn verteerd, en een vlam heeft alle bomen des velds aangestoken."
      },
      {
        "book_name": "Joel",
        "book": 29,
        "chapter": 1,
        "verse": 20,
        "text": "Ook schreeuwt elk beest des velds tot U; want de waterstromen zijn uitgedroogd, en een vuur heeft de weiden der woestijn verteerd."
      }
    ],
    "2": [
      {
        "book_name": "Joel",
        "book": 29,
        "chapter": 2,
        "verse": 1,
        "text": "1Blaast de bazuin te Sion, en roept luide op den berg Mijner heiligheid; laat alle inwoners des lands beroerd zijn, want de dag des HEEREN komt, want hij is nabij.  2Een dag van duisternis en donkerheid, een dag van wolken en dikke duisterheid, als de dageraad uitgespreid over de bergen; een groot en machtig volk, desgelijks van ouds niet geweest is, en na hetzelve niet meer zal zijn tot in jaren van vele geslachten.  3Voor hetzelve verteert een vuur, en achter hetzelve brandt een vlam; het land is voor hetzelve als een lusthof, maar achter hetzelve een woeste wildernis, en ook is er geen ontkomen van hetzelve.  4De gedaante deszelven is als de gedaante van paarden, en als ruiters zo zullen zij lopen.  5Zij zullen daarhenen springen als een gedruis van wagenen, op de hoogten der bergen; als het gedruis ener vuurvlam, die stoppelen verteert; als een machtig volk, dat in slagorde gesteld is.  6Van deszelfs aangezicht zullen de volken in pijn zijn; alle aangezichten zullen betrekken als een pot.  7Als helden zullen zij lopen, als krijgslieden zullen zij de muren beklimmen; en zij zullen daarhenen trekken, een iegelijk in zijn wegen, en zullen hun paden niet verdraaien.  8Ook zullen zij de een den ander niet dringen; zij zullen daarhenen trekken elk in zijn baan; en al vielen zij op een geweer, zij zouden niet verwond worden.  9Zij zullen in de stad omlopen, zij zullen lopen op de muren, zij zullen klimmen in de huizen; zij zullen door de vensteren inkomen als een dief.  10De aarde is beroerd voor deszelfs aangezicht, de hemel beeft; de zon en maan worden zwart, en de sterren trekken haar glans in.  11En de HEERE verheft Zijn stem voor Zijn heir henen; want Zijn leger is zeer groot, want Hij is machtig, doende Zijn woord; want de dag des HEEREN is groot en zeer vreselijk, en wie zal hem verdragen?  12Nu dan ook, spreekt de HEERE, bekeert u tot Mij met uw ganse hart, en dat met vasten en met geween, en met rouwklage.  13En scheurt uw hart en niet uw klederen, en bekeert u tot den HEERE, uw God; want Hij is genadig en barmhartig, lankmoedig en groot van goedertierenheid, en berouw hebbende over het kwade.  14Wie weet, Hij mocht Zich wenden en berouw hebben; en Hij mocht een zegen achter Zich overlaten tot spijsoffer en drankoffer voor den HEERE, uw God.  15Blaast de bazuin te Sion, heiligt een vasten, roept een verbodsdag uit.  16Verzamelt het volk, heiligt de gemeente, vergadert de oudsten, verzamelt de kinderkens, en die de borsten zuigen; de bruidegom ga uit zijn binnenkamer, en de bruid uit haar slaapkamer.  17Laat de priesters, des HEEREN dienaars, wenen tussen het voorhuis en het altaar, en laat hen zeggen: Spaar Uw volk, o HEERE! en geef Uw erfenis niet over tot een smaadheid, dat de heidenen over hen zouden heersen; waarom zouden zij onder de volken zeggen: Waar is hunlieder God?  18Zo zal de HEERE ijveren over Zijn land, en Hij zal Zijn volk verschonen.  19En de HEERE zal antwoorden en tot Zijn volk zeggen: Ziet, Ik zend ulieden het koren, en den most, en de olie, dat gij daarvan verzadigd zult worden; en Ik zal u niet meer overgeven tot een smaadheid onder de heidenen.  20En Ik zal dien van het noorden verre van ulieden doen vertrekken, en hem wegdrijven in een dor en woest land, zijn aangezicht naar de Oostzee, en zijn einde naar de achterste zee; en zijn stank zal opgaan, en zijn vuiligheid zal opgaan; want hij heeft grote dingen gedaan.  21Vrees niet, o land! verheug u, en wees blijde; want de HEERE heeft grote dingen gedaan.  22Vreest niet, gij beesten des velds! want de weiden der woestijn zullen weder jong gras voortbrengen; want het geboomte zal zijn vrucht dragen, de wijnstok en vijgeboom zullen hun vermogen geven.  23En gij, kinderen van Sion! verheugt u en zijt blijde in den HEERE, uw God; want Hij zal u geven dien Leraar ter gerechtigheid; en Hij zal u den regen doen nederdalen, den vroegen regen en den spaden regen in de eerste maand.  24En de dorsvloeren zullen vol koren zijn, en de perskuipen van most en olie overlopen.  25Alzo zal Ik ulieden de jaren vergelden, die de sprinkhaan, de kever, en de kruidworm, en de rups heeft afgegeten; Mijn groot heir, dat Ik onder u gezonden heb.  26En gij zult overvloediglijk en tot verzadiging eten, en prijzen den Naam des HEEREN, uw Gods, Die wonderlijk bij u gehandeld heeft; en Mijn volk zal niet beschaamd worden tot in eeuwigheid.  27En gij zult weten, dat Ik in het midden van Israël ben, en dat Ik de HEERE, uw God, ben, en niemand meer; en Mijn volk zal niet beschaamd worden in eeuwigheid.  28En daarna zal het geschieden, dat Ik Mijn Geest zal uitgieten over alle vlees, en uw zonen en uw dochteren zullen profeteren; uw ouden zullen dromen dromen, uw jongelingen zullen gezichten zien;  29Ja, ook over de dienstknechten, en over de dienstmaagden, zal Ik in die dagen Mijn Geest uitgieten.  30En Ik zal wondertekenen geven in den hemel en op de aarde: bloed, en vuur, en rookpilaren.  31De zon zal veranderd worden in duisternis, en de maan in bloed, eer dat die grote en vreselijke dag des HEEREN komt.  32En het zal geschieden, al wie den Naam des HEEREN zal aanroepen, zal behouden worden; want op den berg Sions en te Jeruzalem zal ontkoming zijn, gelijk als de HEERE gezegd heeft; en dat, bij de overgeblevenen, die de HEERE zal roepen."
      },
      {
        "book_name": "Joel",
        "book": 29,
        "chapter": 2,
        "verse": 1,
        "text": "Blaast de bazuin te Sion, en roept luide op den berg Mijner heiligheid; laat alle inwoners des lands beroerd zijn, want de dag des HEEREN komt, want hij is nabij."
      },
      {
        "book_name": "Joel",
        "book": 29,
        "chapter": 2,
        "verse": 2,
        "text": "Een dag van duisternis en donkerheid, een dag van wolken en dikke duisterheid, als de dageraad uitgespreid over de bergen; een groot en machtig volk, desgelijks van ouds niet geweest is, en na hetzelve niet meer zal zijn tot in jaren van vele geslachten."
      },
      {
        "book_name": "Joel",
        "book": 29,
        "chapter": 2,
        "verse": 3,
        "text": "Voor hetzelve verteert een vuur, en achter hetzelve brandt een vlam; het land is voor hetzelve als een lusthof, maar achter hetzelve een woeste wildernis, en ook is er geen ontkomen van hetzelve."
      },
      {
        "book_name": "Joel",
        "book": 29,
        "chapter": 2,
        "verse": 4,
        "text": "De gedaante deszelven is als de gedaante van paarden, en als ruiters zo zullen zij lopen."
      },
      {
        "book_name": "Joel",
        "book": 29,
        "chapter": 2,
        "verse": 5,
        "text": "Zij zullen daarhenen springen als een gedruis van wagenen, op de hoogten der bergen; als het gedruis ener vuurvlam, die stoppelen verteert; als een machtig volk, dat in slagorde gesteld is."
      },
      {
        "book_name": "Joel",
        "book": 29,
        "chapter": 2,
        "verse": 6,
        "text": "Van deszelfs aangezicht zullen de volken in pijn zijn; alle aangezichten zullen betrekken als een pot."
      },
      {
        "book_name": "Joel",
        "book": 29,
        "chapter": 2,
        "verse": 7,
        "text": "Als helden zullen zij lopen, als krijgslieden zullen zij de muren beklimmen; en zij zullen daarhenen trekken, een iegelijk in zijn wegen, en zullen hun paden niet verdraaien."
      },
      {
        "book_name": "Joel",
        "book": 29,
        "chapter": 2,
        "verse": 8,
        "text": "Ook zullen zij de een den ander niet dringen; zij zullen daarhenen trekken elk in zijn baan; en al vielen zij op een geweer, zij zouden niet verwond worden."
      },
      {
        "book_name": "Joel",
        "book": 29,
        "chapter": 2,
        "verse": 9,
        "text": "Zij zullen in de stad omlopen, zij zullen lopen op de muren, zij zullen klimmen in de huizen; zij zullen door de vensteren inkomen als een dief."
      },
      {
        "book_name": "Joel",
        "book": 29,
        "chapter": 2,
        "verse": 10,
        "text": "De aarde is beroerd voor deszelfs aangezicht, de hemel beeft; de zon en maan worden zwart, en de sterren trekken haar glans in."
      },
      {
        "book_name": "Joel",
        "book": 29,
        "chapter": 2,
        "verse": 11,
        "text": "En de HEERE verheft Zijn stem voor Zijn heir henen; want Zijn leger is zeer groot, want Hij is machtig, doende Zijn woord; want de dag des HEEREN is groot en zeer vreselijk, en wie zal hem verdragen?"
      },
      {
        "book_name": "Joel",
        "book": 29,
        "chapter": 2,
        "verse": 12,
        "text": "Nu dan ook, spreekt de HEERE, bekeert u tot Mij met uw ganse hart, en dat met vasten en met geween, en met rouwklage."
      },
      {
        "book_name": "Joel",
        "book": 29,
        "chapter": 2,
        "verse": 13,
        "text": "En scheurt uw hart en niet uw klederen, en bekeert u tot den HEERE, uw God; want Hij is genadig en barmhartig, lankmoedig en groot van goedertierenheid, en berouw hebbende over het kwade."
      },
      {
        "book_name": "Joel",
        "book": 29,
        "chapter": 2,
        "verse": 14,
        "text": "Wie weet, Hij mocht Zich wenden en berouw hebben; en Hij mocht een zegen achter Zich overlaten tot spijsoffer en drankoffer voor den HEERE, uw God."
      },
      {
        "book_name": "Joel",
        "book": 29,
        "chapter": 2,
        "verse": 15,
        "text": "Blaast de bazuin te Sion, heiligt een vasten, roept een verbodsdag uit."
      },
      {
        "book_name": "Joel",
        "book": 29,
        "chapter": 2,
        "verse": 16,
        "text": "Verzamelt het volk, heiligt de gemeente, vergadert de oudsten, verzamelt de kinderkens, en die de borsten zuigen; de bruidegom ga uit zijn binnenkamer, en de bruid uit haar slaapkamer."
      },
      {
        "book_name": "Joel",
        "book": 29,
        "chapter": 2,
        "verse": 17,
        "text": "Laat de priesters, des HEEREN dienaars, wenen tussen het voorhuis en het altaar, en laat hen zeggen: Spaar Uw volk, o HEERE! en geef Uw erfenis niet over tot een smaadheid, dat de heidenen over hen zouden heersen; waarom zouden zij onder de volken zeggen: Waar is hunlieder God?"
      },
      {
        "book_name": "Joel",
        "book": 29,
        "chapter": 2,
        "verse": 18,
        "text": "Zo zal de HEERE ijveren over Zijn land, en Hij zal Zijn volk verschonen."
      },
      {
        "book_name": "Joel",
        "book": 29,
        "chapter": 2,
        "verse": 19,
        "text": "En de HEERE zal antwoorden en tot Zijn volk zeggen: Ziet, Ik zend ulieden het koren, en den most, en de olie, dat gij daarvan verzadigd zult worden; en Ik zal u niet meer overgeven tot een smaadheid onder de heidenen."
      },
      {
        "book_name": "Joel",
        "book": 29,
        "chapter": 2,
        "verse": 20,
        "text": "En Ik zal dien van het noorden verre van ulieden doen vertrekken, en hem wegdrijven in een dor en woest land, zijn aangezicht naar de Oostzee, en zijn einde naar de achterste zee; en zijn stank zal opgaan, en zijn vuiligheid zal opgaan; want hij heeft grote dingen gedaan."
      },
      {
        "book_name": "Joel",
        "book": 29,
        "chapter": 2,
        "verse": 21,
        "text": "Vrees niet, o land! verheug u, en wees blijde; want de HEERE heeft grote dingen gedaan."
      },
      {
        "book_name": "Joel",
        "book": 29,
        "chapter": 2,
        "verse": 22,
        "text": "Vreest niet, gij beesten des velds! want de weiden der woestijn zullen weder jong gras voortbrengen; want het geboomte zal zijn vrucht dragen, de wijnstok en vijgeboom zullen hun vermogen geven."
      },
      {
        "book_name": "Joel",
        "book": 29,
        "chapter": 2,
        "verse": 23,
        "text": "En gij, kinderen van Sion! verheugt u en zijt blijde in den HEERE, uw God; want Hij zal u geven dien Leraar ter gerechtigheid; en Hij zal u den regen doen nederdalen, den vroegen regen en den spaden regen in de eerste maand."
      },
      {
        "book_name": "Joel",
        "book": 29,
        "chapter": 2,
        "verse": 24,
        "text": "En de dorsvloeren zullen vol koren zijn, en de perskuipen van most en olie overlopen."
      },
      {
        "book_name": "Joel",
        "book": 29,
        "chapter": 2,
        "verse": 25,
        "text": "Alzo zal Ik ulieden de jaren vergelden, die de sprinkhaan, de kever, en de kruidworm, en de rups heeft afgegeten; Mijn groot heir, dat Ik onder u gezonden heb."
      },
      {
        "book_name": "Joel",
        "book": 29,
        "chapter": 2,
        "verse": 26,
        "text": "En gij zult overvloediglijk en tot verzadiging eten, en prijzen den Naam des HEEREN, uw Gods, Die wonderlijk bij u gehandeld heeft; en Mijn volk zal niet beschaamd worden tot in eeuwigheid."
      },
      {
        "book_name": "Joel",
        "book": 29,
        "chapter": 2,
        "verse": 27,
        "text": "En gij zult weten, dat Ik in het midden van Israël ben, en dat Ik de HEERE, uw God, ben, en niemand meer; en Mijn volk zal niet beschaamd worden in eeuwigheid."
      },
      {
        "book_name": "Joel",
        "book": 29,
        "chapter": 2,
        "verse": 28,
        "text": "En daarna zal het geschieden, dat Ik Mijn Geest zal uitgieten over alle vlees, en uw zonen en uw dochteren zullen profeteren; uw ouden zullen dromen dromen, uw jongelingen zullen gezichten zien;"
      },
      {
        "book_name": "Joel",
        "book": 29,
        "chapter": 2,
        "verse": 29,
        "text": "Ja, ook over de dienstknechten, en over de dienstmaagden, zal Ik in die dagen Mijn Geest uitgieten."
      },
      {
        "book_name": "Joel",
        "book": 29,
        "chapter": 2,
        "verse": 30,
        "text": "En Ik zal wondertekenen geven in den hemel en op de aarde: bloed, en vuur, en rookpilaren."
      },
      {
        "book_name": "Joel",
        "book": 29,
        "chapter": 2,
        "verse": 31,
        "text": "De zon zal veranderd worden in duisternis, en de maan in bloed, eer dat die grote en vreselijke dag des HEEREN komt."
      },
      {
        "book_name": "Joel",
        "book": 29,
        "chapter": 2,
        "verse": 32,
        "text": "En het zal geschieden, al wie den Naam des HEEREN zal aanroepen, zal behouden worden; want op den berg Sions en te Jeruzalem zal ontkoming zijn, gelijk als de HEERE gezegd heeft; en dat, bij de overgeblevenen, die de HEERE zal roepen."
      }
    ],
    "3": [
      {
        "book_name": "Joel",
        "book": 29,
        "chapter": 3,
        "verse": 1,
        "text": "1Want ziet, in die dagen en te dier tijd, als Ik de gevangenis van Juda en Jeruzalem zal wenden;  2Dan zal Ik alle heidenen vergaderen, en zal hen afvoeren in het dal van Josafat; en Ik zal met hen aldaar richten, vanwege Mijn volk en Mijn erfdeel Israël, dat zij onder de heidenen hebben verstrooid, en Mijn land gedeeld;  3En hebben het lot over Mijn volk geworpen en een knechtje gegeven om een hoer, en een meisje verkocht om wijn, dat zij mochten drinken.  4En ook, wat hebt gij met Mij te doen, gij Tyrus en Sidon, en alle grenzen van Palestina! Zoudt gij Mij een vergelding wedergeven? Maar zo gij Mij wilt vergelden, lichtelijk, haastelijk, zal Ik uw vergelding op uw hoofd wederbrengen.  5Omdat gij Mijn zilver en Mijn goud hebt weggenomen, en hebt Mijn beste kleinodiën in uw tempels gebracht.  6En gij hebt de kinderen van Juda en de kinderen van Jeruzalem verkocht aan de kinderen der Grieken, opdat gij hen verre van hun landpale mocht brengen.  7Ziet, Ik zal ze opwekken uit de plaats, waarhenen gij ze hebt verkocht; en Ik zal uw vergelding wederbrengen op uw hoofd.  8En Ik zal uw zonen en uw dochteren verkopen in de hand der kinderen van Juda, die ze verkopen zullen aan die van Scheba, aan een vergelegen volk; want de HEERE heeft het gesproken.  9Roept dit uit onder de heidenen, heiligt een krijg; wekt de helden op, laat naderen, laat optrekken alle krijgslieden.  10Slaat uw spaden tot zwaarden, en uw sikkelen tot spiesen; de zwakke zegge: Ik ben een held.  11Rot te hoop, en komt aan, alle gij volken van rondom, en vergadert u! (O HEERE, doe Uw helden derwaarts nederdalen!)  12De heidenen zullen zich opmaken, en optrekken naar het dal van Josafat; maar aldaar zal Ik zitten, om te richten alle heidenen van rondom.  13Slaat de sikkel aan, want de oogst is rijp geworden; komt aan, daalt henen af, want de pers is vol, en de perskuipen lopen over; want hunlieder boosheid is groot.  14Menigten, menigten in het dal des dorswagens; want de dag des HEEREN is nabij, in het dal des dorswagens.  15De zon en maan zijn zwart geworden, en de sterren hebben haar glans ingetrokken.  16En de HEERE zal uit Sion brullen, en uit Jeruzalem Zijn stem geven, dat hemel en aarde beven zullen; maar de HEERE zal de Toevlucht Zijns volks, en de Sterkte der kinderen Israëls zijn.  17En gijlieden zult weten, dat Ik de HEERE, uw God ben, wonende op Sion, den berg Mijner heiligheid; en Jeruzalem zal een heiligheid zijn, en vreemden zullen niet meer door haar doorgaan.  18En het zal te dien dage geschieden dat de bergen van zoeten wijn zullen druipen, en de heuvelen van melk vlieten, en alle stromen van Juda vol van water gaan; en er zal een fontein uit het huis des HEEREN uitgaan, en zal het dal van Sittim bewateren.  19Egypte zal tot verwoesting worden, en Edom zal worden tot een woeste wildernis, om het geweld, gedaan aan de kinderen van Juda, in welker land zij onschuldig bloed vergoten hebben.  20Maar Juda zal blijven in eeuwigheid, en Jeruzalem van geslacht tot geslacht.  21En Ik zal hunlieder bloed reinigen, dat Ik niet gereinigd had; en de HEERE zal wonen op Sion."
      },
      {
        "book_name": "Joel",
        "book": 29,
        "chapter": 3,
        "verse": 1,
        "text": "Want ziet, in die dagen en te dier tijd, als Ik de gevangenis van Juda en Jeruzalem zal wenden;"
      },
      {
        "book_name": "Joel",
        "book": 29,
        "chapter": 3,
        "verse": 2,
        "text": "Dan zal Ik alle heidenen vergaderen, en zal hen afvoeren in het dal van Josafat; en Ik zal met hen aldaar richten, vanwege Mijn volk en Mijn erfdeel Israël, dat zij onder de heidenen hebben verstrooid, en Mijn land gedeeld;"
      },
      {
        "book_name": "Joel",
        "book": 29,
        "chapter": 3,
        "verse": 3,
        "text": "En hebben het lot over Mijn volk geworpen en een knechtje gegeven om een hoer, en een meisje verkocht om wijn, dat zij mochten drinken."
      },
      {
        "book_name": "Joel",
        "book": 29,
        "chapter": 3,
        "verse": 4,
        "text": "En ook, wat hebt gij met Mij te doen, gij Tyrus en Sidon, en alle grenzen van Palestina! Zoudt gij Mij een vergelding wedergeven? Maar zo gij Mij wilt vergelden, lichtelijk, haastelijk, zal Ik uw vergelding op uw hoofd wederbrengen."
      },
      {
        "book_name": "Joel",
        "book": 29,
        "chapter": 3,
        "verse": 5,
        "text": "Omdat gij Mijn zilver en Mijn goud hebt weggenomen, en hebt Mijn beste kleinodiën in uw tempels gebracht."
      },
      {
        "book_name": "Joel",
        "book": 29,
        "chapter": 3,
        "verse": 6,
        "text": "En gij hebt de kinderen van Juda en de kinderen van Jeruzalem verkocht aan de kinderen der Grieken, opdat gij hen verre van hun landpale mocht brengen."
      },
      {
        "book_name": "Joel",
        "book": 29,
        "chapter": 3,
        "verse": 7,
        "text": "Ziet, Ik zal ze opwekken uit de plaats, waarhenen gij ze hebt verkocht; en Ik zal uw vergelding wederbrengen op uw hoofd."
      },
      {
        "book_name": "Joel",
        "book": 29,
        "chapter": 3,
        "verse": 8,
        "text": "En Ik zal uw zonen en uw dochteren verkopen in de hand der kinderen van Juda, die ze verkopen zullen aan die van Scheba, aan een vergelegen volk; want de HEERE heeft het gesproken."
      },
      {
        "book_name": "Joel",
        "book": 29,
        "chapter": 3,
        "verse": 9,
        "text": "Roept dit uit onder de heidenen, heiligt een krijg; wekt de helden op, laat naderen, laat optrekken alle krijgslieden."
      },
      {
        "book_name": "Joel",
        "book": 29,
        "chapter": 3,
        "verse": 10,
        "text": "Slaat uw spaden tot zwaarden, en uw sikkelen tot spiesen; de zwakke zegge: Ik ben een held."
      },
      {
        "book_name": "Joel",
        "book": 29,
        "chapter": 3,
        "verse": 11,
        "text": "Rot te hoop, en komt aan, alle gij volken van rondom, en vergadert u! (O HEERE, doe Uw helden derwaarts nederdalen!)"
      },
      {
        "book_name": "Joel",
        "book": 29,
        "chapter": 3,
        "verse": 12,
        "text": "De heidenen zullen zich opmaken, en optrekken naar het dal van Josafat; maar aldaar zal Ik zitten, om te richten alle heidenen van rondom."
      },
      {
        "book_name": "Joel",
        "book": 29,
        "chapter": 3,
        "verse": 13,
        "text": "Slaat de sikkel aan, want de oogst is rijp geworden; komt aan, daalt henen af, want de pers is vol, en de perskuipen lopen over; want hunlieder boosheid is groot."
      },
      {
        "book_name": "Joel",
        "book": 29,
        "chapter": 3,
        "verse": 14,
        "text": "Menigten, menigten in het dal des dorswagens; want de dag des HEEREN is nabij, in het dal des dorswagens."
      },
      {
        "book_name": "Joel",
        "book": 29,
        "chapter": 3,
        "verse": 15,
        "text": "De zon en maan zijn zwart geworden, en de sterren hebben haar glans ingetrokken."
      },
      {
        "book_name": "Joel",
        "book": 29,
        "chapter": 3,
        "verse": 16,
        "text": "En de HEERE zal uit Sion brullen, en uit Jeruzalem Zijn stem geven, dat hemel en aarde beven zullen; maar de HEERE zal de Toevlucht Zijns volks, en de Sterkte der kinderen Israëls zijn."
      },
      {
        "book_name": "Joel",
        "book": 29,
        "chapter": 3,
        "verse": 17,
        "text": "En gijlieden zult weten, dat Ik de HEERE, uw God ben, wonende op Sion, den berg Mijner heiligheid; en Jeruzalem zal een heiligheid zijn, en vreemden zullen niet meer door haar doorgaan."
      },
      {
        "book_name": "Joel",
        "book": 29,
        "chapter": 3,
        "verse": 18,
        "text": "En het zal te dien dage geschieden dat de bergen van zoeten wijn zullen druipen, en de heuvelen van melk vlieten, en alle stromen van Juda vol van water gaan; en er zal een fontein uit het huis des HEEREN uitgaan, en zal het dal van Sittim bewateren."
      },
      {
        "book_name": "Joel",
        "book": 29,
        "chapter": 3,
        "verse": 19,
        "text": "Egypte zal tot verwoesting worden, en Edom zal worden tot een woeste wildernis, om het geweld, gedaan aan de kinderen van Juda, in welker land zij onschuldig bloed vergoten hebben."
      },
      {
        "book_name": "Joel",
        "book": 29,
        "chapter": 3,
        "verse": 20,
        "text": "Maar Juda zal blijven in eeuwigheid, en Jeruzalem van geslacht tot geslacht."
      },
      {
        "book_name": "Joel",
        "book": 29,
        "chapter": 3,
        "verse": 21,
        "text": "En Ik zal hunlieder bloed reinigen, dat Ik niet gereinigd had; en de HEERE zal wonen op Sion."
      }
    ]
  }
}