{
  "source": "bible.com",
  "version": "Statenvertaling (1750)",
  "book": "Jona",
  "chapters": {
    "1": [
      {
        "book_name": "Jona",
        "book": 32,
        "chapter": 1,
        "verse": 1,
        "text": "1En het woord des HEEREN geschiedde tot Jona, den zoon van Amitthai, zeggende:  2Maak u op, ga naar de grote stad Ninevé, en predik tegen haar; want hunlieder boosheid is opgeklommen voor Mijn aangezicht.  3Maar Jona maakte zich op om te vluchten naar Tarsis, van het aangezicht des HEEREN; en hij kwam af te Jafo, en vond een schip, gaande naar Tarsis, en hij gaf de vracht daarvan, en ging neder in hetzelve, om met henlieden te gaan naar Tarsis, van het aangezicht des HEEREN.  4Maar de HEERE wierp een groten wind op de zee; en er werd een grote storm in de zee, zodat het schip dacht te breken.  5Toen vreesden de zeelieden, en riepen een iegelijk tot zijn god, en wierpen de vaten, die in het schip waren, in de zee, om het van dezelve te verlichten; maar Jona was nedergegaan aan de zijden van het schip, en lag neder, en was met een diepen slaap bevangen.  6En de opperschipper naderde tot hem, en zeide tot hem: Wat is u, gij hardslapende? Sta op, roep tot uw God, misschien zal die God aan ons gedenken, dat wij niet vergaan.  7Voorts zeiden zij, een ieder tot zijn metgezel: Komt, en laat ons loten werpen, opdat wij mogen weten, om wiens wil ons dit kwaad overkomt. Alzo wierpen zij loten, en het lot viel op Jona.  8Toen zeiden zij tot hem: Verklaar ons nu, om wiens wil ons dit kwaad overkomt. Wat is uw werk en van waar komt gij? Welk is uw land en van welk volk zijt gij?  9En hij zeide tot hen: Ik ben een Hebreër; en ik vreze den HEERE, den God des hemels, Die de zee en het droge gemaakt heeft.  10Toen vreesden die mannen met grote vreze, en zeiden tot hem: Wat hebt gij dit gedaan? Want de mannen wisten, dat hij van des HEEREN aangezicht vlood; want hij had het hun te kennen gegeven.  11Voorts zeiden zij tot hem: Wat zullen wij u doen, opdat de zee stil worde van ons? Want de zee werd hoe langer hoe onstuimiger.  12En hij zeide tot hen: Neemt mij op, en werpt mij in de zee, zo zal de zee stil worden van ulieden; want ik weet, dat deze grote storm ulieden om mijnentwil overkomt.  13Maar de mannen roeiden, om het schip weder te brengen aan het droge, doch zij konden niet; want de zee werd hoe langer hoe onstuimiger tegen hen.  14Toen riepen zij tot den HEERE, en zeiden: Och HEERE! laat ons toch niet vergaan om dezes mans ziel, en leg geen onschuldig bloed op ons; want Gij, HEERE! hebt gedaan, gelijk als het U heeft behaagd.  15En zij namen Jona op, en wierpen hem in de zee. Toen stond de zee stil van haar verbolgenheid.  16Dies vreesden de mannen den HEERE met grote vreze; en zij slachtten den HEERE slachtoffer, en beloofden geloften.  17De HEERE nu beschikte een groten vis, om Jona in te slokken; en Jona was in het ingewand van den vis, drie dagen en drie nachten."
      },
      {
        "book_name": "Jona",
        "book": 32,
        "chapter": 1,
        "verse": 1,
        "text": "En het woord des HEEREN geschiedde tot Jona, den zoon van Amitthai, zeggende:"
      },
      {
        "book_name": "Jona",
        "book": 32,
        "chapter": 1,
        "verse": 2,
        "text": "Maak u op, ga naar de grote stad Ninevé, en predik tegen haar; want hunlieder boosheid is opgeklommen voor Mijn aangezicht."
      },
      {
        "book_name": "Jona",
        "book": 32,
        "chapter": 1,
        "verse": 3,
        "text": "Maar Jona maakte zich op om te vluchten naar Tarsis, van het aangezicht des HEEREN; en hij kwam af te Jafo, en vond een schip, gaande naar Tarsis, en hij gaf de vracht daarvan, en ging neder in hetzelve, om met henlieden te gaan naar Tarsis, van het aangezicht des HEEREN."
      },
      {
        "book_name": "Jona",
        "book": 32,
        "chapter": 1,
        "verse": 4,
        "text": "Maar de HEERE wierp een groten wind op de zee; en er werd een grote storm in de zee, zodat het schip dacht te breken."
      },
      {
        "book_name": "Jona",
        "book": 32,
        "chapter": 1,
        "verse": 5,
        "text": "Toen vreesden de zeelieden, en riepen een iegelijk tot zijn god, en wierpen de vaten, die in het schip waren, in de zee, om het van dezelve te verlichten; maar Jona was nedergegaan aan de zijden van het schip, en lag neder, en was met een diepen slaap bevangen."
      },
      {
        "book_name": "Jona",
        "book": 32,
        "chapter": 1,
        "verse": 6,
        "text": "En de opperschipper naderde tot hem, en zeide tot hem: Wat is u, gij hardslapende? Sta op, roep tot uw God, misschien zal die God aan ons gedenken, dat wij niet vergaan."
      },
      {
        "book_name": "Jona",
        "book": 32,
        "chapter": 1,
        "verse": 7,
        "text": "Voorts zeiden zij, een ieder tot zijn metgezel: Komt, en laat ons loten werpen, opdat wij mogen weten, om wiens wil ons dit kwaad overkomt. Alzo wierpen zij loten, en het lot viel op Jona."
      },
      {
        "book_name": "Jona",
        "book": 32,
        "chapter": 1,
        "verse": 8,
        "text": "Toen zeiden zij tot hem: Verklaar ons nu, om wiens wil ons dit kwaad overkomt. Wat is uw werk en van waar komt gij? Welk is uw land en van welk volk zijt gij?"
      },
      {
        "book_name": "Jona",
        "book": 32,
        "chapter": 1,
        "verse": 9,
        "text": "En hij zeide tot hen: Ik ben een Hebreër; en ik vreze den HEERE, den God des hemels, Die de zee en het droge gemaakt heeft."
      },
      {
        "book_name": "Jona",
        "book": 32,
        "chapter": 1,
        "verse": 10,
        "text": "Toen vreesden die mannen met grote vreze, en zeiden tot hem: Wat hebt gij dit gedaan? Want de mannen wisten, dat hij van des HEEREN aangezicht vlood; want hij had het hun te kennen gegeven."
      },
      {
        "book_name": "Jona",
        "book": 32,
        "chapter": 1,
        "verse": 11,
        "text": "Voorts zeiden zij tot hem: Wat zullen wij u doen, opdat de zee stil worde van ons? Want de zee werd hoe langer hoe onstuimiger."
      },
      {
        "book_name": "Jona",
        "book": 32,
        "chapter": 1,
        "verse": 12,
        "text": "En hij zeide tot hen: Neemt mij op, en werpt mij in de zee, zo zal de zee stil worden van ulieden; want ik weet, dat deze grote storm ulieden om mijnentwil overkomt."
      },
      {
        "book_name": "Jona",
        "book": 32,
        "chapter": 1,
        "verse": 13,
        "text": "Maar de mannen roeiden, om het schip weder te brengen aan het droge, doch zij konden niet; want de zee werd hoe langer hoe onstuimiger tegen hen."
      },
      {
        "book_name": "Jona",
        "book": 32,
        "chapter": 1,
        "verse": 14,
        "text": "Toen riepen zij tot den HEERE, en zeiden: Och HEERE! laat ons toch niet vergaan om dezes mans ziel, en leg geen onschuldig bloed op ons; want Gij, HEERE! hebt gedaan, gelijk als het U heeft behaagd."
      },
      {
        "book_name": "Jona",
        "book": 32,
        "chapter": 1,
        "verse": 15,
        "text": "En zij namen Jona op, en wierpen hem in de zee. Toen stond de zee stil van haar verbolgenheid."
      },
      {
        "book_name": "Jona",
        "book": 32,
        "chapter": 1,
        "verse": 16,
        "text": "Dies vreesden de mannen den HEERE met grote vreze; en zij slachtten den HEERE slachtoffer, en beloofden geloften."
      },
      {
        "book_name": "Jona",
        "book": 32,
        "chapter": 1,
        "verse": 17,
        "text": "De HEERE nu beschikte een groten vis, om Jona in te slokken; en Jona was in het ingewand van den vis, drie dagen en drie nachten."
      }
    ],
    "2": [
      {
        "book_name": "Jona",
        "book": 32,
        "chapter": 2,
        "verse": 1,
        "text": "1En Jona bad tot den HEERE, zijn God, uit het ingewand van den vis.  2En hij zeide: Ik riep uit mijn benauwdheid tot den HEERE, en Hij antwoordde mij; uit den buik des grafs schreide ik, en Gij hoordet mijn stem.  3Want Gij hadt mij geworpen in de diepte, in het hart der zeeën, en de stroom omving mij; al Uw baren en Uw golven gingen over mij henen.  4En ik zeide: Ik ben uitgestoten van voor Uw ogen; nochtans zal ik den tempel Uwer heiligheid weder aanschouwen.  5De wateren hadden mij omgeven tot de ziel toe, de afgrond omving mij; het wier was aan mijn hoofd gebonden.  6Ik was nedergedaald tot de gronden der bergen; de grendelen der aarde waren om mij henen in eeuwigheid; maar Gij hebt mijn leven uit het verderf opgevoerd, o HEERE, mijn God!  7Als mijn ziel in mij overstelpt was, dacht ik aan den HEERE, en mijn gebed kwam tot U, in den tempel Uwer heiligheid.  8Die de valse ijdelheden onderhouden, verlaten hunlieder weldadigheid.  9Maar ik zal U offeren met de stem der dankzegging; wat ik beloofd heb, zal ik betalen. Het heil is des HEEREN.  10De HEERE nu sprak tot den vis; en hij spuwde Jona uit op het droge."
      },
      {
        "book_name": "Jona",
        "book": 32,
        "chapter": 2,
        "verse": 1,
        "text": "En Jona bad tot den HEERE, zijn God, uit het ingewand van den vis."
      },
      {
        "book_name": "Jona",
        "book": 32,
        "chapter": 2,
        "verse": 2,
        "text": "En hij zeide: Ik riep uit mijn benauwdheid tot den HEERE, en Hij antwoordde mij; uit den buik des grafs schreide ik, en Gij hoordet mijn stem."
      },
      {
        "book_name": "Jona",
        "book": 32,
        "chapter": 2,
        "verse": 3,
        "text": "Want Gij hadt mij geworpen in de diepte, in het hart der zeeën, en de stroom omving mij; al Uw baren en Uw golven gingen over mij henen."
      },
      {
        "book_name": "Jona",
        "book": 32,
        "chapter": 2,
        "verse": 4,
        "text": "En ik zeide: Ik ben uitgestoten van voor Uw ogen; nochtans zal ik den tempel Uwer heiligheid weder aanschouwen."
      },
      {
        "book_name": "Jona",
        "book": 32,
        "chapter": 2,
        "verse": 5,
        "text": "De wateren hadden mij omgeven tot de ziel toe, de afgrond omving mij; het wier was aan mijn hoofd gebonden."
      },
      {
        "book_name": "Jona",
        "book": 32,
        "chapter": 2,
        "verse": 6,
        "text": "Ik was nedergedaald tot de gronden der bergen; de grendelen der aarde waren om mij henen in eeuwigheid; maar Gij hebt mijn leven uit het verderf opgevoerd, o HEERE, mijn God!"
      },
      {
        "book_name": "Jona",
        "book": 32,
        "chapter": 2,
        "verse": 7,
        "text": "Als mijn ziel in mij overstelpt was, dacht ik aan den HEERE, en mijn gebed kwam tot U, in den tempel Uwer heiligheid."
      },
      {
        "book_name": "Jona",
        "book": 32,
        "chapter": 2,
        "verse": 8,
        "text": "Die de valse ijdelheden onderhouden, verlaten hunlieder weldadigheid."
      },
      {
        "book_name": "Jona",
        "book": 32,
        "chapter": 2,
        "verse": 9,
        "text": "Maar ik zal U offeren met de stem der dankzegging; wat ik beloofd heb, zal ik betalen. Het heil is des HEEREN."
      },
      {
        "book_name": "Jona",
        "book": 32,
        "chapter": 2,
        "verse": 10,
        "text": "De HEERE nu sprak tot den vis; en hij spuwde Jona uit op het droge."
      }
    ],
    "3": [
      {
        "book_name": "Jona",
        "book": 32,
        "chapter": 3,
        "verse": 1,
        "text": "1En het woord des HEEREN geschiedde ten anderen male tot Jona, zeggende:  2Maak u op, ga naar de grote stad Ninevé; en predik tegen haar de prediking, die Ik tot u spreek.  3Toen maakte zich Jona op, en ging naar Ninevé, naar het woord des HEEREN. Ninevé nu was een grote stad Gods, van drie dagreizen.  4En Jona begon in de stad te gaan, een dagreis; en hij predikte, en zeide: Nog veertig dagen, dan zal Ninevé worden omgekeerd.  5En de lieden van Ninevé geloofden aan God; en zij riepen een vasten uit, en bekleedden zich met zakken, van hun grootste af tot hun kleinste toe.  6Want dit woord geraakte tot den koning van Ninevé, en hij stond op van zijn troon, en deed zijn heerlijk overkleed van zich; en hij bedekte zich met een zak, en zat neder in de as.  7En hij liet uitroepen, en men sprak te Ninevé, uit bevel des konings en zijner groten, zeggende: Laat mens noch beest, rund noch schaap, iets smaken, laat ze niet weiden, noch water drinken.  8Maar mens en beest zullen met zakken bedekt zijn, en zullen sterk tot God roepen; en zij zullen zich bekeren, een iegelijk van zijn bozen weg, en van het geweld, dat in hun handen is.  9Wie weet, God mocht Zich wenden, en berouw hebben; en Hij mocht Zich wenden van de hittigheid Zijns toorns, dat wij niet vergingen!  10En God zag hun werken, dat zij zich bekeerden van hun bozen weg; en het berouwde God over het kwaad, dat Hij gesproken had hun te zullen doen, en Hij deed het niet."
      },
      {
        "book_name": "Jona",
        "book": 32,
        "chapter": 3,
        "verse": 1,
        "text": "En het woord des HEEREN geschiedde ten anderen male tot Jona, zeggende:"
      },
      {
        "book_name": "Jona",
        "book": 32,
        "chapter": 3,
        "verse": 2,
        "text": "Maak u op, ga naar de grote stad Ninevé; en predik tegen haar de prediking, die Ik tot u spreek."
      },
      {
        "book_name": "Jona",
        "book": 32,
        "chapter": 3,
        "verse": 3,
        "text": "Toen maakte zich Jona op, en ging naar Ninevé, naar het woord des HEEREN. Ninevé nu was een grote stad Gods, van drie dagreizen."
      },
      {
        "book_name": "Jona",
        "book": 32,
        "chapter": 3,
        "verse": 4,
        "text": "En Jona begon in de stad te gaan, een dagreis; en hij predikte, en zeide: Nog veertig dagen, dan zal Ninevé worden omgekeerd."
      },
      {
        "book_name": "Jona",
        "book": 32,
        "chapter": 3,
        "verse": 5,
        "text": "En de lieden van Ninevé geloofden aan God; en zij riepen een vasten uit, en bekleedden zich met zakken, van hun grootste af tot hun kleinste toe."
      },
      {
        "book_name": "Jona",
        "book": 32,
        "chapter": 3,
        "verse": 6,
        "text": "Want dit woord geraakte tot den koning van Ninevé, en hij stond op van zijn troon, en deed zijn heerlijk overkleed van zich; en hij bedekte zich met een zak, en zat neder in de as."
      },
      {
        "book_name": "Jona",
        "book": 32,
        "chapter": 3,
        "verse": 7,
        "text": "En hij liet uitroepen, en men sprak te Ninevé, uit bevel des konings en zijner groten, zeggende: Laat mens noch beest, rund noch schaap, iets smaken, laat ze niet weiden, noch water drinken."
      },
      {
        "book_name": "Jona",
        "book": 32,
        "chapter": 3,
        "verse": 8,
        "text": "Maar mens en beest zullen met zakken bedekt zijn, en zullen sterk tot God roepen; en zij zullen zich bekeren, een iegelijk van zijn bozen weg, en van het geweld, dat in hun handen is."
      },
      {
        "book_name": "Jona",
        "book": 32,
        "chapter": 3,
        "verse": 9,
        "text": "Wie weet, God mocht Zich wenden, en berouw hebben; en Hij mocht Zich wenden van de hittigheid Zijns toorns, dat wij niet vergingen!"
      },
      {
        "book_name": "Jona",
        "book": 32,
        "chapter": 3,
        "verse": 10,
        "text": "En God zag hun werken, dat zij zich bekeerden van hun bozen weg; en het berouwde God over het kwaad, dat Hij gesproken had hun te zullen doen, en Hij deed het niet."
      }
    ],
    "4": [
      {
        "book_name": "Jona",
        "book": 32,
        "chapter": 4,
        "verse": 1,
        "text": "1Dit verdroot Jona met groot verdriet, en zijn toorn ontstak.  2En hij bad tot den HEERE, en zeide: Och HEERE! was dit mijn woord niet, als ik nog in mijn land was? Daarom kwam ik het voor, vluchtende naar Tarsis; want ik wist, dat Gij een genadig en barmhartig God zijt, lankmoedig en groot van goedertierenheid, en berouw hebbende over het kwaad.  3Nu dan, HEERE! neem toch mijn ziel van mij; want het is mij beter te sterven dan te leven.  4En de HEERE zeide: Is uw toorn billijk ontstoken?  5Jona nu ging ter stad uit, en zette zich tegen het oosten der stad; en hij maakte zich aldaar een verdek, en zat daaronder in de schaduw, totdat hij zag, wat van de stad zou worden.  6En God, de HEERE, beschikte een wonderboom, en deed hem opschieten boven Jona, opdat er schaduw mocht zijn over zijn hoofd, om hem te redden van zijn verdriet. En Jona verblijdde zich over den wonderboom met grote blijdschap.  7Maar God beschikte een worm des anderen daags in het opgaan van den dageraad; die stak den wonderboom, dat hij verdorde.  8En het geschiedde, als de zon oprees, dat God een stillen oostenwind beschikte; en de zon stak op het hoofd van Jona, dat hij amechtig werd; en hij wenste zijner ziel te mogen sterven, en zeide: Het is mij beter te sterven dan te leven.  9Toen zeide God tot Jona: Is uw toorn billijk ontstoken over den wonderboom? En hij zeide: Billijk is mijn toorn ontstoken ter dood toe.  10En de HEERE zeide: Gij verschoont den wonderboom, aan welken gij niet hebt gearbeid, noch dien groot gemaakt; die in een nacht werd, en in een nacht verging;  11En Ik zou die grote stad Ninevé niet verschonen? waarin veel meer dan honderd en twintig duizend mensen zijn, die geen onderscheid weten tussen hun rechterhand, en hun linkerhand; daartoe veel vee?"
      },
      {
        "book_name": "Jona",
        "book": 32,
        "chapter": 4,
        "verse": 1,
        "text": "Dit verdroot Jona met groot verdriet, en zijn toorn ontstak."
      },
      {
        "book_name": "Jona",
        "book": 32,
        "chapter": 4,
        "verse": 2,
        "text": "En hij bad tot den HEERE, en zeide: Och HEERE! was dit mijn woord niet, als ik nog in mijn land was? Daarom kwam ik het voor, vluchtende naar Tarsis; want ik wist, dat Gij een genadig en barmhartig God zijt, lankmoedig en groot van goedertierenheid, en berouw hebbende over het kwaad."
      },
      {
        "book_name": "Jona",
        "book": 32,
        "chapter": 4,
        "verse": 3,
        "text": "Nu dan, HEERE! neem toch mijn ziel van mij; want het is mij beter te sterven dan te leven."
      },
      {
        "book_name": "Jona",
        "book": 32,
        "chapter": 4,
        "verse": 4,
        "text": "En de HEERE zeide: Is uw toorn billijk ontstoken?"
      },
      {
        "book_name": "Jona",
        "book": 32,
        "chapter": 4,
        "verse": 5,
        "text": "Jona nu ging ter stad uit, en zette zich tegen het oosten der stad; en hij maakte zich aldaar een verdek, en zat daaronder in de schaduw, totdat hij zag, wat van de stad zou worden."
      },
      {
        "book_name": "Jona",
        "book": 32,
        "chapter": 4,
        "verse": 6,
        "text": "En God, de HEERE, beschikte een wonderboom, en deed hem opschieten boven Jona, opdat er schaduw mocht zijn over zijn hoofd, om hem te redden van zijn verdriet. En Jona verblijdde zich over den wonderboom met grote blijdschap."
      },
      {
        "book_name": "Jona",
        "book": 32,
        "chapter": 4,
        "verse": 7,
        "text": "Maar God beschikte een worm des anderen daags in het opgaan van den dageraad; die stak den wonderboom, dat hij verdorde."
      },
      {
        "book_name": "Jona",
        "book": 32,
        "chapter": 4,
        "verse": 8,
        "text": "En het geschiedde, als de zon oprees, dat God een stillen oostenwind beschikte; en de zon stak op het hoofd van Jona, dat hij amechtig werd; en hij wenste zijner ziel te mogen sterven, en zeide: Het is mij beter te sterven dan te leven."
      },
      {
        "book_name": "Jona",
        "book": 32,
        "chapter": 4,
        "verse": 9,
        "text": "Toen zeide God tot Jona: Is uw toorn billijk ontstoken over den wonderboom? En hij zeide: Billijk is mijn toorn ontstoken ter dood toe."
      },
      {
        "book_name": "Jona",
        "book": 32,
        "chapter": 4,
        "verse": 10,
        "text": "En de HEERE zeide: Gij verschoont den wonderboom, aan welken gij niet hebt gearbeid, noch dien groot gemaakt; die in een nacht werd, en in een nacht verging;"
      },
      {
        "book_name": "Jona",
        "book": 32,
        "chapter": 4,
        "verse": 11,
        "text": "En Ik zou die grote stad Ninevé niet verschonen? waarin veel meer dan honderd en twintig duizend mensen zijn, die geen onderscheid weten tussen hun rechterhand, en hun linkerhand; daartoe veel vee?"
      }
    ]
  }
}