{
  "source": "bible.com",
  "version": "Statenvertaling (1750)",
  "book": "Judas",
  "chapters": {
    "1": [
      {
        "book_name": "Judas",
        "book": 65,
        "chapter": 1,
        "verse": 1,
        "text": "1Judas, een dienstknecht van Jezus Christus, en broeder van Jakobus, aan de geroepenen, die door God den Vader geheiligd zijn, en door Jezus Christus bewaard:  2Barmhartigheid, en vrede, en liefde zij u vermenigvuldigd.  3Geliefden, alzo ik alle naarstigheid doe om u te schrijven van de gemene zaligheid, zo heb ik noodzaak gehad aan u te schrijven en u te vermanen, dat gij strijdt voor het geloof, dat eenmaal den heiligen overgeleverd is.  4Want er zijn sommige mensen ingeslopen, die eertijds tot ditzelfde oordeel te voren opgeschreven zijn, goddelozen, die de genade onzes Gods veranderen in ontuchtigheid, en den enigen Heerser, God, en onzen Heere Jezus Christus verloochenen.  5Maar ik wil u indachtig maken, als die dit eenmaal weet, dat de Heere, het volk uit Egypteland verlost hebbende, wederom degenen, die niet geloofden, verdorven heeft.  6En de engelen, die hun beginsel niet bewaard hebben, maar hun eigen woonstede verlaten hebben, heeft Hij tot het oordeel des groten dags met eeuwige banden onder de duisternis bewaard.  7Gelijk Sodoma en Gomorra, en de steden rondom dezelve, die op gelijke wijze als deze gehoereerd hebben, en ander vlees zijn nagegaan, tot een voorbeeld voorgesteld zijn, dragende de straf des eeuwigen vuurs.  8Desgelijks evenwel ook dezen, in slaap gebracht zijnde, verontreinigen het vlees, en verwerpen de heerschappij, en lasteren de heerlijkheden.  9Maar Michaël, de archangel, toen hij met den duivel twistte, en handelde van het lichaam van Mozes, durfde geen oordeel van lastering tegen hem voortbrengen, maar zeide: De Heere bestraffe u!  10Maar dezen, hetgeen zij niet weten, dat lasteren zij; en hetgeen zij natuurlijk, als de onredelijke dieren, weten, in hetzelve verderven zij zich.  11Wee hun, want zij zijn den weg van Kaïn ingegaan, en door de verleiding van het loon van Balaäm zijn zij henengestort, en zijn door de tegenspreking van Korach vergaan.  12Dezen zijn vlekken in uw liefdemaaltijden, en als zij met u ter maaltijd zijn, weiden zij zichzelven zonder vreze; zij zijn waterloze wolken, die van de winden omgedreven worden; zij zijn als bomen in het afgaan van den herfst, onvruchtbaar, tweemaal verstorven, en ontworteld;  13Wilde baren der zee, hun eigen schande opschuimende; dwalende sterren, denwelken de donkerheid der duisternis in der eeuwigheid bewaard wordt.  14En van dezen heeft ook Enoch, de zevende van Adam, geprofeteerd, zeggende: Ziet, de Heere is gekomen met Zijn vele duizenden heiligen;  15Om gericht te houden tegen allen, en te straffen alle goddelozen onder hen, vanwege al hun goddeloze werken, die zij goddelooslijk gedaan hebben, en vanwege al de harde woorden, die de goddeloze zondaars tegen Hem gesproken hebben.  16Deze zijn murmureerders, klagers over hun staat, wandelende naar hun begeerlijkheden; en hun mond spreekt zeer opgeblazen dingen, verwonderende zich over de personen om des voordeels wil.  17Maar geliefden, gedenkt gij der woorden, die voorzegd zijn van de apostelen van onzen Heere Jezus Christus;  18Dat zij u gezegd hebben, dat er in den laatsten tijd spotters zullen zijn, die naar hun goddeloze begeerlijkheden wandelen zullen.  19Dezen zijn het, die zichzelven afscheiden, natuurlijke mensen, den Geest niet hebbende.  20Maar geliefden, bouwt gij uzelven op uw allerheiligst geloof, biddende in den Heiligen Geest;  21Bewaart uzelven in de liefde Gods, verwachtende de barmhartigheid van onzen Heere Jezus Christus ten eeuwigen leven.  22En ontfermt u wel eniger, onderscheid makende;  23Maar behoudt anderen door vreze, en grijpt ze uit het vuur; en haat ook den rok, die van het vlees bevlekt is.  24Hem nu, Die machtig is u van struikelen te bewaren, en onstraffelijk te stellen voor Zijn heerlijkheid, in vreugde,  25Den alleen wijzen God, onzen Zaligmaker, zij heerlijkheid en majesteit, kracht en macht, beide nu en in alle eeuwigheid. Amen."
      },
      {
        "book_name": "Judas",
        "book": 65,
        "chapter": 1,
        "verse": 1,
        "text": "Judas, een dienstknecht van Jezus Christus, en broeder van Jakobus, aan de geroepenen, die door God den Vader geheiligd zijn, en door Jezus Christus bewaard:"
      },
      {
        "book_name": "Judas",
        "book": 65,
        "chapter": 1,
        "verse": 2,
        "text": "Barmhartigheid, en vrede, en liefde zij u vermenigvuldigd."
      },
      {
        "book_name": "Judas",
        "book": 65,
        "chapter": 1,
        "verse": 3,
        "text": "Geliefden, alzo ik alle naarstigheid doe om u te schrijven van de gemene zaligheid, zo heb ik noodzaak gehad aan u te schrijven en u te vermanen, dat gij strijdt voor het geloof, dat eenmaal den heiligen overgeleverd is."
      },
      {
        "book_name": "Judas",
        "book": 65,
        "chapter": 1,
        "verse": 4,
        "text": "Want er zijn sommige mensen ingeslopen, die eertijds tot ditzelfde oordeel te voren opgeschreven zijn, goddelozen, die de genade onzes Gods veranderen in ontuchtigheid, en den enigen Heerser, God, en onzen Heere Jezus Christus verloochenen."
      },
      {
        "book_name": "Judas",
        "book": 65,
        "chapter": 1,
        "verse": 5,
        "text": "Maar ik wil u indachtig maken, als die dit eenmaal weet, dat de Heere, het volk uit Egypteland verlost hebbende, wederom degenen, die niet geloofden, verdorven heeft."
      },
      {
        "book_name": "Judas",
        "book": 65,
        "chapter": 1,
        "verse": 6,
        "text": "En de engelen, die hun beginsel niet bewaard hebben, maar hun eigen woonstede verlaten hebben, heeft Hij tot het oordeel des groten dags met eeuwige banden onder de duisternis bewaard."
      },
      {
        "book_name": "Judas",
        "book": 65,
        "chapter": 1,
        "verse": 7,
        "text": "Gelijk Sodoma en Gomorra, en de steden rondom dezelve, die op gelijke wijze als deze gehoereerd hebben, en ander vlees zijn nagegaan, tot een voorbeeld voorgesteld zijn, dragende de straf des eeuwigen vuurs."
      },
      {
        "book_name": "Judas",
        "book": 65,
        "chapter": 1,
        "verse": 8,
        "text": "Desgelijks evenwel ook dezen, in slaap gebracht zijnde, verontreinigen het vlees, en verwerpen de heerschappij, en lasteren de heerlijkheden."
      },
      {
        "book_name": "Judas",
        "book": 65,
        "chapter": 1,
        "verse": 9,
        "text": "Maar Michaël, de archangel, toen hij met den duivel twistte, en handelde van het lichaam van Mozes, durfde geen oordeel van lastering tegen hem voortbrengen, maar zeide: De Heere bestraffe u!"
      },
      {
        "book_name": "Judas",
        "book": 65,
        "chapter": 1,
        "verse": 10,
        "text": "Maar dezen, hetgeen zij niet weten, dat lasteren zij; en hetgeen zij natuurlijk, als de onredelijke dieren, weten, in hetzelve verderven zij zich."
      },
      {
        "book_name": "Judas",
        "book": 65,
        "chapter": 1,
        "verse": 11,
        "text": "Wee hun, want zij zijn den weg van Kaïn ingegaan, en door de verleiding van het loon van Balaäm zijn zij henengestort, en zijn door de tegenspreking van Korach vergaan."
      },
      {
        "book_name": "Judas",
        "book": 65,
        "chapter": 1,
        "verse": 12,
        "text": "Dezen zijn vlekken in uw liefdemaaltijden, en als zij met u ter maaltijd zijn, weiden zij zichzelven zonder vreze; zij zijn waterloze wolken, die van de winden omgedreven worden; zij zijn als bomen in het afgaan van den herfst, onvruchtbaar, tweemaal verstorven, en ontworteld;"
      },
      {
        "book_name": "Judas",
        "book": 65,
        "chapter": 1,
        "verse": 13,
        "text": "Wilde baren der zee, hun eigen schande opschuimende; dwalende sterren, denwelken de donkerheid der duisternis in der eeuwigheid bewaard wordt."
      },
      {
        "book_name": "Judas",
        "book": 65,
        "chapter": 1,
        "verse": 14,
        "text": "En van dezen heeft ook Enoch, de zevende van Adam, geprofeteerd, zeggende: Ziet, de Heere is gekomen met Zijn vele duizenden heiligen;"
      },
      {
        "book_name": "Judas",
        "book": 65,
        "chapter": 1,
        "verse": 15,
        "text": "Om gericht te houden tegen allen, en te straffen alle goddelozen onder hen, vanwege al hun goddeloze werken, die zij goddelooslijk gedaan hebben, en vanwege al de harde woorden, die de goddeloze zondaars tegen Hem gesproken hebben."
      },
      {
        "book_name": "Judas",
        "book": 65,
        "chapter": 1,
        "verse": 16,
        "text": "Deze zijn murmureerders, klagers over hun staat, wandelende naar hun begeerlijkheden; en hun mond spreekt zeer opgeblazen dingen, verwonderende zich over de personen om des voordeels wil."
      },
      {
        "book_name": "Judas",
        "book": 65,
        "chapter": 1,
        "verse": 17,
        "text": "Maar geliefden, gedenkt gij der woorden, die voorzegd zijn van de apostelen van onzen Heere Jezus Christus;"
      },
      {
        "book_name": "Judas",
        "book": 65,
        "chapter": 1,
        "verse": 18,
        "text": "Dat zij u gezegd hebben, dat er in den laatsten tijd spotters zullen zijn, die naar hun goddeloze begeerlijkheden wandelen zullen."
      },
      {
        "book_name": "Judas",
        "book": 65,
        "chapter": 1,
        "verse": 19,
        "text": "Dezen zijn het, die zichzelven afscheiden, natuurlijke mensen, den Geest niet hebbende."
      },
      {
        "book_name": "Judas",
        "book": 65,
        "chapter": 1,
        "verse": 20,
        "text": "Maar geliefden, bouwt gij uzelven op uw allerheiligst geloof, biddende in den Heiligen Geest;"
      },
      {
        "book_name": "Judas",
        "book": 65,
        "chapter": 1,
        "verse": 21,
        "text": "Bewaart uzelven in de liefde Gods, verwachtende de barmhartigheid van onzen Heere Jezus Christus ten eeuwigen leven."
      },
      {
        "book_name": "Judas",
        "book": 65,
        "chapter": 1,
        "verse": 22,
        "text": "En ontfermt u wel eniger, onderscheid makende;"
      },
      {
        "book_name": "Judas",
        "book": 65,
        "chapter": 1,
        "verse": 23,
        "text": "Maar behoudt anderen door vreze, en grijpt ze uit het vuur; en haat ook den rok, die van het vlees bevlekt is."
      },
      {
        "book_name": "Judas",
        "book": 65,
        "chapter": 1,
        "verse": 24,
        "text": "Hem nu, Die machtig is u van struikelen te bewaren, en onstraffelijk te stellen voor Zijn heerlijkheid, in vreugde,"
      },
      {
        "book_name": "Judas",
        "book": 65,
        "chapter": 1,
        "verse": 25,
        "text": "Den alleen wijzen God, onzen Zaligmaker, zij heerlijkheid en majesteit, kracht en macht, beide nu en in alle eeuwigheid. Amen."
      }
    ]
  }
}