{
  "source": "bible.com",
  "version": "Statenvertaling (1750)",
  "book": "Maleachi",
  "chapters": {
    "1": [
      {
        "book_name": "Maleachi",
        "book": 39,
        "chapter": 1,
        "verse": 1,
        "text": "1De last van het woord des HEEREN tot Israël, door den dienst van Maleachi.  2Ik heb u liefgehad, zegt de HEERE; maar gij zegt: Waarin hebt Gij ons liefgehad? Was niet Ezau Jakobs broeder? spreekt de HEERE; nochtans heb Ik Jakob liefgehad,  3En Ezau heb Ik gehaat; en Ik heb zijn bergen gesteld tot een verwoesting, en zijn erve voor de draken der woestijn.  4Ofschoon Edom zeide: Wij zijn verarmd, doch wij zullen de woeste plaatsen weder bouwen; alzo zegt de HEERE der heirscharen: Zullen zij bouwen, zo zal Ik afbreken; en men zal hen noemen: Landpale der goddeloosheid, en een volk, op hetwelk de HEERE vergramd is tot in eeuwigheid.  5En uw ogen zullen het zien, en gijlieden zult zeggen: De HEERE zij groot gemaakt, van de landpale Israëls af!  6Een zoon zal den vader eren, en een knecht zijn heer; ben Ik dan een Vader, waar is Mijn eer? En ben Ik een Heere, waar is Mijn vreze? zegt de HEERE der heirscharen tot u, o priesters, verachters Mijns Naams! Maar gij zegt: Waarmede verachten wij Uw Naam?  7Gij brengt op Mijn altaar verontreinigd brood, en zegt: Waarmede verontreinigen wij U? Daarmede, dat gij zegt: Des HEEREN tafel is verachtelijk.  8Want als gij wat blinds aanbrengt om te offeren, het is bij u niet kwaad; en als gij wat kreupels of wat kranks aanbrengt, het is niet kwaad! Brengt dat toch uw vorst; zal hij een welgevallen aan u hebben? of zal hij uw aangezicht opnemen? zegt de HEERE der heirscharen.  9Nu dan, smeekt toch het aangezicht van God, dat Hij ons genadig zij; zulks is van uw hand geschied, zal Hij uw aangezicht opnemen? zegt de HEERE der heirscharen.  10Wie is er ook onder u, die de deuren om niet toesluit? En gij steekt het vuur niet aan op Mijn altaar om niet. Ik heb geen lust aan u, zegt de HEERE der heirscharen, en het spijsoffer is Mij van uw hand niet aangenaam.  11Maar van den opgang der zon tot haar ondergang, zal Mijn Naam groot zijn onder de heidenen; en aan alle plaats zal Mijn Naam reukwerk toegebracht worden, en een rein spijsoffer; want Mijn Naam zal groot zijn onder de heidenen, zegt de HEERE der heirscharen.  12Maar gij ontheiligt dien, als gij zegt: Des HEEREN tafel is ontreinigd, en haar inkomen, haar spijs is verachtelijk.  13Nog zegt gij: Ziet, wat een vermoeidheid! maar gij zoudt het kunnen wegblazen, zegt de HEERE der heirscharen; gij brengt ook hetgeen geroofd is, en dat kreupel en krank is; gij brengt ook spijsoffer; zou Mij zulks aangenaam zijn van uw hand? zegt de HEERE.  14Ja, vervloekt zij de bedrieger, die een mannetje in zijn kudde heeft, en den Heere belooft, en offert, dat verdorven is! want Ik ben een groot Koning, zegt de HEERE der heirscharen, en Mijn Naam is vreselijk onder de heidenen."
      },
      {
        "book_name": "Maleachi",
        "book": 39,
        "chapter": 1,
        "verse": 1,
        "text": "De last van het woord des HEEREN tot Israël, door den dienst van Maleachi."
      },
      {
        "book_name": "Maleachi",
        "book": 39,
        "chapter": 1,
        "verse": 2,
        "text": "Ik heb u liefgehad, zegt de HEERE; maar gij zegt: Waarin hebt Gij ons liefgehad? Was niet Ezau Jakobs broeder? spreekt de HEERE; nochtans heb Ik Jakob liefgehad,"
      },
      {
        "book_name": "Maleachi",
        "book": 39,
        "chapter": 1,
        "verse": 3,
        "text": "En Ezau heb Ik gehaat; en Ik heb zijn bergen gesteld tot een verwoesting, en zijn erve voor de draken der woestijn."
      },
      {
        "book_name": "Maleachi",
        "book": 39,
        "chapter": 1,
        "verse": 4,
        "text": "Ofschoon Edom zeide: Wij zijn verarmd, doch wij zullen de woeste plaatsen weder bouwen; alzo zegt de HEERE der heirscharen: Zullen zij bouwen, zo zal Ik afbreken; en men zal hen noemen: Landpale der goddeloosheid, en een volk, op hetwelk de HEERE vergramd is tot in eeuwigheid."
      },
      {
        "book_name": "Maleachi",
        "book": 39,
        "chapter": 1,
        "verse": 5,
        "text": "En uw ogen zullen het zien, en gijlieden zult zeggen: De HEERE zij groot gemaakt, van de landpale Israëls af!"
      },
      {
        "book_name": "Maleachi",
        "book": 39,
        "chapter": 1,
        "verse": 6,
        "text": "Een zoon zal den vader eren, en een knecht zijn heer; ben Ik dan een Vader, waar is Mijn eer? En ben Ik een Heere, waar is Mijn vreze? zegt de HEERE der heirscharen tot u, o priesters, verachters Mijns Naams! Maar gij zegt: Waarmede verachten wij Uw Naam?"
      },
      {
        "book_name": "Maleachi",
        "book": 39,
        "chapter": 1,
        "verse": 7,
        "text": "Gij brengt op Mijn altaar verontreinigd brood, en zegt: Waarmede verontreinigen wij U? Daarmede, dat gij zegt: Des HEEREN tafel is verachtelijk."
      },
      {
        "book_name": "Maleachi",
        "book": 39,
        "chapter": 1,
        "verse": 8,
        "text": "Want als gij wat blinds aanbrengt om te offeren, het is bij u niet kwaad; en als gij wat kreupels of wat kranks aanbrengt, het is niet kwaad! Brengt dat toch uw vorst; zal hij een welgevallen aan u hebben? of zal hij uw aangezicht opnemen? zegt de HEERE der heirscharen."
      },
      {
        "book_name": "Maleachi",
        "book": 39,
        "chapter": 1,
        "verse": 9,
        "text": "Nu dan, smeekt toch het aangezicht van God, dat Hij ons genadig zij; zulks is van uw hand geschied, zal Hij uw aangezicht opnemen? zegt de HEERE der heirscharen."
      },
      {
        "book_name": "Maleachi",
        "book": 39,
        "chapter": 1,
        "verse": 10,
        "text": "Wie is er ook onder u, die de deuren om niet toesluit? En gij steekt het vuur niet aan op Mijn altaar om niet. Ik heb geen lust aan u, zegt de HEERE der heirscharen, en het spijsoffer is Mij van uw hand niet aangenaam."
      },
      {
        "book_name": "Maleachi",
        "book": 39,
        "chapter": 1,
        "verse": 11,
        "text": "Maar van den opgang der zon tot haar ondergang, zal Mijn Naam groot zijn onder de heidenen; en aan alle plaats zal Mijn Naam reukwerk toegebracht worden, en een rein spijsoffer; want Mijn Naam zal groot zijn onder de heidenen, zegt de HEERE der heirscharen."
      },
      {
        "book_name": "Maleachi",
        "book": 39,
        "chapter": 1,
        "verse": 12,
        "text": "Maar gij ontheiligt dien, als gij zegt: Des HEEREN tafel is ontreinigd, en haar inkomen, haar spijs is verachtelijk."
      },
      {
        "book_name": "Maleachi",
        "book": 39,
        "chapter": 1,
        "verse": 13,
        "text": "Nog zegt gij: Ziet, wat een vermoeidheid! maar gij zoudt het kunnen wegblazen, zegt de HEERE der heirscharen; gij brengt ook hetgeen geroofd is, en dat kreupel en krank is; gij brengt ook spijsoffer; zou Mij zulks aangenaam zijn van uw hand? zegt de HEERE."
      },
      {
        "book_name": "Maleachi",
        "book": 39,
        "chapter": 1,
        "verse": 14,
        "text": "Ja, vervloekt zij de bedrieger, die een mannetje in zijn kudde heeft, en den Heere belooft, en offert, dat verdorven is! want Ik ben een groot Koning, zegt de HEERE der heirscharen, en Mijn Naam is vreselijk onder de heidenen."
      }
    ],
    "2": [
      {
        "book_name": "Maleachi",
        "book": 39,
        "chapter": 2,
        "verse": 1,
        "text": "1En nu, gij priesters! tot u wordt dit gebod gezonden;  2Indien gij het niet zult horen, en indien gij het niet zult ter harte nemen, om Mijn Naam eer te geven, zegt de HEERE der heirscharen, zo zal Ik den vloek onder u zenden, en Ik zal uw zegeningen vervloeken; ja, Ik heb ook alrede elkeen derzelve vervloekt, omdat gij het niet ter harte neemt.  3Ziet, Ik zal u het zaad verderven; en Ik zal drek op uw aangezichten strooien, den drek uwer feesten, zodat men u met denzelven wegnemen zal.  4Dan zult gij weten, dat Ik dit gebod tot u gezonden heb; opdat Mijn verbond met Levi zij, zegt de HEERE der heirscharen.  5Mijn verbond met hem was het leven, en de vrede; en Ik gaf hem die tot een vreze; en hij vreesde Mij, en hij werd om Mijns Naams wil verschrikt.  6De wet der waarheid was in zijn mond, en er werd geen onrecht in zijn lippen gevonden; hij wandelde met Mij in vrede en in rechtmatigheid, en hij bekeerde er velen van ongerechtigheid.  7Want de lippen der priesters zullen de wetenschap bewaren, en men zal uit zijn mond de wet zoeken; want hij is een engel des HEEREN der heirscharen.  8Maar gij zijt van den weg afgeweken, gij hebt er velen doen struikelen in de wet, gij hebt het verbond met Levi verdorven, zegt de HEERE der heirscharen.  9Daarom heb Ik ook u verachtelijk en onwaard gemaakt voor het ganse volk, dewijl gij Mijn wegen niet houdt, maar het aangezicht aanneemt in de wet.  10Hebben wij niet allen één Vader? Heeft niet één God ons geschapen? Waarom handelen wij dan trouwelooslijk de een tegen den ander, ontheiligende het verbond onzer vaderen?  11Juda handelt trouwelooslijk, en er wordt een gruwel gedaan in Israël, en in Jeruzalem; want Juda ontheiligt de heiligheid des HEEREN, welke Hij liefheeft; want hij heeft de dochter eens vreemden gods getrouwd.  12De HEERE zal den man, die zulks doet, uitroeien uit de hutten van Jakob, dien, die waakt, en dien, die antwoordt, en die den HEERE der heirscharen spijsoffer brengt.  13Dit tweede doet gijlieden ook, dat gij het altaar des HEEREN bedekt met tranen, met wening en met zuchting; zodat Hij niet meer het spijsoffer aanschouwen, noch met welgevallen van uw hand ontvangen wil.  14Gij nu zegt: Waarom? Daarom dat de HEERE een Getuige geweest is, tussen u en tussen de huisvrouw uwer jeugd, met dewelke gij trouwelooslijk handelt; daar zij toch uw gezellin, en de huisvrouw uws verbonds is.  15Heeft Hij niet maar één gemaakt, hoewel Hij des geestes overig had? En waarom maar dien énen? Hij zocht een zaad Gods. Daarom, wacht u met uw geest, en dat niemand trouwelooslijk handele tegen de huisvrouw zijner jeugd.  16Want de HEERE, de God Israëls, zegt, dat Hij het verlaten haat, alhoewel hij den wrevel bedekt met Zijn kleed, zegt de HEERE der heirscharen; daarom wacht u met uw geest, dat gij niet trouwelooslijk handelt.  17Gij vermoeit den HEERE met uw woorden; nog zegt gij: Waarmede vermoeien wij Hem? Daarmede, dat gij zegt: Al wie kwaad doet, is goed in de ogen des HEEREN, en Hij heeft lust aan zodanigen; of, waar is de God des oordeels?"
      },
      {
        "book_name": "Maleachi",
        "book": 39,
        "chapter": 2,
        "verse": 1,
        "text": "En nu, gij priesters! tot u wordt dit gebod gezonden;"
      },
      {
        "book_name": "Maleachi",
        "book": 39,
        "chapter": 2,
        "verse": 2,
        "text": "Indien gij het niet zult horen, en indien gij het niet zult ter harte nemen, om Mijn Naam eer te geven, zegt de HEERE der heirscharen, zo zal Ik den vloek onder u zenden, en Ik zal uw zegeningen vervloeken; ja, Ik heb ook alrede elkeen derzelve vervloekt, omdat gij het niet ter harte neemt."
      },
      {
        "book_name": "Maleachi",
        "book": 39,
        "chapter": 2,
        "verse": 3,
        "text": "Ziet, Ik zal u het zaad verderven; en Ik zal drek op uw aangezichten strooien, den drek uwer feesten, zodat men u met denzelven wegnemen zal."
      },
      {
        "book_name": "Maleachi",
        "book": 39,
        "chapter": 2,
        "verse": 4,
        "text": "Dan zult gij weten, dat Ik dit gebod tot u gezonden heb; opdat Mijn verbond met Levi zij, zegt de HEERE der heirscharen."
      },
      {
        "book_name": "Maleachi",
        "book": 39,
        "chapter": 2,
        "verse": 5,
        "text": "Mijn verbond met hem was het leven, en de vrede; en Ik gaf hem die tot een vreze; en hij vreesde Mij, en hij werd om Mijns Naams wil verschrikt."
      },
      {
        "book_name": "Maleachi",
        "book": 39,
        "chapter": 2,
        "verse": 6,
        "text": "De wet der waarheid was in zijn mond, en er werd geen onrecht in zijn lippen gevonden; hij wandelde met Mij in vrede en in rechtmatigheid, en hij bekeerde er velen van ongerechtigheid."
      },
      {
        "book_name": "Maleachi",
        "book": 39,
        "chapter": 2,
        "verse": 7,
        "text": "Want de lippen der priesters zullen de wetenschap bewaren, en men zal uit zijn mond de wet zoeken; want hij is een engel des HEEREN der heirscharen."
      },
      {
        "book_name": "Maleachi",
        "book": 39,
        "chapter": 2,
        "verse": 8,
        "text": "Maar gij zijt van den weg afgeweken, gij hebt er velen doen struikelen in de wet, gij hebt het verbond met Levi verdorven, zegt de HEERE der heirscharen."
      },
      {
        "book_name": "Maleachi",
        "book": 39,
        "chapter": 2,
        "verse": 9,
        "text": "Daarom heb Ik ook u verachtelijk en onwaard gemaakt voor het ganse volk, dewijl gij Mijn wegen niet houdt, maar het aangezicht aanneemt in de wet."
      },
      {
        "book_name": "Maleachi",
        "book": 39,
        "chapter": 2,
        "verse": 10,
        "text": "Hebben wij niet allen één Vader? Heeft niet één God ons geschapen? Waarom handelen wij dan trouwelooslijk de een tegen den ander, ontheiligende het verbond onzer vaderen?"
      },
      {
        "book_name": "Maleachi",
        "book": 39,
        "chapter": 2,
        "verse": 11,
        "text": "Juda handelt trouwelooslijk, en er wordt een gruwel gedaan in Israël, en in Jeruzalem; want Juda ontheiligt de heiligheid des HEEREN, welke Hij liefheeft; want hij heeft de dochter eens vreemden gods getrouwd."
      },
      {
        "book_name": "Maleachi",
        "book": 39,
        "chapter": 2,
        "verse": 12,
        "text": "De HEERE zal den man, die zulks doet, uitroeien uit de hutten van Jakob, dien, die waakt, en dien, die antwoordt, en die den HEERE der heirscharen spijsoffer brengt."
      },
      {
        "book_name": "Maleachi",
        "book": 39,
        "chapter": 2,
        "verse": 13,
        "text": "Dit tweede doet gijlieden ook, dat gij het altaar des HEEREN bedekt met tranen, met wening en met zuchting; zodat Hij niet meer het spijsoffer aanschouwen, noch met welgevallen van uw hand ontvangen wil."
      },
      {
        "book_name": "Maleachi",
        "book": 39,
        "chapter": 2,
        "verse": 14,
        "text": "Gij nu zegt: Waarom? Daarom dat de HEERE een Getuige geweest is, tussen u en tussen de huisvrouw uwer jeugd, met dewelke gij trouwelooslijk handelt; daar zij toch uw gezellin, en de huisvrouw uws verbonds is."
      },
      {
        "book_name": "Maleachi",
        "book": 39,
        "chapter": 2,
        "verse": 15,
        "text": "Heeft Hij niet maar één gemaakt, hoewel Hij des geestes overig had? En waarom maar dien énen? Hij zocht een zaad Gods. Daarom, wacht u met uw geest, en dat niemand trouwelooslijk handele tegen de huisvrouw zijner jeugd."
      },
      {
        "book_name": "Maleachi",
        "book": 39,
        "chapter": 2,
        "verse": 16,
        "text": "Want de HEERE, de God Israëls, zegt, dat Hij het verlaten haat, alhoewel hij den wrevel bedekt met Zijn kleed, zegt de HEERE der heirscharen; daarom wacht u met uw geest, dat gij niet trouwelooslijk handelt."
      },
      {
        "book_name": "Maleachi",
        "book": 39,
        "chapter": 2,
        "verse": 17,
        "text": "Gij vermoeit den HEERE met uw woorden; nog zegt gij: Waarmede vermoeien wij Hem? Daarmede, dat gij zegt: Al wie kwaad doet, is goed in de ogen des HEEREN, en Hij heeft lust aan zodanigen; of, waar is de God des oordeels?"
      }
    ],
    "3": [
      {
        "book_name": "Maleachi",
        "book": 39,
        "chapter": 3,
        "verse": 1,
        "text": "1Ziet, Ik zende Mijn engel, die voor Mijn aangezicht den weg bereiden zal; en snellijk zal tot Zijn tempel komen die Heere, Dien gijlieden zoekt, te weten de Engel des verbonds, aan Denwelken gij lust hebt; ziet, Hij komt, zegt de HEERE der heirscharen.  2Maar wie zal den dag Zijner toekomst verdragen, en wie zal bestaan, als Hij verschijnt? Want Hij zal zijn als het vuur van een goudsmid, en als zeep der vollers.  3En Hij zal zitten, louterende, en het zilver reinigende, en Hij zal de kinderen van Levi reinigen, en Hij zal ze doorlouteren als goud, en als zilver; dan zullen zij den HEERE spijsoffer toebrengen in gerechtigheid.  4Dan zal het spijsoffer van Juda en Jeruzalem den HEERE zoet wezen, als in de oude dagen, en als in de vorige jaren.  5En Ik zal tot ulieden ten oordeel naderen; en Ik zal een snel Getuige zijn tegen de tovenaars, en tegen de overspelers, en tegen degenen, die valselijk zweren, en tegen degenen, die het loon des dagloners met geweld inhouden, die de weduwe, en den wees, en den vreemdeling het recht verkeren, en Mij niet vrezen, zegt de HEERE der heirscharen.  6Want Ik, de HEERE, word niet veranderd; daarom zijt gij, o kinderen Jakobs! niet verteerd.  7Van uwer vaderen dag af, zijt gij afgeweken van Mijn inzettingen, en hebt ze niet bewaard; keert weder tot Mij, en Ik zal tot u wederkeren, zegt de HEERE der heirscharen; maar gij zegt: Waarin zullen wij wederkeren?  8Zal een mens God beroven? Maar gij berooft Mij, en zegt: Waarin beroven wij U? In de tienden en het hefoffer.  9Met een vloek zijt gij vervloekt, omdat gij Mij berooft, zelfs het ganse volk.  10Brengt al de tienden in het schathuis, opdat er spijze zij in Mijn huis; en beproeft Mij nu daarin, zegt de HEERE der heirscharen, of Ik u dan niet opendoen zal de vensteren des hemels, en u zegen afgieten, zodat er geen schuren genoeg wezen zullen.  11En Ik zal om uwentwil den opeter schelden, dat hij u de vrucht des lands niet verderve; en de wijnstok op het veld zal u geen misdracht voortbrengen, zegt de HEERE der heirscharen.  12En alle heidenen zullen u gelukzalig noemen; want gijlieden zult een lustig land zijn, zegt de HEERE der heirscharen.  13Uw woorden zijn tegen Mij te sterk geworden, zegt de HEERE; maar gij zegt: Wat hebben wij tegen U gesproken?  14Gij zegt: Het is tevergeefs God te dienen; want wat nuttigheid is het, dat wij Zijn wacht waarnemen, en dat wij in het zwart gaan, voor het aangezicht des HEEREN der heirscharen?  15En nu, wij achten de hoogmoedigen gelukzalig; ook die goddeloosheid doen, worden gebouwd; ook verzoeken zij den HEERE, en ontkomen.  16Alsdan spreken, die den HEERE vrezen, een ieder tot zijn naaste: De HEERE merkt er toch op en hoort, en er is een gedenkboek voor Zijn aangezicht geschreven, voor degenen, die den HEERE vrezen, en voor degenen, die aan Zijn Naam gedenken.  17En zij zullen, zegt de HEERE der heirscharen, te dien dage, dien Ik maken zal, Mij een eigendom zijn; en Ik zal hen verschonen, gelijk als een man zijn zoon verschoont, die hem dient.  18Dan zult gijlieden wederom zien, het onderscheid tussen den rechtvaardige en den goddeloze, tussen dien, die God dient, en dien, die Hem niet dient."
      },
      {
        "book_name": "Maleachi",
        "book": 39,
        "chapter": 3,
        "verse": 1,
        "text": "Ziet, Ik zende Mijn engel, die voor Mijn aangezicht den weg bereiden zal; en snellijk zal tot Zijn tempel komen die Heere, Dien gijlieden zoekt, te weten de Engel des verbonds, aan Denwelken gij lust hebt; ziet, Hij komt, zegt de HEERE der heirscharen."
      },
      {
        "book_name": "Maleachi",
        "book": 39,
        "chapter": 3,
        "verse": 2,
        "text": "Maar wie zal den dag Zijner toekomst verdragen, en wie zal bestaan, als Hij verschijnt? Want Hij zal zijn als het vuur van een goudsmid, en als zeep der vollers."
      },
      {
        "book_name": "Maleachi",
        "book": 39,
        "chapter": 3,
        "verse": 3,
        "text": "En Hij zal zitten, louterende, en het zilver reinigende, en Hij zal de kinderen van Levi reinigen, en Hij zal ze doorlouteren als goud, en als zilver; dan zullen zij den HEERE spijsoffer toebrengen in gerechtigheid."
      },
      {
        "book_name": "Maleachi",
        "book": 39,
        "chapter": 3,
        "verse": 4,
        "text": "Dan zal het spijsoffer van Juda en Jeruzalem den HEERE zoet wezen, als in de oude dagen, en als in de vorige jaren."
      },
      {
        "book_name": "Maleachi",
        "book": 39,
        "chapter": 3,
        "verse": 5,
        "text": "En Ik zal tot ulieden ten oordeel naderen; en Ik zal een snel Getuige zijn tegen de tovenaars, en tegen de overspelers, en tegen degenen, die valselijk zweren, en tegen degenen, die het loon des dagloners met geweld inhouden, die de weduwe, en den wees, en den vreemdeling het recht verkeren, en Mij niet vrezen, zegt de HEERE der heirscharen."
      },
      {
        "book_name": "Maleachi",
        "book": 39,
        "chapter": 3,
        "verse": 6,
        "text": "Want Ik, de HEERE, word niet veranderd; daarom zijt gij, o kinderen Jakobs! niet verteerd."
      },
      {
        "book_name": "Maleachi",
        "book": 39,
        "chapter": 3,
        "verse": 7,
        "text": "Van uwer vaderen dag af, zijt gij afgeweken van Mijn inzettingen, en hebt ze niet bewaard; keert weder tot Mij, en Ik zal tot u wederkeren, zegt de HEERE der heirscharen; maar gij zegt: Waarin zullen wij wederkeren?"
      },
      {
        "book_name": "Maleachi",
        "book": 39,
        "chapter": 3,
        "verse": 8,
        "text": "Zal een mens God beroven? Maar gij berooft Mij, en zegt: Waarin beroven wij U? In de tienden en het hefoffer."
      },
      {
        "book_name": "Maleachi",
        "book": 39,
        "chapter": 3,
        "verse": 9,
        "text": "Met een vloek zijt gij vervloekt, omdat gij Mij berooft, zelfs het ganse volk."
      },
      {
        "book_name": "Maleachi",
        "book": 39,
        "chapter": 3,
        "verse": 10,
        "text": "Brengt al de tienden in het schathuis, opdat er spijze zij in Mijn huis; en beproeft Mij nu daarin, zegt de HEERE der heirscharen, of Ik u dan niet opendoen zal de vensteren des hemels, en u zegen afgieten, zodat er geen schuren genoeg wezen zullen."
      },
      {
        "book_name": "Maleachi",
        "book": 39,
        "chapter": 3,
        "verse": 11,
        "text": "En Ik zal om uwentwil den opeter schelden, dat hij u de vrucht des lands niet verderve; en de wijnstok op het veld zal u geen misdracht voortbrengen, zegt de HEERE der heirscharen."
      },
      {
        "book_name": "Maleachi",
        "book": 39,
        "chapter": 3,
        "verse": 12,
        "text": "En alle heidenen zullen u gelukzalig noemen; want gijlieden zult een lustig land zijn, zegt de HEERE der heirscharen."
      },
      {
        "book_name": "Maleachi",
        "book": 39,
        "chapter": 3,
        "verse": 13,
        "text": "Uw woorden zijn tegen Mij te sterk geworden, zegt de HEERE; maar gij zegt: Wat hebben wij tegen U gesproken?"
      },
      {
        "book_name": "Maleachi",
        "book": 39,
        "chapter": 3,
        "verse": 14,
        "text": "Gij zegt: Het is tevergeefs God te dienen; want wat nuttigheid is het, dat wij Zijn wacht waarnemen, en dat wij in het zwart gaan, voor het aangezicht des HEEREN der heirscharen?"
      },
      {
        "book_name": "Maleachi",
        "book": 39,
        "chapter": 3,
        "verse": 15,
        "text": "En nu, wij achten de hoogmoedigen gelukzalig; ook die goddeloosheid doen, worden gebouwd; ook verzoeken zij den HEERE, en ontkomen."
      },
      {
        "book_name": "Maleachi",
        "book": 39,
        "chapter": 3,
        "verse": 16,
        "text": "Alsdan spreken, die den HEERE vrezen, een ieder tot zijn naaste: De HEERE merkt er toch op en hoort, en er is een gedenkboek voor Zijn aangezicht geschreven, voor degenen, die den HEERE vrezen, en voor degenen, die aan Zijn Naam gedenken."
      },
      {
        "book_name": "Maleachi",
        "book": 39,
        "chapter": 3,
        "verse": 17,
        "text": "En zij zullen, zegt de HEERE der heirscharen, te dien dage, dien Ik maken zal, Mij een eigendom zijn; en Ik zal hen verschonen, gelijk als een man zijn zoon verschoont, die hem dient."
      },
      {
        "book_name": "Maleachi",
        "book": 39,
        "chapter": 3,
        "verse": 18,
        "text": "Dan zult gijlieden wederom zien, het onderscheid tussen den rechtvaardige en den goddeloze, tussen dien, die God dient, en dien, die Hem niet dient."
      }
    ],
    "4": [
      {
        "book_name": "Maleachi",
        "book": 39,
        "chapter": 4,
        "verse": 1,
        "text": "1Want ziet, die dag komt, brandende als een oven, dan zullen alle hoogmoedigen, en al wie goddeloosheid doet, een stoppel zijn, en de toekomstige dag zal ze in vlam zetten, zegt de HEERE der heirscharen, Die hun noch wortel, noch tak laten zal.  2Ulieden daarentegen, die Mijn Naam vreest, zal de Zon der gerechtigheid opgaan, en er zal genezing zijn onder Zijn vleugelen; en gij zult uitgaan, en toenemen, als mestkalveren.  3En gij zult de goddelozen vertreden; want zij zullen as worden onder de zolen uwer voeten, te dien dage, dien Ik maken zal, zegt de HEERE der heirscharen.  4Gedenk der wet van Mozes, Mijn knecht, die Ik hem bevolen heb op Horeb aan gans Israël, der inzettingen en rechten.  5Ziet, Ik zende ulieden den profeet Elia, eer dat die grote en die vreselijke dag des HEEREN komen zal.  6En hij zal het hart der vaderen tot de kinderen wederbrengen, en het hart der kinderen tot hun vaderen; opdat Ik niet kome, en de aarde met den ban sla."
      },
      {
        "book_name": "Maleachi",
        "book": 39,
        "chapter": 4,
        "verse": 1,
        "text": "Want ziet, die dag komt, brandende als een oven, dan zullen alle hoogmoedigen, en al wie goddeloosheid doet, een stoppel zijn, en de toekomstige dag zal ze in vlam zetten, zegt de HEERE der heirscharen, Die hun noch wortel, noch tak laten zal."
      },
      {
        "book_name": "Maleachi",
        "book": 39,
        "chapter": 4,
        "verse": 2,
        "text": "Ulieden daarentegen, die Mijn Naam vreest, zal de Zon der gerechtigheid opgaan, en er zal genezing zijn onder Zijn vleugelen; en gij zult uitgaan, en toenemen, als mestkalveren."
      },
      {
        "book_name": "Maleachi",
        "book": 39,
        "chapter": 4,
        "verse": 3,
        "text": "En gij zult de goddelozen vertreden; want zij zullen as worden onder de zolen uwer voeten, te dien dage, dien Ik maken zal, zegt de HEERE der heirscharen."
      },
      {
        "book_name": "Maleachi",
        "book": 39,
        "chapter": 4,
        "verse": 4,
        "text": "Gedenk der wet van Mozes, Mijn knecht, die Ik hem bevolen heb op Horeb aan gans Israël, der inzettingen en rechten."
      },
      {
        "book_name": "Maleachi",
        "book": 39,
        "chapter": 4,
        "verse": 5,
        "text": "Ziet, Ik zende ulieden den profeet Elia, eer dat die grote en die vreselijke dag des HEEREN komen zal."
      },
      {
        "book_name": "Maleachi",
        "book": 39,
        "chapter": 4,
        "verse": 6,
        "text": "En hij zal het hart der vaderen tot de kinderen wederbrengen, en het hart der kinderen tot hun vaderen; opdat Ik niet kome, en de aarde met den ban sla."
      }
    ]
  }
}