{
  "source": "bible.com",
  "version": "Statenvertaling (1750)",
  "book": "Micha",
  "chapters": {
    "1": [
      {
        "book_name": "Micha",
        "book": 33,
        "chapter": 1,
        "verse": 1,
        "text": "1Het woord des HEEREN, dat geschied is tot Micha, den Morastiet, in de dagen van Jotham, Achaz en Jehizkia, koningen van Juda; dat hij gezien heeft over Samaria en Jeruzalem.  2Hoort, gij volken altemaal! merk op, gij aarde, mitsgaders derzelver volheid! de Heere HEERE nu zal tot een getuige zijn tegen ulieden, de Heere uit den tempel Zijner heiligheid.  3Want ziet, de HEERE gaat uit van Zijn plaats, en Hij zal nederdalen en treden op de hoogten der aarde.  4En de bergen zullen onder Hem versmelten, en de dalen gekloofd worden, gelijk was voor het vuur, gelijk wateren, die uitgestort worden in de laagte.  5Dit alles, om de overtreding van Jakob, en om de zonden van het huis Israëls; wie is het begin van de overtreding van Jakob? Is het niet Samaria? En wie van de hoogten van Juda? Is het niet Jeruzalem?  6Daarom zal Ik Samaria stellen tot een steenhoop des velds, tot plantingen eens wijngaards; en Ik zal haar stenen in de vallei storten, en haar fondamenten ontdekken.  7En al haar gesneden beelden zullen vermorzeld worden, en al haar hoerenbeloningen zullen met vuur verbrand worden, en al haar afgoden zal Ik stellen tot een woestheid; want zij heeft ze van hoerenloon vergaderd, en zij zullen tot hoerenloon wederkeren.  8Hierom zal ik misbaar bedrijven en huilen; ik zal beroofd en naakt gaan; ik zal misbaar maken als de draken, en treuring als de jonge struisen.  9Want haar plagen zijn dodelijk; want zij zijn gekomen tot aan Juda; hij is geraakt tot aan de poort mijns volks, tot aan Jeruzalem.  10Verkondigt het niet te Gath, weent zo jammerlijk niet; wentelt u in het stof in het huis van Afra.  11Ga door, gij inwoneres van Safir! met blote schaamte; de inwoneres van Zaänan gaat niet uit; rouwklage is te Beth-haëzel; Hij zal Zijn stand van ulieden nemen.  12Want de inwoneres van Maroth is krank om des goeds wil; want een kwaad is van den HEERE afgedaald, tot aan de poort van Jeruzalem.  13Span de snelle dieren aan den wagen, gij inwoners van Lachis! (deze is der dochter Sions het beginsel der zonde) want in u zijn Israëls overtredingen gevonden.  14Daarom geef geschenken aan Morescheth-Gaths; de huizen van Achzib zullen den koningen van Israël tot een leugen zijn.  15Ik zal u nog een erfgenaam toebrengen, gij inwoneres van Maresa! Hij zal komen tot aan Adullam, tot aan de heerlijkheid Israëls.  16Maak u kaal en scheer u, om uw troetelkinderen; verwijd uw kaalheid, als de arend, omdat zij gevankelijk van u zijn weggevoerd."
      },
      {
        "book_name": "Micha",
        "book": 33,
        "chapter": 1,
        "verse": 1,
        "text": "Het woord des HEEREN, dat geschied is tot Micha, den Morastiet, in de dagen van Jotham, Achaz en Jehizkia, koningen van Juda; dat hij gezien heeft over Samaria en Jeruzalem."
      },
      {
        "book_name": "Micha",
        "book": 33,
        "chapter": 1,
        "verse": 2,
        "text": "Hoort, gij volken altemaal! merk op, gij aarde, mitsgaders derzelver volheid! de Heere HEERE nu zal tot een getuige zijn tegen ulieden, de Heere uit den tempel Zijner heiligheid."
      },
      {
        "book_name": "Micha",
        "book": 33,
        "chapter": 1,
        "verse": 3,
        "text": "Want ziet, de HEERE gaat uit van Zijn plaats, en Hij zal nederdalen en treden op de hoogten der aarde."
      },
      {
        "book_name": "Micha",
        "book": 33,
        "chapter": 1,
        "verse": 4,
        "text": "En de bergen zullen onder Hem versmelten, en de dalen gekloofd worden, gelijk was voor het vuur, gelijk wateren, die uitgestort worden in de laagte."
      },
      {
        "book_name": "Micha",
        "book": 33,
        "chapter": 1,
        "verse": 5,
        "text": "Dit alles, om de overtreding van Jakob, en om de zonden van het huis Israëls; wie is het begin van de overtreding van Jakob? Is het niet Samaria? En wie van de hoogten van Juda? Is het niet Jeruzalem?"
      },
      {
        "book_name": "Micha",
        "book": 33,
        "chapter": 1,
        "verse": 6,
        "text": "Daarom zal Ik Samaria stellen tot een steenhoop des velds, tot plantingen eens wijngaards; en Ik zal haar stenen in de vallei storten, en haar fondamenten ontdekken."
      },
      {
        "book_name": "Micha",
        "book": 33,
        "chapter": 1,
        "verse": 7,
        "text": "En al haar gesneden beelden zullen vermorzeld worden, en al haar hoerenbeloningen zullen met vuur verbrand worden, en al haar afgoden zal Ik stellen tot een woestheid; want zij heeft ze van hoerenloon vergaderd, en zij zullen tot hoerenloon wederkeren."
      },
      {
        "book_name": "Micha",
        "book": 33,
        "chapter": 1,
        "verse": 8,
        "text": "Hierom zal ik misbaar bedrijven en huilen; ik zal beroofd en naakt gaan; ik zal misbaar maken als de draken, en treuring als de jonge struisen."
      },
      {
        "book_name": "Micha",
        "book": 33,
        "chapter": 1,
        "verse": 9,
        "text": "Want haar plagen zijn dodelijk; want zij zijn gekomen tot aan Juda; hij is geraakt tot aan de poort mijns volks, tot aan Jeruzalem."
      },
      {
        "book_name": "Micha",
        "book": 33,
        "chapter": 1,
        "verse": 10,
        "text": "Verkondigt het niet te Gath, weent zo jammerlijk niet; wentelt u in het stof in het huis van Afra."
      },
      {
        "book_name": "Micha",
        "book": 33,
        "chapter": 1,
        "verse": 11,
        "text": "Ga door, gij inwoneres van Safir! met blote schaamte; de inwoneres van Zaänan gaat niet uit; rouwklage is te Beth-haëzel; Hij zal Zijn stand van ulieden nemen."
      },
      {
        "book_name": "Micha",
        "book": 33,
        "chapter": 1,
        "verse": 12,
        "text": "Want de inwoneres van Maroth is krank om des goeds wil; want een kwaad is van den HEERE afgedaald, tot aan de poort van Jeruzalem."
      },
      {
        "book_name": "Micha",
        "book": 33,
        "chapter": 1,
        "verse": 13,
        "text": "Span de snelle dieren aan den wagen, gij inwoners van Lachis! (deze is der dochter Sions het beginsel der zonde) want in u zijn Israëls overtredingen gevonden."
      },
      {
        "book_name": "Micha",
        "book": 33,
        "chapter": 1,
        "verse": 14,
        "text": "Daarom geef geschenken aan Morescheth-Gaths; de huizen van Achzib zullen den koningen van Israël tot een leugen zijn."
      },
      {
        "book_name": "Micha",
        "book": 33,
        "chapter": 1,
        "verse": 15,
        "text": "Ik zal u nog een erfgenaam toebrengen, gij inwoneres van Maresa! Hij zal komen tot aan Adullam, tot aan de heerlijkheid Israëls."
      },
      {
        "book_name": "Micha",
        "book": 33,
        "chapter": 1,
        "verse": 16,
        "text": "Maak u kaal en scheer u, om uw troetelkinderen; verwijd uw kaalheid, als de arend, omdat zij gevankelijk van u zijn weggevoerd."
      }
    ],
    "2": [
      {
        "book_name": "Micha",
        "book": 33,
        "chapter": 2,
        "verse": 1,
        "text": "1Wee dien, die ongerechtigheid bedenken, en kwaad werken op hun legers; in het licht van den morgenstond doen zij het, dewijl het in de macht van hunlieder hand is.  2En zij begeren akkers, en roven ze, en huizen, en nemen ze weg; alzo doen zij geweld aan den man en zijn huis, ja, aan een iegelijk en zijn erfenis.  3Daarom, alzo zegt de HEERE: Ziet, Ik denk een kwaad over dit geslacht, waaruit gijlieden uw halzen niet zult uittrekken, en zo rechtop niet gaan; want het zal een boze tijd zijn.  4Te dien dage zal men een spreekwoord over ulieden opnemen; en men zal een klagelijke klacht klagen, en zeggen: Wij zijn ten enenmale verwoest; Hij verwisselt mijns volks deel; hoe ontwendt Hij mij; Hij deelt uit, afwendende onze akkers.  5Daarom zult gij niemand hebben, die het snoer werpe in het lot, in de gemeente des HEEREN.  6Profeteert gijlieden niet, zeggen zij, laat die profeteren; zij profeteren niet als die; men wijkt niet af van smaadheden.  7O gij, die Jakobs huis geheten zijt! Is dan de Geest des HEEREN verkort? Zijn dat Zijn werken? Doen Mijn woorden geen goed bij dien, die recht wandelt?  8Maar gisteren stelde zich Mijn volk op, tot vijand, tegenover een kleed; gij stroopt een mantel van degenen, die zeker voorbijgaan, wederkomende van den strijd.  9De vrouwen Mijns volks verdrijft gij, elkeen uit het huis van haar vermakingen; van haar kinderkens neemt gij Mijn sieraad in eeuwigheid.  10Maakt u dan op, en gaat henen; want dit land zal de rust niet zijn; omdat het verontreinigd is, zal het u verderven, en dat met een geweldige verderving.  11Zo er iemand is, die met wind omgaat, en valselijk liegt, zeggende: Ik zal u profeteren voor wijn en voor sterken drank! dat is een profeet dezes volks.  12Voorzeker zal Ik u, o Jakob! gans verzamelen; voorzeker zal Ik Israëls overblijfsel vergaderen; Ik zal het te zamen zetten als schapen van Bozra; als een kudde in het midden van haar kooi zullen zij van mensen deunen.  13De Doorbreker zal voor hun aangezicht optrekken; zij zullen doorbreken, en door de poort gaan, en door dezelve uittrekken; en hun Koning zal voor hun aangezicht henengaan; en de HEERE in hun spits."
      },
      {
        "book_name": "Micha",
        "book": 33,
        "chapter": 2,
        "verse": 1,
        "text": "Wee dien, die ongerechtigheid bedenken, en kwaad werken op hun legers; in het licht van den morgenstond doen zij het, dewijl het in de macht van hunlieder hand is."
      },
      {
        "book_name": "Micha",
        "book": 33,
        "chapter": 2,
        "verse": 2,
        "text": "En zij begeren akkers, en roven ze, en huizen, en nemen ze weg; alzo doen zij geweld aan den man en zijn huis, ja, aan een iegelijk en zijn erfenis."
      },
      {
        "book_name": "Micha",
        "book": 33,
        "chapter": 2,
        "verse": 3,
        "text": "Daarom, alzo zegt de HEERE: Ziet, Ik denk een kwaad over dit geslacht, waaruit gijlieden uw halzen niet zult uittrekken, en zo rechtop niet gaan; want het zal een boze tijd zijn."
      },
      {
        "book_name": "Micha",
        "book": 33,
        "chapter": 2,
        "verse": 4,
        "text": "Te dien dage zal men een spreekwoord over ulieden opnemen; en men zal een klagelijke klacht klagen, en zeggen: Wij zijn ten enenmale verwoest; Hij verwisselt mijns volks deel; hoe ontwendt Hij mij; Hij deelt uit, afwendende onze akkers."
      },
      {
        "book_name": "Micha",
        "book": 33,
        "chapter": 2,
        "verse": 5,
        "text": "Daarom zult gij niemand hebben, die het snoer werpe in het lot, in de gemeente des HEEREN."
      },
      {
        "book_name": "Micha",
        "book": 33,
        "chapter": 2,
        "verse": 6,
        "text": "Profeteert gijlieden niet, zeggen zij, laat die profeteren; zij profeteren niet als die; men wijkt niet af van smaadheden."
      },
      {
        "book_name": "Micha",
        "book": 33,
        "chapter": 2,
        "verse": 7,
        "text": "O gij, die Jakobs huis geheten zijt! Is dan de Geest des HEEREN verkort? Zijn dat Zijn werken? Doen Mijn woorden geen goed bij dien, die recht wandelt?"
      },
      {
        "book_name": "Micha",
        "book": 33,
        "chapter": 2,
        "verse": 8,
        "text": "Maar gisteren stelde zich Mijn volk op, tot vijand, tegenover een kleed; gij stroopt een mantel van degenen, die zeker voorbijgaan, wederkomende van den strijd."
      },
      {
        "book_name": "Micha",
        "book": 33,
        "chapter": 2,
        "verse": 9,
        "text": "De vrouwen Mijns volks verdrijft gij, elkeen uit het huis van haar vermakingen; van haar kinderkens neemt gij Mijn sieraad in eeuwigheid."
      },
      {
        "book_name": "Micha",
        "book": 33,
        "chapter": 2,
        "verse": 10,
        "text": "Maakt u dan op, en gaat henen; want dit land zal de rust niet zijn; omdat het verontreinigd is, zal het u verderven, en dat met een geweldige verderving."
      },
      {
        "book_name": "Micha",
        "book": 33,
        "chapter": 2,
        "verse": 11,
        "text": "Zo er iemand is, die met wind omgaat, en valselijk liegt, zeggende: Ik zal u profeteren voor wijn en voor sterken drank! dat is een profeet dezes volks."
      },
      {
        "book_name": "Micha",
        "book": 33,
        "chapter": 2,
        "verse": 12,
        "text": "Voorzeker zal Ik u, o Jakob! gans verzamelen; voorzeker zal Ik Israëls overblijfsel vergaderen; Ik zal het te zamen zetten als schapen van Bozra; als een kudde in het midden van haar kooi zullen zij van mensen deunen."
      },
      {
        "book_name": "Micha",
        "book": 33,
        "chapter": 2,
        "verse": 13,
        "text": "De Doorbreker zal voor hun aangezicht optrekken; zij zullen doorbreken, en door de poort gaan, en door dezelve uittrekken; en hun Koning zal voor hun aangezicht henengaan; en de HEERE in hun spits."
      }
    ],
    "3": [
      {
        "book_name": "Micha",
        "book": 33,
        "chapter": 3,
        "verse": 1,
        "text": "1Voorts zeide ik: Hoort nu, gij hoofden Jakobs, en gij oversten van het huis Israëls! Betaamt het ulieden niet het recht te weten?  2Zij haten het goede, en hebben het kwade lief; zij roven hun huid van hen af, en hun vlees van hun beenderen.  3Ja, zij zijn het, die het vlees mijns volks eten, en hun huid afstropen, en hun beenderen verbreken; en vaneen leggen, gelijk als in een pot, en als vlees in het midden eens ketels.  4Alsdan zullen zij roepen tot den HEERE, doch Hij zal hen niet verhoren; maar zal Zijn aangezicht te dier tijd voor hen verbergen, gelijk als zij hun handelingen kwaad gemaakt hebben.  5Alzo zegt de HEERE, tegen de profeten, die Mijn volk verleiden; die met hun tanden bijten, en roepen vrede uit; maar die niets geeft in hun mond, tegen dien zo heiligen zij een krijg.  6Daarom zal het nacht voor ulieden worden vanwege het gezicht, en ulieden zal duisternis zijn vanwege de waarzegging; en de zon zal over deze profeten ondergaan; en de dag zal over hen zwart worden.  7En de zieners zullen beschaamd, en de waarzeggers schaamrood worden; en zij zullen al te zamen de bovenste lip bewimpelen; want er zal geen antwoord Gods zijn.  8Maar waarlijk, ik ben vol krachts van den Geest des HEEREN; en vol van gericht en dapperheid, om Jakob te verkondigen zijn overtreding, en Israël zijn zonde.  9Hoort nu dit, gij hoofden van het huis Jakobs, en gij oversten van het huis Israëls! die van het gericht een gruwel hebt, en al wat recht is verkeert;  10Bouwende Sion met bloed, en Jeruzalem met onrecht.  11Haar hoofden rechten om geschenken, en haar priesters leren om loon, en haar profeten waarzeggen om geld; nog steunen zij op den HEERE, zeggende: Is de HEERE niet in het midden van ons? Ons zal geen kwaad overkomen.  12Daarom, om uwentwil, zal Sion als een akker geploegd worden, en Jeruzalem zal tot steenhopen worden, en de berg dezes huizes tot hoogten eens wouds."
      },
      {
        "book_name": "Micha",
        "book": 33,
        "chapter": 3,
        "verse": 1,
        "text": "Voorts zeide ik: Hoort nu, gij hoofden Jakobs, en gij oversten van het huis Israëls! Betaamt het ulieden niet het recht te weten?"
      },
      {
        "book_name": "Micha",
        "book": 33,
        "chapter": 3,
        "verse": 2,
        "text": "Zij haten het goede, en hebben het kwade lief; zij roven hun huid van hen af, en hun vlees van hun beenderen."
      },
      {
        "book_name": "Micha",
        "book": 33,
        "chapter": 3,
        "verse": 3,
        "text": "Ja, zij zijn het, die het vlees mijns volks eten, en hun huid afstropen, en hun beenderen verbreken; en vaneen leggen, gelijk als in een pot, en als vlees in het midden eens ketels."
      },
      {
        "book_name": "Micha",
        "book": 33,
        "chapter": 3,
        "verse": 4,
        "text": "Alsdan zullen zij roepen tot den HEERE, doch Hij zal hen niet verhoren; maar zal Zijn aangezicht te dier tijd voor hen verbergen, gelijk als zij hun handelingen kwaad gemaakt hebben."
      },
      {
        "book_name": "Micha",
        "book": 33,
        "chapter": 3,
        "verse": 5,
        "text": "Alzo zegt de HEERE, tegen de profeten, die Mijn volk verleiden; die met hun tanden bijten, en roepen vrede uit; maar die niets geeft in hun mond, tegen dien zo heiligen zij een krijg."
      },
      {
        "book_name": "Micha",
        "book": 33,
        "chapter": 3,
        "verse": 6,
        "text": "Daarom zal het nacht voor ulieden worden vanwege het gezicht, en ulieden zal duisternis zijn vanwege de waarzegging; en de zon zal over deze profeten ondergaan; en de dag zal over hen zwart worden."
      },
      {
        "book_name": "Micha",
        "book": 33,
        "chapter": 3,
        "verse": 7,
        "text": "En de zieners zullen beschaamd, en de waarzeggers schaamrood worden; en zij zullen al te zamen de bovenste lip bewimpelen; want er zal geen antwoord Gods zijn."
      },
      {
        "book_name": "Micha",
        "book": 33,
        "chapter": 3,
        "verse": 8,
        "text": "Maar waarlijk, ik ben vol krachts van den Geest des HEEREN; en vol van gericht en dapperheid, om Jakob te verkondigen zijn overtreding, en Israël zijn zonde."
      },
      {
        "book_name": "Micha",
        "book": 33,
        "chapter": 3,
        "verse": 9,
        "text": "Hoort nu dit, gij hoofden van het huis Jakobs, en gij oversten van het huis Israëls! die van het gericht een gruwel hebt, en al wat recht is verkeert;"
      },
      {
        "book_name": "Micha",
        "book": 33,
        "chapter": 3,
        "verse": 10,
        "text": "Bouwende Sion met bloed, en Jeruzalem met onrecht."
      },
      {
        "book_name": "Micha",
        "book": 33,
        "chapter": 3,
        "verse": 11,
        "text": "Haar hoofden rechten om geschenken, en haar priesters leren om loon, en haar profeten waarzeggen om geld; nog steunen zij op den HEERE, zeggende: Is de HEERE niet in het midden van ons? Ons zal geen kwaad overkomen."
      },
      {
        "book_name": "Micha",
        "book": 33,
        "chapter": 3,
        "verse": 12,
        "text": "Daarom, om uwentwil, zal Sion als een akker geploegd worden, en Jeruzalem zal tot steenhopen worden, en de berg dezes huizes tot hoogten eens wouds."
      }
    ],
    "4": [
      {
        "book_name": "Micha",
        "book": 33,
        "chapter": 4,
        "verse": 1,
        "text": "1Maar in het laatste der dagen zal het geschieden, dat de berg van het huis des HEEREN zal vastgesteld zijn op den top der bergen; en hij zal verheven zijn boven de heuvelen, en de volken zullen tot hem toevloeien.  2En vele heidenen zullen henengaan, en zeggen: Komt en laat ons opgaan tot den berg des HEEREN, en ten huize van den God Jakobs, opdat Hij ons lere van Zijn wegen, en wij in Zijn paden wandelen; want uit Sion zal de wet uitgaan, en des HEEREN woord uit Jeruzalem.  3En Hij zal onder grote volken richten, en machtige heidenen straffen, tot verre toe; en zij zullen hun zwaarden slaan tot spaden, en hun spiesen tot sikkelen; het ene volk zal tegen het andere volk geen zwaard opheffen, en zij zullen den krijg niet meer leren.  4Maar zij zullen zitten, een ieder onder zijn wijnstok, en onder zijn vijgeboom, en er zal niemand zijn, die ze verschrikke; want de mond des HEEREN der heirscharen heeft het gesproken.  5Want alle volken zullen wandelen, elk in den naam zijns gods; maar wij zullen wandelen in den Naam des HEEREN, onzes Gods, eeuwiglijk en altoos.  6Te dien dage, spreekt de HEERE, zal Ik haar, die hinkende was, verzamelen, en haar, die verdreven was, vergaderen, en die Ik geplaagd had.  7En Ik zal haar, die hinkende was, maken tot een overblijfsel, en haar die verre henen verstoten was, tot een machtig volk; en de HEERE zal Koning over hen zijn op den berg Sions, van nu aan tot in eeuwigheid.  8En gij Schaapstoren, gij Ofel der dochter Sions! tot u zal komen, ja, daar zal komen de vorige heerschappij, het koninkrijk der dochteren van Jeruzalem.  9Nu, waarom zoudt gij zo groot geschrei maken? Is er geen Koning onder u? Is uw Raadgever vergaan, dat u smart, als van een barende vrouw, heeft aangegrepen?  10Lijd smart en arbeid om voort te brengen, o dochter Sions! als een barende vrouw; want nu zult gij wel uit de stad henen uitgaan, en op het veld wonen, en tot in Babel komen, maar aldaar zult gij gered worden; aldaar zal u de HEERE verlossen uit de hand uwer vijanden.  11Nu zijn wel vele heidenen tegen u verzameld, die daar zeggen: Laat ze ontheiligd worden, en laat ons oog schouwen aan Sion.  12Maar zij weten de gedachten des HEEREN niet, en verstaan Zijn raadslag niet; dat Hij hen vergaderd heeft als garven tot den dorsvloer.  13Maak u op en dors, o dochter Sions! Want Ik zal uw hoorn ijzer maken, en uw klauwen koper maken, en gij zult vele volken verpletteren; en Ik zal hunlieder gewin den HEERE verbannen, en hun vermogen den Heere der ganse aarde.  14 Nu, rot u met benden, gij dochter der bende, hij zal een belegering tegen ons stellen; zij zullen den rechter Israëls met de roede op het kinnebakken slaan."
      },
      {
        "book_name": "Micha",
        "book": 33,
        "chapter": 4,
        "verse": 1,
        "text": "Maar in het laatste der dagen zal het geschieden, dat de berg van het huis des HEEREN zal vastgesteld zijn op den top der bergen; en hij zal verheven zijn boven de heuvelen, en de volken zullen tot hem toevloeien."
      },
      {
        "book_name": "Micha",
        "book": 33,
        "chapter": 4,
        "verse": 2,
        "text": "En vele heidenen zullen henengaan, en zeggen: Komt en laat ons opgaan tot den berg des HEEREN, en ten huize van den God Jakobs, opdat Hij ons lere van Zijn wegen, en wij in Zijn paden wandelen; want uit Sion zal de wet uitgaan, en des HEEREN woord uit Jeruzalem."
      },
      {
        "book_name": "Micha",
        "book": 33,
        "chapter": 4,
        "verse": 3,
        "text": "En Hij zal onder grote volken richten, en machtige heidenen straffen, tot verre toe; en zij zullen hun zwaarden slaan tot spaden, en hun spiesen tot sikkelen; het ene volk zal tegen het andere volk geen zwaard opheffen, en zij zullen den krijg niet meer leren."
      },
      {
        "book_name": "Micha",
        "book": 33,
        "chapter": 4,
        "verse": 4,
        "text": "Maar zij zullen zitten, een ieder onder zijn wijnstok, en onder zijn vijgeboom, en er zal niemand zijn, die ze verschrikke; want de mond des HEEREN der heirscharen heeft het gesproken."
      },
      {
        "book_name": "Micha",
        "book": 33,
        "chapter": 4,
        "verse": 5,
        "text": "Want alle volken zullen wandelen, elk in den naam zijns gods; maar wij zullen wandelen in den Naam des HEEREN, onzes Gods, eeuwiglijk en altoos."
      },
      {
        "book_name": "Micha",
        "book": 33,
        "chapter": 4,
        "verse": 6,
        "text": "Te dien dage, spreekt de HEERE, zal Ik haar, die hinkende was, verzamelen, en haar, die verdreven was, vergaderen, en die Ik geplaagd had."
      },
      {
        "book_name": "Micha",
        "book": 33,
        "chapter": 4,
        "verse": 7,
        "text": "En Ik zal haar, die hinkende was, maken tot een overblijfsel, en haar die verre henen verstoten was, tot een machtig volk; en de HEERE zal Koning over hen zijn op den berg Sions, van nu aan tot in eeuwigheid."
      },
      {
        "book_name": "Micha",
        "book": 33,
        "chapter": 4,
        "verse": 8,
        "text": "En gij Schaapstoren, gij Ofel der dochter Sions! tot u zal komen, ja, daar zal komen de vorige heerschappij, het koninkrijk der dochteren van Jeruzalem."
      },
      {
        "book_name": "Micha",
        "book": 33,
        "chapter": 4,
        "verse": 9,
        "text": "Nu, waarom zoudt gij zo groot geschrei maken? Is er geen Koning onder u? Is uw Raadgever vergaan, dat u smart, als van een barende vrouw, heeft aangegrepen?"
      },
      {
        "book_name": "Micha",
        "book": 33,
        "chapter": 4,
        "verse": 10,
        "text": "Lijd smart en arbeid om voort te brengen, o dochter Sions! als een barende vrouw; want nu zult gij wel uit de stad henen uitgaan, en op het veld wonen, en tot in Babel komen, maar aldaar zult gij gered worden; aldaar zal u de HEERE verlossen uit de hand uwer vijanden."
      },
      {
        "book_name": "Micha",
        "book": 33,
        "chapter": 4,
        "verse": 11,
        "text": "Nu zijn wel vele heidenen tegen u verzameld, die daar zeggen: Laat ze ontheiligd worden, en laat ons oog schouwen aan Sion."
      },
      {
        "book_name": "Micha",
        "book": 33,
        "chapter": 4,
        "verse": 12,
        "text": "Maar zij weten de gedachten des HEEREN niet, en verstaan Zijn raadslag niet; dat Hij hen vergaderd heeft als garven tot den dorsvloer."
      },
      {
        "book_name": "Micha",
        "book": 33,
        "chapter": 4,
        "verse": 13,
        "text": "Maak u op en dors, o dochter Sions! Want Ik zal uw hoorn ijzer maken, en uw klauwen koper maken, en gij zult vele volken verpletteren; en Ik zal hunlieder gewin den HEERE verbannen, en hun vermogen den Heere der ganse aarde."
      },
      {
        "book_name": "Micha",
        "book": 33,
        "chapter": 4,
        "verse": 14,
        "text": "Nu, rot u met benden, gij dochter der bende, hij zal een belegering tegen ons stellen; zij zullen den rechter Israëls met de roede op het kinnebakken slaan."
      }
    ],
    "5": [
      {
        "book_name": "Micha",
        "book": 33,
        "chapter": 5,
        "verse": 1,
        "text": "1 En gij, Bethlehem Efratha! zijt gij klein om te wezen onder de duizenden van Juda? Uit u zal Mij voortkomen, Die een Heerser zal zijn in Israël, en Wiens uitgangen zijn van ouds, van de dagen der eeuwigheid.  2 Daarom zal Hij henlieden overgeven, tot den tijd toe, dat zij, die baren zal, gebaard hebbe; dan zullen de overigen Zijner broederen zich bekeren met de kinderen Israëls.  3 En Hij zal staan, en zal weiden in de kracht des HEEREN, in de hoogheid van den Naam des HEEREN, Zijns Gods, en zij zullen wonen, want nu zal Hij groot zijn tot aan de einden der aarde.  4 En Deze zal Vrede zijn; wanneer Assur in ons land zal komen, en wanneer hij in onze paleizen zal treden, zo zullen wij tegen hem stellen zeven herders, en acht vorsten uit de mensen.  5 Die zullen het land van Assur afweiden met het zwaard, en het land van Nimrod in deszelfs ingangen. Alzo zal Hij ons redden van Assur, wanneer dezelve in ons land zal komen, en wanneer hij in onze landpale zal treden.  6 En Jakobs overblijfsel zal zijn in het midden van vele volken, als een dauw van den HEERE, als droppelen op het kruid, dat naar geen man wacht, noch mensenkinderen verbeidt.  7 Ja, het overblijfsel van Jakob zal zijn onder de heidenen, in het midden van vele volken, als een leeuw onder de beesten des wouds, als een jonge leeuw onder de schaapskudden; dewelke, wanneer hij doorgaat, zo vertreedt en verscheurt hij, dat niemand redde.  8 Uw hand zal verhoogd zijn boven uw wederpartijders, en al uw vijanden zullen uitgeroeid worden.  9 En het zal te dien dage geschieden, spreekt de HEERE, dat Ik uw paarden uit het midden van u zal uitroeien, en Ik zal uw wagenen verdoen.  10 En Ik zal de steden uws lands uitroeien, en Ik zal al uw vestingen afbreken.  11 En Ik zal de toverijen uit uw hand uitroeien, en gij zult geen guichelaars hebben.  12 En Ik zal uw gesneden beelden en uw opgerichte beelden uit het midden van u uitroeien, dat gij u niet meer zult nederbuigen voor het werk uwer handen.  13 Voorts zal Ik uw bossen uit het midden van u uitroeien, en Ik zal uw steden verdelgen.  14 En Ik zal in toorn en in grimmigheid wrake doen aan de heidenen, die niet horen."
      },
      {
        "book_name": "Micha",
        "book": 33,
        "chapter": 5,
        "verse": 1,
        "text": "En gij, Bethlehem Efratha! zijt gij klein om te wezen onder de duizenden van Juda? Uit u zal Mij voortkomen, Die een Heerser zal zijn in Israël, en Wiens uitgangen zijn van ouds, van de dagen der eeuwigheid."
      },
      {
        "book_name": "Micha",
        "book": 33,
        "chapter": 5,
        "verse": 2,
        "text": "Daarom zal Hij henlieden overgeven, tot den tijd toe, dat zij, die baren zal, gebaard hebbe; dan zullen de overigen Zijner broederen zich bekeren met de kinderen Israëls."
      },
      {
        "book_name": "Micha",
        "book": 33,
        "chapter": 5,
        "verse": 3,
        "text": "En Hij zal staan, en zal weiden in de kracht des HEEREN, in de hoogheid van den Naam des HEEREN, Zijns Gods, en zij zullen wonen, want nu zal Hij groot zijn tot aan de einden der aarde."
      },
      {
        "book_name": "Micha",
        "book": 33,
        "chapter": 5,
        "verse": 4,
        "text": "En Deze zal Vrede zijn; wanneer Assur in ons land zal komen, en wanneer hij in onze paleizen zal treden, zo zullen wij tegen hem stellen zeven herders, en acht vorsten uit de mensen."
      },
      {
        "book_name": "Micha",
        "book": 33,
        "chapter": 5,
        "verse": 5,
        "text": "Die zullen het land van Assur afweiden met het zwaard, en het land van Nimrod in deszelfs ingangen. Alzo zal Hij ons redden van Assur, wanneer dezelve in ons land zal komen, en wanneer hij in onze landpale zal treden."
      },
      {
        "book_name": "Micha",
        "book": 33,
        "chapter": 5,
        "verse": 6,
        "text": "En Jakobs overblijfsel zal zijn in het midden van vele volken, als een dauw van den HEERE, als droppelen op het kruid, dat naar geen man wacht, noch mensenkinderen verbeidt."
      },
      {
        "book_name": "Micha",
        "book": 33,
        "chapter": 5,
        "verse": 7,
        "text": "Ja, het overblijfsel van Jakob zal zijn onder de heidenen, in het midden van vele volken, als een leeuw onder de beesten des wouds, als een jonge leeuw onder de schaapskudden; dewelke, wanneer hij doorgaat, zo vertreedt en verscheurt hij, dat niemand redde."
      },
      {
        "book_name": "Micha",
        "book": 33,
        "chapter": 5,
        "verse": 8,
        "text": "Uw hand zal verhoogd zijn boven uw wederpartijders, en al uw vijanden zullen uitgeroeid worden."
      },
      {
        "book_name": "Micha",
        "book": 33,
        "chapter": 5,
        "verse": 9,
        "text": "En het zal te dien dage geschieden, spreekt de HEERE, dat Ik uw paarden uit het midden van u zal uitroeien, en Ik zal uw wagenen verdoen."
      },
      {
        "book_name": "Micha",
        "book": 33,
        "chapter": 5,
        "verse": 10,
        "text": "En Ik zal de steden uws lands uitroeien, en Ik zal al uw vestingen afbreken."
      },
      {
        "book_name": "Micha",
        "book": 33,
        "chapter": 5,
        "verse": 11,
        "text": "En Ik zal de toverijen uit uw hand uitroeien, en gij zult geen guichelaars hebben."
      },
      {
        "book_name": "Micha",
        "book": 33,
        "chapter": 5,
        "verse": 12,
        "text": "En Ik zal uw gesneden beelden en uw opgerichte beelden uit het midden van u uitroeien, dat gij u niet meer zult nederbuigen voor het werk uwer handen."
      },
      {
        "book_name": "Micha",
        "book": 33,
        "chapter": 5,
        "verse": 13,
        "text": "Voorts zal Ik uw bossen uit het midden van u uitroeien, en Ik zal uw steden verdelgen."
      },
      {
        "book_name": "Micha",
        "book": 33,
        "chapter": 5,
        "verse": 14,
        "text": "En Ik zal in toorn en in grimmigheid wrake doen aan de heidenen, die niet horen."
      }
    ],
    "6": [
      {
        "book_name": "Micha",
        "book": 33,
        "chapter": 6,
        "verse": 1,
        "text": "1Hoort nu, wat de HEERE zegt: Maak u op, twist met de bergen, en laat de heuvelen uw stem horen.  2Hoort, gij bergen! den twist des HEEREN, mitsgaders gij sterke fondamenten der aarde! want de HEERE heeft een twist met Zijn volk, en Hij zal Zich met Israël in recht begeven.  3O Mijn volk! wat heb Ik u gedaan, en waarmede heb Ik u vermoeid? Betuig tegen Mij.  4Immers heb Ik u uit Egypteland opgevoerd, en u uit het diensthuis verlost; en Ik heb voor uw aangezicht henen gezonden Mozes, Aäron en Mirjam.  5Mijn volk! gedenk toch wat Balak, de koning van Moab, beraadslaagde, en wat hem Bileam, de zoon van Beor, antwoordde; en wat geschied is van Sittim af tot Gilgal toe, opdat gij de gerechtigheden des HEEREN kent.  6Waarmede zal ik den HEERE tegenkomen, en mij bukken voor den hogen God? Zal ik Hem tegenkomen met brandofferen, met eenjarige kalveren?  7Zou de HEERE een welgevallen hebben aan duizenden van rammen, aan tien duizenden van oliebeken? Zal ik mijn eerstgeborene geven voor mijn overtreding, de vrucht mijns buiks voor de zonde mijner ziel?  8Hij heeft u bekend gemaakt, o mens! wat goed is; en wat eist de HEERE van u, dan recht te doen, en weldadigheid lief te hebben, en ootmoediglijk te wandelen met uw God?  9De stem des HEEREN roept tot de stad (want Uw Naam ziet het wezen): Hoort de roede, en wie ze besteld heeft!  10Zijn er niet nog, in eens ieders goddelozen huis, schatten der goddeloosheid en een schaarse efa, dat te verfoeien is?  11Zou Ik rein zijn, met een goddeloze weegschaal en met een zak van bedriegelijke weegstenen?  12Dewijl haar rijke lieden vol zijn van geweld, en haar inwoners leugen spreken, en haar tong bedriegelijk is in haar mond;  13Zo zal Ik u ook krenken, u slaande, en verwoestende om uw zonden.  14Gij zult eten, maar niet verzadigd worden, en uw nederdrukking zal in het midden van u zijn; en gij zult aangrijpen, maar niet wegbrengen, en wat gij zult wegbrengen, zal Ik aan het zwaard overgeven.  15Gij zult zaaien, maar niet maaien; gij zult olijven treden, maar u met olie niet zalven, en most, maar geen wijn drinken.  16Want de inzettingen van Omri worden onderhouden, en het ganse werk van het huis van Achab; en gij wandelt in derzelver raadslagen; opdat Ik u stelle tot verwoesting, en haar inwoners tot aanfluiting; alzo zult gij de smaadheid Mijns volks dragen."
      },
      {
        "book_name": "Micha",
        "book": 33,
        "chapter": 6,
        "verse": 1,
        "text": "Hoort nu, wat de HEERE zegt: Maak u op, twist met de bergen, en laat de heuvelen uw stem horen."
      },
      {
        "book_name": "Micha",
        "book": 33,
        "chapter": 6,
        "verse": 2,
        "text": "Hoort, gij bergen! den twist des HEEREN, mitsgaders gij sterke fondamenten der aarde! want de HEERE heeft een twist met Zijn volk, en Hij zal Zich met Israël in recht begeven."
      },
      {
        "book_name": "Micha",
        "book": 33,
        "chapter": 6,
        "verse": 3,
        "text": "O Mijn volk! wat heb Ik u gedaan, en waarmede heb Ik u vermoeid? Betuig tegen Mij."
      },
      {
        "book_name": "Micha",
        "book": 33,
        "chapter": 6,
        "verse": 4,
        "text": "Immers heb Ik u uit Egypteland opgevoerd, en u uit het diensthuis verlost; en Ik heb voor uw aangezicht henen gezonden Mozes, Aäron en Mirjam."
      },
      {
        "book_name": "Micha",
        "book": 33,
        "chapter": 6,
        "verse": 5,
        "text": "Mijn volk! gedenk toch wat Balak, de koning van Moab, beraadslaagde, en wat hem Bileam, de zoon van Beor, antwoordde; en wat geschied is van Sittim af tot Gilgal toe, opdat gij de gerechtigheden des HEEREN kent."
      },
      {
        "book_name": "Micha",
        "book": 33,
        "chapter": 6,
        "verse": 6,
        "text": "Waarmede zal ik den HEERE tegenkomen, en mij bukken voor den hogen God? Zal ik Hem tegenkomen met brandofferen, met eenjarige kalveren?"
      },
      {
        "book_name": "Micha",
        "book": 33,
        "chapter": 6,
        "verse": 7,
        "text": "Zou de HEERE een welgevallen hebben aan duizenden van rammen, aan tien duizenden van oliebeken? Zal ik mijn eerstgeborene geven voor mijn overtreding, de vrucht mijns buiks voor de zonde mijner ziel?"
      },
      {
        "book_name": "Micha",
        "book": 33,
        "chapter": 6,
        "verse": 8,
        "text": "Hij heeft u bekend gemaakt, o mens! wat goed is; en wat eist de HEERE van u, dan recht te doen, en weldadigheid lief te hebben, en ootmoediglijk te wandelen met uw God?"
      },
      {
        "book_name": "Micha",
        "book": 33,
        "chapter": 6,
        "verse": 9,
        "text": "De stem des HEEREN roept tot de stad (want Uw Naam ziet het wezen): Hoort de roede, en wie ze besteld heeft!"
      },
      {
        "book_name": "Micha",
        "book": 33,
        "chapter": 6,
        "verse": 10,
        "text": "Zijn er niet nog, in eens ieders goddelozen huis, schatten der goddeloosheid en een schaarse efa, dat te verfoeien is?"
      },
      {
        "book_name": "Micha",
        "book": 33,
        "chapter": 6,
        "verse": 11,
        "text": "Zou Ik rein zijn, met een goddeloze weegschaal en met een zak van bedriegelijke weegstenen?"
      },
      {
        "book_name": "Micha",
        "book": 33,
        "chapter": 6,
        "verse": 12,
        "text": "Dewijl haar rijke lieden vol zijn van geweld, en haar inwoners leugen spreken, en haar tong bedriegelijk is in haar mond;"
      },
      {
        "book_name": "Micha",
        "book": 33,
        "chapter": 6,
        "verse": 13,
        "text": "Zo zal Ik u ook krenken, u slaande, en verwoestende om uw zonden."
      },
      {
        "book_name": "Micha",
        "book": 33,
        "chapter": 6,
        "verse": 14,
        "text": "Gij zult eten, maar niet verzadigd worden, en uw nederdrukking zal in het midden van u zijn; en gij zult aangrijpen, maar niet wegbrengen, en wat gij zult wegbrengen, zal Ik aan het zwaard overgeven."
      },
      {
        "book_name": "Micha",
        "book": 33,
        "chapter": 6,
        "verse": 15,
        "text": "Gij zult zaaien, maar niet maaien; gij zult olijven treden, maar u met olie niet zalven, en most, maar geen wijn drinken."
      },
      {
        "book_name": "Micha",
        "book": 33,
        "chapter": 6,
        "verse": 16,
        "text": "Want de inzettingen van Omri worden onderhouden, en het ganse werk van het huis van Achab; en gij wandelt in derzelver raadslagen; opdat Ik u stelle tot verwoesting, en haar inwoners tot aanfluiting; alzo zult gij de smaadheid Mijns volks dragen."
      }
    ],
    "7": [
      {
        "book_name": "Micha",
        "book": 33,
        "chapter": 7,
        "verse": 1,
        "text": "1Ai mij! want ik ben, als wanneer de zomervruchten zijn ingezameld; als wanneer de nalezingen in den wijnoogst geschied zijn; er is geen druif om te eten; mijn ziel begeert vroegrijpe vrucht.  2De goedertierene is vergaan uit het land, en er is niemand oprecht onder de mensen; zij loeren altemaal op bloed, zij jagen, een iegelijk zijn broeder, met een jachtgaren.  3Om met beide handen wel dapper kwaad te doen, zo eist de vorst, en de rechter oordeelt om vergelding; en de grote spreekt de verderving zijner ziel, en zij draaien ze dicht ineen.  4De beste van hen is als een doorn; de oprechtste is scherper dan een doornheg; de dag uwer wachters, uw bezoeking, is gekomen; nu zal hunlieder verwarring wezen.  5Gelooft een vriend niet, vertrouwt niet op een voornaamsten vriend; bewaar de deuren uws monds voor haar, die in uw schoot ligt.  6Want de zoon veracht den vader, de dochter staat op tegen haar moeder, de schoondochter tegen haar schoonmoeder; eens mans vijanden zijn zijn huisgenoten.  7Maar ik zal uitzien naar den HEERE, ik zal wachten op den God mijns heils; mijn God zal mij horen.  8Verblijd u niet over mij, o mijn vijandin! wanneer ik gevallen ben, zal ik weder opstaan; wanneer ik in duisternis zal gezeten zijn, zal de HEERE mij een licht zijn.  9Ik zal des HEEREN gramschap dragen, want ik heb tegen Hem gezondigd; totdat Hij mijn twist twiste, en mijn recht uitvoere; Hij zal mij uitbrengen aan het licht; ik zal mijn lust zien aan Zijn gerechtigheid.  10En mijn vijandin zal het zien, en schaamte zal haar bedekken; die tot mij zegt: Waar is de HEERE, uw God? Mijn ogen zullen aan haar zien; nu zal zij worden tot vertreding, als slijk der straten.  11Ten dage als Hij uw muren zal herbouwen, te dien dage zal het besluit verre heengaan.  12Te dien dage zal het ook komen tot u toe, van Assur af, zelfs tot de vaste steden toe; en van de vestingen tot aan de rivier, en van zee tot zee, en van gebergte tot gebergte.  13Maar dit land zal worden tot een verwoesting, zijner inwoners halve, vanwege de vrucht hunner handelingen.  14Gij dan, weid Uw volk met Uw staf, de kudde Uwer erfenis, die alleen woont, in het woud, in het midden van een vruchtbaar land; laat ze weiden in Basan en Gilead, als in de dagen van ouds.  15Ik zal haar wonderen doen zien, als in de dagen, toen gij uit Egypteland uittoogt.  16De heidenen zullen het zien, en beschaamd zijn, vanwege al hun macht; zij zullen de hand op den mond leggen; hun oren zullen doof worden.  17Zij zullen het stof lekken, als de slang; als kruipende dieren der aarde, zullen zij zich beroeren uit hun sloten; zij zullen met vervaardheid komen tot den HEERE, onzen God, en zullen voor U vrezen.  18Wie is een God gelijk Gij, Die de ongerechtigheid vergeeft, en de overtreding van het overblijfsel Zijner erfenis voorbijgaat? Hij houdt Zijn toorn niet in eeuwigheid; want Hij heeft lust aan goedertierenheid.  19Hij zal Zich onzer weder ontfermen; Hij zal onze ongerechtigheden dempen; ja, Gij zult al hun zonden in de diepten der zee werpen.  20Gij zult Jakob de trouw, Abraham de goedertierenheid geven, die Gij onzen vaderen van oude dagen af gezworen hebt."
      },
      {
        "book_name": "Micha",
        "book": 33,
        "chapter": 7,
        "verse": 1,
        "text": "Ai mij! want ik ben, als wanneer de zomervruchten zijn ingezameld; als wanneer de nalezingen in den wijnoogst geschied zijn; er is geen druif om te eten; mijn ziel begeert vroegrijpe vrucht."
      },
      {
        "book_name": "Micha",
        "book": 33,
        "chapter": 7,
        "verse": 2,
        "text": "De goedertierene is vergaan uit het land, en er is niemand oprecht onder de mensen; zij loeren altemaal op bloed, zij jagen, een iegelijk zijn broeder, met een jachtgaren."
      },
      {
        "book_name": "Micha",
        "book": 33,
        "chapter": 7,
        "verse": 3,
        "text": "Om met beide handen wel dapper kwaad te doen, zo eist de vorst, en de rechter oordeelt om vergelding; en de grote spreekt de verderving zijner ziel, en zij draaien ze dicht ineen."
      },
      {
        "book_name": "Micha",
        "book": 33,
        "chapter": 7,
        "verse": 4,
        "text": "De beste van hen is als een doorn; de oprechtste is scherper dan een doornheg; de dag uwer wachters, uw bezoeking, is gekomen; nu zal hunlieder verwarring wezen."
      },
      {
        "book_name": "Micha",
        "book": 33,
        "chapter": 7,
        "verse": 5,
        "text": "Gelooft een vriend niet, vertrouwt niet op een voornaamsten vriend; bewaar de deuren uws monds voor haar, die in uw schoot ligt."
      },
      {
        "book_name": "Micha",
        "book": 33,
        "chapter": 7,
        "verse": 6,
        "text": "Want de zoon veracht den vader, de dochter staat op tegen haar moeder, de schoondochter tegen haar schoonmoeder; eens mans vijanden zijn zijn huisgenoten."
      },
      {
        "book_name": "Micha",
        "book": 33,
        "chapter": 7,
        "verse": 7,
        "text": "Maar ik zal uitzien naar den HEERE, ik zal wachten op den God mijns heils; mijn God zal mij horen."
      },
      {
        "book_name": "Micha",
        "book": 33,
        "chapter": 7,
        "verse": 8,
        "text": "Verblijd u niet over mij, o mijn vijandin! wanneer ik gevallen ben, zal ik weder opstaan; wanneer ik in duisternis zal gezeten zijn, zal de HEERE mij een licht zijn."
      },
      {
        "book_name": "Micha",
        "book": 33,
        "chapter": 7,
        "verse": 9,
        "text": "Ik zal des HEEREN gramschap dragen, want ik heb tegen Hem gezondigd; totdat Hij mijn twist twiste, en mijn recht uitvoere; Hij zal mij uitbrengen aan het licht; ik zal mijn lust zien aan Zijn gerechtigheid."
      },
      {
        "book_name": "Micha",
        "book": 33,
        "chapter": 7,
        "verse": 10,
        "text": "En mijn vijandin zal het zien, en schaamte zal haar bedekken; die tot mij zegt: Waar is de HEERE, uw God? Mijn ogen zullen aan haar zien; nu zal zij worden tot vertreding, als slijk der straten."
      },
      {
        "book_name": "Micha",
        "book": 33,
        "chapter": 7,
        "verse": 11,
        "text": "Ten dage als Hij uw muren zal herbouwen, te dien dage zal het besluit verre heengaan."
      },
      {
        "book_name": "Micha",
        "book": 33,
        "chapter": 7,
        "verse": 12,
        "text": "Te dien dage zal het ook komen tot u toe, van Assur af, zelfs tot de vaste steden toe; en van de vestingen tot aan de rivier, en van zee tot zee, en van gebergte tot gebergte."
      },
      {
        "book_name": "Micha",
        "book": 33,
        "chapter": 7,
        "verse": 13,
        "text": "Maar dit land zal worden tot een verwoesting, zijner inwoners halve, vanwege de vrucht hunner handelingen."
      },
      {
        "book_name": "Micha",
        "book": 33,
        "chapter": 7,
        "verse": 14,
        "text": "Gij dan, weid Uw volk met Uw staf, de kudde Uwer erfenis, die alleen woont, in het woud, in het midden van een vruchtbaar land; laat ze weiden in Basan en Gilead, als in de dagen van ouds."
      },
      {
        "book_name": "Micha",
        "book": 33,
        "chapter": 7,
        "verse": 15,
        "text": "Ik zal haar wonderen doen zien, als in de dagen, toen gij uit Egypteland uittoogt."
      },
      {
        "book_name": "Micha",
        "book": 33,
        "chapter": 7,
        "verse": 16,
        "text": "De heidenen zullen het zien, en beschaamd zijn, vanwege al hun macht; zij zullen de hand op den mond leggen; hun oren zullen doof worden."
      },
      {
        "book_name": "Micha",
        "book": 33,
        "chapter": 7,
        "verse": 17,
        "text": "Zij zullen het stof lekken, als de slang; als kruipende dieren der aarde, zullen zij zich beroeren uit hun sloten; zij zullen met vervaardheid komen tot den HEERE, onzen God, en zullen voor U vrezen."
      },
      {
        "book_name": "Micha",
        "book": 33,
        "chapter": 7,
        "verse": 18,
        "text": "Wie is een God gelijk Gij, Die de ongerechtigheid vergeeft, en de overtreding van het overblijfsel Zijner erfenis voorbijgaat? Hij houdt Zijn toorn niet in eeuwigheid; want Hij heeft lust aan goedertierenheid."
      },
      {
        "book_name": "Micha",
        "book": 33,
        "chapter": 7,
        "verse": 19,
        "text": "Hij zal Zich onzer weder ontfermen; Hij zal onze ongerechtigheden dempen; ja, Gij zult al hun zonden in de diepten der zee werpen."
      },
      {
        "book_name": "Micha",
        "book": 33,
        "chapter": 7,
        "verse": 20,
        "text": "Gij zult Jakob de trouw, Abraham de goedertierenheid geven, die Gij onzen vaderen van oude dagen af gezworen hebt."
      }
    ]
  }
}