{
  "source": "bible.com",
  "version": "Statenvertaling (1750)",
  "book": "Nahum",
  "chapters": {
    "1": [
      {
        "book_name": "Nahum",
        "book": 34,
        "chapter": 1,
        "verse": 1,
        "text": "1De last van Ninevé. Het boek des gezichts van Nahum, den Elkosiet.  2Een ijverig God en een wreker is de HEERE, een wreker is de HEERE, en zeer grimmig; een wreker is de HEERE aan Zijn wederpartijders, en Hij behoudt den toorn Zijn vijanden.  3De HEERE is lankmoedig, doch van grote kracht, en Hij houdt den schuldige geenszins onschuldig. Des HEEREN weg is in wervelwind, en in storm, en de wolken zijn het stof Zijner voeten.  4Hij scheldt de zee, en maakt ze droog, en Hij verdroogt alle rivieren; Basan en Karmel kwelen, ook kweelt de bloem van Libanon.  5De bergen beven voor Hem, en de heuvelen versmelten; en de aarde licht zich op voor Zijn aangezicht, en de wereld, en allen, die daarin wonen.  6Wie zal voor Zijn gramschap staan, en wie zal voor de hittigheid Zijns toorns bestaan? Zijn grimmigheid is uitgestort als vuur, en de rotsstenen worden van Hem vermorzeld.  7De HEERE is goed, Hij is ter sterkte in den dag der benauwdheid, en Hij kent hen, die op Hem betrouwen.  8En met een doorgaanden vloed zal Hij haar plaats te niet maken; en duisternis zal Zijn vijanden vervolgen.  9Wat denkt gijlieden tegen den HEERE? Hij zal zelf een voleinding maken; de benauwdheid zal niet tweemaal oprijzen.  10Dewijl zij in elkander gevlochten zijn als doornen, en dronken zijn, gelijk zij plegen dronken te zijn, zo worden zij volkomen verteerd, als een dorre stoppel.  11Van u is een uitgegaan, die kwaad denkt tegen den HEERE, een Belialsraadsman.  12Alzo zegt de HEERE: Zijn zij voorspoedig, en alzo velen, alzo zullen zij ook geschoren worden, en hij zal doorgaan; Ik heb u wel gedrukt, maar Ik zal u niet meer drukken.  13Maar nu zal Ik zijn juk van u breken, en zal uw banden verscheuren.  14Doch tegen u heeft de HEERE bevolen, dat er van uw naam niemand meer gezaaid zal worden; uit het huis uws gods zal Ik uitroeien de gesneden en gegoten beelden; Ik zal u daar een graf maken, als gij zult veracht zijn geworden.  15Ziet op de bergen de voeten desgenen, die het goede boodschapt, die vrede doet horen; vier uw vierdagen, o Juda! betaal uw geloften; want de Belials-man zal voortaan niet meer door u doorgaan, hij is gans uitgeroeid."
      },
      {
        "book_name": "Nahum",
        "book": 34,
        "chapter": 1,
        "verse": 1,
        "text": "De last van Ninevé. Het boek des gezichts van Nahum, den Elkosiet."
      },
      {
        "book_name": "Nahum",
        "book": 34,
        "chapter": 1,
        "verse": 2,
        "text": "Een ijverig God en een wreker is de HEERE, een wreker is de HEERE, en zeer grimmig; een wreker is de HEERE aan Zijn wederpartijders, en Hij behoudt den toorn Zijn vijanden."
      },
      {
        "book_name": "Nahum",
        "book": 34,
        "chapter": 1,
        "verse": 3,
        "text": "De HEERE is lankmoedig, doch van grote kracht, en Hij houdt den schuldige geenszins onschuldig. Des HEEREN weg is in wervelwind, en in storm, en de wolken zijn het stof Zijner voeten."
      },
      {
        "book_name": "Nahum",
        "book": 34,
        "chapter": 1,
        "verse": 4,
        "text": "Hij scheldt de zee, en maakt ze droog, en Hij verdroogt alle rivieren; Basan en Karmel kwelen, ook kweelt de bloem van Libanon."
      },
      {
        "book_name": "Nahum",
        "book": 34,
        "chapter": 1,
        "verse": 5,
        "text": "De bergen beven voor Hem, en de heuvelen versmelten; en de aarde licht zich op voor Zijn aangezicht, en de wereld, en allen, die daarin wonen."
      },
      {
        "book_name": "Nahum",
        "book": 34,
        "chapter": 1,
        "verse": 6,
        "text": "Wie zal voor Zijn gramschap staan, en wie zal voor de hittigheid Zijns toorns bestaan? Zijn grimmigheid is uitgestort als vuur, en de rotsstenen worden van Hem vermorzeld."
      },
      {
        "book_name": "Nahum",
        "book": 34,
        "chapter": 1,
        "verse": 7,
        "text": "De HEERE is goed, Hij is ter sterkte in den dag der benauwdheid, en Hij kent hen, die op Hem betrouwen."
      },
      {
        "book_name": "Nahum",
        "book": 34,
        "chapter": 1,
        "verse": 8,
        "text": "En met een doorgaanden vloed zal Hij haar plaats te niet maken; en duisternis zal Zijn vijanden vervolgen."
      },
      {
        "book_name": "Nahum",
        "book": 34,
        "chapter": 1,
        "verse": 9,
        "text": "Wat denkt gijlieden tegen den HEERE? Hij zal zelf een voleinding maken; de benauwdheid zal niet tweemaal oprijzen."
      },
      {
        "book_name": "Nahum",
        "book": 34,
        "chapter": 1,
        "verse": 10,
        "text": "Dewijl zij in elkander gevlochten zijn als doornen, en dronken zijn, gelijk zij plegen dronken te zijn, zo worden zij volkomen verteerd, als een dorre stoppel."
      },
      {
        "book_name": "Nahum",
        "book": 34,
        "chapter": 1,
        "verse": 11,
        "text": "Van u is een uitgegaan, die kwaad denkt tegen den HEERE, een Belialsraadsman."
      },
      {
        "book_name": "Nahum",
        "book": 34,
        "chapter": 1,
        "verse": 12,
        "text": "Alzo zegt de HEERE: Zijn zij voorspoedig, en alzo velen, alzo zullen zij ook geschoren worden, en hij zal doorgaan; Ik heb u wel gedrukt, maar Ik zal u niet meer drukken."
      },
      {
        "book_name": "Nahum",
        "book": 34,
        "chapter": 1,
        "verse": 13,
        "text": "Maar nu zal Ik zijn juk van u breken, en zal uw banden verscheuren."
      },
      {
        "book_name": "Nahum",
        "book": 34,
        "chapter": 1,
        "verse": 14,
        "text": "Doch tegen u heeft de HEERE bevolen, dat er van uw naam niemand meer gezaaid zal worden; uit het huis uws gods zal Ik uitroeien de gesneden en gegoten beelden; Ik zal u daar een graf maken, als gij zult veracht zijn geworden."
      },
      {
        "book_name": "Nahum",
        "book": 34,
        "chapter": 1,
        "verse": 15,
        "text": "Ziet op de bergen de voeten desgenen, die het goede boodschapt, die vrede doet horen; vier uw vierdagen, o Juda! betaal uw geloften; want de Belials-man zal voortaan niet meer door u doorgaan, hij is gans uitgeroeid."
      }
    ],
    "2": [
      {
        "book_name": "Nahum",
        "book": 34,
        "chapter": 2,
        "verse": 1,
        "text": "1De verstrooier trekt tegen uw aangezicht op, bewaar de vesting; bezichtig den weg; sterk de lenden, versterk de kracht zeer.  2Want de HEERE heeft de hovaardij Jakobs afgewend, gelijk de hovaardij Israëls; want de ledigmakers hebben ze ledig gemaakt, en zij hebben hun wijnranken verdorven.  3De schilden zijner helden zijn rood gemaakt, de kloeke mannen zijn scharlakenvervig; de wagens zijn in het vuur der fakkelen, ten dage als hij zich bereidt; en de spiesen worden geschud.  4De wagens razen door de wijken, zij lopen ginds en weder op de straten; hun gedaanten zijn als der fakkelen, zij lopen door elkander henen als de bliksemen.  5Hij zal aan zijn voortreffelijken gedenken, doch zij zullen struikelen in hun tochten; zij zullen haasten naar hun muur, als het beschutsel vaardig zal wezen.  6De poorten der rivieren zullen geopend worden, en het paleis zal versmelten.  7En Huzab zal gevankelijk weggevoerd worden, men zal haar heten voortgaan; en haar maagden zullen haar geleiden, als met een stem der duiven, trommelende op haar harten.  8Ninevé is wel als een watervijver, van de dagen af dat zij geweest is, doch zij zullen vluchten. Staat, staat! zal men roepen, maar niemand zal omzien.  9Rooft zilver, rooft goud, want er is geen einde des voorraads, der heerlijkheid van allerlei gewenste vaten.  10Zij is geledigd, ja, uitgeledigd, uitgeput, en haar hart versmelt, en de knieën schudden, en in al de lenden is smart, en hun aller aangezichten betrekken, als een pot.  11Waar is nu de woning der leeuwen, en die weide der jonge leeuwen? Alwaar de leeuw, de oude leeuw, en het leeuwenwelp wandelde, en er was niemand, die hen verschrikte.  12De leeuw, die genoeg roofde voor zijn welpen, en worgde voor zijn oude leeuwinnen, die zijn holen vervulde met roof, en zijn woningen met het geroofde.  13Ziet, Ik wil aan u, spreekt de HEERE der heirscharen, en Ik zal haar wagenen in rook verbranden, en het zwaard zal uw jonge leeuwen verteren, en Ik zal uw roof uitroeien van de aarde, en de stem uwer gezanten zal niet meer gehoord worden."
      },
      {
        "book_name": "Nahum",
        "book": 34,
        "chapter": 2,
        "verse": 1,
        "text": "De verstrooier trekt tegen uw aangezicht op, bewaar de vesting; bezichtig den weg; sterk de lenden, versterk de kracht zeer."
      },
      {
        "book_name": "Nahum",
        "book": 34,
        "chapter": 2,
        "verse": 2,
        "text": "Want de HEERE heeft de hovaardij Jakobs afgewend, gelijk de hovaardij Israëls; want de ledigmakers hebben ze ledig gemaakt, en zij hebben hun wijnranken verdorven."
      },
      {
        "book_name": "Nahum",
        "book": 34,
        "chapter": 2,
        "verse": 3,
        "text": "De schilden zijner helden zijn rood gemaakt, de kloeke mannen zijn scharlakenvervig; de wagens zijn in het vuur der fakkelen, ten dage als hij zich bereidt; en de spiesen worden geschud."
      },
      {
        "book_name": "Nahum",
        "book": 34,
        "chapter": 2,
        "verse": 4,
        "text": "De wagens razen door de wijken, zij lopen ginds en weder op de straten; hun gedaanten zijn als der fakkelen, zij lopen door elkander henen als de bliksemen."
      },
      {
        "book_name": "Nahum",
        "book": 34,
        "chapter": 2,
        "verse": 5,
        "text": "Hij zal aan zijn voortreffelijken gedenken, doch zij zullen struikelen in hun tochten; zij zullen haasten naar hun muur, als het beschutsel vaardig zal wezen."
      },
      {
        "book_name": "Nahum",
        "book": 34,
        "chapter": 2,
        "verse": 6,
        "text": "De poorten der rivieren zullen geopend worden, en het paleis zal versmelten."
      },
      {
        "book_name": "Nahum",
        "book": 34,
        "chapter": 2,
        "verse": 7,
        "text": "En Huzab zal gevankelijk weggevoerd worden, men zal haar heten voortgaan; en haar maagden zullen haar geleiden, als met een stem der duiven, trommelende op haar harten."
      },
      {
        "book_name": "Nahum",
        "book": 34,
        "chapter": 2,
        "verse": 8,
        "text": "Ninevé is wel als een watervijver, van de dagen af dat zij geweest is, doch zij zullen vluchten. Staat, staat! zal men roepen, maar niemand zal omzien."
      },
      {
        "book_name": "Nahum",
        "book": 34,
        "chapter": 2,
        "verse": 9,
        "text": "Rooft zilver, rooft goud, want er is geen einde des voorraads, der heerlijkheid van allerlei gewenste vaten."
      },
      {
        "book_name": "Nahum",
        "book": 34,
        "chapter": 2,
        "verse": 10,
        "text": "Zij is geledigd, ja, uitgeledigd, uitgeput, en haar hart versmelt, en de knieën schudden, en in al de lenden is smart, en hun aller aangezichten betrekken, als een pot."
      },
      {
        "book_name": "Nahum",
        "book": 34,
        "chapter": 2,
        "verse": 11,
        "text": "Waar is nu de woning der leeuwen, en die weide der jonge leeuwen? Alwaar de leeuw, de oude leeuw, en het leeuwenwelp wandelde, en er was niemand, die hen verschrikte."
      },
      {
        "book_name": "Nahum",
        "book": 34,
        "chapter": 2,
        "verse": 12,
        "text": "De leeuw, die genoeg roofde voor zijn welpen, en worgde voor zijn oude leeuwinnen, die zijn holen vervulde met roof, en zijn woningen met het geroofde."
      },
      {
        "book_name": "Nahum",
        "book": 34,
        "chapter": 2,
        "verse": 13,
        "text": "Ziet, Ik wil aan u, spreekt de HEERE der heirscharen, en Ik zal haar wagenen in rook verbranden, en het zwaard zal uw jonge leeuwen verteren, en Ik zal uw roof uitroeien van de aarde, en de stem uwer gezanten zal niet meer gehoord worden."
      }
    ],
    "3": [
      {
        "book_name": "Nahum",
        "book": 34,
        "chapter": 3,
        "verse": 1,
        "text": "1Wee der bloedstad, die gans vol leugen, en verscheuring is! de roof houdt niet op.  2Er is het geklap der zweep, en het geluid van het bulderen der raderen; en de paarden stampen, en de wagens springen op.  3De ruiter steekt omhoog, zo het vlammende zwaard, als de bliksemende spies, en er zal veelheid der verslagenen zijn, en een zware menigte der dode lichamen; ja, er zal geen einde zijn der lichamen, men zal over hun lichamen struikelen;  4Om der grote hoererijen wil der zeer bevallige hoer, der meesteres der toverijen, die met haar hoererijen volken verkocht heeft, en geslachten met haar toverijen.  5Ziet, Ik wil aan u, spreekt de HEERE der heirscharen, en Ik zal uw zomen ontdekken boven uw aangezicht, en Ik zal den heidenen uw naaktheid, en den koninkrijken uw schande wijzen.  6En Ik zal verfoeilijke dingen op u werpen, en u tot schande maken, en Ik zal u als een spiegel stellen.  7En het zal geschieden, dat allen, die u zien, van u wegvlieden zullen en zeggen: Ninevé is verstoord, wie zal medelijden met haar hebben? Van waar zal ik u troosters zoeken?  8Zijt gij beter dan No, de volkrijke, gelegen in de rivieren? die rondom henen water heeft, welker voormuur de zee is, haar muur is van zee.  9Morenland en Egypte waren haar macht, en er was geen einde; Put en Lybea waren tot uw hulp.  10Nog is zij gevankelijk gegaan in de gevangenis; ook zijn haar kinderen op het hoofd van alle straten verpletterd geworden; en over haar geëerden hebben zij het lot geworpen, en al haar groten zijn in boeien gebonden geworden.  11Ook zult gij dronken worden, gij zult u verbergen; ook zult gij een sterkte zoeken vanwege den vijand.  12Al uw vastigheden zijn vijgenbomen met de eerste vruchten; indien zij geschud worden, zo vallen zij dien op den mond, die ze eten wil.  13Ziet, uw volk zal in het midden van u tot vrouwen worden; de poorten uws lands zullen uw vijanden wijd geopend worden; het vuur zal uw grendelen verteren.  14Schep u water ter belegering; versterk uw vastigheden; ga in de klei, en treed in het leem; verbeter den ticheloven.  15Het vuur zal u aldaar verteren; het zwaard zal u uitroeien, het zal u afeten, als de kevers; vermeerder u als kevers, vermeerder u als sprinkhanen.  16Gij hebt meer handelaars, dan er sterren aan den hemel zijn; de kevers zullen invallen, en er van vliegen.  17Uw gekroonden zijn als de sprinkhanen, en uw krijgsoversten als de grote kevers, die zich in de heiningmuren legeren in de koude der dagen; wanneer de zon opgaat, zo vliegen zij weg, alzo dat hun plaats onbekend is, waar zij geweest zijn.  18Uw herders zullen sluimeren, o koning van Assur! uw voortreffelijken zullen zich leggen, uw volk zal zich op de bergen wijd uitbreiden, en niemand zal ze verzamelen.  19Er is geen samentrekking voor uw breuk, uw plage is smartelijk; allen, die het gerucht van u horen, zullen de handen over u klappen; want over wien is uw boosheid niet geduriglijk gegaan?"
      },
      {
        "book_name": "Nahum",
        "book": 34,
        "chapter": 3,
        "verse": 1,
        "text": "Wee der bloedstad, die gans vol leugen, en verscheuring is! de roof houdt niet op."
      },
      {
        "book_name": "Nahum",
        "book": 34,
        "chapter": 3,
        "verse": 2,
        "text": "Er is het geklap der zweep, en het geluid van het bulderen der raderen; en de paarden stampen, en de wagens springen op."
      },
      {
        "book_name": "Nahum",
        "book": 34,
        "chapter": 3,
        "verse": 3,
        "text": "De ruiter steekt omhoog, zo het vlammende zwaard, als de bliksemende spies, en er zal veelheid der verslagenen zijn, en een zware menigte der dode lichamen; ja, er zal geen einde zijn der lichamen, men zal over hun lichamen struikelen;"
      },
      {
        "book_name": "Nahum",
        "book": 34,
        "chapter": 3,
        "verse": 4,
        "text": "Om der grote hoererijen wil der zeer bevallige hoer, der meesteres der toverijen, die met haar hoererijen volken verkocht heeft, en geslachten met haar toverijen."
      },
      {
        "book_name": "Nahum",
        "book": 34,
        "chapter": 3,
        "verse": 5,
        "text": "Ziet, Ik wil aan u, spreekt de HEERE der heirscharen, en Ik zal uw zomen ontdekken boven uw aangezicht, en Ik zal den heidenen uw naaktheid, en den koninkrijken uw schande wijzen."
      },
      {
        "book_name": "Nahum",
        "book": 34,
        "chapter": 3,
        "verse": 6,
        "text": "En Ik zal verfoeilijke dingen op u werpen, en u tot schande maken, en Ik zal u als een spiegel stellen."
      },
      {
        "book_name": "Nahum",
        "book": 34,
        "chapter": 3,
        "verse": 7,
        "text": "En het zal geschieden, dat allen, die u zien, van u wegvlieden zullen en zeggen: Ninevé is verstoord, wie zal medelijden met haar hebben? Van waar zal ik u troosters zoeken?"
      },
      {
        "book_name": "Nahum",
        "book": 34,
        "chapter": 3,
        "verse": 8,
        "text": "Zijt gij beter dan No, de volkrijke, gelegen in de rivieren? die rondom henen water heeft, welker voormuur de zee is, haar muur is van zee."
      },
      {
        "book_name": "Nahum",
        "book": 34,
        "chapter": 3,
        "verse": 9,
        "text": "Morenland en Egypte waren haar macht, en er was geen einde; Put en Lybea waren tot uw hulp."
      },
      {
        "book_name": "Nahum",
        "book": 34,
        "chapter": 3,
        "verse": 10,
        "text": "Nog is zij gevankelijk gegaan in de gevangenis; ook zijn haar kinderen op het hoofd van alle straten verpletterd geworden; en over haar geëerden hebben zij het lot geworpen, en al haar groten zijn in boeien gebonden geworden."
      },
      {
        "book_name": "Nahum",
        "book": 34,
        "chapter": 3,
        "verse": 11,
        "text": "Ook zult gij dronken worden, gij zult u verbergen; ook zult gij een sterkte zoeken vanwege den vijand."
      },
      {
        "book_name": "Nahum",
        "book": 34,
        "chapter": 3,
        "verse": 12,
        "text": "Al uw vastigheden zijn vijgenbomen met de eerste vruchten; indien zij geschud worden, zo vallen zij dien op den mond, die ze eten wil."
      },
      {
        "book_name": "Nahum",
        "book": 34,
        "chapter": 3,
        "verse": 13,
        "text": "Ziet, uw volk zal in het midden van u tot vrouwen worden; de poorten uws lands zullen uw vijanden wijd geopend worden; het vuur zal uw grendelen verteren."
      },
      {
        "book_name": "Nahum",
        "book": 34,
        "chapter": 3,
        "verse": 14,
        "text": "Schep u water ter belegering; versterk uw vastigheden; ga in de klei, en treed in het leem; verbeter den ticheloven."
      },
      {
        "book_name": "Nahum",
        "book": 34,
        "chapter": 3,
        "verse": 15,
        "text": "Het vuur zal u aldaar verteren; het zwaard zal u uitroeien, het zal u afeten, als de kevers; vermeerder u als kevers, vermeerder u als sprinkhanen."
      },
      {
        "book_name": "Nahum",
        "book": 34,
        "chapter": 3,
        "verse": 16,
        "text": "Gij hebt meer handelaars, dan er sterren aan den hemel zijn; de kevers zullen invallen, en er van vliegen."
      },
      {
        "book_name": "Nahum",
        "book": 34,
        "chapter": 3,
        "verse": 17,
        "text": "Uw gekroonden zijn als de sprinkhanen, en uw krijgsoversten als de grote kevers, die zich in de heiningmuren legeren in de koude der dagen; wanneer de zon opgaat, zo vliegen zij weg, alzo dat hun plaats onbekend is, waar zij geweest zijn."
      },
      {
        "book_name": "Nahum",
        "book": 34,
        "chapter": 3,
        "verse": 18,
        "text": "Uw herders zullen sluimeren, o koning van Assur! uw voortreffelijken zullen zich leggen, uw volk zal zich op de bergen wijd uitbreiden, en niemand zal ze verzamelen."
      },
      {
        "book_name": "Nahum",
        "book": 34,
        "chapter": 3,
        "verse": 19,
        "text": "Er is geen samentrekking voor uw breuk, uw plage is smartelijk; allen, die het gerucht van u horen, zullen de handen over u klappen; want over wien is uw boosheid niet geduriglijk gegaan?"
      }
    ]
  }
}