{
  "source": "bible.com",
  "version": "Statenvertaling (1750)",
  "book": "Filippenzen",
  "chapters": {
    "1": [
      {
        "book_name": "Filippenzen",
        "book": 50,
        "chapter": 1,
        "verse": 1,
        "text": "1Paulus en Timotheüs, dienstknechten van Jezus Christus, al den heiligen in Christus Jezus, die te Filippi zijn, met de opzieners en diakenen:  2Genade zij u en vrede van God, onzen Vader, en den Heere Jezus Christus.  3Ik dank mijn God, zo dikwijls als ik uwer gedenk.  4(Te allen tijd in al mijn gebed voor u allen met blijdschap het gebed doende)  5Over uw gemeenschap aan het Evangelie, van den eersten dag af tot nu toe;  6Vertrouwende ditzelve, dat Hij, Die in u een goed werk begonnen heeft, dat voleindigen zal tot op den dag van Jezus Christus;  7Gelijk het bij mij recht is, dat ik van u allen dit gevoel, omdat ik in mijn hart houde, dat gij, beide in mijn banden, en in mijn verantwoording en bevestiging van het Evangelie, gij allen, zeg ik, mijner genade mede deelachtig zijt.  8Want God is mijn Getuige, hoezeer ik begerig ben naar u allen, met innerlijke bewegingen van Jezus Christus.  9En dit bid ik God, dat uw liefde nog meer en meer overvloedig worde in erkentenis en alle gevoelen;  10Opdat gij beproeft de dingen, die daarvan verschillen, opdat gij oprecht zijt, en zonder aanstoot te geven, tot den dag van Christus;  11Vervuld met vruchten der gerechtigheid, die door Jezus Christus zijn tot heerlijkheid en prijs van God.  12En ik wil, dat gij weet, broeders, dat hetgeen aan mij is geschied, meer tot bevordering van het Evangelie gekomen is;  13Alzo dat mijn banden in Christus openbaar geworden zijn in het ganse rechthuis, en aan alle anderen;  14En dat het meerder deel der broederen in den Heere, door mijn banden vertrouwen gekregen hebbende, overvloediger het Woord onbevreesd durven spreken.  15Sommigen prediken ook wel Christus door nijd en twist, maar sommigen ook door goedwilligheid.  16Genen verkondigen wel Christus uit twisting, niet zuiver, menende aan mijn banden verdrukking toe te brengen;  17Doch dezen uit liefde, dewijl zij weten, dat ik tot verantwoording van het Evangelie gezet ben.  18Wat dan? Nochtans wordt Christus op allerlei wijze, hetzij onder een deksel, hetzij in der waarheid, verkondigd; en daarin verblijd ik mij, ja, ik zal mij ook verblijden.  19Want ik weet, dat dit mij ter zaligheid gedijen zal, door uw gebed en toebrenging des Geestes van Jezus Christus.  20Volgens mijn ernstige verwachting en hoop, dat ik in geen zaak zal beschaamd worden; maar dat in alle vrijmoedigheid, gelijk te allen tijd, alzo ook nu, Christus zal groot gemaakt worden in mijn lichaam, hetzij door het leven, hetzij door den dood.  21Want het leven is mij Christus, en het sterven is mij gewin.  22Maar of te leven in het vlees, hetzelve mij oorbaar zij, en wat ik verkiezen zal, weet ik niet.  23Want ik word van deze twee gedrongen, hebbende begeerte, om ontbonden te worden en met Christus te zijn; want dat is zeer verre het beste.  24Maar in het vlees te blijven, is nodiger om uwentwil.  25En dit vertrouw en weet ik, dat ik zal blijven, en met u allen zal verblijven tot uw bevordering en blijdschap des geloofs;  26Opdat uw roem in Christus Jezus overvloedig zij aan mij, door mijn tegenwoordigheid wederom bij u.  27Alleenlijk wandelt waardiglijk het Evangelie van Christus, opdat, hetzij ik kom en u zie, hetzij ik afwezig ben, ik van uw zaken moge horen, dat gij staat in één geest, met één gemoed gezamenlijk strijdende door het geloof des Evangelies;  28En dat gij in geen ding verschrikt wordt van degenen, die tegenstaan; hetwelk hun wel een bewijs is des verderfs, maar u der zaligheid, en dat van God.  29Want u is uit genade gegeven in de zaak van Christus, niet alleen in Hem te geloven, maar ook voor Hem te lijden;  30Denzelfden strijd hebbende, hoedanigen gij in mij gezien hebt, en nu in mij hoort."
      },
      {
        "book_name": "Filippenzen",
        "book": 50,
        "chapter": 1,
        "verse": 1,
        "text": "Paulus en Timotheüs, dienstknechten van Jezus Christus, al den heiligen in Christus Jezus, die te Filippi zijn, met de opzieners en diakenen:"
      },
      {
        "book_name": "Filippenzen",
        "book": 50,
        "chapter": 1,
        "verse": 2,
        "text": "Genade zij u en vrede van God, onzen Vader, en den Heere Jezus Christus."
      },
      {
        "book_name": "Filippenzen",
        "book": 50,
        "chapter": 1,
        "verse": 3,
        "text": "Ik dank mijn God, zo dikwijls als ik uwer gedenk."
      },
      {
        "book_name": "Filippenzen",
        "book": 50,
        "chapter": 1,
        "verse": 4,
        "text": "(Te allen tijd in al mijn gebed voor u allen met blijdschap het gebed doende)"
      },
      {
        "book_name": "Filippenzen",
        "book": 50,
        "chapter": 1,
        "verse": 5,
        "text": "Over uw gemeenschap aan het Evangelie, van den eersten dag af tot nu toe;"
      },
      {
        "book_name": "Filippenzen",
        "book": 50,
        "chapter": 1,
        "verse": 6,
        "text": "Vertrouwende ditzelve, dat Hij, Die in u een goed werk begonnen heeft, dat voleindigen zal tot op den dag van Jezus Christus;"
      },
      {
        "book_name": "Filippenzen",
        "book": 50,
        "chapter": 1,
        "verse": 7,
        "text": "Gelijk het bij mij recht is, dat ik van u allen dit gevoel, omdat ik in mijn hart houde, dat gij, beide in mijn banden, en in mijn verantwoording en bevestiging van het Evangelie, gij allen, zeg ik, mijner genade mede deelachtig zijt."
      },
      {
        "book_name": "Filippenzen",
        "book": 50,
        "chapter": 1,
        "verse": 8,
        "text": "Want God is mijn Getuige, hoezeer ik begerig ben naar u allen, met innerlijke bewegingen van Jezus Christus."
      },
      {
        "book_name": "Filippenzen",
        "book": 50,
        "chapter": 1,
        "verse": 9,
        "text": "En dit bid ik God, dat uw liefde nog meer en meer overvloedig worde in erkentenis en alle gevoelen;"
      },
      {
        "book_name": "Filippenzen",
        "book": 50,
        "chapter": 1,
        "verse": 10,
        "text": "Opdat gij beproeft de dingen, die daarvan verschillen, opdat gij oprecht zijt, en zonder aanstoot te geven, tot den dag van Christus;"
      },
      {
        "book_name": "Filippenzen",
        "book": 50,
        "chapter": 1,
        "verse": 11,
        "text": "Vervuld met vruchten der gerechtigheid, die door Jezus Christus zijn tot heerlijkheid en prijs van God."
      },
      {
        "book_name": "Filippenzen",
        "book": 50,
        "chapter": 1,
        "verse": 12,
        "text": "En ik wil, dat gij weet, broeders, dat hetgeen aan mij is geschied, meer tot bevordering van het Evangelie gekomen is;"
      },
      {
        "book_name": "Filippenzen",
        "book": 50,
        "chapter": 1,
        "verse": 13,
        "text": "Alzo dat mijn banden in Christus openbaar geworden zijn in het ganse rechthuis, en aan alle anderen;"
      },
      {
        "book_name": "Filippenzen",
        "book": 50,
        "chapter": 1,
        "verse": 14,
        "text": "En dat het meerder deel der broederen in den Heere, door mijn banden vertrouwen gekregen hebbende, overvloediger het Woord onbevreesd durven spreken."
      },
      {
        "book_name": "Filippenzen",
        "book": 50,
        "chapter": 1,
        "verse": 15,
        "text": "Sommigen prediken ook wel Christus door nijd en twist, maar sommigen ook door goedwilligheid."
      },
      {
        "book_name": "Filippenzen",
        "book": 50,
        "chapter": 1,
        "verse": 16,
        "text": "Genen verkondigen wel Christus uit twisting, niet zuiver, menende aan mijn banden verdrukking toe te brengen;"
      },
      {
        "book_name": "Filippenzen",
        "book": 50,
        "chapter": 1,
        "verse": 17,
        "text": "Doch dezen uit liefde, dewijl zij weten, dat ik tot verantwoording van het Evangelie gezet ben."
      },
      {
        "book_name": "Filippenzen",
        "book": 50,
        "chapter": 1,
        "verse": 18,
        "text": "Wat dan? Nochtans wordt Christus op allerlei wijze, hetzij onder een deksel, hetzij in der waarheid, verkondigd; en daarin verblijd ik mij, ja, ik zal mij ook verblijden."
      },
      {
        "book_name": "Filippenzen",
        "book": 50,
        "chapter": 1,
        "verse": 19,
        "text": "Want ik weet, dat dit mij ter zaligheid gedijen zal, door uw gebed en toebrenging des Geestes van Jezus Christus."
      },
      {
        "book_name": "Filippenzen",
        "book": 50,
        "chapter": 1,
        "verse": 20,
        "text": "Volgens mijn ernstige verwachting en hoop, dat ik in geen zaak zal beschaamd worden; maar dat in alle vrijmoedigheid, gelijk te allen tijd, alzo ook nu, Christus zal groot gemaakt worden in mijn lichaam, hetzij door het leven, hetzij door den dood."
      },
      {
        "book_name": "Filippenzen",
        "book": 50,
        "chapter": 1,
        "verse": 21,
        "text": "Want het leven is mij Christus, en het sterven is mij gewin."
      },
      {
        "book_name": "Filippenzen",
        "book": 50,
        "chapter": 1,
        "verse": 22,
        "text": "Maar of te leven in het vlees, hetzelve mij oorbaar zij, en wat ik verkiezen zal, weet ik niet."
      },
      {
        "book_name": "Filippenzen",
        "book": 50,
        "chapter": 1,
        "verse": 23,
        "text": "Want ik word van deze twee gedrongen, hebbende begeerte, om ontbonden te worden en met Christus te zijn; want dat is zeer verre het beste."
      },
      {
        "book_name": "Filippenzen",
        "book": 50,
        "chapter": 1,
        "verse": 24,
        "text": "Maar in het vlees te blijven, is nodiger om uwentwil."
      },
      {
        "book_name": "Filippenzen",
        "book": 50,
        "chapter": 1,
        "verse": 25,
        "text": "En dit vertrouw en weet ik, dat ik zal blijven, en met u allen zal verblijven tot uw bevordering en blijdschap des geloofs;"
      },
      {
        "book_name": "Filippenzen",
        "book": 50,
        "chapter": 1,
        "verse": 26,
        "text": "Opdat uw roem in Christus Jezus overvloedig zij aan mij, door mijn tegenwoordigheid wederom bij u."
      },
      {
        "book_name": "Filippenzen",
        "book": 50,
        "chapter": 1,
        "verse": 27,
        "text": "Alleenlijk wandelt waardiglijk het Evangelie van Christus, opdat, hetzij ik kom en u zie, hetzij ik afwezig ben, ik van uw zaken moge horen, dat gij staat in één geest, met één gemoed gezamenlijk strijdende door het geloof des Evangelies;"
      },
      {
        "book_name": "Filippenzen",
        "book": 50,
        "chapter": 1,
        "verse": 28,
        "text": "En dat gij in geen ding verschrikt wordt van degenen, die tegenstaan; hetwelk hun wel een bewijs is des verderfs, maar u der zaligheid, en dat van God."
      },
      {
        "book_name": "Filippenzen",
        "book": 50,
        "chapter": 1,
        "verse": 29,
        "text": "Want u is uit genade gegeven in de zaak van Christus, niet alleen in Hem te geloven, maar ook voor Hem te lijden;"
      },
      {
        "book_name": "Filippenzen",
        "book": 50,
        "chapter": 1,
        "verse": 30,
        "text": "Denzelfden strijd hebbende, hoedanigen gij in mij gezien hebt, en nu in mij hoort."
      }
    ],
    "2": [
      {
        "book_name": "Filippenzen",
        "book": 50,
        "chapter": 2,
        "verse": 1,
        "text": "1Indien er dan enige vertroosting is in Christus, indien er enige troost is der liefde, indien er enige gemeenschap is des Geestes, indien er enige innerlijke bewegingen en ontfermingen zijn;  2Zo vervult mijn blijdschap, dat gij moogt eensgezind zijn, dezelfde liefde hebbende, van een gemoed en van één gevoelen zijnde.  3  Doet geen ding door twisting of ijdele eer, maar door ootmoedigheid achte de een den ander uitnemender dan zichzelven.  4Een iegelijk zie niet op het zijne, maar een iegelijk zie ook op hetgeen der anderen is.  5Want dat gevoelen zij in u, hetwelk ook in Christus Jezus was;  6Die in de gestaltenis Gods zijnde, geen roof geacht heeft Gode even gelijk te zijn;  7Maar heeft Zichzelven vernietigd, de gestaltenis eens dienstknechts aangenomen hebbende, en is den mensen gelijk geworden;  8En in gedaante gevonden als een mens, heeft Hij Zichzelven vernederd, gehoorzaam geworden zijnde tot den dood, ja, den dood des kruises.  9Daarom heeft Hem ook God uitermate verhoogd, en heeft Hem een Naam gegeven, welke boven allen naam is;  10Opdat in den Naam van Jezus zich zou buigen alle knie dergenen, die in den hemel, en die op de aarde, en die onder de aarde zijn.  11En alle tong zou belijden, dat Jezus Christus de Heere zij, tot heerlijkheid Gods des Vaders.  12Alzo dan, mijn geliefden, gelijk gij te allen tijd gehoorzaam geweest zijt, niet als in mijn tegenwoordigheid alleen, maar veelmeer nu in mijn afwezen, werkt uws zelfs zaligheid met vreze en beven;  13Want het is God, Die in u werkt beide het willen en het werken, naar Zijn welbehagen.  14Doet alle dingen zonder murmureren en tegenspreken;  15Opdat gij moogt onberispelijk en oprecht zijn, kinderen Gods zijnde, onstraffelijk in het midden van een krom en verdraaid geslacht, onder welke gij schijnt als lichten in de wereld;  16Voorhoudende het Woord des levens, mij tot een roem tegen den dag van Christus, dat ik niet tevergeefs heb gelopen, noch tevergeefs gearbeid.  17Ja, indien ik ook tot een drankoffer geofferd worde over de offerande en bediening uws geloofs, zo verblijde ik mij, en verblijde mij met u allen.  18En om datzelfde verblijdt gij u ook, en verblijdt ook ulieden met mij.  19En ik hoop in den Heere Jezus Timotheüs haast tot u te zenden, opdat ik ook welgemoed moge zijn, als ik uw zaken zal verstaan hebben.  20Want ik heb niemand, die even alzo gemoed is, dewelke oprechtelijk uw zaken zal bezorgen.  21Want zij zoeken allen het hunne, niet hetgeen van Christus Jezus is.  22En gij weet zijn beproeving, dat hij, als een kind zijn vader, met mij gediend heeft in het Evangelie.  23Ik hoop dan wel dezen van stonde aan te zenden, zo haast als ik in mijn zaken zal voorzien hebben;  24Doch ik vertrouw in den Heere, dat ik ook zelf haast tot u komen zal.  25Maar ik heb nodig geacht tot u te zenden Epafroditus, mijn broeder, en medearbeider en medestrijder, en uw afgezondene, en bedienaar mijner nooddruft;  26Dewijl hij zeer begerig was naar u allen, en zeer beangst was, omdat gij gehoord hadt, dat hij krank was.  27En hij is ook krank geweest tot nabij den dood; maar God heeft Zich zijner ontfermd; en niet alleen zijner, maar ook mijner, opdat ik niet droefheid op droefheid zou hebben.  28Zo heb ik dan hem te spoediger gezonden, opdat gij, hem ziende, wederom u zoudt verblijden, en ik te min zou droevig zijn.  29Ontvangt hem dan in den Heere, met alle blijdschap, en houdt dezulken in waarde.  30Want om het werk van Christus was hij tot nabij den dood gekomen, zijn leven niet achtende, opdat hij het gebrek uwer bediening aan mij vervullen zou."
      },
      {
        "book_name": "Filippenzen",
        "book": 50,
        "chapter": 2,
        "verse": 1,
        "text": "Indien er dan enige vertroosting is in Christus, indien er enige troost is der liefde, indien er enige gemeenschap is des Geestes, indien er enige innerlijke bewegingen en ontfermingen zijn;"
      },
      {
        "book_name": "Filippenzen",
        "book": 50,
        "chapter": 2,
        "verse": 2,
        "text": "Zo vervult mijn blijdschap, dat gij moogt eensgezind zijn, dezelfde liefde hebbende, van een gemoed en van één gevoelen zijnde."
      },
      {
        "book_name": "Filippenzen",
        "book": 50,
        "chapter": 2,
        "verse": 3,
        "text": "Doet geen ding door twisting of ijdele eer, maar door ootmoedigheid achte de een den ander uitnemender dan zichzelven."
      },
      {
        "book_name": "Filippenzen",
        "book": 50,
        "chapter": 2,
        "verse": 4,
        "text": "Een iegelijk zie niet op het zijne, maar een iegelijk zie ook op hetgeen der anderen is."
      },
      {
        "book_name": "Filippenzen",
        "book": 50,
        "chapter": 2,
        "verse": 5,
        "text": "Want dat gevoelen zij in u, hetwelk ook in Christus Jezus was;"
      },
      {
        "book_name": "Filippenzen",
        "book": 50,
        "chapter": 2,
        "verse": 6,
        "text": "Die in de gestaltenis Gods zijnde, geen roof geacht heeft Gode even gelijk te zijn;"
      },
      {
        "book_name": "Filippenzen",
        "book": 50,
        "chapter": 2,
        "verse": 7,
        "text": "Maar heeft Zichzelven vernietigd, de gestaltenis eens dienstknechts aangenomen hebbende, en is den mensen gelijk geworden;"
      },
      {
        "book_name": "Filippenzen",
        "book": 50,
        "chapter": 2,
        "verse": 8,
        "text": "En in gedaante gevonden als een mens, heeft Hij Zichzelven vernederd, gehoorzaam geworden zijnde tot den dood, ja, den dood des kruises."
      },
      {
        "book_name": "Filippenzen",
        "book": 50,
        "chapter": 2,
        "verse": 9,
        "text": "Daarom heeft Hem ook God uitermate verhoogd, en heeft Hem een Naam gegeven, welke boven allen naam is;"
      },
      {
        "book_name": "Filippenzen",
        "book": 50,
        "chapter": 2,
        "verse": 10,
        "text": "Opdat in den Naam van Jezus zich zou buigen alle knie dergenen, die in den hemel, en die op de aarde, en die onder de aarde zijn."
      },
      {
        "book_name": "Filippenzen",
        "book": 50,
        "chapter": 2,
        "verse": 11,
        "text": "En alle tong zou belijden, dat Jezus Christus de Heere zij, tot heerlijkheid Gods des Vaders."
      },
      {
        "book_name": "Filippenzen",
        "book": 50,
        "chapter": 2,
        "verse": 12,
        "text": "Alzo dan, mijn geliefden, gelijk gij te allen tijd gehoorzaam geweest zijt, niet als in mijn tegenwoordigheid alleen, maar veelmeer nu in mijn afwezen, werkt uws zelfs zaligheid met vreze en beven;"
      },
      {
        "book_name": "Filippenzen",
        "book": 50,
        "chapter": 2,
        "verse": 13,
        "text": "Want het is God, Die in u werkt beide het willen en het werken, naar Zijn welbehagen."
      },
      {
        "book_name": "Filippenzen",
        "book": 50,
        "chapter": 2,
        "verse": 14,
        "text": "Doet alle dingen zonder murmureren en tegenspreken;"
      },
      {
        "book_name": "Filippenzen",
        "book": 50,
        "chapter": 2,
        "verse": 15,
        "text": "Opdat gij moogt onberispelijk en oprecht zijn, kinderen Gods zijnde, onstraffelijk in het midden van een krom en verdraaid geslacht, onder welke gij schijnt als lichten in de wereld;"
      },
      {
        "book_name": "Filippenzen",
        "book": 50,
        "chapter": 2,
        "verse": 16,
        "text": "Voorhoudende het Woord des levens, mij tot een roem tegen den dag van Christus, dat ik niet tevergeefs heb gelopen, noch tevergeefs gearbeid."
      },
      {
        "book_name": "Filippenzen",
        "book": 50,
        "chapter": 2,
        "verse": 17,
        "text": "Ja, indien ik ook tot een drankoffer geofferd worde over de offerande en bediening uws geloofs, zo verblijde ik mij, en verblijde mij met u allen."
      },
      {
        "book_name": "Filippenzen",
        "book": 50,
        "chapter": 2,
        "verse": 18,
        "text": "En om datzelfde verblijdt gij u ook, en verblijdt ook ulieden met mij."
      },
      {
        "book_name": "Filippenzen",
        "book": 50,
        "chapter": 2,
        "verse": 19,
        "text": "En ik hoop in den Heere Jezus Timotheüs haast tot u te zenden, opdat ik ook welgemoed moge zijn, als ik uw zaken zal verstaan hebben."
      },
      {
        "book_name": "Filippenzen",
        "book": 50,
        "chapter": 2,
        "verse": 20,
        "text": "Want ik heb niemand, die even alzo gemoed is, dewelke oprechtelijk uw zaken zal bezorgen."
      },
      {
        "book_name": "Filippenzen",
        "book": 50,
        "chapter": 2,
        "verse": 21,
        "text": "Want zij zoeken allen het hunne, niet hetgeen van Christus Jezus is."
      },
      {
        "book_name": "Filippenzen",
        "book": 50,
        "chapter": 2,
        "verse": 22,
        "text": "En gij weet zijn beproeving, dat hij, als een kind zijn vader, met mij gediend heeft in het Evangelie."
      },
      {
        "book_name": "Filippenzen",
        "book": 50,
        "chapter": 2,
        "verse": 23,
        "text": "Ik hoop dan wel dezen van stonde aan te zenden, zo haast als ik in mijn zaken zal voorzien hebben;"
      },
      {
        "book_name": "Filippenzen",
        "book": 50,
        "chapter": 2,
        "verse": 24,
        "text": "Doch ik vertrouw in den Heere, dat ik ook zelf haast tot u komen zal."
      },
      {
        "book_name": "Filippenzen",
        "book": 50,
        "chapter": 2,
        "verse": 25,
        "text": "Maar ik heb nodig geacht tot u te zenden Epafroditus, mijn broeder, en medearbeider en medestrijder, en uw afgezondene, en bedienaar mijner nooddruft;"
      },
      {
        "book_name": "Filippenzen",
        "book": 50,
        "chapter": 2,
        "verse": 26,
        "text": "Dewijl hij zeer begerig was naar u allen, en zeer beangst was, omdat gij gehoord hadt, dat hij krank was."
      },
      {
        "book_name": "Filippenzen",
        "book": 50,
        "chapter": 2,
        "verse": 27,
        "text": "En hij is ook krank geweest tot nabij den dood; maar God heeft Zich zijner ontfermd; en niet alleen zijner, maar ook mijner, opdat ik niet droefheid op droefheid zou hebben."
      },
      {
        "book_name": "Filippenzen",
        "book": 50,
        "chapter": 2,
        "verse": 28,
        "text": "Zo heb ik dan hem te spoediger gezonden, opdat gij, hem ziende, wederom u zoudt verblijden, en ik te min zou droevig zijn."
      },
      {
        "book_name": "Filippenzen",
        "book": 50,
        "chapter": 2,
        "verse": 29,
        "text": "Ontvangt hem dan in den Heere, met alle blijdschap, en houdt dezulken in waarde."
      },
      {
        "book_name": "Filippenzen",
        "book": 50,
        "chapter": 2,
        "verse": 30,
        "text": "Want om het werk van Christus was hij tot nabij den dood gekomen, zijn leven niet achtende, opdat hij het gebrek uwer bediening aan mij vervullen zou."
      }
    ],
    "3": [
      {
        "book_name": "Filippenzen",
        "book": 50,
        "chapter": 3,
        "verse": 1,
        "text": "1Voorts, mijn broeders, verblijdt u in den Heere. Dezelfde dingen aan u te schrijven, is mij niet verdrietig, en het is u zeker.  2Ziet op de honden, ziet op de kwade arbeiders, ziet op de versnijding.  3Want wij zijn de besnijding, wij, die God in den Geest dienen, en in Christus Jezus roemen, en niet in het vlees betrouwen.  4Hoewel ik heb, dat ik ook in het vlees betrouwen mocht; indien iemand anders meent te betrouwen in het vlees, ik nog meer.  5Besneden ten achtsten dage, uit het geslacht van Israël, van den stam van Benjamin, een Hebreër uit de Hebreën, naar de wet een Farizeër;  6Naar den ijver een vervolger der Gemeente; naar de rechtvaardigheid, die in de wet is, zijnde onberispelijk.  7Maar hetgeen mij gewin was, dat heb ik om Christus’ wil schade geacht.  8Ja, gewisselijk, ik acht ook alle dingen schade te zijn, om de uitnemendheid der kennis van Christus Jezus, mijn Heere; om Wiens wil ik al die dingen schade gerekend heb, en acht die drek te zijn, opdat ik Christus moge gewinnen.  9En in Hem gevonden worde, niet hebbende mijn rechtvaardigheid, die uit de wet is, maar die door het geloof van Christus is, namelijk de rechtvaardigheid, die uit God is door het geloof;  10Opdat ik Hem kenne, en de kracht Zijner opstanding, en de gemeenschap Zijns lijdens, Zijn dood gelijkvormig wordende;  11Of ik enigszins moge komen tot de wederopstanding der doden.  12Niet dat ik het alrede gekregen heb, of alrede volmaakt ben; maar ik jaag er naar, of ik het ook grijpen mocht, waartoe ik van Christus Jezus ook gegrepen ben.  13Broeders, ik acht niet, dat ik zelf het gegrepen heb.  14Maar één ding doe ik, vergetende, hetgeen achter is, en strekkende mij tot hetgeen voor is, jaag ik naar het wit, tot den prijs der roeping Gods, die van boven is in Christus Jezus.  15Zovelen dan als wij volmaakt zijn, laat ons dit gevoelen; en indien gij iets anderszins gevoelt, ook dat zal u God openbaren.  16Doch, daar wij toe gekomen zijn, laat ons daarin naar denzelfden regel wandelen, laat ons hetzelfde gevoelen.  17Weest mede mijn navolgers, broeders, en merkt op degenen, die alzo wandelen, gelijk gij ons tot een voorbeeld hebt.  18Want velen wandelen anders; van dewelken ik u dikmaals gezegd heb, en nu ook wenende zeg, dat zij vijanden des kruises van Christus zijn;  19Welker einde is het verderf, welker god is de buik, en welker heerlijkheid is in hun schande, dewelken aardse dingen bedenken.  20Maar onze wandel is in de hemelen, waaruit wij ook den Zaligmaker verwachten, namelijk den Heere Jezus Christus;  21Die ons vernederd lichaam veranderen zal, opdat hetzelve gelijkvormig worde aan Zijn heerlijk lichaam, naar de werking, waardoor Hij ook alle dingen Zichzelven kan onderwerpen."
      },
      {
        "book_name": "Filippenzen",
        "book": 50,
        "chapter": 3,
        "verse": 1,
        "text": "Voorts, mijn broeders, verblijdt u in den Heere. Dezelfde dingen aan u te schrijven, is mij niet verdrietig, en het is u zeker."
      },
      {
        "book_name": "Filippenzen",
        "book": 50,
        "chapter": 3,
        "verse": 2,
        "text": "Ziet op de honden, ziet op de kwade arbeiders, ziet op de versnijding."
      },
      {
        "book_name": "Filippenzen",
        "book": 50,
        "chapter": 3,
        "verse": 3,
        "text": "Want wij zijn de besnijding, wij, die God in den Geest dienen, en in Christus Jezus roemen, en niet in het vlees betrouwen."
      },
      {
        "book_name": "Filippenzen",
        "book": 50,
        "chapter": 3,
        "verse": 4,
        "text": "Hoewel ik heb, dat ik ook in het vlees betrouwen mocht; indien iemand anders meent te betrouwen in het vlees, ik nog meer."
      },
      {
        "book_name": "Filippenzen",
        "book": 50,
        "chapter": 3,
        "verse": 5,
        "text": "Besneden ten achtsten dage, uit het geslacht van Israël, van den stam van Benjamin, een Hebreër uit de Hebreën, naar de wet een Farizeër;"
      },
      {
        "book_name": "Filippenzen",
        "book": 50,
        "chapter": 3,
        "verse": 6,
        "text": "Naar den ijver een vervolger der Gemeente; naar de rechtvaardigheid, die in de wet is, zijnde onberispelijk."
      },
      {
        "book_name": "Filippenzen",
        "book": 50,
        "chapter": 3,
        "verse": 7,
        "text": "Maar hetgeen mij gewin was, dat heb ik om Christus’ wil schade geacht."
      },
      {
        "book_name": "Filippenzen",
        "book": 50,
        "chapter": 3,
        "verse": 8,
        "text": "Ja, gewisselijk, ik acht ook alle dingen schade te zijn, om de uitnemendheid der kennis van Christus Jezus, mijn Heere; om Wiens wil ik al die dingen schade gerekend heb, en acht die drek te zijn, opdat ik Christus moge gewinnen."
      },
      {
        "book_name": "Filippenzen",
        "book": 50,
        "chapter": 3,
        "verse": 9,
        "text": "En in Hem gevonden worde, niet hebbende mijn rechtvaardigheid, die uit de wet is, maar die door het geloof van Christus is, namelijk de rechtvaardigheid, die uit God is door het geloof;"
      },
      {
        "book_name": "Filippenzen",
        "book": 50,
        "chapter": 3,
        "verse": 10,
        "text": "Opdat ik Hem kenne, en de kracht Zijner opstanding, en de gemeenschap Zijns lijdens, Zijn dood gelijkvormig wordende;"
      },
      {
        "book_name": "Filippenzen",
        "book": 50,
        "chapter": 3,
        "verse": 11,
        "text": "Of ik enigszins moge komen tot de wederopstanding der doden."
      },
      {
        "book_name": "Filippenzen",
        "book": 50,
        "chapter": 3,
        "verse": 12,
        "text": "Niet dat ik het alrede gekregen heb, of alrede volmaakt ben; maar ik jaag er naar, of ik het ook grijpen mocht, waartoe ik van Christus Jezus ook gegrepen ben."
      },
      {
        "book_name": "Filippenzen",
        "book": 50,
        "chapter": 3,
        "verse": 13,
        "text": "Broeders, ik acht niet, dat ik zelf het gegrepen heb."
      },
      {
        "book_name": "Filippenzen",
        "book": 50,
        "chapter": 3,
        "verse": 14,
        "text": "Maar één ding doe ik, vergetende, hetgeen achter is, en strekkende mij tot hetgeen voor is, jaag ik naar het wit, tot den prijs der roeping Gods, die van boven is in Christus Jezus."
      },
      {
        "book_name": "Filippenzen",
        "book": 50,
        "chapter": 3,
        "verse": 15,
        "text": "Zovelen dan als wij volmaakt zijn, laat ons dit gevoelen; en indien gij iets anderszins gevoelt, ook dat zal u God openbaren."
      },
      {
        "book_name": "Filippenzen",
        "book": 50,
        "chapter": 3,
        "verse": 16,
        "text": "Doch, daar wij toe gekomen zijn, laat ons daarin naar denzelfden regel wandelen, laat ons hetzelfde gevoelen."
      },
      {
        "book_name": "Filippenzen",
        "book": 50,
        "chapter": 3,
        "verse": 17,
        "text": "Weest mede mijn navolgers, broeders, en merkt op degenen, die alzo wandelen, gelijk gij ons tot een voorbeeld hebt."
      },
      {
        "book_name": "Filippenzen",
        "book": 50,
        "chapter": 3,
        "verse": 18,
        "text": "Want velen wandelen anders; van dewelken ik u dikmaals gezegd heb, en nu ook wenende zeg, dat zij vijanden des kruises van Christus zijn;"
      },
      {
        "book_name": "Filippenzen",
        "book": 50,
        "chapter": 3,
        "verse": 19,
        "text": "Welker einde is het verderf, welker god is de buik, en welker heerlijkheid is in hun schande, dewelken aardse dingen bedenken."
      },
      {
        "book_name": "Filippenzen",
        "book": 50,
        "chapter": 3,
        "verse": 20,
        "text": "Maar onze wandel is in de hemelen, waaruit wij ook den Zaligmaker verwachten, namelijk den Heere Jezus Christus;"
      },
      {
        "book_name": "Filippenzen",
        "book": 50,
        "chapter": 3,
        "verse": 21,
        "text": "Die ons vernederd lichaam veranderen zal, opdat hetzelve gelijkvormig worde aan Zijn heerlijk lichaam, naar de werking, waardoor Hij ook alle dingen Zichzelven kan onderwerpen."
      }
    ],
    "4": [
      {
        "book_name": "Filippenzen",
        "book": 50,
        "chapter": 4,
        "verse": 1,
        "text": "1Zo dan, mijn geliefde en zeer gewenste broeders, mijn blijdschap en kroon, staat alzo in den Heere, geliefden!  2Ik vermaan Euodia, en ik vermaan Syntyche, dat zij eensgezind zijn in den Heere.  3En ik bid ook u, gij mijn oprechte metgezel, wees dezen vrouwen behulpzaam, die met mij gestreden hebben in het Evangelie, ook met Clemens, en de andere mijn medearbeiders, welker namen zijn in het boek des levens.  4Verblijdt u in den Heere te allen tijd; wederom zeg ik: Verblijdt u.  5Uw bescheidenheid zij allen mensen bekend. De Heere is nabij.  6Weest in geen ding bezorgd; maar laat uw begeerten in alles, door bidden en smeken, met dankzegging bekend worden bij God;  7En de vrede Gods, die alle verstand te boven gaat, zal uw harten en uw zinnen bewaren in Christus Jezus.  8Voorts, broeders, al wat waarachtig is, al wat eerlijk is, al wat rechtvaardig is, al wat rein is, al wat liefelijk is, al wat wel luidt, zo er enige deugd is, en zo er enige lof is, bedenkt datzelve;  9Hetgeen gij ook geleerd, en ontvangen, en gehoord, en in mij gezien hebt, doet dat; en de God des vredes zal met u zijn.  10En ik ben grotelijks verblijd geweest in den Heere, dat gij nu eenmaal wederom verwakkerd zijt om aan mij te gedenken; waaraan gij ook gedacht hebt, maar gij hebt de gelegenheid niet gehad.  11Niet dat ik dit zeg vanwege gebrek; want ik heb geleerd vergenoegd te zijn in hetgeen ik ben.  12En ik weet vernederd te worden, ik weet ook overvloed te hebben; alleszins en in alles ben ik onderwezen, beide verzadigd te zijn en honger te lijden, beide overvloed te hebben en gebrek te lijden.  13Ik vermag alle dingen door Christus, Die mij kracht geeft.  14Nochtans hebt gij wel gedaan, dat gij met mijn verdrukking gemeenschap gehad hebt.  15En ook gij, Filippensen, weet, dat in het begin des Evangelies, toen ik van Macedonië vertrokken ben, geen Gemeente mij iets medegedeeld heeft tot rekening van uitgaaf en ontvangst, dan gij alleen.  16Want ook in Thessalonica hebt gij mij èn eenmaal èn andermaal gezonden, tot nooddruft.  17Niet dat ik de gave zoek, maar ik zoek de vrucht, die overvloedig is tot uw rekening.  18Maar ik heb alles ontvangen, en ik heb overvloed; ik ben vervuld geworden, als ik van Epafroditus ontvangen heb, dat van u gezonden was, als een welriekende reuk, een aangename offerande, Gode welbehagelijk.  19Doch mijn God zal naar Zijn rijkdom vervullen al uw nooddruft, in heerlijkheid, door Christus Jezus.  20Onzen God nu en Vader zij de heerlijkheid in alle eeuwigheid. Amen.  21Groet alle heiligen in Christus Jezus; U groeten de broeders, die met mij zijn.  22Al de heiligen groeten u, en meest die van het huis des keizers zijn.  23De genade van onzen Heere Jezus Christus zij met u allen. Amen. «Geschreven aan de Philippenzen vanuit Rome door bemiddeling van Epafróditus.»"
      },
      {
        "book_name": "Filippenzen",
        "book": 50,
        "chapter": 4,
        "verse": 1,
        "text": "Zo dan, mijn geliefde en zeer gewenste broeders, mijn blijdschap en kroon, staat alzo in den Heere, geliefden!"
      },
      {
        "book_name": "Filippenzen",
        "book": 50,
        "chapter": 4,
        "verse": 2,
        "text": "Ik vermaan Euodia, en ik vermaan Syntyche, dat zij eensgezind zijn in den Heere."
      },
      {
        "book_name": "Filippenzen",
        "book": 50,
        "chapter": 4,
        "verse": 3,
        "text": "En ik bid ook u, gij mijn oprechte metgezel, wees dezen vrouwen behulpzaam, die met mij gestreden hebben in het Evangelie, ook met Clemens, en de andere mijn medearbeiders, welker namen zijn in het boek des levens."
      },
      {
        "book_name": "Filippenzen",
        "book": 50,
        "chapter": 4,
        "verse": 4,
        "text": "Verblijdt u in den Heere te allen tijd; wederom zeg ik: Verblijdt u."
      },
      {
        "book_name": "Filippenzen",
        "book": 50,
        "chapter": 4,
        "verse": 5,
        "text": "Uw bescheidenheid zij allen mensen bekend. De Heere is nabij."
      },
      {
        "book_name": "Filippenzen",
        "book": 50,
        "chapter": 4,
        "verse": 6,
        "text": "Weest in geen ding bezorgd; maar laat uw begeerten in alles, door bidden en smeken, met dankzegging bekend worden bij God;"
      },
      {
        "book_name": "Filippenzen",
        "book": 50,
        "chapter": 4,
        "verse": 7,
        "text": "En de vrede Gods, die alle verstand te boven gaat, zal uw harten en uw zinnen bewaren in Christus Jezus."
      },
      {
        "book_name": "Filippenzen",
        "book": 50,
        "chapter": 4,
        "verse": 8,
        "text": "Voorts, broeders, al wat waarachtig is, al wat eerlijk is, al wat rechtvaardig is, al wat rein is, al wat liefelijk is, al wat wel luidt, zo er enige deugd is, en zo er enige lof is, bedenkt datzelve;"
      },
      {
        "book_name": "Filippenzen",
        "book": 50,
        "chapter": 4,
        "verse": 9,
        "text": "Hetgeen gij ook geleerd, en ontvangen, en gehoord, en in mij gezien hebt, doet dat; en de God des vredes zal met u zijn."
      },
      {
        "book_name": "Filippenzen",
        "book": 50,
        "chapter": 4,
        "verse": 10,
        "text": "En ik ben grotelijks verblijd geweest in den Heere, dat gij nu eenmaal wederom verwakkerd zijt om aan mij te gedenken; waaraan gij ook gedacht hebt, maar gij hebt de gelegenheid niet gehad."
      },
      {
        "book_name": "Filippenzen",
        "book": 50,
        "chapter": 4,
        "verse": 11,
        "text": "Niet dat ik dit zeg vanwege gebrek; want ik heb geleerd vergenoegd te zijn in hetgeen ik ben."
      },
      {
        "book_name": "Filippenzen",
        "book": 50,
        "chapter": 4,
        "verse": 12,
        "text": "En ik weet vernederd te worden, ik weet ook overvloed te hebben; alleszins en in alles ben ik onderwezen, beide verzadigd te zijn en honger te lijden, beide overvloed te hebben en gebrek te lijden."
      },
      {
        "book_name": "Filippenzen",
        "book": 50,
        "chapter": 4,
        "verse": 13,
        "text": "Ik vermag alle dingen door Christus, Die mij kracht geeft."
      },
      {
        "book_name": "Filippenzen",
        "book": 50,
        "chapter": 4,
        "verse": 14,
        "text": "Nochtans hebt gij wel gedaan, dat gij met mijn verdrukking gemeenschap gehad hebt."
      },
      {
        "book_name": "Filippenzen",
        "book": 50,
        "chapter": 4,
        "verse": 15,
        "text": "En ook gij, Filippensen, weet, dat in het begin des Evangelies, toen ik van Macedonië vertrokken ben, geen Gemeente mij iets medegedeeld heeft tot rekening van uitgaaf en ontvangst, dan gij alleen."
      },
      {
        "book_name": "Filippenzen",
        "book": 50,
        "chapter": 4,
        "verse": 16,
        "text": "Want ook in Thessalonica hebt gij mij èn eenmaal èn andermaal gezonden, tot nooddruft."
      },
      {
        "book_name": "Filippenzen",
        "book": 50,
        "chapter": 4,
        "verse": 17,
        "text": "Niet dat ik de gave zoek, maar ik zoek de vrucht, die overvloedig is tot uw rekening."
      },
      {
        "book_name": "Filippenzen",
        "book": 50,
        "chapter": 4,
        "verse": 18,
        "text": "Maar ik heb alles ontvangen, en ik heb overvloed; ik ben vervuld geworden, als ik van Epafroditus ontvangen heb, dat van u gezonden was, als een welriekende reuk, een aangename offerande, Gode welbehagelijk."
      },
      {
        "book_name": "Filippenzen",
        "book": 50,
        "chapter": 4,
        "verse": 19,
        "text": "Doch mijn God zal naar Zijn rijkdom vervullen al uw nooddruft, in heerlijkheid, door Christus Jezus."
      },
      {
        "book_name": "Filippenzen",
        "book": 50,
        "chapter": 4,
        "verse": 20,
        "text": "Onzen God nu en Vader zij de heerlijkheid in alle eeuwigheid. Amen."
      },
      {
        "book_name": "Filippenzen",
        "book": 50,
        "chapter": 4,
        "verse": 21,
        "text": "Groet alle heiligen in Christus Jezus; U groeten de broeders, die met mij zijn."
      },
      {
        "book_name": "Filippenzen",
        "book": 50,
        "chapter": 4,
        "verse": 22,
        "text": "Al de heiligen groeten u, en meest die van het huis des keizers zijn."
      },
      {
        "book_name": "Filippenzen",
        "book": 50,
        "chapter": 4,
        "verse": 23,
        "text": "De genade van onzen Heere Jezus Christus zij met u allen. Amen. «Geschreven aan de Philippenzen vanuit Rome door bemiddeling van Epafróditus.»"
      }
    ]
  }
}