{
  "source": "bible.com",
  "version": "Statenvertaling (1750)",
  "book": "Ruth",
  "chapters": {
    "1": [
      {
        "book_name": "Ruth",
        "book": 8,
        "chapter": 1,
        "verse": 1,
        "text": "1In de dagen, als de richters richtten, zo geschiedde het, dat er honger in het land was; daarom toog een man van Bethlehem-Juda, om als vreemdeling te verkeren in de velden Moabs, hij, en zijn huisvrouw, en zijn twee zonen.  2De naam nu dezes mans was Elimelech, en de naam zijner huisvrouw Naomi, en de naam zijner twee zonen Machlon en Chiljon, Efrathers, van Bethlehem-Juda; en zij kwamen in de velden Moabs, en bleven aldaar.  3En Elimelech, de man van Naomi, stierf; maar zij werd overgelaten met haar twee zonen.  4Die namen zich Moabietische vrouwen; de naam der ene was Orpa, en de naam der andere Ruth; en zij bleven aldaar omtrent tien jaren.  5En die twee, Machlon en Chiljon, stierven ook; alzo werd deze vrouw overgelaten na haar twee zonen en na haar man.  6Toen maakte zij zich op met haar schoondochters, en keerde weder uit de velden van Moab; want zij had gehoord in het land van Moab, dat de HEERE Zijn volk bezocht had, gevende hun brood.  7Daarom ging zij uit van de plaats, waar zij geweest was en haar twee schoondochters met haar. Als zij nu gingen op den weg, om weder te keren naar het land van Juda,  8Zo zeide Naomi tot haar twee schoondochters: Gaat heen, keert weder, een iegelijk tot het huis van haar moeder; de HEERE doe bij u weldadigheid, gelijk als gij gedaan hebt bij de doden, en bij mij.  9De HEERE geve u, dat gij ruste vindt, een iegelijk in het huis van haar man! En als zij haar kuste, hieven zij haar stem op en weenden;  10En zij zeiden tot haar: Wij zullen zekerlijk met u wederkeren tot uw volk.  11Maar Naomi zeide: Keert weder, mijn dochters! Waarom zoudt gij met mij gaan? Heb ik nog zonen in mijn lichaam, dat zij u tot mannen zouden zijn?  12Keert weder, mijn dochters! Gaat heen; want ik ben te oud om een man te hebben. Wanneer ik al zeide: Ik heb hoop, of ik ook in dezen nacht een man had, ja, ook zonen baarde;  13Zoudt gij daarnaar wachten, totdat zij zouden groot geworden zijn; zoudt gij daarnaar opgehouden worden, om geen man te nemen? Niet, mijn dochters! Want het is mij veel bitterder dan u; maar de hand des HEEREN is tegen mij uitgegaan.  14Toen hieven zij haar stem op, en weenden wederom; en Orpa kuste haar schoonmoeder, maar Ruth kleefde haar aan.  15Daarom zeide zij: Zie, uw zwagerin is wedergekeerd tot haar volk en tot haar goden; keer gij ook weder, uw zwagerin na.  16Maar Ruth zeide: Val mij niet tegen, dat ik u zou verlaten, om van achter u weder te keren; want waar gij zult heengaan, zal ik ook heengaan, en waar gij zult vernachten, zal ik vernachten; uw volk is mijn volk, en uw God mijn God.  17Waar gij zult sterven, zal ik sterven, en aldaar zal ik begraven worden; alzo doe mij de HEERE en alzo doe Hij daartoe, zo niet de dood alleen zal scheiding maken tussen mij en tussen u!  18Als zij nu zag, dat zij vastelijk voorgenomen had met haar te gaan, zo hield zij op tot haar te spreken.  19Alzo gingen die beiden, totdat zij te Bethlehem inkwamen; en het geschiedde, als zij te Bethlehem inkwamen, dat de ganse stad over haar beroerd werd, en zij zeiden: Is dit Naomi?  20Maar zij zeide tot henlieden: Noemt mij niet Naomi, noemt mij Mara; want de Almachtige heeft mij grote bitterheid aangedaan.  21Vol toog ik weg, maar ledig heeft mij de HEERE doen wederkeren; waarom zoudt gij mij Naomi noemen, daar de HEERE tegen mij getuigt, en de Almachtige mij kwaad aangedaan heeft?  22Alzo kwam Naomi weder, en Ruth, de Moabietische, haar schoondochter, met haar, die uit de velden Moabs wederkwam; en zij kwamen te Bethlehem in het begin van den gersteoogst."
      },
      {
        "book_name": "Ruth",
        "book": 8,
        "chapter": 1,
        "verse": 1,
        "text": "In de dagen, als de richters richtten, zo geschiedde het, dat er honger in het land was; daarom toog een man van Bethlehem-Juda, om als vreemdeling te verkeren in de velden Moabs, hij, en zijn huisvrouw, en zijn twee zonen."
      },
      {
        "book_name": "Ruth",
        "book": 8,
        "chapter": 1,
        "verse": 2,
        "text": "De naam nu dezes mans was Elimelech, en de naam zijner huisvrouw Naomi, en de naam zijner twee zonen Machlon en Chiljon, Efrathers, van Bethlehem-Juda; en zij kwamen in de velden Moabs, en bleven aldaar."
      },
      {
        "book_name": "Ruth",
        "book": 8,
        "chapter": 1,
        "verse": 3,
        "text": "En Elimelech, de man van Naomi, stierf; maar zij werd overgelaten met haar twee zonen."
      },
      {
        "book_name": "Ruth",
        "book": 8,
        "chapter": 1,
        "verse": 4,
        "text": "Die namen zich Moabietische vrouwen; de naam der ene was Orpa, en de naam der andere Ruth; en zij bleven aldaar omtrent tien jaren."
      },
      {
        "book_name": "Ruth",
        "book": 8,
        "chapter": 1,
        "verse": 5,
        "text": "En die twee, Machlon en Chiljon, stierven ook; alzo werd deze vrouw overgelaten na haar twee zonen en na haar man."
      },
      {
        "book_name": "Ruth",
        "book": 8,
        "chapter": 1,
        "verse": 6,
        "text": "Toen maakte zij zich op met haar schoondochters, en keerde weder uit de velden van Moab; want zij had gehoord in het land van Moab, dat de HEERE Zijn volk bezocht had, gevende hun brood."
      },
      {
        "book_name": "Ruth",
        "book": 8,
        "chapter": 1,
        "verse": 7,
        "text": "Daarom ging zij uit van de plaats, waar zij geweest was en haar twee schoondochters met haar. Als zij nu gingen op den weg, om weder te keren naar het land van Juda,"
      },
      {
        "book_name": "Ruth",
        "book": 8,
        "chapter": 1,
        "verse": 8,
        "text": "Zo zeide Naomi tot haar twee schoondochters: Gaat heen, keert weder, een iegelijk tot het huis van haar moeder; de HEERE doe bij u weldadigheid, gelijk als gij gedaan hebt bij de doden, en bij mij."
      },
      {
        "book_name": "Ruth",
        "book": 8,
        "chapter": 1,
        "verse": 9,
        "text": "De HEERE geve u, dat gij ruste vindt, een iegelijk in het huis van haar man! En als zij haar kuste, hieven zij haar stem op en weenden;"
      },
      {
        "book_name": "Ruth",
        "book": 8,
        "chapter": 1,
        "verse": 10,
        "text": "En zij zeiden tot haar: Wij zullen zekerlijk met u wederkeren tot uw volk."
      },
      {
        "book_name": "Ruth",
        "book": 8,
        "chapter": 1,
        "verse": 11,
        "text": "Maar Naomi zeide: Keert weder, mijn dochters! Waarom zoudt gij met mij gaan? Heb ik nog zonen in mijn lichaam, dat zij u tot mannen zouden zijn?"
      },
      {
        "book_name": "Ruth",
        "book": 8,
        "chapter": 1,
        "verse": 12,
        "text": "Keert weder, mijn dochters! Gaat heen; want ik ben te oud om een man te hebben. Wanneer ik al zeide: Ik heb hoop, of ik ook in dezen nacht een man had, ja, ook zonen baarde;"
      },
      {
        "book_name": "Ruth",
        "book": 8,
        "chapter": 1,
        "verse": 13,
        "text": "Zoudt gij daarnaar wachten, totdat zij zouden groot geworden zijn; zoudt gij daarnaar opgehouden worden, om geen man te nemen? Niet, mijn dochters! Want het is mij veel bitterder dan u; maar de hand des HEEREN is tegen mij uitgegaan."
      },
      {
        "book_name": "Ruth",
        "book": 8,
        "chapter": 1,
        "verse": 14,
        "text": "Toen hieven zij haar stem op, en weenden wederom; en Orpa kuste haar schoonmoeder, maar Ruth kleefde haar aan."
      },
      {
        "book_name": "Ruth",
        "book": 8,
        "chapter": 1,
        "verse": 15,
        "text": "Daarom zeide zij: Zie, uw zwagerin is wedergekeerd tot haar volk en tot haar goden; keer gij ook weder, uw zwagerin na."
      },
      {
        "book_name": "Ruth",
        "book": 8,
        "chapter": 1,
        "verse": 16,
        "text": "Maar Ruth zeide: Val mij niet tegen, dat ik u zou verlaten, om van achter u weder te keren; want waar gij zult heengaan, zal ik ook heengaan, en waar gij zult vernachten, zal ik vernachten; uw volk is mijn volk, en uw God mijn God."
      },
      {
        "book_name": "Ruth",
        "book": 8,
        "chapter": 1,
        "verse": 17,
        "text": "Waar gij zult sterven, zal ik sterven, en aldaar zal ik begraven worden; alzo doe mij de HEERE en alzo doe Hij daartoe, zo niet de dood alleen zal scheiding maken tussen mij en tussen u!"
      },
      {
        "book_name": "Ruth",
        "book": 8,
        "chapter": 1,
        "verse": 18,
        "text": "Als zij nu zag, dat zij vastelijk voorgenomen had met haar te gaan, zo hield zij op tot haar te spreken."
      },
      {
        "book_name": "Ruth",
        "book": 8,
        "chapter": 1,
        "verse": 19,
        "text": "Alzo gingen die beiden, totdat zij te Bethlehem inkwamen; en het geschiedde, als zij te Bethlehem inkwamen, dat de ganse stad over haar beroerd werd, en zij zeiden: Is dit Naomi?"
      },
      {
        "book_name": "Ruth",
        "book": 8,
        "chapter": 1,
        "verse": 20,
        "text": "Maar zij zeide tot henlieden: Noemt mij niet Naomi, noemt mij Mara; want de Almachtige heeft mij grote bitterheid aangedaan."
      },
      {
        "book_name": "Ruth",
        "book": 8,
        "chapter": 1,
        "verse": 21,
        "text": "Vol toog ik weg, maar ledig heeft mij de HEERE doen wederkeren; waarom zoudt gij mij Naomi noemen, daar de HEERE tegen mij getuigt, en de Almachtige mij kwaad aangedaan heeft?"
      },
      {
        "book_name": "Ruth",
        "book": 8,
        "chapter": 1,
        "verse": 22,
        "text": "Alzo kwam Naomi weder, en Ruth, de Moabietische, haar schoondochter, met haar, die uit de velden Moabs wederkwam; en zij kwamen te Bethlehem in het begin van den gersteoogst."
      }
    ],
    "2": [
      {
        "book_name": "Ruth",
        "book": 8,
        "chapter": 2,
        "verse": 1,
        "text": "1Naomi nu had een bloedvriend van haar man, een man, geweldig van vermogen, van het geslacht van Elimelech; en zijn naam was Boaz.  2En Ruth, de Moabietische, zeide tot Naomi: Laat mij toch in het veld gaan, en van de aren oplezen, achter dien, in wiens ogen ik genade zal vinden. En zij zeide tot haar: Ga heen, mijn dochter!  3Zo ging zij heen, en kwam en las op in het veld, achter de maaiers; en haar viel bij geval voor, een deel van het veld van Boaz, die van het geslacht van Elimelech was.  4En ziet, Boaz kwam van Bethlehem, en zeide tot de maaiers: De HEERE zij met ulieden! En zij zeiden tot hem: De HEERE zegene u!  5Daarna zeide Boaz tot zijn jongen, die over de maaiers gezet was: Wiens is deze jonge vrouw?  6En de jongen, die over de maaiers gezet was, antwoordde en zeide: Deze is de Moabietische jonge vrouw, die met Naomi wedergekomen is uit de velden Moabs;  7En zij heeft gezegd: Laat mij toch oplezen en aren bij de garven verzamelen, achter de maaiers; zo is zij gekomen en heeft gestaan van des morgens af tot nu toe; nu is haar te huis blijven weinig.  8Toen zeide Boaz tot Ruth: Hoort gij niet, mijn dochter? Ga niet, om in een ander veld op te lezen; ook zult gij van hier niet weggaan, maar hier zult gij u houden bij mijn maagden.  9Uw ogen zullen zijn op dit veld, dat zij maaien zullen, en gij zult achter haarlieden gaan; heb ik den jongens niet geboden, dat men u niet aanroere? Als u dorst, zo ga tot de vaten, en drink van hetgeen de jongens zullen geschept hebben.  10Toen viel zij op haar aangezicht, en boog zich ter aarde, en zij zeide tot hem: Waarom heb ik genade gevonden in uw ogen, dat gij mij kent, daar ik een vreemde ben?  11En Boaz antwoordde en zeide tot haar: Het is mij wel aangezegd alles, wat gij bij uw schoonmoeder gedaan hebt, na den dood uws mans, en hebt uw vader en uw moeder, en het land uwer geboorte verlaten, en zijt heengegaan tot een volk, dat gij van te voren niet kendet.  12De HEERE vergelde u uw daad en uw loon zij volkomen, van den HEERE, den God Israëls, onder Wiens vleugelen gij gekomen zijt om toevlucht te nemen!  13En zij zeide: Laat mij genade vinden in uw ogen, mijn heer, dewijl gij mij getroost hebt, en dewijl gij naar het hart uwer dienstmaagd gesproken hebt, hoewel ik niet ben, gelijk een uwer dienstmaagden.  14Als het nu etenstijd was, zeide Boaz tot haar: Kom hier bij, en eet van het brood, en doop uw bete in den azijn. Zo zat zij neder aan de zijde van de maaiers, en hij langde haar geroost koren, en zij at, en werd verzadigd, en hield over.  15Als zij nu opstond, om op te lezen, zo gebood Boaz zijn jongens, zeggende: Laat haar ook tussen de garven oplezen, en beschaamt haar niet.  16Ja, laat ook allengskens van de handvollen voor haar wat vallen, en laat het liggen, dat zij het opleze, en bestraft haar niet.  17Alzo las zij op in dat veld, tot aan den avond; en zij sloeg uit, wat zij opgelezen had, en het was omtrent een efa gerst.  18En zij nam het op, en kwam in de stad; en haar schoonmoeder zag, wat zij opgelezen had; ook bracht zij voort, en gaf haar, wat zij van haar verzadiging overgehouden had.  19Toen zeide haar schoonmoeder tot haar: Waar hebt gij heden opgelezen, en waar hebt gij gewrocht? Gezegend zij, die u gekend heeft! En zij verhaalde haar schoonmoeder, bij wien zij gewrocht had, en zeide: De naam des mans, bij welken ik heden gewrocht heb, is Boaz.  20Toen zeide Naomi tot haar schoondochter: Gezegend zij hij den HEERE, Die Zijn weldadigheid niet heeft nagelaten aan de levenden en aan de doden! Voorts zeide Naomi tot haar: Die man is ons nabestaande; hij is een van onze lossers.  21En Ruth, de Moabietische, zeide: Ook, omdat hij tot mij gezegd heeft: Gij zult u houden bij de jongens, die ik heb, totdat zij den gansen oogst, dien ik heb, zullen hebben voleindigd.  22En Naomi zeide tot haar schoondochter Ruth: Het is goed, mijn dochter, dat gij met zijn maagden uitgaat, opdat zij u niet tegenvallen in een ander veld.  23Alzo hield zij zich bij de maagden van Boaz, om op te lezen, totdat de gersteoogst en tarweoogst voleindigd waren; en zij bleef bij haar schoonmoeder."
      },
      {
        "book_name": "Ruth",
        "book": 8,
        "chapter": 2,
        "verse": 1,
        "text": "Naomi nu had een bloedvriend van haar man, een man, geweldig van vermogen, van het geslacht van Elimelech; en zijn naam was Boaz."
      },
      {
        "book_name": "Ruth",
        "book": 8,
        "chapter": 2,
        "verse": 2,
        "text": "En Ruth, de Moabietische, zeide tot Naomi: Laat mij toch in het veld gaan, en van de aren oplezen, achter dien, in wiens ogen ik genade zal vinden. En zij zeide tot haar: Ga heen, mijn dochter!"
      },
      {
        "book_name": "Ruth",
        "book": 8,
        "chapter": 2,
        "verse": 3,
        "text": "Zo ging zij heen, en kwam en las op in het veld, achter de maaiers; en haar viel bij geval voor, een deel van het veld van Boaz, die van het geslacht van Elimelech was."
      },
      {
        "book_name": "Ruth",
        "book": 8,
        "chapter": 2,
        "verse": 4,
        "text": "En ziet, Boaz kwam van Bethlehem, en zeide tot de maaiers: De HEERE zij met ulieden! En zij zeiden tot hem: De HEERE zegene u!"
      },
      {
        "book_name": "Ruth",
        "book": 8,
        "chapter": 2,
        "verse": 5,
        "text": "Daarna zeide Boaz tot zijn jongen, die over de maaiers gezet was: Wiens is deze jonge vrouw?"
      },
      {
        "book_name": "Ruth",
        "book": 8,
        "chapter": 2,
        "verse": 6,
        "text": "En de jongen, die over de maaiers gezet was, antwoordde en zeide: Deze is de Moabietische jonge vrouw, die met Naomi wedergekomen is uit de velden Moabs;"
      },
      {
        "book_name": "Ruth",
        "book": 8,
        "chapter": 2,
        "verse": 7,
        "text": "En zij heeft gezegd: Laat mij toch oplezen en aren bij de garven verzamelen, achter de maaiers; zo is zij gekomen en heeft gestaan van des morgens af tot nu toe; nu is haar te huis blijven weinig."
      },
      {
        "book_name": "Ruth",
        "book": 8,
        "chapter": 2,
        "verse": 8,
        "text": "Toen zeide Boaz tot Ruth: Hoort gij niet, mijn dochter? Ga niet, om in een ander veld op te lezen; ook zult gij van hier niet weggaan, maar hier zult gij u houden bij mijn maagden."
      },
      {
        "book_name": "Ruth",
        "book": 8,
        "chapter": 2,
        "verse": 9,
        "text": "Uw ogen zullen zijn op dit veld, dat zij maaien zullen, en gij zult achter haarlieden gaan; heb ik den jongens niet geboden, dat men u niet aanroere? Als u dorst, zo ga tot de vaten, en drink van hetgeen de jongens zullen geschept hebben."
      },
      {
        "book_name": "Ruth",
        "book": 8,
        "chapter": 2,
        "verse": 10,
        "text": "Toen viel zij op haar aangezicht, en boog zich ter aarde, en zij zeide tot hem: Waarom heb ik genade gevonden in uw ogen, dat gij mij kent, daar ik een vreemde ben?"
      },
      {
        "book_name": "Ruth",
        "book": 8,
        "chapter": 2,
        "verse": 11,
        "text": "En Boaz antwoordde en zeide tot haar: Het is mij wel aangezegd alles, wat gij bij uw schoonmoeder gedaan hebt, na den dood uws mans, en hebt uw vader en uw moeder, en het land uwer geboorte verlaten, en zijt heengegaan tot een volk, dat gij van te voren niet kendet."
      },
      {
        "book_name": "Ruth",
        "book": 8,
        "chapter": 2,
        "verse": 12,
        "text": "De HEERE vergelde u uw daad en uw loon zij volkomen, van den HEERE, den God Israëls, onder Wiens vleugelen gij gekomen zijt om toevlucht te nemen!"
      },
      {
        "book_name": "Ruth",
        "book": 8,
        "chapter": 2,
        "verse": 13,
        "text": "En zij zeide: Laat mij genade vinden in uw ogen, mijn heer, dewijl gij mij getroost hebt, en dewijl gij naar het hart uwer dienstmaagd gesproken hebt, hoewel ik niet ben, gelijk een uwer dienstmaagden."
      },
      {
        "book_name": "Ruth",
        "book": 8,
        "chapter": 2,
        "verse": 14,
        "text": "Als het nu etenstijd was, zeide Boaz tot haar: Kom hier bij, en eet van het brood, en doop uw bete in den azijn. Zo zat zij neder aan de zijde van de maaiers, en hij langde haar geroost koren, en zij at, en werd verzadigd, en hield over."
      },
      {
        "book_name": "Ruth",
        "book": 8,
        "chapter": 2,
        "verse": 15,
        "text": "Als zij nu opstond, om op te lezen, zo gebood Boaz zijn jongens, zeggende: Laat haar ook tussen de garven oplezen, en beschaamt haar niet."
      },
      {
        "book_name": "Ruth",
        "book": 8,
        "chapter": 2,
        "verse": 16,
        "text": "Ja, laat ook allengskens van de handvollen voor haar wat vallen, en laat het liggen, dat zij het opleze, en bestraft haar niet."
      },
      {
        "book_name": "Ruth",
        "book": 8,
        "chapter": 2,
        "verse": 17,
        "text": "Alzo las zij op in dat veld, tot aan den avond; en zij sloeg uit, wat zij opgelezen had, en het was omtrent een efa gerst."
      },
      {
        "book_name": "Ruth",
        "book": 8,
        "chapter": 2,
        "verse": 18,
        "text": "En zij nam het op, en kwam in de stad; en haar schoonmoeder zag, wat zij opgelezen had; ook bracht zij voort, en gaf haar, wat zij van haar verzadiging overgehouden had."
      },
      {
        "book_name": "Ruth",
        "book": 8,
        "chapter": 2,
        "verse": 19,
        "text": "Toen zeide haar schoonmoeder tot haar: Waar hebt gij heden opgelezen, en waar hebt gij gewrocht? Gezegend zij, die u gekend heeft! En zij verhaalde haar schoonmoeder, bij wien zij gewrocht had, en zeide: De naam des mans, bij welken ik heden gewrocht heb, is Boaz."
      },
      {
        "book_name": "Ruth",
        "book": 8,
        "chapter": 2,
        "verse": 20,
        "text": "Toen zeide Naomi tot haar schoondochter: Gezegend zij hij den HEERE, Die Zijn weldadigheid niet heeft nagelaten aan de levenden en aan de doden! Voorts zeide Naomi tot haar: Die man is ons nabestaande; hij is een van onze lossers."
      },
      {
        "book_name": "Ruth",
        "book": 8,
        "chapter": 2,
        "verse": 21,
        "text": "En Ruth, de Moabietische, zeide: Ook, omdat hij tot mij gezegd heeft: Gij zult u houden bij de jongens, die ik heb, totdat zij den gansen oogst, dien ik heb, zullen hebben voleindigd."
      },
      {
        "book_name": "Ruth",
        "book": 8,
        "chapter": 2,
        "verse": 22,
        "text": "En Naomi zeide tot haar schoondochter Ruth: Het is goed, mijn dochter, dat gij met zijn maagden uitgaat, opdat zij u niet tegenvallen in een ander veld."
      },
      {
        "book_name": "Ruth",
        "book": 8,
        "chapter": 2,
        "verse": 23,
        "text": "Alzo hield zij zich bij de maagden van Boaz, om op te lezen, totdat de gersteoogst en tarweoogst voleindigd waren; en zij bleef bij haar schoonmoeder."
      }
    ],
    "3": [
      {
        "book_name": "Ruth",
        "book": 8,
        "chapter": 3,
        "verse": 1,
        "text": "1En Naomi, haar schoonmoeder, zeide tot haar: Mijn dochter! zoude ik u geen rust zoeken, dat het u welga?  2Nu dan, is niet Boaz, met wiens maagden gij geweest zijt, van onze bloedvriendschap? Zie, hij zal dezen nacht gerst op den dorsvloer wannen.  3Zo baad u, en zalf u, en doe uw klederen aan, en ga af naar den dorsvloer; maar maak u den man niet bekend, totdat hij geëindigd zal hebben te eten en te drinken.  4En het zal geschieden, als hij nederligt, dat gij de plaats zult merken, waar hij zal nedergelegen zijn; ga dan in, en sla zijn voetdeksel op, en leg u; zo zal hij u te kennen geven, wat gij doen zult.  5En zij zeide tot haar: Al wat gij tot mij zegt, zal ik doen.  6Alzo ging zij af naar den dorsvloer, en deed naar alles, wat haar schoonmoeder haar geboden had.  7Als nu Boaz gegeten en gedronken had, en zijn hart vrolijk was, zo kwam hij om neder te liggen aan het uiterste van een korenhoop. Daarna kwam zij stilletjes in, en sloeg zijn voetdeksel op, en legde zich.  8En het geschiedde te middernacht, dat die man verschrikte, en om zich greep; en ziet, een vrouw lag aan zijn voetdeksel.  9En hij zeide: Wie zijt gij? En zij zeide: Ik ben Ruth, uw dienstmaagd, breid dan uw vleugel uit over uw dienstmaagd, want gij zijt de losser.  10En hij zeide: Gezegend zijt gij den HEERE, mijn dochter! Gij hebt deze uw laatste weldadigheid beter gemaakt dan de eerste, dewijl gij geen jonge gezellen zijt nagegaan, hetzij arm of rijk.  11En nu, mijn dochter, vrees niet; al wat gij gezegd hebt, zal ik u doen; want de ganse stad mijns volks weet, dat gij een deugdelijke vrouw zijt.  12Nu dan, wel is waar, dat ik een losser ben; maar er is nog een losser, nader dan ik.  13Blijf dezen nacht over; voorts in den morgen zal het geschieden, indien hij u lost, goed, laat hem lossen; maar indien het hem niet lust u te lossen, zo zal ik u lossen, zo waarachtig als de HEERE leeft; leg u neder tot den morgen toe.  14Alzo lag zij neder aan zijn voetdeksel tot den morgen toe; en zij stond op, eer dat de een den ander kennen kon; want hij zeide: Het worde niet bekend, dat een vrouw op den dorsvloer gekomen is.  15Voorts zeide hij: Lang den sluier, die op u is, en houd dien; en zij hield hem; en hij mat zes maten gerst, en legde ze op haar; daarna ging hij in de stad.  16Zij nu kwam tot haar schoonmoeder, dewelke zeide: Wie zijt gij, mijn dochter? En zij verhaalde haar alles, wat die man haar gedaan had.  17Ook zeide zij: Deze zes maten gerst heeft hij mij gegeven; want hij zeide tot mij: Kom niet ledig tot uw schoonmoeder.  18Toen zeide zij: Zit stil, mijn dochter, totdat gij weet, hoe de zaak zal vallen; want die man zal niet rusten, tenzij dat hij heden deze zaak voleind hebbe."
      },
      {
        "book_name": "Ruth",
        "book": 8,
        "chapter": 3,
        "verse": 1,
        "text": "En Naomi, haar schoonmoeder, zeide tot haar: Mijn dochter! zoude ik u geen rust zoeken, dat het u welga?"
      },
      {
        "book_name": "Ruth",
        "book": 8,
        "chapter": 3,
        "verse": 2,
        "text": "Nu dan, is niet Boaz, met wiens maagden gij geweest zijt, van onze bloedvriendschap? Zie, hij zal dezen nacht gerst op den dorsvloer wannen."
      },
      {
        "book_name": "Ruth",
        "book": 8,
        "chapter": 3,
        "verse": 3,
        "text": "Zo baad u, en zalf u, en doe uw klederen aan, en ga af naar den dorsvloer; maar maak u den man niet bekend, totdat hij geëindigd zal hebben te eten en te drinken."
      },
      {
        "book_name": "Ruth",
        "book": 8,
        "chapter": 3,
        "verse": 4,
        "text": "En het zal geschieden, als hij nederligt, dat gij de plaats zult merken, waar hij zal nedergelegen zijn; ga dan in, en sla zijn voetdeksel op, en leg u; zo zal hij u te kennen geven, wat gij doen zult."
      },
      {
        "book_name": "Ruth",
        "book": 8,
        "chapter": 3,
        "verse": 5,
        "text": "En zij zeide tot haar: Al wat gij tot mij zegt, zal ik doen."
      },
      {
        "book_name": "Ruth",
        "book": 8,
        "chapter": 3,
        "verse": 6,
        "text": "Alzo ging zij af naar den dorsvloer, en deed naar alles, wat haar schoonmoeder haar geboden had."
      },
      {
        "book_name": "Ruth",
        "book": 8,
        "chapter": 3,
        "verse": 7,
        "text": "Als nu Boaz gegeten en gedronken had, en zijn hart vrolijk was, zo kwam hij om neder te liggen aan het uiterste van een korenhoop. Daarna kwam zij stilletjes in, en sloeg zijn voetdeksel op, en legde zich."
      },
      {
        "book_name": "Ruth",
        "book": 8,
        "chapter": 3,
        "verse": 8,
        "text": "En het geschiedde te middernacht, dat die man verschrikte, en om zich greep; en ziet, een vrouw lag aan zijn voetdeksel."
      },
      {
        "book_name": "Ruth",
        "book": 8,
        "chapter": 3,
        "verse": 9,
        "text": "En hij zeide: Wie zijt gij? En zij zeide: Ik ben Ruth, uw dienstmaagd, breid dan uw vleugel uit over uw dienstmaagd, want gij zijt de losser."
      },
      {
        "book_name": "Ruth",
        "book": 8,
        "chapter": 3,
        "verse": 10,
        "text": "En hij zeide: Gezegend zijt gij den HEERE, mijn dochter! Gij hebt deze uw laatste weldadigheid beter gemaakt dan de eerste, dewijl gij geen jonge gezellen zijt nagegaan, hetzij arm of rijk."
      },
      {
        "book_name": "Ruth",
        "book": 8,
        "chapter": 3,
        "verse": 11,
        "text": "En nu, mijn dochter, vrees niet; al wat gij gezegd hebt, zal ik u doen; want de ganse stad mijns volks weet, dat gij een deugdelijke vrouw zijt."
      },
      {
        "book_name": "Ruth",
        "book": 8,
        "chapter": 3,
        "verse": 12,
        "text": "Nu dan, wel is waar, dat ik een losser ben; maar er is nog een losser, nader dan ik."
      },
      {
        "book_name": "Ruth",
        "book": 8,
        "chapter": 3,
        "verse": 13,
        "text": "Blijf dezen nacht over; voorts in den morgen zal het geschieden, indien hij u lost, goed, laat hem lossen; maar indien het hem niet lust u te lossen, zo zal ik u lossen, zo waarachtig als de HEERE leeft; leg u neder tot den morgen toe."
      },
      {
        "book_name": "Ruth",
        "book": 8,
        "chapter": 3,
        "verse": 14,
        "text": "Alzo lag zij neder aan zijn voetdeksel tot den morgen toe; en zij stond op, eer dat de een den ander kennen kon; want hij zeide: Het worde niet bekend, dat een vrouw op den dorsvloer gekomen is."
      },
      {
        "book_name": "Ruth",
        "book": 8,
        "chapter": 3,
        "verse": 15,
        "text": "Voorts zeide hij: Lang den sluier, die op u is, en houd dien; en zij hield hem; en hij mat zes maten gerst, en legde ze op haar; daarna ging hij in de stad."
      },
      {
        "book_name": "Ruth",
        "book": 8,
        "chapter": 3,
        "verse": 16,
        "text": "Zij nu kwam tot haar schoonmoeder, dewelke zeide: Wie zijt gij, mijn dochter? En zij verhaalde haar alles, wat die man haar gedaan had."
      },
      {
        "book_name": "Ruth",
        "book": 8,
        "chapter": 3,
        "verse": 17,
        "text": "Ook zeide zij: Deze zes maten gerst heeft hij mij gegeven; want hij zeide tot mij: Kom niet ledig tot uw schoonmoeder."
      },
      {
        "book_name": "Ruth",
        "book": 8,
        "chapter": 3,
        "verse": 18,
        "text": "Toen zeide zij: Zit stil, mijn dochter, totdat gij weet, hoe de zaak zal vallen; want die man zal niet rusten, tenzij dat hij heden deze zaak voleind hebbe."
      }
    ],
    "4": [
      {
        "book_name": "Ruth",
        "book": 8,
        "chapter": 4,
        "verse": 1,
        "text": "1En Boaz ging op in de poort, en zette zich aldaar en ziet, de losser, van welken Boaz gesproken had, ging voorbij; zo zeide hij: Wijk herwaarts, zet u hier, gij, zulk een! En hij week derwaarts, en zette zich.  2En hij nam tien mannen van de oudsten der stad, en zeide: Zet u hier; en zij zetten zich.  3Toen zeide hij tot dien losser: Het stuk lands, dat van onzen broeder Elimelech was, heeft Naomi, die uit der Moabieten land wedergekomen is, verkocht;  4En ik heb gezegd: Ik zal het voor uw oor openbaren, zeggende: Aanvaard het in tegenwoordigheid der inwoners, en in tegenwoordigheid der oudsten mijns volks; zo gij het zult lossen, los het; en zo men het ook niet zou lossen, verklaar het mij, dat ik het wete; want er is niemand, behalve gij, die het losse, en ik na u. Toen zeide hij: Ik zal het lossen.  5Maar Boaz zeide: Ten dage, als gij het land aanvaardt van de hand van Naomi, zo zult gij het ook aanvaarden van Ruth, de Moabietische, de huisvrouw des verstorvenen, om den naam des verstorvenen te verwekken over zijn erfdeel.  6Toen zeide die losser: Ik zal het voor mij niet kunnen lossen, opdat ik mijn erfdeel niet misschien verderve; los gij mijn lossing voor u; want ik zal niet kunnen lossen.  7Nu was dit van ouds een gewoonheid in Israël, bij de lossing en bij de verwisseling, om de ganse zaak te bevestigen, zo trok de man zijn schoen uit en gaf dien aan zijn naaste; en dit was tot een getuigenis in Israël.  8Zo zeide deze losser tot Boaz: Aanvaard gij het voor u; en hij trok zijn schoen uit.  9Toen zeide Boaz tot de oudsten en al het volk: Gijlieden zijt heden getuigen, dat ik aanvaard heb alles, wat van Elimelech geweest is, en alles, wat van Chiljon en Machlon geweest is, van de hand van Naomi.  10Daartoe aanvaard ik mij ook Ruth, de Moabietische, de huisvrouw van Machlon, tot een vrouw, om den naam des verstorvenen over zijn erfdeel te verwekken, opdat de naam des verstorvenen niet worde uitgeroeid van zijn broederen, en van de poort zijner plaats; gijlieden zijt heden getuigen.  11En al het volk, dat in de poort was, mitsgaders de oudsten, zeiden: Wij zijn getuigen; de HEERE make deze vrouw, die in uw huis komt, als Rachel en als Lea, die beiden het huis van Israël gebouwd hebben; en handel kloekelijk in Efratha, en maak uw naam vermaard in Bethlehem!  12En uw huis zij, als het huis van Perez (dien Thamar aan Juda baarde), van het zaad, dat de HEERE u geven zal uit deze jonge vrouw.  13Alzo nam Boaz Ruth, en zij werd hem ter vrouwe, en hij ging tot haar in; en de HEERE gaf haar, dat zij zwanger werd en een zoon baarde.  14Toen zeiden de vrouwen tot Naomi: Geloofd zij de HEERE, Die niet heeft nagelaten u heden een losser te geven; en zijn naam worde vermaard in Israël!  15Die zal u zijn tot een verkwikker der ziel, en om uw ouderdom te onderhouden; want uw schoondochter, die u liefheeft, heeft hem gebaard, dewelke u beter is dan zeven zonen.  16En Naomi nam dat kind, en zette het op haar schoot, en werd zijn voedster.  17En de naburinnen gaven hem een naam, zeggende: Aan Naomi is een zoon geboren; en zij noemden zijn naam Obed; deze is de vader van Isaï, Davids vader.  18Dit nu zijn de geboorten van Perez: Perez gewon Hezron;  19En Hezron gewon Ram; en Ram gewon Amminadab;  20En Amminadab gewon Nahesson; en Nahesson gewon Salma;  21En Salmon gewon Boaz, en Boaz gewon Obed;  22En Obed gewon Isaï; en Isaï gewon David."
      },
      {
        "book_name": "Ruth",
        "book": 8,
        "chapter": 4,
        "verse": 1,
        "text": "En Boaz ging op in de poort, en zette zich aldaar en ziet, de losser, van welken Boaz gesproken had, ging voorbij; zo zeide hij: Wijk herwaarts, zet u hier, gij, zulk een! En hij week derwaarts, en zette zich."
      },
      {
        "book_name": "Ruth",
        "book": 8,
        "chapter": 4,
        "verse": 2,
        "text": "En hij nam tien mannen van de oudsten der stad, en zeide: Zet u hier; en zij zetten zich."
      },
      {
        "book_name": "Ruth",
        "book": 8,
        "chapter": 4,
        "verse": 3,
        "text": "Toen zeide hij tot dien losser: Het stuk lands, dat van onzen broeder Elimelech was, heeft Naomi, die uit der Moabieten land wedergekomen is, verkocht;"
      },
      {
        "book_name": "Ruth",
        "book": 8,
        "chapter": 4,
        "verse": 4,
        "text": "En ik heb gezegd: Ik zal het voor uw oor openbaren, zeggende: Aanvaard het in tegenwoordigheid der inwoners, en in tegenwoordigheid der oudsten mijns volks; zo gij het zult lossen, los het; en zo men het ook niet zou lossen, verklaar het mij, dat ik het wete; want er is niemand, behalve gij, die het losse, en ik na u. Toen zeide hij: Ik zal het lossen."
      },
      {
        "book_name": "Ruth",
        "book": 8,
        "chapter": 4,
        "verse": 5,
        "text": "Maar Boaz zeide: Ten dage, als gij het land aanvaardt van de hand van Naomi, zo zult gij het ook aanvaarden van Ruth, de Moabietische, de huisvrouw des verstorvenen, om den naam des verstorvenen te verwekken over zijn erfdeel."
      },
      {
        "book_name": "Ruth",
        "book": 8,
        "chapter": 4,
        "verse": 6,
        "text": "Toen zeide die losser: Ik zal het voor mij niet kunnen lossen, opdat ik mijn erfdeel niet misschien verderve; los gij mijn lossing voor u; want ik zal niet kunnen lossen."
      },
      {
        "book_name": "Ruth",
        "book": 8,
        "chapter": 4,
        "verse": 7,
        "text": "Nu was dit van ouds een gewoonheid in Israël, bij de lossing en bij de verwisseling, om de ganse zaak te bevestigen, zo trok de man zijn schoen uit en gaf dien aan zijn naaste; en dit was tot een getuigenis in Israël."
      },
      {
        "book_name": "Ruth",
        "book": 8,
        "chapter": 4,
        "verse": 8,
        "text": "Zo zeide deze losser tot Boaz: Aanvaard gij het voor u; en hij trok zijn schoen uit."
      },
      {
        "book_name": "Ruth",
        "book": 8,
        "chapter": 4,
        "verse": 9,
        "text": "Toen zeide Boaz tot de oudsten en al het volk: Gijlieden zijt heden getuigen, dat ik aanvaard heb alles, wat van Elimelech geweest is, en alles, wat van Chiljon en Machlon geweest is, van de hand van Naomi."
      },
      {
        "book_name": "Ruth",
        "book": 8,
        "chapter": 4,
        "verse": 10,
        "text": "Daartoe aanvaard ik mij ook Ruth, de Moabietische, de huisvrouw van Machlon, tot een vrouw, om den naam des verstorvenen over zijn erfdeel te verwekken, opdat de naam des verstorvenen niet worde uitgeroeid van zijn broederen, en van de poort zijner plaats; gijlieden zijt heden getuigen."
      },
      {
        "book_name": "Ruth",
        "book": 8,
        "chapter": 4,
        "verse": 11,
        "text": "En al het volk, dat in de poort was, mitsgaders de oudsten, zeiden: Wij zijn getuigen; de HEERE make deze vrouw, die in uw huis komt, als Rachel en als Lea, die beiden het huis van Israël gebouwd hebben; en handel kloekelijk in Efratha, en maak uw naam vermaard in Bethlehem!"
      },
      {
        "book_name": "Ruth",
        "book": 8,
        "chapter": 4,
        "verse": 12,
        "text": "En uw huis zij, als het huis van Perez (dien Thamar aan Juda baarde), van het zaad, dat de HEERE u geven zal uit deze jonge vrouw."
      },
      {
        "book_name": "Ruth",
        "book": 8,
        "chapter": 4,
        "verse": 13,
        "text": "Alzo nam Boaz Ruth, en zij werd hem ter vrouwe, en hij ging tot haar in; en de HEERE gaf haar, dat zij zwanger werd en een zoon baarde."
      },
      {
        "book_name": "Ruth",
        "book": 8,
        "chapter": 4,
        "verse": 14,
        "text": "Toen zeiden de vrouwen tot Naomi: Geloofd zij de HEERE, Die niet heeft nagelaten u heden een losser te geven; en zijn naam worde vermaard in Israël!"
      },
      {
        "book_name": "Ruth",
        "book": 8,
        "chapter": 4,
        "verse": 15,
        "text": "Die zal u zijn tot een verkwikker der ziel, en om uw ouderdom te onderhouden; want uw schoondochter, die u liefheeft, heeft hem gebaard, dewelke u beter is dan zeven zonen."
      },
      {
        "book_name": "Ruth",
        "book": 8,
        "chapter": 4,
        "verse": 16,
        "text": "En Naomi nam dat kind, en zette het op haar schoot, en werd zijn voedster."
      },
      {
        "book_name": "Ruth",
        "book": 8,
        "chapter": 4,
        "verse": 17,
        "text": "En de naburinnen gaven hem een naam, zeggende: Aan Naomi is een zoon geboren; en zij noemden zijn naam Obed; deze is de vader van Isaï, Davids vader."
      },
      {
        "book_name": "Ruth",
        "book": 8,
        "chapter": 4,
        "verse": 18,
        "text": "Dit nu zijn de geboorten van Perez: Perez gewon Hezron;"
      },
      {
        "book_name": "Ruth",
        "book": 8,
        "chapter": 4,
        "verse": 19,
        "text": "En Hezron gewon Ram; en Ram gewon Amminadab;"
      },
      {
        "book_name": "Ruth",
        "book": 8,
        "chapter": 4,
        "verse": 20,
        "text": "En Amminadab gewon Nahesson; en Nahesson gewon Salma;"
      },
      {
        "book_name": "Ruth",
        "book": 8,
        "chapter": 4,
        "verse": 21,
        "text": "En Salmon gewon Boaz, en Boaz gewon Obed;"
      },
      {
        "book_name": "Ruth",
        "book": 8,
        "chapter": 4,
        "verse": 22,
        "text": "En Obed gewon Isaï; en Isaï gewon David."
      }
    ]
  }
}