{
  "source": "bible.com",
  "version": "Statenvertaling (1750)",
  "book": "Hooglied",
  "chapters": {
    "1": [
      {
        "book_name": "Hooglied",
        "book": 22,
        "chapter": 1,
        "verse": 1,
        "text": "1Het Hooglied, hetwelk van Salomo is.  2Hij kusse mij met de kussen Zijns monds; want Uw uitnemende liefde is beter dan wijn.  3Uw oliën zijn goed tot reuk, Uw naam is een olie, die uitgestort wordt; daarom hebben U de maagden lief.  4Trek mij, wij zullen U nalopen! De Koning heeft mij gebracht in Zijn binnenkameren; wij zullen ons verheugen en in U verblijden; wij zullen Uw uitnemende liefde vermelden, meer dan den wijn; de oprechten hebben U lief.  5Ik ben zwart, doch liefelijk (gij dochteren van Jeruzalem!), gelijk de tenten van Kedar, gelijk de gordijnen van Salomo.  6Ziet mij niet aan, dat ik zwartachtig ben, omdat mij de zon heeft beschenen; de kinderen mijner moeder waren tegen mij ontstoken, zij hebben mij gezet tot een hoederin der wijngaarden. Mijn wijngaard, dien ik heb, heb ik niet gehoed.  7Zeg mij aan, Gij, Dien mijn ziel liefheeft, waar Gij weidt, waar Gij de kudde legert in den middag; want waarom zou ik zijn als een, die zich bedekt bij de kudden Uwer metgezellen?  8Indien gij het niet weet, o gij schoonste onder de vrouwen! zo ga uit op de voetstappen der schapen, en weid uw geiten bij de woningen der herderen.  9Mijn vriendin! Ik vergelijk u bij de paarden aan de wagens van Farao.  10Uw wangen zijn liefelijk in de spangen, uw hals in de parelsnoeren.  11Wij zullen u gouden spangen maken, met zilveren stipjes.  12Terwijl de Koning aan Zijn ronde tafel is, geeft mijn nardus zijn reuk.  13Mijn Liefste is mij een bundeltje mirre, dat tussen mijn borsten vernacht.  14Mijn Liefste is mij een tros van Cyprus, in de wijngaarden van En-gedi.  15Zie, gij zijt schoon, Mijn vriendin! Zie, gij zijt schoon; uw ogen zijn duivenogen.  16Zie, Gij zijt schoon, mijn Liefste, ja, liefelijk; ook groent onze bedstede.  17De balken onzer huizen zijn cederen, onze galerijen zijn cipressen."
      },
      {
        "book_name": "Hooglied",
        "book": 22,
        "chapter": 1,
        "verse": 1,
        "text": "Het Hooglied, hetwelk van Salomo is."
      },
      {
        "book_name": "Hooglied",
        "book": 22,
        "chapter": 1,
        "verse": 2,
        "text": "Hij kusse mij met de kussen Zijns monds; want Uw uitnemende liefde is beter dan wijn."
      },
      {
        "book_name": "Hooglied",
        "book": 22,
        "chapter": 1,
        "verse": 3,
        "text": "Uw oliën zijn goed tot reuk, Uw naam is een olie, die uitgestort wordt; daarom hebben U de maagden lief."
      },
      {
        "book_name": "Hooglied",
        "book": 22,
        "chapter": 1,
        "verse": 4,
        "text": "Trek mij, wij zullen U nalopen! De Koning heeft mij gebracht in Zijn binnenkameren; wij zullen ons verheugen en in U verblijden; wij zullen Uw uitnemende liefde vermelden, meer dan den wijn; de oprechten hebben U lief."
      },
      {
        "book_name": "Hooglied",
        "book": 22,
        "chapter": 1,
        "verse": 5,
        "text": "Ik ben zwart, doch liefelijk (gij dochteren van Jeruzalem!), gelijk de tenten van Kedar, gelijk de gordijnen van Salomo."
      },
      {
        "book_name": "Hooglied",
        "book": 22,
        "chapter": 1,
        "verse": 6,
        "text": "Ziet mij niet aan, dat ik zwartachtig ben, omdat mij de zon heeft beschenen; de kinderen mijner moeder waren tegen mij ontstoken, zij hebben mij gezet tot een hoederin der wijngaarden. Mijn wijngaard, dien ik heb, heb ik niet gehoed."
      },
      {
        "book_name": "Hooglied",
        "book": 22,
        "chapter": 1,
        "verse": 7,
        "text": "Zeg mij aan, Gij, Dien mijn ziel liefheeft, waar Gij weidt, waar Gij de kudde legert in den middag; want waarom zou ik zijn als een, die zich bedekt bij de kudden Uwer metgezellen?"
      },
      {
        "book_name": "Hooglied",
        "book": 22,
        "chapter": 1,
        "verse": 8,
        "text": "Indien gij het niet weet, o gij schoonste onder de vrouwen! zo ga uit op de voetstappen der schapen, en weid uw geiten bij de woningen der herderen."
      },
      {
        "book_name": "Hooglied",
        "book": 22,
        "chapter": 1,
        "verse": 9,
        "text": "Mijn vriendin! Ik vergelijk u bij de paarden aan de wagens van Farao."
      },
      {
        "book_name": "Hooglied",
        "book": 22,
        "chapter": 1,
        "verse": 10,
        "text": "Uw wangen zijn liefelijk in de spangen, uw hals in de parelsnoeren."
      },
      {
        "book_name": "Hooglied",
        "book": 22,
        "chapter": 1,
        "verse": 11,
        "text": "Wij zullen u gouden spangen maken, met zilveren stipjes."
      },
      {
        "book_name": "Hooglied",
        "book": 22,
        "chapter": 1,
        "verse": 12,
        "text": "Terwijl de Koning aan Zijn ronde tafel is, geeft mijn nardus zijn reuk."
      },
      {
        "book_name": "Hooglied",
        "book": 22,
        "chapter": 1,
        "verse": 13,
        "text": "Mijn Liefste is mij een bundeltje mirre, dat tussen mijn borsten vernacht."
      },
      {
        "book_name": "Hooglied",
        "book": 22,
        "chapter": 1,
        "verse": 14,
        "text": "Mijn Liefste is mij een tros van Cyprus, in de wijngaarden van En-gedi."
      },
      {
        "book_name": "Hooglied",
        "book": 22,
        "chapter": 1,
        "verse": 15,
        "text": "Zie, gij zijt schoon, Mijn vriendin! Zie, gij zijt schoon; uw ogen zijn duivenogen."
      },
      {
        "book_name": "Hooglied",
        "book": 22,
        "chapter": 1,
        "verse": 16,
        "text": "Zie, Gij zijt schoon, mijn Liefste, ja, liefelijk; ook groent onze bedstede."
      },
      {
        "book_name": "Hooglied",
        "book": 22,
        "chapter": 1,
        "verse": 17,
        "text": "De balken onzer huizen zijn cederen, onze galerijen zijn cipressen."
      }
    ],
    "2": [
      {
        "book_name": "Hooglied",
        "book": 22,
        "chapter": 2,
        "verse": 1,
        "text": "1Ik ben een Roos van Saron, een Lelie der dalen.  2Gelijk een lelie onder de doornen, alzo is Mijn vriendin onder de dochteren.  3Als een appelboom onder de bomen des wouds, zo is mijn Liefste onder de zonen; ik heb groten lust in Zijn schaduw, en zit er onder, en Zijn vrucht is mijn gehemelte zoet.  4Hij voert mij in het wijnhuis, en de liefde is Zijn banier over mij.  5Ondersteunt gijlieden mij met de flessen, versterkt mij met de appelen, want ik ben krank van liefde.  6Zijn linkerhand zij onder mijn hoofd, en Zijn rechterhand omhelze mij.  7Ik bezweer u, gij, dochteren van Jeruzalem! die bij de reeën, of bij de hinden des velds zijt, dat gij die liefde niet opwekt, noch wakker maakt, totdat het dezelve luste!  8  Dat is de stem mijns Liefsten, ziet Hem, Hij komt, springende op de bergen, huppelende op de heuvelen!  9Mijn Liefste is gelijk een ree, of een welp der herten; ziet, Hij staat achter onzen muur, kijkende uit de vensteren, blinkende uit de traliën.  10Mijn Liefste antwoordt, en zegt tot mij: Sta op, Mijn vriendin, Mijn schone, en kom!  11Want zie, de winter is voorbij, de plasregen is over, hij is overgegaan;  12De bloemen worden gezien in het land, de zangtijd genaakt, en de stem der tortelduif wordt gehoord in ons land.  13De vijgeboom brengt zijn jonge vijgjes voort, en de wijnstokken geven reuk met hun jonge druifjes. Sta op, Mijn vriendin! Mijn schone, en kom!  14Mijn duive, zijnde in de kloven der steenrots, in het verborgene ener steile plaats, toon Mij uw gedaante, doe Mij uw stem horen; want uw stem is zoet, en uw gedaante is liefelijk.  15Vangt gijlieden ons de vossen, de kleine vossen, die de wijngaarden verderven, want onze wijngaarden hebben jonge druifjes.  16Mijn Liefste is mijn, en ik ben Zijn, Die weidt onder de leliën,  17Totdat de dag aankomt, en de schaduwen vlieden; keer om, mijn Liefste! wordt Gij gelijk een ree, of een welp der herten, op de bergen van Bether."
      },
      {
        "book_name": "Hooglied",
        "book": 22,
        "chapter": 2,
        "verse": 1,
        "text": "Ik ben een Roos van Saron, een Lelie der dalen."
      },
      {
        "book_name": "Hooglied",
        "book": 22,
        "chapter": 2,
        "verse": 2,
        "text": "Gelijk een lelie onder de doornen, alzo is Mijn vriendin onder de dochteren."
      },
      {
        "book_name": "Hooglied",
        "book": 22,
        "chapter": 2,
        "verse": 3,
        "text": "Als een appelboom onder de bomen des wouds, zo is mijn Liefste onder de zonen; ik heb groten lust in Zijn schaduw, en zit er onder, en Zijn vrucht is mijn gehemelte zoet."
      },
      {
        "book_name": "Hooglied",
        "book": 22,
        "chapter": 2,
        "verse": 4,
        "text": "Hij voert mij in het wijnhuis, en de liefde is Zijn banier over mij."
      },
      {
        "book_name": "Hooglied",
        "book": 22,
        "chapter": 2,
        "verse": 5,
        "text": "Ondersteunt gijlieden mij met de flessen, versterkt mij met de appelen, want ik ben krank van liefde."
      },
      {
        "book_name": "Hooglied",
        "book": 22,
        "chapter": 2,
        "verse": 6,
        "text": "Zijn linkerhand zij onder mijn hoofd, en Zijn rechterhand omhelze mij."
      },
      {
        "book_name": "Hooglied",
        "book": 22,
        "chapter": 2,
        "verse": 7,
        "text": "Ik bezweer u, gij, dochteren van Jeruzalem! die bij de reeën, of bij de hinden des velds zijt, dat gij die liefde niet opwekt, noch wakker maakt, totdat het dezelve luste!"
      },
      {
        "book_name": "Hooglied",
        "book": 22,
        "chapter": 2,
        "verse": 8,
        "text": "Dat is de stem mijns Liefsten, ziet Hem, Hij komt, springende op de bergen, huppelende op de heuvelen!"
      },
      {
        "book_name": "Hooglied",
        "book": 22,
        "chapter": 2,
        "verse": 9,
        "text": "Mijn Liefste is gelijk een ree, of een welp der herten; ziet, Hij staat achter onzen muur, kijkende uit de vensteren, blinkende uit de traliën."
      },
      {
        "book_name": "Hooglied",
        "book": 22,
        "chapter": 2,
        "verse": 10,
        "text": "Mijn Liefste antwoordt, en zegt tot mij: Sta op, Mijn vriendin, Mijn schone, en kom!"
      },
      {
        "book_name": "Hooglied",
        "book": 22,
        "chapter": 2,
        "verse": 11,
        "text": "Want zie, de winter is voorbij, de plasregen is over, hij is overgegaan;"
      },
      {
        "book_name": "Hooglied",
        "book": 22,
        "chapter": 2,
        "verse": 12,
        "text": "De bloemen worden gezien in het land, de zangtijd genaakt, en de stem der tortelduif wordt gehoord in ons land."
      },
      {
        "book_name": "Hooglied",
        "book": 22,
        "chapter": 2,
        "verse": 13,
        "text": "De vijgeboom brengt zijn jonge vijgjes voort, en de wijnstokken geven reuk met hun jonge druifjes. Sta op, Mijn vriendin! Mijn schone, en kom!"
      },
      {
        "book_name": "Hooglied",
        "book": 22,
        "chapter": 2,
        "verse": 14,
        "text": "Mijn duive, zijnde in de kloven der steenrots, in het verborgene ener steile plaats, toon Mij uw gedaante, doe Mij uw stem horen; want uw stem is zoet, en uw gedaante is liefelijk."
      },
      {
        "book_name": "Hooglied",
        "book": 22,
        "chapter": 2,
        "verse": 15,
        "text": "Vangt gijlieden ons de vossen, de kleine vossen, die de wijngaarden verderven, want onze wijngaarden hebben jonge druifjes."
      },
      {
        "book_name": "Hooglied",
        "book": 22,
        "chapter": 2,
        "verse": 16,
        "text": "Mijn Liefste is mijn, en ik ben Zijn, Die weidt onder de leliën,"
      },
      {
        "book_name": "Hooglied",
        "book": 22,
        "chapter": 2,
        "verse": 17,
        "text": "Totdat de dag aankomt, en de schaduwen vlieden; keer om, mijn Liefste! wordt Gij gelijk een ree, of een welp der herten, op de bergen van Bether."
      }
    ],
    "3": [
      {
        "book_name": "Hooglied",
        "book": 22,
        "chapter": 3,
        "verse": 1,
        "text": "1Ik zocht des nachts op mijn leger Hem, Dien mijn ziel liefheeft; ik zocht Hem, maar ik vond Hem niet; ik zeide:  2Ik zal nu opstaan, en in de stad omgaan, in de wijken en in de straten; ik zal Hem zoeken, Dien mijn ziel liefheeft; ik zocht Hem, maar ik vond Hem niet.  3De wachters, die in de stad omgingen, vonden mij: ik zeide: Hebt gij Dien gezien, Dien mijn ziel liefheeft?  4Toen ik een weinigje van hen weggegaan was, vond ik Hem, Dien mijn ziel liefheeft; ik hield Hem vast, en liet Hem niet gaan, totdat ik Hem in mijner moeders huis gebracht had, en in de binnenste kamer van degene, die mij gebaard heeft.  5Ik bezweer u, gij dochteren van Jeruzalem! die bij de reeën of bij de hinden des velds zijt, dat gij de liefde niet opwekt, noch wakker maakt, totdat het haar luste!  6Wie is zij, die daar opkomt uit de woestijn, als rookpilaren, berookt met mirre en wierook, en met allerlei poeder des kruideniers?  7Ziet, het bed, dat Salomo heeft, daar zijn zestig helden rondom van de helden van Israël;  8Die altemaal zwaarden houden, geleerd ten oorlog, elk hebbende zijn zwaard aan zijn heup, vanwege den schrik des nachts.  9De koning Salomo heeft zich een koets gemaakt van het hout van Libanon.  10De pilaren derzelve maakte hij van zilver, haar vloer van goud, haar gehemelte van purper; het binnenste was bespreid met de liefde van de dochteren van Jeruzalem.  11Gaat uit, en aanschouwt, gij, dochteren van Sion! den koning Salomo, met de kroon, waarmede Hem Zijn moeder kroonde op den dag Zijner bruiloft, en op den dag der vreugde Zijns harten."
      },
      {
        "book_name": "Hooglied",
        "book": 22,
        "chapter": 3,
        "verse": 1,
        "text": "Ik zocht des nachts op mijn leger Hem, Dien mijn ziel liefheeft; ik zocht Hem, maar ik vond Hem niet; ik zeide:"
      },
      {
        "book_name": "Hooglied",
        "book": 22,
        "chapter": 3,
        "verse": 2,
        "text": "Ik zal nu opstaan, en in de stad omgaan, in de wijken en in de straten; ik zal Hem zoeken, Dien mijn ziel liefheeft; ik zocht Hem, maar ik vond Hem niet."
      },
      {
        "book_name": "Hooglied",
        "book": 22,
        "chapter": 3,
        "verse": 3,
        "text": "De wachters, die in de stad omgingen, vonden mij: ik zeide: Hebt gij Dien gezien, Dien mijn ziel liefheeft?"
      },
      {
        "book_name": "Hooglied",
        "book": 22,
        "chapter": 3,
        "verse": 4,
        "text": "Toen ik een weinigje van hen weggegaan was, vond ik Hem, Dien mijn ziel liefheeft; ik hield Hem vast, en liet Hem niet gaan, totdat ik Hem in mijner moeders huis gebracht had, en in de binnenste kamer van degene, die mij gebaard heeft."
      },
      {
        "book_name": "Hooglied",
        "book": 22,
        "chapter": 3,
        "verse": 5,
        "text": "Ik bezweer u, gij dochteren van Jeruzalem! die bij de reeën of bij de hinden des velds zijt, dat gij de liefde niet opwekt, noch wakker maakt, totdat het haar luste!"
      },
      {
        "book_name": "Hooglied",
        "book": 22,
        "chapter": 3,
        "verse": 6,
        "text": "Wie is zij, die daar opkomt uit de woestijn, als rookpilaren, berookt met mirre en wierook, en met allerlei poeder des kruideniers?"
      },
      {
        "book_name": "Hooglied",
        "book": 22,
        "chapter": 3,
        "verse": 7,
        "text": "Ziet, het bed, dat Salomo heeft, daar zijn zestig helden rondom van de helden van Israël;"
      },
      {
        "book_name": "Hooglied",
        "book": 22,
        "chapter": 3,
        "verse": 8,
        "text": "Die altemaal zwaarden houden, geleerd ten oorlog, elk hebbende zijn zwaard aan zijn heup, vanwege den schrik des nachts."
      },
      {
        "book_name": "Hooglied",
        "book": 22,
        "chapter": 3,
        "verse": 9,
        "text": "De koning Salomo heeft zich een koets gemaakt van het hout van Libanon."
      },
      {
        "book_name": "Hooglied",
        "book": 22,
        "chapter": 3,
        "verse": 10,
        "text": "De pilaren derzelve maakte hij van zilver, haar vloer van goud, haar gehemelte van purper; het binnenste was bespreid met de liefde van de dochteren van Jeruzalem."
      },
      {
        "book_name": "Hooglied",
        "book": 22,
        "chapter": 3,
        "verse": 11,
        "text": "Gaat uit, en aanschouwt, gij, dochteren van Sion! den koning Salomo, met de kroon, waarmede Hem Zijn moeder kroonde op den dag Zijner bruiloft, en op den dag der vreugde Zijns harten."
      }
    ],
    "4": [
      {
        "book_name": "Hooglied",
        "book": 22,
        "chapter": 4,
        "verse": 1,
        "text": "1Zie, gij zijt schoon, Mijn vriendin! zie, gij zijt schoon; uw ogen zijn duivenogen tussen uw vlechten; uw haar is als een kudde geiten, die het gras van den berg Gileads afscheren.  2Uw tanden zijn als een kudde schapen, die geschoren zijn, die uit de wasstede opkomen; die al te zamen tweelingen voortbrengen, en geen onder hen is jongeloos.  3Uw lippen zijn als een scharlaken snoer, en uw spraak is liefelijk; de slaap uws hoofds is als een stuk van een granaatappel tussen uw vlechten.  4Uw hals is als Davids toren, die gebouwd is tot ophanging van wapentuig, waar duizend rondassen aan hangen, altemaal zijnde schilden der helden.  5Uw twee borsten zijn gelijk twee welpen, tweelingen van een ree, die onder de leliën weiden.  6Totdat de dag aankomt, en de schaduwen vlieden, zal Ik gaan tot den mirreberg, en tot den wierookheuvel.  7Geheel zijt gij schoon, Mijn vriendin, en er is geen gebrek aan u.  8Bij Mij van den Libanon af, o bruid! kom bij Mij van den Libanon af; zie van den top van Amana, van den top van Senir en van Hermon, van de woningen der leeuwinnen, van de bergen der luipaarden.  9Gij hebt Mij het hart genomen, Mijn zuster, o bruid! gij hebt Mij het hart genomen, met een van uw ogen, met een keten van uw hals.  10Hoe schoon is uw uitnemende liefde, Mijn zuster, o bruid! hoeveel beter is uw uitnemende liefde dan wijn, en de reuk uwer oliën dan alle specerijen!  11Uw lippen, o bruid! druppen van honigzeem; honig en melk is onder uw tong, en de reuk uwer klederen is als de reuk van Libanon.  12Mijn zuster, o bruid! gij zijt een besloten hof, een besloten wel, een verzegelde fontein.  13Uw scheuten zijn een paradijs van granaatappelen, met edele vruchten, cyprus met nardus;  14Nardus en saffraan, kalmus en kaneel, met allerlei bomen van wierook, mirre en aloë, mitsgaders alle voornaamste specerijen.  15O fontein der hoven, put der levende wateren, die uit Libanon vloeien!  16Ontwaak, noordenwind! en kom, Gij zuidenwind! doorwaai mijn hof, dat zijn specerijen uitvloeien. O, dat mijn Liefste tot Zijn hof kwame, en ate zijn edele vruchten!"
      },
      {
        "book_name": "Hooglied",
        "book": 22,
        "chapter": 4,
        "verse": 1,
        "text": "Zie, gij zijt schoon, Mijn vriendin! zie, gij zijt schoon; uw ogen zijn duivenogen tussen uw vlechten; uw haar is als een kudde geiten, die het gras van den berg Gileads afscheren."
      },
      {
        "book_name": "Hooglied",
        "book": 22,
        "chapter": 4,
        "verse": 2,
        "text": "Uw tanden zijn als een kudde schapen, die geschoren zijn, die uit de wasstede opkomen; die al te zamen tweelingen voortbrengen, en geen onder hen is jongeloos."
      },
      {
        "book_name": "Hooglied",
        "book": 22,
        "chapter": 4,
        "verse": 3,
        "text": "Uw lippen zijn als een scharlaken snoer, en uw spraak is liefelijk; de slaap uws hoofds is als een stuk van een granaatappel tussen uw vlechten."
      },
      {
        "book_name": "Hooglied",
        "book": 22,
        "chapter": 4,
        "verse": 4,
        "text": "Uw hals is als Davids toren, die gebouwd is tot ophanging van wapentuig, waar duizend rondassen aan hangen, altemaal zijnde schilden der helden."
      },
      {
        "book_name": "Hooglied",
        "book": 22,
        "chapter": 4,
        "verse": 5,
        "text": "Uw twee borsten zijn gelijk twee welpen, tweelingen van een ree, die onder de leliën weiden."
      },
      {
        "book_name": "Hooglied",
        "book": 22,
        "chapter": 4,
        "verse": 6,
        "text": "Totdat de dag aankomt, en de schaduwen vlieden, zal Ik gaan tot den mirreberg, en tot den wierookheuvel."
      },
      {
        "book_name": "Hooglied",
        "book": 22,
        "chapter": 4,
        "verse": 7,
        "text": "Geheel zijt gij schoon, Mijn vriendin, en er is geen gebrek aan u."
      },
      {
        "book_name": "Hooglied",
        "book": 22,
        "chapter": 4,
        "verse": 8,
        "text": "Bij Mij van den Libanon af, o bruid! kom bij Mij van den Libanon af; zie van den top van Amana, van den top van Senir en van Hermon, van de woningen der leeuwinnen, van de bergen der luipaarden."
      },
      {
        "book_name": "Hooglied",
        "book": 22,
        "chapter": 4,
        "verse": 9,
        "text": "Gij hebt Mij het hart genomen, Mijn zuster, o bruid! gij hebt Mij het hart genomen, met een van uw ogen, met een keten van uw hals."
      },
      {
        "book_name": "Hooglied",
        "book": 22,
        "chapter": 4,
        "verse": 10,
        "text": "Hoe schoon is uw uitnemende liefde, Mijn zuster, o bruid! hoeveel beter is uw uitnemende liefde dan wijn, en de reuk uwer oliën dan alle specerijen!"
      },
      {
        "book_name": "Hooglied",
        "book": 22,
        "chapter": 4,
        "verse": 11,
        "text": "Uw lippen, o bruid! druppen van honigzeem; honig en melk is onder uw tong, en de reuk uwer klederen is als de reuk van Libanon."
      },
      {
        "book_name": "Hooglied",
        "book": 22,
        "chapter": 4,
        "verse": 12,
        "text": "Mijn zuster, o bruid! gij zijt een besloten hof, een besloten wel, een verzegelde fontein."
      },
      {
        "book_name": "Hooglied",
        "book": 22,
        "chapter": 4,
        "verse": 13,
        "text": "Uw scheuten zijn een paradijs van granaatappelen, met edele vruchten, cyprus met nardus;"
      },
      {
        "book_name": "Hooglied",
        "book": 22,
        "chapter": 4,
        "verse": 14,
        "text": "Nardus en saffraan, kalmus en kaneel, met allerlei bomen van wierook, mirre en aloë, mitsgaders alle voornaamste specerijen."
      },
      {
        "book_name": "Hooglied",
        "book": 22,
        "chapter": 4,
        "verse": 15,
        "text": "O fontein der hoven, put der levende wateren, die uit Libanon vloeien!"
      },
      {
        "book_name": "Hooglied",
        "book": 22,
        "chapter": 4,
        "verse": 16,
        "text": "Ontwaak, noordenwind! en kom, Gij zuidenwind! doorwaai mijn hof, dat zijn specerijen uitvloeien. O, dat mijn Liefste tot Zijn hof kwame, en ate zijn edele vruchten!"
      }
    ],
    "5": [
      {
        "book_name": "Hooglied",
        "book": 22,
        "chapter": 5,
        "verse": 1,
        "text": "1Ik ben in Mijn hof gekomen, o Mijn zuster, o bruid! Ik heb Mijn mirre geplukt met Mijn specerij; Ik heb Mijn honigraten met Mijn honig gegeten; Ik heb Mijn wijn, mitsgaders Mijn melk gedronken. Eet, vrienden! drinkt, en wordt dronken, o liefsten!  2Ik sliep, maar mijn hart waakte, de stem mijns Liefsten, Die klopte, was: Doe Mij open, Mijn zuster, Mijn vriendin, Mijn duive, Mijn volmaakte! want Mijn hoofd is vervuld met dauw, Mijn haarlokken met nachtdruppen.  3Ik heb mijn rok uitgetogen, hoe zal ik hem weder aantrekken? Ik heb mijn voeten gewassen, hoe zal ik ze weder bezoedelen?  4Mijn Liefste trok Zijn hand van het gat der deur; en mijn ingewand werd ontroerd om Zijnentwil.  5Ik stond op, om mijn Liefste open te doen; en mijn handen drupten van mirre, en mijn vingers van vloeiende mirre, op de handvatten des slots.  6Ik deed mijn Liefste open, maar mijn Liefste was geweken, Hij was doorgegaan; mijn ziel ging uit vanwege Zijn spreken; ik zocht Hem, maar ik vond Hem niet, ik riep Hem, doch Hij antwoordde mij niet.  7De wachters, die in de stad omgingen, vonden mij, zij sloegen mij, zij verwondden mij; de wachters op de muren namen mijn sluier van mij.  8Ik bezweer u, gij dochters van Jeruzalem! indien gij mijn Liefste vindt, wat zult gij Hem aanzeggen? Dat ik krank ben van liefde.  9Wat is uw Liefste meer dan een ander liefste, o gij schoonste onder de vrouwen! wat is uw Liefste meer dan een ander liefste, dat gij ons zo bezworen hebt!  10Mijn Liefste is blank en rood, Hij draagt de banier boven tien duizend.  11Zijn hoofd is van het fijnste goud, van het dichtste goud; Zijn haarlokken zijn gekruld, zwart als een raaf.  12Zijn ogen zijn als der duiven bij de waterstromen, met melk gewassen, staande als in kasjes der ringen.  13Zijn wangen zijn als een bed van specerij, als welriekende torentjes; Zijn lippen zijn als leliën, druppende van vloeiende mirre.  14Zijn handen zijn als gouden ringen, gevuld met turkoois; Zijn buik is als blinkend elpenbeen, overtogen met saffieren.  15Zijn schenkelen zijn als marmeren pilaren, gegrond op voeten van het dichtste goud; Zijn gestalte is als de Libanon, uitverkoren als de cederen.  16Zijn gehemelte is enkel zoetigheid, en al wat aan Hem is, is gans begeerlijk. Zulk een is mijn Liefste; ja, zulk een is mijn Vriend, gij dochters van Jeruzalem!"
      },
      {
        "book_name": "Hooglied",
        "book": 22,
        "chapter": 5,
        "verse": 1,
        "text": "Ik ben in Mijn hof gekomen, o Mijn zuster, o bruid! Ik heb Mijn mirre geplukt met Mijn specerij; Ik heb Mijn honigraten met Mijn honig gegeten; Ik heb Mijn wijn, mitsgaders Mijn melk gedronken. Eet, vrienden! drinkt, en wordt dronken, o liefsten!"
      },
      {
        "book_name": "Hooglied",
        "book": 22,
        "chapter": 5,
        "verse": 2,
        "text": "Ik sliep, maar mijn hart waakte, de stem mijns Liefsten, Die klopte, was: Doe Mij open, Mijn zuster, Mijn vriendin, Mijn duive, Mijn volmaakte! want Mijn hoofd is vervuld met dauw, Mijn haarlokken met nachtdruppen."
      },
      {
        "book_name": "Hooglied",
        "book": 22,
        "chapter": 5,
        "verse": 3,
        "text": "Ik heb mijn rok uitgetogen, hoe zal ik hem weder aantrekken? Ik heb mijn voeten gewassen, hoe zal ik ze weder bezoedelen?"
      },
      {
        "book_name": "Hooglied",
        "book": 22,
        "chapter": 5,
        "verse": 4,
        "text": "Mijn Liefste trok Zijn hand van het gat der deur; en mijn ingewand werd ontroerd om Zijnentwil."
      },
      {
        "book_name": "Hooglied",
        "book": 22,
        "chapter": 5,
        "verse": 5,
        "text": "Ik stond op, om mijn Liefste open te doen; en mijn handen drupten van mirre, en mijn vingers van vloeiende mirre, op de handvatten des slots."
      },
      {
        "book_name": "Hooglied",
        "book": 22,
        "chapter": 5,
        "verse": 6,
        "text": "Ik deed mijn Liefste open, maar mijn Liefste was geweken, Hij was doorgegaan; mijn ziel ging uit vanwege Zijn spreken; ik zocht Hem, maar ik vond Hem niet, ik riep Hem, doch Hij antwoordde mij niet."
      },
      {
        "book_name": "Hooglied",
        "book": 22,
        "chapter": 5,
        "verse": 7,
        "text": "De wachters, die in de stad omgingen, vonden mij, zij sloegen mij, zij verwondden mij; de wachters op de muren namen mijn sluier van mij."
      },
      {
        "book_name": "Hooglied",
        "book": 22,
        "chapter": 5,
        "verse": 8,
        "text": "Ik bezweer u, gij dochters van Jeruzalem! indien gij mijn Liefste vindt, wat zult gij Hem aanzeggen? Dat ik krank ben van liefde."
      },
      {
        "book_name": "Hooglied",
        "book": 22,
        "chapter": 5,
        "verse": 9,
        "text": "Wat is uw Liefste meer dan een ander liefste, o gij schoonste onder de vrouwen! wat is uw Liefste meer dan een ander liefste, dat gij ons zo bezworen hebt!"
      },
      {
        "book_name": "Hooglied",
        "book": 22,
        "chapter": 5,
        "verse": 10,
        "text": "Mijn Liefste is blank en rood, Hij draagt de banier boven tien duizend."
      },
      {
        "book_name": "Hooglied",
        "book": 22,
        "chapter": 5,
        "verse": 11,
        "text": "Zijn hoofd is van het fijnste goud, van het dichtste goud; Zijn haarlokken zijn gekruld, zwart als een raaf."
      },
      {
        "book_name": "Hooglied",
        "book": 22,
        "chapter": 5,
        "verse": 12,
        "text": "Zijn ogen zijn als der duiven bij de waterstromen, met melk gewassen, staande als in kasjes der ringen."
      },
      {
        "book_name": "Hooglied",
        "book": 22,
        "chapter": 5,
        "verse": 13,
        "text": "Zijn wangen zijn als een bed van specerij, als welriekende torentjes; Zijn lippen zijn als leliën, druppende van vloeiende mirre."
      },
      {
        "book_name": "Hooglied",
        "book": 22,
        "chapter": 5,
        "verse": 14,
        "text": "Zijn handen zijn als gouden ringen, gevuld met turkoois; Zijn buik is als blinkend elpenbeen, overtogen met saffieren."
      },
      {
        "book_name": "Hooglied",
        "book": 22,
        "chapter": 5,
        "verse": 15,
        "text": "Zijn schenkelen zijn als marmeren pilaren, gegrond op voeten van het dichtste goud; Zijn gestalte is als de Libanon, uitverkoren als de cederen."
      },
      {
        "book_name": "Hooglied",
        "book": 22,
        "chapter": 5,
        "verse": 16,
        "text": "Zijn gehemelte is enkel zoetigheid, en al wat aan Hem is, is gans begeerlijk. Zulk een is mijn Liefste; ja, zulk een is mijn Vriend, gij dochters van Jeruzalem!"
      }
    ],
    "6": [
      {
        "book_name": "Hooglied",
        "book": 22,
        "chapter": 6,
        "verse": 1,
        "text": "1Waar is uw Liefste heengegaan, o gij schoonste onder de vrouwen? Waarheen heeft uw Liefste het aangezicht gewend, opdat wij Hem met u zoeken?  2Mijn Liefste is afgegaan in Zijn hof, tot de specerijbedden, om te weiden in de hoven, en om de leliën te verzamelen.  3Ik ben mijns Liefsten, en mijn Liefste is mijn, Die onder de leliën weidt.  4Gij zijt schoon, Mijn vriendin, gelijk Thirza, liefelijk als Jeruzalem, schrikkelijk als slagorden met banieren.  5Wend uw ogen van Mij af, want zij doen Mij geweld aan; uw haar is als een kudde geiten, die het gras van Gilead afscheren.  6Uw tanden zijn als een kudde schapen, die uit de wasstede opkomen, die al te zamen tweelingen voortbrengen, en onder dezelve is geen jongeloos.  7Uw wangen zijn als een stuk van een granaatappel tussen uw vlechten.  8Er zijn zestig koninginnen en tachtig bijwijven, en maagden zonder getal.  9Een enige is Mijn duive, Mijn volmaakte, de enige harer moeder, zij is de zuivere dergene, die haar gebaard heeft; als de dochters haar zien, zo zullen zij haar welgelukzalig roemen, de koninginnen en de bijwijven; en zij zullen haar prijzen.  10Wie is zij, die er uitziet als de dageraad, schoon, gelijk de maan, zuiver als de zon, schrikkelijk als slagorden met banieren?  11Ik ben tot den notenhof afgegaan om de groene vruchten der vallei te zien; om te zien, of de wijnstok bloeide, de granaatbomen uitbotten.  12Eer ik het wist, zette mij mijn ziel op de wagens van mijn vrijwillig volk.  13Keer weder, keer weder, o Sulammith! Keer weder, keer weder, dat wij u mogen aanzien. Wat ziet gijlieden de Sulammith aan? Zij is als een rei van twee heiren."
      },
      {
        "book_name": "Hooglied",
        "book": 22,
        "chapter": 6,
        "verse": 1,
        "text": "Waar is uw Liefste heengegaan, o gij schoonste onder de vrouwen? Waarheen heeft uw Liefste het aangezicht gewend, opdat wij Hem met u zoeken?"
      },
      {
        "book_name": "Hooglied",
        "book": 22,
        "chapter": 6,
        "verse": 2,
        "text": "Mijn Liefste is afgegaan in Zijn hof, tot de specerijbedden, om te weiden in de hoven, en om de leliën te verzamelen."
      },
      {
        "book_name": "Hooglied",
        "book": 22,
        "chapter": 6,
        "verse": 3,
        "text": "Ik ben mijns Liefsten, en mijn Liefste is mijn, Die onder de leliën weidt."
      },
      {
        "book_name": "Hooglied",
        "book": 22,
        "chapter": 6,
        "verse": 4,
        "text": "Gij zijt schoon, Mijn vriendin, gelijk Thirza, liefelijk als Jeruzalem, schrikkelijk als slagorden met banieren."
      },
      {
        "book_name": "Hooglied",
        "book": 22,
        "chapter": 6,
        "verse": 5,
        "text": "Wend uw ogen van Mij af, want zij doen Mij geweld aan; uw haar is als een kudde geiten, die het gras van Gilead afscheren."
      },
      {
        "book_name": "Hooglied",
        "book": 22,
        "chapter": 6,
        "verse": 6,
        "text": "Uw tanden zijn als een kudde schapen, die uit de wasstede opkomen, die al te zamen tweelingen voortbrengen, en onder dezelve is geen jongeloos."
      },
      {
        "book_name": "Hooglied",
        "book": 22,
        "chapter": 6,
        "verse": 7,
        "text": "Uw wangen zijn als een stuk van een granaatappel tussen uw vlechten."
      },
      {
        "book_name": "Hooglied",
        "book": 22,
        "chapter": 6,
        "verse": 8,
        "text": "Er zijn zestig koninginnen en tachtig bijwijven, en maagden zonder getal."
      },
      {
        "book_name": "Hooglied",
        "book": 22,
        "chapter": 6,
        "verse": 9,
        "text": "Een enige is Mijn duive, Mijn volmaakte, de enige harer moeder, zij is de zuivere dergene, die haar gebaard heeft; als de dochters haar zien, zo zullen zij haar welgelukzalig roemen, de koninginnen en de bijwijven; en zij zullen haar prijzen."
      },
      {
        "book_name": "Hooglied",
        "book": 22,
        "chapter": 6,
        "verse": 10,
        "text": "Wie is zij, die er uitziet als de dageraad, schoon, gelijk de maan, zuiver als de zon, schrikkelijk als slagorden met banieren?"
      },
      {
        "book_name": "Hooglied",
        "book": 22,
        "chapter": 6,
        "verse": 11,
        "text": "Ik ben tot den notenhof afgegaan om de groene vruchten der vallei te zien; om te zien, of de wijnstok bloeide, de granaatbomen uitbotten."
      },
      {
        "book_name": "Hooglied",
        "book": 22,
        "chapter": 6,
        "verse": 12,
        "text": "Eer ik het wist, zette mij mijn ziel op de wagens van mijn vrijwillig volk."
      },
      {
        "book_name": "Hooglied",
        "book": 22,
        "chapter": 6,
        "verse": 13,
        "text": "Keer weder, keer weder, o Sulammith! Keer weder, keer weder, dat wij u mogen aanzien. Wat ziet gijlieden de Sulammith aan? Zij is als een rei van twee heiren."
      }
    ],
    "7": [
      {
        "book_name": "Hooglied",
        "book": 22,
        "chapter": 7,
        "verse": 1,
        "text": "1Hoe schoon zijn uw gangen in de schoenen, gij prinsendochter! de omdraaiingen uwer heupen zijn als kostelijke ketens, zijnde het werk van de handen eens kunstenaars.  2Uw navel is als een ronde beker, dien geen drank ontbreekt; uw buik is als een hoop tarwe, rondom bezet met leliën.  3Uw twee borsten zijn als twee welpen, tweelingen van een ree.  4Uw hals is als een elpenbenen toren, uw ogen zijn als de vijvers te Hesbon, bij de poort van Bath-rabbim; uw neus is als de toren van Libanon, die tegen Damaskus ziet.  5Uw hoofd op u is als Karmel, en de haarband uws hoofds als purper; de koning is als gebonden op de galerijen.  6Hoe schoon zijt gij, en hoe liefelijk zijt gij, o liefde, in wellusten!  7Deze uw lengte is te vergelijken bij een palmboom, en uw borsten bij druiftrossen.  8Ik zeide: Ik zal op den palmboom klimmen, ik zal zijn takken grijpen; zo zullen dan uw borsten zijn als druiftrossen aan den wijnstok, en de reuk van uw neus als appelen.  9En uw gehemelte als goede wijn, die recht tot mijn Beminde gaat, doende de lippen der slapenden spreken.  10Ik ben mijns Liefsten, en Zijn genegenheid is tot mij.  11Kom, mijn Liefste! laat ons uitgaan in het veld, laat ons vernachten op de dorpen.  12Laat ons vroeg ons opmaken naar de wijnbergen, laat ons zien, of de wijnstok bloeit, de jonge druifjes zich opendoen, de granaatappelbomen uitbotten; daar zal ik U mijn uitnemende liefde geven.  13De dudaïm geven reuk, en aan onze deuren zijn allerlei edele vruchten, nieuwe en oude; o mijn Liefste! die heb ik voor U weggelegd."
      },
      {
        "book_name": "Hooglied",
        "book": 22,
        "chapter": 7,
        "verse": 1,
        "text": "Hoe schoon zijn uw gangen in de schoenen, gij prinsendochter! de omdraaiingen uwer heupen zijn als kostelijke ketens, zijnde het werk van de handen eens kunstenaars."
      },
      {
        "book_name": "Hooglied",
        "book": 22,
        "chapter": 7,
        "verse": 2,
        "text": "Uw navel is als een ronde beker, dien geen drank ontbreekt; uw buik is als een hoop tarwe, rondom bezet met leliën."
      },
      {
        "book_name": "Hooglied",
        "book": 22,
        "chapter": 7,
        "verse": 3,
        "text": "Uw twee borsten zijn als twee welpen, tweelingen van een ree."
      },
      {
        "book_name": "Hooglied",
        "book": 22,
        "chapter": 7,
        "verse": 4,
        "text": "Uw hals is als een elpenbenen toren, uw ogen zijn als de vijvers te Hesbon, bij de poort van Bath-rabbim; uw neus is als de toren van Libanon, die tegen Damaskus ziet."
      },
      {
        "book_name": "Hooglied",
        "book": 22,
        "chapter": 7,
        "verse": 5,
        "text": "Uw hoofd op u is als Karmel, en de haarband uws hoofds als purper; de koning is als gebonden op de galerijen."
      },
      {
        "book_name": "Hooglied",
        "book": 22,
        "chapter": 7,
        "verse": 6,
        "text": "Hoe schoon zijt gij, en hoe liefelijk zijt gij, o liefde, in wellusten!"
      },
      {
        "book_name": "Hooglied",
        "book": 22,
        "chapter": 7,
        "verse": 7,
        "text": "Deze uw lengte is te vergelijken bij een palmboom, en uw borsten bij druiftrossen."
      },
      {
        "book_name": "Hooglied",
        "book": 22,
        "chapter": 7,
        "verse": 8,
        "text": "Ik zeide: Ik zal op den palmboom klimmen, ik zal zijn takken grijpen; zo zullen dan uw borsten zijn als druiftrossen aan den wijnstok, en de reuk van uw neus als appelen."
      },
      {
        "book_name": "Hooglied",
        "book": 22,
        "chapter": 7,
        "verse": 9,
        "text": "En uw gehemelte als goede wijn, die recht tot mijn Beminde gaat, doende de lippen der slapenden spreken."
      },
      {
        "book_name": "Hooglied",
        "book": 22,
        "chapter": 7,
        "verse": 10,
        "text": "Ik ben mijns Liefsten, en Zijn genegenheid is tot mij."
      },
      {
        "book_name": "Hooglied",
        "book": 22,
        "chapter": 7,
        "verse": 11,
        "text": "Kom, mijn Liefste! laat ons uitgaan in het veld, laat ons vernachten op de dorpen."
      },
      {
        "book_name": "Hooglied",
        "book": 22,
        "chapter": 7,
        "verse": 12,
        "text": "Laat ons vroeg ons opmaken naar de wijnbergen, laat ons zien, of de wijnstok bloeit, de jonge druifjes zich opendoen, de granaatappelbomen uitbotten; daar zal ik U mijn uitnemende liefde geven."
      },
      {
        "book_name": "Hooglied",
        "book": 22,
        "chapter": 7,
        "verse": 13,
        "text": "De dudaïm geven reuk, en aan onze deuren zijn allerlei edele vruchten, nieuwe en oude; o mijn Liefste! die heb ik voor U weggelegd."
      }
    ],
    "8": [
      {
        "book_name": "Hooglied",
        "book": 22,
        "chapter": 8,
        "verse": 1,
        "text": "1Och, dat Gij mij als een Broeder waart, zuigende de borsten mijner moeder! dat ik U op de straat vond, ik zou U kussen, ook zouden zij mij niet verachten.  2Ik zou U leiden, ik zou U brengen in mijner moeders huis, Gij zoudt mij leren; ik zou U van specerijwijn te drinken geven, en van het sap van mijn granaatappelen.  3Zijn linkerhand zij onder mijn hoofd, en Zijn rechterhand omhelze mij.  4Ik bezweer u, gij dochteren van Jeruzalem! dat gij die liefde niet opwekt, noch wakker maakt, totdat het dezelve lust!  5Wie is zij, die daar opklimt uit de woestijn, en liefelijk leunt op haar Liefste? Onder den appelboom heb ik U opgewekt, daar heeft U Uw moeder met smart voortgebracht, daar heeft zij U met smart voortgebracht, die U gebaard heeft.  6Zet mij als een zegel op Uw hart, als een zegel op Uw arm; want de liefde is sterk als de dood; de ijver is hard als het graf; haar kolen zijn vurige kolen, vlammen des HEEREN.  7Vele wateren zouden deze liefde niet kunnen uitblussen; ja, de rivieren zouden ze niet verdrinken; al gaf iemand al het goed van zijn huis voor deze liefde, men zou hem te enenmale verachten.  8Wij hebben een kleine zuster, die nog geen borsten heeft; wat zullen wij onze zuster doen in dien dag, als men van haar spreken zal?  9Zo zij een muur is, wij zullen een paleis van zilver op haar bouwen; en zo zij een deur is, wij zullen haar rondom bezetten met cederen planken.  10Ik ben een muur en mijn borsten zijn als torens. Toen was ik in Zijn ogen als een, die vrede vindt.  11Salomo had een wijngaard, te Baäl-Hamon; hij gaf dezen wijngaard aan de hoeders, een ieder bracht voor deszelfs vrucht duizend zilverlingen.  12Mijn wijngaard, dien Ik heb, is voor Mijn aangezicht; de duizend zilverlingen zijn voor u, o Salomo! maar tweehonderd zijn voor de hoeders van deszelfs vrucht.  13O gij bewoonster der hoven! de metgezellen merken op uw stem; doe ze Mij horen.  14Kom haastelijk, mijn Liefste! en wees Gij gelijk een ree, of gelijk een welp der herten op de bergen der specerijen."
      },
      {
        "book_name": "Hooglied",
        "book": 22,
        "chapter": 8,
        "verse": 1,
        "text": "Och, dat Gij mij als een Broeder waart, zuigende de borsten mijner moeder! dat ik U op de straat vond, ik zou U kussen, ook zouden zij mij niet verachten."
      },
      {
        "book_name": "Hooglied",
        "book": 22,
        "chapter": 8,
        "verse": 2,
        "text": "Ik zou U leiden, ik zou U brengen in mijner moeders huis, Gij zoudt mij leren; ik zou U van specerijwijn te drinken geven, en van het sap van mijn granaatappelen."
      },
      {
        "book_name": "Hooglied",
        "book": 22,
        "chapter": 8,
        "verse": 3,
        "text": "Zijn linkerhand zij onder mijn hoofd, en Zijn rechterhand omhelze mij."
      },
      {
        "book_name": "Hooglied",
        "book": 22,
        "chapter": 8,
        "verse": 4,
        "text": "Ik bezweer u, gij dochteren van Jeruzalem! dat gij die liefde niet opwekt, noch wakker maakt, totdat het dezelve lust!"
      },
      {
        "book_name": "Hooglied",
        "book": 22,
        "chapter": 8,
        "verse": 5,
        "text": "Wie is zij, die daar opklimt uit de woestijn, en liefelijk leunt op haar Liefste? Onder den appelboom heb ik U opgewekt, daar heeft U Uw moeder met smart voortgebracht, daar heeft zij U met smart voortgebracht, die U gebaard heeft."
      },
      {
        "book_name": "Hooglied",
        "book": 22,
        "chapter": 8,
        "verse": 6,
        "text": "Zet mij als een zegel op Uw hart, als een zegel op Uw arm; want de liefde is sterk als de dood; de ijver is hard als het graf; haar kolen zijn vurige kolen, vlammen des HEEREN."
      },
      {
        "book_name": "Hooglied",
        "book": 22,
        "chapter": 8,
        "verse": 7,
        "text": "Vele wateren zouden deze liefde niet kunnen uitblussen; ja, de rivieren zouden ze niet verdrinken; al gaf iemand al het goed van zijn huis voor deze liefde, men zou hem te enenmale verachten."
      },
      {
        "book_name": "Hooglied",
        "book": 22,
        "chapter": 8,
        "verse": 8,
        "text": "Wij hebben een kleine zuster, die nog geen borsten heeft; wat zullen wij onze zuster doen in dien dag, als men van haar spreken zal?"
      },
      {
        "book_name": "Hooglied",
        "book": 22,
        "chapter": 8,
        "verse": 9,
        "text": "Zo zij een muur is, wij zullen een paleis van zilver op haar bouwen; en zo zij een deur is, wij zullen haar rondom bezetten met cederen planken."
      },
      {
        "book_name": "Hooglied",
        "book": 22,
        "chapter": 8,
        "verse": 10,
        "text": "Ik ben een muur en mijn borsten zijn als torens. Toen was ik in Zijn ogen als een, die vrede vindt."
      },
      {
        "book_name": "Hooglied",
        "book": 22,
        "chapter": 8,
        "verse": 11,
        "text": "Salomo had een wijngaard, te Baäl-Hamon; hij gaf dezen wijngaard aan de hoeders, een ieder bracht voor deszelfs vrucht duizend zilverlingen."
      },
      {
        "book_name": "Hooglied",
        "book": 22,
        "chapter": 8,
        "verse": 12,
        "text": "Mijn wijngaard, dien Ik heb, is voor Mijn aangezicht; de duizend zilverlingen zijn voor u, o Salomo! maar tweehonderd zijn voor de hoeders van deszelfs vrucht."
      },
      {
        "book_name": "Hooglied",
        "book": 22,
        "chapter": 8,
        "verse": 13,
        "text": "O gij bewoonster der hoven! de metgezellen merken op uw stem; doe ze Mij horen."
      },
      {
        "book_name": "Hooglied",
        "book": 22,
        "chapter": 8,
        "verse": 14,
        "text": "Kom haastelijk, mijn Liefste! en wees Gij gelijk een ree, of gelijk een welp der herten op de bergen der specerijen."
      }
    ]
  }
}