{
  "source": "bible.com",
  "version": "Statenvertaling (1750)",
  "book": "Titus",
  "chapters": {
    "1": [
      {
        "book_name": "Titus",
        "book": 56,
        "chapter": 1,
        "verse": 1,
        "text": "1Paulus, een dienstknecht Gods, en een apostel van Jezus Christus, naar het geloof der uitverkorenen Gods, en de kennis der waarheid, die naar de godzaligheid is;  2In de hoop des eeuwigen levens, welke God, Die niet liegen kan, beloofd heeft, voor de tijden der eeuwen, maar geopenbaard heeft te Zijner tijd;  3  Namelijk Zijn Woord, door de prediking, die mij toebetrouwd is, naar het bevel van God, onze Zaligmaker; aan Titus, mijn oprechten zoon, naar het gemeen geloof:  4Genade, barmhartigheid, vrede zij u van God den Vader, en den Heere Jezus Christus, onzen Zaligmaker.  5Om die oorzaak heb ik u te Kreta gelaten, opdat gij, hetgeen nog ontbrak, voorts zoudt te recht brengen, en dat gij van stad tot stad zoudt ouderlingen stellen, gelijk ik u bevolen heb:  6Indien iemand onberispelijk is, éner vrouwe man, gelovige kinderen hebbende, die niet te beschuldigen zijn van overdadigheid, of ongehoorzaam zijn.  7Want een opziener moet onberispelijk zijn, als een huisverzorger Gods, niet eigenzinnig, niet genegen tot toornigheid, niet genegen tot den wijn, geen smijter, geen vuil-gewinzoeker;  8Maar die gaarne herbergt, die de goeden liefheeft, matig, rechtvaardig, heilig, kuis;  9Die vasthoudt aan het getrouwe woord, dat naar de leer is, opdat hij machtig zij, beide om te vermanen door de gezonde leer, en om de tegensprekers te wederleggen.  10Want er zijn ook vele ongeregelden, ijdelheidsprekers en verleiders van zinnen, inzonderheid die uit de besnijdenis zijn;  11Welken men moet den mond stoppen, die gehele huizen verkeren, lerende wat niet behoort, om vuil gewins wil.  12Een uit hen, zijnde hun eigen profeet, heeft gezegd: De Kretensen zijn altijd leugenachtig, kwade beesten, luie buiken.  13Deze getuigenis is waar. Daarom bestraf hen scherpelijk, opdat zij gezond mogen zijn in het geloof.  14En zich niet begeven tot Joodse fabelen, en geboden der mensen, die hen van de waarheid afkeren.  15Alle dingen zijn wel rein den reinen, maar den bevlekten en ongelovigen is geen ding rein, maar beide hun verstand en geweten zijn bevlekt.  16Zij belijden, dat zij God kennen, maar zij verloochenen Hem met de werken, alzo zij gruwelijk zijn en ongehoorzaam, en tot alle goed werk ongeschikt."
      },
      {
        "book_name": "Titus",
        "book": 56,
        "chapter": 1,
        "verse": 1,
        "text": "Paulus, een dienstknecht Gods, en een apostel van Jezus Christus, naar het geloof der uitverkorenen Gods, en de kennis der waarheid, die naar de godzaligheid is;"
      },
      {
        "book_name": "Titus",
        "book": 56,
        "chapter": 1,
        "verse": 2,
        "text": "In de hoop des eeuwigen levens, welke God, Die niet liegen kan, beloofd heeft, voor de tijden der eeuwen, maar geopenbaard heeft te Zijner tijd;"
      },
      {
        "book_name": "Titus",
        "book": 56,
        "chapter": 1,
        "verse": 3,
        "text": "Namelijk Zijn Woord, door de prediking, die mij toebetrouwd is, naar het bevel van God, onze Zaligmaker; aan Titus, mijn oprechten zoon, naar het gemeen geloof:"
      },
      {
        "book_name": "Titus",
        "book": 56,
        "chapter": 1,
        "verse": 4,
        "text": "Genade, barmhartigheid, vrede zij u van God den Vader, en den Heere Jezus Christus, onzen Zaligmaker."
      },
      {
        "book_name": "Titus",
        "book": 56,
        "chapter": 1,
        "verse": 5,
        "text": "Om die oorzaak heb ik u te Kreta gelaten, opdat gij, hetgeen nog ontbrak, voorts zoudt te recht brengen, en dat gij van stad tot stad zoudt ouderlingen stellen, gelijk ik u bevolen heb:"
      },
      {
        "book_name": "Titus",
        "book": 56,
        "chapter": 1,
        "verse": 6,
        "text": "Indien iemand onberispelijk is, éner vrouwe man, gelovige kinderen hebbende, die niet te beschuldigen zijn van overdadigheid, of ongehoorzaam zijn."
      },
      {
        "book_name": "Titus",
        "book": 56,
        "chapter": 1,
        "verse": 7,
        "text": "Want een opziener moet onberispelijk zijn, als een huisverzorger Gods, niet eigenzinnig, niet genegen tot toornigheid, niet genegen tot den wijn, geen smijter, geen vuil-gewinzoeker;"
      },
      {
        "book_name": "Titus",
        "book": 56,
        "chapter": 1,
        "verse": 8,
        "text": "Maar die gaarne herbergt, die de goeden liefheeft, matig, rechtvaardig, heilig, kuis;"
      },
      {
        "book_name": "Titus",
        "book": 56,
        "chapter": 1,
        "verse": 9,
        "text": "Die vasthoudt aan het getrouwe woord, dat naar de leer is, opdat hij machtig zij, beide om te vermanen door de gezonde leer, en om de tegensprekers te wederleggen."
      },
      {
        "book_name": "Titus",
        "book": 56,
        "chapter": 1,
        "verse": 10,
        "text": "Want er zijn ook vele ongeregelden, ijdelheidsprekers en verleiders van zinnen, inzonderheid die uit de besnijdenis zijn;"
      },
      {
        "book_name": "Titus",
        "book": 56,
        "chapter": 1,
        "verse": 11,
        "text": "Welken men moet den mond stoppen, die gehele huizen verkeren, lerende wat niet behoort, om vuil gewins wil."
      },
      {
        "book_name": "Titus",
        "book": 56,
        "chapter": 1,
        "verse": 12,
        "text": "Een uit hen, zijnde hun eigen profeet, heeft gezegd: De Kretensen zijn altijd leugenachtig, kwade beesten, luie buiken."
      },
      {
        "book_name": "Titus",
        "book": 56,
        "chapter": 1,
        "verse": 13,
        "text": "Deze getuigenis is waar. Daarom bestraf hen scherpelijk, opdat zij gezond mogen zijn in het geloof."
      },
      {
        "book_name": "Titus",
        "book": 56,
        "chapter": 1,
        "verse": 14,
        "text": "En zich niet begeven tot Joodse fabelen, en geboden der mensen, die hen van de waarheid afkeren."
      },
      {
        "book_name": "Titus",
        "book": 56,
        "chapter": 1,
        "verse": 15,
        "text": "Alle dingen zijn wel rein den reinen, maar den bevlekten en ongelovigen is geen ding rein, maar beide hun verstand en geweten zijn bevlekt."
      },
      {
        "book_name": "Titus",
        "book": 56,
        "chapter": 1,
        "verse": 16,
        "text": "Zij belijden, dat zij God kennen, maar zij verloochenen Hem met de werken, alzo zij gruwelijk zijn en ongehoorzaam, en tot alle goed werk ongeschikt."
      }
    ],
    "2": [
      {
        "book_name": "Titus",
        "book": 56,
        "chapter": 2,
        "verse": 1,
        "text": "1Doch gij, spreek hetgeen der gezonde leer betaamt.  2Dat de oude mannen nuchter zijn, stemmig, voorzichtig, gezond in het geloof, in de liefde, in de lijdzaamheid.  3De oude vrouwen insgelijks, dat zij in haar dracht zijn, gelijk den heiligen betaamt, dat zij geen lasteressen zijn, zich niet tot veel wijns begevende, maar leraressen zijn van het goede;  4Opdat zij de jonge vrouwen leren voorzichtig te zijn, haar mannen lief te hebben, haar kinderen lief te hebben;  5Matig te zijn, kuis te zijn, het huis te bewaren, goed te zijn, haar eigen mannen onderdanig te zijn, opdat het Woord Gods niet gelasterd worde.  6Vermaan den jongen mannen insgelijks, dat zij matig zijn.  7Betoon uzelven in alles een voorbeeld van goede werken, betoon in de leer onvervalstheid, deftigheid, oprechtheid;  8Het woord gezond en onverwerpelijk, opdat degene, die daartegen is, beschaamd worde, en niets kwaads hebbe van ulieden te zeggen.  9  Vermaan den dienstknechten, dat zij hun eigen heren onderdanig zijn, dat zij in alles welbehagelijk zijn, niet tegensprekende;  10Niet onttrekkende, maar alle goede trouw bewijzende; opdat zij de leer van God, onzen Zaligmaker, in alles mogen versieren.  11Want de zaligmakende genade Gods is verschenen aan alle mensen.  12En onderwijst ons, dat wij, de goddeloosheid en de wereldse begeerlijkheden verzakende, matig en rechtvaardig, en godzalig leven zouden in deze tegenwoordige wereld;  13Verwachtende de zalige hoop en verschijning der heerlijkheid van den groten God en onzen Zaligmaker Jezus Christus;  14Die Zichzelven voor ons gegeven heeft, opdat Hij ons zou verlossen van alle ongerechtigheid, en Zichzelven een eigen volk zou reinigen, ijverig in goede werken.  15Spreek dit, en vermaan, en bestraf met allen ernst. Dat niemand u verachte."
      },
      {
        "book_name": "Titus",
        "book": 56,
        "chapter": 2,
        "verse": 1,
        "text": "Doch gij, spreek hetgeen der gezonde leer betaamt."
      },
      {
        "book_name": "Titus",
        "book": 56,
        "chapter": 2,
        "verse": 2,
        "text": "Dat de oude mannen nuchter zijn, stemmig, voorzichtig, gezond in het geloof, in de liefde, in de lijdzaamheid."
      },
      {
        "book_name": "Titus",
        "book": 56,
        "chapter": 2,
        "verse": 3,
        "text": "De oude vrouwen insgelijks, dat zij in haar dracht zijn, gelijk den heiligen betaamt, dat zij geen lasteressen zijn, zich niet tot veel wijns begevende, maar leraressen zijn van het goede;"
      },
      {
        "book_name": "Titus",
        "book": 56,
        "chapter": 2,
        "verse": 4,
        "text": "Opdat zij de jonge vrouwen leren voorzichtig te zijn, haar mannen lief te hebben, haar kinderen lief te hebben;"
      },
      {
        "book_name": "Titus",
        "book": 56,
        "chapter": 2,
        "verse": 5,
        "text": "Matig te zijn, kuis te zijn, het huis te bewaren, goed te zijn, haar eigen mannen onderdanig te zijn, opdat het Woord Gods niet gelasterd worde."
      },
      {
        "book_name": "Titus",
        "book": 56,
        "chapter": 2,
        "verse": 6,
        "text": "Vermaan den jongen mannen insgelijks, dat zij matig zijn."
      },
      {
        "book_name": "Titus",
        "book": 56,
        "chapter": 2,
        "verse": 7,
        "text": "Betoon uzelven in alles een voorbeeld van goede werken, betoon in de leer onvervalstheid, deftigheid, oprechtheid;"
      },
      {
        "book_name": "Titus",
        "book": 56,
        "chapter": 2,
        "verse": 8,
        "text": "Het woord gezond en onverwerpelijk, opdat degene, die daartegen is, beschaamd worde, en niets kwaads hebbe van ulieden te zeggen."
      },
      {
        "book_name": "Titus",
        "book": 56,
        "chapter": 2,
        "verse": 9,
        "text": "Vermaan den dienstknechten, dat zij hun eigen heren onderdanig zijn, dat zij in alles welbehagelijk zijn, niet tegensprekende;"
      },
      {
        "book_name": "Titus",
        "book": 56,
        "chapter": 2,
        "verse": 10,
        "text": "Niet onttrekkende, maar alle goede trouw bewijzende; opdat zij de leer van God, onzen Zaligmaker, in alles mogen versieren."
      },
      {
        "book_name": "Titus",
        "book": 56,
        "chapter": 2,
        "verse": 11,
        "text": "Want de zaligmakende genade Gods is verschenen aan alle mensen."
      },
      {
        "book_name": "Titus",
        "book": 56,
        "chapter": 2,
        "verse": 12,
        "text": "En onderwijst ons, dat wij, de goddeloosheid en de wereldse begeerlijkheden verzakende, matig en rechtvaardig, en godzalig leven zouden in deze tegenwoordige wereld;"
      },
      {
        "book_name": "Titus",
        "book": 56,
        "chapter": 2,
        "verse": 13,
        "text": "Verwachtende de zalige hoop en verschijning der heerlijkheid van den groten God en onzen Zaligmaker Jezus Christus;"
      },
      {
        "book_name": "Titus",
        "book": 56,
        "chapter": 2,
        "verse": 14,
        "text": "Die Zichzelven voor ons gegeven heeft, opdat Hij ons zou verlossen van alle ongerechtigheid, en Zichzelven een eigen volk zou reinigen, ijverig in goede werken."
      },
      {
        "book_name": "Titus",
        "book": 56,
        "chapter": 2,
        "verse": 15,
        "text": "Spreek dit, en vermaan, en bestraf met allen ernst. Dat niemand u verachte."
      }
    ],
    "3": [
      {
        "book_name": "Titus",
        "book": 56,
        "chapter": 3,
        "verse": 1,
        "text": "1Vermaan hen, dat zij aan de overheden en machten onderdanig zijn, dat zij hun gehoorzaam zijn, dat zij tot alle goed werk bereid zijn;  2Dat zij niemand lasteren, geen vechters zijn, maar bescheiden zijn, alle zachtmoedigheid bewijzende jegens alle mensen.  3Want ook wij waren eertijds onwijs, ongehoorzaam, dwalende, menigerlei begeerlijkheden en wellusten dienende, in boosheid en nijdigheid levende, hatelijk zijnde, en elkander hatende.  4Maar wanneer de goedertierenheid van God, onzen Zaligmaker, en Zijn liefde tot de mensen verschenen is,  5Heeft Hij ons zalig gemaakt, niet uit de werken der rechtvaardigheid, die wij gedaan hadden, maar naar Zijn barmhartigheid, door het bad der wedergeboorte en vernieuwing des Heiligen Geestes;  6Denwelken Hij over ons rijkelijk heeft uitgegoten door Jezus Christus, onzen Zaligmaker;  7Opdat wij, gerechtvaardigd zijnde door Zijn genade, erfgenamen zouden worden naar de hope des eeuwigen levens.  8Dit is een getrouw woord, en deze dingen wil ik, dat gij ernstelijk bevestigt, opdat degenen, die aan God geloven, zorg dragen, om goede werken voor te staan; deze dingen zijn het, die goed en nuttig zijn den mensen.  9Maar wedersta de dwaze vragen en geslachtsrekeningen, en twistingen, en strijdingen over de wet; want zij zijn onnut en ijdel.  10Verwerp een kettersen mens na de eerste en tweede vermaning;  11Wetende, dat de zodanige verkeerd is, en zondigt, zijnde bij zichzelf veroordeeld.  12Als ik Artemas tot u zal zenden, of Tychikus, zo benaarstig u tot mij te komen te Nikopolis; want aldaar heb ik voorgenomen te overwinteren.  13Geleid Zenas, den wetgeleerde, en Apollos zorgvuldiglijk, opdat hun niets ontbreke.  14En dat ook de onzen leren, goede werken voor te staan tot nodig gebruik, opdat zij niet onvruchtbaar zijn.  15Die met mij zijn, groeten u allen. Groet ze, die ons liefhebben in het geloof. De genade zij met u allen. Amen. «Geschreven vanuit Nicopolis in Macedonië aan Titus, aangesteld tot eerste opziener van de Gemeente der Kretenzen.»"
      },
      {
        "book_name": "Titus",
        "book": 56,
        "chapter": 3,
        "verse": 1,
        "text": "Vermaan hen, dat zij aan de overheden en machten onderdanig zijn, dat zij hun gehoorzaam zijn, dat zij tot alle goed werk bereid zijn;"
      },
      {
        "book_name": "Titus",
        "book": 56,
        "chapter": 3,
        "verse": 2,
        "text": "Dat zij niemand lasteren, geen vechters zijn, maar bescheiden zijn, alle zachtmoedigheid bewijzende jegens alle mensen."
      },
      {
        "book_name": "Titus",
        "book": 56,
        "chapter": 3,
        "verse": 3,
        "text": "Want ook wij waren eertijds onwijs, ongehoorzaam, dwalende, menigerlei begeerlijkheden en wellusten dienende, in boosheid en nijdigheid levende, hatelijk zijnde, en elkander hatende."
      },
      {
        "book_name": "Titus",
        "book": 56,
        "chapter": 3,
        "verse": 4,
        "text": "Maar wanneer de goedertierenheid van God, onzen Zaligmaker, en Zijn liefde tot de mensen verschenen is,"
      },
      {
        "book_name": "Titus",
        "book": 56,
        "chapter": 3,
        "verse": 5,
        "text": "Heeft Hij ons zalig gemaakt, niet uit de werken der rechtvaardigheid, die wij gedaan hadden, maar naar Zijn barmhartigheid, door het bad der wedergeboorte en vernieuwing des Heiligen Geestes;"
      },
      {
        "book_name": "Titus",
        "book": 56,
        "chapter": 3,
        "verse": 6,
        "text": "Denwelken Hij over ons rijkelijk heeft uitgegoten door Jezus Christus, onzen Zaligmaker;"
      },
      {
        "book_name": "Titus",
        "book": 56,
        "chapter": 3,
        "verse": 7,
        "text": "Opdat wij, gerechtvaardigd zijnde door Zijn genade, erfgenamen zouden worden naar de hope des eeuwigen levens."
      },
      {
        "book_name": "Titus",
        "book": 56,
        "chapter": 3,
        "verse": 8,
        "text": "Dit is een getrouw woord, en deze dingen wil ik, dat gij ernstelijk bevestigt, opdat degenen, die aan God geloven, zorg dragen, om goede werken voor te staan; deze dingen zijn het, die goed en nuttig zijn den mensen."
      },
      {
        "book_name": "Titus",
        "book": 56,
        "chapter": 3,
        "verse": 9,
        "text": "Maar wedersta de dwaze vragen en geslachtsrekeningen, en twistingen, en strijdingen over de wet; want zij zijn onnut en ijdel."
      },
      {
        "book_name": "Titus",
        "book": 56,
        "chapter": 3,
        "verse": 10,
        "text": "Verwerp een kettersen mens na de eerste en tweede vermaning;"
      },
      {
        "book_name": "Titus",
        "book": 56,
        "chapter": 3,
        "verse": 11,
        "text": "Wetende, dat de zodanige verkeerd is, en zondigt, zijnde bij zichzelf veroordeeld."
      },
      {
        "book_name": "Titus",
        "book": 56,
        "chapter": 3,
        "verse": 12,
        "text": "Als ik Artemas tot u zal zenden, of Tychikus, zo benaarstig u tot mij te komen te Nikopolis; want aldaar heb ik voorgenomen te overwinteren."
      },
      {
        "book_name": "Titus",
        "book": 56,
        "chapter": 3,
        "verse": 13,
        "text": "Geleid Zenas, den wetgeleerde, en Apollos zorgvuldiglijk, opdat hun niets ontbreke."
      },
      {
        "book_name": "Titus",
        "book": 56,
        "chapter": 3,
        "verse": 14,
        "text": "En dat ook de onzen leren, goede werken voor te staan tot nodig gebruik, opdat zij niet onvruchtbaar zijn."
      },
      {
        "book_name": "Titus",
        "book": 56,
        "chapter": 3,
        "verse": 15,
        "text": "Die met mij zijn, groeten u allen. Groet ze, die ons liefhebben in het geloof. De genade zij met u allen. Amen. «Geschreven vanuit Nicopolis in Macedonië aan Titus, aangesteld tot eerste opziener van de Gemeente der Kretenzen.»"
      }
    ]
  }
}