{
  "source": "bible.com",
  "version": "King James Version",
  "book": "1 Peter",
  "chapters": {
    "1": [
      {
        "book_name": "1 Peter",
        "book": 60,
        "chapter": 1,
        "verse": 1,
        "text": "1Peter, an apostle of Jesus Christ, to the strangers scattered throughout Pontus, Galatia, Cappadocia, Asia, and Bithynia, 2elect according to the foreknowledge of God the Father, through sanctification of the Spirit, unto obedience and sprinkling of the blood of Jesus Christ: Grace unto you, and peace, be multiplied.  3Blessed be the God and Father of our Lord Jesus Christ, which according to his abundant mercy hath begotten us again unto a lively hope by the resurrection of Jesus Christ from the dead, 4to an inheritance incorruptible, and undefiled, and that fadeth not away, reserved in heaven for you, 5who are kept by the power of God through faith unto salvation ready to be revealed in the last time. 6Wherein ye greatly rejoice, though now for a season, if need be, ye are in heaviness through manifold temptations: 7that the trial of your faith, being much more precious than of gold that perisheth, though it be tried with fire, might be found unto praise and honour and glory at the appearing of Jesus Christ: 8whom having not seen, ye love; in whom, though now ye see him not, yet believing, ye rejoice with joy unspeakable and full of glory: 9receiving the end of your faith, even the salvation of your souls.  10Of which salvation the prophets have enquired and searched diligently, who prophesied of the grace that should come unto you: 11searching what, or what manner of time the Spirit of Christ which was in them did signify, when it testified beforehand the sufferings of Christ, and the glory that should follow. 12Unto whom it was revealed, that not unto themselves, but unto us they did minister the things, which are now reported unto you by them that have preached the gospel unto you with the Holy Ghost sent down from heaven; which things the angels desire to look into.  13Wherefore gird up the loins of your mind, be sober, and hope to the end for the grace that is to be brought unto you at the revelation of Jesus Christ; 14as obedient children, not fashioning yourselves according to the former lusts in your ignorance: 15but as he which hath called you is holy, so be ye holy in all manner of conversation; 16because it is written, Be ye holy; for I am holy. 17And if ye call on the Father, who without respect of persons judgeth according to every man's work, pass the time of your sojourning here in fear: 18forasmuch as ye know that ye were not redeemed with corruptible things, as silver and gold, from your vain conversation received by tradition from your fathers; 19but with the precious blood of Christ, as of a lamb without blemish and without spot: 20who verily was foreordained before the foundation of the world, but was manifest in these last times for you, 21who by him do believe in God, that raised him up from the dead, and gave him glory; that your faith and hope might be in God.  22Seeing ye have purified your souls in obeying the truth through the Spirit unto unfeigned love of the brethren, see that ye love one another with a pure heart fervently: 23being born again, not of corruptible seed, but of incorruptible, by the word of God, which liveth and abideth for ever. 24ForAll flesh is as grass,And all the glory of man as the flower of grass.The grass withereth, and the flower thereof falleth away:  25But the word of the Lord endureth for ever.And this is the word which by the gospel is preached unto you."
      },
      {
        "book_name": "1 Peter",
        "book": 60,
        "chapter": 1,
        "verse": 1,
        "text": "Peter, an apostle of Jesus Christ, to the strangers scattered throughout Pontus, Galatia, Cappadocia, Asia, and Bithynia,"
      },
      {
        "book_name": "1 Peter",
        "book": 60,
        "chapter": 1,
        "verse": 2,
        "text": "elect according to the foreknowledge of God the Father, through sanctification of the Spirit, unto obedience and sprinkling of the blood of Jesus Christ: Grace unto you, and peace, be multiplied."
      },
      {
        "book_name": "1 Peter",
        "book": 60,
        "chapter": 1,
        "verse": 3,
        "text": "Blessed be the God and Father of our Lord Jesus Christ, which according to his abundant mercy hath begotten us again unto a lively hope by the resurrection of Jesus Christ from the dead,"
      },
      {
        "book_name": "1 Peter",
        "book": 60,
        "chapter": 1,
        "verse": 4,
        "text": "to an inheritance incorruptible, and undefiled, and that fadeth not away, reserved in heaven for you,"
      },
      {
        "book_name": "1 Peter",
        "book": 60,
        "chapter": 1,
        "verse": 5,
        "text": "who are kept by the power of God through faith unto salvation ready to be revealed in the last time."
      },
      {
        "book_name": "1 Peter",
        "book": 60,
        "chapter": 1,
        "verse": 6,
        "text": "Wherein ye greatly rejoice, though now for a season, if need be, ye are in heaviness through manifold temptations:"
      },
      {
        "book_name": "1 Peter",
        "book": 60,
        "chapter": 1,
        "verse": 7,
        "text": "that the trial of your faith, being much more precious than of gold that perisheth, though it be tried with fire, might be found unto praise and honour and glory at the appearing of Jesus Christ:"
      },
      {
        "book_name": "1 Peter",
        "book": 60,
        "chapter": 1,
        "verse": 8,
        "text": "whom having not seen, ye love; in whom, though now ye see him not, yet believing, ye rejoice with joy unspeakable and full of glory:"
      },
      {
        "book_name": "1 Peter",
        "book": 60,
        "chapter": 1,
        "verse": 9,
        "text": "receiving the end of your faith, even the salvation of your souls."
      },
      {
        "book_name": "1 Peter",
        "book": 60,
        "chapter": 1,
        "verse": 10,
        "text": "Of which salvation the prophets have enquired and searched diligently, who prophesied of the grace that should come unto you:"
      },
      {
        "book_name": "1 Peter",
        "book": 60,
        "chapter": 1,
        "verse": 11,
        "text": "searching what, or what manner of time the Spirit of Christ which was in them did signify, when it testified beforehand the sufferings of Christ, and the glory that should follow."
      },
      {
        "book_name": "1 Peter",
        "book": 60,
        "chapter": 1,
        "verse": 12,
        "text": "Unto whom it was revealed, that not unto themselves, but unto us they did minister the things, which are now reported unto you by them that have preached the gospel unto you with the Holy Ghost sent down from heaven; which things the angels desire to look into."
      },
      {
        "book_name": "1 Peter",
        "book": 60,
        "chapter": 1,
        "verse": 13,
        "text": "Wherefore gird up the loins of your mind, be sober, and hope to the end for the grace that is to be brought unto you at the revelation of Jesus Christ;"
      },
      {
        "book_name": "1 Peter",
        "book": 60,
        "chapter": 1,
        "verse": 14,
        "text": "as obedient children, not fashioning yourselves according to the former lusts in your ignorance:"
      },
      {
        "book_name": "1 Peter",
        "book": 60,
        "chapter": 1,
        "verse": 15,
        "text": "but as he which hath called you is holy, so be ye holy in all manner of conversation;"
      },
      {
        "book_name": "1 Peter",
        "book": 60,
        "chapter": 1,
        "verse": 16,
        "text": "because it is written, Be ye holy; for I am holy."
      },
      {
        "book_name": "1 Peter",
        "book": 60,
        "chapter": 1,
        "verse": 17,
        "text": "And if ye call on the Father, who without respect of persons judgeth according to every man's work, pass the time of your sojourning here in fear:"
      },
      {
        "book_name": "1 Peter",
        "book": 60,
        "chapter": 1,
        "verse": 18,
        "text": "forasmuch as ye know that ye were not redeemed with corruptible things, as silver and gold, from your vain conversation received by tradition from your fathers;"
      },
      {
        "book_name": "1 Peter",
        "book": 60,
        "chapter": 1,
        "verse": 19,
        "text": "but with the precious blood of Christ, as of a lamb without blemish and without spot:"
      },
      {
        "book_name": "1 Peter",
        "book": 60,
        "chapter": 1,
        "verse": 20,
        "text": "who verily was foreordained before the foundation of the world, but was manifest in these last times for you,"
      },
      {
        "book_name": "1 Peter",
        "book": 60,
        "chapter": 1,
        "verse": 21,
        "text": "who by him do believe in God, that raised him up from the dead, and gave him glory; that your faith and hope might be in God."
      },
      {
        "book_name": "1 Peter",
        "book": 60,
        "chapter": 1,
        "verse": 22,
        "text": "Seeing ye have purified your souls in obeying the truth through the Spirit unto unfeigned love of the brethren, see that ye love one another with a pure heart fervently:"
      },
      {
        "book_name": "1 Peter",
        "book": 60,
        "chapter": 1,
        "verse": 23,
        "text": "being born again, not of corruptible seed, but of incorruptible, by the word of God, which liveth and abideth for ever."
      },
      {
        "book_name": "1 Peter",
        "book": 60,
        "chapter": 1,
        "verse": 24,
        "text": "For"
      },
      {
        "book_name": "1 Peter",
        "book": 60,
        "chapter": 1,
        "verse": 24,
        "text": "All flesh is as grass,"
      },
      {
        "book_name": "1 Peter",
        "book": 60,
        "chapter": 1,
        "verse": 24,
        "text": "And all the glory of man as the flower of grass."
      },
      {
        "book_name": "1 Peter",
        "book": 60,
        "chapter": 1,
        "verse": 24,
        "text": "The grass withereth, and the flower thereof falleth away:"
      },
      {
        "book_name": "1 Peter",
        "book": 60,
        "chapter": 1,
        "verse": 25,
        "text": "But the word of the Lord endureth for ever."
      },
      {
        "book_name": "1 Peter",
        "book": 60,
        "chapter": 1,
        "verse": 25,
        "text": "And this is the word which by the gospel is preached unto you."
      }
    ],
    "2": [
      {
        "book_name": "1 Peter",
        "book": 60,
        "chapter": 2,
        "verse": 1,
        "text": "1Wherefore laying aside all malice, and all guile, and hypocrisies, and envies, and all evil speakings, 2as newborn babes, desire the sincere milk of the word, that ye may grow thereby: 3if so be ye have tasted that the Lord is gracious. 4To whom coming, as unto a living stone, disallowed indeed of men, but chosen of God, and precious, 5ye also, as lively stones, are built up a spiritual house, an holy priesthood, to offer up spiritual sacrifices, acceptable to God by Jesus Christ. 6Wherefore also it is contained in the scripture,Behold, I lay in Sion a chief corner stone, elect, precious:And he that believeth on him shall not be confounded.  7Unto you therefore which believe he is precious: but unto them which be disobedient,The stone which the builders disallowed,The same is made the head of the corner,  8andA stone of stumbling, and a rock of offence,  even to them which stumble at the word, being disobedient: whereunto also they were appointed.  9But ye are a chosen generation, a royal priesthood, an holy nation, a peculiar people; that ye should shew forth the praises of him who hath called you out of darkness into his marvellous light: 10which in time past were not a people, but are now the people of God: which had not obtained mercy, but now have obtained mercy.  11Dearly beloved, I beseech you as strangers and pilgrims, abstain from fleshly lusts, which war against the soul; 12having your conversation honest among the Gentiles: that, whereas they speak against you as evildoers, they may by your good works, which they shall behold, glorify God in the day of visitation.  13Submit yourselves to every ordinance of man for the Lord's sake: whether it be to the king, as supreme; 14or unto governors, as unto them that are sent by him for the punishment of evildoers, and for the praise of them that do well. 15For so is the will of God, that with well doing ye may put to silence the ignorance of foolish men: 16as free, and not using your liberty for a cloke of maliciousness, but as the servants of God. 17Honour all men. Love the brotherhood. Fear God. Honour the king.  18Servants, be subject to your masters with all fear; not only to the good and gentle, but also to the froward. 19For this is thankworthy, if a man for conscience toward God endure grief, suffering wrongfully. 20For what glory is it, if, when ye be buffeted for your faults, ye shall take it patiently? but if, when ye do well, and suffer for it, ye take it patiently, this is acceptable with God. 21For even hereunto were ye called: because Christ also suffered for us, leaving us an example, that ye should follow his steps: 22who did no sin, neither was guile found in his mouth: 23who, when he was reviled, reviled not again; when he suffered, he threatened not; but committed himself to him that judgeth righteously: 24who his own self bare our sins in his own body on the tree, that we, being dead to sins, should live unto righteousness: by whose stripes ye were healed. 25For ye were as sheep going astray; but are now returned unto the Shepherd and Bishop of your souls."
      },
      {
        "book_name": "1 Peter",
        "book": 60,
        "chapter": 2,
        "verse": 1,
        "text": "Wherefore laying aside all malice, and all guile, and hypocrisies, and envies, and all evil speakings,"
      },
      {
        "book_name": "1 Peter",
        "book": 60,
        "chapter": 2,
        "verse": 2,
        "text": "as newborn babes, desire the sincere milk of the word, that ye may grow thereby:"
      },
      {
        "book_name": "1 Peter",
        "book": 60,
        "chapter": 2,
        "verse": 3,
        "text": "if so be ye have tasted that the Lord is gracious."
      },
      {
        "book_name": "1 Peter",
        "book": 60,
        "chapter": 2,
        "verse": 4,
        "text": "To whom coming, as unto a living stone, disallowed indeed of men, but chosen of God, and precious,"
      },
      {
        "book_name": "1 Peter",
        "book": 60,
        "chapter": 2,
        "verse": 5,
        "text": "ye also, as lively stones, are built up a spiritual house, an holy priesthood, to offer up spiritual sacrifices, acceptable to God by Jesus Christ."
      },
      {
        "book_name": "1 Peter",
        "book": 60,
        "chapter": 2,
        "verse": 6,
        "text": "Wherefore also it is contained in the scripture,"
      },
      {
        "book_name": "1 Peter",
        "book": 60,
        "chapter": 2,
        "verse": 6,
        "text": "Behold, I lay in Sion a chief corner stone, elect, precious:"
      },
      {
        "book_name": "1 Peter",
        "book": 60,
        "chapter": 2,
        "verse": 6,
        "text": "And he that believeth on him shall not be confounded."
      },
      {
        "book_name": "1 Peter",
        "book": 60,
        "chapter": 2,
        "verse": 7,
        "text": "Unto you therefore which believe he is precious: but unto them which be disobedient,"
      },
      {
        "book_name": "1 Peter",
        "book": 60,
        "chapter": 2,
        "verse": 7,
        "text": "The stone which the builders disallowed,"
      },
      {
        "book_name": "1 Peter",
        "book": 60,
        "chapter": 2,
        "verse": 7,
        "text": "The same is made the head of the corner,"
      },
      {
        "book_name": "1 Peter",
        "book": 60,
        "chapter": 2,
        "verse": 8,
        "text": "and"
      },
      {
        "book_name": "1 Peter",
        "book": 60,
        "chapter": 2,
        "verse": 8,
        "text": "A stone of stumbling, and a rock of offence,"
      },
      {
        "book_name": "1 Peter",
        "book": 60,
        "chapter": 2,
        "verse": 8,
        "text": "even to them which stumble at the word, being disobedient: whereunto also they were appointed."
      },
      {
        "book_name": "1 Peter",
        "book": 60,
        "chapter": 2,
        "verse": 9,
        "text": "But ye are a chosen generation, a royal priesthood, an holy nation, a peculiar people; that ye should shew forth the praises of him who hath called you out of darkness into his marvellous light:"
      },
      {
        "book_name": "1 Peter",
        "book": 60,
        "chapter": 2,
        "verse": 10,
        "text": "which in time past were not a people, but are now the people of God: which had not obtained mercy, but now have obtained mercy."
      },
      {
        "book_name": "1 Peter",
        "book": 60,
        "chapter": 2,
        "verse": 11,
        "text": "Dearly beloved, I beseech you as strangers and pilgrims, abstain from fleshly lusts, which war against the soul;"
      },
      {
        "book_name": "1 Peter",
        "book": 60,
        "chapter": 2,
        "verse": 12,
        "text": "having your conversation honest among the Gentiles: that, whereas they speak against you as evildoers, they may by your good works, which they shall behold, glorify God in the day of visitation."
      },
      {
        "book_name": "1 Peter",
        "book": 60,
        "chapter": 2,
        "verse": 13,
        "text": "Submit yourselves to every ordinance of man for the Lord's sake: whether it be to the king, as supreme;"
      },
      {
        "book_name": "1 Peter",
        "book": 60,
        "chapter": 2,
        "verse": 14,
        "text": "or unto governors, as unto them that are sent by him for the punishment of evildoers, and for the praise of them that do well."
      },
      {
        "book_name": "1 Peter",
        "book": 60,
        "chapter": 2,
        "verse": 15,
        "text": "For so is the will of God, that with well doing ye may put to silence the ignorance of foolish men:"
      },
      {
        "book_name": "1 Peter",
        "book": 60,
        "chapter": 2,
        "verse": 16,
        "text": "as free, and not using your liberty for a cloke of maliciousness, but as the servants of God."
      },
      {
        "book_name": "1 Peter",
        "book": 60,
        "chapter": 2,
        "verse": 17,
        "text": "Honour all men. Love the brotherhood. Fear God. Honour the king."
      },
      {
        "book_name": "1 Peter",
        "book": 60,
        "chapter": 2,
        "verse": 18,
        "text": "Servants, be subject to your masters with all fear; not only to the good and gentle, but also to the froward."
      },
      {
        "book_name": "1 Peter",
        "book": 60,
        "chapter": 2,
        "verse": 19,
        "text": "For this is thankworthy, if a man for conscience toward God endure grief, suffering wrongfully."
      },
      {
        "book_name": "1 Peter",
        "book": 60,
        "chapter": 2,
        "verse": 20,
        "text": "For what glory is it, if, when ye be buffeted for your faults, ye shall take it patiently? but if, when ye do well, and suffer for it, ye take it patiently, this is acceptable with God."
      },
      {
        "book_name": "1 Peter",
        "book": 60,
        "chapter": 2,
        "verse": 21,
        "text": "For even hereunto were ye called: because Christ also suffered for us, leaving us an example, that ye should follow his steps:"
      },
      {
        "book_name": "1 Peter",
        "book": 60,
        "chapter": 2,
        "verse": 22,
        "text": "who did no sin, neither was guile found in his mouth:"
      },
      {
        "book_name": "1 Peter",
        "book": 60,
        "chapter": 2,
        "verse": 23,
        "text": "who, when he was reviled, reviled not again; when he suffered, he threatened not; but committed himself to him that judgeth righteously:"
      },
      {
        "book_name": "1 Peter",
        "book": 60,
        "chapter": 2,
        "verse": 24,
        "text": "who his own self bare our sins in his own body on the tree, that we, being dead to sins, should live unto righteousness: by whose stripes ye were healed."
      },
      {
        "book_name": "1 Peter",
        "book": 60,
        "chapter": 2,
        "verse": 25,
        "text": "For ye were as sheep going astray; but are now returned unto the Shepherd and Bishop of your souls."
      }
    ],
    "3": [
      {
        "book_name": "1 Peter",
        "book": 60,
        "chapter": 3,
        "verse": 1,
        "text": "1Likewise, ye wives, be in subjection to your own husbands; that, if any obey not the word, they also may without the word be won by the conversation of the wives; 2while they behold your chaste conversation coupled with fear. 3Whose adorning let it not be that outward adorning of plaiting the hair, and of wearing of gold, or of putting on of apparel; 4but let it be the hidden man of the heart, in that which is not corruptible, even the ornament of a meek and quiet spirit, which is in the sight of God of great price. 5For after this manner in the old time the holy women also, who trusted in God, adorned themselves, being in subjection unto their own husbands: 6even as Sara obeyed Abraham, calling him lord: whose daughters ye are, as long as ye do well, and are not afraid with any amazement.  7Likewise, ye husbands, dwell with them according to knowledge, giving honour unto the wife, as unto the weaker vessel, and as being heirs together of the grace of life; that your prayers be not hindered.  8Finally, be ye all of one mind, having compassion one of another, love as brethren, be pitiful, be courteous: 9not rendering evil for evil, or railing for railing: but contrariwise blessing; knowing that ye are thereunto called, that ye should inherit a blessing. 10ForHe that will love life,And see good days,Let him refrain his tongue from evil,And his lips that they speak no guile:  11Let him eschew evil, and do good;Let him seek peace, and ensue it.  12For the eyes of the Lord are over the righteous,And his ears are open unto their prayers:But the face of the Lord is against them that do evil.  13And who is he that will harm you, if ye be followers of that which is good? 14But and if ye suffer for righteousness' sake, happy are ye: and be not afraid of their terror, neither be troubled; 15but sanctify the Lord God in your hearts: and be ready always to give an answer to every man that asketh you a reason of the hope that is in you with meekness and fear: 16having a good conscience; that, whereas they speak evil of you, as of evildoers, they may be ashamed that falsely accuse your good conversation in Christ. 17For it is better, if the will of God be so, that ye suffer for well doing, than for evil doing. 18For Christ also hath once suffered for sins, the just for the unjust, that he might bring us to God, being put to death in the flesh, but quickened by the Spirit: 19by which also he went and preached unto the spirits in prison; 20which sometime were disobedient, when once the longsuffering of God waited in the days of Noah, while the ark was a preparing, wherein few, that is, eight souls were saved by water. 21The like figure whereunto even baptism doth also now save us (not the putting away of the filth of the flesh, but the answer of a good conscience toward God,) by the resurrection of Jesus Christ: 22who is gone into heaven, and is on the right hand of God; angels and authorities and powers being made subject unto him."
      },
      {
        "book_name": "1 Peter",
        "book": 60,
        "chapter": 3,
        "verse": 1,
        "text": "Likewise, ye wives, be in subjection to your own husbands; that, if any obey not the word, they also may without the word be won by the conversation of the wives;"
      },
      {
        "book_name": "1 Peter",
        "book": 60,
        "chapter": 3,
        "verse": 2,
        "text": "while they behold your chaste conversation coupled with fear."
      },
      {
        "book_name": "1 Peter",
        "book": 60,
        "chapter": 3,
        "verse": 3,
        "text": "Whose adorning let it not be that outward adorning of plaiting the hair, and of wearing of gold, or of putting on of apparel;"
      },
      {
        "book_name": "1 Peter",
        "book": 60,
        "chapter": 3,
        "verse": 4,
        "text": "but let it be the hidden man of the heart, in that which is not corruptible, even the ornament of a meek and quiet spirit, which is in the sight of God of great price."
      },
      {
        "book_name": "1 Peter",
        "book": 60,
        "chapter": 3,
        "verse": 5,
        "text": "For after this manner in the old time the holy women also, who trusted in God, adorned themselves, being in subjection unto their own husbands:"
      },
      {
        "book_name": "1 Peter",
        "book": 60,
        "chapter": 3,
        "verse": 6,
        "text": "even as Sara obeyed Abraham, calling him lord: whose daughters ye are, as long as ye do well, and are not afraid with any amazement."
      },
      {
        "book_name": "1 Peter",
        "book": 60,
        "chapter": 3,
        "verse": 7,
        "text": "Likewise, ye husbands, dwell with them according to knowledge, giving honour unto the wife, as unto the weaker vessel, and as being heirs together of the grace of life; that your prayers be not hindered."
      },
      {
        "book_name": "1 Peter",
        "book": 60,
        "chapter": 3,
        "verse": 8,
        "text": "Finally, be ye all of one mind, having compassion one of another, love as brethren, be pitiful, be courteous:"
      },
      {
        "book_name": "1 Peter",
        "book": 60,
        "chapter": 3,
        "verse": 9,
        "text": "not rendering evil for evil, or railing for railing: but contrariwise blessing; knowing that ye are thereunto called, that ye should inherit a blessing."
      },
      {
        "book_name": "1 Peter",
        "book": 60,
        "chapter": 3,
        "verse": 10,
        "text": "For"
      },
      {
        "book_name": "1 Peter",
        "book": 60,
        "chapter": 3,
        "verse": 10,
        "text": "He that will love life,"
      },
      {
        "book_name": "1 Peter",
        "book": 60,
        "chapter": 3,
        "verse": 10,
        "text": "And see good days,"
      },
      {
        "book_name": "1 Peter",
        "book": 60,
        "chapter": 3,
        "verse": 10,
        "text": "Let him refrain his tongue from evil,"
      },
      {
        "book_name": "1 Peter",
        "book": 60,
        "chapter": 3,
        "verse": 10,
        "text": "And his lips that they speak no guile:"
      },
      {
        "book_name": "1 Peter",
        "book": 60,
        "chapter": 3,
        "verse": 11,
        "text": "Let him eschew evil, and do good;"
      },
      {
        "book_name": "1 Peter",
        "book": 60,
        "chapter": 3,
        "verse": 11,
        "text": "Let him seek peace, and ensue it."
      },
      {
        "book_name": "1 Peter",
        "book": 60,
        "chapter": 3,
        "verse": 12,
        "text": "For the eyes of the Lord are over the righteous,"
      },
      {
        "book_name": "1 Peter",
        "book": 60,
        "chapter": 3,
        "verse": 12,
        "text": "And his ears are open unto their prayers:"
      },
      {
        "book_name": "1 Peter",
        "book": 60,
        "chapter": 3,
        "verse": 12,
        "text": "But the face of the Lord is against them that do evil."
      },
      {
        "book_name": "1 Peter",
        "book": 60,
        "chapter": 3,
        "verse": 13,
        "text": "And who is he that will harm you, if ye be followers of that which is good?"
      },
      {
        "book_name": "1 Peter",
        "book": 60,
        "chapter": 3,
        "verse": 14,
        "text": "But and if ye suffer for righteousness' sake, happy are ye: and be not afraid of their terror, neither be troubled;"
      },
      {
        "book_name": "1 Peter",
        "book": 60,
        "chapter": 3,
        "verse": 15,
        "text": "but sanctify the Lord God in your hearts: and be ready always to give an answer to every man that asketh you a reason of the hope that is in you with meekness and fear:"
      },
      {
        "book_name": "1 Peter",
        "book": 60,
        "chapter": 3,
        "verse": 16,
        "text": "having a good conscience; that, whereas they speak evil of you, as of evildoers, they may be ashamed that falsely accuse your good conversation in Christ."
      },
      {
        "book_name": "1 Peter",
        "book": 60,
        "chapter": 3,
        "verse": 17,
        "text": "For it is better, if the will of God be so, that ye suffer for well doing, than for evil doing."
      },
      {
        "book_name": "1 Peter",
        "book": 60,
        "chapter": 3,
        "verse": 18,
        "text": "For Christ also hath once suffered for sins, the just for the unjust, that he might bring us to God, being put to death in the flesh, but quickened by the Spirit:"
      },
      {
        "book_name": "1 Peter",
        "book": 60,
        "chapter": 3,
        "verse": 19,
        "text": "by which also he went and preached unto the spirits in prison;"
      },
      {
        "book_name": "1 Peter",
        "book": 60,
        "chapter": 3,
        "verse": 20,
        "text": "which sometime were disobedient, when once the longsuffering of God waited in the days of Noah, while the ark was a preparing, wherein few, that is, eight souls were saved by water."
      },
      {
        "book_name": "1 Peter",
        "book": 60,
        "chapter": 3,
        "verse": 21,
        "text": "The like figure whereunto even baptism doth also now save us (not the putting away of the filth of the flesh, but the answer of a good conscience toward God,) by the resurrection of Jesus Christ:"
      },
      {
        "book_name": "1 Peter",
        "book": 60,
        "chapter": 3,
        "verse": 22,
        "text": "who is gone into heaven, and is on the right hand of God; angels and authorities and powers being made subject unto him."
      }
    ],
    "4": [
      {
        "book_name": "1 Peter",
        "book": 60,
        "chapter": 4,
        "verse": 1,
        "text": "1Forasmuch then as Christ hath suffered for us in the flesh, arm yourselves likewise with the same mind: for he that hath suffered in the flesh hath ceased from sin; 2that he no longer should live the rest of his time in the flesh to the lusts of men, but to the will of God. 3For the time past of our life may suffice us to have wrought the will of the Gentiles, when we walked in lasciviousness, lusts, excess of wine, revellings, banquetings, and abominable idolatries: 4wherein they think it strange that ye run not with them to the same excess of riot, speaking evil of you: 5who shall give account to him that is ready to judge the quick and the dead. 6For for this cause was the gospel preached also to them that are dead, that they might be judged according to men in the flesh, but live according to God in the spirit.  7But the end of all things is at hand: be ye therefore sober, and watch unto prayer. 8And above all things have fervent charity among yourselves: for charity shall cover the multitude of sins. 9Use hospitality one to another without grudging. 10As every man hath received the gift, even so minister the same one to another, as good stewards of the manifold grace of God. 11If any man speak, let him speak as the oracles of God; if any man minister, let him do it as of the ability which God giveth: that God in all things may be glorified through Jesus Christ to whom be praise and dominion for ever and ever. Amen.  12Beloved, think it not strange concerning the fiery trial which is to try you, as though some strange thing happened unto you: 13but rejoice, inasmuch as ye are partakers of Christ's sufferings; that, when his glory shall be revealed, ye may be glad also with exceeding joy. 14If ye be reproached for the name of Christ, happy are ye; for the spirit of glory and of God resteth upon you: on their part he is evil spoken of, but on your part he is glorified. 15But let none of you suffer as a murderer, or as a thief, or as an evildoer, or as a busybody in other men's matters. 16Yet if any man suffer as a Christian, let him not be ashamed; but let him glorify God on this behalf. 17For the time is come that judgment must begin at the house of God: and if it first begin at us, what shall the end be of them that obey not the gospel of God? 18And if the righteous scarcely be saved, where shall the ungodly and the sinner appear? 19Wherefore let them that suffer according to the will of God commit the keeping of their souls to him in well doing, as unto a faithful Creator."
      },
      {
        "book_name": "1 Peter",
        "book": 60,
        "chapter": 4,
        "verse": 1,
        "text": "Forasmuch then as Christ hath suffered for us in the flesh, arm yourselves likewise with the same mind: for he that hath suffered in the flesh hath ceased from sin;"
      },
      {
        "book_name": "1 Peter",
        "book": 60,
        "chapter": 4,
        "verse": 2,
        "text": "that he no longer should live the rest of his time in the flesh to the lusts of men, but to the will of God."
      },
      {
        "book_name": "1 Peter",
        "book": 60,
        "chapter": 4,
        "verse": 3,
        "text": "For the time past of our life may suffice us to have wrought the will of the Gentiles, when we walked in lasciviousness, lusts, excess of wine, revellings, banquetings, and abominable idolatries:"
      },
      {
        "book_name": "1 Peter",
        "book": 60,
        "chapter": 4,
        "verse": 4,
        "text": "wherein they think it strange that ye run not with them to the same excess of riot, speaking evil of you:"
      },
      {
        "book_name": "1 Peter",
        "book": 60,
        "chapter": 4,
        "verse": 5,
        "text": "who shall give account to him that is ready to judge the quick and the dead."
      },
      {
        "book_name": "1 Peter",
        "book": 60,
        "chapter": 4,
        "verse": 6,
        "text": "For for this cause was the gospel preached also to them that are dead, that they might be judged according to men in the flesh, but live according to God in the spirit."
      },
      {
        "book_name": "1 Peter",
        "book": 60,
        "chapter": 4,
        "verse": 7,
        "text": "But the end of all things is at hand: be ye therefore sober, and watch unto prayer."
      },
      {
        "book_name": "1 Peter",
        "book": 60,
        "chapter": 4,
        "verse": 8,
        "text": "And above all things have fervent charity among yourselves: for charity shall cover the multitude of sins."
      },
      {
        "book_name": "1 Peter",
        "book": 60,
        "chapter": 4,
        "verse": 9,
        "text": "Use hospitality one to another without grudging."
      },
      {
        "book_name": "1 Peter",
        "book": 60,
        "chapter": 4,
        "verse": 10,
        "text": "As every man hath received the gift, even so minister the same one to another, as good stewards of the manifold grace of God."
      },
      {
        "book_name": "1 Peter",
        "book": 60,
        "chapter": 4,
        "verse": 11,
        "text": "If any man speak, let him speak as the oracles of God; if any man minister, let him do it as of the ability which God giveth: that God in all things may be glorified through Jesus Christ to whom be praise and dominion for ever and ever. Amen."
      },
      {
        "book_name": "1 Peter",
        "book": 60,
        "chapter": 4,
        "verse": 12,
        "text": "Beloved, think it not strange concerning the fiery trial which is to try you, as though some strange thing happened unto you:"
      },
      {
        "book_name": "1 Peter",
        "book": 60,
        "chapter": 4,
        "verse": 13,
        "text": "but rejoice, inasmuch as ye are partakers of Christ's sufferings; that, when his glory shall be revealed, ye may be glad also with exceeding joy."
      },
      {
        "book_name": "1 Peter",
        "book": 60,
        "chapter": 4,
        "verse": 14,
        "text": "If ye be reproached for the name of Christ, happy are ye; for the spirit of glory and of God resteth upon you: on their part he is evil spoken of, but on your part he is glorified."
      },
      {
        "book_name": "1 Peter",
        "book": 60,
        "chapter": 4,
        "verse": 15,
        "text": "But let none of you suffer as a murderer, or as a thief, or as an evildoer, or as a busybody in other men's matters."
      },
      {
        "book_name": "1 Peter",
        "book": 60,
        "chapter": 4,
        "verse": 16,
        "text": "Yet if any man suffer as a Christian, let him not be ashamed; but let him glorify God on this behalf."
      },
      {
        "book_name": "1 Peter",
        "book": 60,
        "chapter": 4,
        "verse": 17,
        "text": "For the time is come that judgment must begin at the house of God: and if it first begin at us, what shall the end be of them that obey not the gospel of God?"
      },
      {
        "book_name": "1 Peter",
        "book": 60,
        "chapter": 4,
        "verse": 18,
        "text": "And if the righteous scarcely be saved, where shall the ungodly and the sinner appear?"
      },
      {
        "book_name": "1 Peter",
        "book": 60,
        "chapter": 4,
        "verse": 19,
        "text": "Wherefore let them that suffer according to the will of God commit the keeping of their souls to him in well doing, as unto a faithful Creator."
      }
    ],
    "5": [
      {
        "book_name": "1 Peter",
        "book": 60,
        "chapter": 5,
        "verse": 1,
        "text": "1The elders which are among you I exhort, who am also an elder, and a witness of the sufferings of Christ, and also a partaker of the glory that shall be revealed: 2feed the flock of God which is among you, taking the oversight thereof, not by constraint, but willingly; not for filthy lucre, but of a ready mind; 3neither as being lords over God's heritage, but being ensamples to the flock. 4And when the chief Shepherd shall appear, ye shall receive a crown of glory that fadeth not away. 5Likewise, ye younger, submit yourselves unto the elder. Yea, all of you be subject one to another, and be clothed with humility: for God resisteth the proud, and giveth grace to the humble. 6Humble yourselves therefore under the mighty hand of God, that he may exalt you in due time: 7casting all your care upon him; for he careth for you. 8Be sober, be vigilant; because your adversary the devil, as a roaring lion, walketh about, seeking whom he may devour: 9whom resist stedfast in the faith, knowing that the same afflictions are accomplished in your brethren that are in the world. 10But the God of all grace, who hath called us unto his eternal glory by Christ Jesus, after that ye have suffered a while, make you perfect, stablish, strengthen, settle you. 11To him be glory and dominion for ever and ever. Amen.  12By Silvanus, a faithful brother unto you, as I suppose, I have written briefly, exhorting, and testifying that this is the true grace of God wherein ye stand. 13The church that is at Babylon, elected together with you, saluteth you; and so doth Marcus my son. 14Greet ye one another with a kiss of charity.Peace be with you all that are in Christ Jesus. Amen."
      },
      {
        "book_name": "1 Peter",
        "book": 60,
        "chapter": 5,
        "verse": 1,
        "text": "The elders which are among you I exhort, who am also an elder, and a witness of the sufferings of Christ, and also a partaker of the glory that shall be revealed:"
      },
      {
        "book_name": "1 Peter",
        "book": 60,
        "chapter": 5,
        "verse": 2,
        "text": "feed the flock of God which is among you, taking the oversight thereof, not by constraint, but willingly; not for filthy lucre, but of a ready mind;"
      },
      {
        "book_name": "1 Peter",
        "book": 60,
        "chapter": 5,
        "verse": 3,
        "text": "neither as being lords over God's heritage, but being ensamples to the flock."
      },
      {
        "book_name": "1 Peter",
        "book": 60,
        "chapter": 5,
        "verse": 4,
        "text": "And when the chief Shepherd shall appear, ye shall receive a crown of glory that fadeth not away."
      },
      {
        "book_name": "1 Peter",
        "book": 60,
        "chapter": 5,
        "verse": 5,
        "text": "Likewise, ye younger, submit yourselves unto the elder. Yea, all of you be subject one to another, and be clothed with humility: for God resisteth the proud, and giveth grace to the humble."
      },
      {
        "book_name": "1 Peter",
        "book": 60,
        "chapter": 5,
        "verse": 6,
        "text": "Humble yourselves therefore under the mighty hand of God, that he may exalt you in due time:"
      },
      {
        "book_name": "1 Peter",
        "book": 60,
        "chapter": 5,
        "verse": 7,
        "text": "casting all your care upon him; for he careth for you."
      },
      {
        "book_name": "1 Peter",
        "book": 60,
        "chapter": 5,
        "verse": 8,
        "text": "Be sober, be vigilant; because your adversary the devil, as a roaring lion, walketh about, seeking whom he may devour:"
      },
      {
        "book_name": "1 Peter",
        "book": 60,
        "chapter": 5,
        "verse": 9,
        "text": "whom resist stedfast in the faith, knowing that the same afflictions are accomplished in your brethren that are in the world."
      },
      {
        "book_name": "1 Peter",
        "book": 60,
        "chapter": 5,
        "verse": 10,
        "text": "But the God of all grace, who hath called us unto his eternal glory by Christ Jesus, after that ye have suffered a while, make you perfect, stablish, strengthen, settle you."
      },
      {
        "book_name": "1 Peter",
        "book": 60,
        "chapter": 5,
        "verse": 11,
        "text": "To him be glory and dominion for ever and ever. Amen."
      },
      {
        "book_name": "1 Peter",
        "book": 60,
        "chapter": 5,
        "verse": 12,
        "text": "By Silvanus, a faithful brother unto you, as I suppose, I have written briefly, exhorting, and testifying that this is the true grace of God wherein ye stand."
      },
      {
        "book_name": "1 Peter",
        "book": 60,
        "chapter": 5,
        "verse": 13,
        "text": "The church that is at Babylon, elected together with you, saluteth you; and so doth Marcus my son."
      },
      {
        "book_name": "1 Peter",
        "book": 60,
        "chapter": 5,
        "verse": 14,
        "text": "Greet ye one another with a kiss of charity."
      },
      {
        "book_name": "1 Peter",
        "book": 60,
        "chapter": 5,
        "verse": 14,
        "text": "Peace be with you all that are in Christ Jesus. Amen."
      }
    ]
  }
}