{
  "source": "bible.com",
  "version": "King James Version",
  "book": "Ephesians",
  "chapters": {
    "1": [
      {
        "book_name": "Ephesians",
        "book": 49,
        "chapter": 1,
        "verse": 1,
        "text": "1Paul, an apostle of Jesus Christ by the will of God, to the saints which are at Ephesus, and to the faithful in Christ Jesus: 2grace be to you, and peace, from God our Father, and from the Lord Jesus Christ.The Gospel of Your Salvation  3Blessed be the God and Father of our Lord Jesus Christ, who hath blessed us with all spiritual blessings in heavenly places in Christ: 4according as he hath chosen us in him before the foundation of the world, that we should be holy and without blame before him in love: 5having predestinated us unto the adoption of children by Jesus Christ to himself, according to the good pleasure of his will, 6to the praise of the glory of his grace, wherein he hath made us accepted in the beloved. 7In whom we have redemption through his blood, the forgiveness of sins, according to the riches of his grace; 8wherein he hath abounded toward us in all wisdom and prudence; 9having made known unto us the mystery of his will, according to his good pleasure which he hath purposed in himself: 10that in the dispensation of the fulness of times he might gather together in one all things in Christ, both which are in heaven, and which are on earth; even in him: 11in whom also we have obtained an inheritance, being predestinated according to the purpose of him who worketh all things after the counsel of his own will: 12that we should be to the praise of his glory, who first trusted in Christ. 13In whom ye also trusted, after that ye heard the word of truth, the gospel of your salvation: in whom also after that ye believed, ye were sealed with that holy Spirit of promise, 14which is the earnest of our inheritance until the redemption of the purchased possession, unto the praise of his glory.  15Wherefore I also, after I heard of your faith in the Lord Jesus, and love unto all the saints, 16cease not to give thanks for you, making mention of you in my prayers; 17that the God of our Lord Jesus Christ, the Father of glory, may give unto you the spirit of wisdom and revelation in the knowledge of him: 18the eyes of your understanding being enlightened; that ye may know what is the hope of his calling, and what the riches of the glory of his inheritance in the saints, 19and what is the exceeding greatness of his power to us-ward who believe, according to the working of his mighty power, 20which he wrought in Christ, when he raised him from the dead, and set him at his own right hand in the heavenly places, 21far above all principality, and power, and might, and dominion, and every name that is named, not only in this world, but also in that which is to come: 22and hath put all things under his feet, and gave him to be the head over all things to the church, 23which is his body, the fulness of him that filleth all in all."
      },
      {
        "book_name": "Ephesians",
        "book": 49,
        "chapter": 1,
        "verse": 1,
        "text": "Paul, an apostle of Jesus Christ by the will of God, to the saints which are at Ephesus, and to the faithful in Christ Jesus:"
      },
      {
        "book_name": "Ephesians",
        "book": 49,
        "chapter": 1,
        "verse": 2,
        "text": "grace be to you, and peace, from God our Father, and from the Lord Jesus Christ."
      },
      {
        "book_name": "Ephesians",
        "book": 49,
        "chapter": 1,
        "verse": 3,
        "text": "Blessed be the God and Father of our Lord Jesus Christ, who hath blessed us with all spiritual blessings in heavenly places in Christ:"
      },
      {
        "book_name": "Ephesians",
        "book": 49,
        "chapter": 1,
        "verse": 4,
        "text": "according as he hath chosen us in him before the foundation of the world, that we should be holy and without blame before him in love:"
      },
      {
        "book_name": "Ephesians",
        "book": 49,
        "chapter": 1,
        "verse": 5,
        "text": "having predestinated us unto the adoption of children by Jesus Christ to himself, according to the good pleasure of his will,"
      },
      {
        "book_name": "Ephesians",
        "book": 49,
        "chapter": 1,
        "verse": 6,
        "text": "to the praise of the glory of his grace, wherein he hath made us accepted in the beloved."
      },
      {
        "book_name": "Ephesians",
        "book": 49,
        "chapter": 1,
        "verse": 7,
        "text": "In whom we have redemption through his blood, the forgiveness of sins, according to the riches of his grace;"
      },
      {
        "book_name": "Ephesians",
        "book": 49,
        "chapter": 1,
        "verse": 8,
        "text": "wherein he hath abounded toward us in all wisdom and prudence;"
      },
      {
        "book_name": "Ephesians",
        "book": 49,
        "chapter": 1,
        "verse": 9,
        "text": "having made known unto us the mystery of his will, according to his good pleasure which he hath purposed in himself:"
      },
      {
        "book_name": "Ephesians",
        "book": 49,
        "chapter": 1,
        "verse": 10,
        "text": "that in the dispensation of the fulness of times he might gather together in one all things in Christ, both which are in heaven, and which are on earth; even in him:"
      },
      {
        "book_name": "Ephesians",
        "book": 49,
        "chapter": 1,
        "verse": 11,
        "text": "in whom also we have obtained an inheritance, being predestinated according to the purpose of him who worketh all things after the counsel of his own will:"
      },
      {
        "book_name": "Ephesians",
        "book": 49,
        "chapter": 1,
        "verse": 12,
        "text": "that we should be to the praise of his glory, who first trusted in Christ."
      },
      {
        "book_name": "Ephesians",
        "book": 49,
        "chapter": 1,
        "verse": 13,
        "text": "In whom ye also trusted, after that ye heard the word of truth, the gospel of your salvation: in whom also after that ye believed, ye were sealed with that holy Spirit of promise,"
      },
      {
        "book_name": "Ephesians",
        "book": 49,
        "chapter": 1,
        "verse": 14,
        "text": "which is the earnest of our inheritance until the redemption of the purchased possession, unto the praise of his glory."
      },
      {
        "book_name": "Ephesians",
        "book": 49,
        "chapter": 1,
        "verse": 15,
        "text": "Wherefore I also, after I heard of your faith in the Lord Jesus, and love unto all the saints,"
      },
      {
        "book_name": "Ephesians",
        "book": 49,
        "chapter": 1,
        "verse": 16,
        "text": "cease not to give thanks for you, making mention of you in my prayers;"
      },
      {
        "book_name": "Ephesians",
        "book": 49,
        "chapter": 1,
        "verse": 17,
        "text": "that the God of our Lord Jesus Christ, the Father of glory, may give unto you the spirit of wisdom and revelation in the knowledge of him:"
      },
      {
        "book_name": "Ephesians",
        "book": 49,
        "chapter": 1,
        "verse": 18,
        "text": "the eyes of your understanding being enlightened; that ye may know what is the hope of his calling, and what the riches of the glory of his inheritance in the saints,"
      },
      {
        "book_name": "Ephesians",
        "book": 49,
        "chapter": 1,
        "verse": 19,
        "text": "and what is the exceeding greatness of his power to us-ward who believe, according to the working of his mighty power,"
      },
      {
        "book_name": "Ephesians",
        "book": 49,
        "chapter": 1,
        "verse": 20,
        "text": "which he wrought in Christ, when he raised him from the dead, and set him at his own right hand in the heavenly places,"
      },
      {
        "book_name": "Ephesians",
        "book": 49,
        "chapter": 1,
        "verse": 21,
        "text": "far above all principality, and power, and might, and dominion, and every name that is named, not only in this world, but also in that which is to come:"
      },
      {
        "book_name": "Ephesians",
        "book": 49,
        "chapter": 1,
        "verse": 22,
        "text": "and hath put all things under his feet, and gave him to be the head over all things to the church,"
      },
      {
        "book_name": "Ephesians",
        "book": 49,
        "chapter": 1,
        "verse": 23,
        "text": "which is his body, the fulness of him that filleth all in all."
      }
    ],
    "2": [
      {
        "book_name": "Ephesians",
        "book": 49,
        "chapter": 2,
        "verse": 1,
        "text": "The Household of God  1And you hath he quickened, who were dead in trespasses and sins; 2wherein in time past ye walked according to the course of this world, according to the prince of the power of the air, the spirit that now worketh in the children of disobedience: 3among whom also we all had our conversation in times past in the lusts of our flesh, fulfilling the desires of the flesh and of the mind; and were by nature the children of wrath, even as others. 4But God, who is rich in mercy, for his great love wherewith he loved us, 5even when we were dead in sins, hath quickened us together with Christ, (by grace ye are saved;) 6and hath raised us up together, and made us sit together in heavenly places in Christ Jesus: 7that in the ages to come he might shew the exceeding riches of his grace in his kindness toward us through Christ Jesus. 8For by grace are ye saved through faith; and that not of yourselves: it is the gift of God: 9not of works, lest any man should boast. 10For we are his workmanship, created in Christ Jesus unto good works, which God hath before ordained that we should walk in them.  11Wherefore remember, that ye being in time past Gentiles in the flesh, who are called Uncircumcision by that which is called the Circumcision in the flesh made by hands; 12that at that time ye were without Christ, being aliens from the commonwealth of Israel, and strangers from the covenants of promise, having no hope, and without God in the world: 13but now in Christ Jesus ye who sometimes were far off are made nigh by the blood of Christ. 14For he is our peace, who hath made both one, and hath broken down the middle wall of partition between us; 15having abolished in his flesh the enmity, even the law of commandments contained in ordinances; for to make in himself of twain one new man, so making peace; 16and that he might reconcile both unto God in one body by the cross, having slain the enmity thereby: 17and came and preached peace to you which were afar off, and to them that were nigh. 18For through him we both have access by one Spirit unto the Father. 19Now therefore ye are no more strangers and foreigners, but fellowcitizens with the saints, and of the household of God; 20and are built upon the foundation of the apostles and prophets, Jesus Christ himself being the chief corner stone; 21in whom all the building fitly framed together groweth unto an holy temple in the Lord: 22in whom ye also are builded together for an habitation of God through the Spirit."
      },
      {
        "book_name": "Ephesians",
        "book": 49,
        "chapter": 2,
        "verse": 1,
        "text": "And you hath he quickened, who were dead in trespasses and sins;"
      },
      {
        "book_name": "Ephesians",
        "book": 49,
        "chapter": 2,
        "verse": 2,
        "text": "wherein in time past ye walked according to the course of this world, according to the prince of the power of the air, the spirit that now worketh in the children of disobedience:"
      },
      {
        "book_name": "Ephesians",
        "book": 49,
        "chapter": 2,
        "verse": 3,
        "text": "among whom also we all had our conversation in times past in the lusts of our flesh, fulfilling the desires of the flesh and of the mind; and were by nature the children of wrath, even as others."
      },
      {
        "book_name": "Ephesians",
        "book": 49,
        "chapter": 2,
        "verse": 4,
        "text": "But God, who is rich in mercy, for his great love wherewith he loved us,"
      },
      {
        "book_name": "Ephesians",
        "book": 49,
        "chapter": 2,
        "verse": 5,
        "text": "even when we were dead in sins, hath quickened us together with Christ, (by grace ye are saved;)"
      },
      {
        "book_name": "Ephesians",
        "book": 49,
        "chapter": 2,
        "verse": 6,
        "text": "and hath raised us up together, and made us sit together in heavenly places in Christ Jesus:"
      },
      {
        "book_name": "Ephesians",
        "book": 49,
        "chapter": 2,
        "verse": 7,
        "text": "that in the ages to come he might shew the exceeding riches of his grace in his kindness toward us through Christ Jesus."
      },
      {
        "book_name": "Ephesians",
        "book": 49,
        "chapter": 2,
        "verse": 8,
        "text": "For by grace are ye saved through faith; and that not of yourselves: it is the gift of God:"
      },
      {
        "book_name": "Ephesians",
        "book": 49,
        "chapter": 2,
        "verse": 9,
        "text": "not of works, lest any man should boast."
      },
      {
        "book_name": "Ephesians",
        "book": 49,
        "chapter": 2,
        "verse": 10,
        "text": "For we are his workmanship, created in Christ Jesus unto good works, which God hath before ordained that we should walk in them."
      },
      {
        "book_name": "Ephesians",
        "book": 49,
        "chapter": 2,
        "verse": 11,
        "text": "Wherefore remember, that ye being in time past Gentiles in the flesh, who are called Uncircumcision by that which is called the Circumcision in the flesh made by hands;"
      },
      {
        "book_name": "Ephesians",
        "book": 49,
        "chapter": 2,
        "verse": 12,
        "text": "that at that time ye were without Christ, being aliens from the commonwealth of Israel, and strangers from the covenants of promise, having no hope, and without God in the world:"
      },
      {
        "book_name": "Ephesians",
        "book": 49,
        "chapter": 2,
        "verse": 13,
        "text": "but now in Christ Jesus ye who sometimes were far off are made nigh by the blood of Christ."
      },
      {
        "book_name": "Ephesians",
        "book": 49,
        "chapter": 2,
        "verse": 14,
        "text": "For he is our peace, who hath made both one, and hath broken down the middle wall of partition between us;"
      },
      {
        "book_name": "Ephesians",
        "book": 49,
        "chapter": 2,
        "verse": 15,
        "text": "having abolished in his flesh the enmity, even the law of commandments contained in ordinances; for to make in himself of twain one new man, so making peace;"
      },
      {
        "book_name": "Ephesians",
        "book": 49,
        "chapter": 2,
        "verse": 16,
        "text": "and that he might reconcile both unto God in one body by the cross, having slain the enmity thereby:"
      },
      {
        "book_name": "Ephesians",
        "book": 49,
        "chapter": 2,
        "verse": 17,
        "text": "and came and preached peace to you which were afar off, and to them that were nigh."
      },
      {
        "book_name": "Ephesians",
        "book": 49,
        "chapter": 2,
        "verse": 18,
        "text": "For through him we both have access by one Spirit unto the Father."
      },
      {
        "book_name": "Ephesians",
        "book": 49,
        "chapter": 2,
        "verse": 19,
        "text": "Now therefore ye are no more strangers and foreigners, but fellowcitizens with the saints, and of the household of God;"
      },
      {
        "book_name": "Ephesians",
        "book": 49,
        "chapter": 2,
        "verse": 20,
        "text": "and are built upon the foundation of the apostles and prophets, Jesus Christ himself being the chief corner stone;"
      },
      {
        "book_name": "Ephesians",
        "book": 49,
        "chapter": 2,
        "verse": 21,
        "text": "in whom all the building fitly framed together groweth unto an holy temple in the Lord:"
      },
      {
        "book_name": "Ephesians",
        "book": 49,
        "chapter": 2,
        "verse": 22,
        "text": "in whom ye also are builded together for an habitation of God through the Spirit."
      }
    ],
    "3": [
      {
        "book_name": "Ephesians",
        "book": 49,
        "chapter": 3,
        "verse": 1,
        "text": "The Apostle of this Gospel  1For this cause I Paul, the prisoner of Jesus Christ for you Gentiles, 2if ye have heard of the dispensation of the grace of God which is given me to you-ward: 3how that by revelation he made known unto me the mystery; (as I wrote afore in few words, 4whereby, when ye read, ye may understand my knowledge in the mystery of Christ) 5which in other ages was not made known unto the sons of men, as it is now revealed unto his holy apostles and prophets by the Spirit; 6that the Gentiles should be fellowheirs, and of the same body, and partakers of his promise in Christ by the gospel: 7whereof I was made a minister, according to the gift of the grace of God given unto me by the effectual working of his power. 8Unto me, who am less than the least of all saints, is this grace given, that I should preach among the Gentiles the unsearchable riches of Christ; 9and to make all men see what is the fellowship of the mystery, which from the beginning of the world hath been hid in God, who created all things by Jesus Christ: 10to the intent that now unto the principalities and powers in heavenly places might be known by the church the manifold wisdom of God, 11according to the eternal purpose which he purposed in Christ Jesus our Lord: 12in whom we have boldness and access with confidence by the faith of him. 13Wherefore I desire that ye faint not at my tribulations for you, which is your glory.His Prayer and Appeal  14For this cause I bow my knees unto the Father of our Lord Jesus Christ, 15of whom the whole family in heaven and earth is named, 16that he would grant you, according to the riches of his glory, to be strengthened with might by his Spirit in the inner man; 17that Christ may dwell in your hearts by faith; that ye, being rooted and grounded in love, 18may be able to comprehend with all saints what is the breadth, and length, and depth, and height; 19and to know the love of Christ, which passeth knowledge, that ye might be filled with all the fulness of God. 20Now unto him that is able to do exceeding abundantly above all that we ask or think, according to the power that worketh in us, 21unto him be glory in the church by Christ Jesus throughout all ages, world without end. Amen."
      },
      {
        "book_name": "Ephesians",
        "book": 49,
        "chapter": 3,
        "verse": 1,
        "text": "For this cause I Paul, the prisoner of Jesus Christ for you Gentiles,"
      },
      {
        "book_name": "Ephesians",
        "book": 49,
        "chapter": 3,
        "verse": 2,
        "text": "if ye have heard of the dispensation of the grace of God which is given me to you-ward:"
      },
      {
        "book_name": "Ephesians",
        "book": 49,
        "chapter": 3,
        "verse": 3,
        "text": "how that by revelation he made known unto me the mystery; (as I wrote afore in few words,"
      },
      {
        "book_name": "Ephesians",
        "book": 49,
        "chapter": 3,
        "verse": 4,
        "text": "whereby, when ye read, ye may understand my knowledge in the mystery of Christ)"
      },
      {
        "book_name": "Ephesians",
        "book": 49,
        "chapter": 3,
        "verse": 5,
        "text": "which in other ages was not made known unto the sons of men, as it is now revealed unto his holy apostles and prophets by the Spirit;"
      },
      {
        "book_name": "Ephesians",
        "book": 49,
        "chapter": 3,
        "verse": 6,
        "text": "that the Gentiles should be fellowheirs, and of the same body, and partakers of his promise in Christ by the gospel:"
      },
      {
        "book_name": "Ephesians",
        "book": 49,
        "chapter": 3,
        "verse": 7,
        "text": "whereof I was made a minister, according to the gift of the grace of God given unto me by the effectual working of his power."
      },
      {
        "book_name": "Ephesians",
        "book": 49,
        "chapter": 3,
        "verse": 8,
        "text": "Unto me, who am less than the least of all saints, is this grace given, that I should preach among the Gentiles the unsearchable riches of Christ;"
      },
      {
        "book_name": "Ephesians",
        "book": 49,
        "chapter": 3,
        "verse": 9,
        "text": "and to make all men see what is the fellowship of the mystery, which from the beginning of the world hath been hid in God, who created all things by Jesus Christ:"
      },
      {
        "book_name": "Ephesians",
        "book": 49,
        "chapter": 3,
        "verse": 10,
        "text": "to the intent that now unto the principalities and powers in heavenly places might be known by the church the manifold wisdom of God,"
      },
      {
        "book_name": "Ephesians",
        "book": 49,
        "chapter": 3,
        "verse": 11,
        "text": "according to the eternal purpose which he purposed in Christ Jesus our Lord:"
      },
      {
        "book_name": "Ephesians",
        "book": 49,
        "chapter": 3,
        "verse": 12,
        "text": "in whom we have boldness and access with confidence by the faith of him."
      },
      {
        "book_name": "Ephesians",
        "book": 49,
        "chapter": 3,
        "verse": 13,
        "text": "Wherefore I desire that ye faint not at my tribulations for you, which is your glory."
      },
      {
        "book_name": "Ephesians",
        "book": 49,
        "chapter": 3,
        "verse": 14,
        "text": "For this cause I bow my knees unto the Father of our Lord Jesus Christ,"
      },
      {
        "book_name": "Ephesians",
        "book": 49,
        "chapter": 3,
        "verse": 15,
        "text": "of whom the whole family in heaven and earth is named,"
      },
      {
        "book_name": "Ephesians",
        "book": 49,
        "chapter": 3,
        "verse": 16,
        "text": "that he would grant you, according to the riches of his glory, to be strengthened with might by his Spirit in the inner man;"
      },
      {
        "book_name": "Ephesians",
        "book": 49,
        "chapter": 3,
        "verse": 17,
        "text": "that Christ may dwell in your hearts by faith; that ye, being rooted and grounded in love,"
      },
      {
        "book_name": "Ephesians",
        "book": 49,
        "chapter": 3,
        "verse": 18,
        "text": "may be able to comprehend with all saints what is the breadth, and length, and depth, and height;"
      },
      {
        "book_name": "Ephesians",
        "book": 49,
        "chapter": 3,
        "verse": 19,
        "text": "and to know the love of Christ, which passeth knowledge, that ye might be filled with all the fulness of God."
      },
      {
        "book_name": "Ephesians",
        "book": 49,
        "chapter": 3,
        "verse": 20,
        "text": "Now unto him that is able to do exceeding abundantly above all that we ask or think, according to the power that worketh in us,"
      },
      {
        "book_name": "Ephesians",
        "book": 49,
        "chapter": 3,
        "verse": 21,
        "text": "unto him be glory in the church by Christ Jesus throughout all ages, world without end. Amen."
      }
    ],
    "4": [
      {
        "book_name": "Ephesians",
        "book": 49,
        "chapter": 4,
        "verse": 1,
        "text": "Prisoner of the Lord  1I therefore, the prisoner of the Lord, beseech you that ye walk worthy of the vocation wherewith ye are called, 2with all lowliness and meekness, with longsuffering, forbearing one another in love; 3endeavouring to keep the unity of the Spirit in the bond of peace. 4There is one body, and one Spirit, even as ye are called in one hope of your calling; 5one Lord, one faith, one baptism, 6one God and Father of all, who is above all, and through all, and in you all. 7But unto every one of us is given grace according to the measure of the gift of Christ. 8Wherefore he saith,When he ascended up on high, he led captivity captive,And gave gifts unto men.  9(Now that he ascended, what is it but that he also descended first into the lower parts of the earth? 10He that descended is the same also that ascended up far above all heavens, that he might fill all things.) 11And he gave some, apostles; and some, prophets; and some, evangelists; and some, pastors and teachers; 12for the perfecting of the saints, for the work of the ministry, for the edifying of the body of Christ: 13till we all come in the unity of the faith, and of the knowledge of the Son of God, unto a perfect man, unto the measure of the stature of the fulness of Christ: 14that we henceforth be no more children, tossed to and fro, and carried about with every wind of doctrine, by the sleight of men, and cunning craftiness, whereby they lie in wait to deceive; 15but speaking the truth in love, may grow up into him in all things, which is the head, even Christ: 16from whom the whole body fitly joined together and compacted by that which every joint supplieth, according to the effectual working in the measure of every part, maketh increase of the body unto the edifying of itself in love.Christian Living  17This I say therefore, and testify in the Lord, that ye henceforth walk not as other Gentiles walk, in the vanity of their mind, 18having the understanding darkened, being alienated from the life of God through the ignorance that is in them, because of the blindness of their heart: 19who being past feeling have given themselves over unto lasciviousness, to work all uncleanness with greediness. 20But ye have not so learned Christ; 21if so be that ye have heard him, and have been taught by him, as the truth is in Jesus: 22that ye put off concerning the former conversation the old man, which is corrupt according to the deceitful lusts; 23and be renewed in the spirit of your mind; 24and that ye put on the new man, which after God is created in righteousness and true holiness.  25Wherefore putting away lying, speak every man truth with his neighbour: for we are members one of another. 26Be ye angry, and sin not: let not the sun go down upon your wrath: 27neither give place to the devil. 28Let him that stole steal no more: but rather let him labour, working with his hands the thing which is good, that he may have to give to him that needeth. 29Let no corrupt communication proceed out of your mouth, but that which is good to the use of edifying, that it may minister grace unto the hearers. 30And grieve not the holy Spirit of God, whereby ye are sealed unto the day of redemption. 31Let all bitterness, and wrath, and anger, and clamour, and evil speaking, be put away from you, with all malice: 32and be ye kind one to another, tenderhearted, forgiving one another, even as God for Christ's sake hath forgiven you."
      },
      {
        "book_name": "Ephesians",
        "book": 49,
        "chapter": 4,
        "verse": 1,
        "text": "I therefore, the prisoner of the Lord, beseech you that ye walk worthy of the vocation wherewith ye are called,"
      },
      {
        "book_name": "Ephesians",
        "book": 49,
        "chapter": 4,
        "verse": 2,
        "text": "with all lowliness and meekness, with longsuffering, forbearing one another in love;"
      },
      {
        "book_name": "Ephesians",
        "book": 49,
        "chapter": 4,
        "verse": 3,
        "text": "endeavouring to keep the unity of the Spirit in the bond of peace."
      },
      {
        "book_name": "Ephesians",
        "book": 49,
        "chapter": 4,
        "verse": 4,
        "text": "There is one body, and one Spirit, even as ye are called in one hope of your calling;"
      },
      {
        "book_name": "Ephesians",
        "book": 49,
        "chapter": 4,
        "verse": 5,
        "text": "one Lord, one faith, one baptism,"
      },
      {
        "book_name": "Ephesians",
        "book": 49,
        "chapter": 4,
        "verse": 6,
        "text": "one God and Father of all, who is above all, and through all, and in you all."
      },
      {
        "book_name": "Ephesians",
        "book": 49,
        "chapter": 4,
        "verse": 7,
        "text": "But unto every one of us is given grace according to the measure of the gift of Christ."
      },
      {
        "book_name": "Ephesians",
        "book": 49,
        "chapter": 4,
        "verse": 8,
        "text": "Wherefore he saith,"
      },
      {
        "book_name": "Ephesians",
        "book": 49,
        "chapter": 4,
        "verse": 8,
        "text": "When he ascended up on high, he led captivity captive,"
      },
      {
        "book_name": "Ephesians",
        "book": 49,
        "chapter": 4,
        "verse": 8,
        "text": "And gave gifts unto men."
      },
      {
        "book_name": "Ephesians",
        "book": 49,
        "chapter": 4,
        "verse": 9,
        "text": "(Now that he ascended, what is it but that he also descended first into the lower parts of the earth?"
      },
      {
        "book_name": "Ephesians",
        "book": 49,
        "chapter": 4,
        "verse": 10,
        "text": "He that descended is the same also that ascended up far above all heavens, that he might fill all things.)"
      },
      {
        "book_name": "Ephesians",
        "book": 49,
        "chapter": 4,
        "verse": 11,
        "text": "And he gave some, apostles; and some, prophets; and some, evangelists; and some, pastors and teachers;"
      },
      {
        "book_name": "Ephesians",
        "book": 49,
        "chapter": 4,
        "verse": 12,
        "text": "for the perfecting of the saints, for the work of the ministry, for the edifying of the body of Christ:"
      },
      {
        "book_name": "Ephesians",
        "book": 49,
        "chapter": 4,
        "verse": 13,
        "text": "till we all come in the unity of the faith, and of the knowledge of the Son of God, unto a perfect man, unto the measure of the stature of the fulness of Christ:"
      },
      {
        "book_name": "Ephesians",
        "book": 49,
        "chapter": 4,
        "verse": 14,
        "text": "that we henceforth be no more children, tossed to and fro, and carried about with every wind of doctrine, by the sleight of men, and cunning craftiness, whereby they lie in wait to deceive;"
      },
      {
        "book_name": "Ephesians",
        "book": 49,
        "chapter": 4,
        "verse": 15,
        "text": "but speaking the truth in love, may grow up into him in all things, which is the head, even Christ:"
      },
      {
        "book_name": "Ephesians",
        "book": 49,
        "chapter": 4,
        "verse": 16,
        "text": "from whom the whole body fitly joined together and compacted by that which every joint supplieth, according to the effectual working in the measure of every part, maketh increase of the body unto the edifying of itself in love."
      },
      {
        "book_name": "Ephesians",
        "book": 49,
        "chapter": 4,
        "verse": 17,
        "text": "This I say therefore, and testify in the Lord, that ye henceforth walk not as other Gentiles walk, in the vanity of their mind,"
      },
      {
        "book_name": "Ephesians",
        "book": 49,
        "chapter": 4,
        "verse": 18,
        "text": "having the understanding darkened, being alienated from the life of God through the ignorance that is in them, because of the blindness of their heart:"
      },
      {
        "book_name": "Ephesians",
        "book": 49,
        "chapter": 4,
        "verse": 19,
        "text": "who being past feeling have given themselves over unto lasciviousness, to work all uncleanness with greediness."
      },
      {
        "book_name": "Ephesians",
        "book": 49,
        "chapter": 4,
        "verse": 20,
        "text": "But ye have not so learned Christ;"
      },
      {
        "book_name": "Ephesians",
        "book": 49,
        "chapter": 4,
        "verse": 21,
        "text": "if so be that ye have heard him, and have been taught by him, as the truth is in Jesus:"
      },
      {
        "book_name": "Ephesians",
        "book": 49,
        "chapter": 4,
        "verse": 22,
        "text": "that ye put off concerning the former conversation the old man, which is corrupt according to the deceitful lusts;"
      },
      {
        "book_name": "Ephesians",
        "book": 49,
        "chapter": 4,
        "verse": 23,
        "text": "and be renewed in the spirit of your mind;"
      },
      {
        "book_name": "Ephesians",
        "book": 49,
        "chapter": 4,
        "verse": 24,
        "text": "and that ye put on the new man, which after God is created in righteousness and true holiness."
      },
      {
        "book_name": "Ephesians",
        "book": 49,
        "chapter": 4,
        "verse": 25,
        "text": "Wherefore putting away lying, speak every man truth with his neighbour: for we are members one of another."
      },
      {
        "book_name": "Ephesians",
        "book": 49,
        "chapter": 4,
        "verse": 26,
        "text": "Be ye angry, and sin not: let not the sun go down upon your wrath:"
      },
      {
        "book_name": "Ephesians",
        "book": 49,
        "chapter": 4,
        "verse": 27,
        "text": "neither give place to the devil."
      },
      {
        "book_name": "Ephesians",
        "book": 49,
        "chapter": 4,
        "verse": 28,
        "text": "Let him that stole steal no more: but rather let him labour, working with his hands the thing which is good, that he may have to give to him that needeth."
      },
      {
        "book_name": "Ephesians",
        "book": 49,
        "chapter": 4,
        "verse": 29,
        "text": "Let no corrupt communication proceed out of your mouth, but that which is good to the use of edifying, that it may minister grace unto the hearers."
      },
      {
        "book_name": "Ephesians",
        "book": 49,
        "chapter": 4,
        "verse": 30,
        "text": "And grieve not the holy Spirit of God, whereby ye are sealed unto the day of redemption."
      },
      {
        "book_name": "Ephesians",
        "book": 49,
        "chapter": 4,
        "verse": 31,
        "text": "Let all bitterness, and wrath, and anger, and clamour, and evil speaking, be put away from you, with all malice:"
      },
      {
        "book_name": "Ephesians",
        "book": 49,
        "chapter": 4,
        "verse": 32,
        "text": "and be ye kind one to another, tenderhearted, forgiving one another, even as God for Christ's sake hath forgiven you."
      }
    ],
    "5": [
      {
        "book_name": "Ephesians",
        "book": 49,
        "chapter": 5,
        "verse": 1,
        "text": "1Be ye therefore followers of God, as dear children; 2and walk in love, as Christ also hath loved us, and hath given himself for us an offering and a sacrifice to God for a sweetsmelling savour.  3But fornication, and all uncleanness, or covetousness, let it not be once named among you, as becometh saints; 4neither filthiness, nor foolish talking, nor jesting, which are not convenient: but rather giving of thanks. 5For this ye know, that no whoremonger, nor unclean person, nor covetous man, who is an idolater, hath any inheritance in the kingdom of Christ and of God.  6Let no man deceive you with vain words: for because of these things cometh the wrath of God upon the children of disobedience. 7Be not ye therefore partakers with them. 8For ye were sometimes darkness, but now are ye light in the Lord: walk as children of light: 9(for the fruit of the Spirit is in all goodness and righteousness and truth;) 10proving what is acceptable unto the Lord. 11And have no fellowship with the unfruitful works of darkness, but rather reprove them. 12For it is a shame even to speak of those things which are done of them in secret. 13But all things that are reproved are made manifest by the light: for whatsoever doth make manifest is light. 14Wherefore he saith, Awake thou that sleepest, and arise from the dead, and Christ shall give thee light.  15See then that ye walk circumspectly, not as fools, but as wise, 16redeeming the time, because the days are evil. 17Wherefore be ye not unwise, but understanding what the will of the Lord is. 18And be not drunk with wine, wherein is excess; but be filled with the Spirit; 19speaking to yourselves in psalms and hymns and spiritual songs, singing and making melody in your heart to the Lord; 20giving thanks always for all things unto God and the Father in the name of our Lord Jesus Christ; 21submitting yourselves one to another in the fear of God.  22Wives, submit yourselves unto your own husbands, as unto the Lord. 23For the husband is the head of the wife, even as Christ is the head of the church: and he is the saviour of the body. 24Therefore as the church is subject unto Christ, so let the wives be to their own husbands in every thing. 25Husbands, love your wives, even as Christ also loved the church, and gave himself for it; 26that he might sanctify and cleanse it with the washing of water by the word, 27that he might present it to himself a glorious church, not having spot, or wrinkle, or any such thing; but that it should be holy and without blemish. 28So ought men to love their wives as their own bodies. He that loveth his wife loveth himself. 29For no man ever yet hated his own flesh; but nourisheth and cherisheth it, even as the Lord the church: 30for we are members of his body, of his flesh, and of his bones. 31For this cause shall a man leave his father and mother, and shall be joined unto his wife, and they two shall be one flesh. 32This is a great mystery: but I speak concerning Christ and the church. 33Nevertheless, let every one of you in particular so love his wife even as himself; and the wife see that she reverence her husband."
      },
      {
        "book_name": "Ephesians",
        "book": 49,
        "chapter": 5,
        "verse": 1,
        "text": "Be ye therefore followers of God, as dear children;"
      },
      {
        "book_name": "Ephesians",
        "book": 49,
        "chapter": 5,
        "verse": 2,
        "text": "and walk in love, as Christ also hath loved us, and hath given himself for us an offering and a sacrifice to God for a sweetsmelling savour."
      },
      {
        "book_name": "Ephesians",
        "book": 49,
        "chapter": 5,
        "verse": 3,
        "text": "But fornication, and all uncleanness, or covetousness, let it not be once named among you, as becometh saints;"
      },
      {
        "book_name": "Ephesians",
        "book": 49,
        "chapter": 5,
        "verse": 4,
        "text": "neither filthiness, nor foolish talking, nor jesting, which are not convenient: but rather giving of thanks."
      },
      {
        "book_name": "Ephesians",
        "book": 49,
        "chapter": 5,
        "verse": 5,
        "text": "For this ye know, that no whoremonger, nor unclean person, nor covetous man, who is an idolater, hath any inheritance in the kingdom of Christ and of God."
      },
      {
        "book_name": "Ephesians",
        "book": 49,
        "chapter": 5,
        "verse": 6,
        "text": "Let no man deceive you with vain words: for because of these things cometh the wrath of God upon the children of disobedience."
      },
      {
        "book_name": "Ephesians",
        "book": 49,
        "chapter": 5,
        "verse": 7,
        "text": "Be not ye therefore partakers with them."
      },
      {
        "book_name": "Ephesians",
        "book": 49,
        "chapter": 5,
        "verse": 8,
        "text": "For ye were sometimes darkness, but now are ye light in the Lord: walk as children of light:"
      },
      {
        "book_name": "Ephesians",
        "book": 49,
        "chapter": 5,
        "verse": 9,
        "text": "(for the fruit of the Spirit is in all goodness and righteousness and truth;)"
      },
      {
        "book_name": "Ephesians",
        "book": 49,
        "chapter": 5,
        "verse": 10,
        "text": "proving what is acceptable unto the Lord."
      },
      {
        "book_name": "Ephesians",
        "book": 49,
        "chapter": 5,
        "verse": 11,
        "text": "And have no fellowship with the unfruitful works of darkness, but rather reprove them."
      },
      {
        "book_name": "Ephesians",
        "book": 49,
        "chapter": 5,
        "verse": 12,
        "text": "For it is a shame even to speak of those things which are done of them in secret."
      },
      {
        "book_name": "Ephesians",
        "book": 49,
        "chapter": 5,
        "verse": 13,
        "text": "But all things that are reproved are made manifest by the light: for whatsoever doth make manifest is light."
      },
      {
        "book_name": "Ephesians",
        "book": 49,
        "chapter": 5,
        "verse": 14,
        "text": "Wherefore he saith, Awake thou that sleepest, and arise from the dead, and Christ shall give thee light."
      },
      {
        "book_name": "Ephesians",
        "book": 49,
        "chapter": 5,
        "verse": 15,
        "text": "See then that ye walk circumspectly, not as fools, but as wise,"
      },
      {
        "book_name": "Ephesians",
        "book": 49,
        "chapter": 5,
        "verse": 16,
        "text": "redeeming the time, because the days are evil."
      },
      {
        "book_name": "Ephesians",
        "book": 49,
        "chapter": 5,
        "verse": 17,
        "text": "Wherefore be ye not unwise, but understanding what the will of the Lord is."
      },
      {
        "book_name": "Ephesians",
        "book": 49,
        "chapter": 5,
        "verse": 18,
        "text": "And be not drunk with wine, wherein is excess; but be filled with the Spirit;"
      },
      {
        "book_name": "Ephesians",
        "book": 49,
        "chapter": 5,
        "verse": 19,
        "text": "speaking to yourselves in psalms and hymns and spiritual songs, singing and making melody in your heart to the Lord;"
      },
      {
        "book_name": "Ephesians",
        "book": 49,
        "chapter": 5,
        "verse": 20,
        "text": "giving thanks always for all things unto God and the Father in the name of our Lord Jesus Christ;"
      },
      {
        "book_name": "Ephesians",
        "book": 49,
        "chapter": 5,
        "verse": 21,
        "text": "submitting yourselves one to another in the fear of God."
      },
      {
        "book_name": "Ephesians",
        "book": 49,
        "chapter": 5,
        "verse": 22,
        "text": "Wives, submit yourselves unto your own husbands, as unto the Lord."
      },
      {
        "book_name": "Ephesians",
        "book": 49,
        "chapter": 5,
        "verse": 23,
        "text": "For the husband is the head of the wife, even as Christ is the head of the church: and he is the saviour of the body."
      },
      {
        "book_name": "Ephesians",
        "book": 49,
        "chapter": 5,
        "verse": 24,
        "text": "Therefore as the church is subject unto Christ, so let the wives be to their own husbands in every thing."
      },
      {
        "book_name": "Ephesians",
        "book": 49,
        "chapter": 5,
        "verse": 25,
        "text": "Husbands, love your wives, even as Christ also loved the church, and gave himself for it;"
      },
      {
        "book_name": "Ephesians",
        "book": 49,
        "chapter": 5,
        "verse": 26,
        "text": "that he might sanctify and cleanse it with the washing of water by the word,"
      },
      {
        "book_name": "Ephesians",
        "book": 49,
        "chapter": 5,
        "verse": 27,
        "text": "that he might present it to himself a glorious church, not having spot, or wrinkle, or any such thing; but that it should be holy and without blemish."
      },
      {
        "book_name": "Ephesians",
        "book": 49,
        "chapter": 5,
        "verse": 28,
        "text": "So ought men to love their wives as their own bodies. He that loveth his wife loveth himself."
      },
      {
        "book_name": "Ephesians",
        "book": 49,
        "chapter": 5,
        "verse": 29,
        "text": "For no man ever yet hated his own flesh; but nourisheth and cherisheth it, even as the Lord the church:"
      },
      {
        "book_name": "Ephesians",
        "book": 49,
        "chapter": 5,
        "verse": 30,
        "text": "for we are members of his body, of his flesh, and of his bones."
      },
      {
        "book_name": "Ephesians",
        "book": 49,
        "chapter": 5,
        "verse": 31,
        "text": "For this cause shall a man leave his father and mother, and shall be joined unto his wife, and they two shall be one flesh."
      },
      {
        "book_name": "Ephesians",
        "book": 49,
        "chapter": 5,
        "verse": 32,
        "text": "This is a great mystery: but I speak concerning Christ and the church."
      },
      {
        "book_name": "Ephesians",
        "book": 49,
        "chapter": 5,
        "verse": 33,
        "text": "Nevertheless, let every one of you in particular so love his wife even as himself; and the wife see that she reverence her husband."
      }
    ],
    "6": [
      {
        "book_name": "Ephesians",
        "book": 49,
        "chapter": 6,
        "verse": 1,
        "text": "Domestic Relationships  1Children, obey your parents in the Lord: for this is right. 2Honour thy father and mother; which is the first commandment with promise; 3that it may be well with thee, and thou mayest live long on the earth. 4And, ye fathers, provoke not your children to wrath: but bring them up in the nurture and admonition of the Lord.  5Servants, be obedient to them that are your masters according to the flesh, with fear and trembling, in singleness of your heart, as unto Christ; 6not with eyeservice, as menpleasers; but as the servants of Christ, doing the will of God from the heart; 7with good will doing service, as to the Lord, and not to men: 8knowing that whatsoever good thing any man doeth, the same shall he receive of the Lord, whether he be bond or free. 9And, ye masters, do the same things unto them, forbearing threatening: knowing that your Master also is in heaven; neither is there respect of persons with him.  10Finally, my brethren, be strong in the Lord, and in the power of his might. 11Put on the whole armour of God, that ye may be able to stand against the wiles of the devil. 12For we wrestle not against flesh and blood, but against principalities, against powers, against the rulers of the darkness of this world, against spiritual wickedness in high places. 13Wherefore take unto you the whole armour of God, that ye may be able to withstand in the evil day, and having done all, to stand. 14Stand therefore, having your loins girt about with truth, and having on the breastplate of righteousness; 15and your feet shod with the preparation of the gospel of peace; 16above all, taking the shield of faith, wherewith ye shall be able to quench all the fiery darts of the wicked. 17And take the helmet of salvation, and the sword of the Spirit, which is the word of God: 18praying always with all prayer and supplication in the Spirit, and watching thereunto with all perseverance and supplication for all saints; 19and for me, that utterance may be given unto me, that I may open my mouth boldly, to make known the mystery of the gospel, 20for which I am an ambassador in bonds: that therein I may speak boldly, as I ought to speak.  21But that ye also may know my affairs, and how I do, Tychicus, a beloved brother and faithful minister in the Lord, shall make known to you all things: 22whom I have sent unto you for the same purpose, that ye might know our affairs, and that he might comfort your hearts.  23Peace be to the brethren, and love with faith, from God the Father and the Lord Jesus Christ. 24Grace be with all them that love our Lord Jesus Christ in sincerity. Amen.Written from Rome unto the Ephesians by Tychicus."
      },
      {
        "book_name": "Ephesians",
        "book": 49,
        "chapter": 6,
        "verse": 1,
        "text": "Children, obey your parents in the Lord: for this is right."
      },
      {
        "book_name": "Ephesians",
        "book": 49,
        "chapter": 6,
        "verse": 2,
        "text": "Honour thy father and mother; which is the first commandment with promise;"
      },
      {
        "book_name": "Ephesians",
        "book": 49,
        "chapter": 6,
        "verse": 3,
        "text": "that it may be well with thee, and thou mayest live long on the earth."
      },
      {
        "book_name": "Ephesians",
        "book": 49,
        "chapter": 6,
        "verse": 4,
        "text": "And, ye fathers, provoke not your children to wrath: but bring them up in the nurture and admonition of the Lord."
      },
      {
        "book_name": "Ephesians",
        "book": 49,
        "chapter": 6,
        "verse": 5,
        "text": "Servants, be obedient to them that are your masters according to the flesh, with fear and trembling, in singleness of your heart, as unto Christ;"
      },
      {
        "book_name": "Ephesians",
        "book": 49,
        "chapter": 6,
        "verse": 6,
        "text": "not with eyeservice, as menpleasers; but as the servants of Christ, doing the will of God from the heart;"
      },
      {
        "book_name": "Ephesians",
        "book": 49,
        "chapter": 6,
        "verse": 7,
        "text": "with good will doing service, as to the Lord, and not to men:"
      },
      {
        "book_name": "Ephesians",
        "book": 49,
        "chapter": 6,
        "verse": 8,
        "text": "knowing that whatsoever good thing any man doeth, the same shall he receive of the Lord, whether he be bond or free."
      },
      {
        "book_name": "Ephesians",
        "book": 49,
        "chapter": 6,
        "verse": 9,
        "text": "And, ye masters, do the same things unto them, forbearing threatening: knowing that your Master also is in heaven; neither is there respect of persons with him."
      },
      {
        "book_name": "Ephesians",
        "book": 49,
        "chapter": 6,
        "verse": 10,
        "text": "Finally, my brethren, be strong in the Lord, and in the power of his might."
      },
      {
        "book_name": "Ephesians",
        "book": 49,
        "chapter": 6,
        "verse": 11,
        "text": "Put on the whole armour of God, that ye may be able to stand against the wiles of the devil."
      },
      {
        "book_name": "Ephesians",
        "book": 49,
        "chapter": 6,
        "verse": 12,
        "text": "For we wrestle not against flesh and blood, but against principalities, against powers, against the rulers of the darkness of this world, against spiritual wickedness in high places."
      },
      {
        "book_name": "Ephesians",
        "book": 49,
        "chapter": 6,
        "verse": 13,
        "text": "Wherefore take unto you the whole armour of God, that ye may be able to withstand in the evil day, and having done all, to stand."
      },
      {
        "book_name": "Ephesians",
        "book": 49,
        "chapter": 6,
        "verse": 14,
        "text": "Stand therefore, having your loins girt about with truth, and having on the breastplate of righteousness;"
      },
      {
        "book_name": "Ephesians",
        "book": 49,
        "chapter": 6,
        "verse": 15,
        "text": "and your feet shod with the preparation of the gospel of peace;"
      },
      {
        "book_name": "Ephesians",
        "book": 49,
        "chapter": 6,
        "verse": 16,
        "text": "above all, taking the shield of faith, wherewith ye shall be able to quench all the fiery darts of the wicked."
      },
      {
        "book_name": "Ephesians",
        "book": 49,
        "chapter": 6,
        "verse": 17,
        "text": "And take the helmet of salvation, and the sword of the Spirit, which is the word of God:"
      },
      {
        "book_name": "Ephesians",
        "book": 49,
        "chapter": 6,
        "verse": 18,
        "text": "praying always with all prayer and supplication in the Spirit, and watching thereunto with all perseverance and supplication for all saints;"
      },
      {
        "book_name": "Ephesians",
        "book": 49,
        "chapter": 6,
        "verse": 19,
        "text": "and for me, that utterance may be given unto me, that I may open my mouth boldly, to make known the mystery of the gospel,"
      },
      {
        "book_name": "Ephesians",
        "book": 49,
        "chapter": 6,
        "verse": 20,
        "text": "for which I am an ambassador in bonds: that therein I may speak boldly, as I ought to speak."
      },
      {
        "book_name": "Ephesians",
        "book": 49,
        "chapter": 6,
        "verse": 21,
        "text": "But that ye also may know my affairs, and how I do, Tychicus, a beloved brother and faithful minister in the Lord, shall make known to you all things:"
      },
      {
        "book_name": "Ephesians",
        "book": 49,
        "chapter": 6,
        "verse": 22,
        "text": "whom I have sent unto you for the same purpose, that ye might know our affairs, and that he might comfort your hearts."
      },
      {
        "book_name": "Ephesians",
        "book": 49,
        "chapter": 6,
        "verse": 23,
        "text": "Peace be to the brethren, and love with faith, from God the Father and the Lord Jesus Christ."
      },
      {
        "book_name": "Ephesians",
        "book": 49,
        "chapter": 6,
        "verse": 24,
        "text": "Grace be with all them that love our Lord Jesus Christ in sincerity. Amen."
      },
      {
        "book_name": "Ephesians",
        "book": 49,
        "chapter": 6,
        "verse": 24,
        "text": "Written from Rome unto the Ephesians by Tychicus."
      }
    ]
  }
}