{
  "source": "bible.com",
  "version": "King James Version",
  "book": "Galatians",
  "chapters": {
    "1": [
      {
        "book_name": "Galatians",
        "book": 48,
        "chapter": 1,
        "verse": 1,
        "text": "1Paul, an apostle, (not of men, neither by man, but by Jesus Christ, and God the Father, who raised him from the dead;) 2and all the brethren which are with me, unto the churches of Galatia: 3grace be to you and peace from God the Father, and from our Lord Jesus Christ, 4who gave himself for our sins, that he might deliver us from this present evil world, according to the will of God and our Father: 5to whom be glory for ever and ever. Amen.Paul Defends His Authority  6I marvel that ye are so soon removed from him that called you into the grace of Christ unto another gospel: 7which is not another; but there be some that trouble you, and would pervert the gospel of Christ. 8But though we, or an angel from heaven, preach any other gospel unto you than that which we have preached unto you, let him be accursed. 9As we said before, so say I now again, If any man preach any other gospel unto you than that ye have received, let him be accursed.  10For do I now persuade men, or God? or do I seek to please men? for if I yet pleased men, I should not be the servant of Christ. 11But I certify you, brethren, that the gospel which was preached of me is not after man. 12For I neither received it of man, neither was I taught it, but by the revelation of Jesus Christ.  13For ye have heard of my conversation in time past in the Jews' religion, how that beyond measure I persecuted the church of God, and wasted it: 14and profited in the Jews' religion above many my equals in mine own nation, being more exceedingly zealous of the traditions of my fathers. 15But when it pleased God, who separated me from my mother's womb, and called me by his grace, 16to reveal his Son in me, that I might preach him among the heathen; immediately I conferred not with flesh and blood: 17neither went I up to Jerusalem to them which were apostles before me; but I went into Arabia, and returned again unto Damascus. 18Then after three years I went up to Jerusalem to see Peter, and abode with him fifteen days. 19But other of the apostles saw I none, save James the Lord's brother. 20Now the things which I write unto you, behold, before God, I lie not. 21Afterwards I came into the regions of Syria and Cilicia; 22and was unknown by face unto the churches of Judæa which were in Christ: 23but they had heard only, That he which persecuted us in times past now preacheth the faith which once he destroyed. 24And they glorified God in me."
      },
      {
        "book_name": "Galatians",
        "book": 48,
        "chapter": 1,
        "verse": 1,
        "text": "Paul, an apostle, (not of men, neither by man, but by Jesus Christ, and God the Father, who raised him from the dead;)"
      },
      {
        "book_name": "Galatians",
        "book": 48,
        "chapter": 1,
        "verse": 2,
        "text": "and all the brethren which are with me, unto the churches of Galatia:"
      },
      {
        "book_name": "Galatians",
        "book": 48,
        "chapter": 1,
        "verse": 3,
        "text": "grace be to you and peace from God the Father, and from our Lord Jesus Christ,"
      },
      {
        "book_name": "Galatians",
        "book": 48,
        "chapter": 1,
        "verse": 4,
        "text": "who gave himself for our sins, that he might deliver us from this present evil world, according to the will of God and our Father:"
      },
      {
        "book_name": "Galatians",
        "book": 48,
        "chapter": 1,
        "verse": 5,
        "text": "to whom be glory for ever and ever. Amen."
      },
      {
        "book_name": "Galatians",
        "book": 48,
        "chapter": 1,
        "verse": 6,
        "text": "I marvel that ye are so soon removed from him that called you into the grace of Christ unto another gospel:"
      },
      {
        "book_name": "Galatians",
        "book": 48,
        "chapter": 1,
        "verse": 7,
        "text": "which is not another; but there be some that trouble you, and would pervert the gospel of Christ."
      },
      {
        "book_name": "Galatians",
        "book": 48,
        "chapter": 1,
        "verse": 8,
        "text": "But though we, or an angel from heaven, preach any other gospel unto you than that which we have preached unto you, let him be accursed."
      },
      {
        "book_name": "Galatians",
        "book": 48,
        "chapter": 1,
        "verse": 9,
        "text": "As we said before, so say I now again, If any man preach any other gospel unto you than that ye have received, let him be accursed."
      },
      {
        "book_name": "Galatians",
        "book": 48,
        "chapter": 1,
        "verse": 10,
        "text": "For do I now persuade men, or God? or do I seek to please men? for if I yet pleased men, I should not be the servant of Christ."
      },
      {
        "book_name": "Galatians",
        "book": 48,
        "chapter": 1,
        "verse": 11,
        "text": "But I certify you, brethren, that the gospel which was preached of me is not after man."
      },
      {
        "book_name": "Galatians",
        "book": 48,
        "chapter": 1,
        "verse": 12,
        "text": "For I neither received it of man, neither was I taught it, but by the revelation of Jesus Christ."
      },
      {
        "book_name": "Galatians",
        "book": 48,
        "chapter": 1,
        "verse": 13,
        "text": "For ye have heard of my conversation in time past in the Jews' religion, how that beyond measure I persecuted the church of God, and wasted it:"
      },
      {
        "book_name": "Galatians",
        "book": 48,
        "chapter": 1,
        "verse": 14,
        "text": "and profited in the Jews' religion above many my equals in mine own nation, being more exceedingly zealous of the traditions of my fathers."
      },
      {
        "book_name": "Galatians",
        "book": 48,
        "chapter": 1,
        "verse": 15,
        "text": "But when it pleased God, who separated me from my mother's womb, and called me by his grace,"
      },
      {
        "book_name": "Galatians",
        "book": 48,
        "chapter": 1,
        "verse": 16,
        "text": "to reveal his Son in me, that I might preach him among the heathen; immediately I conferred not with flesh and blood:"
      },
      {
        "book_name": "Galatians",
        "book": 48,
        "chapter": 1,
        "verse": 17,
        "text": "neither went I up to Jerusalem to them which were apostles before me; but I went into Arabia, and returned again unto Damascus."
      },
      {
        "book_name": "Galatians",
        "book": 48,
        "chapter": 1,
        "verse": 18,
        "text": "Then after three years I went up to Jerusalem to see Peter, and abode with him fifteen days."
      },
      {
        "book_name": "Galatians",
        "book": 48,
        "chapter": 1,
        "verse": 19,
        "text": "But other of the apostles saw I none, save James the Lord's brother."
      },
      {
        "book_name": "Galatians",
        "book": 48,
        "chapter": 1,
        "verse": 20,
        "text": "Now the things which I write unto you, behold, before God, I lie not."
      },
      {
        "book_name": "Galatians",
        "book": 48,
        "chapter": 1,
        "verse": 21,
        "text": "Afterwards I came into the regions of Syria and Cilicia;"
      },
      {
        "book_name": "Galatians",
        "book": 48,
        "chapter": 1,
        "verse": 22,
        "text": "and was unknown by face unto the churches of Judæa which were in Christ:"
      },
      {
        "book_name": "Galatians",
        "book": 48,
        "chapter": 1,
        "verse": 23,
        "text": "but they had heard only, That he which persecuted us in times past now preacheth the faith which once he destroyed."
      },
      {
        "book_name": "Galatians",
        "book": 48,
        "chapter": 1,
        "verse": 24,
        "text": "And they glorified God in me."
      }
    ],
    "2": [
      {
        "book_name": "Galatians",
        "book": 48,
        "chapter": 2,
        "verse": 1,
        "text": "1Then fourteen years after I went up again to Jerusalem with Barnabas, and took Titus with me also. 2And I went up by revelation, and communicated unto them that gospel which I preach among the Gentiles, but privately to them which were of reputation, lest by any means I should run, or had run, in vain. 3But neither Titus, who was with me, being a Greek, was compelled to be circumcised: 4and that because of false brethren unawares brought in, who came in privily to spy out our liberty which we have in Christ Jesus, that they might bring us into bondage: 5to whom we gave place by subjection, no, not for an hour; that the truth of the gospel might continue with you. 6But of these who seemed to be somewhat, (whatsoever they were, it maketh no matter to me: God accepteth no man's person:) for they who seemed to be somewhat in conference added nothing to me: 7but contrariwise, when they saw that the gospel of the uncircumcision was committed unto me, as the gospel of the circumcision was unto Peter; 8(for he that wrought effectually in Peter to the apostleship of the circumcision, the same was mighty in me toward the Gentiles:) 9and when James, Cephas, and John, who seemed to be pillars, perceived the grace that was given unto me, they gave to me and Barnabas the right hands of fellowship; that we should go unto the heathen, and they unto the circumcision. 10Only they would that we should remember the poor; the same which I also was forward to do. 11But when Peter was come to Antioch, I withstood him to the face, because he was to be blamed. 12For before that certain came from James, he did eat with the Gentiles: but when they were come, he withdrew and separated himself, fearing them which were of the circumcision. 13And the other Jews dissembled likewise with him; insomuch that Barnabas also was carried away with their dissimulation. 14But when I saw that they walked not uprightly according to the truth of the gospel, I said unto Peter before them all, If thou, being a Jew, livest after the manner of Gentiles, and not as do the Jews, why compellest thou the Gentiles to live as do the Jews?  15We who are Jews by nature, and not sinners of the Gentiles, 16knowing that a man is not justified by the works of the law, but by the faith of Jesus Christ, even we have believed in Jesus Christ, that we might be justified by the faith of Christ, and not by the works of the law: for by the works of the law shall no flesh be justified. 17But if, while we seek to be justified by Christ, we ourselves also are found sinners, is therefore Christ the minister of sin? God forbid. 18For if I build again the things which I destroyed, I make myself a transgressor. 19For I through the law am dead to the law, that I might live unto God. 20I am crucified with Christ: nevertheless I live; yet not I, but Christ liveth in me: and the life which I now live in the flesh I live by the faith of the Son of God, who loved me, and gave himself for me. 21I do not frustrate the grace of God: for if righteousness come by the law, then Christ is dead in vain."
      },
      {
        "book_name": "Galatians",
        "book": 48,
        "chapter": 2,
        "verse": 1,
        "text": "Then fourteen years after I went up again to Jerusalem with Barnabas, and took Titus with me also."
      },
      {
        "book_name": "Galatians",
        "book": 48,
        "chapter": 2,
        "verse": 2,
        "text": "And I went up by revelation, and communicated unto them that gospel which I preach among the Gentiles, but privately to them which were of reputation, lest by any means I should run, or had run, in vain."
      },
      {
        "book_name": "Galatians",
        "book": 48,
        "chapter": 2,
        "verse": 3,
        "text": "But neither Titus, who was with me, being a Greek, was compelled to be circumcised:"
      },
      {
        "book_name": "Galatians",
        "book": 48,
        "chapter": 2,
        "verse": 4,
        "text": "and that because of false brethren unawares brought in, who came in privily to spy out our liberty which we have in Christ Jesus, that they might bring us into bondage:"
      },
      {
        "book_name": "Galatians",
        "book": 48,
        "chapter": 2,
        "verse": 5,
        "text": "to whom we gave place by subjection, no, not for an hour; that the truth of the gospel might continue with you."
      },
      {
        "book_name": "Galatians",
        "book": 48,
        "chapter": 2,
        "verse": 6,
        "text": "But of these who seemed to be somewhat, (whatsoever they were, it maketh no matter to me: God accepteth no man's person:) for they who seemed to be somewhat in conference added nothing to me:"
      },
      {
        "book_name": "Galatians",
        "book": 48,
        "chapter": 2,
        "verse": 7,
        "text": "but contrariwise, when they saw that the gospel of the uncircumcision was committed unto me, as the gospel of the circumcision was unto Peter;"
      },
      {
        "book_name": "Galatians",
        "book": 48,
        "chapter": 2,
        "verse": 8,
        "text": "(for he that wrought effectually in Peter to the apostleship of the circumcision, the same was mighty in me toward the Gentiles:)"
      },
      {
        "book_name": "Galatians",
        "book": 48,
        "chapter": 2,
        "verse": 9,
        "text": "and when James, Cephas, and John, who seemed to be pillars, perceived the grace that was given unto me, they gave to me and Barnabas the right hands of fellowship; that we should go unto the heathen, and they unto the circumcision."
      },
      {
        "book_name": "Galatians",
        "book": 48,
        "chapter": 2,
        "verse": 10,
        "text": "Only they would that we should remember the poor; the same which I also was forward to do."
      },
      {
        "book_name": "Galatians",
        "book": 48,
        "chapter": 2,
        "verse": 11,
        "text": "But when Peter was come to Antioch, I withstood him to the face, because he was to be blamed."
      },
      {
        "book_name": "Galatians",
        "book": 48,
        "chapter": 2,
        "verse": 12,
        "text": "For before that certain came from James, he did eat with the Gentiles: but when they were come, he withdrew and separated himself, fearing them which were of the circumcision."
      },
      {
        "book_name": "Galatians",
        "book": 48,
        "chapter": 2,
        "verse": 13,
        "text": "And the other Jews dissembled likewise with him; insomuch that Barnabas also was carried away with their dissimulation."
      },
      {
        "book_name": "Galatians",
        "book": 48,
        "chapter": 2,
        "verse": 14,
        "text": "But when I saw that they walked not uprightly according to the truth of the gospel, I said unto Peter before them all, If thou, being a Jew, livest after the manner of Gentiles, and not as do the Jews, why compellest thou the Gentiles to live as do the Jews?"
      },
      {
        "book_name": "Galatians",
        "book": 48,
        "chapter": 2,
        "verse": 15,
        "text": "We who are Jews by nature, and not sinners of the Gentiles,"
      },
      {
        "book_name": "Galatians",
        "book": 48,
        "chapter": 2,
        "verse": 16,
        "text": "knowing that a man is not justified by the works of the law, but by the faith of Jesus Christ, even we have believed in Jesus Christ, that we might be justified by the faith of Christ, and not by the works of the law: for by the works of the law shall no flesh be justified."
      },
      {
        "book_name": "Galatians",
        "book": 48,
        "chapter": 2,
        "verse": 17,
        "text": "But if, while we seek to be justified by Christ, we ourselves also are found sinners, is therefore Christ the minister of sin? God forbid."
      },
      {
        "book_name": "Galatians",
        "book": 48,
        "chapter": 2,
        "verse": 18,
        "text": "For if I build again the things which I destroyed, I make myself a transgressor."
      },
      {
        "book_name": "Galatians",
        "book": 48,
        "chapter": 2,
        "verse": 19,
        "text": "For I through the law am dead to the law, that I might live unto God."
      },
      {
        "book_name": "Galatians",
        "book": 48,
        "chapter": 2,
        "verse": 20,
        "text": "I am crucified with Christ: nevertheless I live; yet not I, but Christ liveth in me: and the life which I now live in the flesh I live by the faith of the Son of God, who loved me, and gave himself for me."
      },
      {
        "book_name": "Galatians",
        "book": 48,
        "chapter": 2,
        "verse": 21,
        "text": "I do not frustrate the grace of God: for if righteousness come by the law, then Christ is dead in vain."
      }
    ],
    "3": [
      {
        "book_name": "Galatians",
        "book": 48,
        "chapter": 3,
        "verse": 1,
        "text": "Defends the Truth of His Message  1O foolish Galatians, who hath bewitched you, that ye should not obey the truth, before whose eyes Jesus Christ hath been evidently set forth, crucified among you? 2This only would I learn of you, Received ye the Spirit by the works of the law, or by the hearing of faith? 3Are ye so foolish? having begun in the Spirit, are ye now made perfect by the flesh? 4Have ye suffered so many things in vain? if it be yet in vain. 5He therefore that ministereth to you the Spirit, and worketh miracles among you, doeth he it by the works of the law, or by the hearing of faith? 6Even as Abraham believed God, and it was accounted to him for righteousness.  7Know ye therefore that they which are of faith, the same are the children of Abraham. 8And the scripture, foreseeing that God would justify the heathen through faith, preached before the gospel unto Abraham, saying, In thee shall all nations be blessed. 9So then they which be of faith are blessed with faithful Abraham.  10For as many as are of the works of the law are under the curse: for it is written, Cursed is every one that continueth not in all things which are written in the book of the law to do them. 11But that no man is justified by the law in the sight of God, it is evident: for, The just shall live by faith. 12And the law is not of faith: but, The man that doeth them shall live in them. 13Christ hath redeemed us from the curse of the law, being made a curse for us: for it is written, Cursed is every one that hangeth on a tree: 14that the blessing of Abraham might come on the Gentiles through Jesus Christ; that we might receive the promise of the Spirit through faith.  15Brethren, I speak after the manner of men; Though it be but a man's covenant, yet if it be confirmed, no man disannulleth, or addeth thereto. 16Now to Abraham and his seed were the promises made. He saith not, And to seeds, as of many; but as of one, And to thy seed, which is Christ. 17And this I say, that the covenant, that was confirmed before of God in Christ, the law, which was four hundred and thirty years after, cannot disannul, that it should make the promise of none effect. 18For if the inheritance be of the law, it is no more of promise: but God gave it to Abraham by promise.  19Wherefore then serveth the law? It was added because of transgressions, till the seed should come to whom the promise was made; and it was ordained by angels in the hand of a mediator. 20Now a mediator is not a mediator of one, but God is one. 21Is the law then against the promises of God? God forbid: for if there had been a law given which could have given life, verily righteousness should have been by the law. 22But the scripture hath concluded all under sin, that the promise by faith of Jesus Christ might be given to them that believe.  23But before faith came, we were kept under the law, shut up unto the faith which should afterwards be revealed. 24Wherefore the law was our schoolmaster to bring us unto Christ, that we might be justified by faith. 25But after that faith is come, we are no longer under a schoolmaster.  26For ye are all the children of God by faith in Christ Jesus. 27For as many of you as have been baptized into Christ have put on Christ. 28There is neither Jew nor Greek, there is neither bond nor free, there is neither male nor female: for ye are all one in Christ Jesus. 29And if ye be Christ's, then are ye Abraham's seed, and heirs according to the promise."
      },
      {
        "book_name": "Galatians",
        "book": 48,
        "chapter": 3,
        "verse": 1,
        "text": "O foolish Galatians, who hath bewitched you, that ye should not obey the truth, before whose eyes Jesus Christ hath been evidently set forth, crucified among you?"
      },
      {
        "book_name": "Galatians",
        "book": 48,
        "chapter": 3,
        "verse": 2,
        "text": "This only would I learn of you, Received ye the Spirit by the works of the law, or by the hearing of faith?"
      },
      {
        "book_name": "Galatians",
        "book": 48,
        "chapter": 3,
        "verse": 3,
        "text": "Are ye so foolish? having begun in the Spirit, are ye now made perfect by the flesh?"
      },
      {
        "book_name": "Galatians",
        "book": 48,
        "chapter": 3,
        "verse": 4,
        "text": "Have ye suffered so many things in vain? if it be yet in vain."
      },
      {
        "book_name": "Galatians",
        "book": 48,
        "chapter": 3,
        "verse": 5,
        "text": "He therefore that ministereth to you the Spirit, and worketh miracles among you, doeth he it by the works of the law, or by the hearing of faith?"
      },
      {
        "book_name": "Galatians",
        "book": 48,
        "chapter": 3,
        "verse": 6,
        "text": "Even as Abraham believed God, and it was accounted to him for righteousness."
      },
      {
        "book_name": "Galatians",
        "book": 48,
        "chapter": 3,
        "verse": 7,
        "text": "Know ye therefore that they which are of faith, the same are the children of Abraham."
      },
      {
        "book_name": "Galatians",
        "book": 48,
        "chapter": 3,
        "verse": 8,
        "text": "And the scripture, foreseeing that God would justify the heathen through faith, preached before the gospel unto Abraham, saying, In thee shall all nations be blessed."
      },
      {
        "book_name": "Galatians",
        "book": 48,
        "chapter": 3,
        "verse": 9,
        "text": "So then they which be of faith are blessed with faithful Abraham."
      },
      {
        "book_name": "Galatians",
        "book": 48,
        "chapter": 3,
        "verse": 10,
        "text": "For as many as are of the works of the law are under the curse: for it is written, Cursed is every one that continueth not in all things which are written in the book of the law to do them."
      },
      {
        "book_name": "Galatians",
        "book": 48,
        "chapter": 3,
        "verse": 11,
        "text": "But that no man is justified by the law in the sight of God, it is evident: for, The just shall live by faith."
      },
      {
        "book_name": "Galatians",
        "book": 48,
        "chapter": 3,
        "verse": 12,
        "text": "And the law is not of faith: but, The man that doeth them shall live in them."
      },
      {
        "book_name": "Galatians",
        "book": 48,
        "chapter": 3,
        "verse": 13,
        "text": "Christ hath redeemed us from the curse of the law, being made a curse for us: for it is written, Cursed is every one that hangeth on a tree:"
      },
      {
        "book_name": "Galatians",
        "book": 48,
        "chapter": 3,
        "verse": 14,
        "text": "that the blessing of Abraham might come on the Gentiles through Jesus Christ; that we might receive the promise of the Spirit through faith."
      },
      {
        "book_name": "Galatians",
        "book": 48,
        "chapter": 3,
        "verse": 15,
        "text": "Brethren, I speak after the manner of men; Though it be but a man's covenant, yet if it be confirmed, no man disannulleth, or addeth thereto."
      },
      {
        "book_name": "Galatians",
        "book": 48,
        "chapter": 3,
        "verse": 16,
        "text": "Now to Abraham and his seed were the promises made. He saith not, And to seeds, as of many; but as of one, And to thy seed, which is Christ."
      },
      {
        "book_name": "Galatians",
        "book": 48,
        "chapter": 3,
        "verse": 17,
        "text": "And this I say, that the covenant, that was confirmed before of God in Christ, the law, which was four hundred and thirty years after, cannot disannul, that it should make the promise of none effect."
      },
      {
        "book_name": "Galatians",
        "book": 48,
        "chapter": 3,
        "verse": 18,
        "text": "For if the inheritance be of the law, it is no more of promise: but God gave it to Abraham by promise."
      },
      {
        "book_name": "Galatians",
        "book": 48,
        "chapter": 3,
        "verse": 19,
        "text": "Wherefore then serveth the law? It was added because of transgressions, till the seed should come to whom the promise was made; and it was ordained by angels in the hand of a mediator."
      },
      {
        "book_name": "Galatians",
        "book": 48,
        "chapter": 3,
        "verse": 20,
        "text": "Now a mediator is not a mediator of one, but God is one."
      },
      {
        "book_name": "Galatians",
        "book": 48,
        "chapter": 3,
        "verse": 21,
        "text": "Is the law then against the promises of God? God forbid: for if there had been a law given which could have given life, verily righteousness should have been by the law."
      },
      {
        "book_name": "Galatians",
        "book": 48,
        "chapter": 3,
        "verse": 22,
        "text": "But the scripture hath concluded all under sin, that the promise by faith of Jesus Christ might be given to them that believe."
      },
      {
        "book_name": "Galatians",
        "book": 48,
        "chapter": 3,
        "verse": 23,
        "text": "But before faith came, we were kept under the law, shut up unto the faith which should afterwards be revealed."
      },
      {
        "book_name": "Galatians",
        "book": 48,
        "chapter": 3,
        "verse": 24,
        "text": "Wherefore the law was our schoolmaster to bring us unto Christ, that we might be justified by faith."
      },
      {
        "book_name": "Galatians",
        "book": 48,
        "chapter": 3,
        "verse": 25,
        "text": "But after that faith is come, we are no longer under a schoolmaster."
      },
      {
        "book_name": "Galatians",
        "book": 48,
        "chapter": 3,
        "verse": 26,
        "text": "For ye are all the children of God by faith in Christ Jesus."
      },
      {
        "book_name": "Galatians",
        "book": 48,
        "chapter": 3,
        "verse": 27,
        "text": "For as many of you as have been baptized into Christ have put on Christ."
      },
      {
        "book_name": "Galatians",
        "book": 48,
        "chapter": 3,
        "verse": 28,
        "text": "There is neither Jew nor Greek, there is neither bond nor free, there is neither male nor female: for ye are all one in Christ Jesus."
      },
      {
        "book_name": "Galatians",
        "book": 48,
        "chapter": 3,
        "verse": 29,
        "text": "And if ye be Christ's, then are ye Abraham's seed, and heirs according to the promise."
      }
    ],
    "4": [
      {
        "book_name": "Galatians",
        "book": 48,
        "chapter": 4,
        "verse": 1,
        "text": "1Now I say, That the heir, as long as he is a child, differeth nothing from a servant, though he be lord of all; 2but is under tutors and governors until the time appointed of the father. 3Even so we, when we were children, were in bondage under the elements of the world: 4but when the fulness of the time was come, God sent forth his Son, made of a woman, made under the law, 5to redeem them that were under the law, that we might receive the adoption of sons.  6And because ye are sons, God hath sent forth the Spirit of his Son into your hearts, crying, Abba, Father. 7Wherefore thou art no more a servant, but a son; and if a son, then an heir of God through Christ.  8Howbeit then, when ye knew not God, ye did service unto them which by nature are no gods. 9But now, after that ye have known God, or rather are known of God, how turn ye again to the weak and beggarly elements, whereunto ye desire again to be in bondage? 10Ye observe days, and months, and times, and years. 11I am afraid of you, lest I have bestowed upon you labour in vain.  12Brethren, I beseech you, be as I am; for I am as ye are: ye have not injured me at all. 13Ye know how through infirmity of the flesh I preached the gospel unto you at the first. 14And my temptation which was in my flesh ye despised not, nor rejected; but received me as an angel of God, even as Christ Jesus. 15Where is then the blessedness ye spake of? for I bear you record, that, if it had been possible, ye would have plucked out your own eyes, and have given them to me. 16Am I therefore become your enemy, because I tell you the truth? 17They zealously affect you, but not well; yea, they would exclude you, that ye might affect them. 18But it is good to be zealously affected always in a good thing, and not only when I am present with you. 19My little children, of whom I travail in birth again until Christ be formed in you, 20I desire to be present with you now, and to change my voice; for I stand in doubt of you.  21Tell me, ye that desire to be under the law, do ye not hear the law? 22For it is written, that Abraham had two sons, the one by a bondmaid, the other by a freewoman. 23But he who was of the bondwoman was born after the flesh; but he of the freewoman was by promise. 24Which things are an allegory: for these are the two covenants; the one from the mount Sinai, which gendereth to bondage, which is Agar. 25For this Agar is mount Sinai in Arabia, and answereth to Jerusalem which now is, and is in bondage with her children. 26But Jerusalem which is above is free, which is the mother of us all. 27For it is written,Rejoice, thou barren that bearest not;Break forth and cry, thou that travailest not:For the desolate hath many more children than she which hath an husband.  28Now we, brethren, as Isaac was, are the children of promise. 29But as then he that was born after the flesh persecuted him that was born after the Spirit, even so it is now. 30Nevertheless what saith the scripture? Cast out the bondwoman and her son: for the son of the bondwoman shall not be heir with the son of the freewoman. 31So then, brethren, we are not children of the bondwoman, but of the free."
      },
      {
        "book_name": "Galatians",
        "book": 48,
        "chapter": 4,
        "verse": 1,
        "text": "Now I say, That the heir, as long as he is a child, differeth nothing from a servant, though he be lord of all;"
      },
      {
        "book_name": "Galatians",
        "book": 48,
        "chapter": 4,
        "verse": 2,
        "text": "but is under tutors and governors until the time appointed of the father."
      },
      {
        "book_name": "Galatians",
        "book": 48,
        "chapter": 4,
        "verse": 3,
        "text": "Even so we, when we were children, were in bondage under the elements of the world:"
      },
      {
        "book_name": "Galatians",
        "book": 48,
        "chapter": 4,
        "verse": 4,
        "text": "but when the fulness of the time was come, God sent forth his Son, made of a woman, made under the law,"
      },
      {
        "book_name": "Galatians",
        "book": 48,
        "chapter": 4,
        "verse": 5,
        "text": "to redeem them that were under the law, that we might receive the adoption of sons."
      },
      {
        "book_name": "Galatians",
        "book": 48,
        "chapter": 4,
        "verse": 6,
        "text": "And because ye are sons, God hath sent forth the Spirit of his Son into your hearts, crying, Abba, Father."
      },
      {
        "book_name": "Galatians",
        "book": 48,
        "chapter": 4,
        "verse": 7,
        "text": "Wherefore thou art no more a servant, but a son; and if a son, then an heir of God through Christ."
      },
      {
        "book_name": "Galatians",
        "book": 48,
        "chapter": 4,
        "verse": 8,
        "text": "Howbeit then, when ye knew not God, ye did service unto them which by nature are no gods."
      },
      {
        "book_name": "Galatians",
        "book": 48,
        "chapter": 4,
        "verse": 9,
        "text": "But now, after that ye have known God, or rather are known of God, how turn ye again to the weak and beggarly elements, whereunto ye desire again to be in bondage?"
      },
      {
        "book_name": "Galatians",
        "book": 48,
        "chapter": 4,
        "verse": 10,
        "text": "Ye observe days, and months, and times, and years."
      },
      {
        "book_name": "Galatians",
        "book": 48,
        "chapter": 4,
        "verse": 11,
        "text": "I am afraid of you, lest I have bestowed upon you labour in vain."
      },
      {
        "book_name": "Galatians",
        "book": 48,
        "chapter": 4,
        "verse": 12,
        "text": "Brethren, I beseech you, be as I am; for I am as ye are: ye have not injured me at all."
      },
      {
        "book_name": "Galatians",
        "book": 48,
        "chapter": 4,
        "verse": 13,
        "text": "Ye know how through infirmity of the flesh I preached the gospel unto you at the first."
      },
      {
        "book_name": "Galatians",
        "book": 48,
        "chapter": 4,
        "verse": 14,
        "text": "And my temptation which was in my flesh ye despised not, nor rejected; but received me as an angel of God, even as Christ Jesus."
      },
      {
        "book_name": "Galatians",
        "book": 48,
        "chapter": 4,
        "verse": 15,
        "text": "Where is then the blessedness ye spake of? for I bear you record, that, if it had been possible, ye would have plucked out your own eyes, and have given them to me."
      },
      {
        "book_name": "Galatians",
        "book": 48,
        "chapter": 4,
        "verse": 16,
        "text": "Am I therefore become your enemy, because I tell you the truth?"
      },
      {
        "book_name": "Galatians",
        "book": 48,
        "chapter": 4,
        "verse": 17,
        "text": "They zealously affect you, but not well; yea, they would exclude you, that ye might affect them."
      },
      {
        "book_name": "Galatians",
        "book": 48,
        "chapter": 4,
        "verse": 18,
        "text": "But it is good to be zealously affected always in a good thing, and not only when I am present with you."
      },
      {
        "book_name": "Galatians",
        "book": 48,
        "chapter": 4,
        "verse": 19,
        "text": "My little children, of whom I travail in birth again until Christ be formed in you,"
      },
      {
        "book_name": "Galatians",
        "book": 48,
        "chapter": 4,
        "verse": 20,
        "text": "I desire to be present with you now, and to change my voice; for I stand in doubt of you."
      },
      {
        "book_name": "Galatians",
        "book": 48,
        "chapter": 4,
        "verse": 21,
        "text": "Tell me, ye that desire to be under the law, do ye not hear the law?"
      },
      {
        "book_name": "Galatians",
        "book": 48,
        "chapter": 4,
        "verse": 22,
        "text": "For it is written, that Abraham had two sons, the one by a bondmaid, the other by a freewoman."
      },
      {
        "book_name": "Galatians",
        "book": 48,
        "chapter": 4,
        "verse": 23,
        "text": "But he who was of the bondwoman was born after the flesh; but he of the freewoman was by promise."
      },
      {
        "book_name": "Galatians",
        "book": 48,
        "chapter": 4,
        "verse": 24,
        "text": "Which things are an allegory: for these are the two covenants; the one from the mount Sinai, which gendereth to bondage, which is Agar."
      },
      {
        "book_name": "Galatians",
        "book": 48,
        "chapter": 4,
        "verse": 25,
        "text": "For this Agar is mount Sinai in Arabia, and answereth to Jerusalem which now is, and is in bondage with her children."
      },
      {
        "book_name": "Galatians",
        "book": 48,
        "chapter": 4,
        "verse": 26,
        "text": "But Jerusalem which is above is free, which is the mother of us all."
      },
      {
        "book_name": "Galatians",
        "book": 48,
        "chapter": 4,
        "verse": 27,
        "text": "For it is written,"
      },
      {
        "book_name": "Galatians",
        "book": 48,
        "chapter": 4,
        "verse": 27,
        "text": "Rejoice, thou barren that bearest not;"
      },
      {
        "book_name": "Galatians",
        "book": 48,
        "chapter": 4,
        "verse": 27,
        "text": "Break forth and cry, thou that travailest not:"
      },
      {
        "book_name": "Galatians",
        "book": 48,
        "chapter": 4,
        "verse": 27,
        "text": "For the desolate hath many more children than she which hath an husband."
      },
      {
        "book_name": "Galatians",
        "book": 48,
        "chapter": 4,
        "verse": 28,
        "text": "Now we, brethren, as Isaac was, are the children of promise."
      },
      {
        "book_name": "Galatians",
        "book": 48,
        "chapter": 4,
        "verse": 29,
        "text": "But as then he that was born after the flesh persecuted him that was born after the Spirit, even so it is now."
      },
      {
        "book_name": "Galatians",
        "book": 48,
        "chapter": 4,
        "verse": 30,
        "text": "Nevertheless what saith the scripture? Cast out the bondwoman and her son: for the son of the bondwoman shall not be heir with the son of the freewoman."
      },
      {
        "book_name": "Galatians",
        "book": 48,
        "chapter": 4,
        "verse": 31,
        "text": "So then, brethren, we are not children of the bondwoman, but of the free."
      }
    ],
    "5": [
      {
        "book_name": "Galatians",
        "book": 48,
        "chapter": 5,
        "verse": 1,
        "text": "Commends the New Life  1Stand fast therefore in the liberty wherewith Christ hath made us free, and be not entangled again with the yoke of bondage.  2Behold, I Paul say unto you, that if ye be circumcised, Christ shall profit you nothing. 3For I testify again to every man that is circumcised, that he is a debtor to do the whole law. 4Christ is become of no effect unto you, whosoever of you are justified by the law; ye are fallen from grace. 5For we through the Spirit wait for the hope of righteousness by faith. 6For in Jesus Christ neither circumcision availeth any thing, nor uncircumcision; but faith which worketh by love.  7Ye did run well; who did hinder you that ye should not obey the truth? 8This persuasion cometh not of him that calleth you. 9A little leaven leaveneth the whole lump. 10I have confidence in you through the Lord, that ye will be none otherwise minded: but he that troubleth you shall bear his judgment, whosoever he be. 11And I, brethren, if I yet preach circumcision, why do I yet suffer persecution? then is the offence of the cross ceased. 12I would they were even cut off which trouble you.  13For, brethren, ye have been called unto liberty; only use not liberty for an occasion to the flesh, but by love serve one another. 14For all the law is fulfilled in one word, even in this; Thou shalt love thy neighbour as thyself. 15But if ye bite and devour one another, take heed that ye be not consumed one of another.  16  This I say then, Walk in the Spirit, and ye shall not fulfil the lust of the flesh. 17For the flesh lusteth against the Spirit, and the Spirit against the flesh: and these are contrary the one to the other: so that ye cannot do the things that ye would. 18But if ye be led of the Spirit, ye are not under the law. 19Now the works of the flesh are manifest, which are these; Adultery, fornication, uncleanness, lasciviousness, 20idolatry, witchcraft, hatred, variance, emulations, wrath, strife, seditions, heresies, 21envyings, murders, drunkenness, revellings, and such like: of the which I tell you before, as I have also told you in time past, that they which do such things shall not inherit the kingdom of God. 22But the fruit of the Spirit is love, joy, peace, longsuffering, gentleness, goodness, faith, 23meekness, temperance: against such there is no law. 24And they that are Christ's have crucified the flesh with the affections and lusts.  25If we live in the Spirit, let us also walk in the Spirit. 26Let us not be desirous of vain glory, provoking one another, envying one another."
      },
      {
        "book_name": "Galatians",
        "book": 48,
        "chapter": 5,
        "verse": 1,
        "text": "Stand fast therefore in the liberty wherewith Christ hath made us free, and be not entangled again with the yoke of bondage."
      },
      {
        "book_name": "Galatians",
        "book": 48,
        "chapter": 5,
        "verse": 2,
        "text": "Behold, I Paul say unto you, that if ye be circumcised, Christ shall profit you nothing."
      },
      {
        "book_name": "Galatians",
        "book": 48,
        "chapter": 5,
        "verse": 3,
        "text": "For I testify again to every man that is circumcised, that he is a debtor to do the whole law."
      },
      {
        "book_name": "Galatians",
        "book": 48,
        "chapter": 5,
        "verse": 4,
        "text": "Christ is become of no effect unto you, whosoever of you are justified by the law; ye are fallen from grace."
      },
      {
        "book_name": "Galatians",
        "book": 48,
        "chapter": 5,
        "verse": 5,
        "text": "For we through the Spirit wait for the hope of righteousness by faith."
      },
      {
        "book_name": "Galatians",
        "book": 48,
        "chapter": 5,
        "verse": 6,
        "text": "For in Jesus Christ neither circumcision availeth any thing, nor uncircumcision; but faith which worketh by love."
      },
      {
        "book_name": "Galatians",
        "book": 48,
        "chapter": 5,
        "verse": 7,
        "text": "Ye did run well; who did hinder you that ye should not obey the truth?"
      },
      {
        "book_name": "Galatians",
        "book": 48,
        "chapter": 5,
        "verse": 8,
        "text": "This persuasion cometh not of him that calleth you."
      },
      {
        "book_name": "Galatians",
        "book": 48,
        "chapter": 5,
        "verse": 9,
        "text": "A little leaven leaveneth the whole lump."
      },
      {
        "book_name": "Galatians",
        "book": 48,
        "chapter": 5,
        "verse": 10,
        "text": "I have confidence in you through the Lord, that ye will be none otherwise minded: but he that troubleth you shall bear his judgment, whosoever he be."
      },
      {
        "book_name": "Galatians",
        "book": 48,
        "chapter": 5,
        "verse": 11,
        "text": "And I, brethren, if I yet preach circumcision, why do I yet suffer persecution? then is the offence of the cross ceased."
      },
      {
        "book_name": "Galatians",
        "book": 48,
        "chapter": 5,
        "verse": 12,
        "text": "I would they were even cut off which trouble you."
      },
      {
        "book_name": "Galatians",
        "book": 48,
        "chapter": 5,
        "verse": 13,
        "text": "For, brethren, ye have been called unto liberty; only use not liberty for an occasion to the flesh, but by love serve one another."
      },
      {
        "book_name": "Galatians",
        "book": 48,
        "chapter": 5,
        "verse": 14,
        "text": "For all the law is fulfilled in one word, even in this; Thou shalt love thy neighbour as thyself."
      },
      {
        "book_name": "Galatians",
        "book": 48,
        "chapter": 5,
        "verse": 15,
        "text": "But if ye bite and devour one another, take heed that ye be not consumed one of another."
      },
      {
        "book_name": "Galatians",
        "book": 48,
        "chapter": 5,
        "verse": 16,
        "text": "This I say then, Walk in the Spirit, and ye shall not fulfil the lust of the flesh."
      },
      {
        "book_name": "Galatians",
        "book": 48,
        "chapter": 5,
        "verse": 17,
        "text": "For the flesh lusteth against the Spirit, and the Spirit against the flesh: and these are contrary the one to the other: so that ye cannot do the things that ye would."
      },
      {
        "book_name": "Galatians",
        "book": 48,
        "chapter": 5,
        "verse": 18,
        "text": "But if ye be led of the Spirit, ye are not under the law."
      },
      {
        "book_name": "Galatians",
        "book": 48,
        "chapter": 5,
        "verse": 19,
        "text": "Now the works of the flesh are manifest, which are these; Adultery, fornication, uncleanness, lasciviousness,"
      },
      {
        "book_name": "Galatians",
        "book": 48,
        "chapter": 5,
        "verse": 20,
        "text": "idolatry, witchcraft, hatred, variance, emulations, wrath, strife, seditions, heresies,"
      },
      {
        "book_name": "Galatians",
        "book": 48,
        "chapter": 5,
        "verse": 21,
        "text": "envyings, murders, drunkenness, revellings, and such like: of the which I tell you before, as I have also told you in time past, that they which do such things shall not inherit the kingdom of God."
      },
      {
        "book_name": "Galatians",
        "book": 48,
        "chapter": 5,
        "verse": 22,
        "text": "But the fruit of the Spirit is love, joy, peace, longsuffering, gentleness, goodness, faith,"
      },
      {
        "book_name": "Galatians",
        "book": 48,
        "chapter": 5,
        "verse": 23,
        "text": "meekness, temperance: against such there is no law."
      },
      {
        "book_name": "Galatians",
        "book": 48,
        "chapter": 5,
        "verse": 24,
        "text": "And they that are Christ's have crucified the flesh with the affections and lusts."
      },
      {
        "book_name": "Galatians",
        "book": 48,
        "chapter": 5,
        "verse": 25,
        "text": "If we live in the Spirit, let us also walk in the Spirit."
      },
      {
        "book_name": "Galatians",
        "book": 48,
        "chapter": 5,
        "verse": 26,
        "text": "Let us not be desirous of vain glory, provoking one another, envying one another."
      }
    ],
    "6": [
      {
        "book_name": "Galatians",
        "book": 48,
        "chapter": 6,
        "verse": 1,
        "text": "1Brethren, if a man be overtaken in a fault, ye which are spiritual, restore such an one in the spirit of meekness; considering thyself, lest thou also be tempted. 2Bear ye one another's burdens, and so fulfil the law of Christ. 3For if a man think himself to be something, when he is nothing, he deceiveth himself. 4But let every man prove his own work, and then shall he have rejoicing in himself alone, and not in another. 5For every man shall bear his own burden.  6Let him that is taught in the word communicate unto him that teacheth in all good things. 7Be not deceived; God is not mocked: for whatsoever a man soweth, that shall he also reap. 8For he that soweth to his flesh shall of the flesh reap corruption; but he that soweth to the Spirit shall of the Spirit reap life everlasting. 9And let us not be weary in well doing: for in due season we shall reap, if we faint not. 10As we have therefore opportunity, let us do good unto all men, especially unto them who are of the household of faith.  11Ye see how large a letter I have written unto you with mine own hand. 12As many as desire to make a fair shew in the flesh, they constrain you to be circumcised; only lest they should suffer persecution for the cross of Christ. 13For neither they themselves who are circumcised keep the law; but desire to have you circumcised, that they may glory in your flesh. 14But God forbid that I should glory, save in the cross of our Lord Jesus Christ, by whom the world is crucified unto me, and I unto the world. 15For in Christ Jesus neither circumcision availeth any thing, nor uncircumcision, but a new creature. 16And as many as walk according to this rule, peace be on them, and mercy, and upon the Israel of God.  17From henceforth let no man trouble me: for I bear in my body the marks of the Lord Jesus. 18Brethren, the grace of our Lord Jesus Christ be with your spirit. Amen.Unto the Galatians written from Rome."
      },
      {
        "book_name": "Galatians",
        "book": 48,
        "chapter": 6,
        "verse": 1,
        "text": "Brethren, if a man be overtaken in a fault, ye which are spiritual, restore such an one in the spirit of meekness; considering thyself, lest thou also be tempted."
      },
      {
        "book_name": "Galatians",
        "book": 48,
        "chapter": 6,
        "verse": 2,
        "text": "Bear ye one another's burdens, and so fulfil the law of Christ."
      },
      {
        "book_name": "Galatians",
        "book": 48,
        "chapter": 6,
        "verse": 3,
        "text": "For if a man think himself to be something, when he is nothing, he deceiveth himself."
      },
      {
        "book_name": "Galatians",
        "book": 48,
        "chapter": 6,
        "verse": 4,
        "text": "But let every man prove his own work, and then shall he have rejoicing in himself alone, and not in another."
      },
      {
        "book_name": "Galatians",
        "book": 48,
        "chapter": 6,
        "verse": 5,
        "text": "For every man shall bear his own burden."
      },
      {
        "book_name": "Galatians",
        "book": 48,
        "chapter": 6,
        "verse": 6,
        "text": "Let him that is taught in the word communicate unto him that teacheth in all good things."
      },
      {
        "book_name": "Galatians",
        "book": 48,
        "chapter": 6,
        "verse": 7,
        "text": "Be not deceived; God is not mocked: for whatsoever a man soweth, that shall he also reap."
      },
      {
        "book_name": "Galatians",
        "book": 48,
        "chapter": 6,
        "verse": 8,
        "text": "For he that soweth to his flesh shall of the flesh reap corruption; but he that soweth to the Spirit shall of the Spirit reap life everlasting."
      },
      {
        "book_name": "Galatians",
        "book": 48,
        "chapter": 6,
        "verse": 9,
        "text": "And let us not be weary in well doing: for in due season we shall reap, if we faint not."
      },
      {
        "book_name": "Galatians",
        "book": 48,
        "chapter": 6,
        "verse": 10,
        "text": "As we have therefore opportunity, let us do good unto all men, especially unto them who are of the household of faith."
      },
      {
        "book_name": "Galatians",
        "book": 48,
        "chapter": 6,
        "verse": 11,
        "text": "Ye see how large a letter I have written unto you with mine own hand."
      },
      {
        "book_name": "Galatians",
        "book": 48,
        "chapter": 6,
        "verse": 12,
        "text": "As many as desire to make a fair shew in the flesh, they constrain you to be circumcised; only lest they should suffer persecution for the cross of Christ."
      },
      {
        "book_name": "Galatians",
        "book": 48,
        "chapter": 6,
        "verse": 13,
        "text": "For neither they themselves who are circumcised keep the law; but desire to have you circumcised, that they may glory in your flesh."
      },
      {
        "book_name": "Galatians",
        "book": 48,
        "chapter": 6,
        "verse": 14,
        "text": "But God forbid that I should glory, save in the cross of our Lord Jesus Christ, by whom the world is crucified unto me, and I unto the world."
      },
      {
        "book_name": "Galatians",
        "book": 48,
        "chapter": 6,
        "verse": 15,
        "text": "For in Christ Jesus neither circumcision availeth any thing, nor uncircumcision, but a new creature."
      },
      {
        "book_name": "Galatians",
        "book": 48,
        "chapter": 6,
        "verse": 16,
        "text": "And as many as walk according to this rule, peace be on them, and mercy, and upon the Israel of God."
      },
      {
        "book_name": "Galatians",
        "book": 48,
        "chapter": 6,
        "verse": 17,
        "text": "From henceforth let no man trouble me: for I bear in my body the marks of the Lord Jesus."
      },
      {
        "book_name": "Galatians",
        "book": 48,
        "chapter": 6,
        "verse": 18,
        "text": "Brethren, the grace of our Lord Jesus Christ be with your spirit. Amen."
      },
      {
        "book_name": "Galatians",
        "book": 48,
        "chapter": 6,
        "verse": 18,
        "text": "Unto the Galatians written from Rome."
      }
    ]
  }
}