{
  "source": "bible.com",
  "version": "King James Version",
  "book": "Jonah",
  "chapters": {
    "1": [
      {
        "book_name": "Jonah",
        "book": 32,
        "chapter": 1,
        "verse": 1,
        "text": "1Now the word of the LORD came unto Jonah the son of Amittai, saying, 2Arise, go to Nineveh, that great city, and cry against it; for their wickedness is come up before me. 3But Jonah rose up to flee unto Tarshish from the presence of the LORD, and went down to Joppa; and he found a ship going to Tarshish: so he paid the fare thereof, and went down into it, to go with them unto Tarshish from the presence of the LORD.  4But the LORD sent out a great wind into the sea, and there was a mighty tempest in the sea, so that the ship was like to be broken. 5Then the mariners were afraid, and cried every man unto his god, and cast forth the wares that were in the ship into the sea, to lighten it of them. But Jonah was gone down into the sides of the ship; and he lay, and was fast asleep. 6So the shipmaster came to him, and said unto him, What meanest thou, O sleeper? arise, call upon thy God, if so be that God will think upon us, that we perish not. 7And they said every one to his fellow, Come, and let us cast lots, that we may know for whose cause this evil is upon us. So they cast lots, and the lot fell upon Jonah. 8Then said they unto him, Tell us, we pray thee, for whose cause this evil is upon us; What is thine occupation? and whence comest thou? what is thy country? and of what people art thou? 9And he said unto them, I am an Hebrew; and I fear the LORD, the God of heaven, which hath made the sea and the dry land. 10Then were the men exceedingly afraid, and said unto him, Why hast thou done this? For the men knew that he fled from the presence of the LORD, because he had told them.  11Then said they unto him, What shall we do unto thee, that the sea may be calm unto us? for the sea wrought, and was tempestuous. 12And he said unto them, Take me up, and cast me forth into the sea; so shall the sea be calm unto you: for I know that for my sake this great tempest is upon you. 13Nevertheless the men rowed hard to bring it to the land; but they could not: for the sea wrought, and was tempestuous against them. 14Wherefore they cried unto the LORD, and said, We beseech thee, O LORD, we beseech thee, let us not perish for this man's life, and lay not upon us innocent blood: for thou, O LORD, hast done as it pleased thee. 15So they took up Jonah, and cast him forth into the sea: and the sea ceased from her raging. 16Then the men feared the LORD exceedingly, and offered a sacrifice unto the LORD, and made vows.The Prophet's Prayer  17Now the LORD had prepared a great fish to swallow up Jonah. And Jonah was in the belly of the fish three days and three nights."
      },
      {
        "book_name": "Jonah",
        "book": 32,
        "chapter": 1,
        "verse": 1,
        "text": "Now the word of the LORD came unto Jonah the son of Amittai, saying,"
      },
      {
        "book_name": "Jonah",
        "book": 32,
        "chapter": 1,
        "verse": 2,
        "text": "Arise, go to Nineveh, that great city, and cry against it; for their wickedness is come up before me."
      },
      {
        "book_name": "Jonah",
        "book": 32,
        "chapter": 1,
        "verse": 3,
        "text": "But Jonah rose up to flee unto Tarshish from the presence of the LORD, and went down to Joppa; and he found a ship going to Tarshish: so he paid the fare thereof, and went down into it, to go with them unto Tarshish from the presence of the LORD."
      },
      {
        "book_name": "Jonah",
        "book": 32,
        "chapter": 1,
        "verse": 4,
        "text": "But the LORD sent out a great wind into the sea, and there was a mighty tempest in the sea, so that the ship was like to be broken."
      },
      {
        "book_name": "Jonah",
        "book": 32,
        "chapter": 1,
        "verse": 5,
        "text": "Then the mariners were afraid, and cried every man unto his god, and cast forth the wares that were in the ship into the sea, to lighten it of them. But Jonah was gone down into the sides of the ship; and he lay, and was fast asleep."
      },
      {
        "book_name": "Jonah",
        "book": 32,
        "chapter": 1,
        "verse": 6,
        "text": "So the shipmaster came to him, and said unto him, What meanest thou, O sleeper? arise, call upon thy God, if so be that God will think upon us, that we perish not."
      },
      {
        "book_name": "Jonah",
        "book": 32,
        "chapter": 1,
        "verse": 7,
        "text": "And they said every one to his fellow, Come, and let us cast lots, that we may know for whose cause this evil is upon us. So they cast lots, and the lot fell upon Jonah."
      },
      {
        "book_name": "Jonah",
        "book": 32,
        "chapter": 1,
        "verse": 8,
        "text": "Then said they unto him, Tell us, we pray thee, for whose cause this evil is upon us; What is thine occupation? and whence comest thou? what is thy country? and of what people art thou?"
      },
      {
        "book_name": "Jonah",
        "book": 32,
        "chapter": 1,
        "verse": 9,
        "text": "And he said unto them, I am an Hebrew; and I fear the LORD, the God of heaven, which hath made the sea and the dry land."
      },
      {
        "book_name": "Jonah",
        "book": 32,
        "chapter": 1,
        "verse": 10,
        "text": "Then were the men exceedingly afraid, and said unto him, Why hast thou done this? For the men knew that he fled from the presence of the LORD, because he had told them."
      },
      {
        "book_name": "Jonah",
        "book": 32,
        "chapter": 1,
        "verse": 11,
        "text": "Then said they unto him, What shall we do unto thee, that the sea may be calm unto us? for the sea wrought, and was tempestuous."
      },
      {
        "book_name": "Jonah",
        "book": 32,
        "chapter": 1,
        "verse": 12,
        "text": "And he said unto them, Take me up, and cast me forth into the sea; so shall the sea be calm unto you: for I know that for my sake this great tempest is upon you."
      },
      {
        "book_name": "Jonah",
        "book": 32,
        "chapter": 1,
        "verse": 13,
        "text": "Nevertheless the men rowed hard to bring it to the land; but they could not: for the sea wrought, and was tempestuous against them."
      },
      {
        "book_name": "Jonah",
        "book": 32,
        "chapter": 1,
        "verse": 14,
        "text": "Wherefore they cried unto the LORD, and said, We beseech thee, O LORD, we beseech thee, let us not perish for this man's life, and lay not upon us innocent blood: for thou, O LORD, hast done as it pleased thee."
      },
      {
        "book_name": "Jonah",
        "book": 32,
        "chapter": 1,
        "verse": 15,
        "text": "So they took up Jonah, and cast him forth into the sea: and the sea ceased from her raging."
      },
      {
        "book_name": "Jonah",
        "book": 32,
        "chapter": 1,
        "verse": 16,
        "text": "Then the men feared the LORD exceedingly, and offered a sacrifice unto the LORD, and made vows."
      },
      {
        "book_name": "Jonah",
        "book": 32,
        "chapter": 1,
        "verse": 17,
        "text": "Now the LORD had prepared a great fish to swallow up Jonah. And Jonah was in the belly of the fish three days and three nights."
      }
    ],
    "2": [
      {
        "book_name": "Jonah",
        "book": 32,
        "chapter": 2,
        "verse": 1,
        "text": "1Then Jonah prayed unto the LORD his God out of the fish's belly, 2and said,I cried by reason of mine affliction unto the LORD,And he heard me;Out of the belly of hell cried I,  And thou heardest my voice.  3For thou hadst cast me into the deep, in the midst of the seas;And the floods compassed me about:All thy billows and thy waves passed over me.  4Then I said, I am cast out of thy sight;Yet I will look again toward thy holy temple.  5The waters compassed me about, even to the soul:The depth closed me round about,The weeds were wrapped about my head.  6I went down to the bottoms of the mountains;The earth with her bars was about me for ever:Yet hast thou brought up my life from corruption, O LORD my God.  7When my soul fainted within me I remembered the LORD:And my prayer came in unto thee, into thine holy temple.  8They that observe lying vanitiesForsake their own mercy.  9But I will sacrifice unto thee with the voice of thanksgiving;I will pay that that I have vowed.Salvation is of the LORD.  10And the LORD spake unto the fish, and it vomited out Jonah upon the dry land."
      },
      {
        "book_name": "Jonah",
        "book": 32,
        "chapter": 2,
        "verse": 1,
        "text": "Then Jonah prayed unto the LORD his God out of the fish's belly,"
      },
      {
        "book_name": "Jonah",
        "book": 32,
        "chapter": 2,
        "verse": 2,
        "text": "and said,"
      },
      {
        "book_name": "Jonah",
        "book": 32,
        "chapter": 2,
        "verse": 2,
        "text": "I cried by reason of mine affliction unto the LORD,"
      },
      {
        "book_name": "Jonah",
        "book": 32,
        "chapter": 2,
        "verse": 2,
        "text": "And he heard me;"
      },
      {
        "book_name": "Jonah",
        "book": 32,
        "chapter": 2,
        "verse": 2,
        "text": "Out of the belly of hell cried I,"
      },
      {
        "book_name": "Jonah",
        "book": 32,
        "chapter": 2,
        "verse": 2,
        "text": "And thou heardest my voice."
      },
      {
        "book_name": "Jonah",
        "book": 32,
        "chapter": 2,
        "verse": 3,
        "text": "For thou hadst cast me into the deep, in the midst of the seas;"
      },
      {
        "book_name": "Jonah",
        "book": 32,
        "chapter": 2,
        "verse": 3,
        "text": "And the floods compassed me about:"
      },
      {
        "book_name": "Jonah",
        "book": 32,
        "chapter": 2,
        "verse": 3,
        "text": "All thy billows and thy waves passed over me."
      },
      {
        "book_name": "Jonah",
        "book": 32,
        "chapter": 2,
        "verse": 4,
        "text": "Then I said, I am cast out of thy sight;"
      },
      {
        "book_name": "Jonah",
        "book": 32,
        "chapter": 2,
        "verse": 4,
        "text": "Yet I will look again toward thy holy temple."
      },
      {
        "book_name": "Jonah",
        "book": 32,
        "chapter": 2,
        "verse": 5,
        "text": "The waters compassed me about, even to the soul:"
      },
      {
        "book_name": "Jonah",
        "book": 32,
        "chapter": 2,
        "verse": 5,
        "text": "The depth closed me round about,"
      },
      {
        "book_name": "Jonah",
        "book": 32,
        "chapter": 2,
        "verse": 5,
        "text": "The weeds were wrapped about my head."
      },
      {
        "book_name": "Jonah",
        "book": 32,
        "chapter": 2,
        "verse": 6,
        "text": "I went down to the bottoms of the mountains;"
      },
      {
        "book_name": "Jonah",
        "book": 32,
        "chapter": 2,
        "verse": 6,
        "text": "The earth with her bars was about me for ever:"
      },
      {
        "book_name": "Jonah",
        "book": 32,
        "chapter": 2,
        "verse": 6,
        "text": "Yet hast thou brought up my life from corruption, O LORD my God."
      },
      {
        "book_name": "Jonah",
        "book": 32,
        "chapter": 2,
        "verse": 7,
        "text": "When my soul fainted within me I remembered the LORD:"
      },
      {
        "book_name": "Jonah",
        "book": 32,
        "chapter": 2,
        "verse": 7,
        "text": "And my prayer came in unto thee, into thine holy temple."
      },
      {
        "book_name": "Jonah",
        "book": 32,
        "chapter": 2,
        "verse": 8,
        "text": "They that observe lying vanities"
      },
      {
        "book_name": "Jonah",
        "book": 32,
        "chapter": 2,
        "verse": 8,
        "text": "Forsake their own mercy."
      },
      {
        "book_name": "Jonah",
        "book": 32,
        "chapter": 2,
        "verse": 9,
        "text": "But I will sacrifice unto thee with the voice of thanksgiving;"
      },
      {
        "book_name": "Jonah",
        "book": 32,
        "chapter": 2,
        "verse": 9,
        "text": "I will pay that that I have vowed."
      },
      {
        "book_name": "Jonah",
        "book": 32,
        "chapter": 2,
        "verse": 9,
        "text": "Salvation is of the LORD."
      },
      {
        "book_name": "Jonah",
        "book": 32,
        "chapter": 2,
        "verse": 10,
        "text": "And the LORD spake unto the fish, and it vomited out Jonah upon the dry land."
      }
    ],
    "3": [
      {
        "book_name": "Jonah",
        "book": 32,
        "chapter": 3,
        "verse": 1,
        "text": "The Prophet's Obedience  1And the word of the LORD came unto Jonah the second time, saying, 2Arise, go unto Nineveh, that great city, and preach unto it the preaching that I bid thee. 3So Jonah arose, and went unto Nineveh, according to the word of the LORD. Now Nineveh was an exceeding great city of three days' journey. 4And Jonah began to enter into the city a day's journey, and he cried, and said, Yet forty days, and Nineveh shall be overthrown.  5So the people of Nineveh believed God, and proclaimed a fast, and put on sackcloth, from the greatest of them even to the least of them. 6For word came unto the king of Nineveh, and he arose from his throne, and he laid his robe from him, and covered him with sackcloth, and sat in ashes. 7And he caused it to be proclaimed and published through Nineveh by the decree of the king and his nobles, saying, Let neither man nor beast, herd nor flock, taste any thing: let them not feed, nor drink water: 8but let man and beast be covered with sackcloth, and cry mightily unto God: yea, let them turn every one from his evil way, and from the violence that is in their hands. 9Who can tell if God will turn and repent, and turn away from his fierce anger, that we perish not?  10And God saw their works, that they turned from their evil way; and God repented of the evil, that he had said that he would do unto them; and he did it not."
      },
      {
        "book_name": "Jonah",
        "book": 32,
        "chapter": 3,
        "verse": 1,
        "text": "And the word of the LORD came unto Jonah the second time, saying,"
      },
      {
        "book_name": "Jonah",
        "book": 32,
        "chapter": 3,
        "verse": 2,
        "text": "Arise, go unto Nineveh, that great city, and preach unto it the preaching that I bid thee."
      },
      {
        "book_name": "Jonah",
        "book": 32,
        "chapter": 3,
        "verse": 3,
        "text": "So Jonah arose, and went unto Nineveh, according to the word of the LORD. Now Nineveh was an exceeding great city of three days' journey."
      },
      {
        "book_name": "Jonah",
        "book": 32,
        "chapter": 3,
        "verse": 4,
        "text": "And Jonah began to enter into the city a day's journey, and he cried, and said, Yet forty days, and Nineveh shall be overthrown."
      },
      {
        "book_name": "Jonah",
        "book": 32,
        "chapter": 3,
        "verse": 5,
        "text": "So the people of Nineveh believed God, and proclaimed a fast, and put on sackcloth, from the greatest of them even to the least of them."
      },
      {
        "book_name": "Jonah",
        "book": 32,
        "chapter": 3,
        "verse": 6,
        "text": "For word came unto the king of Nineveh, and he arose from his throne, and he laid his robe from him, and covered him with sackcloth, and sat in ashes."
      },
      {
        "book_name": "Jonah",
        "book": 32,
        "chapter": 3,
        "verse": 7,
        "text": "And he caused it to be proclaimed and published through Nineveh by the decree of the king and his nobles, saying, Let neither man nor beast, herd nor flock, taste any thing: let them not feed, nor drink water:"
      },
      {
        "book_name": "Jonah",
        "book": 32,
        "chapter": 3,
        "verse": 8,
        "text": "but let man and beast be covered with sackcloth, and cry mightily unto God: yea, let them turn every one from his evil way, and from the violence that is in their hands."
      },
      {
        "book_name": "Jonah",
        "book": 32,
        "chapter": 3,
        "verse": 9,
        "text": "Who can tell if God will turn and repent, and turn away from his fierce anger, that we perish not?"
      },
      {
        "book_name": "Jonah",
        "book": 32,
        "chapter": 3,
        "verse": 10,
        "text": "And God saw their works, that they turned from their evil way; and God repented of the evil, that he had said that he would do unto them; and he did it not."
      }
    ],
    "4": [
      {
        "book_name": "Jonah",
        "book": 32,
        "chapter": 4,
        "verse": 1,
        "text": "The Prophet's Education  1But it displeased Jonah exceedingly, and he was very angry. 2And he prayed unto the LORD, and said, I pray thee, O LORD, was not this my saying, when I was yet in my country? Therefore I fled before unto Tarshish: for I knew that thou art a gracious God, and merciful, slow to anger, and of great kindness, and repentest thee of the evil. 3Therefore now, O LORD, take, I beseech thee, my life from me; for it is better for me to die than to live. 4Then said the LORD, Doest thou well to be angry? 5So Jonah went out of the city, and sat on the east side of the city, and there made him a booth, and sat under it in the shadow, till he might see what would become of the city.  6And the LORD God prepared a gourd, and made it to come up over Jonah, that it might be a shadow over his head, to deliver him from his grief. So Jonah was exceeding glad of the gourd. 7But God prepared a worm when the morning rose the next day, and it smote the gourd that it withered. 8And it came to pass, when the sun did arise, that God prepared a vehement east wind; and the sun beat upon the head of Jonah, that he fainted, and wished in himself to die, and said, It is better for me to die than to live.  9And God said to Jonah, Doest thou well to be angry for the gourd? And he said, I do well to be angry, even unto death. 10Then said the LORD, Thou hast had pity on the gourd, for the which thou hast not laboured, neither madest it grow; which came up in a night, and perished in a night: 11and should not I spare Nineveh, that great city, wherein are more than sixscore thousand persons that cannot discern between their right hand and their left hand; and also much cattle?"
      },
      {
        "book_name": "Jonah",
        "book": 32,
        "chapter": 4,
        "verse": 1,
        "text": "But it displeased Jonah exceedingly, and he was very angry."
      },
      {
        "book_name": "Jonah",
        "book": 32,
        "chapter": 4,
        "verse": 2,
        "text": "And he prayed unto the LORD, and said, I pray thee, O LORD, was not this my saying, when I was yet in my country? Therefore I fled before unto Tarshish: for I knew that thou art a gracious God, and merciful, slow to anger, and of great kindness, and repentest thee of the evil."
      },
      {
        "book_name": "Jonah",
        "book": 32,
        "chapter": 4,
        "verse": 3,
        "text": "Therefore now, O LORD, take, I beseech thee, my life from me; for it is better for me to die than to live."
      },
      {
        "book_name": "Jonah",
        "book": 32,
        "chapter": 4,
        "verse": 4,
        "text": "Then said the LORD, Doest thou well to be angry?"
      },
      {
        "book_name": "Jonah",
        "book": 32,
        "chapter": 4,
        "verse": 5,
        "text": "So Jonah went out of the city, and sat on the east side of the city, and there made him a booth, and sat under it in the shadow, till he might see what would become of the city."
      },
      {
        "book_name": "Jonah",
        "book": 32,
        "chapter": 4,
        "verse": 6,
        "text": "And the LORD God prepared a gourd, and made it to come up over Jonah, that it might be a shadow over his head, to deliver him from his grief. So Jonah was exceeding glad of the gourd."
      },
      {
        "book_name": "Jonah",
        "book": 32,
        "chapter": 4,
        "verse": 7,
        "text": "But God prepared a worm when the morning rose the next day, and it smote the gourd that it withered."
      },
      {
        "book_name": "Jonah",
        "book": 32,
        "chapter": 4,
        "verse": 8,
        "text": "And it came to pass, when the sun did arise, that God prepared a vehement east wind; and the sun beat upon the head of Jonah, that he fainted, and wished in himself to die, and said, It is better for me to die than to live."
      },
      {
        "book_name": "Jonah",
        "book": 32,
        "chapter": 4,
        "verse": 9,
        "text": "And God said to Jonah, Doest thou well to be angry for the gourd? And he said, I do well to be angry, even unto death."
      },
      {
        "book_name": "Jonah",
        "book": 32,
        "chapter": 4,
        "verse": 10,
        "text": "Then said the LORD, Thou hast had pity on the gourd, for the which thou hast not laboured, neither madest it grow; which came up in a night, and perished in a night:"
      },
      {
        "book_name": "Jonah",
        "book": 32,
        "chapter": 4,
        "verse": 11,
        "text": "and should not I spare Nineveh, that great city, wherein are more than sixscore thousand persons that cannot discern between their right hand and their left hand; and also much cattle?"
      }
    ]
  }
}