{
  "source": "bible.com",
  "version": "King James Version",
  "book": "Nahum",
  "chapters": {
    "1": [
      {
        "book_name": "Nahum",
        "book": 34,
        "chapter": 1,
        "verse": 1,
        "text": "1The burden of Nineveh. The book of the vision of Nahum the Elkoshite.The Wrath of God  2God is jealous, and the LORD revengeth; the LORD revengeth, and is furious; the LORD will take vengeance on his adversaries, and he reserveth wrath for his enemies. 3The LORD  is slow to anger, and great in power, and will not at all acquit the wicked: the LORD  hath his way in the whirlwind and in the storm, and the clouds are the dust of his feet. 4He rebuketh the sea, and maketh it dry, and drieth up all the rivers: Bashan languisheth, and Carmel, and the flower of Lebanon languisheth. 5The mountains quake at him, and the hills melt, and the earth is burned at his presence, yea, the world, and all that dwell therein. 6Who can stand before his indignation? and who can abide in the fierceness of his anger? his fury is poured out like fire, and the rocks are thrown down by him. 7The LORD  is good, a strong hold in the day of trouble; and he knoweth them that trust in him. 8But with an overrunning flood he will make an utter end of the place thereof, and darkness shall pursue his enemies.  9What do ye imagine against the LORD? he will make an utter end: affliction shall not rise up the second time. 10For while they be folden together as thorns, and while they are drunken as drunkards, they shall be devoured as stubble fully dry.  11There is one come out of thee, that imagineth evil against the LORD, a wicked counsellor. 12Thus saith the LORD; Though they be quiet, and likewise many, yet thus shall they be cut down, when he shall pass through. Though I have afflicted thee, I will afflict thee no more. 13For now will I break his yoke from off thee, and will burst thy bonds in sunder.  14And the LORD hath given a commandment concerning thee, that no more of thy name be sown: out of the house of thy gods will I cut off the graven image and the molten image: I will make thy grave; for thou art vile.  15Behold upon the mountains the feet of him that bringeth good tidings, that publisheth peace! O Judah, keep thy solemn feasts, perform thy vows: for the wicked shall no more pass through thee; he is utterly cut off."
      },
      {
        "book_name": "Nahum",
        "book": 34,
        "chapter": 1,
        "verse": 1,
        "text": "The burden of Nineveh. The book of the vision of Nahum the Elkoshite."
      },
      {
        "book_name": "Nahum",
        "book": 34,
        "chapter": 1,
        "verse": 2,
        "text": "God is jealous, and the LORD revengeth; the LORD revengeth, and is furious; the LORD will take vengeance on his adversaries, and he reserveth wrath for his enemies."
      },
      {
        "book_name": "Nahum",
        "book": 34,
        "chapter": 1,
        "verse": 3,
        "text": "The LORD  is slow to anger, and great in power, and will not at all acquit the wicked: the LORD  hath his way in the whirlwind and in the storm, and the clouds are the dust of his feet."
      },
      {
        "book_name": "Nahum",
        "book": 34,
        "chapter": 1,
        "verse": 4,
        "text": "He rebuketh the sea, and maketh it dry, and drieth up all the rivers: Bashan languisheth, and Carmel, and the flower of Lebanon languisheth."
      },
      {
        "book_name": "Nahum",
        "book": 34,
        "chapter": 1,
        "verse": 5,
        "text": "The mountains quake at him, and the hills melt, and the earth is burned at his presence, yea, the world, and all that dwell therein."
      },
      {
        "book_name": "Nahum",
        "book": 34,
        "chapter": 1,
        "verse": 6,
        "text": "Who can stand before his indignation? and who can abide in the fierceness of his anger? his fury is poured out like fire, and the rocks are thrown down by him."
      },
      {
        "book_name": "Nahum",
        "book": 34,
        "chapter": 1,
        "verse": 7,
        "text": "The LORD  is good, a strong hold in the day of trouble; and he knoweth them that trust in him."
      },
      {
        "book_name": "Nahum",
        "book": 34,
        "chapter": 1,
        "verse": 8,
        "text": "But with an overrunning flood he will make an utter end of the place thereof, and darkness shall pursue his enemies."
      },
      {
        "book_name": "Nahum",
        "book": 34,
        "chapter": 1,
        "verse": 9,
        "text": "What do ye imagine against the LORD? he will make an utter end: affliction shall not rise up the second time."
      },
      {
        "book_name": "Nahum",
        "book": 34,
        "chapter": 1,
        "verse": 10,
        "text": "For while they be folden together as thorns, and while they are drunken as drunkards, they shall be devoured as stubble fully dry."
      },
      {
        "book_name": "Nahum",
        "book": 34,
        "chapter": 1,
        "verse": 11,
        "text": "There is one come out of thee, that imagineth evil against the LORD, a wicked counsellor."
      },
      {
        "book_name": "Nahum",
        "book": 34,
        "chapter": 1,
        "verse": 12,
        "text": "Thus saith the LORD; Though they be quiet, and likewise many, yet thus shall they be cut down, when he shall pass through. Though I have afflicted thee, I will afflict thee no more."
      },
      {
        "book_name": "Nahum",
        "book": 34,
        "chapter": 1,
        "verse": 13,
        "text": "For now will I break his yoke from off thee, and will burst thy bonds in sunder."
      },
      {
        "book_name": "Nahum",
        "book": 34,
        "chapter": 1,
        "verse": 14,
        "text": "And the LORD hath given a commandment concerning thee, that no more of thy name be sown: out of the house of thy gods will I cut off the graven image and the molten image: I will make thy grave; for thou art vile."
      },
      {
        "book_name": "Nahum",
        "book": 34,
        "chapter": 1,
        "verse": 15,
        "text": "Behold upon the mountains the feet of him that bringeth good tidings, that publisheth peace! O Judah, keep thy solemn feasts, perform thy vows: for the wicked shall no more pass through thee; he is utterly cut off."
      }
    ],
    "2": [
      {
        "book_name": "Nahum",
        "book": 34,
        "chapter": 2,
        "verse": 1,
        "text": "1He that dasheth in pieces is come up before thy face: keep the munition, watch the way, make thy loins strong, fortify thy power mightily. 2For the LORD hath turned away the excellency of Jacob, as the excellency of Israel: for the emptiers have emptied them out, and marred their vine branches.Attack on Nineveh  3The shield of his mighty men is made red, the valiant men are in scarlet: the chariots shall be with flaming torches in the day of his preparation, and the fir trees shall be terribly shaken. 4The chariots shall rage in the streets, they shall justle one against another in the broad ways: they shall seem like torches, they shall run like the lightnings. 5He shall recount his worthies: they shall stumble in their walk; they shall make haste to the wall thereof, and the defence shall be prepared. 6The gates of the rivers shall be opened, and the palace shall be dissolved. 7And Huzzab shall be led away captive, she shall be brought up, and her maids shall lead her as with the voice of doves, tabering upon their breasts.  8But Nineveh is of old like a pool of water: yet they shall flee away. Stand, stand, shall they cry; but none shall look back. 9Take ye the spoil of silver, take the spoil of gold: for there is none end of the store and glory out of all the pleasant furniture. 10She is empty, and void, and waste: and the heart melteth, and the knees smite together, and much pain is in all loins, and the faces of them all gather blackness. 11Where is the dwelling of the lions, and the feedingplace of the young lions, where the lion, even the old lion, walked, and the lion's whelp, and none made them afraid? 12The lion did tear in pieces enough for his whelps, and strangled for his lionesses, and filled his holes with prey, and his dens with ravin. 13Behold, I am against thee, saith the LORD of hosts, and I will burn her chariots in the smoke, and the sword shall devour thy young lions: and I will cut off thy prey from the earth, and the voice of thy messengers shall no more be heard."
      },
      {
        "book_name": "Nahum",
        "book": 34,
        "chapter": 2,
        "verse": 1,
        "text": "He that dasheth in pieces is come up before thy face: keep the munition, watch the way, make thy loins strong, fortify thy power mightily."
      },
      {
        "book_name": "Nahum",
        "book": 34,
        "chapter": 2,
        "verse": 2,
        "text": "For the LORD hath turned away the excellency of Jacob, as the excellency of Israel: for the emptiers have emptied them out, and marred their vine branches."
      },
      {
        "book_name": "Nahum",
        "book": 34,
        "chapter": 2,
        "verse": 3,
        "text": "The shield of his mighty men is made red, the valiant men are in scarlet: the chariots shall be with flaming torches in the day of his preparation, and the fir trees shall be terribly shaken."
      },
      {
        "book_name": "Nahum",
        "book": 34,
        "chapter": 2,
        "verse": 4,
        "text": "The chariots shall rage in the streets, they shall justle one against another in the broad ways: they shall seem like torches, they shall run like the lightnings."
      },
      {
        "book_name": "Nahum",
        "book": 34,
        "chapter": 2,
        "verse": 5,
        "text": "He shall recount his worthies: they shall stumble in their walk; they shall make haste to the wall thereof, and the defence shall be prepared."
      },
      {
        "book_name": "Nahum",
        "book": 34,
        "chapter": 2,
        "verse": 6,
        "text": "The gates of the rivers shall be opened, and the palace shall be dissolved."
      },
      {
        "book_name": "Nahum",
        "book": 34,
        "chapter": 2,
        "verse": 7,
        "text": "And Huzzab shall be led away captive, she shall be brought up, and her maids shall lead her as with the voice of doves, tabering upon their breasts."
      },
      {
        "book_name": "Nahum",
        "book": 34,
        "chapter": 2,
        "verse": 8,
        "text": "But Nineveh is of old like a pool of water: yet they shall flee away. Stand, stand, shall they cry; but none shall look back."
      },
      {
        "book_name": "Nahum",
        "book": 34,
        "chapter": 2,
        "verse": 9,
        "text": "Take ye the spoil of silver, take the spoil of gold: for there is none end of the store and glory out of all the pleasant furniture."
      },
      {
        "book_name": "Nahum",
        "book": 34,
        "chapter": 2,
        "verse": 10,
        "text": "She is empty, and void, and waste: and the heart melteth, and the knees smite together, and much pain is in all loins, and the faces of them all gather blackness."
      },
      {
        "book_name": "Nahum",
        "book": 34,
        "chapter": 2,
        "verse": 11,
        "text": "Where is the dwelling of the lions, and the feedingplace of the young lions, where the lion, even the old lion, walked, and the lion's whelp, and none made them afraid?"
      },
      {
        "book_name": "Nahum",
        "book": 34,
        "chapter": 2,
        "verse": 12,
        "text": "The lion did tear in pieces enough for his whelps, and strangled for his lionesses, and filled his holes with prey, and his dens with ravin."
      },
      {
        "book_name": "Nahum",
        "book": 34,
        "chapter": 2,
        "verse": 13,
        "text": "Behold, I am against thee, saith the LORD of hosts, and I will burn her chariots in the smoke, and the sword shall devour thy young lions: and I will cut off thy prey from the earth, and the voice of thy messengers shall no more be heard."
      }
    ],
    "3": [
      {
        "book_name": "Nahum",
        "book": 34,
        "chapter": 3,
        "verse": 1,
        "text": "The End of Nineveh  1Woe to the bloody city! it is all full of lies and robbery; the prey departeth not; 2the noise of a whip, and the noise of the rattling of the wheels, and of the pransing horses, and of the jumping chariots. 3The horseman lifteth up both the bright sword and the glittering spear: and there is a multitude of slain, and a great number of carcases; and there is none end of their corpses; they stumble upon their corpses: 4because of the multitude of the whoredoms of the wellfavoured harlot, the mistress of witchcrafts, that selleth nations through her whoredoms, and families through her witchcrafts.  5Behold, I am against thee, saith the LORD of hosts; and I will discover thy skirts upon thy face, and I will shew the nations thy nakedness, and the kingdoms thy shame. 6And I will cast abominable filth upon thee, and make thee vile, and will set thee as a gazingstock. 7And it shall come to pass, that all they that look upon thee shall flee from thee, and say, Nineveh is laid waste: who will bemoan her? whence shall I seek comforters for thee?  8Art thou better than populous No, that was situate among the rivers, that had the waters round about it, whose rampart was the sea, and her wall was from the sea? 9Ethiopia and Egypt were her strength, and it was infinite; Put and Lubim were thy helpers. 10Yet was she carried away, she went into captivity: her young children also were dashed in pieces at the top of all the streets: and they cast lots for her honourable men, and all her great men were bound in chains. 11Thou also shalt be drunken: thou shalt be hid, thou also shalt seek strength because of the enemy. 12All thy strong holds shall be like fig trees with the firstripe figs: if they be shaken, they shall even fall into the mouth of the eater. 13Behold, thy people in the midst of thee are women: the gates of thy land shall be set wide open unto thine enemies: the fire shall devour thy bars.  14Draw thee waters for the siege, fortify thy strong holds: go into clay, and tread the morter, make strong the brickkiln. 15There shall the fire devour thee; the sword shall cut thee off, it shall eat thee up like the cankerworm: make thyself many as the cankerworm, make thyself many as the locusts. 16Thou hast multiplied thy merchants above the stars of heaven: the cankerworm spoileth, and fleeth away. 17Thy crowned are as the locusts, and thy captains as the great grasshoppers, which camp in the hedges in the cold day, but when the sun ariseth they flee away, and their place is not known where they are.  18Thy shepherds slumber, O king of Assyria: thy nobles shall dwell in the dust: thy people is scattered upon the mountains, and no man gathereth them. 19There is no healing of thy bruise; thy wound is grievous: all that hear the bruit of thee shall clap the hands over thee: for upon whom hath not thy wickedness passed continually?"
      },
      {
        "book_name": "Nahum",
        "book": 34,
        "chapter": 3,
        "verse": 1,
        "text": "Woe to the bloody city! it is all full of lies and robbery; the prey departeth not;"
      },
      {
        "book_name": "Nahum",
        "book": 34,
        "chapter": 3,
        "verse": 2,
        "text": "the noise of a whip, and the noise of the rattling of the wheels, and of the pransing horses, and of the jumping chariots."
      },
      {
        "book_name": "Nahum",
        "book": 34,
        "chapter": 3,
        "verse": 3,
        "text": "The horseman lifteth up both the bright sword and the glittering spear: and there is a multitude of slain, and a great number of carcases; and there is none end of their corpses; they stumble upon their corpses:"
      },
      {
        "book_name": "Nahum",
        "book": 34,
        "chapter": 3,
        "verse": 4,
        "text": "because of the multitude of the whoredoms of the wellfavoured harlot, the mistress of witchcrafts, that selleth nations through her whoredoms, and families through her witchcrafts."
      },
      {
        "book_name": "Nahum",
        "book": 34,
        "chapter": 3,
        "verse": 5,
        "text": "Behold, I am against thee, saith the LORD of hosts; and I will discover thy skirts upon thy face, and I will shew the nations thy nakedness, and the kingdoms thy shame."
      },
      {
        "book_name": "Nahum",
        "book": 34,
        "chapter": 3,
        "verse": 6,
        "text": "And I will cast abominable filth upon thee, and make thee vile, and will set thee as a gazingstock."
      },
      {
        "book_name": "Nahum",
        "book": 34,
        "chapter": 3,
        "verse": 7,
        "text": "And it shall come to pass, that all they that look upon thee shall flee from thee, and say, Nineveh is laid waste: who will bemoan her? whence shall I seek comforters for thee?"
      },
      {
        "book_name": "Nahum",
        "book": 34,
        "chapter": 3,
        "verse": 8,
        "text": "Art thou better than populous No, that was situate among the rivers, that had the waters round about it, whose rampart was the sea, and her wall was from the sea?"
      },
      {
        "book_name": "Nahum",
        "book": 34,
        "chapter": 3,
        "verse": 9,
        "text": "Ethiopia and Egypt were her strength, and it was infinite; Put and Lubim were thy helpers."
      },
      {
        "book_name": "Nahum",
        "book": 34,
        "chapter": 3,
        "verse": 10,
        "text": "Yet was she carried away, she went into captivity: her young children also were dashed in pieces at the top of all the streets: and they cast lots for her honourable men, and all her great men were bound in chains."
      },
      {
        "book_name": "Nahum",
        "book": 34,
        "chapter": 3,
        "verse": 11,
        "text": "Thou also shalt be drunken: thou shalt be hid, thou also shalt seek strength because of the enemy."
      },
      {
        "book_name": "Nahum",
        "book": 34,
        "chapter": 3,
        "verse": 12,
        "text": "All thy strong holds shall be like fig trees with the firstripe figs: if they be shaken, they shall even fall into the mouth of the eater."
      },
      {
        "book_name": "Nahum",
        "book": 34,
        "chapter": 3,
        "verse": 13,
        "text": "Behold, thy people in the midst of thee are women: the gates of thy land shall be set wide open unto thine enemies: the fire shall devour thy bars."
      },
      {
        "book_name": "Nahum",
        "book": 34,
        "chapter": 3,
        "verse": 14,
        "text": "Draw thee waters for the siege, fortify thy strong holds: go into clay, and tread the morter, make strong the brickkiln."
      },
      {
        "book_name": "Nahum",
        "book": 34,
        "chapter": 3,
        "verse": 15,
        "text": "There shall the fire devour thee; the sword shall cut thee off, it shall eat thee up like the cankerworm: make thyself many as the cankerworm, make thyself many as the locusts."
      },
      {
        "book_name": "Nahum",
        "book": 34,
        "chapter": 3,
        "verse": 16,
        "text": "Thou hast multiplied thy merchants above the stars of heaven: the cankerworm spoileth, and fleeth away."
      },
      {
        "book_name": "Nahum",
        "book": 34,
        "chapter": 3,
        "verse": 17,
        "text": "Thy crowned are as the locusts, and thy captains as the great grasshoppers, which camp in the hedges in the cold day, but when the sun ariseth they flee away, and their place is not known where they are."
      },
      {
        "book_name": "Nahum",
        "book": 34,
        "chapter": 3,
        "verse": 18,
        "text": "Thy shepherds slumber, O king of Assyria: thy nobles shall dwell in the dust: thy people is scattered upon the mountains, and no man gathereth them."
      },
      {
        "book_name": "Nahum",
        "book": 34,
        "chapter": 3,
        "verse": 19,
        "text": "There is no healing of thy bruise; thy wound is grievous: all that hear the bruit of thee shall clap the hands over thee: for upon whom hath not thy wickedness passed continually?"
      }
    ]
  }
}