{
  "source": "bible.com",
  "version": "King James Version",
  "book": "Philemon",
  "chapters": {
    "1": [
      {
        "book_name": "Philemon",
        "book": 57,
        "chapter": 1,
        "verse": 1,
        "text": "1Paul, a prisoner of Jesus Christ, and Timothy our brother, unto Philemon our dearly beloved, and fellowlabourer, 2and to our beloved Apphia, and Archippus our fellowsoldier, and to the church in thy house: 3grace to you, and peace, from God our Father and the Lord Jesus Christ.  4I thank my God, making mention of thee always in my prayers, 5hearing of thy love and faith, which thou hast toward the Lord Jesus, and toward all saints; 6that the communication of thy faith may become effectual by the acknowledging of every good thing which is in you in Christ Jesus. 7For we have great joy and consolation in thy love, because the bowels of the saints are refreshed by thee, brother.  8Wherefore, though I might be much bold in Christ to enjoin thee that which is convenient, 9yet for love's sake I rather beseech thee, being such an one as Paul the aged, and now also a prisoner of Jesus Christ. 10I beseech thee for my son Onesimus, whom I have begotten in my bonds: 11which in time past was to thee unprofitable, but now profitable to thee and to me: 12whom I have sent again: thou therefore receive him, that is, mine own bowels: 13whom I would have retained with me, that in thy stead he might have ministered unto me in the bonds of the gospel: 14but without thy mind would I do nothing; that thy benefit should not be as it were of necessity, but willingly. 15For perhaps he therefore departed for a season, that thou shouldest receive him for ever; 16not now as a servant, but above a servant, a brother beloved, specially to me, but how much more unto thee, both in the flesh, and in the Lord? 17If thou count me therefore a partner, receive him as myself. 18If he hath wronged thee, or oweth thee ought, put that on mine account; 19I Paul have written it with mine own hand, I will repay it: albeit I do not say to thee how thou owest unto me even thine own self besides. 20Yea, brother, let me have joy of thee in the Lord: refresh my bowels in the Lord.  21Having confidence in thy obedience I wrote unto thee, knowing that thou wilt also do more than I say. 22But withal prepare me also a lodging: for I trust that through your prayers I shall be given unto you.  23There salute thee Epaphras, my fellowprisoner in Christ Jesus; 24Marcus, Aristarchus, Demas, Lucas, my fellowlabourers.  25The grace of our Lord Jesus Christ be with your spirit. Amen.Written from Rome to Philemon, by Onesimus a servant."
      },
      {
        "book_name": "Philemon",
        "book": 57,
        "chapter": 1,
        "verse": 1,
        "text": "Paul, a prisoner of Jesus Christ, and Timothy our brother, unto Philemon our dearly beloved, and fellowlabourer,"
      },
      {
        "book_name": "Philemon",
        "book": 57,
        "chapter": 1,
        "verse": 2,
        "text": "and to our beloved Apphia, and Archippus our fellowsoldier, and to the church in thy house:"
      },
      {
        "book_name": "Philemon",
        "book": 57,
        "chapter": 1,
        "verse": 3,
        "text": "grace to you, and peace, from God our Father and the Lord Jesus Christ."
      },
      {
        "book_name": "Philemon",
        "book": 57,
        "chapter": 1,
        "verse": 4,
        "text": "I thank my God, making mention of thee always in my prayers,"
      },
      {
        "book_name": "Philemon",
        "book": 57,
        "chapter": 1,
        "verse": 5,
        "text": "hearing of thy love and faith, which thou hast toward the Lord Jesus, and toward all saints;"
      },
      {
        "book_name": "Philemon",
        "book": 57,
        "chapter": 1,
        "verse": 6,
        "text": "that the communication of thy faith may become effectual by the acknowledging of every good thing which is in you in Christ Jesus."
      },
      {
        "book_name": "Philemon",
        "book": 57,
        "chapter": 1,
        "verse": 7,
        "text": "For we have great joy and consolation in thy love, because the bowels of the saints are refreshed by thee, brother."
      },
      {
        "book_name": "Philemon",
        "book": 57,
        "chapter": 1,
        "verse": 8,
        "text": "Wherefore, though I might be much bold in Christ to enjoin thee that which is convenient,"
      },
      {
        "book_name": "Philemon",
        "book": 57,
        "chapter": 1,
        "verse": 9,
        "text": "yet for love's sake I rather beseech thee, being such an one as Paul the aged, and now also a prisoner of Jesus Christ."
      },
      {
        "book_name": "Philemon",
        "book": 57,
        "chapter": 1,
        "verse": 10,
        "text": "I beseech thee for my son Onesimus, whom I have begotten in my bonds:"
      },
      {
        "book_name": "Philemon",
        "book": 57,
        "chapter": 1,
        "verse": 11,
        "text": "which in time past was to thee unprofitable, but now profitable to thee and to me:"
      },
      {
        "book_name": "Philemon",
        "book": 57,
        "chapter": 1,
        "verse": 12,
        "text": "whom I have sent again: thou therefore receive him, that is, mine own bowels:"
      },
      {
        "book_name": "Philemon",
        "book": 57,
        "chapter": 1,
        "verse": 13,
        "text": "whom I would have retained with me, that in thy stead he might have ministered unto me in the bonds of the gospel:"
      },
      {
        "book_name": "Philemon",
        "book": 57,
        "chapter": 1,
        "verse": 14,
        "text": "but without thy mind would I do nothing; that thy benefit should not be as it were of necessity, but willingly."
      },
      {
        "book_name": "Philemon",
        "book": 57,
        "chapter": 1,
        "verse": 15,
        "text": "For perhaps he therefore departed for a season, that thou shouldest receive him for ever;"
      },
      {
        "book_name": "Philemon",
        "book": 57,
        "chapter": 1,
        "verse": 16,
        "text": "not now as a servant, but above a servant, a brother beloved, specially to me, but how much more unto thee, both in the flesh, and in the Lord?"
      },
      {
        "book_name": "Philemon",
        "book": 57,
        "chapter": 1,
        "verse": 17,
        "text": "If thou count me therefore a partner, receive him as myself."
      },
      {
        "book_name": "Philemon",
        "book": 57,
        "chapter": 1,
        "verse": 18,
        "text": "If he hath wronged thee, or oweth thee ought, put that on mine account;"
      },
      {
        "book_name": "Philemon",
        "book": 57,
        "chapter": 1,
        "verse": 19,
        "text": "I Paul have written it with mine own hand, I will repay it: albeit I do not say to thee how thou owest unto me even thine own self besides."
      },
      {
        "book_name": "Philemon",
        "book": 57,
        "chapter": 1,
        "verse": 20,
        "text": "Yea, brother, let me have joy of thee in the Lord: refresh my bowels in the Lord."
      },
      {
        "book_name": "Philemon",
        "book": 57,
        "chapter": 1,
        "verse": 21,
        "text": "Having confidence in thy obedience I wrote unto thee, knowing that thou wilt also do more than I say."
      },
      {
        "book_name": "Philemon",
        "book": 57,
        "chapter": 1,
        "verse": 22,
        "text": "But withal prepare me also a lodging: for I trust that through your prayers I shall be given unto you."
      },
      {
        "book_name": "Philemon",
        "book": 57,
        "chapter": 1,
        "verse": 23,
        "text": "There salute thee Epaphras, my fellowprisoner in Christ Jesus;"
      },
      {
        "book_name": "Philemon",
        "book": 57,
        "chapter": 1,
        "verse": 24,
        "text": "Marcus, Aristarchus, Demas, Lucas, my fellowlabourers."
      },
      {
        "book_name": "Philemon",
        "book": 57,
        "chapter": 1,
        "verse": 25,
        "text": "The grace of our Lord Jesus Christ be with your spirit. Amen."
      },
      {
        "book_name": "Philemon",
        "book": 57,
        "chapter": 1,
        "verse": 25,
        "text": "Written from Rome to Philemon, by Onesimus a servant."
      }
    ]
  }
}