{
  "source": "bible.com",
  "version": "King James Version",
  "book": "Song of Songs",
  "chapters": {
    "1": [
      {
        "book_name": "Song of Songs",
        "book": 22,
        "chapter": 1,
        "verse": 1,
        "text": "1The song of songs, which is Solomon's.  2Let him kiss me with the kisses of his mouth:For thy love is better than wine.  3Because of the savour of thy good ointmentsThy name is as ointment poured forth,Therefore do the virgins love thee.  4Draw me, we will run after thee:The king hath brought me into his chambers:We will be glad and rejoice in thee,We will remember thy love more than wine:The upright love thee.  5I am black, but comely,O ye daughters of Jerusalem,As the tents of Kedar,As the curtains of Solomon.  6Look not upon me, because I am black,Because the sun hath looked upon me:My mother's children were angry with me;They made me the keeper of the vineyards;  But mine own vineyard have I not kept.  7Tell me, O thou whom my soul loveth,Where thou feedest, where thou makest thy flock to rest at noon:For why should I be as one that turneth asideBy the flocks of thy companions?  8If thou know not,O thou fairest among women,Go thy way forth by the footsteps of the flock,And feed thy kidsBeside the shepherds' tents.  9I have compared thee, O my love,To a company of horses in Pharaoh's chariots.  10Thy cheeks are comely with rows of jewels,Thy neck with chains of gold.  11We will make thee borders of goldWith studs of silver.  12While the King sitteth at his table,My spikenard sendeth forth the smell thereof.  13A bundle of myrrh is my wellbeloved unto me;He shall lie all night betwixt my breasts.  14My beloved is unto me as a cluster of camphireIn the vineyards of Engedi.  15Behold, thou art fair, my love;Behold, thou art fair;Thou hast doves' eyes.  16Behold, thou art fair, my beloved,Yea, pleasant:Also our bed is green.  17The beams of our house are cedar,  And our rafters of fir."
      },
      {
        "book_name": "Song of Songs",
        "book": 22,
        "chapter": 1,
        "verse": 1,
        "text": "The song of songs, which is Solomon's."
      },
      {
        "book_name": "Song of Songs",
        "book": 22,
        "chapter": 1,
        "verse": 2,
        "text": "Let him kiss me with the kisses of his mouth:"
      },
      {
        "book_name": "Song of Songs",
        "book": 22,
        "chapter": 1,
        "verse": 2,
        "text": "For thy love is better than wine."
      },
      {
        "book_name": "Song of Songs",
        "book": 22,
        "chapter": 1,
        "verse": 3,
        "text": "Because of the savour of thy good ointments"
      },
      {
        "book_name": "Song of Songs",
        "book": 22,
        "chapter": 1,
        "verse": 3,
        "text": "Thy name is as ointment poured forth,"
      },
      {
        "book_name": "Song of Songs",
        "book": 22,
        "chapter": 1,
        "verse": 3,
        "text": "Therefore do the virgins love thee."
      },
      {
        "book_name": "Song of Songs",
        "book": 22,
        "chapter": 1,
        "verse": 4,
        "text": "Draw me, we will run after thee:"
      },
      {
        "book_name": "Song of Songs",
        "book": 22,
        "chapter": 1,
        "verse": 4,
        "text": "The king hath brought me into his chambers:"
      },
      {
        "book_name": "Song of Songs",
        "book": 22,
        "chapter": 1,
        "verse": 4,
        "text": "We will be glad and rejoice in thee,"
      },
      {
        "book_name": "Song of Songs",
        "book": 22,
        "chapter": 1,
        "verse": 4,
        "text": "We will remember thy love more than wine:"
      },
      {
        "book_name": "Song of Songs",
        "book": 22,
        "chapter": 1,
        "verse": 4,
        "text": "The upright love thee."
      },
      {
        "book_name": "Song of Songs",
        "book": 22,
        "chapter": 1,
        "verse": 5,
        "text": "I am black, but comely,"
      },
      {
        "book_name": "Song of Songs",
        "book": 22,
        "chapter": 1,
        "verse": 5,
        "text": "O ye daughters of Jerusalem,"
      },
      {
        "book_name": "Song of Songs",
        "book": 22,
        "chapter": 1,
        "verse": 5,
        "text": "As the tents of Kedar,"
      },
      {
        "book_name": "Song of Songs",
        "book": 22,
        "chapter": 1,
        "verse": 5,
        "text": "As the curtains of Solomon."
      },
      {
        "book_name": "Song of Songs",
        "book": 22,
        "chapter": 1,
        "verse": 6,
        "text": "Look not upon me, because I am black,"
      },
      {
        "book_name": "Song of Songs",
        "book": 22,
        "chapter": 1,
        "verse": 6,
        "text": "Because the sun hath looked upon me:"
      },
      {
        "book_name": "Song of Songs",
        "book": 22,
        "chapter": 1,
        "verse": 6,
        "text": "My mother's children were angry with me;"
      },
      {
        "book_name": "Song of Songs",
        "book": 22,
        "chapter": 1,
        "verse": 6,
        "text": "They made me the keeper of the vineyards;"
      },
      {
        "book_name": "Song of Songs",
        "book": 22,
        "chapter": 1,
        "verse": 6,
        "text": "But mine own vineyard have I not kept."
      },
      {
        "book_name": "Song of Songs",
        "book": 22,
        "chapter": 1,
        "verse": 7,
        "text": "Tell me, O thou whom my soul loveth,"
      },
      {
        "book_name": "Song of Songs",
        "book": 22,
        "chapter": 1,
        "verse": 7,
        "text": "Where thou feedest, where thou makest thy flock to rest at noon:"
      },
      {
        "book_name": "Song of Songs",
        "book": 22,
        "chapter": 1,
        "verse": 7,
        "text": "For why should I be as one that turneth aside"
      },
      {
        "book_name": "Song of Songs",
        "book": 22,
        "chapter": 1,
        "verse": 7,
        "text": "By the flocks of thy companions?"
      },
      {
        "book_name": "Song of Songs",
        "book": 22,
        "chapter": 1,
        "verse": 8,
        "text": "If thou know not,"
      },
      {
        "book_name": "Song of Songs",
        "book": 22,
        "chapter": 1,
        "verse": 8,
        "text": "O thou fairest among women,"
      },
      {
        "book_name": "Song of Songs",
        "book": 22,
        "chapter": 1,
        "verse": 8,
        "text": "Go thy way forth by the footsteps of the flock,"
      },
      {
        "book_name": "Song of Songs",
        "book": 22,
        "chapter": 1,
        "verse": 8,
        "text": "And feed thy kids"
      },
      {
        "book_name": "Song of Songs",
        "book": 22,
        "chapter": 1,
        "verse": 8,
        "text": "Beside the shepherds' tents."
      },
      {
        "book_name": "Song of Songs",
        "book": 22,
        "chapter": 1,
        "verse": 9,
        "text": "I have compared thee, O my love,"
      },
      {
        "book_name": "Song of Songs",
        "book": 22,
        "chapter": 1,
        "verse": 9,
        "text": "To a company of horses in Pharaoh's chariots."
      },
      {
        "book_name": "Song of Songs",
        "book": 22,
        "chapter": 1,
        "verse": 10,
        "text": "Thy cheeks are comely with rows of jewels,"
      },
      {
        "book_name": "Song of Songs",
        "book": 22,
        "chapter": 1,
        "verse": 10,
        "text": "Thy neck with chains of gold."
      },
      {
        "book_name": "Song of Songs",
        "book": 22,
        "chapter": 1,
        "verse": 11,
        "text": "We will make thee borders of gold"
      },
      {
        "book_name": "Song of Songs",
        "book": 22,
        "chapter": 1,
        "verse": 11,
        "text": "With studs of silver."
      },
      {
        "book_name": "Song of Songs",
        "book": 22,
        "chapter": 1,
        "verse": 12,
        "text": "While the King sitteth at his table,"
      },
      {
        "book_name": "Song of Songs",
        "book": 22,
        "chapter": 1,
        "verse": 12,
        "text": "My spikenard sendeth forth the smell thereof."
      },
      {
        "book_name": "Song of Songs",
        "book": 22,
        "chapter": 1,
        "verse": 13,
        "text": "A bundle of myrrh is my wellbeloved unto me;"
      },
      {
        "book_name": "Song of Songs",
        "book": 22,
        "chapter": 1,
        "verse": 13,
        "text": "He shall lie all night betwixt my breasts."
      },
      {
        "book_name": "Song of Songs",
        "book": 22,
        "chapter": 1,
        "verse": 14,
        "text": "My beloved is unto me as a cluster of camphire"
      },
      {
        "book_name": "Song of Songs",
        "book": 22,
        "chapter": 1,
        "verse": 14,
        "text": "In the vineyards of Engedi."
      },
      {
        "book_name": "Song of Songs",
        "book": 22,
        "chapter": 1,
        "verse": 15,
        "text": "Behold, thou art fair, my love;"
      },
      {
        "book_name": "Song of Songs",
        "book": 22,
        "chapter": 1,
        "verse": 15,
        "text": "Behold, thou art fair;"
      },
      {
        "book_name": "Song of Songs",
        "book": 22,
        "chapter": 1,
        "verse": 15,
        "text": "Thou hast doves' eyes."
      },
      {
        "book_name": "Song of Songs",
        "book": 22,
        "chapter": 1,
        "verse": 16,
        "text": "Behold, thou art fair, my beloved,"
      },
      {
        "book_name": "Song of Songs",
        "book": 22,
        "chapter": 1,
        "verse": 16,
        "text": "Yea, pleasant:"
      },
      {
        "book_name": "Song of Songs",
        "book": 22,
        "chapter": 1,
        "verse": 16,
        "text": "Also our bed is green."
      },
      {
        "book_name": "Song of Songs",
        "book": 22,
        "chapter": 1,
        "verse": 17,
        "text": "The beams of our house are cedar,"
      },
      {
        "book_name": "Song of Songs",
        "book": 22,
        "chapter": 1,
        "verse": 17,
        "text": "And our rafters of fir."
      }
    ],
    "2": [
      {
        "book_name": "Song of Songs",
        "book": 22,
        "chapter": 2,
        "verse": 1,
        "text": "1I am the rose of Sharon,  And the lily of the valleys.  2As the lily among thorns,So is my love among the daughters.  3As the apple tree among the trees of the wood,So is my beloved among the sons.I sat down under his shadow with great delight,And his fruit was sweet to my taste.  4He brought me to the banqueting house,And his banner over me was love.  5Stay me with flagons,Comfort me with apples:For I am sick of love.  6His left hand is under my head,And his right hand doth embrace me.  7I charge you, O ye daughters of Jerusalem,By the roes, and by the hinds of the field,That ye stir not up, nor awake my love,Till he please.  8The voice of my beloved!Behold, he comethLeaping upon the mountains,Skipping upon the hills.  9My beloved is like a roeOr a young hart:Behold, he standethBehind our wall,He looketh forth at the windows,Shewing himself through the lattice.  10My beloved spake, and said unto me,Rise up, my love, my fair one,And come away.  11For, lo, the winter is past,The rain is over and gone;  12The flowers appear on the earth;The time of the singing of birds is come,And the voice of the turtleIs heard in our land;  13The fig tree putteth forth her green figs,And the vines with the tender grapeGive a good smell.Arise, my love, my fair one,and come away.  14O my dove, that art in the clefts of the rock,In the secret places of the stairs,Let me see thy countenance,Let me hear thy voice;For sweet is thy voice,And thy countenance is comely.  15Take us the foxes,The little foxes,That spoil the vines:For our vines have tender grapes.  16My beloved is mine, and I am his:He feedeth among the lilies.  17Until the day break,And the shadows flee away,Turn, my beloved, and be thou like a roe or a young hartUpon the mountains of Bether."
      },
      {
        "book_name": "Song of Songs",
        "book": 22,
        "chapter": 2,
        "verse": 1,
        "text": "I am the rose of Sharon,"
      },
      {
        "book_name": "Song of Songs",
        "book": 22,
        "chapter": 2,
        "verse": 1,
        "text": "And the lily of the valleys."
      },
      {
        "book_name": "Song of Songs",
        "book": 22,
        "chapter": 2,
        "verse": 2,
        "text": "As the lily among thorns,"
      },
      {
        "book_name": "Song of Songs",
        "book": 22,
        "chapter": 2,
        "verse": 2,
        "text": "So is my love among the daughters."
      },
      {
        "book_name": "Song of Songs",
        "book": 22,
        "chapter": 2,
        "verse": 3,
        "text": "As the apple tree among the trees of the wood,"
      },
      {
        "book_name": "Song of Songs",
        "book": 22,
        "chapter": 2,
        "verse": 3,
        "text": "So is my beloved among the sons."
      },
      {
        "book_name": "Song of Songs",
        "book": 22,
        "chapter": 2,
        "verse": 3,
        "text": "I sat down under his shadow with great delight,"
      },
      {
        "book_name": "Song of Songs",
        "book": 22,
        "chapter": 2,
        "verse": 3,
        "text": "And his fruit was sweet to my taste."
      },
      {
        "book_name": "Song of Songs",
        "book": 22,
        "chapter": 2,
        "verse": 4,
        "text": "He brought me to the banqueting house,"
      },
      {
        "book_name": "Song of Songs",
        "book": 22,
        "chapter": 2,
        "verse": 4,
        "text": "And his banner over me was love."
      },
      {
        "book_name": "Song of Songs",
        "book": 22,
        "chapter": 2,
        "verse": 5,
        "text": "Stay me with flagons,"
      },
      {
        "book_name": "Song of Songs",
        "book": 22,
        "chapter": 2,
        "verse": 5,
        "text": "Comfort me with apples:"
      },
      {
        "book_name": "Song of Songs",
        "book": 22,
        "chapter": 2,
        "verse": 5,
        "text": "For I am sick of love."
      },
      {
        "book_name": "Song of Songs",
        "book": 22,
        "chapter": 2,
        "verse": 6,
        "text": "His left hand is under my head,"
      },
      {
        "book_name": "Song of Songs",
        "book": 22,
        "chapter": 2,
        "verse": 6,
        "text": "And his right hand doth embrace me."
      },
      {
        "book_name": "Song of Songs",
        "book": 22,
        "chapter": 2,
        "verse": 7,
        "text": "I charge you, O ye daughters of Jerusalem,"
      },
      {
        "book_name": "Song of Songs",
        "book": 22,
        "chapter": 2,
        "verse": 7,
        "text": "By the roes, and by the hinds of the field,"
      },
      {
        "book_name": "Song of Songs",
        "book": 22,
        "chapter": 2,
        "verse": 7,
        "text": "That ye stir not up, nor awake my love,"
      },
      {
        "book_name": "Song of Songs",
        "book": 22,
        "chapter": 2,
        "verse": 7,
        "text": "Till he please."
      },
      {
        "book_name": "Song of Songs",
        "book": 22,
        "chapter": 2,
        "verse": 8,
        "text": "The voice of my beloved!"
      },
      {
        "book_name": "Song of Songs",
        "book": 22,
        "chapter": 2,
        "verse": 8,
        "text": "Behold, he cometh"
      },
      {
        "book_name": "Song of Songs",
        "book": 22,
        "chapter": 2,
        "verse": 8,
        "text": "Leaping upon the mountains,"
      },
      {
        "book_name": "Song of Songs",
        "book": 22,
        "chapter": 2,
        "verse": 8,
        "text": "Skipping upon the hills."
      },
      {
        "book_name": "Song of Songs",
        "book": 22,
        "chapter": 2,
        "verse": 9,
        "text": "My beloved is like a roe"
      },
      {
        "book_name": "Song of Songs",
        "book": 22,
        "chapter": 2,
        "verse": 9,
        "text": "Or a young hart:"
      },
      {
        "book_name": "Song of Songs",
        "book": 22,
        "chapter": 2,
        "verse": 9,
        "text": "Behold, he standeth"
      },
      {
        "book_name": "Song of Songs",
        "book": 22,
        "chapter": 2,
        "verse": 9,
        "text": "Behind our wall,"
      },
      {
        "book_name": "Song of Songs",
        "book": 22,
        "chapter": 2,
        "verse": 9,
        "text": "He looketh forth at the windows,"
      },
      {
        "book_name": "Song of Songs",
        "book": 22,
        "chapter": 2,
        "verse": 9,
        "text": "Shewing himself through the lattice."
      },
      {
        "book_name": "Song of Songs",
        "book": 22,
        "chapter": 2,
        "verse": 10,
        "text": "My beloved spake, and said unto me,"
      },
      {
        "book_name": "Song of Songs",
        "book": 22,
        "chapter": 2,
        "verse": 10,
        "text": "Rise up, my love, my fair one,"
      },
      {
        "book_name": "Song of Songs",
        "book": 22,
        "chapter": 2,
        "verse": 10,
        "text": "And come away."
      },
      {
        "book_name": "Song of Songs",
        "book": 22,
        "chapter": 2,
        "verse": 11,
        "text": "For, lo, the winter is past,"
      },
      {
        "book_name": "Song of Songs",
        "book": 22,
        "chapter": 2,
        "verse": 11,
        "text": "The rain is over and gone;"
      },
      {
        "book_name": "Song of Songs",
        "book": 22,
        "chapter": 2,
        "verse": 12,
        "text": "The flowers appear on the earth;"
      },
      {
        "book_name": "Song of Songs",
        "book": 22,
        "chapter": 2,
        "verse": 12,
        "text": "The time of the singing of birds is come,"
      },
      {
        "book_name": "Song of Songs",
        "book": 22,
        "chapter": 2,
        "verse": 12,
        "text": "And the voice of the turtle"
      },
      {
        "book_name": "Song of Songs",
        "book": 22,
        "chapter": 2,
        "verse": 12,
        "text": "Is heard in our land;"
      },
      {
        "book_name": "Song of Songs",
        "book": 22,
        "chapter": 2,
        "verse": 13,
        "text": "The fig tree putteth forth her green figs,"
      },
      {
        "book_name": "Song of Songs",
        "book": 22,
        "chapter": 2,
        "verse": 13,
        "text": "And the vines with the tender grape"
      },
      {
        "book_name": "Song of Songs",
        "book": 22,
        "chapter": 2,
        "verse": 13,
        "text": "Give a good smell."
      },
      {
        "book_name": "Song of Songs",
        "book": 22,
        "chapter": 2,
        "verse": 13,
        "text": "Arise, my love, my fair one,"
      },
      {
        "book_name": "Song of Songs",
        "book": 22,
        "chapter": 2,
        "verse": 13,
        "text": "and come away."
      },
      {
        "book_name": "Song of Songs",
        "book": 22,
        "chapter": 2,
        "verse": 14,
        "text": "O my dove, that art in the clefts of the rock,"
      },
      {
        "book_name": "Song of Songs",
        "book": 22,
        "chapter": 2,
        "verse": 14,
        "text": "In the secret places of the stairs,"
      },
      {
        "book_name": "Song of Songs",
        "book": 22,
        "chapter": 2,
        "verse": 14,
        "text": "Let me see thy countenance,"
      },
      {
        "book_name": "Song of Songs",
        "book": 22,
        "chapter": 2,
        "verse": 14,
        "text": "Let me hear thy voice;"
      },
      {
        "book_name": "Song of Songs",
        "book": 22,
        "chapter": 2,
        "verse": 14,
        "text": "For sweet is thy voice,"
      },
      {
        "book_name": "Song of Songs",
        "book": 22,
        "chapter": 2,
        "verse": 14,
        "text": "And thy countenance is comely."
      },
      {
        "book_name": "Song of Songs",
        "book": 22,
        "chapter": 2,
        "verse": 15,
        "text": "Take us the foxes,"
      },
      {
        "book_name": "Song of Songs",
        "book": 22,
        "chapter": 2,
        "verse": 15,
        "text": "The little foxes,"
      },
      {
        "book_name": "Song of Songs",
        "book": 22,
        "chapter": 2,
        "verse": 15,
        "text": "That spoil the vines:"
      },
      {
        "book_name": "Song of Songs",
        "book": 22,
        "chapter": 2,
        "verse": 15,
        "text": "For our vines have tender grapes."
      },
      {
        "book_name": "Song of Songs",
        "book": 22,
        "chapter": 2,
        "verse": 16,
        "text": "My beloved is mine, and I am his:"
      },
      {
        "book_name": "Song of Songs",
        "book": 22,
        "chapter": 2,
        "verse": 16,
        "text": "He feedeth among the lilies."
      },
      {
        "book_name": "Song of Songs",
        "book": 22,
        "chapter": 2,
        "verse": 17,
        "text": "Until the day break,"
      },
      {
        "book_name": "Song of Songs",
        "book": 22,
        "chapter": 2,
        "verse": 17,
        "text": "And the shadows flee away,"
      },
      {
        "book_name": "Song of Songs",
        "book": 22,
        "chapter": 2,
        "verse": 17,
        "text": "Turn, my beloved, and be thou like a roe or a young hart"
      },
      {
        "book_name": "Song of Songs",
        "book": 22,
        "chapter": 2,
        "verse": 17,
        "text": "Upon the mountains of Bether."
      }
    ],
    "3": [
      {
        "book_name": "Song of Songs",
        "book": 22,
        "chapter": 3,
        "verse": 1,
        "text": "1By night on my bed I sought him whom my soul loveth:I sought him, but I found him not.  2I will rise now, and go about the cityIn the streets, and in the broad waysI will seek him whom my soul loveth:I sought him, but I found him not.  3The watchmen that go about the city found me:  To whom I said,Saw ye him whom my soul loveth?  4  It was but a little that I passed from them,But I found him whom my soul loveth:I held him, and would not let him go,Until I had brought him into my mother's house,And into the chamber of her that conceived me.  5I charge you, O ye daughters of Jerusalem,By the roes, and by the hinds of the field,That ye stir not up, nor awake my love,Till he please.  6Who is this that cometh out of the wildernessLike pillars of smoke,Perfumed with myrrh and frankincense,With all powders of the merchant?  7Behold his bed, which is Solomon's;Threescore valiant men are about it,Of the valiant of Israel.  8They all hold swords,  Being expert in war:Every man hath his sword upon his thighBecause of fear in the night.  9King Solomon made himself a chariotOf the wood of Lebanon.  10He made the pillars thereof of silver,The bottom thereof of gold, the covering of it of purple,The midst thereof being paved with love,For the daughters of Jerusalem.  11Go forth, O ye daughters of Zion,And behold king SolomonWith the crown wherewith his mother crowned himIn the day of his espousals,And in the day of the gladness of his heart."
      },
      {
        "book_name": "Song of Songs",
        "book": 22,
        "chapter": 3,
        "verse": 1,
        "text": "By night on my bed I sought him whom my soul loveth:"
      },
      {
        "book_name": "Song of Songs",
        "book": 22,
        "chapter": 3,
        "verse": 1,
        "text": "I sought him, but I found him not."
      },
      {
        "book_name": "Song of Songs",
        "book": 22,
        "chapter": 3,
        "verse": 2,
        "text": "I will rise now, and go about the city"
      },
      {
        "book_name": "Song of Songs",
        "book": 22,
        "chapter": 3,
        "verse": 2,
        "text": "In the streets, and in the broad ways"
      },
      {
        "book_name": "Song of Songs",
        "book": 22,
        "chapter": 3,
        "verse": 2,
        "text": "I will seek him whom my soul loveth:"
      },
      {
        "book_name": "Song of Songs",
        "book": 22,
        "chapter": 3,
        "verse": 2,
        "text": "I sought him, but I found him not."
      },
      {
        "book_name": "Song of Songs",
        "book": 22,
        "chapter": 3,
        "verse": 3,
        "text": "The watchmen that go about the city found me:"
      },
      {
        "book_name": "Song of Songs",
        "book": 22,
        "chapter": 3,
        "verse": 3,
        "text": "To whom I said,"
      },
      {
        "book_name": "Song of Songs",
        "book": 22,
        "chapter": 3,
        "verse": 3,
        "text": "Saw ye him whom my soul loveth?"
      },
      {
        "book_name": "Song of Songs",
        "book": 22,
        "chapter": 3,
        "verse": 4,
        "text": "It was but a little that I passed from them,"
      },
      {
        "book_name": "Song of Songs",
        "book": 22,
        "chapter": 3,
        "verse": 4,
        "text": "But I found him whom my soul loveth:"
      },
      {
        "book_name": "Song of Songs",
        "book": 22,
        "chapter": 3,
        "verse": 4,
        "text": "I held him, and would not let him go,"
      },
      {
        "book_name": "Song of Songs",
        "book": 22,
        "chapter": 3,
        "verse": 4,
        "text": "Until I had brought him into my mother's house,"
      },
      {
        "book_name": "Song of Songs",
        "book": 22,
        "chapter": 3,
        "verse": 4,
        "text": "And into the chamber of her that conceived me."
      },
      {
        "book_name": "Song of Songs",
        "book": 22,
        "chapter": 3,
        "verse": 5,
        "text": "I charge you, O ye daughters of Jerusalem,"
      },
      {
        "book_name": "Song of Songs",
        "book": 22,
        "chapter": 3,
        "verse": 5,
        "text": "By the roes, and by the hinds of the field,"
      },
      {
        "book_name": "Song of Songs",
        "book": 22,
        "chapter": 3,
        "verse": 5,
        "text": "That ye stir not up, nor awake my love,"
      },
      {
        "book_name": "Song of Songs",
        "book": 22,
        "chapter": 3,
        "verse": 5,
        "text": "Till he please."
      },
      {
        "book_name": "Song of Songs",
        "book": 22,
        "chapter": 3,
        "verse": 6,
        "text": "Who is this that cometh out of the wilderness"
      },
      {
        "book_name": "Song of Songs",
        "book": 22,
        "chapter": 3,
        "verse": 6,
        "text": "Like pillars of smoke,"
      },
      {
        "book_name": "Song of Songs",
        "book": 22,
        "chapter": 3,
        "verse": 6,
        "text": "Perfumed with myrrh and frankincense,"
      },
      {
        "book_name": "Song of Songs",
        "book": 22,
        "chapter": 3,
        "verse": 6,
        "text": "With all powders of the merchant?"
      },
      {
        "book_name": "Song of Songs",
        "book": 22,
        "chapter": 3,
        "verse": 7,
        "text": "Behold his bed, which is Solomon's;"
      },
      {
        "book_name": "Song of Songs",
        "book": 22,
        "chapter": 3,
        "verse": 7,
        "text": "Threescore valiant men are about it,"
      },
      {
        "book_name": "Song of Songs",
        "book": 22,
        "chapter": 3,
        "verse": 7,
        "text": "Of the valiant of Israel."
      },
      {
        "book_name": "Song of Songs",
        "book": 22,
        "chapter": 3,
        "verse": 8,
        "text": "They all hold swords,"
      },
      {
        "book_name": "Song of Songs",
        "book": 22,
        "chapter": 3,
        "verse": 8,
        "text": "Being expert in war:"
      },
      {
        "book_name": "Song of Songs",
        "book": 22,
        "chapter": 3,
        "verse": 8,
        "text": "Every man hath his sword upon his thigh"
      },
      {
        "book_name": "Song of Songs",
        "book": 22,
        "chapter": 3,
        "verse": 8,
        "text": "Because of fear in the night."
      },
      {
        "book_name": "Song of Songs",
        "book": 22,
        "chapter": 3,
        "verse": 9,
        "text": "King Solomon made himself a chariot"
      },
      {
        "book_name": "Song of Songs",
        "book": 22,
        "chapter": 3,
        "verse": 9,
        "text": "Of the wood of Lebanon."
      },
      {
        "book_name": "Song of Songs",
        "book": 22,
        "chapter": 3,
        "verse": 10,
        "text": "He made the pillars thereof of silver,"
      },
      {
        "book_name": "Song of Songs",
        "book": 22,
        "chapter": 3,
        "verse": 10,
        "text": "The bottom thereof of gold, the covering of it of purple,"
      },
      {
        "book_name": "Song of Songs",
        "book": 22,
        "chapter": 3,
        "verse": 10,
        "text": "The midst thereof being paved with love,"
      },
      {
        "book_name": "Song of Songs",
        "book": 22,
        "chapter": 3,
        "verse": 10,
        "text": "For the daughters of Jerusalem."
      },
      {
        "book_name": "Song of Songs",
        "book": 22,
        "chapter": 3,
        "verse": 11,
        "text": "Go forth, O ye daughters of Zion,"
      },
      {
        "book_name": "Song of Songs",
        "book": 22,
        "chapter": 3,
        "verse": 11,
        "text": "And behold king Solomon"
      },
      {
        "book_name": "Song of Songs",
        "book": 22,
        "chapter": 3,
        "verse": 11,
        "text": "With the crown wherewith his mother crowned him"
      },
      {
        "book_name": "Song of Songs",
        "book": 22,
        "chapter": 3,
        "verse": 11,
        "text": "In the day of his espousals,"
      },
      {
        "book_name": "Song of Songs",
        "book": 22,
        "chapter": 3,
        "verse": 11,
        "text": "And in the day of the gladness of his heart."
      }
    ],
    "4": [
      {
        "book_name": "Song of Songs",
        "book": 22,
        "chapter": 4,
        "verse": 1,
        "text": "1Behold, thou art fair, my love;Behold, thou art fair;Thou hast doves' eyesWithin thy locks:Thy hair is as a flock of goats,That appear from mount Gilead.  2Thy teeth are like a flock of sheep that are even shorn,Which came up from the washing;Whereof every one bear twins,And none is barren among them.  3Thy lips are like a thread of scarlet,And thy speech is comely:Thy temples are like a piece of a pomegranateWithin thy locks.  4Thy neck is like the tower of DavidBuilded for an armoury,Whereon there hang a thousand bucklers,All shields of mighty men.  5Thy two breasts are like two young roesThat are twins,Which feed among the lilies.  6Until the day break,And the shadows flee away,I will get me to the mountain of myrrh,And to the hill of frankincense.  7Thou art all fair, my love;  There is no spot in thee.  8Come with me from Lebanon, my spouse,With me from Lebanon:Look from the top of Amana,From the top of Shenir and Hermon,From the lions' dens,From the mountains of the leopards.  9Thou hast ravished my heart, my sister, my spouse;Thou hast ravished my heart with one of thine eyes,With one chain of thy neck.  10How fair is thy love, my sister, my spouse!How much better is thy love than wine!And the smell of thine ointments than all spices!  11Thy lips, O my spouse, drop as the honeycomb:Honey and milk are under thy tongue;And the smell of thy garments is like the smell of Lebanon.  12A garden inclosed is my sister, my spouse;A spring shut up, a fountain sealed.  13Thy plants are an orchard of pomegranates,With pleasant fruits;Camphire, with spikenard,  14Spikenard and saffron;Calamus and cinnamon,With all trees of frankincense;Myrrh and aloes, with all the chief spices:  15A fountain of gardens,A well of living waters, and streams from Lebanon.  16Awake, O north wind;And come, thou south;Blow upon my garden,  That the spices thereof may flow out.Let my beloved come into his garden,And eat his pleasant fruits."
      },
      {
        "book_name": "Song of Songs",
        "book": 22,
        "chapter": 4,
        "verse": 1,
        "text": "Behold, thou art fair, my love;"
      },
      {
        "book_name": "Song of Songs",
        "book": 22,
        "chapter": 4,
        "verse": 1,
        "text": "Behold, thou art fair;"
      },
      {
        "book_name": "Song of Songs",
        "book": 22,
        "chapter": 4,
        "verse": 1,
        "text": "Thou hast doves' eyes"
      },
      {
        "book_name": "Song of Songs",
        "book": 22,
        "chapter": 4,
        "verse": 1,
        "text": "Within thy locks:"
      },
      {
        "book_name": "Song of Songs",
        "book": 22,
        "chapter": 4,
        "verse": 1,
        "text": "Thy hair is as a flock of goats,"
      },
      {
        "book_name": "Song of Songs",
        "book": 22,
        "chapter": 4,
        "verse": 1,
        "text": "That appear from mount Gilead."
      },
      {
        "book_name": "Song of Songs",
        "book": 22,
        "chapter": 4,
        "verse": 2,
        "text": "Thy teeth are like a flock of sheep that are even shorn,"
      },
      {
        "book_name": "Song of Songs",
        "book": 22,
        "chapter": 4,
        "verse": 2,
        "text": "Which came up from the washing;"
      },
      {
        "book_name": "Song of Songs",
        "book": 22,
        "chapter": 4,
        "verse": 2,
        "text": "Whereof every one bear twins,"
      },
      {
        "book_name": "Song of Songs",
        "book": 22,
        "chapter": 4,
        "verse": 2,
        "text": "And none is barren among them."
      },
      {
        "book_name": "Song of Songs",
        "book": 22,
        "chapter": 4,
        "verse": 3,
        "text": "Thy lips are like a thread of scarlet,"
      },
      {
        "book_name": "Song of Songs",
        "book": 22,
        "chapter": 4,
        "verse": 3,
        "text": "And thy speech is comely:"
      },
      {
        "book_name": "Song of Songs",
        "book": 22,
        "chapter": 4,
        "verse": 3,
        "text": "Thy temples are like a piece of a pomegranate"
      },
      {
        "book_name": "Song of Songs",
        "book": 22,
        "chapter": 4,
        "verse": 3,
        "text": "Within thy locks."
      },
      {
        "book_name": "Song of Songs",
        "book": 22,
        "chapter": 4,
        "verse": 4,
        "text": "Thy neck is like the tower of David"
      },
      {
        "book_name": "Song of Songs",
        "book": 22,
        "chapter": 4,
        "verse": 4,
        "text": "Builded for an armoury,"
      },
      {
        "book_name": "Song of Songs",
        "book": 22,
        "chapter": 4,
        "verse": 4,
        "text": "Whereon there hang a thousand bucklers,"
      },
      {
        "book_name": "Song of Songs",
        "book": 22,
        "chapter": 4,
        "verse": 4,
        "text": "All shields of mighty men."
      },
      {
        "book_name": "Song of Songs",
        "book": 22,
        "chapter": 4,
        "verse": 5,
        "text": "Thy two breasts are like two young roes"
      },
      {
        "book_name": "Song of Songs",
        "book": 22,
        "chapter": 4,
        "verse": 5,
        "text": "That are twins,"
      },
      {
        "book_name": "Song of Songs",
        "book": 22,
        "chapter": 4,
        "verse": 5,
        "text": "Which feed among the lilies."
      },
      {
        "book_name": "Song of Songs",
        "book": 22,
        "chapter": 4,
        "verse": 6,
        "text": "Until the day break,"
      },
      {
        "book_name": "Song of Songs",
        "book": 22,
        "chapter": 4,
        "verse": 6,
        "text": "And the shadows flee away,"
      },
      {
        "book_name": "Song of Songs",
        "book": 22,
        "chapter": 4,
        "verse": 6,
        "text": "I will get me to the mountain of myrrh,"
      },
      {
        "book_name": "Song of Songs",
        "book": 22,
        "chapter": 4,
        "verse": 6,
        "text": "And to the hill of frankincense."
      },
      {
        "book_name": "Song of Songs",
        "book": 22,
        "chapter": 4,
        "verse": 7,
        "text": "Thou art all fair, my love;"
      },
      {
        "book_name": "Song of Songs",
        "book": 22,
        "chapter": 4,
        "verse": 7,
        "text": "There is no spot in thee."
      },
      {
        "book_name": "Song of Songs",
        "book": 22,
        "chapter": 4,
        "verse": 8,
        "text": "Come with me from Lebanon, my spouse,"
      },
      {
        "book_name": "Song of Songs",
        "book": 22,
        "chapter": 4,
        "verse": 8,
        "text": "With me from Lebanon:"
      },
      {
        "book_name": "Song of Songs",
        "book": 22,
        "chapter": 4,
        "verse": 8,
        "text": "Look from the top of Amana,"
      },
      {
        "book_name": "Song of Songs",
        "book": 22,
        "chapter": 4,
        "verse": 8,
        "text": "From the top of Shenir and Hermon,"
      },
      {
        "book_name": "Song of Songs",
        "book": 22,
        "chapter": 4,
        "verse": 8,
        "text": "From the lions' dens,"
      },
      {
        "book_name": "Song of Songs",
        "book": 22,
        "chapter": 4,
        "verse": 8,
        "text": "From the mountains of the leopards."
      },
      {
        "book_name": "Song of Songs",
        "book": 22,
        "chapter": 4,
        "verse": 9,
        "text": "Thou hast ravished my heart, my sister, my spouse;"
      },
      {
        "book_name": "Song of Songs",
        "book": 22,
        "chapter": 4,
        "verse": 9,
        "text": "Thou hast ravished my heart with one of thine eyes,"
      },
      {
        "book_name": "Song of Songs",
        "book": 22,
        "chapter": 4,
        "verse": 9,
        "text": "With one chain of thy neck."
      },
      {
        "book_name": "Song of Songs",
        "book": 22,
        "chapter": 4,
        "verse": 10,
        "text": "How fair is thy love, my sister, my spouse!"
      },
      {
        "book_name": "Song of Songs",
        "book": 22,
        "chapter": 4,
        "verse": 10,
        "text": "How much better is thy love than wine!"
      },
      {
        "book_name": "Song of Songs",
        "book": 22,
        "chapter": 4,
        "verse": 10,
        "text": "And the smell of thine ointments than all spices!"
      },
      {
        "book_name": "Song of Songs",
        "book": 22,
        "chapter": 4,
        "verse": 11,
        "text": "Thy lips, O my spouse, drop as the honeycomb:"
      },
      {
        "book_name": "Song of Songs",
        "book": 22,
        "chapter": 4,
        "verse": 11,
        "text": "Honey and milk are under thy tongue;"
      },
      {
        "book_name": "Song of Songs",
        "book": 22,
        "chapter": 4,
        "verse": 11,
        "text": "And the smell of thy garments is like the smell of Lebanon."
      },
      {
        "book_name": "Song of Songs",
        "book": 22,
        "chapter": 4,
        "verse": 12,
        "text": "A garden inclosed is my sister, my spouse;"
      },
      {
        "book_name": "Song of Songs",
        "book": 22,
        "chapter": 4,
        "verse": 12,
        "text": "A spring shut up, a fountain sealed."
      },
      {
        "book_name": "Song of Songs",
        "book": 22,
        "chapter": 4,
        "verse": 13,
        "text": "Thy plants are an orchard of pomegranates,"
      },
      {
        "book_name": "Song of Songs",
        "book": 22,
        "chapter": 4,
        "verse": 13,
        "text": "With pleasant fruits;"
      },
      {
        "book_name": "Song of Songs",
        "book": 22,
        "chapter": 4,
        "verse": 13,
        "text": "Camphire, with spikenard,"
      },
      {
        "book_name": "Song of Songs",
        "book": 22,
        "chapter": 4,
        "verse": 14,
        "text": "Spikenard and saffron;"
      },
      {
        "book_name": "Song of Songs",
        "book": 22,
        "chapter": 4,
        "verse": 14,
        "text": "Calamus and cinnamon,"
      },
      {
        "book_name": "Song of Songs",
        "book": 22,
        "chapter": 4,
        "verse": 14,
        "text": "With all trees of frankincense;"
      },
      {
        "book_name": "Song of Songs",
        "book": 22,
        "chapter": 4,
        "verse": 14,
        "text": "Myrrh and aloes, with all the chief spices:"
      },
      {
        "book_name": "Song of Songs",
        "book": 22,
        "chapter": 4,
        "verse": 15,
        "text": "A fountain of gardens,"
      },
      {
        "book_name": "Song of Songs",
        "book": 22,
        "chapter": 4,
        "verse": 15,
        "text": "A well of living waters, and streams from Lebanon."
      },
      {
        "book_name": "Song of Songs",
        "book": 22,
        "chapter": 4,
        "verse": 16,
        "text": "Awake, O north wind;"
      },
      {
        "book_name": "Song of Songs",
        "book": 22,
        "chapter": 4,
        "verse": 16,
        "text": "And come, thou south;"
      },
      {
        "book_name": "Song of Songs",
        "book": 22,
        "chapter": 4,
        "verse": 16,
        "text": "Blow upon my garden,"
      },
      {
        "book_name": "Song of Songs",
        "book": 22,
        "chapter": 4,
        "verse": 16,
        "text": "That the spices thereof may flow out."
      },
      {
        "book_name": "Song of Songs",
        "book": 22,
        "chapter": 4,
        "verse": 16,
        "text": "Let my beloved come into his garden,"
      },
      {
        "book_name": "Song of Songs",
        "book": 22,
        "chapter": 4,
        "verse": 16,
        "text": "And eat his pleasant fruits."
      }
    ],
    "5": [
      {
        "book_name": "Song of Songs",
        "book": 22,
        "chapter": 5,
        "verse": 1,
        "text": "1I am come into my garden, my sister, my spouse:I have gathered my myrrh with my spice;I have eaten my honeycomb with my honey;I have drunk my wine with my milk:Eat, O friends;Drink, yea, drink abundantly, O beloved.  2I sleep, but my heart waketh:  It is the voice of my beloved that knocketh, saying,Open to me, my sister, my love,My dove, my undefiled:For my head is filled with dew,  And my locks with the drops of the night.  3I have put off my coat;How shall I put it on?I have washed my feet;How shall I defile them?  4My beloved put in his hand by the hole of the door,And my bowels were moved for him.  5I rose up to open to my beloved;And my hands dropped with myrrh,And my fingers with sweet smelling myrrh,Upon the handles of the lock.  6I opened to my beloved;But my beloved had withdrawn himself, and was gone:My soul failed when he spake:I sought him, but I could not find him;I called him, but he gave me no answer.  7The watchmen that went about the city found me,They smote me, they wounded me;The keepers of the walls took away my veil from me.  8I charge you, O daughters of Jerusalem,If ye find my beloved,That ye tell him,that I am sick of love.  9What is thy beloved more than another beloved,O thou fairest among women?What is thy beloved more than another beloved,That thou dost so charge us?  10My beloved is white and ruddy,The chiefest among ten thousand.  11His head is as the most fine gold,His locks are bushy,  And black as a raven.  12His eyes are as the eyes of doves by the rivers of waters,Washed with milk, and fitly set.  13His cheeks are as a bed of spices, as sweet flowers:His lips like lilies, dropping sweet smelling myrrh.  14His hands are as gold rings set with the beryl:His belly is as bright ivory overlaid with sapphires.  15His legs are as pillars of marble, set upon sockets of fine gold:His countenance is as Lebanon, excellent as the cedars.  16His mouth is most sweet:Yea, he is altogether lovely.This is my beloved, and this is my friend,O daughters of Jerusalem."
      },
      {
        "book_name": "Song of Songs",
        "book": 22,
        "chapter": 5,
        "verse": 1,
        "text": "I am come into my garden, my sister, my spouse:"
      },
      {
        "book_name": "Song of Songs",
        "book": 22,
        "chapter": 5,
        "verse": 1,
        "text": "I have gathered my myrrh with my spice;"
      },
      {
        "book_name": "Song of Songs",
        "book": 22,
        "chapter": 5,
        "verse": 1,
        "text": "I have eaten my honeycomb with my honey;"
      },
      {
        "book_name": "Song of Songs",
        "book": 22,
        "chapter": 5,
        "verse": 1,
        "text": "I have drunk my wine with my milk:"
      },
      {
        "book_name": "Song of Songs",
        "book": 22,
        "chapter": 5,
        "verse": 1,
        "text": "Eat, O friends;"
      },
      {
        "book_name": "Song of Songs",
        "book": 22,
        "chapter": 5,
        "verse": 1,
        "text": "Drink, yea, drink abundantly, O beloved."
      },
      {
        "book_name": "Song of Songs",
        "book": 22,
        "chapter": 5,
        "verse": 2,
        "text": "I sleep, but my heart waketh:"
      },
      {
        "book_name": "Song of Songs",
        "book": 22,
        "chapter": 5,
        "verse": 2,
        "text": "It is the voice of my beloved that knocketh, saying,"
      },
      {
        "book_name": "Song of Songs",
        "book": 22,
        "chapter": 5,
        "verse": 2,
        "text": "Open to me, my sister, my love,"
      },
      {
        "book_name": "Song of Songs",
        "book": 22,
        "chapter": 5,
        "verse": 2,
        "text": "My dove, my undefiled:"
      },
      {
        "book_name": "Song of Songs",
        "book": 22,
        "chapter": 5,
        "verse": 2,
        "text": "For my head is filled with dew,"
      },
      {
        "book_name": "Song of Songs",
        "book": 22,
        "chapter": 5,
        "verse": 2,
        "text": "And my locks with the drops of the night."
      },
      {
        "book_name": "Song of Songs",
        "book": 22,
        "chapter": 5,
        "verse": 3,
        "text": "I have put off my coat;"
      },
      {
        "book_name": "Song of Songs",
        "book": 22,
        "chapter": 5,
        "verse": 3,
        "text": "How shall I put it on?"
      },
      {
        "book_name": "Song of Songs",
        "book": 22,
        "chapter": 5,
        "verse": 3,
        "text": "I have washed my feet;"
      },
      {
        "book_name": "Song of Songs",
        "book": 22,
        "chapter": 5,
        "verse": 3,
        "text": "How shall I defile them?"
      },
      {
        "book_name": "Song of Songs",
        "book": 22,
        "chapter": 5,
        "verse": 4,
        "text": "My beloved put in his hand by the hole of the door,"
      },
      {
        "book_name": "Song of Songs",
        "book": 22,
        "chapter": 5,
        "verse": 4,
        "text": "And my bowels were moved for him."
      },
      {
        "book_name": "Song of Songs",
        "book": 22,
        "chapter": 5,
        "verse": 5,
        "text": "I rose up to open to my beloved;"
      },
      {
        "book_name": "Song of Songs",
        "book": 22,
        "chapter": 5,
        "verse": 5,
        "text": "And my hands dropped with myrrh,"
      },
      {
        "book_name": "Song of Songs",
        "book": 22,
        "chapter": 5,
        "verse": 5,
        "text": "And my fingers with sweet smelling myrrh,"
      },
      {
        "book_name": "Song of Songs",
        "book": 22,
        "chapter": 5,
        "verse": 5,
        "text": "Upon the handles of the lock."
      },
      {
        "book_name": "Song of Songs",
        "book": 22,
        "chapter": 5,
        "verse": 6,
        "text": "I opened to my beloved;"
      },
      {
        "book_name": "Song of Songs",
        "book": 22,
        "chapter": 5,
        "verse": 6,
        "text": "But my beloved had withdrawn himself, and was gone:"
      },
      {
        "book_name": "Song of Songs",
        "book": 22,
        "chapter": 5,
        "verse": 6,
        "text": "My soul failed when he spake:"
      },
      {
        "book_name": "Song of Songs",
        "book": 22,
        "chapter": 5,
        "verse": 6,
        "text": "I sought him, but I could not find him;"
      },
      {
        "book_name": "Song of Songs",
        "book": 22,
        "chapter": 5,
        "verse": 6,
        "text": "I called him, but he gave me no answer."
      },
      {
        "book_name": "Song of Songs",
        "book": 22,
        "chapter": 5,
        "verse": 7,
        "text": "The watchmen that went about the city found me,"
      },
      {
        "book_name": "Song of Songs",
        "book": 22,
        "chapter": 5,
        "verse": 7,
        "text": "They smote me, they wounded me;"
      },
      {
        "book_name": "Song of Songs",
        "book": 22,
        "chapter": 5,
        "verse": 7,
        "text": "The keepers of the walls took away my veil from me."
      },
      {
        "book_name": "Song of Songs",
        "book": 22,
        "chapter": 5,
        "verse": 8,
        "text": "I charge you, O daughters of Jerusalem,"
      },
      {
        "book_name": "Song of Songs",
        "book": 22,
        "chapter": 5,
        "verse": 8,
        "text": "If ye find my beloved,"
      },
      {
        "book_name": "Song of Songs",
        "book": 22,
        "chapter": 5,
        "verse": 8,
        "text": "That ye tell him,"
      },
      {
        "book_name": "Song of Songs",
        "book": 22,
        "chapter": 5,
        "verse": 8,
        "text": "that I am sick of love."
      },
      {
        "book_name": "Song of Songs",
        "book": 22,
        "chapter": 5,
        "verse": 9,
        "text": "What is thy beloved more than another beloved,"
      },
      {
        "book_name": "Song of Songs",
        "book": 22,
        "chapter": 5,
        "verse": 9,
        "text": "O thou fairest among women?"
      },
      {
        "book_name": "Song of Songs",
        "book": 22,
        "chapter": 5,
        "verse": 9,
        "text": "What is thy beloved more than another beloved,"
      },
      {
        "book_name": "Song of Songs",
        "book": 22,
        "chapter": 5,
        "verse": 9,
        "text": "That thou dost so charge us?"
      },
      {
        "book_name": "Song of Songs",
        "book": 22,
        "chapter": 5,
        "verse": 10,
        "text": "My beloved is white and ruddy,"
      },
      {
        "book_name": "Song of Songs",
        "book": 22,
        "chapter": 5,
        "verse": 10,
        "text": "The chiefest among ten thousand."
      },
      {
        "book_name": "Song of Songs",
        "book": 22,
        "chapter": 5,
        "verse": 11,
        "text": "His head is as the most fine gold,"
      },
      {
        "book_name": "Song of Songs",
        "book": 22,
        "chapter": 5,
        "verse": 11,
        "text": "His locks are bushy,"
      },
      {
        "book_name": "Song of Songs",
        "book": 22,
        "chapter": 5,
        "verse": 11,
        "text": "And black as a raven."
      },
      {
        "book_name": "Song of Songs",
        "book": 22,
        "chapter": 5,
        "verse": 12,
        "text": "His eyes are as the eyes of doves by the rivers of waters,"
      },
      {
        "book_name": "Song of Songs",
        "book": 22,
        "chapter": 5,
        "verse": 12,
        "text": "Washed with milk, and fitly set."
      },
      {
        "book_name": "Song of Songs",
        "book": 22,
        "chapter": 5,
        "verse": 13,
        "text": "His cheeks are as a bed of spices, as sweet flowers:"
      },
      {
        "book_name": "Song of Songs",
        "book": 22,
        "chapter": 5,
        "verse": 13,
        "text": "His lips like lilies, dropping sweet smelling myrrh."
      },
      {
        "book_name": "Song of Songs",
        "book": 22,
        "chapter": 5,
        "verse": 14,
        "text": "His hands are as gold rings set with the beryl:"
      },
      {
        "book_name": "Song of Songs",
        "book": 22,
        "chapter": 5,
        "verse": 14,
        "text": "His belly is as bright ivory overlaid with sapphires."
      },
      {
        "book_name": "Song of Songs",
        "book": 22,
        "chapter": 5,
        "verse": 15,
        "text": "His legs are as pillars of marble, set upon sockets of fine gold:"
      },
      {
        "book_name": "Song of Songs",
        "book": 22,
        "chapter": 5,
        "verse": 15,
        "text": "His countenance is as Lebanon, excellent as the cedars."
      },
      {
        "book_name": "Song of Songs",
        "book": 22,
        "chapter": 5,
        "verse": 16,
        "text": "His mouth is most sweet:"
      },
      {
        "book_name": "Song of Songs",
        "book": 22,
        "chapter": 5,
        "verse": 16,
        "text": "Yea, he is altogether lovely."
      },
      {
        "book_name": "Song of Songs",
        "book": 22,
        "chapter": 5,
        "verse": 16,
        "text": "This is my beloved, and this is my friend,"
      },
      {
        "book_name": "Song of Songs",
        "book": 22,
        "chapter": 5,
        "verse": 16,
        "text": "O daughters of Jerusalem."
      }
    ],
    "6": [
      {
        "book_name": "Song of Songs",
        "book": 22,
        "chapter": 6,
        "verse": 1,
        "text": "1Whither is thy beloved gone,O thou fairest among women?Whither is thy beloved turned aside?That we may seek him with thee.  2My beloved is gone down into his garden,To the beds of spices,To feed in the gardens,And to gather lilies.  3I am my beloved's, and my beloved is mine:He feedeth among the lilies.  4Thou art beautiful, O my love, as Tirzah,Comely as Jerusalem,Terrible as an army with banners.  5Turn away thine eyes from me,For they have overcome me:Thy hair is as a flock of goatsThat appear from Gilead.  6Thy teeth are as a flock of sheepWhich go up from the washing,Whereof every one beareth twins,And there is not one barren among them.  7As a piece of a pomegranate are thy templesWithin thy locks.  8There are threescore queens, and fourscore concubines,And virgins without number.  9My dove, my undefiled is but one;She is the only one of her mother,She is the choice one of her that bare her.The daughters saw her, and blessed her;  Yea, the queens and the concubines, and they praised her.  10Who is she that looketh forth as the morning,Fair as the moon, clear as the sun,  And terrible as an army with banners?  11I went down into the garden of nutsTo see the fruits of the valley,  And to see whether the vine flourished,  And the pomegranates budded.  12Or ever I was aware,My soul made me like the chariots of Amminadib.  13Return, return, O Shulamite;Return, return, that we may look upon thee.What will ye see in the Shulamite?As it were the company of two armies."
      },
      {
        "book_name": "Song of Songs",
        "book": 22,
        "chapter": 6,
        "verse": 1,
        "text": "Whither is thy beloved gone,"
      },
      {
        "book_name": "Song of Songs",
        "book": 22,
        "chapter": 6,
        "verse": 1,
        "text": "O thou fairest among women?"
      },
      {
        "book_name": "Song of Songs",
        "book": 22,
        "chapter": 6,
        "verse": 1,
        "text": "Whither is thy beloved turned aside?"
      },
      {
        "book_name": "Song of Songs",
        "book": 22,
        "chapter": 6,
        "verse": 1,
        "text": "That we may seek him with thee."
      },
      {
        "book_name": "Song of Songs",
        "book": 22,
        "chapter": 6,
        "verse": 2,
        "text": "My beloved is gone down into his garden,"
      },
      {
        "book_name": "Song of Songs",
        "book": 22,
        "chapter": 6,
        "verse": 2,
        "text": "To the beds of spices,"
      },
      {
        "book_name": "Song of Songs",
        "book": 22,
        "chapter": 6,
        "verse": 2,
        "text": "To feed in the gardens,"
      },
      {
        "book_name": "Song of Songs",
        "book": 22,
        "chapter": 6,
        "verse": 2,
        "text": "And to gather lilies."
      },
      {
        "book_name": "Song of Songs",
        "book": 22,
        "chapter": 6,
        "verse": 3,
        "text": "I am my beloved's, and my beloved is mine:"
      },
      {
        "book_name": "Song of Songs",
        "book": 22,
        "chapter": 6,
        "verse": 3,
        "text": "He feedeth among the lilies."
      },
      {
        "book_name": "Song of Songs",
        "book": 22,
        "chapter": 6,
        "verse": 4,
        "text": "Thou art beautiful, O my love, as Tirzah,"
      },
      {
        "book_name": "Song of Songs",
        "book": 22,
        "chapter": 6,
        "verse": 4,
        "text": "Comely as Jerusalem,"
      },
      {
        "book_name": "Song of Songs",
        "book": 22,
        "chapter": 6,
        "verse": 4,
        "text": "Terrible as an army with banners."
      },
      {
        "book_name": "Song of Songs",
        "book": 22,
        "chapter": 6,
        "verse": 5,
        "text": "Turn away thine eyes from me,"
      },
      {
        "book_name": "Song of Songs",
        "book": 22,
        "chapter": 6,
        "verse": 5,
        "text": "For they have overcome me:"
      },
      {
        "book_name": "Song of Songs",
        "book": 22,
        "chapter": 6,
        "verse": 5,
        "text": "Thy hair is as a flock of goats"
      },
      {
        "book_name": "Song of Songs",
        "book": 22,
        "chapter": 6,
        "verse": 5,
        "text": "That appear from Gilead."
      },
      {
        "book_name": "Song of Songs",
        "book": 22,
        "chapter": 6,
        "verse": 6,
        "text": "Thy teeth are as a flock of sheep"
      },
      {
        "book_name": "Song of Songs",
        "book": 22,
        "chapter": 6,
        "verse": 6,
        "text": "Which go up from the washing,"
      },
      {
        "book_name": "Song of Songs",
        "book": 22,
        "chapter": 6,
        "verse": 6,
        "text": "Whereof every one beareth twins,"
      },
      {
        "book_name": "Song of Songs",
        "book": 22,
        "chapter": 6,
        "verse": 6,
        "text": "And there is not one barren among them."
      },
      {
        "book_name": "Song of Songs",
        "book": 22,
        "chapter": 6,
        "verse": 7,
        "text": "As a piece of a pomegranate are thy temples"
      },
      {
        "book_name": "Song of Songs",
        "book": 22,
        "chapter": 6,
        "verse": 7,
        "text": "Within thy locks."
      },
      {
        "book_name": "Song of Songs",
        "book": 22,
        "chapter": 6,
        "verse": 8,
        "text": "There are threescore queens, and fourscore concubines,"
      },
      {
        "book_name": "Song of Songs",
        "book": 22,
        "chapter": 6,
        "verse": 8,
        "text": "And virgins without number."
      },
      {
        "book_name": "Song of Songs",
        "book": 22,
        "chapter": 6,
        "verse": 9,
        "text": "My dove, my undefiled is but one;"
      },
      {
        "book_name": "Song of Songs",
        "book": 22,
        "chapter": 6,
        "verse": 9,
        "text": "She is the only one of her mother,"
      },
      {
        "book_name": "Song of Songs",
        "book": 22,
        "chapter": 6,
        "verse": 9,
        "text": "She is the choice one of her that bare her."
      },
      {
        "book_name": "Song of Songs",
        "book": 22,
        "chapter": 6,
        "verse": 9,
        "text": "The daughters saw her, and blessed her;"
      },
      {
        "book_name": "Song of Songs",
        "book": 22,
        "chapter": 6,
        "verse": 9,
        "text": "Yea, the queens and the concubines, and they praised her."
      },
      {
        "book_name": "Song of Songs",
        "book": 22,
        "chapter": 6,
        "verse": 10,
        "text": "Who is she that looketh forth as the morning,"
      },
      {
        "book_name": "Song of Songs",
        "book": 22,
        "chapter": 6,
        "verse": 10,
        "text": "Fair as the moon, clear as the sun,"
      },
      {
        "book_name": "Song of Songs",
        "book": 22,
        "chapter": 6,
        "verse": 10,
        "text": "And terrible as an army with banners?"
      },
      {
        "book_name": "Song of Songs",
        "book": 22,
        "chapter": 6,
        "verse": 11,
        "text": "I went down into the garden of nuts"
      },
      {
        "book_name": "Song of Songs",
        "book": 22,
        "chapter": 6,
        "verse": 11,
        "text": "To see the fruits of the valley,"
      },
      {
        "book_name": "Song of Songs",
        "book": 22,
        "chapter": 6,
        "verse": 11,
        "text": "And to see whether the vine flourished,"
      },
      {
        "book_name": "Song of Songs",
        "book": 22,
        "chapter": 6,
        "verse": 11,
        "text": "And the pomegranates budded."
      },
      {
        "book_name": "Song of Songs",
        "book": 22,
        "chapter": 6,
        "verse": 12,
        "text": "Or ever I was aware,"
      },
      {
        "book_name": "Song of Songs",
        "book": 22,
        "chapter": 6,
        "verse": 12,
        "text": "My soul made me like the chariots of Amminadib."
      },
      {
        "book_name": "Song of Songs",
        "book": 22,
        "chapter": 6,
        "verse": 13,
        "text": "Return, return, O Shulamite;"
      },
      {
        "book_name": "Song of Songs",
        "book": 22,
        "chapter": 6,
        "verse": 13,
        "text": "Return, return, that we may look upon thee."
      },
      {
        "book_name": "Song of Songs",
        "book": 22,
        "chapter": 6,
        "verse": 13,
        "text": "What will ye see in the Shulamite?"
      },
      {
        "book_name": "Song of Songs",
        "book": 22,
        "chapter": 6,
        "verse": 13,
        "text": "As it were the company of two armies."
      }
    ],
    "7": [
      {
        "book_name": "Song of Songs",
        "book": 22,
        "chapter": 7,
        "verse": 1,
        "text": "1How beautiful are thy feet with shoes,O prince's daughter!The joints of thy thighs are like jewels,The work of the hands of a cunning workman.  2Thy navel is like a round goblet,  Which wanteth not liquor:Thy belly is like an heap of wheatSet about with lilies.  3Thy two breasts are like two young roes  That are twins.  4Thy neck is as a tower of ivory;Thine eyes like the fishpools in Heshbon,By the gate of Bathrabbim:Thy nose is as the tower of LebanonWhich looketh toward Damascus.  5Thine head upon thee is like Carmel,And the hair of thine head like purple;The king is held in the galleries.  6How fair and how pleasant art thou,O love, for delights!  7This thy stature is like to a palm tree,And thy breasts to clusters of grapes.  8I said, I will go up to the palm tree,I will take hold of the boughs thereof:Now also thy breasts shall be as clusters of the vine,And the smell of thy nose like apples;  9And the roof of thy mouth like the best wineFor my beloved, that goeth down sweetly,Causing the lips of those that are asleep to speak.  10I am my beloved's,And his desire is toward me.  11Come, my beloved,Let us go forth into the field;Let us lodge in the villages.  12Let us get up early to the vineyards;Let us see if the vine flourish,  Whether the tender grape appear,  And the pomegranates bud forth:There will I give thee my loves.  13The mandrakes give a smell,And at our gates are all manner of pleasant fruits,New and old,  Which I have laid up for thee, O my beloved."
      },
      {
        "book_name": "Song of Songs",
        "book": 22,
        "chapter": 7,
        "verse": 1,
        "text": "How beautiful are thy feet with shoes,"
      },
      {
        "book_name": "Song of Songs",
        "book": 22,
        "chapter": 7,
        "verse": 1,
        "text": "O prince's daughter!"
      },
      {
        "book_name": "Song of Songs",
        "book": 22,
        "chapter": 7,
        "verse": 1,
        "text": "The joints of thy thighs are like jewels,"
      },
      {
        "book_name": "Song of Songs",
        "book": 22,
        "chapter": 7,
        "verse": 1,
        "text": "The work of the hands of a cunning workman."
      },
      {
        "book_name": "Song of Songs",
        "book": 22,
        "chapter": 7,
        "verse": 2,
        "text": "Thy navel is like a round goblet,"
      },
      {
        "book_name": "Song of Songs",
        "book": 22,
        "chapter": 7,
        "verse": 2,
        "text": "Which wanteth not liquor:"
      },
      {
        "book_name": "Song of Songs",
        "book": 22,
        "chapter": 7,
        "verse": 2,
        "text": "Thy belly is like an heap of wheat"
      },
      {
        "book_name": "Song of Songs",
        "book": 22,
        "chapter": 7,
        "verse": 2,
        "text": "Set about with lilies."
      },
      {
        "book_name": "Song of Songs",
        "book": 22,
        "chapter": 7,
        "verse": 3,
        "text": "Thy two breasts are like two young roes"
      },
      {
        "book_name": "Song of Songs",
        "book": 22,
        "chapter": 7,
        "verse": 3,
        "text": "That are twins."
      },
      {
        "book_name": "Song of Songs",
        "book": 22,
        "chapter": 7,
        "verse": 4,
        "text": "Thy neck is as a tower of ivory;"
      },
      {
        "book_name": "Song of Songs",
        "book": 22,
        "chapter": 7,
        "verse": 4,
        "text": "Thine eyes like the fishpools in Heshbon,"
      },
      {
        "book_name": "Song of Songs",
        "book": 22,
        "chapter": 7,
        "verse": 4,
        "text": "By the gate of Bathrabbim:"
      },
      {
        "book_name": "Song of Songs",
        "book": 22,
        "chapter": 7,
        "verse": 4,
        "text": "Thy nose is as the tower of Lebanon"
      },
      {
        "book_name": "Song of Songs",
        "book": 22,
        "chapter": 7,
        "verse": 4,
        "text": "Which looketh toward Damascus."
      },
      {
        "book_name": "Song of Songs",
        "book": 22,
        "chapter": 7,
        "verse": 5,
        "text": "Thine head upon thee is like Carmel,"
      },
      {
        "book_name": "Song of Songs",
        "book": 22,
        "chapter": 7,
        "verse": 5,
        "text": "And the hair of thine head like purple;"
      },
      {
        "book_name": "Song of Songs",
        "book": 22,
        "chapter": 7,
        "verse": 5,
        "text": "The king is held in the galleries."
      },
      {
        "book_name": "Song of Songs",
        "book": 22,
        "chapter": 7,
        "verse": 6,
        "text": "How fair and how pleasant art thou,"
      },
      {
        "book_name": "Song of Songs",
        "book": 22,
        "chapter": 7,
        "verse": 6,
        "text": "O love, for delights!"
      },
      {
        "book_name": "Song of Songs",
        "book": 22,
        "chapter": 7,
        "verse": 7,
        "text": "This thy stature is like to a palm tree,"
      },
      {
        "book_name": "Song of Songs",
        "book": 22,
        "chapter": 7,
        "verse": 7,
        "text": "And thy breasts to clusters of grapes."
      },
      {
        "book_name": "Song of Songs",
        "book": 22,
        "chapter": 7,
        "verse": 8,
        "text": "I said, I will go up to the palm tree,"
      },
      {
        "book_name": "Song of Songs",
        "book": 22,
        "chapter": 7,
        "verse": 8,
        "text": "I will take hold of the boughs thereof:"
      },
      {
        "book_name": "Song of Songs",
        "book": 22,
        "chapter": 7,
        "verse": 8,
        "text": "Now also thy breasts shall be as clusters of the vine,"
      },
      {
        "book_name": "Song of Songs",
        "book": 22,
        "chapter": 7,
        "verse": 8,
        "text": "And the smell of thy nose like apples;"
      },
      {
        "book_name": "Song of Songs",
        "book": 22,
        "chapter": 7,
        "verse": 9,
        "text": "And the roof of thy mouth like the best wine"
      },
      {
        "book_name": "Song of Songs",
        "book": 22,
        "chapter": 7,
        "verse": 9,
        "text": "For my beloved, that goeth down sweetly,"
      },
      {
        "book_name": "Song of Songs",
        "book": 22,
        "chapter": 7,
        "verse": 9,
        "text": "Causing the lips of those that are asleep to speak."
      },
      {
        "book_name": "Song of Songs",
        "book": 22,
        "chapter": 7,
        "verse": 10,
        "text": "I am my beloved's,"
      },
      {
        "book_name": "Song of Songs",
        "book": 22,
        "chapter": 7,
        "verse": 10,
        "text": "And his desire is toward me."
      },
      {
        "book_name": "Song of Songs",
        "book": 22,
        "chapter": 7,
        "verse": 11,
        "text": "Come, my beloved,"
      },
      {
        "book_name": "Song of Songs",
        "book": 22,
        "chapter": 7,
        "verse": 11,
        "text": "Let us go forth into the field;"
      },
      {
        "book_name": "Song of Songs",
        "book": 22,
        "chapter": 7,
        "verse": 11,
        "text": "Let us lodge in the villages."
      },
      {
        "book_name": "Song of Songs",
        "book": 22,
        "chapter": 7,
        "verse": 12,
        "text": "Let us get up early to the vineyards;"
      },
      {
        "book_name": "Song of Songs",
        "book": 22,
        "chapter": 7,
        "verse": 12,
        "text": "Let us see if the vine flourish,"
      },
      {
        "book_name": "Song of Songs",
        "book": 22,
        "chapter": 7,
        "verse": 12,
        "text": "Whether the tender grape appear,"
      },
      {
        "book_name": "Song of Songs",
        "book": 22,
        "chapter": 7,
        "verse": 12,
        "text": "And the pomegranates bud forth:"
      },
      {
        "book_name": "Song of Songs",
        "book": 22,
        "chapter": 7,
        "verse": 12,
        "text": "There will I give thee my loves."
      },
      {
        "book_name": "Song of Songs",
        "book": 22,
        "chapter": 7,
        "verse": 13,
        "text": "The mandrakes give a smell,"
      },
      {
        "book_name": "Song of Songs",
        "book": 22,
        "chapter": 7,
        "verse": 13,
        "text": "And at our gates are all manner of pleasant fruits,"
      },
      {
        "book_name": "Song of Songs",
        "book": 22,
        "chapter": 7,
        "verse": 13,
        "text": "New and old,"
      },
      {
        "book_name": "Song of Songs",
        "book": 22,
        "chapter": 7,
        "verse": 13,
        "text": "Which I have laid up for thee, O my beloved."
      }
    ],
    "8": [
      {
        "book_name": "Song of Songs",
        "book": 22,
        "chapter": 8,
        "verse": 1,
        "text": "1O that thou wert as my brother,That sucked the breasts of my mother!  When I should find thee without, I would kiss thee;Yea, I should not be despised.  2I would lead thee,  And bring thee into my mother's house,  Who would instruct me:I would cause thee to drink of spiced wineOf the juice of my pomegranate.  3His left hand should be under my head,And his right hand should embrace me.  4I charge you, O daughters of Jerusalem,That ye stir not up, nor awake my love,Until he please.  5Who is this that cometh up from the wilderness,Leaning upon her beloved?I raised thee up under the apple tree:There thy mother brought thee forth:There she brought thee forth that bare thee.  6Set me as a seal upon thine heart,As a seal upon thine arm:For love is strong as death;Jealousy is cruel as the grave:The coals thereof are coals of fire,  Which hath a most vehement flame.  7Many waters cannot quench love,Neither can the floods drown it:If a man would give all the substance of his house for love,It would utterly be contemned.  8We have a little sister,And she hath no breasts:What shall we do for our sisterIn the day when she shall be spoken for?  9If she be a wall,We will build upon her a palace of silver:And if she be a door,We will inclose her with boards of cedar.  10I am a wall,And my breasts like towers:Then was I in his eyesAs one that found favour.  11Solomon had a vineyard at Baalhamon;He let out the vineyard unto keepers;Every one for the fruit thereof was to bring a thousand pieces of silver.  12My vineyard, which is mine, is before me:Thou, O Solomon, must have a thousand,And those that keep the fruit thereof two hundred.  13Thou that dwellest in the gardens,The companions hearken to thy voice:Cause me to hear it.  14Make haste, my beloved,And be thou like to a roeOr to a young hartUpon the mountains of spices."
      },
      {
        "book_name": "Song of Songs",
        "book": 22,
        "chapter": 8,
        "verse": 1,
        "text": "O that thou wert as my brother,"
      },
      {
        "book_name": "Song of Songs",
        "book": 22,
        "chapter": 8,
        "verse": 1,
        "text": "That sucked the breasts of my mother!"
      },
      {
        "book_name": "Song of Songs",
        "book": 22,
        "chapter": 8,
        "verse": 1,
        "text": "When I should find thee without, I would kiss thee;"
      },
      {
        "book_name": "Song of Songs",
        "book": 22,
        "chapter": 8,
        "verse": 1,
        "text": "Yea, I should not be despised."
      },
      {
        "book_name": "Song of Songs",
        "book": 22,
        "chapter": 8,
        "verse": 2,
        "text": "I would lead thee,"
      },
      {
        "book_name": "Song of Songs",
        "book": 22,
        "chapter": 8,
        "verse": 2,
        "text": "And bring thee into my mother's house,"
      },
      {
        "book_name": "Song of Songs",
        "book": 22,
        "chapter": 8,
        "verse": 2,
        "text": "Who would instruct me:"
      },
      {
        "book_name": "Song of Songs",
        "book": 22,
        "chapter": 8,
        "verse": 2,
        "text": "I would cause thee to drink of spiced wine"
      },
      {
        "book_name": "Song of Songs",
        "book": 22,
        "chapter": 8,
        "verse": 2,
        "text": "Of the juice of my pomegranate."
      },
      {
        "book_name": "Song of Songs",
        "book": 22,
        "chapter": 8,
        "verse": 3,
        "text": "His left hand should be under my head,"
      },
      {
        "book_name": "Song of Songs",
        "book": 22,
        "chapter": 8,
        "verse": 3,
        "text": "And his right hand should embrace me."
      },
      {
        "book_name": "Song of Songs",
        "book": 22,
        "chapter": 8,
        "verse": 4,
        "text": "I charge you, O daughters of Jerusalem,"
      },
      {
        "book_name": "Song of Songs",
        "book": 22,
        "chapter": 8,
        "verse": 4,
        "text": "That ye stir not up, nor awake my love,"
      },
      {
        "book_name": "Song of Songs",
        "book": 22,
        "chapter": 8,
        "verse": 4,
        "text": "Until he please."
      },
      {
        "book_name": "Song of Songs",
        "book": 22,
        "chapter": 8,
        "verse": 5,
        "text": "Who is this that cometh up from the wilderness,"
      },
      {
        "book_name": "Song of Songs",
        "book": 22,
        "chapter": 8,
        "verse": 5,
        "text": "Leaning upon her beloved?"
      },
      {
        "book_name": "Song of Songs",
        "book": 22,
        "chapter": 8,
        "verse": 5,
        "text": "I raised thee up under the apple tree:"
      },
      {
        "book_name": "Song of Songs",
        "book": 22,
        "chapter": 8,
        "verse": 5,
        "text": "There thy mother brought thee forth:"
      },
      {
        "book_name": "Song of Songs",
        "book": 22,
        "chapter": 8,
        "verse": 5,
        "text": "There she brought thee forth that bare thee."
      },
      {
        "book_name": "Song of Songs",
        "book": 22,
        "chapter": 8,
        "verse": 6,
        "text": "Set me as a seal upon thine heart,"
      },
      {
        "book_name": "Song of Songs",
        "book": 22,
        "chapter": 8,
        "verse": 6,
        "text": "As a seal upon thine arm:"
      },
      {
        "book_name": "Song of Songs",
        "book": 22,
        "chapter": 8,
        "verse": 6,
        "text": "For love is strong as death;"
      },
      {
        "book_name": "Song of Songs",
        "book": 22,
        "chapter": 8,
        "verse": 6,
        "text": "Jealousy is cruel as the grave:"
      },
      {
        "book_name": "Song of Songs",
        "book": 22,
        "chapter": 8,
        "verse": 6,
        "text": "The coals thereof are coals of fire,"
      },
      {
        "book_name": "Song of Songs",
        "book": 22,
        "chapter": 8,
        "verse": 6,
        "text": "Which hath a most vehement flame."
      },
      {
        "book_name": "Song of Songs",
        "book": 22,
        "chapter": 8,
        "verse": 7,
        "text": "Many waters cannot quench love,"
      },
      {
        "book_name": "Song of Songs",
        "book": 22,
        "chapter": 8,
        "verse": 7,
        "text": "Neither can the floods drown it:"
      },
      {
        "book_name": "Song of Songs",
        "book": 22,
        "chapter": 8,
        "verse": 7,
        "text": "If a man would give all the substance of his house for love,"
      },
      {
        "book_name": "Song of Songs",
        "book": 22,
        "chapter": 8,
        "verse": 7,
        "text": "It would utterly be contemned."
      },
      {
        "book_name": "Song of Songs",
        "book": 22,
        "chapter": 8,
        "verse": 8,
        "text": "We have a little sister,"
      },
      {
        "book_name": "Song of Songs",
        "book": 22,
        "chapter": 8,
        "verse": 8,
        "text": "And she hath no breasts:"
      },
      {
        "book_name": "Song of Songs",
        "book": 22,
        "chapter": 8,
        "verse": 8,
        "text": "What shall we do for our sister"
      },
      {
        "book_name": "Song of Songs",
        "book": 22,
        "chapter": 8,
        "verse": 8,
        "text": "In the day when she shall be spoken for?"
      },
      {
        "book_name": "Song of Songs",
        "book": 22,
        "chapter": 8,
        "verse": 9,
        "text": "If she be a wall,"
      },
      {
        "book_name": "Song of Songs",
        "book": 22,
        "chapter": 8,
        "verse": 9,
        "text": "We will build upon her a palace of silver:"
      },
      {
        "book_name": "Song of Songs",
        "book": 22,
        "chapter": 8,
        "verse": 9,
        "text": "And if she be a door,"
      },
      {
        "book_name": "Song of Songs",
        "book": 22,
        "chapter": 8,
        "verse": 9,
        "text": "We will inclose her with boards of cedar."
      },
      {
        "book_name": "Song of Songs",
        "book": 22,
        "chapter": 8,
        "verse": 10,
        "text": "I am a wall,"
      },
      {
        "book_name": "Song of Songs",
        "book": 22,
        "chapter": 8,
        "verse": 10,
        "text": "And my breasts like towers:"
      },
      {
        "book_name": "Song of Songs",
        "book": 22,
        "chapter": 8,
        "verse": 10,
        "text": "Then was I in his eyes"
      },
      {
        "book_name": "Song of Songs",
        "book": 22,
        "chapter": 8,
        "verse": 10,
        "text": "As one that found favour."
      },
      {
        "book_name": "Song of Songs",
        "book": 22,
        "chapter": 8,
        "verse": 11,
        "text": "Solomon had a vineyard at Baalhamon;"
      },
      {
        "book_name": "Song of Songs",
        "book": 22,
        "chapter": 8,
        "verse": 11,
        "text": "He let out the vineyard unto keepers;"
      },
      {
        "book_name": "Song of Songs",
        "book": 22,
        "chapter": 8,
        "verse": 11,
        "text": "Every one for the fruit thereof was to bring a thousand pieces of silver."
      },
      {
        "book_name": "Song of Songs",
        "book": 22,
        "chapter": 8,
        "verse": 12,
        "text": "My vineyard, which is mine, is before me:"
      },
      {
        "book_name": "Song of Songs",
        "book": 22,
        "chapter": 8,
        "verse": 12,
        "text": "Thou, O Solomon, must have a thousand,"
      },
      {
        "book_name": "Song of Songs",
        "book": 22,
        "chapter": 8,
        "verse": 12,
        "text": "And those that keep the fruit thereof two hundred."
      },
      {
        "book_name": "Song of Songs",
        "book": 22,
        "chapter": 8,
        "verse": 13,
        "text": "Thou that dwellest in the gardens,"
      },
      {
        "book_name": "Song of Songs",
        "book": 22,
        "chapter": 8,
        "verse": 13,
        "text": "The companions hearken to thy voice:"
      },
      {
        "book_name": "Song of Songs",
        "book": 22,
        "chapter": 8,
        "verse": 13,
        "text": "Cause me to hear it."
      },
      {
        "book_name": "Song of Songs",
        "book": 22,
        "chapter": 8,
        "verse": 14,
        "text": "Make haste, my beloved,"
      },
      {
        "book_name": "Song of Songs",
        "book": 22,
        "chapter": 8,
        "verse": 14,
        "text": "And be thou like to a roe"
      },
      {
        "book_name": "Song of Songs",
        "book": 22,
        "chapter": 8,
        "verse": 14,
        "text": "Or to a young hart"
      },
      {
        "book_name": "Song of Songs",
        "book": 22,
        "chapter": 8,
        "verse": 14,
        "text": "Upon the mountains of spices."
      }
    ]
  }
}