{
  "source": "bible.com",
  "version": "Reina Valera (1602)",
  "book": "1 Johannes",
  "chapters": {
    "1": [
      {
        "book_name": "1 Johannes",
        "book": 62,
        "chapter": 1,
        "verse": 1,
        "text": "1LO que era desde el principio, lo que hemos oído, lo que hemos visto con nuestros ojos, lo que hemos mirado, y palparon nuestras manos tocante al Verbo de vida; 2(Porque la vida fué manifestada, y vimos, y testificamos, y os anunciamos aquella vida eterna, la cual estaba con el Padre, y nos ha aparecido;) 3Lo que hemos visto y oído, eso os anunciamos, para que también vosotros tengáis comunión con nosotros: y nuestra comunión verdaderamente es con el Padre, y con su Hijo Jesucristo. 4Y estas cosas os escribimos, para que vuestro gozo sea cumplido. 5Y este es el mensaje que oímos de él, y os anunciamos: Que Dios es luz, y en él no hay ningunas tinieblas.  6Si nosotros dijéremos que tenemos comunión con él, y andamos en tinieblas, mentimos, y no hacemos la verdad;  7Mas si andamos en luz, como él está en luz, tenemos comunión entre nosotros, y la sangre de Jesucristo su Hijo nos limpia de todo pecado.  8Si dijéremos que no tenemos pecado, nos engañamos á nosotros mismos, y no hay verdad en nosotros.  9Si confesamos nuestros pecados, él es fiel y justo para que nos perdone nuestros pecados, y nos limpie de toda maldad.  10Si dijéremos que no hemos pecado, lo hacemos á él mentiroso, y su palabra no está en nosotros."
      },
      {
        "book_name": "1 Johannes",
        "book": 62,
        "chapter": 1,
        "verse": 1,
        "text": "LO que era desde el principio, lo que hemos oído, lo que hemos visto con nuestros ojos, lo que hemos mirado, y palparon nuestras manos tocante al Verbo de vida;"
      },
      {
        "book_name": "1 Johannes",
        "book": 62,
        "chapter": 1,
        "verse": 2,
        "text": "(Porque la vida fué manifestada, y vimos, y testificamos, y os anunciamos aquella vida eterna, la cual estaba con el Padre, y nos ha aparecido;)"
      },
      {
        "book_name": "1 Johannes",
        "book": 62,
        "chapter": 1,
        "verse": 3,
        "text": "Lo que hemos visto y oído, eso os anunciamos, para que también vosotros tengáis comunión con nosotros: y nuestra comunión verdaderamente es con el Padre, y con su Hijo Jesucristo."
      },
      {
        "book_name": "1 Johannes",
        "book": 62,
        "chapter": 1,
        "verse": 4,
        "text": "Y estas cosas os escribimos, para que vuestro gozo sea cumplido."
      },
      {
        "book_name": "1 Johannes",
        "book": 62,
        "chapter": 1,
        "verse": 5,
        "text": "Y este es el mensaje que oímos de él, y os anunciamos: Que Dios es luz, y en él no hay ningunas tinieblas."
      },
      {
        "book_name": "1 Johannes",
        "book": 62,
        "chapter": 1,
        "verse": 6,
        "text": "Si nosotros dijéremos que tenemos comunión con él, y andamos en tinieblas, mentimos, y no hacemos la verdad;"
      },
      {
        "book_name": "1 Johannes",
        "book": 62,
        "chapter": 1,
        "verse": 7,
        "text": "Mas si andamos en luz, como él está en luz, tenemos comunión entre nosotros, y la sangre de Jesucristo su Hijo nos limpia de todo pecado."
      },
      {
        "book_name": "1 Johannes",
        "book": 62,
        "chapter": 1,
        "verse": 8,
        "text": "Si dijéremos que no tenemos pecado, nos engañamos á nosotros mismos, y no hay verdad en nosotros."
      },
      {
        "book_name": "1 Johannes",
        "book": 62,
        "chapter": 1,
        "verse": 9,
        "text": "Si confesamos nuestros pecados, él es fiel y justo para que nos perdone nuestros pecados, y nos limpie de toda maldad."
      },
      {
        "book_name": "1 Johannes",
        "book": 62,
        "chapter": 1,
        "verse": 10,
        "text": "Si dijéremos que no hemos pecado, lo hacemos á él mentiroso, y su palabra no está en nosotros."
      }
    ],
    "2": [
      {
        "book_name": "1 Johannes",
        "book": 62,
        "chapter": 2,
        "verse": 1,
        "text": "1HIJITOS míos, estas cosas os escribo, para que no pequéis; y si alguno hubiere pecado, abogado tenemos para con el Padre, á Jesucristo el justo; 2Y él es la propiciación por nuestros pecados: y no solamente por los nuestros, sino también por los de todo el mundo. 3Y en esto sabemos que nosotros le hemos conocido, si guardamos sus mandamientos.  4El que dice, Yo le he conocido, y no guarda sus mandamientos, el tal es mentiroso, y no hay verdad en él;  5Mas el que guarda su palabra, la caridad de Dios está verdaderamente perfecta en él: por esto sabemos que estamos en él.  6El que dice que está en él, debe andar como él anduvo.  7Hermanos, no os escribo mandamiento nuevo, sino el mandamiento antiguo que habéis tenido desde el principio: el mandamiento antiguo es la palabra que habéis oído desde el principio.  8Otra vez os escribo un mandamiento nuevo, que es verdadero en él y en vosotros; porque las tinieblas son pasadas, y la verdadera luz ya alumbra.  9El que dice que está en luz, y aborrece á su hermano, el tal aun está en tinieblas todavía.  10El que ama á su hermano, está en luz, y no hay tropiezo en él.  11Mas el que aborrece á su hermano, está en tinieblas, y anda en tinieblas, y no sabe á donde va; porque las tinieblas le han cegado los ojos.  12Os escribo á vosotros, hijitos, porque vuestros pecados os son perdonados por su nombre.  13Os escribo á vosotros, padres, porque habéis conocido á aquel que es desde el principio. Os escribo á vosotros, mancebos, porque habéis vencido al maligno. Os escribo á vosotros, hijitos, porque habéis conocido al Padre.  14Os he escrito á vosotros, padres, porque habéis conocido al que es desde el principio. Os he escrito á vosotros, mancebos, porque sois fuertes, y la palabra de Dios mora en vosotros, y habéis vencido al maligno.  15No améis al mundo, ni las cosas que están en el mundo. Si alguno ama al mundo, el amor del Padre no está en él.  16Porque todo lo que hay en el mundo, la concupiscencia de la carne, y la concupiscencia de los ojos, y la soberbia de la vida, no es del Padre, mas es del mundo.  17Y el mundo se pasa, y su concupiscencia; mas el que hace la voluntad de Dios, permanece para siempre.  18Hijitos, ya es el último tiempo: y como vosotros habéis oído que el anticristo ha de venir, así también al presente han comenzado á ser muchos anticristos; por lo cual sabemos que es el último tiempo.  19Salieron de nosotros, mas no eran de nosotros; porque si fueran de nosotros, hubieran cierto permanecido con nosotros; pero salieron para que se manifestase que todos no son de nosotros.  20Mas vosotros tenéis la unción del Santo, y conocéis todas las cosas.  21No os he escrito como si ignoraseis la verdad, sino como á los que la conocéis, y que ninguna mentira es de la verdad.  22¿Quién es mentiroso, sino el que niega que Jesús es el Cristo? Este tal es anticristo, que niega al Padre y al Hijo.  23Cualquiera que niega al Hijo, este tal tampoco tiene al Padre. Cualquiera que confiese al Hijo tiene también al Padre.  24Pues lo que habéis oído desde el principio, sea permaneciente en vosotros. Si lo que habéis oído desde el principio fuere permaneciente en vosotros, también vosotros permaneceréis en el Hijo y en el Padre.  25Y esta es la promesa, la cual él nos prometió, la vida eterna.  26Os he escrito esto sobre los que os engañan.  27Pero la unción que vosotros habéis recibido de él, mora en vosotros, y no tenéis necesidad que ninguno os enseñe; mas como la unción misma os enseña de todas cosas, y es verdadera, y no es mentira, así como os ha enseñado, perseveraréis en él.  28Y ahora, hijitos, perseverad en él; para que cuando apareciere, tengamos confianza, y no seamos confundidos de él en su venida.  29Si sabéis que él es justo, sabed también que cualquiera que hace justicia, es nacido de él."
      },
      {
        "book_name": "1 Johannes",
        "book": 62,
        "chapter": 2,
        "verse": 1,
        "text": "HIJITOS míos, estas cosas os escribo, para que no pequéis; y si alguno hubiere pecado, abogado tenemos para con el Padre, á Jesucristo el justo;"
      },
      {
        "book_name": "1 Johannes",
        "book": 62,
        "chapter": 2,
        "verse": 2,
        "text": "Y él es la propiciación por nuestros pecados: y no solamente por los nuestros, sino también por los de todo el mundo."
      },
      {
        "book_name": "1 Johannes",
        "book": 62,
        "chapter": 2,
        "verse": 3,
        "text": "Y en esto sabemos que nosotros le hemos conocido, si guardamos sus mandamientos."
      },
      {
        "book_name": "1 Johannes",
        "book": 62,
        "chapter": 2,
        "verse": 4,
        "text": "El que dice, Yo le he conocido, y no guarda sus mandamientos, el tal es mentiroso, y no hay verdad en él;"
      },
      {
        "book_name": "1 Johannes",
        "book": 62,
        "chapter": 2,
        "verse": 5,
        "text": "Mas el que guarda su palabra, la caridad de Dios está verdaderamente perfecta en él: por esto sabemos que estamos en él."
      },
      {
        "book_name": "1 Johannes",
        "book": 62,
        "chapter": 2,
        "verse": 6,
        "text": "El que dice que está en él, debe andar como él anduvo."
      },
      {
        "book_name": "1 Johannes",
        "book": 62,
        "chapter": 2,
        "verse": 7,
        "text": "Hermanos, no os escribo mandamiento nuevo, sino el mandamiento antiguo que habéis tenido desde el principio: el mandamiento antiguo es la palabra que habéis oído desde el principio."
      },
      {
        "book_name": "1 Johannes",
        "book": 62,
        "chapter": 2,
        "verse": 8,
        "text": "Otra vez os escribo un mandamiento nuevo, que es verdadero en él y en vosotros; porque las tinieblas son pasadas, y la verdadera luz ya alumbra."
      },
      {
        "book_name": "1 Johannes",
        "book": 62,
        "chapter": 2,
        "verse": 9,
        "text": "El que dice que está en luz, y aborrece á su hermano, el tal aun está en tinieblas todavía."
      },
      {
        "book_name": "1 Johannes",
        "book": 62,
        "chapter": 2,
        "verse": 10,
        "text": "El que ama á su hermano, está en luz, y no hay tropiezo en él."
      },
      {
        "book_name": "1 Johannes",
        "book": 62,
        "chapter": 2,
        "verse": 11,
        "text": "Mas el que aborrece á su hermano, está en tinieblas, y anda en tinieblas, y no sabe á donde va; porque las tinieblas le han cegado los ojos."
      },
      {
        "book_name": "1 Johannes",
        "book": 62,
        "chapter": 2,
        "verse": 12,
        "text": "Os escribo á vosotros, hijitos, porque vuestros pecados os son perdonados por su nombre."
      },
      {
        "book_name": "1 Johannes",
        "book": 62,
        "chapter": 2,
        "verse": 13,
        "text": "Os escribo á vosotros, padres, porque habéis conocido á aquel que es desde el principio. Os escribo á vosotros, mancebos, porque habéis vencido al maligno. Os escribo á vosotros, hijitos, porque habéis conocido al Padre."
      },
      {
        "book_name": "1 Johannes",
        "book": 62,
        "chapter": 2,
        "verse": 14,
        "text": "Os he escrito á vosotros, padres, porque habéis conocido al que es desde el principio. Os he escrito á vosotros, mancebos, porque sois fuertes, y la palabra de Dios mora en vosotros, y habéis vencido al maligno."
      },
      {
        "book_name": "1 Johannes",
        "book": 62,
        "chapter": 2,
        "verse": 15,
        "text": "No améis al mundo, ni las cosas que están en el mundo. Si alguno ama al mundo, el amor del Padre no está en él."
      },
      {
        "book_name": "1 Johannes",
        "book": 62,
        "chapter": 2,
        "verse": 16,
        "text": "Porque todo lo que hay en el mundo, la concupiscencia de la carne, y la concupiscencia de los ojos, y la soberbia de la vida, no es del Padre, mas es del mundo."
      },
      {
        "book_name": "1 Johannes",
        "book": 62,
        "chapter": 2,
        "verse": 17,
        "text": "Y el mundo se pasa, y su concupiscencia; mas el que hace la voluntad de Dios, permanece para siempre."
      },
      {
        "book_name": "1 Johannes",
        "book": 62,
        "chapter": 2,
        "verse": 18,
        "text": "Hijitos, ya es el último tiempo: y como vosotros habéis oído que el anticristo ha de venir, así también al presente han comenzado á ser muchos anticristos; por lo cual sabemos que es el último tiempo."
      },
      {
        "book_name": "1 Johannes",
        "book": 62,
        "chapter": 2,
        "verse": 19,
        "text": "Salieron de nosotros, mas no eran de nosotros; porque si fueran de nosotros, hubieran cierto permanecido con nosotros; pero salieron para que se manifestase que todos no son de nosotros."
      },
      {
        "book_name": "1 Johannes",
        "book": 62,
        "chapter": 2,
        "verse": 20,
        "text": "Mas vosotros tenéis la unción del Santo, y conocéis todas las cosas."
      },
      {
        "book_name": "1 Johannes",
        "book": 62,
        "chapter": 2,
        "verse": 21,
        "text": "No os he escrito como si ignoraseis la verdad, sino como á los que la conocéis, y que ninguna mentira es de la verdad."
      },
      {
        "book_name": "1 Johannes",
        "book": 62,
        "chapter": 2,
        "verse": 22,
        "text": "¿Quién es mentiroso, sino el que niega que Jesús es el Cristo? Este tal es anticristo, que niega al Padre y al Hijo."
      },
      {
        "book_name": "1 Johannes",
        "book": 62,
        "chapter": 2,
        "verse": 23,
        "text": "Cualquiera que niega al Hijo, este tal tampoco tiene al Padre. Cualquiera que confiese al Hijo tiene también al Padre."
      },
      {
        "book_name": "1 Johannes",
        "book": 62,
        "chapter": 2,
        "verse": 24,
        "text": "Pues lo que habéis oído desde el principio, sea permaneciente en vosotros. Si lo que habéis oído desde el principio fuere permaneciente en vosotros, también vosotros permaneceréis en el Hijo y en el Padre."
      },
      {
        "book_name": "1 Johannes",
        "book": 62,
        "chapter": 2,
        "verse": 25,
        "text": "Y esta es la promesa, la cual él nos prometió, la vida eterna."
      },
      {
        "book_name": "1 Johannes",
        "book": 62,
        "chapter": 2,
        "verse": 26,
        "text": "Os he escrito esto sobre los que os engañan."
      },
      {
        "book_name": "1 Johannes",
        "book": 62,
        "chapter": 2,
        "verse": 27,
        "text": "Pero la unción que vosotros habéis recibido de él, mora en vosotros, y no tenéis necesidad que ninguno os enseñe; mas como la unción misma os enseña de todas cosas, y es verdadera, y no es mentira, así como os ha enseñado, perseveraréis en él."
      },
      {
        "book_name": "1 Johannes",
        "book": 62,
        "chapter": 2,
        "verse": 28,
        "text": "Y ahora, hijitos, perseverad en él; para que cuando apareciere, tengamos confianza, y no seamos confundidos de él en su venida."
      },
      {
        "book_name": "1 Johannes",
        "book": 62,
        "chapter": 2,
        "verse": 29,
        "text": "Si sabéis que él es justo, sabed también que cualquiera que hace justicia, es nacido de él."
      }
    ],
    "3": [
      {
        "book_name": "1 Johannes",
        "book": 62,
        "chapter": 3,
        "verse": 1,
        "text": "1MIRAD cuál amor nos ha dado el Padre, que seamos llamados hijos de Dios: por esto el mundo no nos conoce, porque no le conoce á él. 2Muy amados, ahora somos hijos de Dios, y aun no se ha manifestado lo que hemos de ser; pero sabemos que cuando él apareciere, seremos semejantes á él, porque le veremos como él es. 3Y cualquiera que tiene esta esperanza en él, se purifica, como él también es limpio. 4Cualquiera que hace pecado, traspasa también la ley; pues el pecado es transgresión de la ley.  5Y sabéis que él apareció para quitar nuestros pecados, y no hay pecado en él.  6Cualquiera que permanece en él, no peca; cualquiera que peca, no le ha visto, ni le ha conocido.  7Hijitos, no os engañe ninguno: el que hace justicia, es justo, como él también es justo.  8El que hace pecado, es del diablo; porque el diablo peca desde el principio. Para esto apareció el Hijo de Dios, para deshacer las obras del diablo.  9Cualquiera que es nacido de Dios, no hace pecado, porque su simiente está en él; y no puede pecar, porque es nacido de Dios.  10En esto son manifiestos los hijos de Dios, y los hijos del diablo: cualquiera que no hace justicia, y que no ama á su hermano, no es de Dios.  11Porque, este es el mensaje que habéis oído desde el principio: Que nos amemos unos á otros.  12No como Caín, que era del maligno, y mató á su hermano. ¿Y por qué causa le mató? Porque sus obras eran malas, y las de su hermano justas.  13Hermanos míos, no os maravilléis si el mundo os aborrece.  14Nosotros sabemos que hemos pasado de muerte á vida, en que amamos á los hermanos. El que no ama á su hermano, está en muerte.  15Cualquiera que aborrece á su hermano, es homicida; y sabéis que ningún homicida tiene vida eterna permaneciente en sí.  16En esto hemos conocido el amor, porque él puso su vida por nosotros: también nosotros debemos poner nuestras vidas por los hermanos.  17Mas el que tuviere bienes de este mundo, y viere á su hermano tener necesidad, y le cerrare sus entrañas, ¿cómo está el amor de Dios en él?  18Hijitos míos, no amemos de palabra ni de lengua, sino de obra y en verdad.  19Y en esto conocemos que somos de la verdad, y tenemos nuestros corazones certificados delante de él.  20Porque si nuestro corazón nos reprendiere, mayor es Dios que nuestro corazón, y conoce todas las cosas.  21Carísimos, si nuestro corazón no nos reprende, confianza tenemos en Dios;  22Y cualquier cosa que pidiéremos, la recibiremos de él, porque guardamos sus mandamientos, y hacemos las cosas que son agradables delante de él.  23Y éste es su mandamiento: Que creamos en el nombre de su Hijo Jesucristo, y nos amemos unos á otros como nos lo ha mandado.  24Y el que guarda sus mandamientos, está en él, y él en él. Y en esto sabemos que él permanece en nosotros, por el Espíritu que nos ha dado."
      },
      {
        "book_name": "1 Johannes",
        "book": 62,
        "chapter": 3,
        "verse": 1,
        "text": "MIRAD cuál amor nos ha dado el Padre, que seamos llamados hijos de Dios: por esto el mundo no nos conoce, porque no le conoce á él."
      },
      {
        "book_name": "1 Johannes",
        "book": 62,
        "chapter": 3,
        "verse": 2,
        "text": "Muy amados, ahora somos hijos de Dios, y aun no se ha manifestado lo que hemos de ser; pero sabemos que cuando él apareciere, seremos semejantes á él, porque le veremos como él es."
      },
      {
        "book_name": "1 Johannes",
        "book": 62,
        "chapter": 3,
        "verse": 3,
        "text": "Y cualquiera que tiene esta esperanza en él, se purifica, como él también es limpio."
      },
      {
        "book_name": "1 Johannes",
        "book": 62,
        "chapter": 3,
        "verse": 4,
        "text": "Cualquiera que hace pecado, traspasa también la ley; pues el pecado es transgresión de la ley."
      },
      {
        "book_name": "1 Johannes",
        "book": 62,
        "chapter": 3,
        "verse": 5,
        "text": "Y sabéis que él apareció para quitar nuestros pecados, y no hay pecado en él."
      },
      {
        "book_name": "1 Johannes",
        "book": 62,
        "chapter": 3,
        "verse": 6,
        "text": "Cualquiera que permanece en él, no peca; cualquiera que peca, no le ha visto, ni le ha conocido."
      },
      {
        "book_name": "1 Johannes",
        "book": 62,
        "chapter": 3,
        "verse": 7,
        "text": "Hijitos, no os engañe ninguno: el que hace justicia, es justo, como él también es justo."
      },
      {
        "book_name": "1 Johannes",
        "book": 62,
        "chapter": 3,
        "verse": 8,
        "text": "El que hace pecado, es del diablo; porque el diablo peca desde el principio. Para esto apareció el Hijo de Dios, para deshacer las obras del diablo."
      },
      {
        "book_name": "1 Johannes",
        "book": 62,
        "chapter": 3,
        "verse": 9,
        "text": "Cualquiera que es nacido de Dios, no hace pecado, porque su simiente está en él; y no puede pecar, porque es nacido de Dios."
      },
      {
        "book_name": "1 Johannes",
        "book": 62,
        "chapter": 3,
        "verse": 10,
        "text": "En esto son manifiestos los hijos de Dios, y los hijos del diablo: cualquiera que no hace justicia, y que no ama á su hermano, no es de Dios."
      },
      {
        "book_name": "1 Johannes",
        "book": 62,
        "chapter": 3,
        "verse": 11,
        "text": "Porque, este es el mensaje que habéis oído desde el principio: Que nos amemos unos á otros."
      },
      {
        "book_name": "1 Johannes",
        "book": 62,
        "chapter": 3,
        "verse": 12,
        "text": "No como Caín, que era del maligno, y mató á su hermano. ¿Y por qué causa le mató? Porque sus obras eran malas, y las de su hermano justas."
      },
      {
        "book_name": "1 Johannes",
        "book": 62,
        "chapter": 3,
        "verse": 13,
        "text": "Hermanos míos, no os maravilléis si el mundo os aborrece."
      },
      {
        "book_name": "1 Johannes",
        "book": 62,
        "chapter": 3,
        "verse": 14,
        "text": "Nosotros sabemos que hemos pasado de muerte á vida, en que amamos á los hermanos. El que no ama á su hermano, está en muerte."
      },
      {
        "book_name": "1 Johannes",
        "book": 62,
        "chapter": 3,
        "verse": 15,
        "text": "Cualquiera que aborrece á su hermano, es homicida; y sabéis que ningún homicida tiene vida eterna permaneciente en sí."
      },
      {
        "book_name": "1 Johannes",
        "book": 62,
        "chapter": 3,
        "verse": 16,
        "text": "En esto hemos conocido el amor, porque él puso su vida por nosotros: también nosotros debemos poner nuestras vidas por los hermanos."
      },
      {
        "book_name": "1 Johannes",
        "book": 62,
        "chapter": 3,
        "verse": 17,
        "text": "Mas el que tuviere bienes de este mundo, y viere á su hermano tener necesidad, y le cerrare sus entrañas, ¿cómo está el amor de Dios en él?"
      },
      {
        "book_name": "1 Johannes",
        "book": 62,
        "chapter": 3,
        "verse": 18,
        "text": "Hijitos míos, no amemos de palabra ni de lengua, sino de obra y en verdad."
      },
      {
        "book_name": "1 Johannes",
        "book": 62,
        "chapter": 3,
        "verse": 19,
        "text": "Y en esto conocemos que somos de la verdad, y tenemos nuestros corazones certificados delante de él."
      },
      {
        "book_name": "1 Johannes",
        "book": 62,
        "chapter": 3,
        "verse": 20,
        "text": "Porque si nuestro corazón nos reprendiere, mayor es Dios que nuestro corazón, y conoce todas las cosas."
      },
      {
        "book_name": "1 Johannes",
        "book": 62,
        "chapter": 3,
        "verse": 21,
        "text": "Carísimos, si nuestro corazón no nos reprende, confianza tenemos en Dios;"
      },
      {
        "book_name": "1 Johannes",
        "book": 62,
        "chapter": 3,
        "verse": 22,
        "text": "Y cualquier cosa que pidiéremos, la recibiremos de él, porque guardamos sus mandamientos, y hacemos las cosas que son agradables delante de él."
      },
      {
        "book_name": "1 Johannes",
        "book": 62,
        "chapter": 3,
        "verse": 23,
        "text": "Y éste es su mandamiento: Que creamos en el nombre de su Hijo Jesucristo, y nos amemos unos á otros como nos lo ha mandado."
      },
      {
        "book_name": "1 Johannes",
        "book": 62,
        "chapter": 3,
        "verse": 24,
        "text": "Y el que guarda sus mandamientos, está en él, y él en él. Y en esto sabemos que él permanece en nosotros, por el Espíritu que nos ha dado."
      }
    ],
    "4": [
      {
        "book_name": "1 Johannes",
        "book": 62,
        "chapter": 4,
        "verse": 1,
        "text": "1AMADOS, no creáis á todo espíritu, sino probad los espíritus si son de Dios; porque muchos falsos profetas son salidos en el mundo. 2En esto conoced el Espíritu de Dios: todo espíritu que confiesa que Jesucristo es venido en carne es de Dios: 3Y todo espíritu que no confiesa que Jesucristo es venido en carne, no es de Dios: y éste es el espíritu del anticristo, del cual vosotros habéis oído que ha de venir, y que ahora ya está en el mundo. 4Hijitos, vosotros sois de Dios, y los habéis vencido; porque el que en vosotros está, es mayor que el que está en el mundo.  5Ellos son del mundo; por eso hablan del mundo, y el mundo los oye.  6Nosotros somos de Dios: el que conoce á Dios, nos oye: el que no es de Dios, no nos oye. Por esto conocemos el espíritu de verdad y el espíritu de error.  7Carísimos, amémonos unos á otros; porque el amor es de Dios. Cualquiera que ama, es nacido de Dios, y conoce á Dios.  8El que no ama, no conoce á Dios; porque Dios es amor.  9En esto se mostró el amor de Dios para con nosotros, en que Dios envió á su Hijo unigénito al mundo, para que vivamos por él.  10En esto consiste el amor: no que nosotros hayamos amado á Dios, sino que él nos amó á nosotros, y ha enviado á su Hijo en propiciación por nuestros pecados.  11Amados, si Dios así nos ha amado, debemos también nosotros amarnos unos á otros.  12Ninguno vió jamás á Dios. Si nos amamos unos á otros, Dios está en nosotros, y su amor es perfecto en nosotros:  13En esto conocemos que estamos en él, y él en nosotros, en que nos ha dado de su Espíritu.  14Y nosotros hemos visto y testificamos que el Padre ha enviado al Hijo para ser Salvador del mundo.  15Cualquiera que confesare que Jesús es el Hijo de Dios, Dios está en él, y él en Dios.  16Y nosotros hemos conocido y creído el amor que Dios tiene para con nosotros. Dios es amor; y el que vive en amor, vive en Dios, y Dios en él.  17En esto es perfecto el amor con nosotros, para que tengamos confianza en el día del juicio; pues como él es, así somos nosotros en este mundo.  18En amor no hay temor; mas el perfecto amor echa fuera el temor: porque el temor tiene pena. De donde el que teme, no está perfecto en el amor.  19Nosotros le amamos á él, porque él nos amó primero.  20Si alguno dice, Yo amo á Dios, y aborrece á su hermano, es mentiroso. Porque el que no ama á su hermano al cual ha visto, ¿cómo puede amar á Dios á quien no ha visto?  21Y nosotros tenemos este mandamiento de él: Que el que ama á Dios, ame también á su hermano."
      },
      {
        "book_name": "1 Johannes",
        "book": 62,
        "chapter": 4,
        "verse": 1,
        "text": "AMADOS, no creáis á todo espíritu, sino probad los espíritus si son de Dios; porque muchos falsos profetas son salidos en el mundo."
      },
      {
        "book_name": "1 Johannes",
        "book": 62,
        "chapter": 4,
        "verse": 2,
        "text": "En esto conoced el Espíritu de Dios: todo espíritu que confiesa que Jesucristo es venido en carne es de Dios:"
      },
      {
        "book_name": "1 Johannes",
        "book": 62,
        "chapter": 4,
        "verse": 3,
        "text": "Y todo espíritu que no confiesa que Jesucristo es venido en carne, no es de Dios: y éste es el espíritu del anticristo, del cual vosotros habéis oído que ha de venir, y que ahora ya está en el mundo."
      },
      {
        "book_name": "1 Johannes",
        "book": 62,
        "chapter": 4,
        "verse": 4,
        "text": "Hijitos, vosotros sois de Dios, y los habéis vencido; porque el que en vosotros está, es mayor que el que está en el mundo."
      },
      {
        "book_name": "1 Johannes",
        "book": 62,
        "chapter": 4,
        "verse": 5,
        "text": "Ellos son del mundo; por eso hablan del mundo, y el mundo los oye."
      },
      {
        "book_name": "1 Johannes",
        "book": 62,
        "chapter": 4,
        "verse": 6,
        "text": "Nosotros somos de Dios: el que conoce á Dios, nos oye: el que no es de Dios, no nos oye. Por esto conocemos el espíritu de verdad y el espíritu de error."
      },
      {
        "book_name": "1 Johannes",
        "book": 62,
        "chapter": 4,
        "verse": 7,
        "text": "Carísimos, amémonos unos á otros; porque el amor es de Dios. Cualquiera que ama, es nacido de Dios, y conoce á Dios."
      },
      {
        "book_name": "1 Johannes",
        "book": 62,
        "chapter": 4,
        "verse": 8,
        "text": "El que no ama, no conoce á Dios; porque Dios es amor."
      },
      {
        "book_name": "1 Johannes",
        "book": 62,
        "chapter": 4,
        "verse": 9,
        "text": "En esto se mostró el amor de Dios para con nosotros, en que Dios envió á su Hijo unigénito al mundo, para que vivamos por él."
      },
      {
        "book_name": "1 Johannes",
        "book": 62,
        "chapter": 4,
        "verse": 10,
        "text": "En esto consiste el amor: no que nosotros hayamos amado á Dios, sino que él nos amó á nosotros, y ha enviado á su Hijo en propiciación por nuestros pecados."
      },
      {
        "book_name": "1 Johannes",
        "book": 62,
        "chapter": 4,
        "verse": 11,
        "text": "Amados, si Dios así nos ha amado, debemos también nosotros amarnos unos á otros."
      },
      {
        "book_name": "1 Johannes",
        "book": 62,
        "chapter": 4,
        "verse": 12,
        "text": "Ninguno vió jamás á Dios. Si nos amamos unos á otros, Dios está en nosotros, y su amor es perfecto en nosotros:"
      },
      {
        "book_name": "1 Johannes",
        "book": 62,
        "chapter": 4,
        "verse": 13,
        "text": "En esto conocemos que estamos en él, y él en nosotros, en que nos ha dado de su Espíritu."
      },
      {
        "book_name": "1 Johannes",
        "book": 62,
        "chapter": 4,
        "verse": 14,
        "text": "Y nosotros hemos visto y testificamos que el Padre ha enviado al Hijo para ser Salvador del mundo."
      },
      {
        "book_name": "1 Johannes",
        "book": 62,
        "chapter": 4,
        "verse": 15,
        "text": "Cualquiera que confesare que Jesús es el Hijo de Dios, Dios está en él, y él en Dios."
      },
      {
        "book_name": "1 Johannes",
        "book": 62,
        "chapter": 4,
        "verse": 16,
        "text": "Y nosotros hemos conocido y creído el amor que Dios tiene para con nosotros. Dios es amor; y el que vive en amor, vive en Dios, y Dios en él."
      },
      {
        "book_name": "1 Johannes",
        "book": 62,
        "chapter": 4,
        "verse": 17,
        "text": "En esto es perfecto el amor con nosotros, para que tengamos confianza en el día del juicio; pues como él es, así somos nosotros en este mundo."
      },
      {
        "book_name": "1 Johannes",
        "book": 62,
        "chapter": 4,
        "verse": 18,
        "text": "En amor no hay temor; mas el perfecto amor echa fuera el temor: porque el temor tiene pena. De donde el que teme, no está perfecto en el amor."
      },
      {
        "book_name": "1 Johannes",
        "book": 62,
        "chapter": 4,
        "verse": 19,
        "text": "Nosotros le amamos á él, porque él nos amó primero."
      },
      {
        "book_name": "1 Johannes",
        "book": 62,
        "chapter": 4,
        "verse": 20,
        "text": "Si alguno dice, Yo amo á Dios, y aborrece á su hermano, es mentiroso. Porque el que no ama á su hermano al cual ha visto, ¿cómo puede amar á Dios á quien no ha visto?"
      },
      {
        "book_name": "1 Johannes",
        "book": 62,
        "chapter": 4,
        "verse": 21,
        "text": "Y nosotros tenemos este mandamiento de él: Que el que ama á Dios, ame también á su hermano."
      }
    ],
    "5": [
      {
        "book_name": "1 Johannes",
        "book": 62,
        "chapter": 5,
        "verse": 1,
        "text": "1TODO aquel que cree que Jesús es el Cristo, es nacido de Dios: y cualquiera que ama al que ha engendrado, ama también al que es nacido de él. 2En esto conocemos que amamos á los hijos de Dios, cuando amamos á Dios, y guardamos sus mandamientos. 3Porque este es el amor de Dios, que guardemos sus mandamientos; y sus mandamientos no son penosos. 4Porque todo aquello que es nacido de Dios vence al mundo: y esta es la victoria que vence al mundo, nuestra fe. 5¿Quién es el que vence al mundo, sino el que cree que Jesús es el Hijo de Dios? 6Este es Jesucristo, que vino por agua y sangre: no por agua solamente, sino por agua y sangre. Y el Espíritu es el que da testimonio: porque el Espírtiu es la verdad.  7Porque tres son los que dan testimonio en el cielo, el Padre, el Verbo, y el Espíritu Santo: y estos tres son uno.  8Y tres son los que dan testimonio en la tierra, el Espíritu, y el agua, y la sangre: y estos tres concuerdan en uno.  9Si recibimos el testimonio de los hombres, el testimonio de Dios es mayor; porque éste es el testimonio de Dios, que ha testificado de su Hijo.  10El que cree en el Hijo de Dios, tiene el testimonio en sí mismo: el que no cree á Dios, le ha hecho mentiroso; porque no ha creído en el testimonio que Dios ha testificado de su Hijo.  11Y este es el testimonio: Que Dios nos ha dado vida eterna; y esta vida está en su Hijo.  12El que tiene al Hijo, tiene al vida: el que no tiene la Hijo de Dios, no tiene la vida.  13Estas cosas he escrito á vosotros que creéis en el nombre del Hijo de Dios, para que sepáis que tenéis vida eterna, y para que creáis en el nombre del Hijo de Dios.  14Y esta es la confianza que tenemos en él, que si demandáremos alguna cosa conforme á su voluntad, él nos oye.  15Y si sabemos que él nos oye en cualquiera cosa que demandáremos, sabemos que tenemos las peticiones que le hubiéremos demandado.  16Si alguno viere cometer á su hermano pecado no de muerte, demandará y se le dará vida; digo á los que pecan no de muerte. Hay pecado de muerte, por el cual yo no digo que ruegue.  17Toda maldad es pecado; mas hay pecado no de muerte.  18Sabemos que cualquiera que es nacido de Dios, no peca; mas el que es engendrado de Dios, se guarda á sí mismo, y el maligno no le toca.  19Sabemos que somos de Dios, y todo el mundo está puesto en maldad.  20Empero sabemos que el Hijo de Dios es venido, y nos ha dado entendimiento para conocer al que es verdadero: y estamos en el verdadero, en su Hijo Jesucristo. Este es el verdadero Dios, y la vida eterna.  21Hijitos, guardaos de los ídolos. Amén."
      },
      {
        "book_name": "1 Johannes",
        "book": 62,
        "chapter": 5,
        "verse": 1,
        "text": "TODO aquel que cree que Jesús es el Cristo, es nacido de Dios: y cualquiera que ama al que ha engendrado, ama también al que es nacido de él."
      },
      {
        "book_name": "1 Johannes",
        "book": 62,
        "chapter": 5,
        "verse": 2,
        "text": "En esto conocemos que amamos á los hijos de Dios, cuando amamos á Dios, y guardamos sus mandamientos."
      },
      {
        "book_name": "1 Johannes",
        "book": 62,
        "chapter": 5,
        "verse": 3,
        "text": "Porque este es el amor de Dios, que guardemos sus mandamientos; y sus mandamientos no son penosos."
      },
      {
        "book_name": "1 Johannes",
        "book": 62,
        "chapter": 5,
        "verse": 4,
        "text": "Porque todo aquello que es nacido de Dios vence al mundo: y esta es la victoria que vence al mundo, nuestra fe."
      },
      {
        "book_name": "1 Johannes",
        "book": 62,
        "chapter": 5,
        "verse": 5,
        "text": "¿Quién es el que vence al mundo, sino el que cree que Jesús es el Hijo de Dios?"
      },
      {
        "book_name": "1 Johannes",
        "book": 62,
        "chapter": 5,
        "verse": 6,
        "text": "Este es Jesucristo, que vino por agua y sangre: no por agua solamente, sino por agua y sangre. Y el Espíritu es el que da testimonio: porque el Espírtiu es la verdad."
      },
      {
        "book_name": "1 Johannes",
        "book": 62,
        "chapter": 5,
        "verse": 7,
        "text": "Porque tres son los que dan testimonio en el cielo, el Padre, el Verbo, y el Espíritu Santo: y estos tres son uno."
      },
      {
        "book_name": "1 Johannes",
        "book": 62,
        "chapter": 5,
        "verse": 8,
        "text": "Y tres son los que dan testimonio en la tierra, el Espíritu, y el agua, y la sangre: y estos tres concuerdan en uno."
      },
      {
        "book_name": "1 Johannes",
        "book": 62,
        "chapter": 5,
        "verse": 9,
        "text": "Si recibimos el testimonio de los hombres, el testimonio de Dios es mayor; porque éste es el testimonio de Dios, que ha testificado de su Hijo."
      },
      {
        "book_name": "1 Johannes",
        "book": 62,
        "chapter": 5,
        "verse": 10,
        "text": "El que cree en el Hijo de Dios, tiene el testimonio en sí mismo: el que no cree á Dios, le ha hecho mentiroso; porque no ha creído en el testimonio que Dios ha testificado de su Hijo."
      },
      {
        "book_name": "1 Johannes",
        "book": 62,
        "chapter": 5,
        "verse": 11,
        "text": "Y este es el testimonio: Que Dios nos ha dado vida eterna; y esta vida está en su Hijo."
      },
      {
        "book_name": "1 Johannes",
        "book": 62,
        "chapter": 5,
        "verse": 12,
        "text": "El que tiene al Hijo, tiene al vida: el que no tiene la Hijo de Dios, no tiene la vida."
      },
      {
        "book_name": "1 Johannes",
        "book": 62,
        "chapter": 5,
        "verse": 13,
        "text": "Estas cosas he escrito á vosotros que creéis en el nombre del Hijo de Dios, para que sepáis que tenéis vida eterna, y para que creáis en el nombre del Hijo de Dios."
      },
      {
        "book_name": "1 Johannes",
        "book": 62,
        "chapter": 5,
        "verse": 14,
        "text": "Y esta es la confianza que tenemos en él, que si demandáremos alguna cosa conforme á su voluntad, él nos oye."
      },
      {
        "book_name": "1 Johannes",
        "book": 62,
        "chapter": 5,
        "verse": 15,
        "text": "Y si sabemos que él nos oye en cualquiera cosa que demandáremos, sabemos que tenemos las peticiones que le hubiéremos demandado."
      },
      {
        "book_name": "1 Johannes",
        "book": 62,
        "chapter": 5,
        "verse": 16,
        "text": "Si alguno viere cometer á su hermano pecado no de muerte, demandará y se le dará vida; digo á los que pecan no de muerte. Hay pecado de muerte, por el cual yo no digo que ruegue."
      },
      {
        "book_name": "1 Johannes",
        "book": 62,
        "chapter": 5,
        "verse": 17,
        "text": "Toda maldad es pecado; mas hay pecado no de muerte."
      },
      {
        "book_name": "1 Johannes",
        "book": 62,
        "chapter": 5,
        "verse": 18,
        "text": "Sabemos que cualquiera que es nacido de Dios, no peca; mas el que es engendrado de Dios, se guarda á sí mismo, y el maligno no le toca."
      },
      {
        "book_name": "1 Johannes",
        "book": 62,
        "chapter": 5,
        "verse": 19,
        "text": "Sabemos que somos de Dios, y todo el mundo está puesto en maldad."
      },
      {
        "book_name": "1 Johannes",
        "book": 62,
        "chapter": 5,
        "verse": 20,
        "text": "Empero sabemos que el Hijo de Dios es venido, y nos ha dado entendimiento para conocer al que es verdadero: y estamos en el verdadero, en su Hijo Jesucristo. Este es el verdadero Dios, y la vida eterna."
      },
      {
        "book_name": "1 Johannes",
        "book": 62,
        "chapter": 5,
        "verse": 21,
        "text": "Hijitos, guardaos de los ídolos. Amén."
      }
    ]
  }
}