{
  "source": "bible.com",
  "version": "Reina Valera (1602)",
  "book": "1 Thessalonicenzen",
  "chapters": {
    "1": [
      {
        "book_name": "1 Thessalonicenzen",
        "book": 52,
        "chapter": 1,
        "verse": 1,
        "text": "1PABLO, y Silvano, y Timoteo, á la iglesia de los Tesalonicenses que es en Dios Padre y en el Señor Jesucristo: Gracia y paz á vosotros de Dios nuestro Padre y del Señor Jesucristo. 2Damos siempre gracias á Dios por todos vosotros, haciendo memoria de vosotros en nuestras oraciones;  3Sin cesar acordándonos delante del Dios y Padre nuestro de la obra de vuestra fe, y del trabajo de amor, y de la tolerancia de la esperanza del Señor nuestro Jesucristo:  4Sabiendo, hermanos amados de Dios, vuestra elección:  5Por cuanto nuestro evangelio no fué á vosotros en palabra solamente, mas también en potencia, y en Espíritu Santo, y en gran plenitud; como sabéis cuáles fuimos entre vosotros por amor de vosotros.  6Y vosotros fuisteis hechos imitadores de nosotros, y del Señor, recibiendo la palabra con mucha tribulación, con gozo del Espíritu Santo:  7En tal manera que habéis sido ejemplo á todos los que han creído en Macedonia y en Acaya.  8Porque de vosotros ha sido divulgada la palabra del Señor no sólo en Macedonia y en Acaya, mas aun en todo lugar vuestra fe en Dios se ha extendido; de modo que no tenemos necesidad de hablar nada.  9Porque ellos cuentan de nosotros cuál entrada tuvimos á vosotros; y cómo os convertisteis de los ídolos á Dios, para servir al Dios vivo y verdadero.  10Y esperar á su Hijo de los cielos, al cual resucitó de los muertos; á Jesús, el cual nos libró de la ira que ha de venir."
      },
      {
        "book_name": "1 Thessalonicenzen",
        "book": 52,
        "chapter": 1,
        "verse": 1,
        "text": "PABLO, y Silvano, y Timoteo, á la iglesia de los Tesalonicenses que es en Dios Padre y en el Señor Jesucristo: Gracia y paz á vosotros de Dios nuestro Padre y del Señor Jesucristo."
      },
      {
        "book_name": "1 Thessalonicenzen",
        "book": 52,
        "chapter": 1,
        "verse": 2,
        "text": "Damos siempre gracias á Dios por todos vosotros, haciendo memoria de vosotros en nuestras oraciones;"
      },
      {
        "book_name": "1 Thessalonicenzen",
        "book": 52,
        "chapter": 1,
        "verse": 3,
        "text": "Sin cesar acordándonos delante del Dios y Padre nuestro de la obra de vuestra fe, y del trabajo de amor, y de la tolerancia de la esperanza del Señor nuestro Jesucristo:"
      },
      {
        "book_name": "1 Thessalonicenzen",
        "book": 52,
        "chapter": 1,
        "verse": 4,
        "text": "Sabiendo, hermanos amados de Dios, vuestra elección:"
      },
      {
        "book_name": "1 Thessalonicenzen",
        "book": 52,
        "chapter": 1,
        "verse": 5,
        "text": "Por cuanto nuestro evangelio no fué á vosotros en palabra solamente, mas también en potencia, y en Espíritu Santo, y en gran plenitud; como sabéis cuáles fuimos entre vosotros por amor de vosotros."
      },
      {
        "book_name": "1 Thessalonicenzen",
        "book": 52,
        "chapter": 1,
        "verse": 6,
        "text": "Y vosotros fuisteis hechos imitadores de nosotros, y del Señor, recibiendo la palabra con mucha tribulación, con gozo del Espíritu Santo:"
      },
      {
        "book_name": "1 Thessalonicenzen",
        "book": 52,
        "chapter": 1,
        "verse": 7,
        "text": "En tal manera que habéis sido ejemplo á todos los que han creído en Macedonia y en Acaya."
      },
      {
        "book_name": "1 Thessalonicenzen",
        "book": 52,
        "chapter": 1,
        "verse": 8,
        "text": "Porque de vosotros ha sido divulgada la palabra del Señor no sólo en Macedonia y en Acaya, mas aun en todo lugar vuestra fe en Dios se ha extendido; de modo que no tenemos necesidad de hablar nada."
      },
      {
        "book_name": "1 Thessalonicenzen",
        "book": 52,
        "chapter": 1,
        "verse": 9,
        "text": "Porque ellos cuentan de nosotros cuál entrada tuvimos á vosotros; y cómo os convertisteis de los ídolos á Dios, para servir al Dios vivo y verdadero."
      },
      {
        "book_name": "1 Thessalonicenzen",
        "book": 52,
        "chapter": 1,
        "verse": 10,
        "text": "Y esperar á su Hijo de los cielos, al cual resucitó de los muertos; á Jesús, el cual nos libró de la ira que ha de venir."
      }
    ],
    "2": [
      {
        "book_name": "1 Thessalonicenzen",
        "book": 52,
        "chapter": 2,
        "verse": 1,
        "text": "1PORQUE, hermanos, vosotros mismos sabéis que nuestra entrada á vosotros no fué vana: 2Pues aun habiendo padecido antes, y sido afrentados en Filipos, como sabéis, tuvimos denuedo en Dios nuestro para anunciaros el evangelio de Dios con gran combate. 3Porque nuestra exhortación no fué de error, ni de inmundicia, ni por engaño; 4Sino según fuimos aprobados de Dios para que se nos encargase el evangelio, así hablamos; no como los que agradan á los hombres, sino á Dios, el cual prueba nuestros corazones. 5Porque nunca fuimos lisonjeros en la palabra, como sabéis, ni tocados de avaricia; Dios es testigo; 6Ni buscamos de los hombres gloria, ni de vosotros, ni de otros, aunque podíamos seros carga como apóstoles de Cristo. 7Antes fuimos blandos entre vosotros como la que cría, que regala á sus hijos:  8Tan amadores de vosotros, que quisiéramos entregaros no sólo el evangelio de Dios, mas aun nuestras propias almas; porque nos erais carísimos.  9Porque ya, hermanos, os acordáis de nuestro trabajo y fatiga: que trabajando de noche y de día por no ser gravosos á ninguno de vosotros, os predicamos el evangelio de Dios.  10Vosotros sois testigos, y Dios, de cuán santa y justa é irreprensiblemente nos condujimos con vosotros que creísteis:  11Así como sabéis de qué modo exhortábamos y consolábamos á cada uno de vosotros, como el padre á sus hijos,  12Y os protestábamos que anduvieseis como es digno de Dios, que os llamó á su reino y gloria.  13Por lo cual, también nosotros damos gracias á Dios sin cesar, de que habiendo recibido la palabra de Dios que oísteis de nosotros, recibisteis no palabra de hombres, sino según es en verdad, la palabra de Dios, el cual obra en vosotros los que creísteis.  14Porque vosotros, hermanos, habéis sido imitadores de las iglesias de Dios en Cristo Jesús que están en Judea; pues habéis padecido también vosotros las mismas cosas de los de vuestra propia nación, como también ellos de los Judíos;  15Los cuales aun mataron al Señor Jesús y á sus propios profetas, y á nosotros nos han perseguido; y no agradan á Dios, y se oponen á todos los hombres;  16Prohibiéndonos hablar á los Gentiles, á fin de que se salven, para henchir la medida de sus pecados siempre: pues vino sobre ellos la ira hasta el extremo.  17Mas nosotros, hermanos, privados de vosotros por un poco de tiempo, de vista, no de corazón, tanto más procuramos con mucho deseo ver vuestro rostro.  18Por lo cual quisimos ir á vosotros, yo Pablo á la verdad, una vez y otra; mas Satanás nos embarazó.  19Porque ¿cuál es nuestra esperanza, ó gozo, ó corona de que me gloríe? ¿No sois vosotros, delante de nuestro Señor Jesucristo en su venida?  20Que vosotros sois nuestra gloria y gozo."
      },
      {
        "book_name": "1 Thessalonicenzen",
        "book": 52,
        "chapter": 2,
        "verse": 1,
        "text": "PORQUE, hermanos, vosotros mismos sabéis que nuestra entrada á vosotros no fué vana:"
      },
      {
        "book_name": "1 Thessalonicenzen",
        "book": 52,
        "chapter": 2,
        "verse": 2,
        "text": "Pues aun habiendo padecido antes, y sido afrentados en Filipos, como sabéis, tuvimos denuedo en Dios nuestro para anunciaros el evangelio de Dios con gran combate."
      },
      {
        "book_name": "1 Thessalonicenzen",
        "book": 52,
        "chapter": 2,
        "verse": 3,
        "text": "Porque nuestra exhortación no fué de error, ni de inmundicia, ni por engaño;"
      },
      {
        "book_name": "1 Thessalonicenzen",
        "book": 52,
        "chapter": 2,
        "verse": 4,
        "text": "Sino según fuimos aprobados de Dios para que se nos encargase el evangelio, así hablamos; no como los que agradan á los hombres, sino á Dios, el cual prueba nuestros corazones."
      },
      {
        "book_name": "1 Thessalonicenzen",
        "book": 52,
        "chapter": 2,
        "verse": 5,
        "text": "Porque nunca fuimos lisonjeros en la palabra, como sabéis, ni tocados de avaricia; Dios es testigo;"
      },
      {
        "book_name": "1 Thessalonicenzen",
        "book": 52,
        "chapter": 2,
        "verse": 6,
        "text": "Ni buscamos de los hombres gloria, ni de vosotros, ni de otros, aunque podíamos seros carga como apóstoles de Cristo."
      },
      {
        "book_name": "1 Thessalonicenzen",
        "book": 52,
        "chapter": 2,
        "verse": 7,
        "text": "Antes fuimos blandos entre vosotros como la que cría, que regala á sus hijos:"
      },
      {
        "book_name": "1 Thessalonicenzen",
        "book": 52,
        "chapter": 2,
        "verse": 8,
        "text": "Tan amadores de vosotros, que quisiéramos entregaros no sólo el evangelio de Dios, mas aun nuestras propias almas; porque nos erais carísimos."
      },
      {
        "book_name": "1 Thessalonicenzen",
        "book": 52,
        "chapter": 2,
        "verse": 9,
        "text": "Porque ya, hermanos, os acordáis de nuestro trabajo y fatiga: que trabajando de noche y de día por no ser gravosos á ninguno de vosotros, os predicamos el evangelio de Dios."
      },
      {
        "book_name": "1 Thessalonicenzen",
        "book": 52,
        "chapter": 2,
        "verse": 10,
        "text": "Vosotros sois testigos, y Dios, de cuán santa y justa é irreprensiblemente nos condujimos con vosotros que creísteis:"
      },
      {
        "book_name": "1 Thessalonicenzen",
        "book": 52,
        "chapter": 2,
        "verse": 11,
        "text": "Así como sabéis de qué modo exhortábamos y consolábamos á cada uno de vosotros, como el padre á sus hijos,"
      },
      {
        "book_name": "1 Thessalonicenzen",
        "book": 52,
        "chapter": 2,
        "verse": 12,
        "text": "Y os protestábamos que anduvieseis como es digno de Dios, que os llamó á su reino y gloria."
      },
      {
        "book_name": "1 Thessalonicenzen",
        "book": 52,
        "chapter": 2,
        "verse": 13,
        "text": "Por lo cual, también nosotros damos gracias á Dios sin cesar, de que habiendo recibido la palabra de Dios que oísteis de nosotros, recibisteis no palabra de hombres, sino según es en verdad, la palabra de Dios, el cual obra en vosotros los que creísteis."
      },
      {
        "book_name": "1 Thessalonicenzen",
        "book": 52,
        "chapter": 2,
        "verse": 14,
        "text": "Porque vosotros, hermanos, habéis sido imitadores de las iglesias de Dios en Cristo Jesús que están en Judea; pues habéis padecido también vosotros las mismas cosas de los de vuestra propia nación, como también ellos de los Judíos;"
      },
      {
        "book_name": "1 Thessalonicenzen",
        "book": 52,
        "chapter": 2,
        "verse": 15,
        "text": "Los cuales aun mataron al Señor Jesús y á sus propios profetas, y á nosotros nos han perseguido; y no agradan á Dios, y se oponen á todos los hombres;"
      },
      {
        "book_name": "1 Thessalonicenzen",
        "book": 52,
        "chapter": 2,
        "verse": 16,
        "text": "Prohibiéndonos hablar á los Gentiles, á fin de que se salven, para henchir la medida de sus pecados siempre: pues vino sobre ellos la ira hasta el extremo."
      },
      {
        "book_name": "1 Thessalonicenzen",
        "book": 52,
        "chapter": 2,
        "verse": 17,
        "text": "Mas nosotros, hermanos, privados de vosotros por un poco de tiempo, de vista, no de corazón, tanto más procuramos con mucho deseo ver vuestro rostro."
      },
      {
        "book_name": "1 Thessalonicenzen",
        "book": 52,
        "chapter": 2,
        "verse": 18,
        "text": "Por lo cual quisimos ir á vosotros, yo Pablo á la verdad, una vez y otra; mas Satanás nos embarazó."
      },
      {
        "book_name": "1 Thessalonicenzen",
        "book": 52,
        "chapter": 2,
        "verse": 19,
        "text": "Porque ¿cuál es nuestra esperanza, ó gozo, ó corona de que me gloríe? ¿No sois vosotros, delante de nuestro Señor Jesucristo en su venida?"
      },
      {
        "book_name": "1 Thessalonicenzen",
        "book": 52,
        "chapter": 2,
        "verse": 20,
        "text": "Que vosotros sois nuestra gloria y gozo."
      }
    ],
    "3": [
      {
        "book_name": "1 Thessalonicenzen",
        "book": 52,
        "chapter": 3,
        "verse": 1,
        "text": "1POR lo cual, no pudiendo esperar más, acordamos quedarnos solos en Atenas, 2Y enviamos á Timoteo, nuestro hermano, y ministro de Dios, y colaborador nuestro en el evangelio de Cristo, á confirmaros y exhortaros en vuestra fe, 3Para que nadie se conmueva por estas tribulaciones; porque vosotros sabéis que nosotros somos puestos para esto. 4Que aun estando con vosotros, os predecíamos que habíamos de pasar tribulaciones, como ha acontecido y sabéis. 5Por lo cual, también yo, no esperando más, he enviado á reconocer vuestra fe, no sea que os haya tentado el tentador, y que nuestro trabajo haya sido en vano. 6Empero volviendo de vosotros á nosotros Timoteo, y haciéndonos saber vuestra fe y caridad, y que siempre tenéis buena memoria de nosotros, deseando vernos, como también nosotros á vosotros,  7En ello, hermanos, recibimos consolación de vosotros en toda nuestra necesidad y aflicción por causa de vuestra fe:  8Porque ahora vivimos, si vosotros estáis firmes en el Señor.  9Por lo cual, ¿qué hacimiento de gracias podremos dar á Dios por vosotros, por todo el gozo con que nos gozamos á causa de vosotros delante de nuestro Dios,  10Orando de noche y de día con grande instancia, que veamos vuestro rostro, y que cumplamos lo que falta á vuestra fe?  11Mas el mismo Dios y Padre nuestro, y el Señor nuestro Jesucristo, encamine nuestro viaje á vosotros.  12Y á vosotros multiplique el Señor, y haga abundar el amor entre vosotros, y para con todos, como es también de nosotros para con vosotros;  13Para que sean confirmados vuestros corazones en santidad, irreprensibles delante de Dios y nuestro Padre, para la venida de nuestro Señor Jesucristo con todos sus santos."
      },
      {
        "book_name": "1 Thessalonicenzen",
        "book": 52,
        "chapter": 3,
        "verse": 1,
        "text": "POR lo cual, no pudiendo esperar más, acordamos quedarnos solos en Atenas,"
      },
      {
        "book_name": "1 Thessalonicenzen",
        "book": 52,
        "chapter": 3,
        "verse": 2,
        "text": "Y enviamos á Timoteo, nuestro hermano, y ministro de Dios, y colaborador nuestro en el evangelio de Cristo, á confirmaros y exhortaros en vuestra fe,"
      },
      {
        "book_name": "1 Thessalonicenzen",
        "book": 52,
        "chapter": 3,
        "verse": 3,
        "text": "Para que nadie se conmueva por estas tribulaciones; porque vosotros sabéis que nosotros somos puestos para esto."
      },
      {
        "book_name": "1 Thessalonicenzen",
        "book": 52,
        "chapter": 3,
        "verse": 4,
        "text": "Que aun estando con vosotros, os predecíamos que habíamos de pasar tribulaciones, como ha acontecido y sabéis."
      },
      {
        "book_name": "1 Thessalonicenzen",
        "book": 52,
        "chapter": 3,
        "verse": 5,
        "text": "Por lo cual, también yo, no esperando más, he enviado á reconocer vuestra fe, no sea que os haya tentado el tentador, y que nuestro trabajo haya sido en vano."
      },
      {
        "book_name": "1 Thessalonicenzen",
        "book": 52,
        "chapter": 3,
        "verse": 6,
        "text": "Empero volviendo de vosotros á nosotros Timoteo, y haciéndonos saber vuestra fe y caridad, y que siempre tenéis buena memoria de nosotros, deseando vernos, como también nosotros á vosotros,"
      },
      {
        "book_name": "1 Thessalonicenzen",
        "book": 52,
        "chapter": 3,
        "verse": 7,
        "text": "En ello, hermanos, recibimos consolación de vosotros en toda nuestra necesidad y aflicción por causa de vuestra fe:"
      },
      {
        "book_name": "1 Thessalonicenzen",
        "book": 52,
        "chapter": 3,
        "verse": 8,
        "text": "Porque ahora vivimos, si vosotros estáis firmes en el Señor."
      },
      {
        "book_name": "1 Thessalonicenzen",
        "book": 52,
        "chapter": 3,
        "verse": 9,
        "text": "Por lo cual, ¿qué hacimiento de gracias podremos dar á Dios por vosotros, por todo el gozo con que nos gozamos á causa de vosotros delante de nuestro Dios,"
      },
      {
        "book_name": "1 Thessalonicenzen",
        "book": 52,
        "chapter": 3,
        "verse": 10,
        "text": "Orando de noche y de día con grande instancia, que veamos vuestro rostro, y que cumplamos lo que falta á vuestra fe?"
      },
      {
        "book_name": "1 Thessalonicenzen",
        "book": 52,
        "chapter": 3,
        "verse": 11,
        "text": "Mas el mismo Dios y Padre nuestro, y el Señor nuestro Jesucristo, encamine nuestro viaje á vosotros."
      },
      {
        "book_name": "1 Thessalonicenzen",
        "book": 52,
        "chapter": 3,
        "verse": 12,
        "text": "Y á vosotros multiplique el Señor, y haga abundar el amor entre vosotros, y para con todos, como es también de nosotros para con vosotros;"
      },
      {
        "book_name": "1 Thessalonicenzen",
        "book": 52,
        "chapter": 3,
        "verse": 13,
        "text": "Para que sean confirmados vuestros corazones en santidad, irreprensibles delante de Dios y nuestro Padre, para la venida de nuestro Señor Jesucristo con todos sus santos."
      }
    ],
    "4": [
      {
        "book_name": "1 Thessalonicenzen",
        "book": 52,
        "chapter": 4,
        "verse": 1,
        "text": "1RESTA pues, hermanos, que os roguemos y exhortemos en el Señor Jesús, que de la manera que fuisteis enseñados de nosotros de cómo os conviene andar, y agradar á Dios, así vayáis creciendo. 2Porque ya sabéis qué mandamientos os dimos por el Señor Jesús. 3Porque la voluntad de Dios es vuestra santificación: que os apartéis de fornicación; 4Que cada uno de vosotros sepa tener su vaso en santificación y honor; 5No con afecto de concupiscencia, como los Gentiles que no conocen á Dios: 6Que ninguno oprima, ni engañe en nada á su hermano: porque el Señor es vengador de todo esto, como ya os hemos dicho y protestado. 7Porque no nos ha llamado Dios á inmundicia, sino á santificación. 8Así que, el que menosprecia, no menosprecia á hombre, sino á Dios, el cual también nos dió su Espíritu Santo. 9Mas acerca de la caridad fraterna no habéis menester que os escriba: porque vosotros mismos habéis aprendido de Dios que os améis los unos á los otros;  10Y también lo hacéis así con todos los hermanos que están por toda Macedonia. Empero os rogamos, hermanos, que abundéis más;  11Y que procuréis tener quietud, y hacer vuestros negocios, y obréis de vuestras manos de la manera que os hemos mandado;  12A fin de que andéis honestamente para con los extraños, y no necesitéis de nada.  13Tampoco, hermanos, queremos que ignoréis acerca de los que duermen, que no os entristezcáis como los otros que no tienen esperanza.  14Porque si creemos que Jesús murió y resucitó, así también traerá Dios con él á los que durmieron en Jesús.  15Por lo cual, os decimos esto en palabra del Señor: que nosotros que vivimos, que habremos quedado hasta la venida del Señor, no seremos delanteros á los que durmieron.  16Porque el mismo Señor con aclamación, con voz de arcángel, y con trompeta de Dios, descenderá del cielo; y los muertos en Cristo resucitarán primero:  17Luego nosotros, los que vivimos, los que quedamos, juntamente con ellos seremos arrebatados en las nubes á recibir al Señor en el aire, y así estaremos siempre con el Señor.  18Por tanto, consolaos los unos á los otros en estas palabras."
      },
      {
        "book_name": "1 Thessalonicenzen",
        "book": 52,
        "chapter": 4,
        "verse": 1,
        "text": "RESTA pues, hermanos, que os roguemos y exhortemos en el Señor Jesús, que de la manera que fuisteis enseñados de nosotros de cómo os conviene andar, y agradar á Dios, así vayáis creciendo."
      },
      {
        "book_name": "1 Thessalonicenzen",
        "book": 52,
        "chapter": 4,
        "verse": 2,
        "text": "Porque ya sabéis qué mandamientos os dimos por el Señor Jesús."
      },
      {
        "book_name": "1 Thessalonicenzen",
        "book": 52,
        "chapter": 4,
        "verse": 3,
        "text": "Porque la voluntad de Dios es vuestra santificación: que os apartéis de fornicación;"
      },
      {
        "book_name": "1 Thessalonicenzen",
        "book": 52,
        "chapter": 4,
        "verse": 4,
        "text": "Que cada uno de vosotros sepa tener su vaso en santificación y honor;"
      },
      {
        "book_name": "1 Thessalonicenzen",
        "book": 52,
        "chapter": 4,
        "verse": 5,
        "text": "No con afecto de concupiscencia, como los Gentiles que no conocen á Dios:"
      },
      {
        "book_name": "1 Thessalonicenzen",
        "book": 52,
        "chapter": 4,
        "verse": 6,
        "text": "Que ninguno oprima, ni engañe en nada á su hermano: porque el Señor es vengador de todo esto, como ya os hemos dicho y protestado."
      },
      {
        "book_name": "1 Thessalonicenzen",
        "book": 52,
        "chapter": 4,
        "verse": 7,
        "text": "Porque no nos ha llamado Dios á inmundicia, sino á santificación."
      },
      {
        "book_name": "1 Thessalonicenzen",
        "book": 52,
        "chapter": 4,
        "verse": 8,
        "text": "Así que, el que menosprecia, no menosprecia á hombre, sino á Dios, el cual también nos dió su Espíritu Santo."
      },
      {
        "book_name": "1 Thessalonicenzen",
        "book": 52,
        "chapter": 4,
        "verse": 9,
        "text": "Mas acerca de la caridad fraterna no habéis menester que os escriba: porque vosotros mismos habéis aprendido de Dios que os améis los unos á los otros;"
      },
      {
        "book_name": "1 Thessalonicenzen",
        "book": 52,
        "chapter": 4,
        "verse": 10,
        "text": "Y también lo hacéis así con todos los hermanos que están por toda Macedonia. Empero os rogamos, hermanos, que abundéis más;"
      },
      {
        "book_name": "1 Thessalonicenzen",
        "book": 52,
        "chapter": 4,
        "verse": 11,
        "text": "Y que procuréis tener quietud, y hacer vuestros negocios, y obréis de vuestras manos de la manera que os hemos mandado;"
      },
      {
        "book_name": "1 Thessalonicenzen",
        "book": 52,
        "chapter": 4,
        "verse": 12,
        "text": "A fin de que andéis honestamente para con los extraños, y no necesitéis de nada."
      },
      {
        "book_name": "1 Thessalonicenzen",
        "book": 52,
        "chapter": 4,
        "verse": 13,
        "text": "Tampoco, hermanos, queremos que ignoréis acerca de los que duermen, que no os entristezcáis como los otros que no tienen esperanza."
      },
      {
        "book_name": "1 Thessalonicenzen",
        "book": 52,
        "chapter": 4,
        "verse": 14,
        "text": "Porque si creemos que Jesús murió y resucitó, así también traerá Dios con él á los que durmieron en Jesús."
      },
      {
        "book_name": "1 Thessalonicenzen",
        "book": 52,
        "chapter": 4,
        "verse": 15,
        "text": "Por lo cual, os decimos esto en palabra del Señor: que nosotros que vivimos, que habremos quedado hasta la venida del Señor, no seremos delanteros á los que durmieron."
      },
      {
        "book_name": "1 Thessalonicenzen",
        "book": 52,
        "chapter": 4,
        "verse": 16,
        "text": "Porque el mismo Señor con aclamación, con voz de arcángel, y con trompeta de Dios, descenderá del cielo; y los muertos en Cristo resucitarán primero:"
      },
      {
        "book_name": "1 Thessalonicenzen",
        "book": 52,
        "chapter": 4,
        "verse": 17,
        "text": "Luego nosotros, los que vivimos, los que quedamos, juntamente con ellos seremos arrebatados en las nubes á recibir al Señor en el aire, y así estaremos siempre con el Señor."
      },
      {
        "book_name": "1 Thessalonicenzen",
        "book": 52,
        "chapter": 4,
        "verse": 18,
        "text": "Por tanto, consolaos los unos á los otros en estas palabras."
      }
    ],
    "5": [
      {
        "book_name": "1 Thessalonicenzen",
        "book": 52,
        "chapter": 5,
        "verse": 1,
        "text": "1EMPERO acerca de los tiempos y de los momentos, no tenéis, hermanos, necesidad de que yo os escriba: 2Porque vosotros sabéis bien, que el día del Señor vendrá así como ladrón de noche, 3Que cuando dirán, Paz y seguridad, entonces vendrá sobre ellos destrucción de repente, como los dolores á la mujer preñada; y no escaparán. 4Mas vosotros, hermanos, no estáis en tinieblas, para que aquel día os sobrecoja como ladrón; 5Porque todos vosotros sois hijos de luz, é hijos del día; no somos de la noche, ni de las tinieblas. 6Por tanto, no durmamos como los demás; antes velemos y seamos sobrios.  7Porque los que duermen, de noche duermen; y los que están borrachos, de noche están borrachos.  8Mas nosotros, que somos del día, estemos sobrios, vestidos de cota de fe y de caridad, y la esperanza de salud por yelmo.  9Porque no nos ha puesto Dios para ira, sino para alcanzar salud por nuestro Señor Jesucristo;  10El cual murió por nosotros, para que ó que velemos, ó que durmamos, vivamos juntamente con él.  11Por lo cual, consolaos los unos á los otros, y edificaos los unos á los otros, así como lo hacéis.  12Y os rogamos, hermanos, que reconozcáis á los que trabajan entre vosotros, y os presiden en el Señor, y os amonestan:  13Y que los tengáis en mucha estima por amor de su obra. Tened paz los unos con los otros.  14También os rogamos, hermanos, que amonestéis á los que andan desordenadamente, que consoléis á los de poco ánimo, que soportéis á los flacos, que seáis sufridos para con todos.  15Mirad que ninguno dé á otro mal por mal; antes seguid lo bueno siempre los unos para con los otros, y para con todos.  16Estad siempre gozosos.  17Orad sin cesar.  18Dad gracias en todo; porque esta es la voluntad de Dios para con vosotros en Cristo Jesús.  19No apaguéis el Espíritu.  20No menospreciéis las profecías.  21Examinadlo todo; retened lo bueno.  22Apartaos de toda especie de mal.  23Y el Dios de paz os santifique en todo; para que vuestro espíritu y alma y cuerpo sea guardado entero sin reprensión para la venida de nuestro Señor Jesucristo.  24Fiel es el que os ha llamado; el cual también lo hará.  25Hermanos, orad por nosotros.  26Saludad á todos los hermanos en ósculo santo.  27Conjúroos por el Señor, que esta carta sea leída á todos los santos hermanos.  28La gracia de nuestro Señor Jesucristo sea con vosotros. Amén. espístola á los Tesalonicenses fué escrita de Atenas."
      },
      {
        "book_name": "1 Thessalonicenzen",
        "book": 52,
        "chapter": 5,
        "verse": 1,
        "text": "EMPERO acerca de los tiempos y de los momentos, no tenéis, hermanos, necesidad de que yo os escriba:"
      },
      {
        "book_name": "1 Thessalonicenzen",
        "book": 52,
        "chapter": 5,
        "verse": 2,
        "text": "Porque vosotros sabéis bien, que el día del Señor vendrá así como ladrón de noche,"
      },
      {
        "book_name": "1 Thessalonicenzen",
        "book": 52,
        "chapter": 5,
        "verse": 3,
        "text": "Que cuando dirán, Paz y seguridad, entonces vendrá sobre ellos destrucción de repente, como los dolores á la mujer preñada; y no escaparán."
      },
      {
        "book_name": "1 Thessalonicenzen",
        "book": 52,
        "chapter": 5,
        "verse": 4,
        "text": "Mas vosotros, hermanos, no estáis en tinieblas, para que aquel día os sobrecoja como ladrón;"
      },
      {
        "book_name": "1 Thessalonicenzen",
        "book": 52,
        "chapter": 5,
        "verse": 5,
        "text": "Porque todos vosotros sois hijos de luz, é hijos del día; no somos de la noche, ni de las tinieblas."
      },
      {
        "book_name": "1 Thessalonicenzen",
        "book": 52,
        "chapter": 5,
        "verse": 6,
        "text": "Por tanto, no durmamos como los demás; antes velemos y seamos sobrios."
      },
      {
        "book_name": "1 Thessalonicenzen",
        "book": 52,
        "chapter": 5,
        "verse": 7,
        "text": "Porque los que duermen, de noche duermen; y los que están borrachos, de noche están borrachos."
      },
      {
        "book_name": "1 Thessalonicenzen",
        "book": 52,
        "chapter": 5,
        "verse": 8,
        "text": "Mas nosotros, que somos del día, estemos sobrios, vestidos de cota de fe y de caridad, y la esperanza de salud por yelmo."
      },
      {
        "book_name": "1 Thessalonicenzen",
        "book": 52,
        "chapter": 5,
        "verse": 9,
        "text": "Porque no nos ha puesto Dios para ira, sino para alcanzar salud por nuestro Señor Jesucristo;"
      },
      {
        "book_name": "1 Thessalonicenzen",
        "book": 52,
        "chapter": 5,
        "verse": 10,
        "text": "El cual murió por nosotros, para que ó que velemos, ó que durmamos, vivamos juntamente con él."
      },
      {
        "book_name": "1 Thessalonicenzen",
        "book": 52,
        "chapter": 5,
        "verse": 11,
        "text": "Por lo cual, consolaos los unos á los otros, y edificaos los unos á los otros, así como lo hacéis."
      },
      {
        "book_name": "1 Thessalonicenzen",
        "book": 52,
        "chapter": 5,
        "verse": 12,
        "text": "Y os rogamos, hermanos, que reconozcáis á los que trabajan entre vosotros, y os presiden en el Señor, y os amonestan:"
      },
      {
        "book_name": "1 Thessalonicenzen",
        "book": 52,
        "chapter": 5,
        "verse": 13,
        "text": "Y que los tengáis en mucha estima por amor de su obra. Tened paz los unos con los otros."
      },
      {
        "book_name": "1 Thessalonicenzen",
        "book": 52,
        "chapter": 5,
        "verse": 14,
        "text": "También os rogamos, hermanos, que amonestéis á los que andan desordenadamente, que consoléis á los de poco ánimo, que soportéis á los flacos, que seáis sufridos para con todos."
      },
      {
        "book_name": "1 Thessalonicenzen",
        "book": 52,
        "chapter": 5,
        "verse": 15,
        "text": "Mirad que ninguno dé á otro mal por mal; antes seguid lo bueno siempre los unos para con los otros, y para con todos."
      },
      {
        "book_name": "1 Thessalonicenzen",
        "book": 52,
        "chapter": 5,
        "verse": 16,
        "text": "Estad siempre gozosos."
      },
      {
        "book_name": "1 Thessalonicenzen",
        "book": 52,
        "chapter": 5,
        "verse": 17,
        "text": "Orad sin cesar."
      },
      {
        "book_name": "1 Thessalonicenzen",
        "book": 52,
        "chapter": 5,
        "verse": 18,
        "text": "Dad gracias en todo; porque esta es la voluntad de Dios para con vosotros en Cristo Jesús."
      },
      {
        "book_name": "1 Thessalonicenzen",
        "book": 52,
        "chapter": 5,
        "verse": 19,
        "text": "No apaguéis el Espíritu."
      },
      {
        "book_name": "1 Thessalonicenzen",
        "book": 52,
        "chapter": 5,
        "verse": 20,
        "text": "No menospreciéis las profecías."
      },
      {
        "book_name": "1 Thessalonicenzen",
        "book": 52,
        "chapter": 5,
        "verse": 21,
        "text": "Examinadlo todo; retened lo bueno."
      },
      {
        "book_name": "1 Thessalonicenzen",
        "book": 52,
        "chapter": 5,
        "verse": 22,
        "text": "Apartaos de toda especie de mal."
      },
      {
        "book_name": "1 Thessalonicenzen",
        "book": 52,
        "chapter": 5,
        "verse": 23,
        "text": "Y el Dios de paz os santifique en todo; para que vuestro espíritu y alma y cuerpo sea guardado entero sin reprensión para la venida de nuestro Señor Jesucristo."
      },
      {
        "book_name": "1 Thessalonicenzen",
        "book": 52,
        "chapter": 5,
        "verse": 24,
        "text": "Fiel es el que os ha llamado; el cual también lo hará."
      },
      {
        "book_name": "1 Thessalonicenzen",
        "book": 52,
        "chapter": 5,
        "verse": 25,
        "text": "Hermanos, orad por nosotros."
      },
      {
        "book_name": "1 Thessalonicenzen",
        "book": 52,
        "chapter": 5,
        "verse": 26,
        "text": "Saludad á todos los hermanos en ósculo santo."
      },
      {
        "book_name": "1 Thessalonicenzen",
        "book": 52,
        "chapter": 5,
        "verse": 27,
        "text": "Conjúroos por el Señor, que esta carta sea leída á todos los santos hermanos."
      },
      {
        "book_name": "1 Thessalonicenzen",
        "book": 52,
        "chapter": 5,
        "verse": 28,
        "text": "La gracia de nuestro Señor Jesucristo sea con vosotros. Amén. espístola á los Tesalonicenses fué escrita de Atenas."
      }
    ]
  }
}