{
  "source": "bible.com",
  "version": "Reina Valera (1602)",
  "book": "1 Timoteus",
  "chapters": {
    "1": [
      {
        "book_name": "1 Timoteus",
        "book": 54,
        "chapter": 1,
        "verse": 1,
        "text": "1PABLO, apóstol de Jesucristo por la ordenación de Dios nuestro Salvador, y del Señor Jesucristo, nuestra esperanza; 2A Timoteo, verdadero hijo en la fe: Gracia, misericordia y paz de Dios nuestro Padre, y de Cristo Jesús nuestro Señor. 3Como te rogué que te quedases en Efeso, cuando partí para Macedonia, para que requirieses á algunos que no enseñen diversa doctrina, 4Ni presten atención á fábulas y genealogías sin término, que antes engendran cuestiones que la edificación de Dios que es por fe; así te encargo ahora. 5Pues el fin del mandamiento es la caridad nacida de corazón limpio, y de buena conciencia, y de fe no fingida:  6De lo cual distrayéndose algunos, se apartaron á vanas pláticas;  7Queriendo ser doctores de la ley, sin entender ni lo que hablan, ni lo que afirman.  8Sabemos empero que la ley es buena, si alguno usa de ella legítimamente;  9Conociendo esto, que la ley no es puesta para el justo, sino para los injustos y para los desobedientes, para los impíos y pecadores, para los malos y profanos, para los parricidas y matricidas, para los homicidas,  10Para los fornicarios, para los sodomitas, para los ladrones de hombres, para los mentirosos y ladrones de hombres, para los mentirosos y perjuros, y si hay alguna otra cosa contraria á la sana doctrina;  11Según el evangelio de la gloria del Dios bendito, el cual á mí me ha sido encargado.  12Y doy gracias al que me fortificó, á Cristo Jesús nuestro Señor, de que me tuvo por fiel, poniéndome en el ministerio:  13Habiendo sido antes blasfemo y perseguidor é injuriador: mas fuí recibido á misericordia, porque lo hice con ignorancia en incredulidad.  14Mas la gracia de nuestro Señor fué más abundante con la fe y amor que es en Cristo Jesús.  15Palabra fiel y digna de ser recibida de todos: que Cristo Jesús vino al mundo para salvar á los pecadores, de los cuales yo soy el primero.  16Mas por esto fuí recibido á misericordia, para que Jesucristo mostrase en mí el primero toda su clemencia, para ejemplo de los que habían de creer en él para vida eterna.  17Por tanto, al Rey de siglos, inmortal, invisible, al solo sabio Dios sea honor y gloria por los siglos de los siglos. Amén.  18Este mandamiento, hijo Timoteo, te encargo, para que, conforme á las profecías pasadas de ti, milites por ellas buena milicia;  19Manteniendo la fe y buena conciencia, la cual echando de sí algunos, hicieron naufragio en la fe:  20De los cuales son Himeneo y Alejandro, los cuales entregué á Satanás, para que aprendan á no blasfemar."
      },
      {
        "book_name": "1 Timoteus",
        "book": 54,
        "chapter": 1,
        "verse": 1,
        "text": "PABLO, apóstol de Jesucristo por la ordenación de Dios nuestro Salvador, y del Señor Jesucristo, nuestra esperanza;"
      },
      {
        "book_name": "1 Timoteus",
        "book": 54,
        "chapter": 1,
        "verse": 2,
        "text": "A Timoteo, verdadero hijo en la fe: Gracia, misericordia y paz de Dios nuestro Padre, y de Cristo Jesús nuestro Señor."
      },
      {
        "book_name": "1 Timoteus",
        "book": 54,
        "chapter": 1,
        "verse": 3,
        "text": "Como te rogué que te quedases en Efeso, cuando partí para Macedonia, para que requirieses á algunos que no enseñen diversa doctrina,"
      },
      {
        "book_name": "1 Timoteus",
        "book": 54,
        "chapter": 1,
        "verse": 4,
        "text": "Ni presten atención á fábulas y genealogías sin término, que antes engendran cuestiones que la edificación de Dios que es por fe; así te encargo ahora."
      },
      {
        "book_name": "1 Timoteus",
        "book": 54,
        "chapter": 1,
        "verse": 5,
        "text": "Pues el fin del mandamiento es la caridad nacida de corazón limpio, y de buena conciencia, y de fe no fingida:"
      },
      {
        "book_name": "1 Timoteus",
        "book": 54,
        "chapter": 1,
        "verse": 6,
        "text": "De lo cual distrayéndose algunos, se apartaron á vanas pláticas;"
      },
      {
        "book_name": "1 Timoteus",
        "book": 54,
        "chapter": 1,
        "verse": 7,
        "text": "Queriendo ser doctores de la ley, sin entender ni lo que hablan, ni lo que afirman."
      },
      {
        "book_name": "1 Timoteus",
        "book": 54,
        "chapter": 1,
        "verse": 8,
        "text": "Sabemos empero que la ley es buena, si alguno usa de ella legítimamente;"
      },
      {
        "book_name": "1 Timoteus",
        "book": 54,
        "chapter": 1,
        "verse": 9,
        "text": "Conociendo esto, que la ley no es puesta para el justo, sino para los injustos y para los desobedientes, para los impíos y pecadores, para los malos y profanos, para los parricidas y matricidas, para los homicidas,"
      },
      {
        "book_name": "1 Timoteus",
        "book": 54,
        "chapter": 1,
        "verse": 10,
        "text": "Para los fornicarios, para los sodomitas, para los ladrones de hombres, para los mentirosos y ladrones de hombres, para los mentirosos y perjuros, y si hay alguna otra cosa contraria á la sana doctrina;"
      },
      {
        "book_name": "1 Timoteus",
        "book": 54,
        "chapter": 1,
        "verse": 11,
        "text": "Según el evangelio de la gloria del Dios bendito, el cual á mí me ha sido encargado."
      },
      {
        "book_name": "1 Timoteus",
        "book": 54,
        "chapter": 1,
        "verse": 12,
        "text": "Y doy gracias al que me fortificó, á Cristo Jesús nuestro Señor, de que me tuvo por fiel, poniéndome en el ministerio:"
      },
      {
        "book_name": "1 Timoteus",
        "book": 54,
        "chapter": 1,
        "verse": 13,
        "text": "Habiendo sido antes blasfemo y perseguidor é injuriador: mas fuí recibido á misericordia, porque lo hice con ignorancia en incredulidad."
      },
      {
        "book_name": "1 Timoteus",
        "book": 54,
        "chapter": 1,
        "verse": 14,
        "text": "Mas la gracia de nuestro Señor fué más abundante con la fe y amor que es en Cristo Jesús."
      },
      {
        "book_name": "1 Timoteus",
        "book": 54,
        "chapter": 1,
        "verse": 15,
        "text": "Palabra fiel y digna de ser recibida de todos: que Cristo Jesús vino al mundo para salvar á los pecadores, de los cuales yo soy el primero."
      },
      {
        "book_name": "1 Timoteus",
        "book": 54,
        "chapter": 1,
        "verse": 16,
        "text": "Mas por esto fuí recibido á misericordia, para que Jesucristo mostrase en mí el primero toda su clemencia, para ejemplo de los que habían de creer en él para vida eterna."
      },
      {
        "book_name": "1 Timoteus",
        "book": 54,
        "chapter": 1,
        "verse": 17,
        "text": "Por tanto, al Rey de siglos, inmortal, invisible, al solo sabio Dios sea honor y gloria por los siglos de los siglos. Amén."
      },
      {
        "book_name": "1 Timoteus",
        "book": 54,
        "chapter": 1,
        "verse": 18,
        "text": "Este mandamiento, hijo Timoteo, te encargo, para que, conforme á las profecías pasadas de ti, milites por ellas buena milicia;"
      },
      {
        "book_name": "1 Timoteus",
        "book": 54,
        "chapter": 1,
        "verse": 19,
        "text": "Manteniendo la fe y buena conciencia, la cual echando de sí algunos, hicieron naufragio en la fe:"
      },
      {
        "book_name": "1 Timoteus",
        "book": 54,
        "chapter": 1,
        "verse": 20,
        "text": "De los cuales son Himeneo y Alejandro, los cuales entregué á Satanás, para que aprendan á no blasfemar."
      }
    ],
    "2": [
      {
        "book_name": "1 Timoteus",
        "book": 54,
        "chapter": 2,
        "verse": 1,
        "text": "1AMONESTO pues, ante todas cosas, que se hagan rogativas, oraciones, peticiones, hacimientos de gracias, por todos los hombres; 2Por los reyes y por todos los que están en eminencia, para que vivamos quieta y reposadamente en toda piedad y honestidad. 3Porque esto es bueno y agradable delante de Dios nuestro Salvador; 4El cual quiere que todos los hombres sean salvos, y que vengan al conocimiento de la verdad. 5Porque hay un Dios, asimismo un mediador entre Dios y los hombres, Jesucristo hombre; 6El cual se dió á sí mismo en precio del rescate por todos, para testimonio en sus tiempos: 7De lo que yo soy puesto por predicador y apóstol, (digo verdad en Cristo, no miento) doctor de los Gentiles en fidelidad y verdad. 8Quiero, pues, que los hombres oren en todo lugar, levantando manos limpias, sin ira ni contienda. 9Asimismo también las mujeres, ataviándose en hábito honesto, con vergüenza y modestia; no con cabellos encrespados, u oro, ó perlas, ó vestidos costosos.  10Sino de buenas obras, como conviene á mujeres que profesan piedad.  11La mujer aprenda en silencio, con toda sujeción.  12Porque no permito á la mujer enseñar, ni tomar autoridad sobre el hombre, sino estar en silencio.  13Porque Adam fué formado el primero, después Eva;  14Y Adam no fué engañado, sino la mujer, siendo seducida, vino á ser envuelta en transgresión:  15Empero se salvará engendrando hijos, si permaneciere en la fe y caridad y santidad, con modestia."
      },
      {
        "book_name": "1 Timoteus",
        "book": 54,
        "chapter": 2,
        "verse": 1,
        "text": "AMONESTO pues, ante todas cosas, que se hagan rogativas, oraciones, peticiones, hacimientos de gracias, por todos los hombres;"
      },
      {
        "book_name": "1 Timoteus",
        "book": 54,
        "chapter": 2,
        "verse": 2,
        "text": "Por los reyes y por todos los que están en eminencia, para que vivamos quieta y reposadamente en toda piedad y honestidad."
      },
      {
        "book_name": "1 Timoteus",
        "book": 54,
        "chapter": 2,
        "verse": 3,
        "text": "Porque esto es bueno y agradable delante de Dios nuestro Salvador;"
      },
      {
        "book_name": "1 Timoteus",
        "book": 54,
        "chapter": 2,
        "verse": 4,
        "text": "El cual quiere que todos los hombres sean salvos, y que vengan al conocimiento de la verdad."
      },
      {
        "book_name": "1 Timoteus",
        "book": 54,
        "chapter": 2,
        "verse": 5,
        "text": "Porque hay un Dios, asimismo un mediador entre Dios y los hombres, Jesucristo hombre;"
      },
      {
        "book_name": "1 Timoteus",
        "book": 54,
        "chapter": 2,
        "verse": 6,
        "text": "El cual se dió á sí mismo en precio del rescate por todos, para testimonio en sus tiempos:"
      },
      {
        "book_name": "1 Timoteus",
        "book": 54,
        "chapter": 2,
        "verse": 7,
        "text": "De lo que yo soy puesto por predicador y apóstol, (digo verdad en Cristo, no miento) doctor de los Gentiles en fidelidad y verdad."
      },
      {
        "book_name": "1 Timoteus",
        "book": 54,
        "chapter": 2,
        "verse": 8,
        "text": "Quiero, pues, que los hombres oren en todo lugar, levantando manos limpias, sin ira ni contienda."
      },
      {
        "book_name": "1 Timoteus",
        "book": 54,
        "chapter": 2,
        "verse": 9,
        "text": "Asimismo también las mujeres, ataviándose en hábito honesto, con vergüenza y modestia; no con cabellos encrespados, u oro, ó perlas, ó vestidos costosos."
      },
      {
        "book_name": "1 Timoteus",
        "book": 54,
        "chapter": 2,
        "verse": 10,
        "text": "Sino de buenas obras, como conviene á mujeres que profesan piedad."
      },
      {
        "book_name": "1 Timoteus",
        "book": 54,
        "chapter": 2,
        "verse": 11,
        "text": "La mujer aprenda en silencio, con toda sujeción."
      },
      {
        "book_name": "1 Timoteus",
        "book": 54,
        "chapter": 2,
        "verse": 12,
        "text": "Porque no permito á la mujer enseñar, ni tomar autoridad sobre el hombre, sino estar en silencio."
      },
      {
        "book_name": "1 Timoteus",
        "book": 54,
        "chapter": 2,
        "verse": 13,
        "text": "Porque Adam fué formado el primero, después Eva;"
      },
      {
        "book_name": "1 Timoteus",
        "book": 54,
        "chapter": 2,
        "verse": 14,
        "text": "Y Adam no fué engañado, sino la mujer, siendo seducida, vino á ser envuelta en transgresión:"
      },
      {
        "book_name": "1 Timoteus",
        "book": 54,
        "chapter": 2,
        "verse": 15,
        "text": "Empero se salvará engendrando hijos, si permaneciere en la fe y caridad y santidad, con modestia."
      }
    ],
    "3": [
      {
        "book_name": "1 Timoteus",
        "book": 54,
        "chapter": 3,
        "verse": 1,
        "text": "1PALABRA fiel: Si alguno apetece obispado, buena obra desea. 2Conviene, pues, que el obispo sea irreprensible, marido de una mujer, solícito, templado, compuesto, hospedador, apto para enseñar; 3No amador del vino, no heridor, no codicioso de torpes ganancias, sino moderado, no litigioso, ajeno de avaricia; 4Que gobierne bien su casa, que tenga sus hijos en sujeción con toda honestidad; 5(Porque el que no sabe gobernar su casa, ¿cómo cuidará de la iglesia de Dios?) 6No un neófito, porque inflándose no caiga en juicio del diablo. 7También conviene que tenga buen testimonio de los extraños, porque no caiga en afrenta y en lazo del diablo. 8Los diáconos asimismo, deben ser honestos, no bilingües, no dados á mucho vino, no amadores de torpes ganancias;  9Que tengan el misterio de la fe con limpia conciencia.  10Y éstos también sean antes probados; y así ministren, si fueren sin crimen.  11Las mujeres asimismo, honestas, no detractoras, templadas, fieles en todo.  12Los diáconos sean maridos de una mujer, que gobiernen bien sus hijos y sus casas.  13Porque los que bien ministraren, ganan para sí buen grado, y mucha confianza en la fe que es en Cristo Jesús.  14Esto te escribo con esperanza que iré presto á ti:  15Y si no fuere tan presto, para que sepas cómo te conviene conversar en la casa de Dios, que es la iglesia del Dios vivo, columna y apoyo de la verdad.  16Y sin cotradicción, grande es el misterio de la piedad: Dios ha sido manifestado en carne; ha sido justificado con el Espíritu; ha sido visto de los ángeles; ha sido predicado á los Gentiles; ha sido creído en el mundo; ha sido recibido en gloria."
      },
      {
        "book_name": "1 Timoteus",
        "book": 54,
        "chapter": 3,
        "verse": 1,
        "text": "PALABRA fiel: Si alguno apetece obispado, buena obra desea."
      },
      {
        "book_name": "1 Timoteus",
        "book": 54,
        "chapter": 3,
        "verse": 2,
        "text": "Conviene, pues, que el obispo sea irreprensible, marido de una mujer, solícito, templado, compuesto, hospedador, apto para enseñar;"
      },
      {
        "book_name": "1 Timoteus",
        "book": 54,
        "chapter": 3,
        "verse": 3,
        "text": "No amador del vino, no heridor, no codicioso de torpes ganancias, sino moderado, no litigioso, ajeno de avaricia;"
      },
      {
        "book_name": "1 Timoteus",
        "book": 54,
        "chapter": 3,
        "verse": 4,
        "text": "Que gobierne bien su casa, que tenga sus hijos en sujeción con toda honestidad;"
      },
      {
        "book_name": "1 Timoteus",
        "book": 54,
        "chapter": 3,
        "verse": 5,
        "text": "(Porque el que no sabe gobernar su casa, ¿cómo cuidará de la iglesia de Dios?)"
      },
      {
        "book_name": "1 Timoteus",
        "book": 54,
        "chapter": 3,
        "verse": 6,
        "text": "No un neófito, porque inflándose no caiga en juicio del diablo."
      },
      {
        "book_name": "1 Timoteus",
        "book": 54,
        "chapter": 3,
        "verse": 7,
        "text": "También conviene que tenga buen testimonio de los extraños, porque no caiga en afrenta y en lazo del diablo."
      },
      {
        "book_name": "1 Timoteus",
        "book": 54,
        "chapter": 3,
        "verse": 8,
        "text": "Los diáconos asimismo, deben ser honestos, no bilingües, no dados á mucho vino, no amadores de torpes ganancias;"
      },
      {
        "book_name": "1 Timoteus",
        "book": 54,
        "chapter": 3,
        "verse": 9,
        "text": "Que tengan el misterio de la fe con limpia conciencia."
      },
      {
        "book_name": "1 Timoteus",
        "book": 54,
        "chapter": 3,
        "verse": 10,
        "text": "Y éstos también sean antes probados; y así ministren, si fueren sin crimen."
      },
      {
        "book_name": "1 Timoteus",
        "book": 54,
        "chapter": 3,
        "verse": 11,
        "text": "Las mujeres asimismo, honestas, no detractoras, templadas, fieles en todo."
      },
      {
        "book_name": "1 Timoteus",
        "book": 54,
        "chapter": 3,
        "verse": 12,
        "text": "Los diáconos sean maridos de una mujer, que gobiernen bien sus hijos y sus casas."
      },
      {
        "book_name": "1 Timoteus",
        "book": 54,
        "chapter": 3,
        "verse": 13,
        "text": "Porque los que bien ministraren, ganan para sí buen grado, y mucha confianza en la fe que es en Cristo Jesús."
      },
      {
        "book_name": "1 Timoteus",
        "book": 54,
        "chapter": 3,
        "verse": 14,
        "text": "Esto te escribo con esperanza que iré presto á ti:"
      },
      {
        "book_name": "1 Timoteus",
        "book": 54,
        "chapter": 3,
        "verse": 15,
        "text": "Y si no fuere tan presto, para que sepas cómo te conviene conversar en la casa de Dios, que es la iglesia del Dios vivo, columna y apoyo de la verdad."
      },
      {
        "book_name": "1 Timoteus",
        "book": 54,
        "chapter": 3,
        "verse": 16,
        "text": "Y sin cotradicción, grande es el misterio de la piedad: Dios ha sido manifestado en carne; ha sido justificado con el Espíritu; ha sido visto de los ángeles; ha sido predicado á los Gentiles; ha sido creído en el mundo; ha sido recibido en gloria."
      }
    ],
    "4": [
      {
        "book_name": "1 Timoteus",
        "book": 54,
        "chapter": 4,
        "verse": 1,
        "text": "1EMPERO el Espíritu dice manifiestamente, que en los venideros tiempos alguno apostatarán de la fe escuchando á espíritus de error y á doctrinas de demonios; 2Que con hipocresía hablarán mentira, teniendo cauterizada la conciencia. 3Que prohibirán casarse, y mandarán abstenerse de las viandas que Dios crió para que con hacimiento de gracias participasen de ellas los fieles, y los que han conocido la verdad. 4Porque todo lo que Dios crió es bueno, y nada hay que desechar, tomándose con hacimiento de gracias: 5Porque por la palabra de Dios y por la oración es santificado. 6Si esto propusieres á los hermanos, serás buen ministro de Jesucristo, criado en las palabras de la fe y de la buena doctrina, la cual has alcanzado.  7Mas las fábulas profanas y de viejas desecha, y ejercítate para la piedad.  8Porque el ejercicio corporal para poco es provechoso; mas la piedad para todo aprovecha, pues tiene promesa de esta vida presente, y de la venidera.  9Palabra fiel es esta, y digna de ser recibida de todos.  10Que por esto aun trabajamos y sufrimos oprobios, porque esperamos en el Dios viviente, el cual es Salvador de todos los hombres, mayormente de los que creen.  11Esto manda y enseña.  12Ninguno tenga en poco tu juventud; pero sé ejemplo de los fieles en palabra, en conversación, en caridad, en espíritu, en fe, en limpieza.  13Entre tanto que voy, ocúpate en leer, en exhortar, en enseñar.  14No descuides el don que está en ti, que te es dado por profecía con la imposición de las manos del presbiterio.  15Medita estas cosas; ocúpate en ellas; para que tu aprovechamiento sea manifiesto á todos.  16Ten cuidado de ti mismo y de la doctrina; persiste en ello; pues haciendo esto, á ti mismo salvarás y á los que te oyeren."
      },
      {
        "book_name": "1 Timoteus",
        "book": 54,
        "chapter": 4,
        "verse": 1,
        "text": "EMPERO el Espíritu dice manifiestamente, que en los venideros tiempos alguno apostatarán de la fe escuchando á espíritus de error y á doctrinas de demonios;"
      },
      {
        "book_name": "1 Timoteus",
        "book": 54,
        "chapter": 4,
        "verse": 2,
        "text": "Que con hipocresía hablarán mentira, teniendo cauterizada la conciencia."
      },
      {
        "book_name": "1 Timoteus",
        "book": 54,
        "chapter": 4,
        "verse": 3,
        "text": "Que prohibirán casarse, y mandarán abstenerse de las viandas que Dios crió para que con hacimiento de gracias participasen de ellas los fieles, y los que han conocido la verdad."
      },
      {
        "book_name": "1 Timoteus",
        "book": 54,
        "chapter": 4,
        "verse": 4,
        "text": "Porque todo lo que Dios crió es bueno, y nada hay que desechar, tomándose con hacimiento de gracias:"
      },
      {
        "book_name": "1 Timoteus",
        "book": 54,
        "chapter": 4,
        "verse": 5,
        "text": "Porque por la palabra de Dios y por la oración es santificado."
      },
      {
        "book_name": "1 Timoteus",
        "book": 54,
        "chapter": 4,
        "verse": 6,
        "text": "Si esto propusieres á los hermanos, serás buen ministro de Jesucristo, criado en las palabras de la fe y de la buena doctrina, la cual has alcanzado."
      },
      {
        "book_name": "1 Timoteus",
        "book": 54,
        "chapter": 4,
        "verse": 7,
        "text": "Mas las fábulas profanas y de viejas desecha, y ejercítate para la piedad."
      },
      {
        "book_name": "1 Timoteus",
        "book": 54,
        "chapter": 4,
        "verse": 8,
        "text": "Porque el ejercicio corporal para poco es provechoso; mas la piedad para todo aprovecha, pues tiene promesa de esta vida presente, y de la venidera."
      },
      {
        "book_name": "1 Timoteus",
        "book": 54,
        "chapter": 4,
        "verse": 9,
        "text": "Palabra fiel es esta, y digna de ser recibida de todos."
      },
      {
        "book_name": "1 Timoteus",
        "book": 54,
        "chapter": 4,
        "verse": 10,
        "text": "Que por esto aun trabajamos y sufrimos oprobios, porque esperamos en el Dios viviente, el cual es Salvador de todos los hombres, mayormente de los que creen."
      },
      {
        "book_name": "1 Timoteus",
        "book": 54,
        "chapter": 4,
        "verse": 11,
        "text": "Esto manda y enseña."
      },
      {
        "book_name": "1 Timoteus",
        "book": 54,
        "chapter": 4,
        "verse": 12,
        "text": "Ninguno tenga en poco tu juventud; pero sé ejemplo de los fieles en palabra, en conversación, en caridad, en espíritu, en fe, en limpieza."
      },
      {
        "book_name": "1 Timoteus",
        "book": 54,
        "chapter": 4,
        "verse": 13,
        "text": "Entre tanto que voy, ocúpate en leer, en exhortar, en enseñar."
      },
      {
        "book_name": "1 Timoteus",
        "book": 54,
        "chapter": 4,
        "verse": 14,
        "text": "No descuides el don que está en ti, que te es dado por profecía con la imposición de las manos del presbiterio."
      },
      {
        "book_name": "1 Timoteus",
        "book": 54,
        "chapter": 4,
        "verse": 15,
        "text": "Medita estas cosas; ocúpate en ellas; para que tu aprovechamiento sea manifiesto á todos."
      },
      {
        "book_name": "1 Timoteus",
        "book": 54,
        "chapter": 4,
        "verse": 16,
        "text": "Ten cuidado de ti mismo y de la doctrina; persiste en ello; pues haciendo esto, á ti mismo salvarás y á los que te oyeren."
      }
    ],
    "5": [
      {
        "book_name": "1 Timoteus",
        "book": 54,
        "chapter": 5,
        "verse": 1,
        "text": "1NO reprendas al anciano, sino exhórtale como á padre: á los más jóvenes, como á hermanos; 2A las ancianas, como á madres; á las jovencitas, como á hermanas, con toda pureza. 3Honra á las viudas que en verdad son viudas.  4Pero si alguna viuda tuviere hijos, ó nietos, aprendan primero á gobernar su casa piadosamente, y á recompensar á sus padres: porque esto es lo honesto y agradable delante de Dios.  5Ahora, la que en verdad es viuda y solitaria, espera en Dios, y es diligente en suplicaciones y oraciones noche y día.  6Pero la que vive en delicias, viviendo está muerta.  7Denuncia pues estas cosas, para que sean sin reprensión.  8Y si alguno no tiene cuidado de los suyos, y mayormente de los de su casa, la fe negó, y es peor que un infiel.  9La viuda sea puesta en clase especial, no menos que de sesenta años, que haya sido esposa de un solo marido.  10Que tenga testimonio en buenas obras; si crió hijos; si ha ejercitado la hospitalidad; si ha lavado los pies de los santos; si ha socorrido á los afligidos; si ha seguido toda buena obra.  11Pero viudas más jóvenes no admitas: porque después de hacerse licenciosas contra Cristo, quieren casarse.  12Condenadas ya, por haber falseado la primera fe.  13Y aun también se acostrumbran á ser ociosas, á andar de casa en casa; y no solamente ociosas, sino también parleras y curiosas, hablando lo que no conviene.  14Quiero pues, que las que son jóvenes se casen, críen hijos, gobiernen la casa; que ninguna ocasión den al adversario para maldecir.  15Porque ya algunas han vuelto atrás en pos de Satanás.  16Si algún fiel ó alguna fiel tiene viudas, manténgalas, y no sea gravada la iglesia; á fin de que haya lo suficiente para las que de verdad son viudas.  17Los ancianos que gobiernan bien, sean tenidos por dignos de doblada honra; mayormente los que trabajan en predicar y enseñar.  18Porque la Escritura dice: No embozarás al buey que trilla; y: Digno es el obrero de su jornal.  19Contra el anciano no recibas acusación sino con dos ó tres testigos.  20A los que pecaren, repréndelos delante de todos, para que los otros también teman.  21Te requiero delante de Dios y del Señor Jesucristo, y de sus ángeles escogidos, que guardes estas cosas sin perjuicio de nadie, que nada hagas inclinándote á la una parte.  22No impongas de ligero las manos á ninguno, ni comuniques en pecados ajenos: consérvate en limpieza.  23No bebas de aquí adelante agua, sino usa de un poco de vino por causa del estómago, y de tus continuas enfermedades.  24Los pecados de algunos hombres, antes que vengan ellos á juicio, son manifiestos; mas á otros les vienen después.  25Asimismo las buenas obras antes son manifiestas; y las que son de otra manera, no pueden esconderse."
      },
      {
        "book_name": "1 Timoteus",
        "book": 54,
        "chapter": 5,
        "verse": 1,
        "text": "NO reprendas al anciano, sino exhórtale como á padre: á los más jóvenes, como á hermanos;"
      },
      {
        "book_name": "1 Timoteus",
        "book": 54,
        "chapter": 5,
        "verse": 2,
        "text": "A las ancianas, como á madres; á las jovencitas, como á hermanas, con toda pureza."
      },
      {
        "book_name": "1 Timoteus",
        "book": 54,
        "chapter": 5,
        "verse": 3,
        "text": "Honra á las viudas que en verdad son viudas."
      },
      {
        "book_name": "1 Timoteus",
        "book": 54,
        "chapter": 5,
        "verse": 4,
        "text": "Pero si alguna viuda tuviere hijos, ó nietos, aprendan primero á gobernar su casa piadosamente, y á recompensar á sus padres: porque esto es lo honesto y agradable delante de Dios."
      },
      {
        "book_name": "1 Timoteus",
        "book": 54,
        "chapter": 5,
        "verse": 5,
        "text": "Ahora, la que en verdad es viuda y solitaria, espera en Dios, y es diligente en suplicaciones y oraciones noche y día."
      },
      {
        "book_name": "1 Timoteus",
        "book": 54,
        "chapter": 5,
        "verse": 6,
        "text": "Pero la que vive en delicias, viviendo está muerta."
      },
      {
        "book_name": "1 Timoteus",
        "book": 54,
        "chapter": 5,
        "verse": 7,
        "text": "Denuncia pues estas cosas, para que sean sin reprensión."
      },
      {
        "book_name": "1 Timoteus",
        "book": 54,
        "chapter": 5,
        "verse": 8,
        "text": "Y si alguno no tiene cuidado de los suyos, y mayormente de los de su casa, la fe negó, y es peor que un infiel."
      },
      {
        "book_name": "1 Timoteus",
        "book": 54,
        "chapter": 5,
        "verse": 9,
        "text": "La viuda sea puesta en clase especial, no menos que de sesenta años, que haya sido esposa de un solo marido."
      },
      {
        "book_name": "1 Timoteus",
        "book": 54,
        "chapter": 5,
        "verse": 10,
        "text": "Que tenga testimonio en buenas obras; si crió hijos; si ha ejercitado la hospitalidad; si ha lavado los pies de los santos; si ha socorrido á los afligidos; si ha seguido toda buena obra."
      },
      {
        "book_name": "1 Timoteus",
        "book": 54,
        "chapter": 5,
        "verse": 11,
        "text": "Pero viudas más jóvenes no admitas: porque después de hacerse licenciosas contra Cristo, quieren casarse."
      },
      {
        "book_name": "1 Timoteus",
        "book": 54,
        "chapter": 5,
        "verse": 12,
        "text": "Condenadas ya, por haber falseado la primera fe."
      },
      {
        "book_name": "1 Timoteus",
        "book": 54,
        "chapter": 5,
        "verse": 13,
        "text": "Y aun también se acostrumbran á ser ociosas, á andar de casa en casa; y no solamente ociosas, sino también parleras y curiosas, hablando lo que no conviene."
      },
      {
        "book_name": "1 Timoteus",
        "book": 54,
        "chapter": 5,
        "verse": 14,
        "text": "Quiero pues, que las que son jóvenes se casen, críen hijos, gobiernen la casa; que ninguna ocasión den al adversario para maldecir."
      },
      {
        "book_name": "1 Timoteus",
        "book": 54,
        "chapter": 5,
        "verse": 15,
        "text": "Porque ya algunas han vuelto atrás en pos de Satanás."
      },
      {
        "book_name": "1 Timoteus",
        "book": 54,
        "chapter": 5,
        "verse": 16,
        "text": "Si algún fiel ó alguna fiel tiene viudas, manténgalas, y no sea gravada la iglesia; á fin de que haya lo suficiente para las que de verdad son viudas."
      },
      {
        "book_name": "1 Timoteus",
        "book": 54,
        "chapter": 5,
        "verse": 17,
        "text": "Los ancianos que gobiernan bien, sean tenidos por dignos de doblada honra; mayormente los que trabajan en predicar y enseñar."
      },
      {
        "book_name": "1 Timoteus",
        "book": 54,
        "chapter": 5,
        "verse": 18,
        "text": "Porque la Escritura dice: No embozarás al buey que trilla; y: Digno es el obrero de su jornal."
      },
      {
        "book_name": "1 Timoteus",
        "book": 54,
        "chapter": 5,
        "verse": 19,
        "text": "Contra el anciano no recibas acusación sino con dos ó tres testigos."
      },
      {
        "book_name": "1 Timoteus",
        "book": 54,
        "chapter": 5,
        "verse": 20,
        "text": "A los que pecaren, repréndelos delante de todos, para que los otros también teman."
      },
      {
        "book_name": "1 Timoteus",
        "book": 54,
        "chapter": 5,
        "verse": 21,
        "text": "Te requiero delante de Dios y del Señor Jesucristo, y de sus ángeles escogidos, que guardes estas cosas sin perjuicio de nadie, que nada hagas inclinándote á la una parte."
      },
      {
        "book_name": "1 Timoteus",
        "book": 54,
        "chapter": 5,
        "verse": 22,
        "text": "No impongas de ligero las manos á ninguno, ni comuniques en pecados ajenos: consérvate en limpieza."
      },
      {
        "book_name": "1 Timoteus",
        "book": 54,
        "chapter": 5,
        "verse": 23,
        "text": "No bebas de aquí adelante agua, sino usa de un poco de vino por causa del estómago, y de tus continuas enfermedades."
      },
      {
        "book_name": "1 Timoteus",
        "book": 54,
        "chapter": 5,
        "verse": 24,
        "text": "Los pecados de algunos hombres, antes que vengan ellos á juicio, son manifiestos; mas á otros les vienen después."
      },
      {
        "book_name": "1 Timoteus",
        "book": 54,
        "chapter": 5,
        "verse": 25,
        "text": "Asimismo las buenas obras antes son manifiestas; y las que son de otra manera, no pueden esconderse."
      }
    ],
    "6": [
      {
        "book_name": "1 Timoteus",
        "book": 54,
        "chapter": 6,
        "verse": 1,
        "text": "1TODOS los que están debajo del yugo de servidumbre, tengan á sus señores por dignos de toda honra, porque no sea blasfemado el nombre del Señor y la doctrina. 2Y los que tienen amos fieles, no los tengan en menos, por ser hermanos; antes sírvanles mejor, por cuanto son fieles y amados, y partícipes del beneficio. Esto enseña y exhorta. 3Si alguno enseña otra cosa, y no asiente á sanas palabras de nuestro Señor Jesucristo, y á la doctrina que es conforme á la piedad; 4Es hinchado, nada sabe, y enloquece acerca de cuestiones y contiendas de palabras, de las cuales nacen envidias, pleitos, maledicencias, malas sospechas, 5Porfías de hombres corruptos de entendimiento y privados de la verdad, que tienen la piedad por granjería: apártate de los tales. 6Empero grande granjería es la piedad con contentamiento.  7Porque nada hemos traído á este mundo, y sin duda nada podremos sacar.  8Así que, teniendo sustento y con qué cubrirnos, seamos contentos con esto.  9Porque los que quieren enriquecerse, caen en tentación y lazo, y en muchas codicias locas y dañosas, que hunden á los hombres en perdición y muerte.  10Porque el amor del dinero es la raíz de todos los males: el cual codiciando algunos, se descaminaron de la fe, y fueron traspasados de muchos dolores.  11Mas tú, oh hombre de Dios, huye de estas cosas, y sigue la justicia, la piedad, la fe, la caridad, la paciencia, la mansedumbre.  12Pelea la buena batalla de la fe, echa mano de la vida eterna, á la cual asimismo eres llamado, habiendo hecho buena profesión delante de muchos testigos.  13Te mando delante de Dios, que da vida á todas las cosas, y de Jesucristo, que testificó la buena profesión delante de Poncio Pilato,  14Que guardes el mandamiento sin mácula ni reprensión, hasta la aparición de nuestro Señor Jesucristo:  15La cual á su tiempo mostrará el Bienaventurado y solo Poderoso, Rey de reyes, y Señor de señores;  16Quien sólo tiene inmortalidad, que habita en luz inaccesible; á quien ninguno de los hombres ha visto ni puede ver: al cual sea la honra y el imperio sempiterno. Amén.  17A los ricos de este siglo manda que no sean altivos, ni pongan la esperanza en la incertidumbre de las riquezas, sino en el Dios vivo, que nos da todas las cosas en abundancia de que gocemos:  18Que hagan bien, que sean ricos en buenas obras, dadivosos, que con facilidad comuniquen;  19Atesorando para sí buen fundamento para lo por venir, que echen mano á la vida eterna.  20Oh Timoteo, guarda lo que se te ha encomendado, evitando las profanas pláticas de vanas cosas, y los argumentos de la falsamente llamada ciencia:  21La cual profesando algunos, fueron descaminados acerca de la fe. La gracia sea contigo. Amén. espístola á Timoteo fué escrita de Laodicea, que es metrópoli de la Frigia Pacatiana."
      },
      {
        "book_name": "1 Timoteus",
        "book": 54,
        "chapter": 6,
        "verse": 1,
        "text": "TODOS los que están debajo del yugo de servidumbre, tengan á sus señores por dignos de toda honra, porque no sea blasfemado el nombre del Señor y la doctrina."
      },
      {
        "book_name": "1 Timoteus",
        "book": 54,
        "chapter": 6,
        "verse": 2,
        "text": "Y los que tienen amos fieles, no los tengan en menos, por ser hermanos; antes sírvanles mejor, por cuanto son fieles y amados, y partícipes del beneficio. Esto enseña y exhorta."
      },
      {
        "book_name": "1 Timoteus",
        "book": 54,
        "chapter": 6,
        "verse": 3,
        "text": "Si alguno enseña otra cosa, y no asiente á sanas palabras de nuestro Señor Jesucristo, y á la doctrina que es conforme á la piedad;"
      },
      {
        "book_name": "1 Timoteus",
        "book": 54,
        "chapter": 6,
        "verse": 4,
        "text": "Es hinchado, nada sabe, y enloquece acerca de cuestiones y contiendas de palabras, de las cuales nacen envidias, pleitos, maledicencias, malas sospechas,"
      },
      {
        "book_name": "1 Timoteus",
        "book": 54,
        "chapter": 6,
        "verse": 5,
        "text": "Porfías de hombres corruptos de entendimiento y privados de la verdad, que tienen la piedad por granjería: apártate de los tales."
      },
      {
        "book_name": "1 Timoteus",
        "book": 54,
        "chapter": 6,
        "verse": 6,
        "text": "Empero grande granjería es la piedad con contentamiento."
      },
      {
        "book_name": "1 Timoteus",
        "book": 54,
        "chapter": 6,
        "verse": 7,
        "text": "Porque nada hemos traído á este mundo, y sin duda nada podremos sacar."
      },
      {
        "book_name": "1 Timoteus",
        "book": 54,
        "chapter": 6,
        "verse": 8,
        "text": "Así que, teniendo sustento y con qué cubrirnos, seamos contentos con esto."
      },
      {
        "book_name": "1 Timoteus",
        "book": 54,
        "chapter": 6,
        "verse": 9,
        "text": "Porque los que quieren enriquecerse, caen en tentación y lazo, y en muchas codicias locas y dañosas, que hunden á los hombres en perdición y muerte."
      },
      {
        "book_name": "1 Timoteus",
        "book": 54,
        "chapter": 6,
        "verse": 10,
        "text": "Porque el amor del dinero es la raíz de todos los males: el cual codiciando algunos, se descaminaron de la fe, y fueron traspasados de muchos dolores."
      },
      {
        "book_name": "1 Timoteus",
        "book": 54,
        "chapter": 6,
        "verse": 11,
        "text": "Mas tú, oh hombre de Dios, huye de estas cosas, y sigue la justicia, la piedad, la fe, la caridad, la paciencia, la mansedumbre."
      },
      {
        "book_name": "1 Timoteus",
        "book": 54,
        "chapter": 6,
        "verse": 12,
        "text": "Pelea la buena batalla de la fe, echa mano de la vida eterna, á la cual asimismo eres llamado, habiendo hecho buena profesión delante de muchos testigos."
      },
      {
        "book_name": "1 Timoteus",
        "book": 54,
        "chapter": 6,
        "verse": 13,
        "text": "Te mando delante de Dios, que da vida á todas las cosas, y de Jesucristo, que testificó la buena profesión delante de Poncio Pilato,"
      },
      {
        "book_name": "1 Timoteus",
        "book": 54,
        "chapter": 6,
        "verse": 14,
        "text": "Que guardes el mandamiento sin mácula ni reprensión, hasta la aparición de nuestro Señor Jesucristo:"
      },
      {
        "book_name": "1 Timoteus",
        "book": 54,
        "chapter": 6,
        "verse": 15,
        "text": "La cual á su tiempo mostrará el Bienaventurado y solo Poderoso, Rey de reyes, y Señor de señores;"
      },
      {
        "book_name": "1 Timoteus",
        "book": 54,
        "chapter": 6,
        "verse": 16,
        "text": "Quien sólo tiene inmortalidad, que habita en luz inaccesible; á quien ninguno de los hombres ha visto ni puede ver: al cual sea la honra y el imperio sempiterno. Amén."
      },
      {
        "book_name": "1 Timoteus",
        "book": 54,
        "chapter": 6,
        "verse": 17,
        "text": "A los ricos de este siglo manda que no sean altivos, ni pongan la esperanza en la incertidumbre de las riquezas, sino en el Dios vivo, que nos da todas las cosas en abundancia de que gocemos:"
      },
      {
        "book_name": "1 Timoteus",
        "book": 54,
        "chapter": 6,
        "verse": 18,
        "text": "Que hagan bien, que sean ricos en buenas obras, dadivosos, que con facilidad comuniquen;"
      },
      {
        "book_name": "1 Timoteus",
        "book": 54,
        "chapter": 6,
        "verse": 19,
        "text": "Atesorando para sí buen fundamento para lo por venir, que echen mano á la vida eterna."
      },
      {
        "book_name": "1 Timoteus",
        "book": 54,
        "chapter": 6,
        "verse": 20,
        "text": "Oh Timoteo, guarda lo que se te ha encomendado, evitando las profanas pláticas de vanas cosas, y los argumentos de la falsamente llamada ciencia:"
      },
      {
        "book_name": "1 Timoteus",
        "book": 54,
        "chapter": 6,
        "verse": 21,
        "text": "La cual profesando algunos, fueron descaminados acerca de la fe. La gracia sea contigo. Amén. espístola á Timoteo fué escrita de Laodicea, que es metrópoli de la Frigia Pacatiana."
      }
    ]
  }
}