{
  "source": "bible.com",
  "version": "Reina Valera (1602)",
  "book": "2 John",
  "chapters": {
    "1": [
      {
        "book_name": "2 John",
        "book": 63,
        "chapter": 1,
        "verse": 1,
        "text": "1EL anciano á la señora elegida y á sus hijos, á los cuales yo amo en verdad y no yo solo, sino también todos los que han conocido la verdad, 2Por la verdad que está en nosotros, y será perpetuamente con nosotros: 3Sea con vosotros gracia, misericordia, y paz de Dios Padre, y del Señor Jesucristo, Hijo del Padre, en verdad y en amor. 4Mucho me he gozado, porque he hallado de tus hijos, que andan en verdad, como nosotros hemos recibido el mandamiento del Padre. 5Y ahora te ruego, señora, no como escribiéndote un nuevo mandamiento, sino aquel que nosotros hemos tenido desde el principio, que nos amemos unos á otros.  6Y este es amor, que andemos según sus mandamientos. Este es el mandamiento: Que andéis en él, como vosotros habéis oído desde el principio.  7Porque muchos engañadores son entrados en el mundo, los cuales no confiesan que Jesucristo ha venido en carne. Este tal el engañador es, y el anticristo.  8Mirad por vosotros mismos, porque no perdamos las cosas que hemos obrado, sino que recibamos galardón cumplido.  9Cualquiera que se rebela, y no persevera en la doctrina de Cristo, no tiene á Dios: el que persevera en la doctrina de Cristo, el tal tiene al Padre y al Hijo.  10Si alguno viene á vosotros, y no trae esta doctrina, no lo recibáis en casa, ni le digáis: ­bienvenido!  11Porque el que le dice bienvenido, comunica con sus malas obras.  12Aunque tengo muchas cosas que escribiros, no he querido comunicarlas por medio de papel y tinta; mas espero ir á vosotros, y hablar boca á boca, para que nuestro gozo sea cumplido.  13Los hijos de tu hermana elegida te saludan. Amén."
      },
      {
        "book_name": "2 John",
        "book": 63,
        "chapter": 1,
        "verse": 1,
        "text": "EL anciano á la señora elegida y á sus hijos, á los cuales yo amo en verdad y no yo solo, sino también todos los que han conocido la verdad,"
      },
      {
        "book_name": "2 John",
        "book": 63,
        "chapter": 1,
        "verse": 2,
        "text": "Por la verdad que está en nosotros, y será perpetuamente con nosotros:"
      },
      {
        "book_name": "2 John",
        "book": 63,
        "chapter": 1,
        "verse": 3,
        "text": "Sea con vosotros gracia, misericordia, y paz de Dios Padre, y del Señor Jesucristo, Hijo del Padre, en verdad y en amor."
      },
      {
        "book_name": "2 John",
        "book": 63,
        "chapter": 1,
        "verse": 4,
        "text": "Mucho me he gozado, porque he hallado de tus hijos, que andan en verdad, como nosotros hemos recibido el mandamiento del Padre."
      },
      {
        "book_name": "2 John",
        "book": 63,
        "chapter": 1,
        "verse": 5,
        "text": "Y ahora te ruego, señora, no como escribiéndote un nuevo mandamiento, sino aquel que nosotros hemos tenido desde el principio, que nos amemos unos á otros."
      },
      {
        "book_name": "2 John",
        "book": 63,
        "chapter": 1,
        "verse": 6,
        "text": "Y este es amor, que andemos según sus mandamientos. Este es el mandamiento: Que andéis en él, como vosotros habéis oído desde el principio."
      },
      {
        "book_name": "2 John",
        "book": 63,
        "chapter": 1,
        "verse": 7,
        "text": "Porque muchos engañadores son entrados en el mundo, los cuales no confiesan que Jesucristo ha venido en carne. Este tal el engañador es, y el anticristo."
      },
      {
        "book_name": "2 John",
        "book": 63,
        "chapter": 1,
        "verse": 8,
        "text": "Mirad por vosotros mismos, porque no perdamos las cosas que hemos obrado, sino que recibamos galardón cumplido."
      },
      {
        "book_name": "2 John",
        "book": 63,
        "chapter": 1,
        "verse": 9,
        "text": "Cualquiera que se rebela, y no persevera en la doctrina de Cristo, no tiene á Dios: el que persevera en la doctrina de Cristo, el tal tiene al Padre y al Hijo."
      },
      {
        "book_name": "2 John",
        "book": 63,
        "chapter": 1,
        "verse": 10,
        "text": "Si alguno viene á vosotros, y no trae esta doctrina, no lo recibáis en casa, ni le digáis: ­bienvenido!"
      },
      {
        "book_name": "2 John",
        "book": 63,
        "chapter": 1,
        "verse": 11,
        "text": "Porque el que le dice bienvenido, comunica con sus malas obras."
      },
      {
        "book_name": "2 John",
        "book": 63,
        "chapter": 1,
        "verse": 12,
        "text": "Aunque tengo muchas cosas que escribiros, no he querido comunicarlas por medio de papel y tinta; mas espero ir á vosotros, y hablar boca á boca, para que nuestro gozo sea cumplido."
      },
      {
        "book_name": "2 John",
        "book": 63,
        "chapter": 1,
        "verse": 13,
        "text": "Los hijos de tu hermana elegida te saludan. Amén."
      }
    ]
  }
}