{
  "source": "bible.com",
  "version": "Reina Valera (1602)",
  "book": "2 Peter",
  "chapters": {
    "1": [
      {
        "book_name": "2 Peter",
        "book": 61,
        "chapter": 1,
        "verse": 1,
        "text": "1SIMON Pedro, siervo y apóstol de Jesucristo, á los que habéis alcanzado fe igualmente preciosa con nosotros en la justicia de nuestro Dios y Salvador Jesucristo: 2Gracia y paz os sea multiplicada en el conocimiento de Dios, y de nuestro Señor Jesús. 3Como todas las cosas que pertenecen á la vida y á la piedad nos sean dadas de su divina potencia, por el conocimiento de aquel que nos ha llamado por su gloria y virtud: 4Por las cuales nos son dadas preciosas y grandísimas promesas, para que por ellas fueseis hechos participantes de la naturaleza divina, habiendo huído de la corrupción que está en el mundo por concupiscencia. 5Vosotros también, poniendo toda diligencia por esto mismo, mostrad en vuestra fe virtud, y en la virtud ciencia;  6Y en la ciencia templanza, y en la templanza paciencia, y en la paciencia temor de Dios;  7Y en el temor de Dios, amor fraternal, y en el amor fraternal caridad.  8Porque si en vosotros hay estas cosas, y abundan, no os dejarán estar ociosos, ni estériles en el conocimiento de nuestro Señor Jesucristo.  9Mas el que no tiene estas cosas, es ciego, y tiene la vista muy corta, habiendo olvidado la purificación de sus antiguos pecados.  10Por lo cual, hermanos, procurad tanto más de hacer firme vuestra vocación y elección; porque haciendo estas cosas, no caeréis jamás.  11Porque de esta manera os será abundantemente administrada la entrada en el reino eterno de nuestro Señor y Salvador Jesucristo.  12Por esto, yo no dejaré de amonestaros siempre de estas cosas, aunque vosotros las sepáis, y estéis confirmados en la verdad presente.  13Porque tengo por justo, en tanto que estoy en este tabernáculo, de incitaros con amonestación:  14Sabiendo que brevemente tengo de dejar mi tabernáculo, como nuestro Señor Jesucristo me ha declarado.  15También yo procuraré con diligencia, que después de mi fallecimiento, vosotros podáis siempre tener memoria de estas cosas.  16Porque no os hemos dado á conocer la potencia y la venida de nuestro Señor Jesucristo, siguiendo fábulas por arte compuestas; sino como habiendo con nuestros propios ojos visto su majestad.  17Porque él había recibido de Dios Padre honra y gloria, cuando una tal voz fué á él enviada de la magnífica gloria: Este es el amado Hijo mío, en el cual yo me he agradado.  18Y nosotros oímos esta voz enviada del cielo, cuando estábamos juntamente con él en el monte santo.  19Tenemos también la palabra profética más permanente, á la cual hacéis bien de estar atentos como á una antorcha que alumbra en lugar oscuro hasta que el día esclarezca, y el lucero de la mañana salga en vuestros corazones:  20Entendiendo primero esto, que ninguna profecía de la Escritura es de particular interpretación;  21Porque la profecía no fué en los tiempos pasados traída por voluntad humana, sino los santos hombres de Dios hablaron siendo inspirados del Espíritu Santo."
      },
      {
        "book_name": "2 Peter",
        "book": 61,
        "chapter": 1,
        "verse": 1,
        "text": "SIMON Pedro, siervo y apóstol de Jesucristo, á los que habéis alcanzado fe igualmente preciosa con nosotros en la justicia de nuestro Dios y Salvador Jesucristo:"
      },
      {
        "book_name": "2 Peter",
        "book": 61,
        "chapter": 1,
        "verse": 2,
        "text": "Gracia y paz os sea multiplicada en el conocimiento de Dios, y de nuestro Señor Jesús."
      },
      {
        "book_name": "2 Peter",
        "book": 61,
        "chapter": 1,
        "verse": 3,
        "text": "Como todas las cosas que pertenecen á la vida y á la piedad nos sean dadas de su divina potencia, por el conocimiento de aquel que nos ha llamado por su gloria y virtud:"
      },
      {
        "book_name": "2 Peter",
        "book": 61,
        "chapter": 1,
        "verse": 4,
        "text": "Por las cuales nos son dadas preciosas y grandísimas promesas, para que por ellas fueseis hechos participantes de la naturaleza divina, habiendo huído de la corrupción que está en el mundo por concupiscencia."
      },
      {
        "book_name": "2 Peter",
        "book": 61,
        "chapter": 1,
        "verse": 5,
        "text": "Vosotros también, poniendo toda diligencia por esto mismo, mostrad en vuestra fe virtud, y en la virtud ciencia;"
      },
      {
        "book_name": "2 Peter",
        "book": 61,
        "chapter": 1,
        "verse": 6,
        "text": "Y en la ciencia templanza, y en la templanza paciencia, y en la paciencia temor de Dios;"
      },
      {
        "book_name": "2 Peter",
        "book": 61,
        "chapter": 1,
        "verse": 7,
        "text": "Y en el temor de Dios, amor fraternal, y en el amor fraternal caridad."
      },
      {
        "book_name": "2 Peter",
        "book": 61,
        "chapter": 1,
        "verse": 8,
        "text": "Porque si en vosotros hay estas cosas, y abundan, no os dejarán estar ociosos, ni estériles en el conocimiento de nuestro Señor Jesucristo."
      },
      {
        "book_name": "2 Peter",
        "book": 61,
        "chapter": 1,
        "verse": 9,
        "text": "Mas el que no tiene estas cosas, es ciego, y tiene la vista muy corta, habiendo olvidado la purificación de sus antiguos pecados."
      },
      {
        "book_name": "2 Peter",
        "book": 61,
        "chapter": 1,
        "verse": 10,
        "text": "Por lo cual, hermanos, procurad tanto más de hacer firme vuestra vocación y elección; porque haciendo estas cosas, no caeréis jamás."
      },
      {
        "book_name": "2 Peter",
        "book": 61,
        "chapter": 1,
        "verse": 11,
        "text": "Porque de esta manera os será abundantemente administrada la entrada en el reino eterno de nuestro Señor y Salvador Jesucristo."
      },
      {
        "book_name": "2 Peter",
        "book": 61,
        "chapter": 1,
        "verse": 12,
        "text": "Por esto, yo no dejaré de amonestaros siempre de estas cosas, aunque vosotros las sepáis, y estéis confirmados en la verdad presente."
      },
      {
        "book_name": "2 Peter",
        "book": 61,
        "chapter": 1,
        "verse": 13,
        "text": "Porque tengo por justo, en tanto que estoy en este tabernáculo, de incitaros con amonestación:"
      },
      {
        "book_name": "2 Peter",
        "book": 61,
        "chapter": 1,
        "verse": 14,
        "text": "Sabiendo que brevemente tengo de dejar mi tabernáculo, como nuestro Señor Jesucristo me ha declarado."
      },
      {
        "book_name": "2 Peter",
        "book": 61,
        "chapter": 1,
        "verse": 15,
        "text": "También yo procuraré con diligencia, que después de mi fallecimiento, vosotros podáis siempre tener memoria de estas cosas."
      },
      {
        "book_name": "2 Peter",
        "book": 61,
        "chapter": 1,
        "verse": 16,
        "text": "Porque no os hemos dado á conocer la potencia y la venida de nuestro Señor Jesucristo, siguiendo fábulas por arte compuestas; sino como habiendo con nuestros propios ojos visto su majestad."
      },
      {
        "book_name": "2 Peter",
        "book": 61,
        "chapter": 1,
        "verse": 17,
        "text": "Porque él había recibido de Dios Padre honra y gloria, cuando una tal voz fué á él enviada de la magnífica gloria: Este es el amado Hijo mío, en el cual yo me he agradado."
      },
      {
        "book_name": "2 Peter",
        "book": 61,
        "chapter": 1,
        "verse": 18,
        "text": "Y nosotros oímos esta voz enviada del cielo, cuando estábamos juntamente con él en el monte santo."
      },
      {
        "book_name": "2 Peter",
        "book": 61,
        "chapter": 1,
        "verse": 19,
        "text": "Tenemos también la palabra profética más permanente, á la cual hacéis bien de estar atentos como á una antorcha que alumbra en lugar oscuro hasta que el día esclarezca, y el lucero de la mañana salga en vuestros corazones:"
      },
      {
        "book_name": "2 Peter",
        "book": 61,
        "chapter": 1,
        "verse": 20,
        "text": "Entendiendo primero esto, que ninguna profecía de la Escritura es de particular interpretación;"
      },
      {
        "book_name": "2 Peter",
        "book": 61,
        "chapter": 1,
        "verse": 21,
        "text": "Porque la profecía no fué en los tiempos pasados traída por voluntad humana, sino los santos hombres de Dios hablaron siendo inspirados del Espíritu Santo."
      }
    ],
    "2": [
      {
        "book_name": "2 Peter",
        "book": 61,
        "chapter": 2,
        "verse": 1,
        "text": "1PERO hubo también falsos profetas en el pueblo, como habrá entre vosotros falsos doctores, que introducirán encubiertamente herejías de perdición, y negarán al Señor que los rescató, atrayendo sobre sí mismos perdición acelerada. 2Y muchos seguirán sus disoluciones, por los cuales el camino de la verdad será blasfemado; 3Y por avaricia harán mercadería de vosotros con palabras fingidas, sobre los cuales la condenación ya de largo tiempo no se tarda, y su perdición no se duerme.  4Porque si Dios no perdonó á los ángeles que habían pecado, sino que habiéndolos despeñado en el infierno con cadenas de oscuridad, los entregó para ser reservados al juicio;  5Y si no perdonó al mundo viejo, mas guardó á Noé, pregonero de justicia, con otras siete personas, trayendo el diluvio sobre el mundo de malvados;  6Y si condenó por destrucción las ciudades de Sodoma y de Gomorra, tornándolas en ceniza, y poniéndolas por ejemplo á los que habían de vivir sin temor y reverencia de Dios,  7Y libró al justo Lot, acosado por la nefanda conducta de los malvados;  8(Porque este justo, con ver y oir, morando entre ellos, afligía cada día su alma justa con los hechos de aquellos injustos;)  9Sabe el Señor librar de tentación á los píos, y reservar á los injustos para ser atormentados en el día del juicio;  10Y principalmente á aquellos que, siguiendo la carne, andan en concupiscencia é inmundicia, y desprecian la potestad; atrevidos, contumaces, que no temen decir mal de las potestades superiores:  11Como quiera que los mismos ángeles, que son mayores en fuerza y en potencia, no pronuncian juicio de maldición contra ellas delante del Señor.  12Mas éstos, diciendo mal de las cosas que no entienden, como bestias brutas, que naturalmente son hechas para presa y destrucción, perecerán en su perdición,  13Recibiendo el galardón de su injusticia, ya que reputan por delicia poder gozar de deleites cada día. Estos son suciedades y manchas, los cuales comiendo con vosotros, juntamente se recrean en sus errores;  14Teniendo los ojos llenos de adulterio, y no saben cesar de pecar; cebando las almas inconstantes; teniendo el corazón ejercitado en codicias, siendo hijos de maldición;  15Que han dejado el camino derecho, y se han extraviado, siguiendo el camino de Balaam, hijo de Bosor, el cual amó el premio de la maldad.  16Y fué reprendido por su iniquidad: una muda bestia de carga, hablando en voz de hombre, refrenó la locura del profeta.  17Estos son fuentes sin agua, y nubes traídas de torbellino de viento: para los cuales está guardada la oscuridad de las tinieblas para siempre.  18Porque hablando arrogantes palabras de vanidad, ceban con las concupiscencias de la carne en disoluciones á los que verdaderamente habían huído de los que conversan en error;  19Prometiéndoles libertad, siendo ellos mismos siervos de corrupción. Porque el que es de alguno vencido, es sujeto á la servidumbre del que lo venció.  20Ciertamente, si habiéndose ellos apartado de las contaminaciones del mundo, por el conocimiento del Señor y Salvador Jesucristo, y otra vez envolviéndose en ellas, son vencidos, sus postrimerías les son hechas peores que los principios.  21Porque mejor les hubiera sido no haber conocido el camino de la justicia, que después de haberlo conocido, tornarse atrás del santo mandamiento que les fué dado.  22Pero les ha acontecido lo del verdadero proverbio: El perro se volvió á su vómito, y la puerca lavada á revolcarse en el cieno."
      },
      {
        "book_name": "2 Peter",
        "book": 61,
        "chapter": 2,
        "verse": 1,
        "text": "PERO hubo también falsos profetas en el pueblo, como habrá entre vosotros falsos doctores, que introducirán encubiertamente herejías de perdición, y negarán al Señor que los rescató, atrayendo sobre sí mismos perdición acelerada."
      },
      {
        "book_name": "2 Peter",
        "book": 61,
        "chapter": 2,
        "verse": 2,
        "text": "Y muchos seguirán sus disoluciones, por los cuales el camino de la verdad será blasfemado;"
      },
      {
        "book_name": "2 Peter",
        "book": 61,
        "chapter": 2,
        "verse": 3,
        "text": "Y por avaricia harán mercadería de vosotros con palabras fingidas, sobre los cuales la condenación ya de largo tiempo no se tarda, y su perdición no se duerme."
      },
      {
        "book_name": "2 Peter",
        "book": 61,
        "chapter": 2,
        "verse": 4,
        "text": "Porque si Dios no perdonó á los ángeles que habían pecado, sino que habiéndolos despeñado en el infierno con cadenas de oscuridad, los entregó para ser reservados al juicio;"
      },
      {
        "book_name": "2 Peter",
        "book": 61,
        "chapter": 2,
        "verse": 5,
        "text": "Y si no perdonó al mundo viejo, mas guardó á Noé, pregonero de justicia, con otras siete personas, trayendo el diluvio sobre el mundo de malvados;"
      },
      {
        "book_name": "2 Peter",
        "book": 61,
        "chapter": 2,
        "verse": 6,
        "text": "Y si condenó por destrucción las ciudades de Sodoma y de Gomorra, tornándolas en ceniza, y poniéndolas por ejemplo á los que habían de vivir sin temor y reverencia de Dios,"
      },
      {
        "book_name": "2 Peter",
        "book": 61,
        "chapter": 2,
        "verse": 7,
        "text": "Y libró al justo Lot, acosado por la nefanda conducta de los malvados;"
      },
      {
        "book_name": "2 Peter",
        "book": 61,
        "chapter": 2,
        "verse": 8,
        "text": "(Porque este justo, con ver y oir, morando entre ellos, afligía cada día su alma justa con los hechos de aquellos injustos;)"
      },
      {
        "book_name": "2 Peter",
        "book": 61,
        "chapter": 2,
        "verse": 9,
        "text": "Sabe el Señor librar de tentación á los píos, y reservar á los injustos para ser atormentados en el día del juicio;"
      },
      {
        "book_name": "2 Peter",
        "book": 61,
        "chapter": 2,
        "verse": 10,
        "text": "Y principalmente á aquellos que, siguiendo la carne, andan en concupiscencia é inmundicia, y desprecian la potestad; atrevidos, contumaces, que no temen decir mal de las potestades superiores:"
      },
      {
        "book_name": "2 Peter",
        "book": 61,
        "chapter": 2,
        "verse": 11,
        "text": "Como quiera que los mismos ángeles, que son mayores en fuerza y en potencia, no pronuncian juicio de maldición contra ellas delante del Señor."
      },
      {
        "book_name": "2 Peter",
        "book": 61,
        "chapter": 2,
        "verse": 12,
        "text": "Mas éstos, diciendo mal de las cosas que no entienden, como bestias brutas, que naturalmente son hechas para presa y destrucción, perecerán en su perdición,"
      },
      {
        "book_name": "2 Peter",
        "book": 61,
        "chapter": 2,
        "verse": 13,
        "text": "Recibiendo el galardón de su injusticia, ya que reputan por delicia poder gozar de deleites cada día. Estos son suciedades y manchas, los cuales comiendo con vosotros, juntamente se recrean en sus errores;"
      },
      {
        "book_name": "2 Peter",
        "book": 61,
        "chapter": 2,
        "verse": 14,
        "text": "Teniendo los ojos llenos de adulterio, y no saben cesar de pecar; cebando las almas inconstantes; teniendo el corazón ejercitado en codicias, siendo hijos de maldición;"
      },
      {
        "book_name": "2 Peter",
        "book": 61,
        "chapter": 2,
        "verse": 15,
        "text": "Que han dejado el camino derecho, y se han extraviado, siguiendo el camino de Balaam, hijo de Bosor, el cual amó el premio de la maldad."
      },
      {
        "book_name": "2 Peter",
        "book": 61,
        "chapter": 2,
        "verse": 16,
        "text": "Y fué reprendido por su iniquidad: una muda bestia de carga, hablando en voz de hombre, refrenó la locura del profeta."
      },
      {
        "book_name": "2 Peter",
        "book": 61,
        "chapter": 2,
        "verse": 17,
        "text": "Estos son fuentes sin agua, y nubes traídas de torbellino de viento: para los cuales está guardada la oscuridad de las tinieblas para siempre."
      },
      {
        "book_name": "2 Peter",
        "book": 61,
        "chapter": 2,
        "verse": 18,
        "text": "Porque hablando arrogantes palabras de vanidad, ceban con las concupiscencias de la carne en disoluciones á los que verdaderamente habían huído de los que conversan en error;"
      },
      {
        "book_name": "2 Peter",
        "book": 61,
        "chapter": 2,
        "verse": 19,
        "text": "Prometiéndoles libertad, siendo ellos mismos siervos de corrupción. Porque el que es de alguno vencido, es sujeto á la servidumbre del que lo venció."
      },
      {
        "book_name": "2 Peter",
        "book": 61,
        "chapter": 2,
        "verse": 20,
        "text": "Ciertamente, si habiéndose ellos apartado de las contaminaciones del mundo, por el conocimiento del Señor y Salvador Jesucristo, y otra vez envolviéndose en ellas, son vencidos, sus postrimerías les son hechas peores que los principios."
      },
      {
        "book_name": "2 Peter",
        "book": 61,
        "chapter": 2,
        "verse": 21,
        "text": "Porque mejor les hubiera sido no haber conocido el camino de la justicia, que después de haberlo conocido, tornarse atrás del santo mandamiento que les fué dado."
      },
      {
        "book_name": "2 Peter",
        "book": 61,
        "chapter": 2,
        "verse": 22,
        "text": "Pero les ha acontecido lo del verdadero proverbio: El perro se volvió á su vómito, y la puerca lavada á revolcarse en el cieno."
      }
    ],
    "3": [
      {
        "book_name": "2 Peter",
        "book": 61,
        "chapter": 3,
        "verse": 1,
        "text": "1CARISIMOS, yo os escribo ahora esta segunda carta, por las cuales ambas despierto con exhortación vuestro limpio entendimiento; 2Para que tengáis memoria de las palabras que antes han sido dichas por los santos profetas, y de nuestro mandamiento, que somos apóstoles del Señor y Salvador: 3Sabiendo primero esto, que en los postrimeros días vendrán burladores, andando según sus propias concupiscencias,  4Y diciendo: ¿Dónde está la promesa de su advenimiento? porque desde el día en que los padres durmieron, todas las cosas permanecen así como desde el principio de la creación.  5Cierto ellos ignoran voluntariamente, que los cielos fueron en el tiempo antiguo, y la tierra que por agua y en agua está asentada, por la palabra de Dios;  6Por lo cual el mundo de entonces pereció anegado en agua:  7Mas los cielos que son ahora, y la tierra, son conservados por la misma palabra, guardados para el fuego en el día del juicio, y de la perdición de los hombres impíos.  8Mas, oh amados, no ignoréis esta una cosa: que un día delante del Señor es como mil años y mil años como un día.  9El Señor no tarda su promesa, como algunos la tienen por tardanza; sino que es paciente para con nosotros, no queriendo que ninguno perezca, sino que todos procedan al arrepentimiento.  10Mas el día del Señor vendrá como ladrón en la noche; en el cual los cielos pasarán con grande estruendo, y los elementos ardiendo serán deshechos, y la tierra y las obras que en ella están serán quemadas.  11Pues como todas estas cosas han de ser deshechas, ¿qué tales conviene que vosotros seáis en santas y pías conversaciones,  12Esperando y apresurándoos para la venida del día de Dios, en el cual los cielos siendo encendidos serán deshechos, y los elementos siendo abrasados, se fundirán?  13Bien que esperamos cielos nuevos y tierra nueva, según sus promesas, en los cuales mora la justicia.  14Por lo cual, oh amados, estando en esperanza de estas cosas, procurad con diligencia que seáis hallados de él sin mácula, y sin reprensión, en paz.  15Y tened por salud la paciencia de nuestro Señor; como también nuestro amado hermano Pablo, según la sabiduría que le ha sido dada, os ha escrito también;  16Casi en todas sus epístolas, hablando en ellas de estas cosas; entre las cuales hay algunas difíciles de entender, las cuales los indoctos é inconstantes tuercen, como también las otras Escrituras, para perdición de sí mismos.  17Así que vosotros, oh amados, pues estáis amonestados, guardaos que por el error de los abominables no seáis juntamente extraviados, y caigáis de vuestra firmeza.  18Mas creced en la gracia y conocimiento de nuestro Señor y Salvador Jesucristo. A él sea gloria ahora y hasta el día de la eternidad. Amén."
      },
      {
        "book_name": "2 Peter",
        "book": 61,
        "chapter": 3,
        "verse": 1,
        "text": "CARISIMOS, yo os escribo ahora esta segunda carta, por las cuales ambas despierto con exhortación vuestro limpio entendimiento;"
      },
      {
        "book_name": "2 Peter",
        "book": 61,
        "chapter": 3,
        "verse": 2,
        "text": "Para que tengáis memoria de las palabras que antes han sido dichas por los santos profetas, y de nuestro mandamiento, que somos apóstoles del Señor y Salvador:"
      },
      {
        "book_name": "2 Peter",
        "book": 61,
        "chapter": 3,
        "verse": 3,
        "text": "Sabiendo primero esto, que en los postrimeros días vendrán burladores, andando según sus propias concupiscencias,"
      },
      {
        "book_name": "2 Peter",
        "book": 61,
        "chapter": 3,
        "verse": 4,
        "text": "Y diciendo: ¿Dónde está la promesa de su advenimiento? porque desde el día en que los padres durmieron, todas las cosas permanecen así como desde el principio de la creación."
      },
      {
        "book_name": "2 Peter",
        "book": 61,
        "chapter": 3,
        "verse": 5,
        "text": "Cierto ellos ignoran voluntariamente, que los cielos fueron en el tiempo antiguo, y la tierra que por agua y en agua está asentada, por la palabra de Dios;"
      },
      {
        "book_name": "2 Peter",
        "book": 61,
        "chapter": 3,
        "verse": 6,
        "text": "Por lo cual el mundo de entonces pereció anegado en agua:"
      },
      {
        "book_name": "2 Peter",
        "book": 61,
        "chapter": 3,
        "verse": 7,
        "text": "Mas los cielos que son ahora, y la tierra, son conservados por la misma palabra, guardados para el fuego en el día del juicio, y de la perdición de los hombres impíos."
      },
      {
        "book_name": "2 Peter",
        "book": 61,
        "chapter": 3,
        "verse": 8,
        "text": "Mas, oh amados, no ignoréis esta una cosa: que un día delante del Señor es como mil años y mil años como un día."
      },
      {
        "book_name": "2 Peter",
        "book": 61,
        "chapter": 3,
        "verse": 9,
        "text": "El Señor no tarda su promesa, como algunos la tienen por tardanza; sino que es paciente para con nosotros, no queriendo que ninguno perezca, sino que todos procedan al arrepentimiento."
      },
      {
        "book_name": "2 Peter",
        "book": 61,
        "chapter": 3,
        "verse": 10,
        "text": "Mas el día del Señor vendrá como ladrón en la noche; en el cual los cielos pasarán con grande estruendo, y los elementos ardiendo serán deshechos, y la tierra y las obras que en ella están serán quemadas."
      },
      {
        "book_name": "2 Peter",
        "book": 61,
        "chapter": 3,
        "verse": 11,
        "text": "Pues como todas estas cosas han de ser deshechas, ¿qué tales conviene que vosotros seáis en santas y pías conversaciones,"
      },
      {
        "book_name": "2 Peter",
        "book": 61,
        "chapter": 3,
        "verse": 12,
        "text": "Esperando y apresurándoos para la venida del día de Dios, en el cual los cielos siendo encendidos serán deshechos, y los elementos siendo abrasados, se fundirán?"
      },
      {
        "book_name": "2 Peter",
        "book": 61,
        "chapter": 3,
        "verse": 13,
        "text": "Bien que esperamos cielos nuevos y tierra nueva, según sus promesas, en los cuales mora la justicia."
      },
      {
        "book_name": "2 Peter",
        "book": 61,
        "chapter": 3,
        "verse": 14,
        "text": "Por lo cual, oh amados, estando en esperanza de estas cosas, procurad con diligencia que seáis hallados de él sin mácula, y sin reprensión, en paz."
      },
      {
        "book_name": "2 Peter",
        "book": 61,
        "chapter": 3,
        "verse": 15,
        "text": "Y tened por salud la paciencia de nuestro Señor; como también nuestro amado hermano Pablo, según la sabiduría que le ha sido dada, os ha escrito también;"
      },
      {
        "book_name": "2 Peter",
        "book": 61,
        "chapter": 3,
        "verse": 16,
        "text": "Casi en todas sus epístolas, hablando en ellas de estas cosas; entre las cuales hay algunas difíciles de entender, las cuales los indoctos é inconstantes tuercen, como también las otras Escrituras, para perdición de sí mismos."
      },
      {
        "book_name": "2 Peter",
        "book": 61,
        "chapter": 3,
        "verse": 17,
        "text": "Así que vosotros, oh amados, pues estáis amonestados, guardaos que por el error de los abominables no seáis juntamente extraviados, y caigáis de vuestra firmeza."
      },
      {
        "book_name": "2 Peter",
        "book": 61,
        "chapter": 3,
        "verse": 18,
        "text": "Mas creced en la gracia y conocimiento de nuestro Señor y Salvador Jesucristo. A él sea gloria ahora y hasta el día de la eternidad. Amén."
      }
    ]
  }
}