{
  "source": "bible.com",
  "version": "Reina Valera (1602)",
  "book": "2 Timothy",
  "chapters": {
    "1": [
      {
        "book_name": "2 Timothy",
        "book": 55,
        "chapter": 1,
        "verse": 1,
        "text": "1PABLO, apóstol de Jesucristo por la voluntad de Dios, según la promesa de la vida que es en Cristo Jesús, 2A Timoteo, amado hijo: Gracia, misericordia, y paz de Dios el Padre y de Jesucristo nuestro Señor. 3Doy gracias á Dios, al cual sirvo desde mis mayores con limpia conciencia, de que sin cesar tengo memoria de ti en mis oraciones noche y día; 4Deseando verte, acordándome de tus lágrimas, para ser lleno de gozo; 5Trayendo á la memoria la fe no fingida que hay en ti, la cual residió primero en tu abuela Loida, y en tu madre Eunice; y estoy cierto que en ti también. 6Por lo cual te aconsejo que despiertes el don de Dios, que está en ti por la imposición de mis manos.  7Porque no nos ha dado Dios el espíritu de temor, sino el de fortaleza, y de amor, y de templanza.  8Por tanto no te avergüences del testimonio de nuestro Señor, ni de mí, preso suyo; antes sé participante de los trabajos del evangelio según la virtud de Dios,  9Que nos salvó y llamó con vocación santa, no conforme á nuestras obras, mas según el intento suyo y gracia, la cual nos es dada en Cristo Jesús antes de los tiempos de los siglos,  10Mas ahora es manifestada por la aparición de nuestro Salvador Jesucristo, el cual quitó la muerte, y sacó á la luz la vida y la inmortalidad por el evangelio;  11Del cual yo soy puesto predicador, y apóstol, y maestro de los Gentiles.  12Por lo cual asimismo padezco esto: mas no me avergüenzo; porque yo sé á quien he creído, y estoy cierto que es poderoso para guardar mi depósito para aquel día.  13Retén la forma de las sanas palabras que de mi oíste, en la fe y amor que es en Cristo Jesús.  14Guarda el buen depósito por el Espíritu Santo que habita en nosotros.  15Ya sabes esto, que me han sido contrarios todos los que son en Asia, de los cuales son Figello y Hermógenes.  16Dé el Señor misericordia á la casa de Onesíforo; que muchas veces me refrigeró, y no se avergonzó de mi cadena:  17Antes, estando él en Roma, me buscó solícitamente, y me halló.  18Déle el Señor que halle misericordia cerca del Señor en aquel día. Y cuánto nos ayudó en Efeso, tú lo sabes mejor."
      },
      {
        "book_name": "2 Timothy",
        "book": 55,
        "chapter": 1,
        "verse": 1,
        "text": "PABLO, apóstol de Jesucristo por la voluntad de Dios, según la promesa de la vida que es en Cristo Jesús,"
      },
      {
        "book_name": "2 Timothy",
        "book": 55,
        "chapter": 1,
        "verse": 2,
        "text": "A Timoteo, amado hijo: Gracia, misericordia, y paz de Dios el Padre y de Jesucristo nuestro Señor."
      },
      {
        "book_name": "2 Timothy",
        "book": 55,
        "chapter": 1,
        "verse": 3,
        "text": "Doy gracias á Dios, al cual sirvo desde mis mayores con limpia conciencia, de que sin cesar tengo memoria de ti en mis oraciones noche y día;"
      },
      {
        "book_name": "2 Timothy",
        "book": 55,
        "chapter": 1,
        "verse": 4,
        "text": "Deseando verte, acordándome de tus lágrimas, para ser lleno de gozo;"
      },
      {
        "book_name": "2 Timothy",
        "book": 55,
        "chapter": 1,
        "verse": 5,
        "text": "Trayendo á la memoria la fe no fingida que hay en ti, la cual residió primero en tu abuela Loida, y en tu madre Eunice; y estoy cierto que en ti también."
      },
      {
        "book_name": "2 Timothy",
        "book": 55,
        "chapter": 1,
        "verse": 6,
        "text": "Por lo cual te aconsejo que despiertes el don de Dios, que está en ti por la imposición de mis manos."
      },
      {
        "book_name": "2 Timothy",
        "book": 55,
        "chapter": 1,
        "verse": 7,
        "text": "Porque no nos ha dado Dios el espíritu de temor, sino el de fortaleza, y de amor, y de templanza."
      },
      {
        "book_name": "2 Timothy",
        "book": 55,
        "chapter": 1,
        "verse": 8,
        "text": "Por tanto no te avergüences del testimonio de nuestro Señor, ni de mí, preso suyo; antes sé participante de los trabajos del evangelio según la virtud de Dios,"
      },
      {
        "book_name": "2 Timothy",
        "book": 55,
        "chapter": 1,
        "verse": 9,
        "text": "Que nos salvó y llamó con vocación santa, no conforme á nuestras obras, mas según el intento suyo y gracia, la cual nos es dada en Cristo Jesús antes de los tiempos de los siglos,"
      },
      {
        "book_name": "2 Timothy",
        "book": 55,
        "chapter": 1,
        "verse": 10,
        "text": "Mas ahora es manifestada por la aparición de nuestro Salvador Jesucristo, el cual quitó la muerte, y sacó á la luz la vida y la inmortalidad por el evangelio;"
      },
      {
        "book_name": "2 Timothy",
        "book": 55,
        "chapter": 1,
        "verse": 11,
        "text": "Del cual yo soy puesto predicador, y apóstol, y maestro de los Gentiles."
      },
      {
        "book_name": "2 Timothy",
        "book": 55,
        "chapter": 1,
        "verse": 12,
        "text": "Por lo cual asimismo padezco esto: mas no me avergüenzo; porque yo sé á quien he creído, y estoy cierto que es poderoso para guardar mi depósito para aquel día."
      },
      {
        "book_name": "2 Timothy",
        "book": 55,
        "chapter": 1,
        "verse": 13,
        "text": "Retén la forma de las sanas palabras que de mi oíste, en la fe y amor que es en Cristo Jesús."
      },
      {
        "book_name": "2 Timothy",
        "book": 55,
        "chapter": 1,
        "verse": 14,
        "text": "Guarda el buen depósito por el Espíritu Santo que habita en nosotros."
      },
      {
        "book_name": "2 Timothy",
        "book": 55,
        "chapter": 1,
        "verse": 15,
        "text": "Ya sabes esto, que me han sido contrarios todos los que son en Asia, de los cuales son Figello y Hermógenes."
      },
      {
        "book_name": "2 Timothy",
        "book": 55,
        "chapter": 1,
        "verse": 16,
        "text": "Dé el Señor misericordia á la casa de Onesíforo; que muchas veces me refrigeró, y no se avergonzó de mi cadena:"
      },
      {
        "book_name": "2 Timothy",
        "book": 55,
        "chapter": 1,
        "verse": 17,
        "text": "Antes, estando él en Roma, me buscó solícitamente, y me halló."
      },
      {
        "book_name": "2 Timothy",
        "book": 55,
        "chapter": 1,
        "verse": 18,
        "text": "Déle el Señor que halle misericordia cerca del Señor en aquel día. Y cuánto nos ayudó en Efeso, tú lo sabes mejor."
      }
    ],
    "2": [
      {
        "book_name": "2 Timothy",
        "book": 55,
        "chapter": 2,
        "verse": 1,
        "text": "1PUES tú, hijo mío, esfuérzate en la gracia que es en Cristo Jesús. 2Y lo que has oído de mí entre muchos testigos, esto encarga á los hombres fieles que serán idóneos para enseñar también á otros. 3Tú pues, sufre trabajos como fiel soldado de Jesucristo. 4Ninguno que milita se embaraza en los negocios de la vida; á fin de agradar á aquel que lo tomó por soldado. 5Y aun también el que lidia, no es coronado si no lidiare legítimamente. 6El labrador, para recibir los frutos, es menester que trabaje primero. 7Considera lo que digo; y el Señor te dé entendimiento en todo. 8Acuérdate que Jesucristo, el cual fué de la simiente de David, resucitó de los muertos conforme á mi evangelio;  9En el que sufro trabajo, hasta las prisiones á modo de malhechor; mas la palabra de Dios no está presa.  10Por tanto, todo lo sufro por amor de los escogidos, para que ellos también consigan la salud que es en Cristo Jesús con gloria eterna.  11Es palabra fiel: Que si somos muertos con él, también viviremos con él:  12Si sufrimos, también reinaremos con él: si negáremos, él también nos negará:  13Si fuéremos infieles, él permanece fiel: no se puede negar á sí mismo.  14Recuérdales esto, protestando delante del Señor que no contiendan en palabras, lo cual para nada aprovecha, antes trastorna á los oyentes.  15Procura con diligencia presentarte á Dios aprobado, como obrero que no tiene de qué avergonzarse, que traza bien la palabra de verdad.  16Mas evita profanas y vanas parlerías; porque muy adelante irán en la impiedad.  17Y la palabra de ellos carcomerá como gangrena: de los cuales es Himeneo y Fileto;  18Que se han descaminado de la verdad, diciendo que la resurrección es ya hecha, y trastornan la fe de algunos.  19Pero el fundamento de Dios está firme, teniendo este sello: Conoce el Señor á los que son suyos; y: Apártese de iniquidad todo aquel que invoca el nombre de Cristo.  20Mas en una casa grande, no solamente hay vasos de oro y de plata, sino también de madera y de barro: y asimismo unos para honra, y otros para deshonra.  21Así que, si alguno se limpiare de estas cosas, será vaso para honra, santificado, y útil para los usos del Señor, y aparejado para todo buena obra.  22Huye también los deseos juveniles; y sigue la justicia, la fe, la caridad, la paz, con los que invocan al Señor de puro corazón.  23Empero las cuestiones necias y sin sabiduría desecha, sabiendo que engendran contiendas.  24Que el siervo del Señor no debe ser litigioso, sino manso para con todos, apto para enseñar, sufrido;  25Que con mansedumbre corrija á los que se oponen: si quizá Dios les dé que se arrepientan para conocer la verdad,  26Y se zafen del lazo del diablo, en que están cuativos á voluntad de él."
      },
      {
        "book_name": "2 Timothy",
        "book": 55,
        "chapter": 2,
        "verse": 1,
        "text": "PUES tú, hijo mío, esfuérzate en la gracia que es en Cristo Jesús."
      },
      {
        "book_name": "2 Timothy",
        "book": 55,
        "chapter": 2,
        "verse": 2,
        "text": "Y lo que has oído de mí entre muchos testigos, esto encarga á los hombres fieles que serán idóneos para enseñar también á otros."
      },
      {
        "book_name": "2 Timothy",
        "book": 55,
        "chapter": 2,
        "verse": 3,
        "text": "Tú pues, sufre trabajos como fiel soldado de Jesucristo."
      },
      {
        "book_name": "2 Timothy",
        "book": 55,
        "chapter": 2,
        "verse": 4,
        "text": "Ninguno que milita se embaraza en los negocios de la vida; á fin de agradar á aquel que lo tomó por soldado."
      },
      {
        "book_name": "2 Timothy",
        "book": 55,
        "chapter": 2,
        "verse": 5,
        "text": "Y aun también el que lidia, no es coronado si no lidiare legítimamente."
      },
      {
        "book_name": "2 Timothy",
        "book": 55,
        "chapter": 2,
        "verse": 6,
        "text": "El labrador, para recibir los frutos, es menester que trabaje primero."
      },
      {
        "book_name": "2 Timothy",
        "book": 55,
        "chapter": 2,
        "verse": 7,
        "text": "Considera lo que digo; y el Señor te dé entendimiento en todo."
      },
      {
        "book_name": "2 Timothy",
        "book": 55,
        "chapter": 2,
        "verse": 8,
        "text": "Acuérdate que Jesucristo, el cual fué de la simiente de David, resucitó de los muertos conforme á mi evangelio;"
      },
      {
        "book_name": "2 Timothy",
        "book": 55,
        "chapter": 2,
        "verse": 9,
        "text": "En el que sufro trabajo, hasta las prisiones á modo de malhechor; mas la palabra de Dios no está presa."
      },
      {
        "book_name": "2 Timothy",
        "book": 55,
        "chapter": 2,
        "verse": 10,
        "text": "Por tanto, todo lo sufro por amor de los escogidos, para que ellos también consigan la salud que es en Cristo Jesús con gloria eterna."
      },
      {
        "book_name": "2 Timothy",
        "book": 55,
        "chapter": 2,
        "verse": 11,
        "text": "Es palabra fiel: Que si somos muertos con él, también viviremos con él:"
      },
      {
        "book_name": "2 Timothy",
        "book": 55,
        "chapter": 2,
        "verse": 12,
        "text": "Si sufrimos, también reinaremos con él: si negáremos, él también nos negará:"
      },
      {
        "book_name": "2 Timothy",
        "book": 55,
        "chapter": 2,
        "verse": 13,
        "text": "Si fuéremos infieles, él permanece fiel: no se puede negar á sí mismo."
      },
      {
        "book_name": "2 Timothy",
        "book": 55,
        "chapter": 2,
        "verse": 14,
        "text": "Recuérdales esto, protestando delante del Señor que no contiendan en palabras, lo cual para nada aprovecha, antes trastorna á los oyentes."
      },
      {
        "book_name": "2 Timothy",
        "book": 55,
        "chapter": 2,
        "verse": 15,
        "text": "Procura con diligencia presentarte á Dios aprobado, como obrero que no tiene de qué avergonzarse, que traza bien la palabra de verdad."
      },
      {
        "book_name": "2 Timothy",
        "book": 55,
        "chapter": 2,
        "verse": 16,
        "text": "Mas evita profanas y vanas parlerías; porque muy adelante irán en la impiedad."
      },
      {
        "book_name": "2 Timothy",
        "book": 55,
        "chapter": 2,
        "verse": 17,
        "text": "Y la palabra de ellos carcomerá como gangrena: de los cuales es Himeneo y Fileto;"
      },
      {
        "book_name": "2 Timothy",
        "book": 55,
        "chapter": 2,
        "verse": 18,
        "text": "Que se han descaminado de la verdad, diciendo que la resurrección es ya hecha, y trastornan la fe de algunos."
      },
      {
        "book_name": "2 Timothy",
        "book": 55,
        "chapter": 2,
        "verse": 19,
        "text": "Pero el fundamento de Dios está firme, teniendo este sello: Conoce el Señor á los que son suyos; y: Apártese de iniquidad todo aquel que invoca el nombre de Cristo."
      },
      {
        "book_name": "2 Timothy",
        "book": 55,
        "chapter": 2,
        "verse": 20,
        "text": "Mas en una casa grande, no solamente hay vasos de oro y de plata, sino también de madera y de barro: y asimismo unos para honra, y otros para deshonra."
      },
      {
        "book_name": "2 Timothy",
        "book": 55,
        "chapter": 2,
        "verse": 21,
        "text": "Así que, si alguno se limpiare de estas cosas, será vaso para honra, santificado, y útil para los usos del Señor, y aparejado para todo buena obra."
      },
      {
        "book_name": "2 Timothy",
        "book": 55,
        "chapter": 2,
        "verse": 22,
        "text": "Huye también los deseos juveniles; y sigue la justicia, la fe, la caridad, la paz, con los que invocan al Señor de puro corazón."
      },
      {
        "book_name": "2 Timothy",
        "book": 55,
        "chapter": 2,
        "verse": 23,
        "text": "Empero las cuestiones necias y sin sabiduría desecha, sabiendo que engendran contiendas."
      },
      {
        "book_name": "2 Timothy",
        "book": 55,
        "chapter": 2,
        "verse": 24,
        "text": "Que el siervo del Señor no debe ser litigioso, sino manso para con todos, apto para enseñar, sufrido;"
      },
      {
        "book_name": "2 Timothy",
        "book": 55,
        "chapter": 2,
        "verse": 25,
        "text": "Que con mansedumbre corrija á los que se oponen: si quizá Dios les dé que se arrepientan para conocer la verdad,"
      },
      {
        "book_name": "2 Timothy",
        "book": 55,
        "chapter": 2,
        "verse": 26,
        "text": "Y se zafen del lazo del diablo, en que están cuativos á voluntad de él."
      }
    ],
    "3": [
      {
        "book_name": "2 Timothy",
        "book": 55,
        "chapter": 3,
        "verse": 1,
        "text": "1ESTO también sepas, que en los postreros días vendrán tiempos peligrosos: 2Que habrá hombres amadores de sí mismos, avaros, vanagloriosos, soberbios, detractores, desobedientes á los padres, ingratos, sin santidad, 3Sin afecto, desleales, calumniadores, destemplados, crueles, aborrecedores de lo bueno, 4Traidores, arrebatados, hinchados, amadores de los deleites más que de Dios; 5Teniendo apariencia de piedad, mas habiendo negado la eficacia de ella: y á éstos evita. 6Porque de éstos son los que se entran por las casas, y llevan cautivas las mujercillas cargadas de pecados, llevadas de diversas concupiscencias; 7Que siempre aprenden, y nunca pueden acabar de llegar al conocimiento de la verdad. 8Y de la manera que Jannes y Jambres resistieron á Moisés, así también estos resisten á la verdad; hombres corruptos de entendimiento, réprobos acerca de la fe. 9Mas no prevalecerán; porque su insensatez será manifiesta á todos, como también lo fué la de aquéllos. 10Pero tú has comprendido mi doctrina, instrucción, intento, fe, largura de ánimo, caridad, paciencia,  11Persecuciones, aflicciones, cuales me sobrevinieron en Antioquía, en Iconio, en Listra, cuales persecuciones he sufrido; y de todas me ha librado el Señor.  12Y también todos los que quieren vivir píamente en Cristo Jesús, padecerán persecución.  13Mas los malos hombres y los engañadores, irán de mal en peor, engañando y siendo engañados.  14Empero persiste tú en lo que has aprendido y te persuadiste, sabiendo de quién has aprendido;  15Y que desde la niñez has sabido las Sagradas Escrituras, las cuales te pueden hacer sabio para la salud por la fe que es en Cristo Jesús.  16Toda Escritura es inspirada divinamente y útil para enseñar, para redargüir, para corregir, para instituir en justicia,  17Para que el hombre de Dios sea perfecto, enteramente instruído para toda buena obra."
      },
      {
        "book_name": "2 Timothy",
        "book": 55,
        "chapter": 3,
        "verse": 1,
        "text": "ESTO también sepas, que en los postreros días vendrán tiempos peligrosos:"
      },
      {
        "book_name": "2 Timothy",
        "book": 55,
        "chapter": 3,
        "verse": 2,
        "text": "Que habrá hombres amadores de sí mismos, avaros, vanagloriosos, soberbios, detractores, desobedientes á los padres, ingratos, sin santidad,"
      },
      {
        "book_name": "2 Timothy",
        "book": 55,
        "chapter": 3,
        "verse": 3,
        "text": "Sin afecto, desleales, calumniadores, destemplados, crueles, aborrecedores de lo bueno,"
      },
      {
        "book_name": "2 Timothy",
        "book": 55,
        "chapter": 3,
        "verse": 4,
        "text": "Traidores, arrebatados, hinchados, amadores de los deleites más que de Dios;"
      },
      {
        "book_name": "2 Timothy",
        "book": 55,
        "chapter": 3,
        "verse": 5,
        "text": "Teniendo apariencia de piedad, mas habiendo negado la eficacia de ella: y á éstos evita."
      },
      {
        "book_name": "2 Timothy",
        "book": 55,
        "chapter": 3,
        "verse": 6,
        "text": "Porque de éstos son los que se entran por las casas, y llevan cautivas las mujercillas cargadas de pecados, llevadas de diversas concupiscencias;"
      },
      {
        "book_name": "2 Timothy",
        "book": 55,
        "chapter": 3,
        "verse": 7,
        "text": "Que siempre aprenden, y nunca pueden acabar de llegar al conocimiento de la verdad."
      },
      {
        "book_name": "2 Timothy",
        "book": 55,
        "chapter": 3,
        "verse": 8,
        "text": "Y de la manera que Jannes y Jambres resistieron á Moisés, así también estos resisten á la verdad; hombres corruptos de entendimiento, réprobos acerca de la fe."
      },
      {
        "book_name": "2 Timothy",
        "book": 55,
        "chapter": 3,
        "verse": 9,
        "text": "Mas no prevalecerán; porque su insensatez será manifiesta á todos, como también lo fué la de aquéllos."
      },
      {
        "book_name": "2 Timothy",
        "book": 55,
        "chapter": 3,
        "verse": 10,
        "text": "Pero tú has comprendido mi doctrina, instrucción, intento, fe, largura de ánimo, caridad, paciencia,"
      },
      {
        "book_name": "2 Timothy",
        "book": 55,
        "chapter": 3,
        "verse": 11,
        "text": "Persecuciones, aflicciones, cuales me sobrevinieron en Antioquía, en Iconio, en Listra, cuales persecuciones he sufrido; y de todas me ha librado el Señor."
      },
      {
        "book_name": "2 Timothy",
        "book": 55,
        "chapter": 3,
        "verse": 12,
        "text": "Y también todos los que quieren vivir píamente en Cristo Jesús, padecerán persecución."
      },
      {
        "book_name": "2 Timothy",
        "book": 55,
        "chapter": 3,
        "verse": 13,
        "text": "Mas los malos hombres y los engañadores, irán de mal en peor, engañando y siendo engañados."
      },
      {
        "book_name": "2 Timothy",
        "book": 55,
        "chapter": 3,
        "verse": 14,
        "text": "Empero persiste tú en lo que has aprendido y te persuadiste, sabiendo de quién has aprendido;"
      },
      {
        "book_name": "2 Timothy",
        "book": 55,
        "chapter": 3,
        "verse": 15,
        "text": "Y que desde la niñez has sabido las Sagradas Escrituras, las cuales te pueden hacer sabio para la salud por la fe que es en Cristo Jesús."
      },
      {
        "book_name": "2 Timothy",
        "book": 55,
        "chapter": 3,
        "verse": 16,
        "text": "Toda Escritura es inspirada divinamente y útil para enseñar, para redargüir, para corregir, para instituir en justicia,"
      },
      {
        "book_name": "2 Timothy",
        "book": 55,
        "chapter": 3,
        "verse": 17,
        "text": "Para que el hombre de Dios sea perfecto, enteramente instruído para toda buena obra."
      }
    ],
    "4": [
      {
        "book_name": "2 Timothy",
        "book": 55,
        "chapter": 4,
        "verse": 1,
        "text": "1REQUIERO yo pues delante de Dios, y del Señor Jesucristo, que ha de juzgar á los vivos y los muertos en su manifestación y en su reino. 2Que prediques la palabra; que instes á tiempo y fuera de tiempo; redarguye, reprende; exhorta con toda paciencia y doctrina. 3Porque vendrá tiempo cuando ni sufrirán la sana doctrina; antes, teniendo comezón de oir, se amotonarán maestros conforme á sus concupiscencias, 4Y apartarán de la verdad el oído y se volverán á las fábulas. 5Pero tú vela en todo, soporta las aflicciones, haz la obra de evangelista, cumple tu ministerio. 6Porque yo ya estoy para ser ofrecido, y el tiempo de mi partida está cercano. 7He peleado la buena batalla, he acabado la carrera, he guardado la fe. 8Por lo demás, me está guardada la corona de justicia, la cual me dará el Señor, juez justo, en aquel día; y no sólo á mí, sino también á todos los que aman su venida. 9Procura venir presto á mí:  10Porque Demas me ha desamparado, amando este siglo, y se ha ido á Tesalónica; Crescente á Galacia, Tito á Dalmacia.  11Lucas solo está conmigo. Toma á Marcos, y traéle contigo; porque me es útil para el ministerio.  12A Tychîco envié á Efeso.  13Trae, cuando vinieres, el capote que dejé en Troas en casa de Carpo: y los libros, mayormente los pergaminos.  14Alejandro el calderero me ha causado muchos males: el Señor le pague conforme á sus hechos.  15Guárdate tú también de él; que en grande manera ha resistido á nuestras palabras.  16En mi primera defensa ninguno me ayudó, antes me desampararon todos: no les sea imputado.  17Mas el Señor me ayudó, y me esforzó para que por mí fuese cumplida la predicación, y todos los Gentiles oyesen; y fuí librado de la boca del león.  18Y el Señor me librará de toda obra mala, y me preservará para su reino celestial: al cual sea gloria por los siglos de los siglos. Amén.  19Saluda á Prisca y á Aquila, y á la casa de Onesíforo.  20Erasto se quedó en Corinto; y á Trófimo dejé en Mileto enfermo.  21Procura venir antes del invierno. Eubulo te saluda, y Pudente, y Lino, y Claudia, y todos los hermanos.  22El Señor Jesucristo sea con tu espíritu. La gracia sea con vosotros. Amén. epístola á Timoteo, el cual fué el primer obispo ordenado en Efeso, fué escrita de Roma, cuando Pablo fué presentado la segunda vez á César Nerón."
      },
      {
        "book_name": "2 Timothy",
        "book": 55,
        "chapter": 4,
        "verse": 1,
        "text": "REQUIERO yo pues delante de Dios, y del Señor Jesucristo, que ha de juzgar á los vivos y los muertos en su manifestación y en su reino."
      },
      {
        "book_name": "2 Timothy",
        "book": 55,
        "chapter": 4,
        "verse": 2,
        "text": "Que prediques la palabra; que instes á tiempo y fuera de tiempo; redarguye, reprende; exhorta con toda paciencia y doctrina."
      },
      {
        "book_name": "2 Timothy",
        "book": 55,
        "chapter": 4,
        "verse": 3,
        "text": "Porque vendrá tiempo cuando ni sufrirán la sana doctrina; antes, teniendo comezón de oir, se amotonarán maestros conforme á sus concupiscencias,"
      },
      {
        "book_name": "2 Timothy",
        "book": 55,
        "chapter": 4,
        "verse": 4,
        "text": "Y apartarán de la verdad el oído y se volverán á las fábulas."
      },
      {
        "book_name": "2 Timothy",
        "book": 55,
        "chapter": 4,
        "verse": 5,
        "text": "Pero tú vela en todo, soporta las aflicciones, haz la obra de evangelista, cumple tu ministerio."
      },
      {
        "book_name": "2 Timothy",
        "book": 55,
        "chapter": 4,
        "verse": 6,
        "text": "Porque yo ya estoy para ser ofrecido, y el tiempo de mi partida está cercano."
      },
      {
        "book_name": "2 Timothy",
        "book": 55,
        "chapter": 4,
        "verse": 7,
        "text": "He peleado la buena batalla, he acabado la carrera, he guardado la fe."
      },
      {
        "book_name": "2 Timothy",
        "book": 55,
        "chapter": 4,
        "verse": 8,
        "text": "Por lo demás, me está guardada la corona de justicia, la cual me dará el Señor, juez justo, en aquel día; y no sólo á mí, sino también á todos los que aman su venida."
      },
      {
        "book_name": "2 Timothy",
        "book": 55,
        "chapter": 4,
        "verse": 9,
        "text": "Procura venir presto á mí:"
      },
      {
        "book_name": "2 Timothy",
        "book": 55,
        "chapter": 4,
        "verse": 10,
        "text": "Porque Demas me ha desamparado, amando este siglo, y se ha ido á Tesalónica; Crescente á Galacia, Tito á Dalmacia."
      },
      {
        "book_name": "2 Timothy",
        "book": 55,
        "chapter": 4,
        "verse": 11,
        "text": "Lucas solo está conmigo. Toma á Marcos, y traéle contigo; porque me es útil para el ministerio."
      },
      {
        "book_name": "2 Timothy",
        "book": 55,
        "chapter": 4,
        "verse": 12,
        "text": "A Tychîco envié á Efeso."
      },
      {
        "book_name": "2 Timothy",
        "book": 55,
        "chapter": 4,
        "verse": 13,
        "text": "Trae, cuando vinieres, el capote que dejé en Troas en casa de Carpo: y los libros, mayormente los pergaminos."
      },
      {
        "book_name": "2 Timothy",
        "book": 55,
        "chapter": 4,
        "verse": 14,
        "text": "Alejandro el calderero me ha causado muchos males: el Señor le pague conforme á sus hechos."
      },
      {
        "book_name": "2 Timothy",
        "book": 55,
        "chapter": 4,
        "verse": 15,
        "text": "Guárdate tú también de él; que en grande manera ha resistido á nuestras palabras."
      },
      {
        "book_name": "2 Timothy",
        "book": 55,
        "chapter": 4,
        "verse": 16,
        "text": "En mi primera defensa ninguno me ayudó, antes me desampararon todos: no les sea imputado."
      },
      {
        "book_name": "2 Timothy",
        "book": 55,
        "chapter": 4,
        "verse": 17,
        "text": "Mas el Señor me ayudó, y me esforzó para que por mí fuese cumplida la predicación, y todos los Gentiles oyesen; y fuí librado de la boca del león."
      },
      {
        "book_name": "2 Timothy",
        "book": 55,
        "chapter": 4,
        "verse": 18,
        "text": "Y el Señor me librará de toda obra mala, y me preservará para su reino celestial: al cual sea gloria por los siglos de los siglos. Amén."
      },
      {
        "book_name": "2 Timothy",
        "book": 55,
        "chapter": 4,
        "verse": 19,
        "text": "Saluda á Prisca y á Aquila, y á la casa de Onesíforo."
      },
      {
        "book_name": "2 Timothy",
        "book": 55,
        "chapter": 4,
        "verse": 20,
        "text": "Erasto se quedó en Corinto; y á Trófimo dejé en Mileto enfermo."
      },
      {
        "book_name": "2 Timothy",
        "book": 55,
        "chapter": 4,
        "verse": 21,
        "text": "Procura venir antes del invierno. Eubulo te saluda, y Pudente, y Lino, y Claudia, y todos los hermanos."
      },
      {
        "book_name": "2 Timothy",
        "book": 55,
        "chapter": 4,
        "verse": 22,
        "text": "El Señor Jesucristo sea con tu espíritu. La gracia sea con vosotros. Amén. epístola á Timoteo, el cual fué el primer obispo ordenado en Efeso, fué escrita de Roma, cuando Pablo fué presentado la segunda vez á César Nerón."
      }
    ]
  }
}