{
  "source": "bible.com",
  "version": "Reina Valera (1602)",
  "book": "3 Johannes",
  "chapters": {
    "1": [
      {
        "book_name": "3 Johannes",
        "book": 64,
        "chapter": 1,
        "verse": 1,
        "text": "1EL anciano al muy amado Gaio, al cual yo amo en verdad. 2Amado, yo deseo que tú seas prosperado en todas cosas, y que tengas salud, así como tu alma está en prosperidad. 3Ciertamente me gocé mucho cuando vinieron los hermanos y dieron testimonio de tu verdad, así como tú andas en la verdad.  4No tengo yo mayor gozo que éste, el oir que mis hijos andan en la verdad.  5Amado, fielmente haces todo lo que haces para con los hermanos, y con los extranjeros,  6Los cuales han dado testimonio de tu amor en presencia de la iglesia: á los cuales si ayudares como conviene según Dios, harás bien.  7Porque ellos partieron por amor de su nombre, no tomando nada de los Gentiles.  8Nosotros, pues, debemos recibir á los tales, para que seamos cooperadores á la verdad.  9Yo he escrito á la iglesia: mas Diótrefes, que ama tener el primado entre ellos, no nos recibe.  10Por esta causa, si yo viniere, recordaré las obras que hace parlando con palabras maliciosas contra nosotros; y no contento con estas cosas, no recibe á los hermanos, y prohibe á los que los quieren recibir, y los echa de la iglesia.  11Amado, no sigas lo que es malo, sino lo que es bueno. El que hace bien es de Dios: mas el que hace mal, no ha visto á Dios.  12Todos dan testimonio de Demetrio, y aun la misma verdad: y también nosotros damos testimonio; y vosotros habéis conocido que nuestro testimonio es verdadero.  13Yo tenía muchas cosas que escribirte; empero no quiero escribirte por tinta y pluma:  14Porque espero verte en breve, y hablaremos boca á boca. sea contigo. Los amigos te saludan. Saluda tú á los amigos por nombre."
      },
      {
        "book_name": "3 Johannes",
        "book": 64,
        "chapter": 1,
        "verse": 1,
        "text": "EL anciano al muy amado Gaio, al cual yo amo en verdad."
      },
      {
        "book_name": "3 Johannes",
        "book": 64,
        "chapter": 1,
        "verse": 2,
        "text": "Amado, yo deseo que tú seas prosperado en todas cosas, y que tengas salud, así como tu alma está en prosperidad."
      },
      {
        "book_name": "3 Johannes",
        "book": 64,
        "chapter": 1,
        "verse": 3,
        "text": "Ciertamente me gocé mucho cuando vinieron los hermanos y dieron testimonio de tu verdad, así como tú andas en la verdad."
      },
      {
        "book_name": "3 Johannes",
        "book": 64,
        "chapter": 1,
        "verse": 4,
        "text": "No tengo yo mayor gozo que éste, el oir que mis hijos andan en la verdad."
      },
      {
        "book_name": "3 Johannes",
        "book": 64,
        "chapter": 1,
        "verse": 5,
        "text": "Amado, fielmente haces todo lo que haces para con los hermanos, y con los extranjeros,"
      },
      {
        "book_name": "3 Johannes",
        "book": 64,
        "chapter": 1,
        "verse": 6,
        "text": "Los cuales han dado testimonio de tu amor en presencia de la iglesia: á los cuales si ayudares como conviene según Dios, harás bien."
      },
      {
        "book_name": "3 Johannes",
        "book": 64,
        "chapter": 1,
        "verse": 7,
        "text": "Porque ellos partieron por amor de su nombre, no tomando nada de los Gentiles."
      },
      {
        "book_name": "3 Johannes",
        "book": 64,
        "chapter": 1,
        "verse": 8,
        "text": "Nosotros, pues, debemos recibir á los tales, para que seamos cooperadores á la verdad."
      },
      {
        "book_name": "3 Johannes",
        "book": 64,
        "chapter": 1,
        "verse": 9,
        "text": "Yo he escrito á la iglesia: mas Diótrefes, que ama tener el primado entre ellos, no nos recibe."
      },
      {
        "book_name": "3 Johannes",
        "book": 64,
        "chapter": 1,
        "verse": 10,
        "text": "Por esta causa, si yo viniere, recordaré las obras que hace parlando con palabras maliciosas contra nosotros; y no contento con estas cosas, no recibe á los hermanos, y prohibe á los que los quieren recibir, y los echa de la iglesia."
      },
      {
        "book_name": "3 Johannes",
        "book": 64,
        "chapter": 1,
        "verse": 11,
        "text": "Amado, no sigas lo que es malo, sino lo que es bueno. El que hace bien es de Dios: mas el que hace mal, no ha visto á Dios."
      },
      {
        "book_name": "3 Johannes",
        "book": 64,
        "chapter": 1,
        "verse": 12,
        "text": "Todos dan testimonio de Demetrio, y aun la misma verdad: y también nosotros damos testimonio; y vosotros habéis conocido que nuestro testimonio es verdadero."
      },
      {
        "book_name": "3 Johannes",
        "book": 64,
        "chapter": 1,
        "verse": 13,
        "text": "Yo tenía muchas cosas que escribirte; empero no quiero escribirte por tinta y pluma:"
      },
      {
        "book_name": "3 Johannes",
        "book": 64,
        "chapter": 1,
        "verse": 14,
        "text": "Porque espero verte en breve, y hablaremos boca á boca. sea contigo. Los amigos te saludan. Saluda tú á los amigos por nombre."
      }
    ]
  }
}