{
  "source": "bible.com",
  "version": "Reina Valera (1602)",
  "book": "Amos",
  "chapters": {
    "1": [
      {
        "book_name": "Amos",
        "book": 30,
        "chapter": 1,
        "verse": 1,
        "text": "1LAS palabras de Amós, que fué entre los pastores de Tecoa, las cuales vió acerca de Israel en días de Uzzía rey de Judá, y en días de Jeroboam hijo de Joas rey de Israel, dos años antes del terremoto. 2Y dijo: Jehová bramará desde Sión, y dará su voz desde Jerusalem; y las estancias de los pastores se enlutarán, y secaráse la cumbre del Carmelo. 3Así ha dicho Jehová: Por tres pecados de Damasco, y por el cuarto, no desviaré su castigo; porque trillaron á Galaad con trillos de hierro.  4Y meteré fuego en la casa de Hazael, y consumirá los palacios de Ben-hadad.  5Y quebraré la barra de Damasco, y talaré los moradores de Bicath-aven, y los gobernadores de Beth-eden: y el pueblo de Aram será trasportado á Chîr, dice Jehová.  6Así ha dicho Jehová: Por tres pecados de Gaza, y por el cuarto, no desviaré su castigo; porque llevó cautiva toda la cautividad, para entregarlos á Edom.  7Y meteré fuego en el muro de Gaza, y quemará sus palacios.  8Y talaré los moradores de Azoto, y los gobernadores de Ascalón: y tornaré mi mano sobre Ecrón, y las reliquias de los Palestinos perecerán, ha dicho el Señor Jehová.  9Así ha dicho Jehová: Por tres pecados de Tiro, y por el cuarto, no desviaré su castigo; porque entregaron la cautividad entera á Edom, y no se acordaron del concierto de hermanos.  10Y meteré fuego en el muro de Tiro, y consumirá sus palacios.  11Así ha dicho Jehová: Por tres pecados de Edom, y por el cuarto, no desviaré su castigo; porque persiguió á cuchillo á su hermano, y rompió sus conmiseraciones; y con su furor le ha robado siempre, y ha perpetuamente guardado el enojo.  12Y meteré fuego en Temán, y consumirá los palacios de Bosra.  13Así ha dicho Jehová: Por tres pecados de los hijos de Ammón, y por el cuarto, no desviaré su castigo; porque abrieron las preñadas de Galaad, para ensanchar su término.  14Y encenderé fuego en el muro de Rabba, y consumirá sus palacios con estruendo en día de batalla, con tempestad en día tempestuoso:  15Y su rey irá en cautiverio, él y sus príncipes todos, dice Jehová."
      },
      {
        "book_name": "Amos",
        "book": 30,
        "chapter": 1,
        "verse": 1,
        "text": "LAS palabras de Amós, que fué entre los pastores de Tecoa, las cuales vió acerca de Israel en días de Uzzía rey de Judá, y en días de Jeroboam hijo de Joas rey de Israel, dos años antes del terremoto."
      },
      {
        "book_name": "Amos",
        "book": 30,
        "chapter": 1,
        "verse": 2,
        "text": "Y dijo: Jehová bramará desde Sión, y dará su voz desde Jerusalem; y las estancias de los pastores se enlutarán, y secaráse la cumbre del Carmelo."
      },
      {
        "book_name": "Amos",
        "book": 30,
        "chapter": 1,
        "verse": 3,
        "text": "Así ha dicho Jehová: Por tres pecados de Damasco, y por el cuarto, no desviaré su castigo; porque trillaron á Galaad con trillos de hierro."
      },
      {
        "book_name": "Amos",
        "book": 30,
        "chapter": 1,
        "verse": 4,
        "text": "Y meteré fuego en la casa de Hazael, y consumirá los palacios de Ben-hadad."
      },
      {
        "book_name": "Amos",
        "book": 30,
        "chapter": 1,
        "verse": 5,
        "text": "Y quebraré la barra de Damasco, y talaré los moradores de Bicath-aven, y los gobernadores de Beth-eden: y el pueblo de Aram será trasportado á Chîr, dice Jehová."
      },
      {
        "book_name": "Amos",
        "book": 30,
        "chapter": 1,
        "verse": 6,
        "text": "Así ha dicho Jehová: Por tres pecados de Gaza, y por el cuarto, no desviaré su castigo; porque llevó cautiva toda la cautividad, para entregarlos á Edom."
      },
      {
        "book_name": "Amos",
        "book": 30,
        "chapter": 1,
        "verse": 7,
        "text": "Y meteré fuego en el muro de Gaza, y quemará sus palacios."
      },
      {
        "book_name": "Amos",
        "book": 30,
        "chapter": 1,
        "verse": 8,
        "text": "Y talaré los moradores de Azoto, y los gobernadores de Ascalón: y tornaré mi mano sobre Ecrón, y las reliquias de los Palestinos perecerán, ha dicho el Señor Jehová."
      },
      {
        "book_name": "Amos",
        "book": 30,
        "chapter": 1,
        "verse": 9,
        "text": "Así ha dicho Jehová: Por tres pecados de Tiro, y por el cuarto, no desviaré su castigo; porque entregaron la cautividad entera á Edom, y no se acordaron del concierto de hermanos."
      },
      {
        "book_name": "Amos",
        "book": 30,
        "chapter": 1,
        "verse": 10,
        "text": "Y meteré fuego en el muro de Tiro, y consumirá sus palacios."
      },
      {
        "book_name": "Amos",
        "book": 30,
        "chapter": 1,
        "verse": 11,
        "text": "Así ha dicho Jehová: Por tres pecados de Edom, y por el cuarto, no desviaré su castigo; porque persiguió á cuchillo á su hermano, y rompió sus conmiseraciones; y con su furor le ha robado siempre, y ha perpetuamente guardado el enojo."
      },
      {
        "book_name": "Amos",
        "book": 30,
        "chapter": 1,
        "verse": 12,
        "text": "Y meteré fuego en Temán, y consumirá los palacios de Bosra."
      },
      {
        "book_name": "Amos",
        "book": 30,
        "chapter": 1,
        "verse": 13,
        "text": "Así ha dicho Jehová: Por tres pecados de los hijos de Ammón, y por el cuarto, no desviaré su castigo; porque abrieron las preñadas de Galaad, para ensanchar su término."
      },
      {
        "book_name": "Amos",
        "book": 30,
        "chapter": 1,
        "verse": 14,
        "text": "Y encenderé fuego en el muro de Rabba, y consumirá sus palacios con estruendo en día de batalla, con tempestad en día tempestuoso:"
      },
      {
        "book_name": "Amos",
        "book": 30,
        "chapter": 1,
        "verse": 15,
        "text": "Y su rey irá en cautiverio, él y sus príncipes todos, dice Jehová."
      }
    ],
    "2": [
      {
        "book_name": "Amos",
        "book": 30,
        "chapter": 2,
        "verse": 1,
        "text": "1ASI ha dicho Jehová: Por tres pecados de Moab, y por el cuarto, no desviaré su castigo; porque quemó los huesos del rey de Idumea hasta tornarlos en cal. 2Y meteré fuego en Moab, y consumirá los palacios de Chêrioth: y morirá Moab en alboroto, en estrépito y sonido de trompeta. 3Y quitaré el juez de en medio de él, y mataré con él á todos sus príncipes, dice Jehová. 4Así ha dicho Jehová: Por tres pecados de Judá, y por el cuarto, no desviaré su castigo; porque menospreciaron la ley de Jehová, y no guardaron sus ordenanzas; é hiciéronlos errar sus mentiras, en pos de las cuales anduvieron sus padres. 5Meteré por tanto fuego en Judá, el cual consumirá los palacios de Jerusalem. 6Así ha dicho Jehová: Por tres pecados de Israel, y por el cuarto, no desviaré su castigo; porque vendieron por dinero al justo, y al pobre por un par de zapatos: 7Que anhelan porque haya polvo de tierra sobre la cabeza de los pobres, y tuercen el camino de los humildes: y el hombre y su padre entraron á la misma moza, profanando mi santo nombre. 8Y sobre las ropas empeñadas se acuestan junto á cualquier altar; y el vino de los penados beben en la casa de sus dioses. 9Y yo destruí delante de ellos al Amorrheo, cuya altura era como la altura de los cedros, y fuerte como un alcornoque; y destruí su fruto arriba, sus raíces abajo.  10Y yo os hice á vosotros subir de la tierra de Egipto, y os traje por el desierto cuarenta años, para que poseyeseis la tierra del Amorrheo.  11Y levanté de vuestros hijos para profetas, y de vuestros mancebos para que fuesen Nazareos. ¿No es esto así, dice Jehová, hijos de Israel?  12Mas vosotros disteis de beber vino á los Nazareos; y á los profetas mandasteis, diciendo: No profeticéis.  13Pues he aquí, yo os apretaré en vuestro lugar, como se aprieta el carro lleno de haces;  14Y la huída perecerá del ligero, y el fuerte no esforzará su fuerza, ni el valiente librará su vida;  15Y el que toma el arco no resistirá, ni escapará el ligero de pies, ni el que cabalga en caballo salvará su vida.  16El esforzado entre esforzados huirá desnudo aquel día, dice Jehová."
      },
      {
        "book_name": "Amos",
        "book": 30,
        "chapter": 2,
        "verse": 1,
        "text": "ASI ha dicho Jehová: Por tres pecados de Moab, y por el cuarto, no desviaré su castigo; porque quemó los huesos del rey de Idumea hasta tornarlos en cal."
      },
      {
        "book_name": "Amos",
        "book": 30,
        "chapter": 2,
        "verse": 2,
        "text": "Y meteré fuego en Moab, y consumirá los palacios de Chêrioth: y morirá Moab en alboroto, en estrépito y sonido de trompeta."
      },
      {
        "book_name": "Amos",
        "book": 30,
        "chapter": 2,
        "verse": 3,
        "text": "Y quitaré el juez de en medio de él, y mataré con él á todos sus príncipes, dice Jehová."
      },
      {
        "book_name": "Amos",
        "book": 30,
        "chapter": 2,
        "verse": 4,
        "text": "Así ha dicho Jehová: Por tres pecados de Judá, y por el cuarto, no desviaré su castigo; porque menospreciaron la ley de Jehová, y no guardaron sus ordenanzas; é hiciéronlos errar sus mentiras, en pos de las cuales anduvieron sus padres."
      },
      {
        "book_name": "Amos",
        "book": 30,
        "chapter": 2,
        "verse": 5,
        "text": "Meteré por tanto fuego en Judá, el cual consumirá los palacios de Jerusalem."
      },
      {
        "book_name": "Amos",
        "book": 30,
        "chapter": 2,
        "verse": 6,
        "text": "Así ha dicho Jehová: Por tres pecados de Israel, y por el cuarto, no desviaré su castigo; porque vendieron por dinero al justo, y al pobre por un par de zapatos:"
      },
      {
        "book_name": "Amos",
        "book": 30,
        "chapter": 2,
        "verse": 7,
        "text": "Que anhelan porque haya polvo de tierra sobre la cabeza de los pobres, y tuercen el camino de los humildes: y el hombre y su padre entraron á la misma moza, profanando mi santo nombre."
      },
      {
        "book_name": "Amos",
        "book": 30,
        "chapter": 2,
        "verse": 8,
        "text": "Y sobre las ropas empeñadas se acuestan junto á cualquier altar; y el vino de los penados beben en la casa de sus dioses."
      },
      {
        "book_name": "Amos",
        "book": 30,
        "chapter": 2,
        "verse": 9,
        "text": "Y yo destruí delante de ellos al Amorrheo, cuya altura era como la altura de los cedros, y fuerte como un alcornoque; y destruí su fruto arriba, sus raíces abajo."
      },
      {
        "book_name": "Amos",
        "book": 30,
        "chapter": 2,
        "verse": 10,
        "text": "Y yo os hice á vosotros subir de la tierra de Egipto, y os traje por el desierto cuarenta años, para que poseyeseis la tierra del Amorrheo."
      },
      {
        "book_name": "Amos",
        "book": 30,
        "chapter": 2,
        "verse": 11,
        "text": "Y levanté de vuestros hijos para profetas, y de vuestros mancebos para que fuesen Nazareos. ¿No es esto así, dice Jehová, hijos de Israel?"
      },
      {
        "book_name": "Amos",
        "book": 30,
        "chapter": 2,
        "verse": 12,
        "text": "Mas vosotros disteis de beber vino á los Nazareos; y á los profetas mandasteis, diciendo: No profeticéis."
      },
      {
        "book_name": "Amos",
        "book": 30,
        "chapter": 2,
        "verse": 13,
        "text": "Pues he aquí, yo os apretaré en vuestro lugar, como se aprieta el carro lleno de haces;"
      },
      {
        "book_name": "Amos",
        "book": 30,
        "chapter": 2,
        "verse": 14,
        "text": "Y la huída perecerá del ligero, y el fuerte no esforzará su fuerza, ni el valiente librará su vida;"
      },
      {
        "book_name": "Amos",
        "book": 30,
        "chapter": 2,
        "verse": 15,
        "text": "Y el que toma el arco no resistirá, ni escapará el ligero de pies, ni el que cabalga en caballo salvará su vida."
      },
      {
        "book_name": "Amos",
        "book": 30,
        "chapter": 2,
        "verse": 16,
        "text": "El esforzado entre esforzados huirá desnudo aquel día, dice Jehová."
      }
    ],
    "3": [
      {
        "book_name": "Amos",
        "book": 30,
        "chapter": 3,
        "verse": 1,
        "text": "1OID esta palabra que ha hablado Jehová contra vosotros, hijos de Israel, contra toda la familia que hice subir de la tierra de Egipto. Dice así: 2A vosotros solamente he conocido de todas las familias de la tierra; por tanto visitaré contra vosotros todas vuestras maldades. 3¿Andarán dos juntos, si no estuvieren de concierto? 4¿Bramará el león en el monte sin hacer presa? ¿dará el leoncillo su bramido desde su morada, si no prendiere? 5¿Caerá el ave en el lazo en la tierra, sin haber armador? ¿alzaráse el lazo de la tierra, si no se ha prendido algo? 6¿Tocaráse la trompeta en la ciudad, y no se alborotará el pueblo? ¿habrá algún mal en la ciudad, el cual Jehová no haya hecho? 7Porque no hará nada el Señor Jehová, sin que revele su secreto á sus siervos los profetas. 8Bramando el león, ¿quién no temerá? hablando el Señor Jehová, ¿quién no porfetizará? 9Haced pregonar sobre los palacios de Azoto, y sobre los palacios de tierra de Egipto, y decid: Reuníos sobre los montes de Samaria, y ved muchas opresiones en medio de ella, y violencias en medio de ella.  10Y no saben hacer lo recto, dice Jehová, atesorando rapiñas y despojos en sus palacios.  11Por tanto, el Señor Jehová ha dicho así: Un enemigo habrá aún por todos lados de la tierra, y derribará de ti tu fortaleza, y tus palacios serán saqueados.  12Así ha dicho Jehová: De la manera que el pastor libra de la boca del león dos piernas, ó la punta de una oreja, así escaparán los hijos de Israel que moran en Samaria en el rincón de la cama, y al canto del lecho.  13Oid y protestad en la casa de Jacob, ha dicho Jehová Dios de los ejércitos:  14Que el día que visitaré las rebeliones de Israel sobre él, visitaré también sobre los altares de Beth-el; y serán cortados los cuernos del altar, y caerán á tierra.  15Y heriré la casa del invierno con la casa del verano, y las casas de marfil perecerán; y muchas casas serán arruinadas, dice Jehová."
      },
      {
        "book_name": "Amos",
        "book": 30,
        "chapter": 3,
        "verse": 1,
        "text": "OID esta palabra que ha hablado Jehová contra vosotros, hijos de Israel, contra toda la familia que hice subir de la tierra de Egipto. Dice así:"
      },
      {
        "book_name": "Amos",
        "book": 30,
        "chapter": 3,
        "verse": 2,
        "text": "A vosotros solamente he conocido de todas las familias de la tierra; por tanto visitaré contra vosotros todas vuestras maldades."
      },
      {
        "book_name": "Amos",
        "book": 30,
        "chapter": 3,
        "verse": 3,
        "text": "¿Andarán dos juntos, si no estuvieren de concierto?"
      },
      {
        "book_name": "Amos",
        "book": 30,
        "chapter": 3,
        "verse": 4,
        "text": "¿Bramará el león en el monte sin hacer presa? ¿dará el leoncillo su bramido desde su morada, si no prendiere?"
      },
      {
        "book_name": "Amos",
        "book": 30,
        "chapter": 3,
        "verse": 5,
        "text": "¿Caerá el ave en el lazo en la tierra, sin haber armador? ¿alzaráse el lazo de la tierra, si no se ha prendido algo?"
      },
      {
        "book_name": "Amos",
        "book": 30,
        "chapter": 3,
        "verse": 6,
        "text": "¿Tocaráse la trompeta en la ciudad, y no se alborotará el pueblo? ¿habrá algún mal en la ciudad, el cual Jehová no haya hecho?"
      },
      {
        "book_name": "Amos",
        "book": 30,
        "chapter": 3,
        "verse": 7,
        "text": "Porque no hará nada el Señor Jehová, sin que revele su secreto á sus siervos los profetas."
      },
      {
        "book_name": "Amos",
        "book": 30,
        "chapter": 3,
        "verse": 8,
        "text": "Bramando el león, ¿quién no temerá? hablando el Señor Jehová, ¿quién no porfetizará?"
      },
      {
        "book_name": "Amos",
        "book": 30,
        "chapter": 3,
        "verse": 9,
        "text": "Haced pregonar sobre los palacios de Azoto, y sobre los palacios de tierra de Egipto, y decid: Reuníos sobre los montes de Samaria, y ved muchas opresiones en medio de ella, y violencias en medio de ella."
      },
      {
        "book_name": "Amos",
        "book": 30,
        "chapter": 3,
        "verse": 10,
        "text": "Y no saben hacer lo recto, dice Jehová, atesorando rapiñas y despojos en sus palacios."
      },
      {
        "book_name": "Amos",
        "book": 30,
        "chapter": 3,
        "verse": 11,
        "text": "Por tanto, el Señor Jehová ha dicho así: Un enemigo habrá aún por todos lados de la tierra, y derribará de ti tu fortaleza, y tus palacios serán saqueados."
      },
      {
        "book_name": "Amos",
        "book": 30,
        "chapter": 3,
        "verse": 12,
        "text": "Así ha dicho Jehová: De la manera que el pastor libra de la boca del león dos piernas, ó la punta de una oreja, así escaparán los hijos de Israel que moran en Samaria en el rincón de la cama, y al canto del lecho."
      },
      {
        "book_name": "Amos",
        "book": 30,
        "chapter": 3,
        "verse": 13,
        "text": "Oid y protestad en la casa de Jacob, ha dicho Jehová Dios de los ejércitos:"
      },
      {
        "book_name": "Amos",
        "book": 30,
        "chapter": 3,
        "verse": 14,
        "text": "Que el día que visitaré las rebeliones de Israel sobre él, visitaré también sobre los altares de Beth-el; y serán cortados los cuernos del altar, y caerán á tierra."
      },
      {
        "book_name": "Amos",
        "book": 30,
        "chapter": 3,
        "verse": 15,
        "text": "Y heriré la casa del invierno con la casa del verano, y las casas de marfil perecerán; y muchas casas serán arruinadas, dice Jehová."
      }
    ],
    "4": [
      {
        "book_name": "Amos",
        "book": 30,
        "chapter": 4,
        "verse": 1,
        "text": "1OID esta palabra, vacas de Basán, que estáis en el monte de Samaria, que oprimís los pobres, que quebrantáis los menesterosos, que decis á sus señores: Traed, y beberemos. 2El Señor Jehová juró por su santidad: He aquí, vienen días sobre vosotros en que os llevará en anzuelos, y á vuestros descendientes en barquillos de pescador. 3Y saldrán por los portillos la una en pos de la otra, y seréis echadas del palacio, dice Jehová. 4Id á Beth-el, y prevaricad; en Gilgal aumentad la rebelión, y traed de mañana vuestros sacrificios, vuestros diezmos cada tres años; 5Y ofreced sacrificio de alabanza con leudo, y pregonad, publicad voluntarias ofrendas; pues que así lo queréis, hijos de Israel, dice el Señor Jehová. 6Yo también os dí limpieza de dientes en todas vuestras ciudades, y falta de pan en todos vuestros pueblos: mas no os tornasteis á mí, dice Jehová.  7Y también yo os detuve la lluvia tres meses antes de la siega: é hice llover sobre una ciudad, y sobre otra ciudad no hice llover: sobre una parte llovió; la parte sobre la cual no llovió, secóse.  8Y venían dos ó tres ciudades á una ciudad para beber agua, y no se hartaban: con todo no os tornásteis á mí, dice Jehová.  9Os herí con viento solano y oruga; vuestros muchos huertos y vuestras viñas, y vuestros higuerales y vuestros olivares comió la langosta: pero nunca os tornasteis á mí, dice Jehová.  10Envié entre vosotros mortandad al modo que en Egipto: maté á cuchillo vuestros mancebos, con cautiverio de vuestros caballos; é hice subir el hedor de vuestros reales hasta vuestras narices: empero no os tornasteis á mí, dice Jehová.  11Trastornéos, como cuando Dios trastornó á Sodoma y á Gomorra, y fuisteis como tizón escapado del fuego: mas no os tornasteis á mí, dice Jehová.  12Por tanto, de esta manera haré á ti, oh Israel: y porque te he de hacer esto, aparéjate para venir al encuentro á tu Dios, oh Israel.  13Porque he aquí, el que forma los montes, y cría el viento, y denuncia al hombre su pensamiento; el que hace á las tinieblas mañana, y pasa sobre las alturas de la tierra; Jehová, Dios de los ejércitos, es su nombre."
      },
      {
        "book_name": "Amos",
        "book": 30,
        "chapter": 4,
        "verse": 1,
        "text": "OID esta palabra, vacas de Basán, que estáis en el monte de Samaria, que oprimís los pobres, que quebrantáis los menesterosos, que decis á sus señores: Traed, y beberemos."
      },
      {
        "book_name": "Amos",
        "book": 30,
        "chapter": 4,
        "verse": 2,
        "text": "El Señor Jehová juró por su santidad: He aquí, vienen días sobre vosotros en que os llevará en anzuelos, y á vuestros descendientes en barquillos de pescador."
      },
      {
        "book_name": "Amos",
        "book": 30,
        "chapter": 4,
        "verse": 3,
        "text": "Y saldrán por los portillos la una en pos de la otra, y seréis echadas del palacio, dice Jehová."
      },
      {
        "book_name": "Amos",
        "book": 30,
        "chapter": 4,
        "verse": 4,
        "text": "Id á Beth-el, y prevaricad; en Gilgal aumentad la rebelión, y traed de mañana vuestros sacrificios, vuestros diezmos cada tres años;"
      },
      {
        "book_name": "Amos",
        "book": 30,
        "chapter": 4,
        "verse": 5,
        "text": "Y ofreced sacrificio de alabanza con leudo, y pregonad, publicad voluntarias ofrendas; pues que así lo queréis, hijos de Israel, dice el Señor Jehová."
      },
      {
        "book_name": "Amos",
        "book": 30,
        "chapter": 4,
        "verse": 6,
        "text": "Yo también os dí limpieza de dientes en todas vuestras ciudades, y falta de pan en todos vuestros pueblos: mas no os tornasteis á mí, dice Jehová."
      },
      {
        "book_name": "Amos",
        "book": 30,
        "chapter": 4,
        "verse": 7,
        "text": "Y también yo os detuve la lluvia tres meses antes de la siega: é hice llover sobre una ciudad, y sobre otra ciudad no hice llover: sobre una parte llovió; la parte sobre la cual no llovió, secóse."
      },
      {
        "book_name": "Amos",
        "book": 30,
        "chapter": 4,
        "verse": 8,
        "text": "Y venían dos ó tres ciudades á una ciudad para beber agua, y no se hartaban: con todo no os tornásteis á mí, dice Jehová."
      },
      {
        "book_name": "Amos",
        "book": 30,
        "chapter": 4,
        "verse": 9,
        "text": "Os herí con viento solano y oruga; vuestros muchos huertos y vuestras viñas, y vuestros higuerales y vuestros olivares comió la langosta: pero nunca os tornasteis á mí, dice Jehová."
      },
      {
        "book_name": "Amos",
        "book": 30,
        "chapter": 4,
        "verse": 10,
        "text": "Envié entre vosotros mortandad al modo que en Egipto: maté á cuchillo vuestros mancebos, con cautiverio de vuestros caballos; é hice subir el hedor de vuestros reales hasta vuestras narices: empero no os tornasteis á mí, dice Jehová."
      },
      {
        "book_name": "Amos",
        "book": 30,
        "chapter": 4,
        "verse": 11,
        "text": "Trastornéos, como cuando Dios trastornó á Sodoma y á Gomorra, y fuisteis como tizón escapado del fuego: mas no os tornasteis á mí, dice Jehová."
      },
      {
        "book_name": "Amos",
        "book": 30,
        "chapter": 4,
        "verse": 12,
        "text": "Por tanto, de esta manera haré á ti, oh Israel: y porque te he de hacer esto, aparéjate para venir al encuentro á tu Dios, oh Israel."
      },
      {
        "book_name": "Amos",
        "book": 30,
        "chapter": 4,
        "verse": 13,
        "text": "Porque he aquí, el que forma los montes, y cría el viento, y denuncia al hombre su pensamiento; el que hace á las tinieblas mañana, y pasa sobre las alturas de la tierra; Jehová, Dios de los ejércitos, es su nombre."
      }
    ],
    "5": [
      {
        "book_name": "Amos",
        "book": 30,
        "chapter": 5,
        "verse": 1,
        "text": "1OID esta palabra, porque yo levanto endecha sobre vosotros, casa de Israel. 2Cayó la virgen de Israel, no más podrá levantarse; dejada fué sobre su tierra, no hay quien la levante. 3Porque así ha dicho el Señor Jehová: La ciudad que sacaba mil, quedará con ciento; y la que sacaba ciento, quedará con diez, en la casa de Israel. 4Empero así dice Jehová á la casa de Israel: Buscadme, y viviréis;  5Y no busquéis á Beth-el ni entreis en Gilgal, ni paséis á Beer-seba: porque Gilgal será llevada en cautiverio, y Beth-el será deshecha.  6Buscad á Jehová, y vivid; no sea que hienda, como fuego, á la casa de José, y la consuma, sin haber en Beth-el quien lo apague.  7Los que convierten en ajenjo el juicio, y dejan en tierra la justicia,  8Miren al que hace el Arcturo y el Orión, y las tinieblas vuelve en mañana, y hace oscurecer el día en noche; el que llama á las aguas de la mar, y las derrama sobre la haz de la tierra: Jehová es su nombre:  9Que da esfuerzo al despojador sobre el fuerte, y que el despojador venga contra la fortaleza.  10Ellos aborrecieron en la puerta al reprensor, y al que hablaba lo recto abominaron.  11Por tanto, pues que vejáis al pobre y recibís de él carga de trigo; edificasteis casas de sillares, mas no las habitaréis; plantasteis hermosas viñas, mas no beberéis el vino de ellas.  12Porque sabido he vuestras muchas rebeliones, y vuestros grandes pecados: que afligen al justo, y reciben cohecho, y á los pobres en la puerta hacen perder su causa.  13Por tanto, el prudente en tal tiempo calla, porque el tiempo es malo.  14Buscad lo bueno, y no lo malo, para que viváis; porque así Jehová Dios de los ejércitos será con vosotros, como decís.  15Aborreced el mal, y amad el bien, y poned juicio en la puerta: quizá Jehová, Dios de los ejércitos, tendrá piedad del remanente de José.  16Por tanto, así ha dicho Jehová Dios de los ejércitos, el Señor: En todas las plazas habrá llanto, y en todas las calles dirán, ­Ay! ­ay! y al labrador llamarán á lloro, y á endecha á los que endechar supieren.  17Y en todas las viñas habrá llanto; porque pasaré por medio de ti, dice Jehová.  18Ay de los que desean el día de Jehová! ¿para qué queréis este día de Jehová? Será de tinieblas, y no luz:  19Como el que huye de delante del león, y se topa con el oso; ó si entrare en casa y arrimare su mano á la pared, y le muerda la culebra.  20¿No será el día de Jehová tinieblas, y no luz; oscuridad, que no tiene resplandor?  21Aborrecí, abominé vuestras solemnidades, y no me darán buen olor vuestras asambleas.  22Y si me ofreciereis holocaustos y vuestros presentes, no los recibiré; ni miraré á los pacíficos de vuestros engordados.  23Quita de mí la multitud de tus cantares, que no escucharé las salmodias de tus instrumentos.  24Antes corra el juicio como las aguas, y la justicia como impetuoso arroyo.  25¿Habéisme ofrecido sacrificios y presentes en el desierto en cuarenta años, casa de Israel?  26Mas llevabais el tabernáculo de vuestro Moloch y Chiún, ídolos vuestros, la estrella de vuestros dioses que os hicisteis.  27Hareos pues trasportar más allá de Damasco, ha dicho Jehová, cuyo nombre es Dios de los ejércitos."
      },
      {
        "book_name": "Amos",
        "book": 30,
        "chapter": 5,
        "verse": 1,
        "text": "OID esta palabra, porque yo levanto endecha sobre vosotros, casa de Israel."
      },
      {
        "book_name": "Amos",
        "book": 30,
        "chapter": 5,
        "verse": 2,
        "text": "Cayó la virgen de Israel, no más podrá levantarse; dejada fué sobre su tierra, no hay quien la levante."
      },
      {
        "book_name": "Amos",
        "book": 30,
        "chapter": 5,
        "verse": 3,
        "text": "Porque así ha dicho el Señor Jehová: La ciudad que sacaba mil, quedará con ciento; y la que sacaba ciento, quedará con diez, en la casa de Israel."
      },
      {
        "book_name": "Amos",
        "book": 30,
        "chapter": 5,
        "verse": 4,
        "text": "Empero así dice Jehová á la casa de Israel: Buscadme, y viviréis;"
      },
      {
        "book_name": "Amos",
        "book": 30,
        "chapter": 5,
        "verse": 5,
        "text": "Y no busquéis á Beth-el ni entreis en Gilgal, ni paséis á Beer-seba: porque Gilgal será llevada en cautiverio, y Beth-el será deshecha."
      },
      {
        "book_name": "Amos",
        "book": 30,
        "chapter": 5,
        "verse": 6,
        "text": "Buscad á Jehová, y vivid; no sea que hienda, como fuego, á la casa de José, y la consuma, sin haber en Beth-el quien lo apague."
      },
      {
        "book_name": "Amos",
        "book": 30,
        "chapter": 5,
        "verse": 7,
        "text": "Los que convierten en ajenjo el juicio, y dejan en tierra la justicia,"
      },
      {
        "book_name": "Amos",
        "book": 30,
        "chapter": 5,
        "verse": 8,
        "text": "Miren al que hace el Arcturo y el Orión, y las tinieblas vuelve en mañana, y hace oscurecer el día en noche; el que llama á las aguas de la mar, y las derrama sobre la haz de la tierra: Jehová es su nombre:"
      },
      {
        "book_name": "Amos",
        "book": 30,
        "chapter": 5,
        "verse": 9,
        "text": "Que da esfuerzo al despojador sobre el fuerte, y que el despojador venga contra la fortaleza."
      },
      {
        "book_name": "Amos",
        "book": 30,
        "chapter": 5,
        "verse": 10,
        "text": "Ellos aborrecieron en la puerta al reprensor, y al que hablaba lo recto abominaron."
      },
      {
        "book_name": "Amos",
        "book": 30,
        "chapter": 5,
        "verse": 11,
        "text": "Por tanto, pues que vejáis al pobre y recibís de él carga de trigo; edificasteis casas de sillares, mas no las habitaréis; plantasteis hermosas viñas, mas no beberéis el vino de ellas."
      },
      {
        "book_name": "Amos",
        "book": 30,
        "chapter": 5,
        "verse": 12,
        "text": "Porque sabido he vuestras muchas rebeliones, y vuestros grandes pecados: que afligen al justo, y reciben cohecho, y á los pobres en la puerta hacen perder su causa."
      },
      {
        "book_name": "Amos",
        "book": 30,
        "chapter": 5,
        "verse": 13,
        "text": "Por tanto, el prudente en tal tiempo calla, porque el tiempo es malo."
      },
      {
        "book_name": "Amos",
        "book": 30,
        "chapter": 5,
        "verse": 14,
        "text": "Buscad lo bueno, y no lo malo, para que viváis; porque así Jehová Dios de los ejércitos será con vosotros, como decís."
      },
      {
        "book_name": "Amos",
        "book": 30,
        "chapter": 5,
        "verse": 15,
        "text": "Aborreced el mal, y amad el bien, y poned juicio en la puerta: quizá Jehová, Dios de los ejércitos, tendrá piedad del remanente de José."
      },
      {
        "book_name": "Amos",
        "book": 30,
        "chapter": 5,
        "verse": 16,
        "text": "Por tanto, así ha dicho Jehová Dios de los ejércitos, el Señor: En todas las plazas habrá llanto, y en todas las calles dirán, ­Ay! ­ay! y al labrador llamarán á lloro, y á endecha á los que endechar supieren."
      },
      {
        "book_name": "Amos",
        "book": 30,
        "chapter": 5,
        "verse": 17,
        "text": "Y en todas las viñas habrá llanto; porque pasaré por medio de ti, dice Jehová."
      },
      {
        "book_name": "Amos",
        "book": 30,
        "chapter": 5,
        "verse": 18,
        "text": "Ay de los que desean el día de Jehová! ¿para qué queréis este día de Jehová? Será de tinieblas, y no luz:"
      },
      {
        "book_name": "Amos",
        "book": 30,
        "chapter": 5,
        "verse": 19,
        "text": "Como el que huye de delante del león, y se topa con el oso; ó si entrare en casa y arrimare su mano á la pared, y le muerda la culebra."
      },
      {
        "book_name": "Amos",
        "book": 30,
        "chapter": 5,
        "verse": 20,
        "text": "¿No será el día de Jehová tinieblas, y no luz; oscuridad, que no tiene resplandor?"
      },
      {
        "book_name": "Amos",
        "book": 30,
        "chapter": 5,
        "verse": 21,
        "text": "Aborrecí, abominé vuestras solemnidades, y no me darán buen olor vuestras asambleas."
      },
      {
        "book_name": "Amos",
        "book": 30,
        "chapter": 5,
        "verse": 22,
        "text": "Y si me ofreciereis holocaustos y vuestros presentes, no los recibiré; ni miraré á los pacíficos de vuestros engordados."
      },
      {
        "book_name": "Amos",
        "book": 30,
        "chapter": 5,
        "verse": 23,
        "text": "Quita de mí la multitud de tus cantares, que no escucharé las salmodias de tus instrumentos."
      },
      {
        "book_name": "Amos",
        "book": 30,
        "chapter": 5,
        "verse": 24,
        "text": "Antes corra el juicio como las aguas, y la justicia como impetuoso arroyo."
      },
      {
        "book_name": "Amos",
        "book": 30,
        "chapter": 5,
        "verse": 25,
        "text": "¿Habéisme ofrecido sacrificios y presentes en el desierto en cuarenta años, casa de Israel?"
      },
      {
        "book_name": "Amos",
        "book": 30,
        "chapter": 5,
        "verse": 26,
        "text": "Mas llevabais el tabernáculo de vuestro Moloch y Chiún, ídolos vuestros, la estrella de vuestros dioses que os hicisteis."
      },
      {
        "book_name": "Amos",
        "book": 30,
        "chapter": 5,
        "verse": 27,
        "text": "Hareos pues trasportar más allá de Damasco, ha dicho Jehová, cuyo nombre es Dios de los ejércitos."
      }
    ],
    "6": [
      {
        "book_name": "Amos",
        "book": 30,
        "chapter": 6,
        "verse": 1,
        "text": "1AY de los reposados en Sión, y de los confiados en el monte de Samaria, nombrados principales entre las mismas naciones, las cuales vendrán sobre ellos, oh casa de Israel! 2Pasad á Calne, y mirad; y de allí id á la gran Hamath; descended luego á Gath de los Palestinos: ved si son aquellos reinos mejores que estos reinos, si su término es mayor que vuestro término. 3Vosotros que dilatáis el día malo, y acercáis la silla de iniquidad; 4Duermen en camas de marfil, y se extienden sobre sus lechos; y comen los corderos del rebaño, y los becerros de en medio del engordadero; 5Gorjean al son de la flauta, é inventan instrumentos músicos, como David; 6Beben vino en tazones, y se ungen con los ungüentos más preciosos; y no se afligen por el quebrantamiento de José. 7Por tanto, ahora pasarán en el principio de los que á cautividad pasaren, y se acercará el clamor de los extendidos. 8El Señor Jehová juró por su alma, Jehová Dios de los ejércitos ha dicho: Tengo en abominación la grandeza de Jacob, y aborrezco sus palacios: y la ciudad y su plenitud entregaré al enemigo.  9Y acontecerá que si diez hombres quedaren en una casa, morirán.  10Y su tió tomará á cada uno, y quemarále para sacar los huesos de casa; y dirá al que estará en los rincones de la casa: ¿Hay aún alguno contigo? Y dirá: No. Y dirá aquél: Calla que no podemos hacer mención del nombre de Jehová.  11Porque he aquí, Jehová mandará, y herirá con hendiduras la casa mayor, y la casa menor con aberturas.  12¿Correrán los caballos por las peñas? ¿ararán en ellas con vacas? ¿por qué habéis vosotros tornado el juicio en veneno, y el fruto de justicia en ajeno?  13Vosotros que os alegráis en nada, que decís: ¿No nos hemos adquirido potencia con nuestra fortaleza?  14Pues he aquí, levantaré yo sobre vosotros, oh casa de Israel, dice Jehová Dios de los ejércitos, gente que os oprimirá desde la entrada de Hamath hasta el arroyo del desierto."
      },
      {
        "book_name": "Amos",
        "book": 30,
        "chapter": 6,
        "verse": 1,
        "text": "AY de los reposados en Sión, y de los confiados en el monte de Samaria, nombrados principales entre las mismas naciones, las cuales vendrán sobre ellos, oh casa de Israel!"
      },
      {
        "book_name": "Amos",
        "book": 30,
        "chapter": 6,
        "verse": 2,
        "text": "Pasad á Calne, y mirad; y de allí id á la gran Hamath; descended luego á Gath de los Palestinos: ved si son aquellos reinos mejores que estos reinos, si su término es mayor que vuestro término."
      },
      {
        "book_name": "Amos",
        "book": 30,
        "chapter": 6,
        "verse": 3,
        "text": "Vosotros que dilatáis el día malo, y acercáis la silla de iniquidad;"
      },
      {
        "book_name": "Amos",
        "book": 30,
        "chapter": 6,
        "verse": 4,
        "text": "Duermen en camas de marfil, y se extienden sobre sus lechos; y comen los corderos del rebaño, y los becerros de en medio del engordadero;"
      },
      {
        "book_name": "Amos",
        "book": 30,
        "chapter": 6,
        "verse": 5,
        "text": "Gorjean al son de la flauta, é inventan instrumentos músicos, como David;"
      },
      {
        "book_name": "Amos",
        "book": 30,
        "chapter": 6,
        "verse": 6,
        "text": "Beben vino en tazones, y se ungen con los ungüentos más preciosos; y no se afligen por el quebrantamiento de José."
      },
      {
        "book_name": "Amos",
        "book": 30,
        "chapter": 6,
        "verse": 7,
        "text": "Por tanto, ahora pasarán en el principio de los que á cautividad pasaren, y se acercará el clamor de los extendidos."
      },
      {
        "book_name": "Amos",
        "book": 30,
        "chapter": 6,
        "verse": 8,
        "text": "El Señor Jehová juró por su alma, Jehová Dios de los ejércitos ha dicho: Tengo en abominación la grandeza de Jacob, y aborrezco sus palacios: y la ciudad y su plenitud entregaré al enemigo."
      },
      {
        "book_name": "Amos",
        "book": 30,
        "chapter": 6,
        "verse": 9,
        "text": "Y acontecerá que si diez hombres quedaren en una casa, morirán."
      },
      {
        "book_name": "Amos",
        "book": 30,
        "chapter": 6,
        "verse": 10,
        "text": "Y su tió tomará á cada uno, y quemarále para sacar los huesos de casa; y dirá al que estará en los rincones de la casa: ¿Hay aún alguno contigo? Y dirá: No. Y dirá aquél: Calla que no podemos hacer mención del nombre de Jehová."
      },
      {
        "book_name": "Amos",
        "book": 30,
        "chapter": 6,
        "verse": 11,
        "text": "Porque he aquí, Jehová mandará, y herirá con hendiduras la casa mayor, y la casa menor con aberturas."
      },
      {
        "book_name": "Amos",
        "book": 30,
        "chapter": 6,
        "verse": 12,
        "text": "¿Correrán los caballos por las peñas? ¿ararán en ellas con vacas? ¿por qué habéis vosotros tornado el juicio en veneno, y el fruto de justicia en ajeno?"
      },
      {
        "book_name": "Amos",
        "book": 30,
        "chapter": 6,
        "verse": 13,
        "text": "Vosotros que os alegráis en nada, que decís: ¿No nos hemos adquirido potencia con nuestra fortaleza?"
      },
      {
        "book_name": "Amos",
        "book": 30,
        "chapter": 6,
        "verse": 14,
        "text": "Pues he aquí, levantaré yo sobre vosotros, oh casa de Israel, dice Jehová Dios de los ejércitos, gente que os oprimirá desde la entrada de Hamath hasta el arroyo del desierto."
      }
    ],
    "7": [
      {
        "book_name": "Amos",
        "book": 30,
        "chapter": 7,
        "verse": 1,
        "text": "1ASI me ha mostrado el Señor Jehová: y he aquí, él criaba langostas al principio que comenzaba á crecer el heno tardío; y he aquí, era el heno tardío después de las siegas del rey. 2Y acaeció que como acabó de comer la hierba de la tierra, yo dije: Señor Jehová, perdona ahora; ¿quién levantará á Jacob? porque es pequeño. 3Arrepintióse Jehová de esto: No será, dijo Jehová. 4El Señor Jehová me mostró así: y he aquí, llamaba para juzgar por fuego el Señor Jehová; y consumió un gran abismo, y consumió una parte de la tierra. 5Y dije: Señor Jehová, cesa ahora; ¿quién levantará á Jacob? porque es pequeño. 6Arrepintióse Jehová de esto: No será esto tampoco, dijo el Señor Jehová. 7Enseñóme así: he aquí, el Señor estaba sobre un muro hecho á plomo, y en su mano una plomada de albañil. 8Jehová entonces me dijo: ¿Qué ves, Amós? Y dije: Una plomada de albañil. Y el Señor dijo: He aquí, Yo pongo plomada de albañil en medio de mi pueblo Israel: No le pasaré más: 9Y los altares de Isaac serán destruidos, y los santuarios de Israel serán asolados; y levantaréme con espada sobre la casa de Jeroboam. 10Entonces Amasías sacerdote de Beth-el envió á decir á Jeroboam, rey de Israel: Amós se ha conjurado contra ti en medio de la casa de Israel: la tierra no puede sufrir todas sus palabras.  11Porque así ha dicho Amós: Jeroboam morirá á cuchillo, é Israel pasará de su tierra en cautiverio.  12Y Amasías dijo á Amós: Vidente, vete, y huye á tierra de Judá, y come allá tu pan, y profetiza allí:  13Y no profetices más en Beth-el, porque es santuario del rey, y cabecera del reino.  14Entonces respondió Amós, y dijo á Amasías: No soy profeta, ni soy hijo de profeta, sino que soy boyero, y cogedor de cabrahigos:  15Y Jehová me tomó de tras el ganado, y díjome Jehová: Ve, y profetiza á mi pueblo Israel.  16Ahora pues, oye palabra de Jehová. Tú dices: No profetices contra Israel, ni hables contra la casa de Isaac:  17Por tanto, así ha dicho Jehová: Tu mujer fornicará en la ciudad, y tus hijos y tus hijas caerán á cuchillo, y tu tierra será partida por suertes; y tú morirás en tierra inmunda, é Israel será traspasado de su tierra."
      },
      {
        "book_name": "Amos",
        "book": 30,
        "chapter": 7,
        "verse": 1,
        "text": "ASI me ha mostrado el Señor Jehová: y he aquí, él criaba langostas al principio que comenzaba á crecer el heno tardío; y he aquí, era el heno tardío después de las siegas del rey."
      },
      {
        "book_name": "Amos",
        "book": 30,
        "chapter": 7,
        "verse": 2,
        "text": "Y acaeció que como acabó de comer la hierba de la tierra, yo dije: Señor Jehová, perdona ahora; ¿quién levantará á Jacob? porque es pequeño."
      },
      {
        "book_name": "Amos",
        "book": 30,
        "chapter": 7,
        "verse": 3,
        "text": "Arrepintióse Jehová de esto: No será, dijo Jehová."
      },
      {
        "book_name": "Amos",
        "book": 30,
        "chapter": 7,
        "verse": 4,
        "text": "El Señor Jehová me mostró así: y he aquí, llamaba para juzgar por fuego el Señor Jehová; y consumió un gran abismo, y consumió una parte de la tierra."
      },
      {
        "book_name": "Amos",
        "book": 30,
        "chapter": 7,
        "verse": 5,
        "text": "Y dije: Señor Jehová, cesa ahora; ¿quién levantará á Jacob? porque es pequeño."
      },
      {
        "book_name": "Amos",
        "book": 30,
        "chapter": 7,
        "verse": 6,
        "text": "Arrepintióse Jehová de esto: No será esto tampoco, dijo el Señor Jehová."
      },
      {
        "book_name": "Amos",
        "book": 30,
        "chapter": 7,
        "verse": 7,
        "text": "Enseñóme así: he aquí, el Señor estaba sobre un muro hecho á plomo, y en su mano una plomada de albañil."
      },
      {
        "book_name": "Amos",
        "book": 30,
        "chapter": 7,
        "verse": 8,
        "text": "Jehová entonces me dijo: ¿Qué ves, Amós? Y dije: Una plomada de albañil. Y el Señor dijo: He aquí, Yo pongo plomada de albañil en medio de mi pueblo Israel: No le pasaré más:"
      },
      {
        "book_name": "Amos",
        "book": 30,
        "chapter": 7,
        "verse": 9,
        "text": "Y los altares de Isaac serán destruidos, y los santuarios de Israel serán asolados; y levantaréme con espada sobre la casa de Jeroboam."
      },
      {
        "book_name": "Amos",
        "book": 30,
        "chapter": 7,
        "verse": 10,
        "text": "Entonces Amasías sacerdote de Beth-el envió á decir á Jeroboam, rey de Israel: Amós se ha conjurado contra ti en medio de la casa de Israel: la tierra no puede sufrir todas sus palabras."
      },
      {
        "book_name": "Amos",
        "book": 30,
        "chapter": 7,
        "verse": 11,
        "text": "Porque así ha dicho Amós: Jeroboam morirá á cuchillo, é Israel pasará de su tierra en cautiverio."
      },
      {
        "book_name": "Amos",
        "book": 30,
        "chapter": 7,
        "verse": 12,
        "text": "Y Amasías dijo á Amós: Vidente, vete, y huye á tierra de Judá, y come allá tu pan, y profetiza allí:"
      },
      {
        "book_name": "Amos",
        "book": 30,
        "chapter": 7,
        "verse": 13,
        "text": "Y no profetices más en Beth-el, porque es santuario del rey, y cabecera del reino."
      },
      {
        "book_name": "Amos",
        "book": 30,
        "chapter": 7,
        "verse": 14,
        "text": "Entonces respondió Amós, y dijo á Amasías: No soy profeta, ni soy hijo de profeta, sino que soy boyero, y cogedor de cabrahigos:"
      },
      {
        "book_name": "Amos",
        "book": 30,
        "chapter": 7,
        "verse": 15,
        "text": "Y Jehová me tomó de tras el ganado, y díjome Jehová: Ve, y profetiza á mi pueblo Israel."
      },
      {
        "book_name": "Amos",
        "book": 30,
        "chapter": 7,
        "verse": 16,
        "text": "Ahora pues, oye palabra de Jehová. Tú dices: No profetices contra Israel, ni hables contra la casa de Isaac:"
      },
      {
        "book_name": "Amos",
        "book": 30,
        "chapter": 7,
        "verse": 17,
        "text": "Por tanto, así ha dicho Jehová: Tu mujer fornicará en la ciudad, y tus hijos y tus hijas caerán á cuchillo, y tu tierra será partida por suertes; y tú morirás en tierra inmunda, é Israel será traspasado de su tierra."
      }
    ],
    "8": [
      {
        "book_name": "Amos",
        "book": 30,
        "chapter": 8,
        "verse": 1,
        "text": "1ASI me ha mostrado Jehová: y he aquí un canastillo de fruta de verano. 2Y dijo: ¿Qué ves, Amós? Y dije: Un canastillo de fruta de verano. Y díjome Jehová: Venido ha el fin sobre mi pueblo Israel; no le pasaré más. 3Y los cantores del templo aullarán en aquel día, dice el Señor Jehová; muchos serán los cuerpos muertos; en todo lugar echados serán en silencio. 4Oid esto, los que tragáis á los menesterosos, y arruináis los pobres de la tierra,  5Diciendo: ¿Cuándo pasará el mes, y venderemos el trigo; y la semana, y abriremos los alfolíes del pan, y achicaremos la medida, y engrandeceremos el precio, y falsearemos el peso engañoso;  6Para comprar los pobres por dinero, y los necesitados por un par de zapatos, y venderemos las aechaduras del trigo?  7Jehová juró por la gloria de Jacob: No me olvidaré para siempre de todas sus obras.  8¿No se ha de estremecer la tierra sobre esto? ¿Y todo habitador de ella no llorará? y subirá toda como un río, y será arrojada, y hundiráse como el río de Egipto.  9Y acaecerá en aquel día, dice el Señor Jehová, que haré se ponga el sol al mediodía, y la tierra cubriré de tinieblas en el día claro.  10Y tornaré vuestras fiestas en lloro, y todos vuestros cantares en endechas; y haré poner saco sobre todos lomos, y peladura sobre toda cabeza; y tornaréla como en llanto de unigénito, y su postrimería como día amargo.  11He aquí vienen días, dice el Señor Jehová, en los cuales enviaré hambre á la tierra, no hambre de pan, ni sed de agua, sino de oir palabra de Jehová.  12E irán errantes de mar á mar: desde el norte hasta el oriente discurrirán buscando palabra de Jehová, y no la hallarán.  13En aquel tiempo las doncellas hermosas y los mancebos desmayarán de sed.  14Los que juran por el pecado de Samaria, y dicen, Vive tu Dios de Dan: y, Vive el camino de Beer-seba: caerán, y nunca más se levantarán."
      },
      {
        "book_name": "Amos",
        "book": 30,
        "chapter": 8,
        "verse": 1,
        "text": "ASI me ha mostrado Jehová: y he aquí un canastillo de fruta de verano."
      },
      {
        "book_name": "Amos",
        "book": 30,
        "chapter": 8,
        "verse": 2,
        "text": "Y dijo: ¿Qué ves, Amós? Y dije: Un canastillo de fruta de verano. Y díjome Jehová: Venido ha el fin sobre mi pueblo Israel; no le pasaré más."
      },
      {
        "book_name": "Amos",
        "book": 30,
        "chapter": 8,
        "verse": 3,
        "text": "Y los cantores del templo aullarán en aquel día, dice el Señor Jehová; muchos serán los cuerpos muertos; en todo lugar echados serán en silencio."
      },
      {
        "book_name": "Amos",
        "book": 30,
        "chapter": 8,
        "verse": 4,
        "text": "Oid esto, los que tragáis á los menesterosos, y arruináis los pobres de la tierra,"
      },
      {
        "book_name": "Amos",
        "book": 30,
        "chapter": 8,
        "verse": 5,
        "text": "Diciendo: ¿Cuándo pasará el mes, y venderemos el trigo; y la semana, y abriremos los alfolíes del pan, y achicaremos la medida, y engrandeceremos el precio, y falsearemos el peso engañoso;"
      },
      {
        "book_name": "Amos",
        "book": 30,
        "chapter": 8,
        "verse": 6,
        "text": "Para comprar los pobres por dinero, y los necesitados por un par de zapatos, y venderemos las aechaduras del trigo?"
      },
      {
        "book_name": "Amos",
        "book": 30,
        "chapter": 8,
        "verse": 7,
        "text": "Jehová juró por la gloria de Jacob: No me olvidaré para siempre de todas sus obras."
      },
      {
        "book_name": "Amos",
        "book": 30,
        "chapter": 8,
        "verse": 8,
        "text": "¿No se ha de estremecer la tierra sobre esto? ¿Y todo habitador de ella no llorará? y subirá toda como un río, y será arrojada, y hundiráse como el río de Egipto."
      },
      {
        "book_name": "Amos",
        "book": 30,
        "chapter": 8,
        "verse": 9,
        "text": "Y acaecerá en aquel día, dice el Señor Jehová, que haré se ponga el sol al mediodía, y la tierra cubriré de tinieblas en el día claro."
      },
      {
        "book_name": "Amos",
        "book": 30,
        "chapter": 8,
        "verse": 10,
        "text": "Y tornaré vuestras fiestas en lloro, y todos vuestros cantares en endechas; y haré poner saco sobre todos lomos, y peladura sobre toda cabeza; y tornaréla como en llanto de unigénito, y su postrimería como día amargo."
      },
      {
        "book_name": "Amos",
        "book": 30,
        "chapter": 8,
        "verse": 11,
        "text": "He aquí vienen días, dice el Señor Jehová, en los cuales enviaré hambre á la tierra, no hambre de pan, ni sed de agua, sino de oir palabra de Jehová."
      },
      {
        "book_name": "Amos",
        "book": 30,
        "chapter": 8,
        "verse": 12,
        "text": "E irán errantes de mar á mar: desde el norte hasta el oriente discurrirán buscando palabra de Jehová, y no la hallarán."
      },
      {
        "book_name": "Amos",
        "book": 30,
        "chapter": 8,
        "verse": 13,
        "text": "En aquel tiempo las doncellas hermosas y los mancebos desmayarán de sed."
      },
      {
        "book_name": "Amos",
        "book": 30,
        "chapter": 8,
        "verse": 14,
        "text": "Los que juran por el pecado de Samaria, y dicen, Vive tu Dios de Dan: y, Vive el camino de Beer-seba: caerán, y nunca más se levantarán."
      }
    ],
    "9": [
      {
        "book_name": "Amos",
        "book": 30,
        "chapter": 9,
        "verse": 1,
        "text": "1VI al Señor que estaba sobre el altar, y dijo: Hiere el umbral, y estremézcanse las puertas: y córtales en piezas la cabeza de todos; y el postrero de ellos mataré á cuchillo: no habrá de ellos quien se fugue, ni quien escape. 2Aunque cavasen hasta el infierno, de allá los tomará mi mano; y si subieren hasta el cielo, de allá los haré descender. 3Y si se escondieren en la cumbre del Carmelo, allí los buscaré y los tomaré; y aunque se escondieren de delante de mis ojos en el profundo de la mar, allí mandaré á la culebra, y morderálos. 4Y si fueren en cautiverio, delante de sus enemigos, allí mandaré al cuchillo, y los matará; y pondré sobre ellos mis ojos para mal, y no para bien. 5El Señor Jehová de los ejércitos es el que toca la tierra, y se derretirá, y llorarán todos los que en ella moran: y subirá toda como un río, y hundiráse luego como el río de Egipto. 6El edificó en el cielo sus gradas, y ha establecido su expansión sobre la tierra: él llama las aguas de la mar, y sobre la haz de la tierra las derrama: Jehová es su nombre. 7Hijos de Israel, ¿no me sois vosotros, dice Jehová, como hijos de Etiopes? ¿no hice yo subir á Israel de la tierra de Egipto, y á los Palestinos de Caphtor, y de Chîr á los Arameos? 8He aquí los ojos del Señor Jehová están contra el reino pecador, y yo lo asolaré de la haz de la tierra: mas no destruiré del todo la casa de Jacob, dice Jehová. 9Porque he aquí yo mandaré, y haré que la casa de Israel sea zarandeada entre todas las gentes, como se zarandea el grano en un harnero, y no cae un granito en la tierra. 10A cuchillo morirán todos los pecadores de mi pueblo, que dicen: No se acercará, ni nos alcanzará el mal. 11En aquel día yo levantaré el tabernáculo de David, caído, y cerraré sus portillos, y levantaré sus ruinas, y edificarélo como en el tiempo pasado;  12Para que aquellos sobre los cuales es llamado mi nombre, posean el resto de Idumea, y á todas las naciones, dice Jehová que hace esto.  13He aquí vienen días, dice Jehová en que el que ara alcanzará al segador, y el pisador de las uvas al que lleva la simiente; y los montes destilarán mosto, y todos los collados se derretirán.  14Y tornaré el cautiverio de mi pueblo Israel, y edificarán ellos las ciudades asoladas, y las habitarán; y plantarán viñas, y beberán el vino de ellas; y harán huertos, y comerán el fruto de ellos.  15Pues los plantaré sobre su tierra, y nunca más serán arrancados de su tierra que yo les dí, ha dicho Jehová Dios tuyo."
      },
      {
        "book_name": "Amos",
        "book": 30,
        "chapter": 9,
        "verse": 1,
        "text": "VI al Señor que estaba sobre el altar, y dijo: Hiere el umbral, y estremézcanse las puertas: y córtales en piezas la cabeza de todos; y el postrero de ellos mataré á cuchillo: no habrá de ellos quien se fugue, ni quien escape."
      },
      {
        "book_name": "Amos",
        "book": 30,
        "chapter": 9,
        "verse": 2,
        "text": "Aunque cavasen hasta el infierno, de allá los tomará mi mano; y si subieren hasta el cielo, de allá los haré descender."
      },
      {
        "book_name": "Amos",
        "book": 30,
        "chapter": 9,
        "verse": 3,
        "text": "Y si se escondieren en la cumbre del Carmelo, allí los buscaré y los tomaré; y aunque se escondieren de delante de mis ojos en el profundo de la mar, allí mandaré á la culebra, y morderálos."
      },
      {
        "book_name": "Amos",
        "book": 30,
        "chapter": 9,
        "verse": 4,
        "text": "Y si fueren en cautiverio, delante de sus enemigos, allí mandaré al cuchillo, y los matará; y pondré sobre ellos mis ojos para mal, y no para bien."
      },
      {
        "book_name": "Amos",
        "book": 30,
        "chapter": 9,
        "verse": 5,
        "text": "El Señor Jehová de los ejércitos es el que toca la tierra, y se derretirá, y llorarán todos los que en ella moran: y subirá toda como un río, y hundiráse luego como el río de Egipto."
      },
      {
        "book_name": "Amos",
        "book": 30,
        "chapter": 9,
        "verse": 6,
        "text": "El edificó en el cielo sus gradas, y ha establecido su expansión sobre la tierra: él llama las aguas de la mar, y sobre la haz de la tierra las derrama: Jehová es su nombre."
      },
      {
        "book_name": "Amos",
        "book": 30,
        "chapter": 9,
        "verse": 7,
        "text": "Hijos de Israel, ¿no me sois vosotros, dice Jehová, como hijos de Etiopes? ¿no hice yo subir á Israel de la tierra de Egipto, y á los Palestinos de Caphtor, y de Chîr á los Arameos?"
      },
      {
        "book_name": "Amos",
        "book": 30,
        "chapter": 9,
        "verse": 8,
        "text": "He aquí los ojos del Señor Jehová están contra el reino pecador, y yo lo asolaré de la haz de la tierra: mas no destruiré del todo la casa de Jacob, dice Jehová."
      },
      {
        "book_name": "Amos",
        "book": 30,
        "chapter": 9,
        "verse": 9,
        "text": "Porque he aquí yo mandaré, y haré que la casa de Israel sea zarandeada entre todas las gentes, como se zarandea el grano en un harnero, y no cae un granito en la tierra."
      },
      {
        "book_name": "Amos",
        "book": 30,
        "chapter": 9,
        "verse": 10,
        "text": "A cuchillo morirán todos los pecadores de mi pueblo, que dicen: No se acercará, ni nos alcanzará el mal."
      },
      {
        "book_name": "Amos",
        "book": 30,
        "chapter": 9,
        "verse": 11,
        "text": "En aquel día yo levantaré el tabernáculo de David, caído, y cerraré sus portillos, y levantaré sus ruinas, y edificarélo como en el tiempo pasado;"
      },
      {
        "book_name": "Amos",
        "book": 30,
        "chapter": 9,
        "verse": 12,
        "text": "Para que aquellos sobre los cuales es llamado mi nombre, posean el resto de Idumea, y á todas las naciones, dice Jehová que hace esto."
      },
      {
        "book_name": "Amos",
        "book": 30,
        "chapter": 9,
        "verse": 13,
        "text": "He aquí vienen días, dice Jehová en que el que ara alcanzará al segador, y el pisador de las uvas al que lleva la simiente; y los montes destilarán mosto, y todos los collados se derretirán."
      },
      {
        "book_name": "Amos",
        "book": 30,
        "chapter": 9,
        "verse": 14,
        "text": "Y tornaré el cautiverio de mi pueblo Israel, y edificarán ellos las ciudades asoladas, y las habitarán; y plantarán viñas, y beberán el vino de ellas; y harán huertos, y comerán el fruto de ellos."
      },
      {
        "book_name": "Amos",
        "book": 30,
        "chapter": 9,
        "verse": 15,
        "text": "Pues los plantaré sobre su tierra, y nunca más serán arrancados de su tierra que yo les dí, ha dicho Jehová Dios tuyo."
      }
    ]
  }
}