{
  "source": "bible.com",
  "version": "Reina Valera (1602)",
  "book": "Kolossenzen",
  "chapters": {
    "1": [
      {
        "book_name": "Kolossenzen",
        "book": 51,
        "chapter": 1,
        "verse": 1,
        "text": "1PABLO, apóstol de Jesucristo por la voluntad de Dios, y el hermano Timoteo, 2A los santos y hermanos fieles en Cristo que están en Colosas: Gracia y paz á vosotros de Dios Padre nuestro, y del Señor Jesucristo. 3Damos gracias al Dios y Padre del Señor nuestro Jesucristo, siempre orando por vosotros:  4Habiendo oído vuestra fe en Cristo Jesús, y el amor que tenéis á todos los santos,  5A causa de la esperanza que os está guardada en los cielos, de la cual habéis oído ya por la palabra verdadera del evangelio:  6El cual ha llegado hasta vosotros, como por todo el mundo; y fructifica y crece, como también en vosotros, desde el día que oísteis y conocisteis la gracia de Dios en verdad,  7Como habéis aprendido de Epafras, nuestro consiervo amado, el cual es un fiel ministro de Cristo á favor vuestro;  8El cual también nos ha declarado vuestro amor en el Espíritu.  9Por lo cual también nosotros, desde el día que lo oímos, no cesamos de orar por vosotros, y de pedir que seáis llenos del conocimiento de su voluntad, en toda sabiduría y espiritual inteligencia;  10Para que andéis como es digno del Señor, agradándo le en todo, fructificando en toda buena obra, y creciendo en el conocimiento de Dios:  11Corroborados de toda fortaleza, conforme á la potencia de su gloria, para toda tolerancia y largura de ánimo con gozo;  12Dando gracias al Padre que nos hizo aptos para participar de la suerte de los santos en luz:  13Que nos ha librado de la potestad de las tinieblas, y trasladado al reino de su amado Hijo;  14En el cual tenemos redención por su sangre, la remisión de pecados:  15El cual es la imagen del Dios invisible, el primogénito de toda criatura.  16Porque por él fueron criadas todas las cosas que están en los cielos, y que están en la tierra, visibles é invisibles; sean tronos, sean dominios, sean principados, sean potestades; todo fué criado por él y para él.  17Y él es antes de todas las cosas, y por él todas las cosas subsisten:  18Y él es la cabeza del cuerpo que es la iglesia; él que es el principio, el primogénito de los muertos, para que en todo tenga el primado.  19Por cuanto agradó al Padre que en él habitase toda plenitud,  20Y por él reconciliar todas las cosas á sí, pacificando por la sangre de su cruz, así lo que está en la tierra como lo que está en los cielos.  21A vosotros también, que erais en otro tiempo extraños y enemigos de ánimo en malas obras, ahora empero os ha reconciliado  22En el cuerpo de su carne por medio de muerte, para haceros santos, y sin mancha, é irreprensibles delante de él:  23Si empero permanecéis fundados y firmes en la fe, y sin moveros de la esperanza del evangelio que habéis oído; el cual es predicado á toda criatura que está debajo del cielo; del cual yo Pablo soy hecho ministro.  24Que ahora me gozo en lo que padezco por vosotros, y cumplo en mi carne lo que falta de las aflicciones de Cristo por su cuerpo, que es la iglesia;  25De la cual soy hecho ministro, según la dispensación de Dios que me fué dada en orden á vosotros, para que cumpla la palabra de Dios;  26A saber, el misterio que había estado oculto desde los siglos y edades, mas ahora ha sido manifestado á sus santos:  27A los cuales quiso Dios hacer notorias las riquezas de la gloria de este misterio entre los Gentiles; que es Cristo en vosotros la esperanza de gloria:  28El cual nosotros anunciamos, amonestando á todo hombre, y enseñando en toda sabiduría, para que presentemos á todo hombre perfecto en Cristo Jesús:  29En lo cual aun trabajo, combatiendo según la operación de él, la cual obra en mí poderosamente."
      },
      {
        "book_name": "Kolossenzen",
        "book": 51,
        "chapter": 1,
        "verse": 1,
        "text": "PABLO, apóstol de Jesucristo por la voluntad de Dios, y el hermano Timoteo,"
      },
      {
        "book_name": "Kolossenzen",
        "book": 51,
        "chapter": 1,
        "verse": 2,
        "text": "A los santos y hermanos fieles en Cristo que están en Colosas: Gracia y paz á vosotros de Dios Padre nuestro, y del Señor Jesucristo."
      },
      {
        "book_name": "Kolossenzen",
        "book": 51,
        "chapter": 1,
        "verse": 3,
        "text": "Damos gracias al Dios y Padre del Señor nuestro Jesucristo, siempre orando por vosotros:"
      },
      {
        "book_name": "Kolossenzen",
        "book": 51,
        "chapter": 1,
        "verse": 4,
        "text": "Habiendo oído vuestra fe en Cristo Jesús, y el amor que tenéis á todos los santos,"
      },
      {
        "book_name": "Kolossenzen",
        "book": 51,
        "chapter": 1,
        "verse": 5,
        "text": "A causa de la esperanza que os está guardada en los cielos, de la cual habéis oído ya por la palabra verdadera del evangelio:"
      },
      {
        "book_name": "Kolossenzen",
        "book": 51,
        "chapter": 1,
        "verse": 6,
        "text": "El cual ha llegado hasta vosotros, como por todo el mundo; y fructifica y crece, como también en vosotros, desde el día que oísteis y conocisteis la gracia de Dios en verdad,"
      },
      {
        "book_name": "Kolossenzen",
        "book": 51,
        "chapter": 1,
        "verse": 7,
        "text": "Como habéis aprendido de Epafras, nuestro consiervo amado, el cual es un fiel ministro de Cristo á favor vuestro;"
      },
      {
        "book_name": "Kolossenzen",
        "book": 51,
        "chapter": 1,
        "verse": 8,
        "text": "El cual también nos ha declarado vuestro amor en el Espíritu."
      },
      {
        "book_name": "Kolossenzen",
        "book": 51,
        "chapter": 1,
        "verse": 9,
        "text": "Por lo cual también nosotros, desde el día que lo oímos, no cesamos de orar por vosotros, y de pedir que seáis llenos del conocimiento de su voluntad, en toda sabiduría y espiritual inteligencia;"
      },
      {
        "book_name": "Kolossenzen",
        "book": 51,
        "chapter": 1,
        "verse": 10,
        "text": "Para que andéis como es digno del Señor, agradándo le en todo, fructificando en toda buena obra, y creciendo en el conocimiento de Dios:"
      },
      {
        "book_name": "Kolossenzen",
        "book": 51,
        "chapter": 1,
        "verse": 11,
        "text": "Corroborados de toda fortaleza, conforme á la potencia de su gloria, para toda tolerancia y largura de ánimo con gozo;"
      },
      {
        "book_name": "Kolossenzen",
        "book": 51,
        "chapter": 1,
        "verse": 12,
        "text": "Dando gracias al Padre que nos hizo aptos para participar de la suerte de los santos en luz:"
      },
      {
        "book_name": "Kolossenzen",
        "book": 51,
        "chapter": 1,
        "verse": 13,
        "text": "Que nos ha librado de la potestad de las tinieblas, y trasladado al reino de su amado Hijo;"
      },
      {
        "book_name": "Kolossenzen",
        "book": 51,
        "chapter": 1,
        "verse": 14,
        "text": "En el cual tenemos redención por su sangre, la remisión de pecados:"
      },
      {
        "book_name": "Kolossenzen",
        "book": 51,
        "chapter": 1,
        "verse": 15,
        "text": "El cual es la imagen del Dios invisible, el primogénito de toda criatura."
      },
      {
        "book_name": "Kolossenzen",
        "book": 51,
        "chapter": 1,
        "verse": 16,
        "text": "Porque por él fueron criadas todas las cosas que están en los cielos, y que están en la tierra, visibles é invisibles; sean tronos, sean dominios, sean principados, sean potestades; todo fué criado por él y para él."
      },
      {
        "book_name": "Kolossenzen",
        "book": 51,
        "chapter": 1,
        "verse": 17,
        "text": "Y él es antes de todas las cosas, y por él todas las cosas subsisten:"
      },
      {
        "book_name": "Kolossenzen",
        "book": 51,
        "chapter": 1,
        "verse": 18,
        "text": "Y él es la cabeza del cuerpo que es la iglesia; él que es el principio, el primogénito de los muertos, para que en todo tenga el primado."
      },
      {
        "book_name": "Kolossenzen",
        "book": 51,
        "chapter": 1,
        "verse": 19,
        "text": "Por cuanto agradó al Padre que en él habitase toda plenitud,"
      },
      {
        "book_name": "Kolossenzen",
        "book": 51,
        "chapter": 1,
        "verse": 20,
        "text": "Y por él reconciliar todas las cosas á sí, pacificando por la sangre de su cruz, así lo que está en la tierra como lo que está en los cielos."
      },
      {
        "book_name": "Kolossenzen",
        "book": 51,
        "chapter": 1,
        "verse": 21,
        "text": "A vosotros también, que erais en otro tiempo extraños y enemigos de ánimo en malas obras, ahora empero os ha reconciliado"
      },
      {
        "book_name": "Kolossenzen",
        "book": 51,
        "chapter": 1,
        "verse": 22,
        "text": "En el cuerpo de su carne por medio de muerte, para haceros santos, y sin mancha, é irreprensibles delante de él:"
      },
      {
        "book_name": "Kolossenzen",
        "book": 51,
        "chapter": 1,
        "verse": 23,
        "text": "Si empero permanecéis fundados y firmes en la fe, y sin moveros de la esperanza del evangelio que habéis oído; el cual es predicado á toda criatura que está debajo del cielo; del cual yo Pablo soy hecho ministro."
      },
      {
        "book_name": "Kolossenzen",
        "book": 51,
        "chapter": 1,
        "verse": 24,
        "text": "Que ahora me gozo en lo que padezco por vosotros, y cumplo en mi carne lo que falta de las aflicciones de Cristo por su cuerpo, que es la iglesia;"
      },
      {
        "book_name": "Kolossenzen",
        "book": 51,
        "chapter": 1,
        "verse": 25,
        "text": "De la cual soy hecho ministro, según la dispensación de Dios que me fué dada en orden á vosotros, para que cumpla la palabra de Dios;"
      },
      {
        "book_name": "Kolossenzen",
        "book": 51,
        "chapter": 1,
        "verse": 26,
        "text": "A saber, el misterio que había estado oculto desde los siglos y edades, mas ahora ha sido manifestado á sus santos:"
      },
      {
        "book_name": "Kolossenzen",
        "book": 51,
        "chapter": 1,
        "verse": 27,
        "text": "A los cuales quiso Dios hacer notorias las riquezas de la gloria de este misterio entre los Gentiles; que es Cristo en vosotros la esperanza de gloria:"
      },
      {
        "book_name": "Kolossenzen",
        "book": 51,
        "chapter": 1,
        "verse": 28,
        "text": "El cual nosotros anunciamos, amonestando á todo hombre, y enseñando en toda sabiduría, para que presentemos á todo hombre perfecto en Cristo Jesús:"
      },
      {
        "book_name": "Kolossenzen",
        "book": 51,
        "chapter": 1,
        "verse": 29,
        "text": "En lo cual aun trabajo, combatiendo según la operación de él, la cual obra en mí poderosamente."
      }
    ],
    "2": [
      {
        "book_name": "Kolossenzen",
        "book": 51,
        "chapter": 2,
        "verse": 1,
        "text": "1PORQUE quiero que sepáis cuán gran solicitud tengo por vosotros, y por los que están en Laodicea, y por todos los que nunca vieron mi rostro en carne; 2Para que sean confortados sus corazones, unidos en amor, y en todas riquezas de cumplido entendimiento para conocer el misterio de Dios, y del Padre, y de Cristo; 3En el cual están escondidos todos los tesoros de sabiduría y conocimiento. 4Y esto digo, para que nadie os engañe con palabras persuasivas.  5Porque aunque estoy ausente con el cuerpo, no obstante con el espíritu estoy con vosotros, gozándome y mirando vuestro concierto, y la firmeza de vuestra fe en Cristo.  6Por tanto, de la manera que habéis recibido al Señor Jesucristo, andad en él:  7Arraigados y sobreedificados en él, y confirmados en la fe, así como habéis aprendido, creciendo en ella con hacimiento de gracias.  8Mirad que ninguno os engañe por filosofías y vanas sustilezas, según las tradiciones de los hombres, conforme á los elementos del mundo, y no según Cristo:  9Porque en él habita toda la plenitud de la divinidad corporalmente:  10Y en él estáis cumplidos, el cual es la cabeza de todo principado y potestad:  11En el cual también sois circuncidados de circuncisión no hecha con manos, con el despojamiento del cuerpo de los pecados de la carne, en la circuncisión de Cristo;  12Sepultados juntamente con él en la bautismo, en el cual también resucitasteis con él, por la fe de la operación de Dios que le levantó de los muertos.  13Y á vosotros, estando muertos en pecados y en la incircuncisión de vuestra carne, os vivificó juntamente con él, perdonándoos todos los pecados,  14Rayendo la cédula de los ritos que nos era contraria, que era contra nosotros, quitándola de en medio y enclavándola en la cruz;  15Y despojando los principados y las potestades, sacólos á la vergüenza en público, triunfando de ellos en sí mismo.  16Por tanto, nadie os juzgue en comida, ó en bebida, ó en parte de día de fiesta, ó de nueva luna, ó de sábados:  17Lo cual es la sombra de lo por venir; mas el cuerpo es de Cristo.  18Nadie os prive de vuestro premio, afectando humildad y culto á los ángeles, metiéndose en lo que no ha visto, vanamente hinchado en el sentido de su propia carne,  19Y no teniendo la cabeza, de la cual todo el cuerpo, alimentado y conjunto por las ligaduras y conjunturas, crece en aumento de Dios.  20Pues si sois muertos con Cristo cuanto á los rudimentos del mundo, ¿por qué como si vivieseis al mundo, os sometéis á ordenanzas,  21Tales como, No manejes, ni gustes, ni aun toques,  22(Las cuales cosas son todas para destrucción en el uso mismo), en conformidad á mandamientos y doctrinas de hombres?  23Tales cosas tienen á la verdad cierta reputación de sabiduría en culto voluntario, y humildad, y en duro trato del cuerpo; no en alguna honra para el saciar de la carne."
      },
      {
        "book_name": "Kolossenzen",
        "book": 51,
        "chapter": 2,
        "verse": 1,
        "text": "PORQUE quiero que sepáis cuán gran solicitud tengo por vosotros, y por los que están en Laodicea, y por todos los que nunca vieron mi rostro en carne;"
      },
      {
        "book_name": "Kolossenzen",
        "book": 51,
        "chapter": 2,
        "verse": 2,
        "text": "Para que sean confortados sus corazones, unidos en amor, y en todas riquezas de cumplido entendimiento para conocer el misterio de Dios, y del Padre, y de Cristo;"
      },
      {
        "book_name": "Kolossenzen",
        "book": 51,
        "chapter": 2,
        "verse": 3,
        "text": "En el cual están escondidos todos los tesoros de sabiduría y conocimiento."
      },
      {
        "book_name": "Kolossenzen",
        "book": 51,
        "chapter": 2,
        "verse": 4,
        "text": "Y esto digo, para que nadie os engañe con palabras persuasivas."
      },
      {
        "book_name": "Kolossenzen",
        "book": 51,
        "chapter": 2,
        "verse": 5,
        "text": "Porque aunque estoy ausente con el cuerpo, no obstante con el espíritu estoy con vosotros, gozándome y mirando vuestro concierto, y la firmeza de vuestra fe en Cristo."
      },
      {
        "book_name": "Kolossenzen",
        "book": 51,
        "chapter": 2,
        "verse": 6,
        "text": "Por tanto, de la manera que habéis recibido al Señor Jesucristo, andad en él:"
      },
      {
        "book_name": "Kolossenzen",
        "book": 51,
        "chapter": 2,
        "verse": 7,
        "text": "Arraigados y sobreedificados en él, y confirmados en la fe, así como habéis aprendido, creciendo en ella con hacimiento de gracias."
      },
      {
        "book_name": "Kolossenzen",
        "book": 51,
        "chapter": 2,
        "verse": 8,
        "text": "Mirad que ninguno os engañe por filosofías y vanas sustilezas, según las tradiciones de los hombres, conforme á los elementos del mundo, y no según Cristo:"
      },
      {
        "book_name": "Kolossenzen",
        "book": 51,
        "chapter": 2,
        "verse": 9,
        "text": "Porque en él habita toda la plenitud de la divinidad corporalmente:"
      },
      {
        "book_name": "Kolossenzen",
        "book": 51,
        "chapter": 2,
        "verse": 10,
        "text": "Y en él estáis cumplidos, el cual es la cabeza de todo principado y potestad:"
      },
      {
        "book_name": "Kolossenzen",
        "book": 51,
        "chapter": 2,
        "verse": 11,
        "text": "En el cual también sois circuncidados de circuncisión no hecha con manos, con el despojamiento del cuerpo de los pecados de la carne, en la circuncisión de Cristo;"
      },
      {
        "book_name": "Kolossenzen",
        "book": 51,
        "chapter": 2,
        "verse": 12,
        "text": "Sepultados juntamente con él en la bautismo, en el cual también resucitasteis con él, por la fe de la operación de Dios que le levantó de los muertos."
      },
      {
        "book_name": "Kolossenzen",
        "book": 51,
        "chapter": 2,
        "verse": 13,
        "text": "Y á vosotros, estando muertos en pecados y en la incircuncisión de vuestra carne, os vivificó juntamente con él, perdonándoos todos los pecados,"
      },
      {
        "book_name": "Kolossenzen",
        "book": 51,
        "chapter": 2,
        "verse": 14,
        "text": "Rayendo la cédula de los ritos que nos era contraria, que era contra nosotros, quitándola de en medio y enclavándola en la cruz;"
      },
      {
        "book_name": "Kolossenzen",
        "book": 51,
        "chapter": 2,
        "verse": 15,
        "text": "Y despojando los principados y las potestades, sacólos á la vergüenza en público, triunfando de ellos en sí mismo."
      },
      {
        "book_name": "Kolossenzen",
        "book": 51,
        "chapter": 2,
        "verse": 16,
        "text": "Por tanto, nadie os juzgue en comida, ó en bebida, ó en parte de día de fiesta, ó de nueva luna, ó de sábados:"
      },
      {
        "book_name": "Kolossenzen",
        "book": 51,
        "chapter": 2,
        "verse": 17,
        "text": "Lo cual es la sombra de lo por venir; mas el cuerpo es de Cristo."
      },
      {
        "book_name": "Kolossenzen",
        "book": 51,
        "chapter": 2,
        "verse": 18,
        "text": "Nadie os prive de vuestro premio, afectando humildad y culto á los ángeles, metiéndose en lo que no ha visto, vanamente hinchado en el sentido de su propia carne,"
      },
      {
        "book_name": "Kolossenzen",
        "book": 51,
        "chapter": 2,
        "verse": 19,
        "text": "Y no teniendo la cabeza, de la cual todo el cuerpo, alimentado y conjunto por las ligaduras y conjunturas, crece en aumento de Dios."
      },
      {
        "book_name": "Kolossenzen",
        "book": 51,
        "chapter": 2,
        "verse": 20,
        "text": "Pues si sois muertos con Cristo cuanto á los rudimentos del mundo, ¿por qué como si vivieseis al mundo, os sometéis á ordenanzas,"
      },
      {
        "book_name": "Kolossenzen",
        "book": 51,
        "chapter": 2,
        "verse": 21,
        "text": "Tales como, No manejes, ni gustes, ni aun toques,"
      },
      {
        "book_name": "Kolossenzen",
        "book": 51,
        "chapter": 2,
        "verse": 22,
        "text": "(Las cuales cosas son todas para destrucción en el uso mismo), en conformidad á mandamientos y doctrinas de hombres?"
      },
      {
        "book_name": "Kolossenzen",
        "book": 51,
        "chapter": 2,
        "verse": 23,
        "text": "Tales cosas tienen á la verdad cierta reputación de sabiduría en culto voluntario, y humildad, y en duro trato del cuerpo; no en alguna honra para el saciar de la carne."
      }
    ],
    "3": [
      {
        "book_name": "Kolossenzen",
        "book": 51,
        "chapter": 3,
        "verse": 1,
        "text": "1SI habéis pues resucitado con Cristo, buscad las cosas de arriba, donde está Cristo sentado á la diestra de Dios. 2Poned la mira en las cosas de arriba, no en las de la tierra. 3Porque muertos sois, y vuestra vida está escondida con Cristo en Dios. 4Cuando Cristo, vuestra vida, se manifestare, entonces vosotros también seréis manifestados con él en gloria. 5Amortiguad, pues, vuestros miembros que están sobre la tierra: fornicación, inmundicia, molicie, mala concupiscencia, y avaricia, que es idolatría:  6Por las cuales cosas la ira de Dios viene sobre los hijos de rebelión.  7En las cuales vosotros también anduvisteis en otro tiempo viviendo en ellas.  8Mas ahora, dejad también vosotros todas estas cosas: ira, enojo, malicia, maledicencia, torpes palabras de vuestra boca.  9No mintáis los unos á los otros, habiéndoos despojado del viejo hombre con sus hechos,  10Y revestídoos del nuevo, el cual por el conocimiento es renovado conforme á la imagen del que lo crió;  11Donde no hay Griego ni Judío, circuncisión ni incircuncisión, bárbaro ni Scytha, siervo ni libre; mas Cristo es el todo, y en todos.  12Vestíos pues, como escogidos de Dios, santos y amados, de entrañas de misericordia, de benignidad, de humildad, de mansedumbre, de tolerancia;  13Sufriéndoos los unos á los otros, y perdonándoos los unos á los otros si alguno tuviere queja del otro: de la manera que Cristo os perdonó, así también hacedlo vosotros.  14Y sobre todas estas cosas vestíos de caridad, la cual es el vínculo de la perfección.  15Y la paz de Dios gobierne en vuestros corazones, á la cual asimismo sois llamados en un cuerpo; y sed agradecidos.  16La palabra de Cristo habite en vosotros en abundancia en toda sabiduría, enseñándoos y exhortándoos los unos á los otros con salmos é himnos y canciones espirituales, con gracia cantando en vuestros corazones al Señor.  17Y todo lo que hacéis, sea de palabra, ó de hecho, hacedlo todo en el nombre del Señor Jesús, dando gracias á Dios Padre por él.  18Casadas, estad sujetas á vuestros maridos, como conviene en el Señor.  19Maridos, amad á vuestras mujeres, y no seáis desapacibles con ellas.  20Hijos, obedeced á vuestros padres en todo; porque esto agrada al Señor.  21Padres, no irritéis á vuestros hijos, porque no se hagan de poco ánimo.  22Siervos, obedeced en todo á vuestros amos carnales, no sirviendo al ojo, como los que agradan á los hombres, sino con sencillez de corazón, temiendo á Dios:  23Y todo lo que hagáis, hacedlo de ánimo, como al Señor, y no á los hombres;  24Sabiendo que del Señor recibiréis la compensación de la herencia: porque al Señor Cristo servís.  25Mas el que hace injuria, recibirá la injuria que hiciere; que no hay acepción de personas."
      },
      {
        "book_name": "Kolossenzen",
        "book": 51,
        "chapter": 3,
        "verse": 1,
        "text": "SI habéis pues resucitado con Cristo, buscad las cosas de arriba, donde está Cristo sentado á la diestra de Dios."
      },
      {
        "book_name": "Kolossenzen",
        "book": 51,
        "chapter": 3,
        "verse": 2,
        "text": "Poned la mira en las cosas de arriba, no en las de la tierra."
      },
      {
        "book_name": "Kolossenzen",
        "book": 51,
        "chapter": 3,
        "verse": 3,
        "text": "Porque muertos sois, y vuestra vida está escondida con Cristo en Dios."
      },
      {
        "book_name": "Kolossenzen",
        "book": 51,
        "chapter": 3,
        "verse": 4,
        "text": "Cuando Cristo, vuestra vida, se manifestare, entonces vosotros también seréis manifestados con él en gloria."
      },
      {
        "book_name": "Kolossenzen",
        "book": 51,
        "chapter": 3,
        "verse": 5,
        "text": "Amortiguad, pues, vuestros miembros que están sobre la tierra: fornicación, inmundicia, molicie, mala concupiscencia, y avaricia, que es idolatría:"
      },
      {
        "book_name": "Kolossenzen",
        "book": 51,
        "chapter": 3,
        "verse": 6,
        "text": "Por las cuales cosas la ira de Dios viene sobre los hijos de rebelión."
      },
      {
        "book_name": "Kolossenzen",
        "book": 51,
        "chapter": 3,
        "verse": 7,
        "text": "En las cuales vosotros también anduvisteis en otro tiempo viviendo en ellas."
      },
      {
        "book_name": "Kolossenzen",
        "book": 51,
        "chapter": 3,
        "verse": 8,
        "text": "Mas ahora, dejad también vosotros todas estas cosas: ira, enojo, malicia, maledicencia, torpes palabras de vuestra boca."
      },
      {
        "book_name": "Kolossenzen",
        "book": 51,
        "chapter": 3,
        "verse": 9,
        "text": "No mintáis los unos á los otros, habiéndoos despojado del viejo hombre con sus hechos,"
      },
      {
        "book_name": "Kolossenzen",
        "book": 51,
        "chapter": 3,
        "verse": 10,
        "text": "Y revestídoos del nuevo, el cual por el conocimiento es renovado conforme á la imagen del que lo crió;"
      },
      {
        "book_name": "Kolossenzen",
        "book": 51,
        "chapter": 3,
        "verse": 11,
        "text": "Donde no hay Griego ni Judío, circuncisión ni incircuncisión, bárbaro ni Scytha, siervo ni libre; mas Cristo es el todo, y en todos."
      },
      {
        "book_name": "Kolossenzen",
        "book": 51,
        "chapter": 3,
        "verse": 12,
        "text": "Vestíos pues, como escogidos de Dios, santos y amados, de entrañas de misericordia, de benignidad, de humildad, de mansedumbre, de tolerancia;"
      },
      {
        "book_name": "Kolossenzen",
        "book": 51,
        "chapter": 3,
        "verse": 13,
        "text": "Sufriéndoos los unos á los otros, y perdonándoos los unos á los otros si alguno tuviere queja del otro: de la manera que Cristo os perdonó, así también hacedlo vosotros."
      },
      {
        "book_name": "Kolossenzen",
        "book": 51,
        "chapter": 3,
        "verse": 14,
        "text": "Y sobre todas estas cosas vestíos de caridad, la cual es el vínculo de la perfección."
      },
      {
        "book_name": "Kolossenzen",
        "book": 51,
        "chapter": 3,
        "verse": 15,
        "text": "Y la paz de Dios gobierne en vuestros corazones, á la cual asimismo sois llamados en un cuerpo; y sed agradecidos."
      },
      {
        "book_name": "Kolossenzen",
        "book": 51,
        "chapter": 3,
        "verse": 16,
        "text": "La palabra de Cristo habite en vosotros en abundancia en toda sabiduría, enseñándoos y exhortándoos los unos á los otros con salmos é himnos y canciones espirituales, con gracia cantando en vuestros corazones al Señor."
      },
      {
        "book_name": "Kolossenzen",
        "book": 51,
        "chapter": 3,
        "verse": 17,
        "text": "Y todo lo que hacéis, sea de palabra, ó de hecho, hacedlo todo en el nombre del Señor Jesús, dando gracias á Dios Padre por él."
      },
      {
        "book_name": "Kolossenzen",
        "book": 51,
        "chapter": 3,
        "verse": 18,
        "text": "Casadas, estad sujetas á vuestros maridos, como conviene en el Señor."
      },
      {
        "book_name": "Kolossenzen",
        "book": 51,
        "chapter": 3,
        "verse": 19,
        "text": "Maridos, amad á vuestras mujeres, y no seáis desapacibles con ellas."
      },
      {
        "book_name": "Kolossenzen",
        "book": 51,
        "chapter": 3,
        "verse": 20,
        "text": "Hijos, obedeced á vuestros padres en todo; porque esto agrada al Señor."
      },
      {
        "book_name": "Kolossenzen",
        "book": 51,
        "chapter": 3,
        "verse": 21,
        "text": "Padres, no irritéis á vuestros hijos, porque no se hagan de poco ánimo."
      },
      {
        "book_name": "Kolossenzen",
        "book": 51,
        "chapter": 3,
        "verse": 22,
        "text": "Siervos, obedeced en todo á vuestros amos carnales, no sirviendo al ojo, como los que agradan á los hombres, sino con sencillez de corazón, temiendo á Dios:"
      },
      {
        "book_name": "Kolossenzen",
        "book": 51,
        "chapter": 3,
        "verse": 23,
        "text": "Y todo lo que hagáis, hacedlo de ánimo, como al Señor, y no á los hombres;"
      },
      {
        "book_name": "Kolossenzen",
        "book": 51,
        "chapter": 3,
        "verse": 24,
        "text": "Sabiendo que del Señor recibiréis la compensación de la herencia: porque al Señor Cristo servís."
      },
      {
        "book_name": "Kolossenzen",
        "book": 51,
        "chapter": 3,
        "verse": 25,
        "text": "Mas el que hace injuria, recibirá la injuria que hiciere; que no hay acepción de personas."
      }
    ],
    "4": [
      {
        "book_name": "Kolossenzen",
        "book": 51,
        "chapter": 4,
        "verse": 1,
        "text": "1AMOS, haced lo que es justo y derecho con vuestros siervos, sabiendo que también vosotros tenéis amo en los cielos. 2Perseverad en oración, velando en ella con hacimiento de gracias:  3Orando también juntamente por nosotros, que el Señor nos abra la puerta de la palabra, para hablar el misterio de Cristo, por el cual aun estoy preso,  4Para que lo manifieste como me conviene hablar.  5Andad en sabiduría para con los extraños, redimiendo el tiempo.  6Sea vuestra palabra siempre con gracia, sazonada con sal; para que sepáis cómo os conviene responder á cada uno.  7Todos mis negocios os hará saber Tichîco, hermano amado y fiel ministro y consiervo en el Señor:  8El cual os he enviado á esto mismo, para que entienda vuestros negocios, y consuele vuestros corazones;  9Con Onésimo, amado y fiel hermano, el cual es de vosotros. Todo lo que acá pasa, os harán saber.  10Aristarchô, mi compañero en la prisión, os saluda, y Marcos, el sobrino de Bernabé (acerca del cual habéis recibido mandamientos; si fuere á vosotros, recibidle),  11Y Jesús, el que se llama Justo; los cuales son de la circuncisión: éstos solos son los que me ayudan en el reino de Dios, y me han sido consuelo.  12Os saluda Epafras, el cual es de vosotros, siervo de Cristo, siempre solícito por vosotros en oraciones, para que estéis firmes, perfectos y cumplidos en todo lo que Dios quiere.  13Porque le doy testimonio, que tiene gran celo por vosotros, y por los que están en Laodicea, y los que en Hierápolis.  14Os saluda Lucas, el médico amado, y Demas.  15Saludad á los hermanos que están en Laodicea, y á Nimfas, y á la iglesia que está en su casa.  16Y cuando esta carta fuere leída entre vosotros, haced que también sea leída en la iglesia de los Laodicenses; y la de Laodicea que la leáis también vosotros.  17Y decid á Archîpo: Mira que cumplas el ministerio que has recibido del Señor.  18La salutación de mi mano, de Pablo. Acordaos de mis prisiones. La gracia sea con vosotros. Amén. enviada con Tichîco y Onésimo."
      },
      {
        "book_name": "Kolossenzen",
        "book": 51,
        "chapter": 4,
        "verse": 1,
        "text": "AMOS, haced lo que es justo y derecho con vuestros siervos, sabiendo que también vosotros tenéis amo en los cielos."
      },
      {
        "book_name": "Kolossenzen",
        "book": 51,
        "chapter": 4,
        "verse": 2,
        "text": "Perseverad en oración, velando en ella con hacimiento de gracias:"
      },
      {
        "book_name": "Kolossenzen",
        "book": 51,
        "chapter": 4,
        "verse": 3,
        "text": "Orando también juntamente por nosotros, que el Señor nos abra la puerta de la palabra, para hablar el misterio de Cristo, por el cual aun estoy preso,"
      },
      {
        "book_name": "Kolossenzen",
        "book": 51,
        "chapter": 4,
        "verse": 4,
        "text": "Para que lo manifieste como me conviene hablar."
      },
      {
        "book_name": "Kolossenzen",
        "book": 51,
        "chapter": 4,
        "verse": 5,
        "text": "Andad en sabiduría para con los extraños, redimiendo el tiempo."
      },
      {
        "book_name": "Kolossenzen",
        "book": 51,
        "chapter": 4,
        "verse": 6,
        "text": "Sea vuestra palabra siempre con gracia, sazonada con sal; para que sepáis cómo os conviene responder á cada uno."
      },
      {
        "book_name": "Kolossenzen",
        "book": 51,
        "chapter": 4,
        "verse": 7,
        "text": "Todos mis negocios os hará saber Tichîco, hermano amado y fiel ministro y consiervo en el Señor:"
      },
      {
        "book_name": "Kolossenzen",
        "book": 51,
        "chapter": 4,
        "verse": 8,
        "text": "El cual os he enviado á esto mismo, para que entienda vuestros negocios, y consuele vuestros corazones;"
      },
      {
        "book_name": "Kolossenzen",
        "book": 51,
        "chapter": 4,
        "verse": 9,
        "text": "Con Onésimo, amado y fiel hermano, el cual es de vosotros. Todo lo que acá pasa, os harán saber."
      },
      {
        "book_name": "Kolossenzen",
        "book": 51,
        "chapter": 4,
        "verse": 10,
        "text": "Aristarchô, mi compañero en la prisión, os saluda, y Marcos, el sobrino de Bernabé (acerca del cual habéis recibido mandamientos; si fuere á vosotros, recibidle),"
      },
      {
        "book_name": "Kolossenzen",
        "book": 51,
        "chapter": 4,
        "verse": 11,
        "text": "Y Jesús, el que se llama Justo; los cuales son de la circuncisión: éstos solos son los que me ayudan en el reino de Dios, y me han sido consuelo."
      },
      {
        "book_name": "Kolossenzen",
        "book": 51,
        "chapter": 4,
        "verse": 12,
        "text": "Os saluda Epafras, el cual es de vosotros, siervo de Cristo, siempre solícito por vosotros en oraciones, para que estéis firmes, perfectos y cumplidos en todo lo que Dios quiere."
      },
      {
        "book_name": "Kolossenzen",
        "book": 51,
        "chapter": 4,
        "verse": 13,
        "text": "Porque le doy testimonio, que tiene gran celo por vosotros, y por los que están en Laodicea, y los que en Hierápolis."
      },
      {
        "book_name": "Kolossenzen",
        "book": 51,
        "chapter": 4,
        "verse": 14,
        "text": "Os saluda Lucas, el médico amado, y Demas."
      },
      {
        "book_name": "Kolossenzen",
        "book": 51,
        "chapter": 4,
        "verse": 15,
        "text": "Saludad á los hermanos que están en Laodicea, y á Nimfas, y á la iglesia que está en su casa."
      },
      {
        "book_name": "Kolossenzen",
        "book": 51,
        "chapter": 4,
        "verse": 16,
        "text": "Y cuando esta carta fuere leída entre vosotros, haced que también sea leída en la iglesia de los Laodicenses; y la de Laodicea que la leáis también vosotros."
      },
      {
        "book_name": "Kolossenzen",
        "book": 51,
        "chapter": 4,
        "verse": 17,
        "text": "Y decid á Archîpo: Mira que cumplas el ministerio que has recibido del Señor."
      },
      {
        "book_name": "Kolossenzen",
        "book": 51,
        "chapter": 4,
        "verse": 18,
        "text": "La salutación de mi mano, de Pablo. Acordaos de mis prisiones. La gracia sea con vosotros. Amén. enviada con Tichîco y Onésimo."
      }
    ]
  }
}