{
  "source": "bible.com",
  "version": "Reina Valera (1602)",
  "book": "Efeziers",
  "chapters": {
    "1": [
      {
        "book_name": "Efeziers",
        "book": 49,
        "chapter": 1,
        "verse": 1,
        "text": "1PABLO, apóstol de Jesucristo por la voluntad de Dios, á los santos y fieles en Cristo Jesús que están en Efeso: 2Gracia sea á vosotros, y paz de Dios Padre nuestro, y del Señor Jesucristo. 3Bendito el Dios y Padre del Señor nuestro Jesucristo, el cual nos bendijo con toda bendición espiritual en lugares celestiales en Cristo:  4Según nos escogió en él antes de la fundación del mundo, para que fuésemos santos y sin mancha delante de él en amor;  5Habiéndonos predestinado para ser adoptados hijos por Jesucristo á sí mismo, según el puro afecto de su voluntad,  6Para alabanza de la gloria de su gracia, con la cual nos hizo aceptos en el Amado:  7En el cual tenemos redención por su sangre, la remisión de pecados por las riquezas de su gracia,  8Que sobreabundó en nosotros en toda sabiduría é inteligencia;  9Descubriéndonos el misterio de su voluntad, según su beneplácito, que se había propuesto en sí mismo,  10De reunir todas las cosas en Cristo, en la dispensación del cumplimiento de los tiempos, así las que están en los cielos, como las que están en la tierra:  11En él digo, en quien asimismo tuvimos suerte, habiendo sido predestinados conforme al propósito del que hace todas las cosas según el consejo de su voluntad,  12Para que seamos para alabanza de su gloria, nosotros que antes esperamos en Cristo.  13En el cual esperasteis también vosotros en oyendo la palabra de verdad, el evangelio de vuestra salud: en el cual también desde que creísteis, fuisteis sellados con el Espíritu Santo de la promesa,  14Que es las arras de nuestra herencia, para la redención de la posesión adquirida para alabanza de su gloria.  15Por lo cual también yo, habiendo oído de vuestra fe en el Señor Jesús, y amor para con todos los santos,  16No ceso de dar gracias por vosotros, haciendo memoria de vosotros en mis oraciones;  17Que el Dios del Señor nuestro Jesucristo, el Padre de gloria, os dé espíritu de sabiduría y de revelación para su conocimiento;  18Alumbrando los ojos de vuestro entendimiento, para que sepáis cuál sea la esperanza de su vocación, y cuáles las riquezas de la gloria de su herencia en los santos,  19Y cuál aquella supereminente grandeza de su poder para con nosotros los que creemos, por la operación de la potencia de su fortaleza,  20La cual obró en Cristo, resucitándole de los muertos, y colocándole á su diestra en los cielos,  21Sobre todo principado, y potestad, y potencia, y señorío, y todo nombre que se nombra, no sólo en este siglo, mas aun en el venidero:  22Y sometió todas las cosas debajo de sus pies, y diólo por cabeza sobre todas las cosas á la iglesia,  23La cual es su cuerpo, la plenitud de Aquel que hinche todas las cosas en todos."
      },
      {
        "book_name": "Efeziers",
        "book": 49,
        "chapter": 1,
        "verse": 1,
        "text": "PABLO, apóstol de Jesucristo por la voluntad de Dios, á los santos y fieles en Cristo Jesús que están en Efeso:"
      },
      {
        "book_name": "Efeziers",
        "book": 49,
        "chapter": 1,
        "verse": 2,
        "text": "Gracia sea á vosotros, y paz de Dios Padre nuestro, y del Señor Jesucristo."
      },
      {
        "book_name": "Efeziers",
        "book": 49,
        "chapter": 1,
        "verse": 3,
        "text": "Bendito el Dios y Padre del Señor nuestro Jesucristo, el cual nos bendijo con toda bendición espiritual en lugares celestiales en Cristo:"
      },
      {
        "book_name": "Efeziers",
        "book": 49,
        "chapter": 1,
        "verse": 4,
        "text": "Según nos escogió en él antes de la fundación del mundo, para que fuésemos santos y sin mancha delante de él en amor;"
      },
      {
        "book_name": "Efeziers",
        "book": 49,
        "chapter": 1,
        "verse": 5,
        "text": "Habiéndonos predestinado para ser adoptados hijos por Jesucristo á sí mismo, según el puro afecto de su voluntad,"
      },
      {
        "book_name": "Efeziers",
        "book": 49,
        "chapter": 1,
        "verse": 6,
        "text": "Para alabanza de la gloria de su gracia, con la cual nos hizo aceptos en el Amado:"
      },
      {
        "book_name": "Efeziers",
        "book": 49,
        "chapter": 1,
        "verse": 7,
        "text": "En el cual tenemos redención por su sangre, la remisión de pecados por las riquezas de su gracia,"
      },
      {
        "book_name": "Efeziers",
        "book": 49,
        "chapter": 1,
        "verse": 8,
        "text": "Que sobreabundó en nosotros en toda sabiduría é inteligencia;"
      },
      {
        "book_name": "Efeziers",
        "book": 49,
        "chapter": 1,
        "verse": 9,
        "text": "Descubriéndonos el misterio de su voluntad, según su beneplácito, que se había propuesto en sí mismo,"
      },
      {
        "book_name": "Efeziers",
        "book": 49,
        "chapter": 1,
        "verse": 10,
        "text": "De reunir todas las cosas en Cristo, en la dispensación del cumplimiento de los tiempos, así las que están en los cielos, como las que están en la tierra:"
      },
      {
        "book_name": "Efeziers",
        "book": 49,
        "chapter": 1,
        "verse": 11,
        "text": "En él digo, en quien asimismo tuvimos suerte, habiendo sido predestinados conforme al propósito del que hace todas las cosas según el consejo de su voluntad,"
      },
      {
        "book_name": "Efeziers",
        "book": 49,
        "chapter": 1,
        "verse": 12,
        "text": "Para que seamos para alabanza de su gloria, nosotros que antes esperamos en Cristo."
      },
      {
        "book_name": "Efeziers",
        "book": 49,
        "chapter": 1,
        "verse": 13,
        "text": "En el cual esperasteis también vosotros en oyendo la palabra de verdad, el evangelio de vuestra salud: en el cual también desde que creísteis, fuisteis sellados con el Espíritu Santo de la promesa,"
      },
      {
        "book_name": "Efeziers",
        "book": 49,
        "chapter": 1,
        "verse": 14,
        "text": "Que es las arras de nuestra herencia, para la redención de la posesión adquirida para alabanza de su gloria."
      },
      {
        "book_name": "Efeziers",
        "book": 49,
        "chapter": 1,
        "verse": 15,
        "text": "Por lo cual también yo, habiendo oído de vuestra fe en el Señor Jesús, y amor para con todos los santos,"
      },
      {
        "book_name": "Efeziers",
        "book": 49,
        "chapter": 1,
        "verse": 16,
        "text": "No ceso de dar gracias por vosotros, haciendo memoria de vosotros en mis oraciones;"
      },
      {
        "book_name": "Efeziers",
        "book": 49,
        "chapter": 1,
        "verse": 17,
        "text": "Que el Dios del Señor nuestro Jesucristo, el Padre de gloria, os dé espíritu de sabiduría y de revelación para su conocimiento;"
      },
      {
        "book_name": "Efeziers",
        "book": 49,
        "chapter": 1,
        "verse": 18,
        "text": "Alumbrando los ojos de vuestro entendimiento, para que sepáis cuál sea la esperanza de su vocación, y cuáles las riquezas de la gloria de su herencia en los santos,"
      },
      {
        "book_name": "Efeziers",
        "book": 49,
        "chapter": 1,
        "verse": 19,
        "text": "Y cuál aquella supereminente grandeza de su poder para con nosotros los que creemos, por la operación de la potencia de su fortaleza,"
      },
      {
        "book_name": "Efeziers",
        "book": 49,
        "chapter": 1,
        "verse": 20,
        "text": "La cual obró en Cristo, resucitándole de los muertos, y colocándole á su diestra en los cielos,"
      },
      {
        "book_name": "Efeziers",
        "book": 49,
        "chapter": 1,
        "verse": 21,
        "text": "Sobre todo principado, y potestad, y potencia, y señorío, y todo nombre que se nombra, no sólo en este siglo, mas aun en el venidero:"
      },
      {
        "book_name": "Efeziers",
        "book": 49,
        "chapter": 1,
        "verse": 22,
        "text": "Y sometió todas las cosas debajo de sus pies, y diólo por cabeza sobre todas las cosas á la iglesia,"
      },
      {
        "book_name": "Efeziers",
        "book": 49,
        "chapter": 1,
        "verse": 23,
        "text": "La cual es su cuerpo, la plenitud de Aquel que hinche todas las cosas en todos."
      }
    ],
    "2": [
      {
        "book_name": "Efeziers",
        "book": 49,
        "chapter": 2,
        "verse": 1,
        "text": "1Y DE ella recibisteis vosotros, que estabais muertos en vuestros delitos y pecados, 2En que en otro tiempo anduvisteis conforme á la condición de este mundo, conforme al príncipe de la potestad del aire, el espíritu que ahora obra en los hijos de desobediencia: 3Entre los cuales todos nosotros también vivimos en otro tiempo en los deseos de nuestra carne, haciendo la voluntad de la carne y de los pensamientos; y éramos por naturaleza hijos de ira, también como los demás. 4Empero Dios, que es rico en misericordia, por su mucho amor con que nos amó,  5Aun estando nosotros muertos en pecados, nos dió vida juntamente con Cristo; por gracia sois salvos;  6Y juntamente nos resucitó, y asimismo nos hizo sentar en los cielos con Cristo Jesús,  7Para mostrar en los siglos venideros las abundantes riquezas de su gracia en su bondad para con nosotros en Cristo Jesús.  8Porque por gracia sois salvos por la fe; y esto no de vosotros, pues es don de Dios:  9No por obras, para que nadie se gloríe.  10Porque somos hechura suya, criados en Cristo Jesús para buenas obras, las cuales Dios preparó para que anduviésemos en ellas.  11Por tanto, acordaos que en otro tiempo vosotros los Gentiles en la carne, que erais llamados incircuncisión por la que se llama circuncisión, hecha con mano en la carne;  12Que en aquel tiempo estabais sin Cristo, alejados de la república de Israel, y extranjeros á los pactos de la promesa, sin esperanza y sin Dios en el mundo.  13Mas ahora en Cristo Jesús, vosotros que en otro tiempo estabais lejos, habéis sido hechos cercanos por la sangre de Cristo.  14Porque él es nuestra paz, que de ambos hizo uno, derribando la pared intermedia de separación;  15Dirimiendo en su carne las enemistades, la ley de los mandamientos en orden á ritos, para edificar en sí mismo los dos en un nuevo hombre, haciendo la paz,  16Y reconciliar por la cruz con Dios á ambos en un mismo cuerpo, matando en ella las enemistades.  17Y vino, y anunció la paz á vosotros que estabais lejos, y á los que estaban cerca:  18Que por él los unos y los otros tenemos entrada por un mismo Espíritu al Padre.  19Así que ya no sois extranjeros ni advenedizos, sino juntamente ciudadanos con los santos, y domésticos de Dios;  20Edificados sobre el fundamento de los apóstoles y profetas, siendo la principal piedra del ángulo Jesucristo mismo;  21En el cual, compaginado todo el edificio, va creciendo para ser un templo santo en el Señor:  22En el cual vosotros también sois juntamente edificados, para morada de Dios en Espíritu."
      },
      {
        "book_name": "Efeziers",
        "book": 49,
        "chapter": 2,
        "verse": 1,
        "text": "Y DE ella recibisteis vosotros, que estabais muertos en vuestros delitos y pecados,"
      },
      {
        "book_name": "Efeziers",
        "book": 49,
        "chapter": 2,
        "verse": 2,
        "text": "En que en otro tiempo anduvisteis conforme á la condición de este mundo, conforme al príncipe de la potestad del aire, el espíritu que ahora obra en los hijos de desobediencia:"
      },
      {
        "book_name": "Efeziers",
        "book": 49,
        "chapter": 2,
        "verse": 3,
        "text": "Entre los cuales todos nosotros también vivimos en otro tiempo en los deseos de nuestra carne, haciendo la voluntad de la carne y de los pensamientos; y éramos por naturaleza hijos de ira, también como los demás."
      },
      {
        "book_name": "Efeziers",
        "book": 49,
        "chapter": 2,
        "verse": 4,
        "text": "Empero Dios, que es rico en misericordia, por su mucho amor con que nos amó,"
      },
      {
        "book_name": "Efeziers",
        "book": 49,
        "chapter": 2,
        "verse": 5,
        "text": "Aun estando nosotros muertos en pecados, nos dió vida juntamente con Cristo; por gracia sois salvos;"
      },
      {
        "book_name": "Efeziers",
        "book": 49,
        "chapter": 2,
        "verse": 6,
        "text": "Y juntamente nos resucitó, y asimismo nos hizo sentar en los cielos con Cristo Jesús,"
      },
      {
        "book_name": "Efeziers",
        "book": 49,
        "chapter": 2,
        "verse": 7,
        "text": "Para mostrar en los siglos venideros las abundantes riquezas de su gracia en su bondad para con nosotros en Cristo Jesús."
      },
      {
        "book_name": "Efeziers",
        "book": 49,
        "chapter": 2,
        "verse": 8,
        "text": "Porque por gracia sois salvos por la fe; y esto no de vosotros, pues es don de Dios:"
      },
      {
        "book_name": "Efeziers",
        "book": 49,
        "chapter": 2,
        "verse": 9,
        "text": "No por obras, para que nadie se gloríe."
      },
      {
        "book_name": "Efeziers",
        "book": 49,
        "chapter": 2,
        "verse": 10,
        "text": "Porque somos hechura suya, criados en Cristo Jesús para buenas obras, las cuales Dios preparó para que anduviésemos en ellas."
      },
      {
        "book_name": "Efeziers",
        "book": 49,
        "chapter": 2,
        "verse": 11,
        "text": "Por tanto, acordaos que en otro tiempo vosotros los Gentiles en la carne, que erais llamados incircuncisión por la que se llama circuncisión, hecha con mano en la carne;"
      },
      {
        "book_name": "Efeziers",
        "book": 49,
        "chapter": 2,
        "verse": 12,
        "text": "Que en aquel tiempo estabais sin Cristo, alejados de la república de Israel, y extranjeros á los pactos de la promesa, sin esperanza y sin Dios en el mundo."
      },
      {
        "book_name": "Efeziers",
        "book": 49,
        "chapter": 2,
        "verse": 13,
        "text": "Mas ahora en Cristo Jesús, vosotros que en otro tiempo estabais lejos, habéis sido hechos cercanos por la sangre de Cristo."
      },
      {
        "book_name": "Efeziers",
        "book": 49,
        "chapter": 2,
        "verse": 14,
        "text": "Porque él es nuestra paz, que de ambos hizo uno, derribando la pared intermedia de separación;"
      },
      {
        "book_name": "Efeziers",
        "book": 49,
        "chapter": 2,
        "verse": 15,
        "text": "Dirimiendo en su carne las enemistades, la ley de los mandamientos en orden á ritos, para edificar en sí mismo los dos en un nuevo hombre, haciendo la paz,"
      },
      {
        "book_name": "Efeziers",
        "book": 49,
        "chapter": 2,
        "verse": 16,
        "text": "Y reconciliar por la cruz con Dios á ambos en un mismo cuerpo, matando en ella las enemistades."
      },
      {
        "book_name": "Efeziers",
        "book": 49,
        "chapter": 2,
        "verse": 17,
        "text": "Y vino, y anunció la paz á vosotros que estabais lejos, y á los que estaban cerca:"
      },
      {
        "book_name": "Efeziers",
        "book": 49,
        "chapter": 2,
        "verse": 18,
        "text": "Que por él los unos y los otros tenemos entrada por un mismo Espíritu al Padre."
      },
      {
        "book_name": "Efeziers",
        "book": 49,
        "chapter": 2,
        "verse": 19,
        "text": "Así que ya no sois extranjeros ni advenedizos, sino juntamente ciudadanos con los santos, y domésticos de Dios;"
      },
      {
        "book_name": "Efeziers",
        "book": 49,
        "chapter": 2,
        "verse": 20,
        "text": "Edificados sobre el fundamento de los apóstoles y profetas, siendo la principal piedra del ángulo Jesucristo mismo;"
      },
      {
        "book_name": "Efeziers",
        "book": 49,
        "chapter": 2,
        "verse": 21,
        "text": "En el cual, compaginado todo el edificio, va creciendo para ser un templo santo en el Señor:"
      },
      {
        "book_name": "Efeziers",
        "book": 49,
        "chapter": 2,
        "verse": 22,
        "text": "En el cual vosotros también sois juntamente edificados, para morada de Dios en Espíritu."
      }
    ],
    "3": [
      {
        "book_name": "Efeziers",
        "book": 49,
        "chapter": 3,
        "verse": 1,
        "text": "1POR esta causa yo Pablo, prisionero de Cristo Jesús por vosotros los Gentiles, 2Si es que habéis oído la dispensación de la gracia de Dios que me ha sido dada para con vosotros, 3A saber, que por revelación me fué declarado el misterio, como antes he escrito en breve; 4Leyendo lo cual podéis entender cuál sea mi inteligencia en el misterio de Cristo: 5El cual misterio en los otros siglos no se dió á conocer á los hijos de los hombres como ahora es revelado á sus santos apóstoles y profetas en el Espíritu: 6Que los Gentiles sean juntamente herederos, é incorporados, y consortes de su promesa en Cristo por el evangelio: 7Del cual yo soy hecho ministro por el don de la gracia de Dios que me ha sido dado según la operación de su potencia. 8A mí, que soy menos que el más pequeño de todos los santos, es dada esta gracia de anunciar entre los Gentiles el evangelio de las inescrutables riquezas de Cristo, 9Y de aclarar á todos cuál sea la dispensación del misterio escondido desde los siglos en Dios, que crió todas las cosas. 10Para que la multiforme sabiduría de Dios sea ahora notificada por la iglesia á los principados y potestades en los cielos, 11Conforme á la determinación eterna, que hizo en Cristo Jesús nuestro Señor: 12En el cual tenemos seguridad y entrada con confianza por la fe de él. 13Por tanto, pido que no desmayéis á causa de mis tribulaciones por vosotros, las cuales son vuestra gloria. 14Por esta causa doblo mis rodillas al Padre de nuestro Señor Jesucristo,  15Del cual es nombrada toda la parentela en los cielos y en la tierra,  16Que os dé, conforme á las riquezas de su gloria, el ser corroborados con potencia en el hombre interior por su Espíritu.  17Que habite Cristo por la fe en vuestros corazones; para que, arraigados y fundados en amor,  18Podáis bien comprender con todos los santos cuál sea la anchura y la longura y la profundidad y la altura,  19Y conocer el amor de Cristo, que excede á todo conocimiento, para que seáis llenos de toda la plenitud de Dios.  20Y á Aquel que es poderoso para hacer todas las cosas mucho más abundantemente de lo que pedimos ó entendemos, por la potencia que obra en nosotros,  21A él sea gloria en la iglesia por Cristo Jesús, por todas edades del siglo de los siglos. Amén."
      },
      {
        "book_name": "Efeziers",
        "book": 49,
        "chapter": 3,
        "verse": 1,
        "text": "POR esta causa yo Pablo, prisionero de Cristo Jesús por vosotros los Gentiles,"
      },
      {
        "book_name": "Efeziers",
        "book": 49,
        "chapter": 3,
        "verse": 2,
        "text": "Si es que habéis oído la dispensación de la gracia de Dios que me ha sido dada para con vosotros,"
      },
      {
        "book_name": "Efeziers",
        "book": 49,
        "chapter": 3,
        "verse": 3,
        "text": "A saber, que por revelación me fué declarado el misterio, como antes he escrito en breve;"
      },
      {
        "book_name": "Efeziers",
        "book": 49,
        "chapter": 3,
        "verse": 4,
        "text": "Leyendo lo cual podéis entender cuál sea mi inteligencia en el misterio de Cristo:"
      },
      {
        "book_name": "Efeziers",
        "book": 49,
        "chapter": 3,
        "verse": 5,
        "text": "El cual misterio en los otros siglos no se dió á conocer á los hijos de los hombres como ahora es revelado á sus santos apóstoles y profetas en el Espíritu:"
      },
      {
        "book_name": "Efeziers",
        "book": 49,
        "chapter": 3,
        "verse": 6,
        "text": "Que los Gentiles sean juntamente herederos, é incorporados, y consortes de su promesa en Cristo por el evangelio:"
      },
      {
        "book_name": "Efeziers",
        "book": 49,
        "chapter": 3,
        "verse": 7,
        "text": "Del cual yo soy hecho ministro por el don de la gracia de Dios que me ha sido dado según la operación de su potencia."
      },
      {
        "book_name": "Efeziers",
        "book": 49,
        "chapter": 3,
        "verse": 8,
        "text": "A mí, que soy menos que el más pequeño de todos los santos, es dada esta gracia de anunciar entre los Gentiles el evangelio de las inescrutables riquezas de Cristo,"
      },
      {
        "book_name": "Efeziers",
        "book": 49,
        "chapter": 3,
        "verse": 9,
        "text": "Y de aclarar á todos cuál sea la dispensación del misterio escondido desde los siglos en Dios, que crió todas las cosas."
      },
      {
        "book_name": "Efeziers",
        "book": 49,
        "chapter": 3,
        "verse": 10,
        "text": "Para que la multiforme sabiduría de Dios sea ahora notificada por la iglesia á los principados y potestades en los cielos,"
      },
      {
        "book_name": "Efeziers",
        "book": 49,
        "chapter": 3,
        "verse": 11,
        "text": "Conforme á la determinación eterna, que hizo en Cristo Jesús nuestro Señor:"
      },
      {
        "book_name": "Efeziers",
        "book": 49,
        "chapter": 3,
        "verse": 12,
        "text": "En el cual tenemos seguridad y entrada con confianza por la fe de él."
      },
      {
        "book_name": "Efeziers",
        "book": 49,
        "chapter": 3,
        "verse": 13,
        "text": "Por tanto, pido que no desmayéis á causa de mis tribulaciones por vosotros, las cuales son vuestra gloria."
      },
      {
        "book_name": "Efeziers",
        "book": 49,
        "chapter": 3,
        "verse": 14,
        "text": "Por esta causa doblo mis rodillas al Padre de nuestro Señor Jesucristo,"
      },
      {
        "book_name": "Efeziers",
        "book": 49,
        "chapter": 3,
        "verse": 15,
        "text": "Del cual es nombrada toda la parentela en los cielos y en la tierra,"
      },
      {
        "book_name": "Efeziers",
        "book": 49,
        "chapter": 3,
        "verse": 16,
        "text": "Que os dé, conforme á las riquezas de su gloria, el ser corroborados con potencia en el hombre interior por su Espíritu."
      },
      {
        "book_name": "Efeziers",
        "book": 49,
        "chapter": 3,
        "verse": 17,
        "text": "Que habite Cristo por la fe en vuestros corazones; para que, arraigados y fundados en amor,"
      },
      {
        "book_name": "Efeziers",
        "book": 49,
        "chapter": 3,
        "verse": 18,
        "text": "Podáis bien comprender con todos los santos cuál sea la anchura y la longura y la profundidad y la altura,"
      },
      {
        "book_name": "Efeziers",
        "book": 49,
        "chapter": 3,
        "verse": 19,
        "text": "Y conocer el amor de Cristo, que excede á todo conocimiento, para que seáis llenos de toda la plenitud de Dios."
      },
      {
        "book_name": "Efeziers",
        "book": 49,
        "chapter": 3,
        "verse": 20,
        "text": "Y á Aquel que es poderoso para hacer todas las cosas mucho más abundantemente de lo que pedimos ó entendemos, por la potencia que obra en nosotros,"
      },
      {
        "book_name": "Efeziers",
        "book": 49,
        "chapter": 3,
        "verse": 21,
        "text": "A él sea gloria en la iglesia por Cristo Jesús, por todas edades del siglo de los siglos. Amén."
      }
    ],
    "4": [
      {
        "book_name": "Efeziers",
        "book": 49,
        "chapter": 4,
        "verse": 1,
        "text": "1YO pues, preso en el Señor, os ruego que andéis como es digno de la vocación con que sois llamados; 2Con toda humildad y mansedumbre, con paciencia soportando los unos á los otros en amor;  3Solícitos á guardar la unidad del Espíritu en el vínculo de la paz.  4Un cuerpo, y un Espíritu; como sois también llamados á una misma esperanza de vuestra vocación:  5Un Señor, una fe, un bautismo,  6Un Dios y Padre de todos, el cual es sobre todas las cosas, y por todas las cosas, y en todos vosotros.  7Empero á cada uno de nosotros es dada la gracia conforme á la medida del don de Cristo.  8Por lo cual dice: Subiendo á lo alto, llevó cautiva la cautividad, Y dió dones á los hombres.  9(Y que subió, ¿qué es, sino que también había descendido primero á las partes más bajas de la tierra?  10El que descendió, él mismo es el que también subió sobre todos los cielos para cumplir todas las cosas.)  11Y él mismo dió unos, ciertamente apóstoles; y otros, profetas; y otros, evangelistas; y otros, pastores y doctores;  12Para perfección de los santos, para la obra del ministerio, para edificación del cuerpo de Cristo;  13Hasta que todos lleguemos á la unidad de la fe y del conocimiento del Hijo de Dios, á un varón perfecto, á la medida de la edad de la plenitud de Cristo:  14Que ya no seamos niños fluctuantes, y llevados por doquiera de todo viento de doctrina, por estratagema de hombres que, para engañar, emplean con astucia los artificios del error:  15Antes siguiendo la verdad en amor, crezcamos en todas cosas en aquel que es la cabeza, a saber, Cristo;  16Del cual, todo el cuerpo compuesto y bien ligado entre sí por todas las junturas de su alimento, que recibe según la operación, cada miembro conforme á su medida toma aumento de cuerpo edificándose en amor.  17Esto pues digo, y requiero en el Señor, que no andéis más como los otros Gentiles, que andan en la vanidad de su sentido.  18Teniendo el entendimiento entenebrecido, ajenos de la vida de Dios por la ignorancia que en ellos hay, por la dureza de su corazón:  19Los cuales después que perdieron el sentido de la conciencia, se entregaron á la desvergüenza para cometer con avidez toda suerte de impureza.  20Mas vosotros no habéis aprendido así á Cristo:  21Si empero lo habéis oído, y habéis sido por él enseñados, como la verdad está en Jesús,  22A que dejéis, cuanto á la pasada manera de vivir; el viejo hombre que está viciado conforme á los deseos de error;  23Y á renovarnos en el espíritu de vuestra mente,  24Y vestir el nuevo hombre que es criado conforme á Dios en justicia y en santidad de verdad.  25Por lo cual, dejada la mentira, hablad verdad cada uno con su prójimo; porque somos miembros los unos de los otros.  26Airaos, y no pequéis; no se ponga el sol sobre vuestro enojo;  27Ni deis lugar al diablo.  28El que hurtaba, no hurte más; antes trabaje, obrando con sus manos lo que es bueno, para que tenga de qué dar al que padeciere necesidad.  29Ninguna palabra torpe salga de vuestra boca, sino la que sea buena para edificación, para que dé gracia á los oyentes.  30Y no contristéis al Espíritu Santo de Dios, con el cual estáis sellados para el día de la redención.  31Toda amargura, y enojó, é ira, y voces, y maledicencia sea quitada de vosotros, y toda malicia:  32Antes sed los unos con los otros benignos, misericordiosos, perdónandoos los unos á los otros, como también Dios os perdonó en Cristo."
      },
      {
        "book_name": "Efeziers",
        "book": 49,
        "chapter": 4,
        "verse": 1,
        "text": "YO pues, preso en el Señor, os ruego que andéis como es digno de la vocación con que sois llamados;"
      },
      {
        "book_name": "Efeziers",
        "book": 49,
        "chapter": 4,
        "verse": 2,
        "text": "Con toda humildad y mansedumbre, con paciencia soportando los unos á los otros en amor;"
      },
      {
        "book_name": "Efeziers",
        "book": 49,
        "chapter": 4,
        "verse": 3,
        "text": "Solícitos á guardar la unidad del Espíritu en el vínculo de la paz."
      },
      {
        "book_name": "Efeziers",
        "book": 49,
        "chapter": 4,
        "verse": 4,
        "text": "Un cuerpo, y un Espíritu; como sois también llamados á una misma esperanza de vuestra vocación:"
      },
      {
        "book_name": "Efeziers",
        "book": 49,
        "chapter": 4,
        "verse": 5,
        "text": "Un Señor, una fe, un bautismo,"
      },
      {
        "book_name": "Efeziers",
        "book": 49,
        "chapter": 4,
        "verse": 6,
        "text": "Un Dios y Padre de todos, el cual es sobre todas las cosas, y por todas las cosas, y en todos vosotros."
      },
      {
        "book_name": "Efeziers",
        "book": 49,
        "chapter": 4,
        "verse": 7,
        "text": "Empero á cada uno de nosotros es dada la gracia conforme á la medida del don de Cristo."
      },
      {
        "book_name": "Efeziers",
        "book": 49,
        "chapter": 4,
        "verse": 8,
        "text": "Por lo cual dice: Subiendo á lo alto, llevó cautiva la cautividad, Y dió dones á los hombres."
      },
      {
        "book_name": "Efeziers",
        "book": 49,
        "chapter": 4,
        "verse": 9,
        "text": "(Y que subió, ¿qué es, sino que también había descendido primero á las partes más bajas de la tierra?"
      },
      {
        "book_name": "Efeziers",
        "book": 49,
        "chapter": 4,
        "verse": 10,
        "text": "El que descendió, él mismo es el que también subió sobre todos los cielos para cumplir todas las cosas.)"
      },
      {
        "book_name": "Efeziers",
        "book": 49,
        "chapter": 4,
        "verse": 11,
        "text": "Y él mismo dió unos, ciertamente apóstoles; y otros, profetas; y otros, evangelistas; y otros, pastores y doctores;"
      },
      {
        "book_name": "Efeziers",
        "book": 49,
        "chapter": 4,
        "verse": 12,
        "text": "Para perfección de los santos, para la obra del ministerio, para edificación del cuerpo de Cristo;"
      },
      {
        "book_name": "Efeziers",
        "book": 49,
        "chapter": 4,
        "verse": 13,
        "text": "Hasta que todos lleguemos á la unidad de la fe y del conocimiento del Hijo de Dios, á un varón perfecto, á la medida de la edad de la plenitud de Cristo:"
      },
      {
        "book_name": "Efeziers",
        "book": 49,
        "chapter": 4,
        "verse": 14,
        "text": "Que ya no seamos niños fluctuantes, y llevados por doquiera de todo viento de doctrina, por estratagema de hombres que, para engañar, emplean con astucia los artificios del error:"
      },
      {
        "book_name": "Efeziers",
        "book": 49,
        "chapter": 4,
        "verse": 15,
        "text": "Antes siguiendo la verdad en amor, crezcamos en todas cosas en aquel que es la cabeza, a saber, Cristo;"
      },
      {
        "book_name": "Efeziers",
        "book": 49,
        "chapter": 4,
        "verse": 16,
        "text": "Del cual, todo el cuerpo compuesto y bien ligado entre sí por todas las junturas de su alimento, que recibe según la operación, cada miembro conforme á su medida toma aumento de cuerpo edificándose en amor."
      },
      {
        "book_name": "Efeziers",
        "book": 49,
        "chapter": 4,
        "verse": 17,
        "text": "Esto pues digo, y requiero en el Señor, que no andéis más como los otros Gentiles, que andan en la vanidad de su sentido."
      },
      {
        "book_name": "Efeziers",
        "book": 49,
        "chapter": 4,
        "verse": 18,
        "text": "Teniendo el entendimiento entenebrecido, ajenos de la vida de Dios por la ignorancia que en ellos hay, por la dureza de su corazón:"
      },
      {
        "book_name": "Efeziers",
        "book": 49,
        "chapter": 4,
        "verse": 19,
        "text": "Los cuales después que perdieron el sentido de la conciencia, se entregaron á la desvergüenza para cometer con avidez toda suerte de impureza."
      },
      {
        "book_name": "Efeziers",
        "book": 49,
        "chapter": 4,
        "verse": 20,
        "text": "Mas vosotros no habéis aprendido así á Cristo:"
      },
      {
        "book_name": "Efeziers",
        "book": 49,
        "chapter": 4,
        "verse": 21,
        "text": "Si empero lo habéis oído, y habéis sido por él enseñados, como la verdad está en Jesús,"
      },
      {
        "book_name": "Efeziers",
        "book": 49,
        "chapter": 4,
        "verse": 22,
        "text": "A que dejéis, cuanto á la pasada manera de vivir; el viejo hombre que está viciado conforme á los deseos de error;"
      },
      {
        "book_name": "Efeziers",
        "book": 49,
        "chapter": 4,
        "verse": 23,
        "text": "Y á renovarnos en el espíritu de vuestra mente,"
      },
      {
        "book_name": "Efeziers",
        "book": 49,
        "chapter": 4,
        "verse": 24,
        "text": "Y vestir el nuevo hombre que es criado conforme á Dios en justicia y en santidad de verdad."
      },
      {
        "book_name": "Efeziers",
        "book": 49,
        "chapter": 4,
        "verse": 25,
        "text": "Por lo cual, dejada la mentira, hablad verdad cada uno con su prójimo; porque somos miembros los unos de los otros."
      },
      {
        "book_name": "Efeziers",
        "book": 49,
        "chapter": 4,
        "verse": 26,
        "text": "Airaos, y no pequéis; no se ponga el sol sobre vuestro enojo;"
      },
      {
        "book_name": "Efeziers",
        "book": 49,
        "chapter": 4,
        "verse": 27,
        "text": "Ni deis lugar al diablo."
      },
      {
        "book_name": "Efeziers",
        "book": 49,
        "chapter": 4,
        "verse": 28,
        "text": "El que hurtaba, no hurte más; antes trabaje, obrando con sus manos lo que es bueno, para que tenga de qué dar al que padeciere necesidad."
      },
      {
        "book_name": "Efeziers",
        "book": 49,
        "chapter": 4,
        "verse": 29,
        "text": "Ninguna palabra torpe salga de vuestra boca, sino la que sea buena para edificación, para que dé gracia á los oyentes."
      },
      {
        "book_name": "Efeziers",
        "book": 49,
        "chapter": 4,
        "verse": 30,
        "text": "Y no contristéis al Espíritu Santo de Dios, con el cual estáis sellados para el día de la redención."
      },
      {
        "book_name": "Efeziers",
        "book": 49,
        "chapter": 4,
        "verse": 31,
        "text": "Toda amargura, y enojó, é ira, y voces, y maledicencia sea quitada de vosotros, y toda malicia:"
      },
      {
        "book_name": "Efeziers",
        "book": 49,
        "chapter": 4,
        "verse": 32,
        "text": "Antes sed los unos con los otros benignos, misericordiosos, perdónandoos los unos á los otros, como también Dios os perdonó en Cristo."
      }
    ],
    "5": [
      {
        "book_name": "Efeziers",
        "book": 49,
        "chapter": 5,
        "verse": 1,
        "text": "1SED, pues, imitadores de Dios como hijos amados: 2Y andad en amor, como también Cristo nos amó, y se entregó á sí mismo por nosotros, ofrenda y sacrificio á Dios en olor suave. 3Pero fornicación y toda inmundicia, ó avaricia, ni aun se nombre entre vosotros, como conviene á santos;  4Ni palabras torpes, ni necedades, ni truhanerías, que no convienen; sino antes bien acciones de gracias.  5Porque sabéis esto, que ningún fornicario, ó inmundo, ó avaro, que es servidor de ídolos, tiene herencia en el reino de Cristo y de Dios.  6Nadie os engañe con palabras vanas; porque por estas cosas viene la ira de Dios sobre los hijos de desobediencia.  7No seáis pues aparceros con ellos;  8Porque en otro tiempo erais tinieblas; mas ahora sois luz en el Señor: andad como hijos de luz,  9(Porque el fruto del Espíritu es en toda bondad, y justicia, y verdad;)  10Aprobando lo que es agradable al Señor.  11Y no comuniquéis con las obras infructuosas de las tinieblas; sino antes bien redargüidlas.  12Porque torpe cosa es aun hablar de lo que ellos hacen en oculto.  13Mas todas las cosas cuando son redargüidas, son manifestadas por la luz; porque lo que manifiesta todo, la luz es.  14Por lo cual dice: Despiértate, tú que duermes, y levántate de los muertos, y te alumbrará Cristo.  15Mirad, pues, cómo andéis avisadamente; no como necios, mas como sabios;  16Redimiendo el tiempo, porque los días son malos.  17Por tanto, no seáis imprudentes, sino entendidos de cuál sea la voluntad del Señor.  18Y no os embriaguéis de vino, en lo cual hay disolución; mas sed llenos de Espíritu;  19Hablando entre vosotros con salmos, y con himnos, y canciones espirituales, cantando y alabando al Señor en vuestros corazones;  20Dando gracias siempre de todo al Dios y Padre en el nombre de nuestro Señor Jesucristo:  21Sujetados los unos á los otros en el temor de Dios.  22Las casadas estén sujetas á sus propios maridos, como al Señor.  23Porque el marido es cabeza de la mujer, así como Cristo es cabeza de la iglesia; y él es el que da la salud al cuerpo.  24Así que, como la iglesia está sujeta á Cristo, así también las casadas lo estén á sus maridos en todo.  25Maridos, amad á vuestras mujeres, así como Cristo amó á la iglesia, y se entregó á sí mismo por ella,  26Para santificarla limpiándola en el lavacro del agua por la palabra,  27Para presentársela gloriosa para sí, una iglesia que no tuviese mancha ni arruga, ni cosa semejante; sino que fuese santa y sin mancha.  28Así también los maridos deben amar á sus mujeres como á sus mismos cuerpos. El que ama á su mujer, á sí mismo se ama.  29Porque ninguno aborreció jamás á su propia carne, antes la sustenta y regala, como también Cristo á la iglesia;  30Porque somos miembros de su cuerpo, de su carne y de sus huesos.  31Por esto dejará el hombre á su padre y á su madre, y se allegará á su mujer, y serán dos en una carne.  32Este misterio grande es: mas yo digo esto con respecto á Cristo y á la iglesia.  33Cada uno empero de vosotros de por sí, ame también á su mujer como á sí mismo; y la mujer reverencie á su marido."
      },
      {
        "book_name": "Efeziers",
        "book": 49,
        "chapter": 5,
        "verse": 1,
        "text": "SED, pues, imitadores de Dios como hijos amados:"
      },
      {
        "book_name": "Efeziers",
        "book": 49,
        "chapter": 5,
        "verse": 2,
        "text": "Y andad en amor, como también Cristo nos amó, y se entregó á sí mismo por nosotros, ofrenda y sacrificio á Dios en olor suave."
      },
      {
        "book_name": "Efeziers",
        "book": 49,
        "chapter": 5,
        "verse": 3,
        "text": "Pero fornicación y toda inmundicia, ó avaricia, ni aun se nombre entre vosotros, como conviene á santos;"
      },
      {
        "book_name": "Efeziers",
        "book": 49,
        "chapter": 5,
        "verse": 4,
        "text": "Ni palabras torpes, ni necedades, ni truhanerías, que no convienen; sino antes bien acciones de gracias."
      },
      {
        "book_name": "Efeziers",
        "book": 49,
        "chapter": 5,
        "verse": 5,
        "text": "Porque sabéis esto, que ningún fornicario, ó inmundo, ó avaro, que es servidor de ídolos, tiene herencia en el reino de Cristo y de Dios."
      },
      {
        "book_name": "Efeziers",
        "book": 49,
        "chapter": 5,
        "verse": 6,
        "text": "Nadie os engañe con palabras vanas; porque por estas cosas viene la ira de Dios sobre los hijos de desobediencia."
      },
      {
        "book_name": "Efeziers",
        "book": 49,
        "chapter": 5,
        "verse": 7,
        "text": "No seáis pues aparceros con ellos;"
      },
      {
        "book_name": "Efeziers",
        "book": 49,
        "chapter": 5,
        "verse": 8,
        "text": "Porque en otro tiempo erais tinieblas; mas ahora sois luz en el Señor: andad como hijos de luz,"
      },
      {
        "book_name": "Efeziers",
        "book": 49,
        "chapter": 5,
        "verse": 9,
        "text": "(Porque el fruto del Espíritu es en toda bondad, y justicia, y verdad;)"
      },
      {
        "book_name": "Efeziers",
        "book": 49,
        "chapter": 5,
        "verse": 10,
        "text": "Aprobando lo que es agradable al Señor."
      },
      {
        "book_name": "Efeziers",
        "book": 49,
        "chapter": 5,
        "verse": 11,
        "text": "Y no comuniquéis con las obras infructuosas de las tinieblas; sino antes bien redargüidlas."
      },
      {
        "book_name": "Efeziers",
        "book": 49,
        "chapter": 5,
        "verse": 12,
        "text": "Porque torpe cosa es aun hablar de lo que ellos hacen en oculto."
      },
      {
        "book_name": "Efeziers",
        "book": 49,
        "chapter": 5,
        "verse": 13,
        "text": "Mas todas las cosas cuando son redargüidas, son manifestadas por la luz; porque lo que manifiesta todo, la luz es."
      },
      {
        "book_name": "Efeziers",
        "book": 49,
        "chapter": 5,
        "verse": 14,
        "text": "Por lo cual dice: Despiértate, tú que duermes, y levántate de los muertos, y te alumbrará Cristo."
      },
      {
        "book_name": "Efeziers",
        "book": 49,
        "chapter": 5,
        "verse": 15,
        "text": "Mirad, pues, cómo andéis avisadamente; no como necios, mas como sabios;"
      },
      {
        "book_name": "Efeziers",
        "book": 49,
        "chapter": 5,
        "verse": 16,
        "text": "Redimiendo el tiempo, porque los días son malos."
      },
      {
        "book_name": "Efeziers",
        "book": 49,
        "chapter": 5,
        "verse": 17,
        "text": "Por tanto, no seáis imprudentes, sino entendidos de cuál sea la voluntad del Señor."
      },
      {
        "book_name": "Efeziers",
        "book": 49,
        "chapter": 5,
        "verse": 18,
        "text": "Y no os embriaguéis de vino, en lo cual hay disolución; mas sed llenos de Espíritu;"
      },
      {
        "book_name": "Efeziers",
        "book": 49,
        "chapter": 5,
        "verse": 19,
        "text": "Hablando entre vosotros con salmos, y con himnos, y canciones espirituales, cantando y alabando al Señor en vuestros corazones;"
      },
      {
        "book_name": "Efeziers",
        "book": 49,
        "chapter": 5,
        "verse": 20,
        "text": "Dando gracias siempre de todo al Dios y Padre en el nombre de nuestro Señor Jesucristo:"
      },
      {
        "book_name": "Efeziers",
        "book": 49,
        "chapter": 5,
        "verse": 21,
        "text": "Sujetados los unos á los otros en el temor de Dios."
      },
      {
        "book_name": "Efeziers",
        "book": 49,
        "chapter": 5,
        "verse": 22,
        "text": "Las casadas estén sujetas á sus propios maridos, como al Señor."
      },
      {
        "book_name": "Efeziers",
        "book": 49,
        "chapter": 5,
        "verse": 23,
        "text": "Porque el marido es cabeza de la mujer, así como Cristo es cabeza de la iglesia; y él es el que da la salud al cuerpo."
      },
      {
        "book_name": "Efeziers",
        "book": 49,
        "chapter": 5,
        "verse": 24,
        "text": "Así que, como la iglesia está sujeta á Cristo, así también las casadas lo estén á sus maridos en todo."
      },
      {
        "book_name": "Efeziers",
        "book": 49,
        "chapter": 5,
        "verse": 25,
        "text": "Maridos, amad á vuestras mujeres, así como Cristo amó á la iglesia, y se entregó á sí mismo por ella,"
      },
      {
        "book_name": "Efeziers",
        "book": 49,
        "chapter": 5,
        "verse": 26,
        "text": "Para santificarla limpiándola en el lavacro del agua por la palabra,"
      },
      {
        "book_name": "Efeziers",
        "book": 49,
        "chapter": 5,
        "verse": 27,
        "text": "Para presentársela gloriosa para sí, una iglesia que no tuviese mancha ni arruga, ni cosa semejante; sino que fuese santa y sin mancha."
      },
      {
        "book_name": "Efeziers",
        "book": 49,
        "chapter": 5,
        "verse": 28,
        "text": "Así también los maridos deben amar á sus mujeres como á sus mismos cuerpos. El que ama á su mujer, á sí mismo se ama."
      },
      {
        "book_name": "Efeziers",
        "book": 49,
        "chapter": 5,
        "verse": 29,
        "text": "Porque ninguno aborreció jamás á su propia carne, antes la sustenta y regala, como también Cristo á la iglesia;"
      },
      {
        "book_name": "Efeziers",
        "book": 49,
        "chapter": 5,
        "verse": 30,
        "text": "Porque somos miembros de su cuerpo, de su carne y de sus huesos."
      },
      {
        "book_name": "Efeziers",
        "book": 49,
        "chapter": 5,
        "verse": 31,
        "text": "Por esto dejará el hombre á su padre y á su madre, y se allegará á su mujer, y serán dos en una carne."
      },
      {
        "book_name": "Efeziers",
        "book": 49,
        "chapter": 5,
        "verse": 32,
        "text": "Este misterio grande es: mas yo digo esto con respecto á Cristo y á la iglesia."
      },
      {
        "book_name": "Efeziers",
        "book": 49,
        "chapter": 5,
        "verse": 33,
        "text": "Cada uno empero de vosotros de por sí, ame también á su mujer como á sí mismo; y la mujer reverencie á su marido."
      }
    ],
    "6": [
      {
        "book_name": "Efeziers",
        "book": 49,
        "chapter": 6,
        "verse": 1,
        "text": "1HIJOS, obedeced en el Señor á vuestros padres; porque esto es justo. 2Honra á tu padre y á tu madre, que es el primer mandamiento con promesa, 3Para que te vaya bien, y seas de larga vida sobre la tierra. 4Y vosotros, padres, no provoquéis á ira á vuestros hijos; sino hijos; sino amonestación del Señor. 5Siervos, obedeced á vuestros amos según la carne con temor y temblor, con sencillez de vuestro corazón, como á Cristo; 6No sirviendo al ojo, como los que agradan á los hombres; sino como siervos de Cristo, haciendo de ánimo la voluntad de Dios; 7Sirviendo con buena voluntad, como al Señor, y no á los hombres; 8Sabiendo que el bien que cada uno hiciere, esto recibirá del Señor, sea siervo ó sea libre. 9Y vosotros, amos, haced á ellos lo mismo, dejando las amenazas: sabiendo que el Señor de ellos y vuestro está en los cielos, y que no hay acepción de personas con él. 10Por lo demás, hermanos míos, confortaos en el Señor, y en la potencia de su fortaleza.  11Vestíos de toda la armadura de Dios, para que podáis estar firmes contra las asechanzas del diablo.  12Porque no tenemos lucha contra sangre y carne; sino contra principados, contra potestades, contra señores del mundo, gobernadores de estas tinieblas, contra malicias espirituales en los aires.  13Por tanto, tomad toda la armadura de Dios, para que podáis resistir en el día malo, y estar firmes, habiendo acabado todo.  14Estad pues firmes, ceñidos vuestros lomos de verdad, y vestidos de la cota de justicia.  15Y calzados los pies con el apresto del evangelio de paz;  16Sobre todo, tomando el escudo de la fe, con que podáis apagar todos los dardos de fuego del maligno.  17Y tomad el yelmo de salud, y la espada del Espíritu; que es la palabra de Dios;  18Orando en todo tiempo con toda deprecación y súplica en el Espíritu, y velando en ello con toda instancia y suplicación por todos los santos,  19Y por mí, para que me sea dada palabra en el abrir de mi boca con confianza, para hacer notorio el misterio del evangelio,  20Por el cual soy embajador en cadenas; que resueltamente hable de él, como debo hablar.  21Mas para que también vosotros sepáis mis negocios, y cómo lo paso, todo os lo hará saber Tichîco, hermano amado y fiel ministro en el Señor:  22Al cual os he enviado para esto mismo, para que entendáis lo tocante á nosotros, y que consuele vuestros corazones.  23Paz sea á los hermanos y amor con fe, de Dios Padre y del Señor Jesucristo.  24Gracia sea con todos los que aman á nuestro Señor Jesucristo en sinceridad. Amén."
      },
      {
        "book_name": "Efeziers",
        "book": 49,
        "chapter": 6,
        "verse": 1,
        "text": "HIJOS, obedeced en el Señor á vuestros padres; porque esto es justo."
      },
      {
        "book_name": "Efeziers",
        "book": 49,
        "chapter": 6,
        "verse": 2,
        "text": "Honra á tu padre y á tu madre, que es el primer mandamiento con promesa,"
      },
      {
        "book_name": "Efeziers",
        "book": 49,
        "chapter": 6,
        "verse": 3,
        "text": "Para que te vaya bien, y seas de larga vida sobre la tierra."
      },
      {
        "book_name": "Efeziers",
        "book": 49,
        "chapter": 6,
        "verse": 4,
        "text": "Y vosotros, padres, no provoquéis á ira á vuestros hijos; sino hijos; sino amonestación del Señor."
      },
      {
        "book_name": "Efeziers",
        "book": 49,
        "chapter": 6,
        "verse": 5,
        "text": "Siervos, obedeced á vuestros amos según la carne con temor y temblor, con sencillez de vuestro corazón, como á Cristo;"
      },
      {
        "book_name": "Efeziers",
        "book": 49,
        "chapter": 6,
        "verse": 6,
        "text": "No sirviendo al ojo, como los que agradan á los hombres; sino como siervos de Cristo, haciendo de ánimo la voluntad de Dios;"
      },
      {
        "book_name": "Efeziers",
        "book": 49,
        "chapter": 6,
        "verse": 7,
        "text": "Sirviendo con buena voluntad, como al Señor, y no á los hombres;"
      },
      {
        "book_name": "Efeziers",
        "book": 49,
        "chapter": 6,
        "verse": 8,
        "text": "Sabiendo que el bien que cada uno hiciere, esto recibirá del Señor, sea siervo ó sea libre."
      },
      {
        "book_name": "Efeziers",
        "book": 49,
        "chapter": 6,
        "verse": 9,
        "text": "Y vosotros, amos, haced á ellos lo mismo, dejando las amenazas: sabiendo que el Señor de ellos y vuestro está en los cielos, y que no hay acepción de personas con él."
      },
      {
        "book_name": "Efeziers",
        "book": 49,
        "chapter": 6,
        "verse": 10,
        "text": "Por lo demás, hermanos míos, confortaos en el Señor, y en la potencia de su fortaleza."
      },
      {
        "book_name": "Efeziers",
        "book": 49,
        "chapter": 6,
        "verse": 11,
        "text": "Vestíos de toda la armadura de Dios, para que podáis estar firmes contra las asechanzas del diablo."
      },
      {
        "book_name": "Efeziers",
        "book": 49,
        "chapter": 6,
        "verse": 12,
        "text": "Porque no tenemos lucha contra sangre y carne; sino contra principados, contra potestades, contra señores del mundo, gobernadores de estas tinieblas, contra malicias espirituales en los aires."
      },
      {
        "book_name": "Efeziers",
        "book": 49,
        "chapter": 6,
        "verse": 13,
        "text": "Por tanto, tomad toda la armadura de Dios, para que podáis resistir en el día malo, y estar firmes, habiendo acabado todo."
      },
      {
        "book_name": "Efeziers",
        "book": 49,
        "chapter": 6,
        "verse": 14,
        "text": "Estad pues firmes, ceñidos vuestros lomos de verdad, y vestidos de la cota de justicia."
      },
      {
        "book_name": "Efeziers",
        "book": 49,
        "chapter": 6,
        "verse": 15,
        "text": "Y calzados los pies con el apresto del evangelio de paz;"
      },
      {
        "book_name": "Efeziers",
        "book": 49,
        "chapter": 6,
        "verse": 16,
        "text": "Sobre todo, tomando el escudo de la fe, con que podáis apagar todos los dardos de fuego del maligno."
      },
      {
        "book_name": "Efeziers",
        "book": 49,
        "chapter": 6,
        "verse": 17,
        "text": "Y tomad el yelmo de salud, y la espada del Espíritu; que es la palabra de Dios;"
      },
      {
        "book_name": "Efeziers",
        "book": 49,
        "chapter": 6,
        "verse": 18,
        "text": "Orando en todo tiempo con toda deprecación y súplica en el Espíritu, y velando en ello con toda instancia y suplicación por todos los santos,"
      },
      {
        "book_name": "Efeziers",
        "book": 49,
        "chapter": 6,
        "verse": 19,
        "text": "Y por mí, para que me sea dada palabra en el abrir de mi boca con confianza, para hacer notorio el misterio del evangelio,"
      },
      {
        "book_name": "Efeziers",
        "book": 49,
        "chapter": 6,
        "verse": 20,
        "text": "Por el cual soy embajador en cadenas; que resueltamente hable de él, como debo hablar."
      },
      {
        "book_name": "Efeziers",
        "book": 49,
        "chapter": 6,
        "verse": 21,
        "text": "Mas para que también vosotros sepáis mis negocios, y cómo lo paso, todo os lo hará saber Tichîco, hermano amado y fiel ministro en el Señor:"
      },
      {
        "book_name": "Efeziers",
        "book": 49,
        "chapter": 6,
        "verse": 22,
        "text": "Al cual os he enviado para esto mismo, para que entendáis lo tocante á nosotros, y que consuele vuestros corazones."
      },
      {
        "book_name": "Efeziers",
        "book": 49,
        "chapter": 6,
        "verse": 23,
        "text": "Paz sea á los hermanos y amor con fe, de Dios Padre y del Señor Jesucristo."
      },
      {
        "book_name": "Efeziers",
        "book": 49,
        "chapter": 6,
        "verse": 24,
        "text": "Gracia sea con todos los que aman á nuestro Señor Jesucristo en sinceridad. Amén."
      }
    ]
  }
}