{
  "source": "bible.com",
  "version": "Reina Valera (1602)",
  "book": "Esther",
  "chapters": {
    "1": [
      {
        "book_name": "Esther",
        "book": 17,
        "chapter": 1,
        "verse": 1,
        "text": "1Y ACONTECIO en los días de Assuero, (el Assuero que reinó desde la India hasta la Etiopía sobre ciento veinte y siete provincias,) 2Que en aquellos días, asentado que fué el rey Assuero en la silla de su reino, la cual estaba en Susán capital del reino, 3En el tercer año de su reinado hizo banquete á todos sus príncipes y siervos, teniendo delante de él la fuerza de Persia y de Media, gobernadores y príncipes de provincias, 4Para mostrar él las riquezas de la gloria de su reino, y el lustre de la magnificencia de su poder, por muchos días, ciento y ochenta días. 5Y cumplidos estos días, hizo el rey banquete por siete días en el patio del huerto del palacio real á todo el pueblo, desde el mayor hasta el menor que se halló en Susán capital del reino. 6El pabellón era de blanco, verde, y cárdeno, tendido sobre cuerdas de lino y púrpura en sortijas de plata y columnas de mármol: los reclinatorios de oro y de plata, sobre losado de pórfido y de mármol, y de alabastro y de jacinto. 7Y daban á beber en vasos de oro, y vasos diferentes unos de otros, y mucho vino real, conforme á la facultad del rey. 8Y la bebida fué según esta ley: Que nadie constriñese; porque así lo había mandado el rey á todos los mayordomos de su casa; que se hiciese según la voluntad de cada uno. 9Asimismo la reina Vasthi hizo banquete de mujeres, en la casa real del rey Assuero. 10El séptimo día, estando el corazón del rey alegre del vino, mandó á Mehumán, y á Biztha, y á Harbona, y á Bighta, y á Abagtha, y á Zetar, y á Carcas, siete eunucos que servían delante del rey Assuero,  11Que trajesen á la reina Vasthi delante del rey con la corona regia, para mostrar á los pueblos y á los príncipes su hermosura; porque era linda de aspecto.  12Mas la reina Vasthi no quiso comparecer á la orden del rey, enviada por mano de los eunucos; y enojóse el rey muy mucho, y encendióse en él su ira.  13Preguntó entonces el rey á los sabios que sabían los tiempos, (porque así era la costubre del rey para con todos los que sabían la ley y el derecho;  14Y estaban junto á él, Carsena, y Sethar, y Admatha, y Tharsis, y Meres, y Marsena, y Memucán, siete príncipes de Persia y de Media que veían la cara del rey, y se sentaban los primeros del reino:)  15Qué se había de hacer según la ley con la reina Vasthi, por cuanto no había cumplido la orden del rey Assuero, enviada por mano de los eunucos.  16Y dijo Memucán delante del rey y de los príncipes: No solamente contra el rey ha pecado la reina Vasthi, sino contra todos los príncipes, y contra todos los pueblos que hay en todas las provincias del rey Assuero.  17Porque este hecho de la reina pasará á noticia de todas las mujeres, para hacerles tener en poca estima á sus maridos, diciendo: El rey Assuero mandó traer delante de sí á la reina Vasthi, y ella no vino.  18Y entonces dirán esto las señoras de Persia y de Media que oyeren el hecho de la reina, á todos los príncipes del rey: y habrá mucho menosprecio y enojo.  19Si parece bien al rey, salga mandamiento real delante de él, y escríbase entre las leyes de Persia y de Media, y no sea traspasado: Que no venga más Vasthi delante del rey Assuero: y dé el rey su reino á su compañera que sea mejor que ella.  20Y el mandamiento que hará el rey será oído en todo su reino, aunque es grande, y todas las mujeres darán honra á sus maridos, desde el mayor hasta el menor.  21Y plugo esta palabra en ojos del rey y de los príncipes, é hizo el rey conforme al dicho de Memucán;  22Pues envió letras á todas la provincias del rey, á cada provincia conforme á su escribir, y á cada pueblo conforme á su lenguaje, diciendo que todo hombre fuese señor en su casa; y háblese esto según la lengua de su pueblo."
      },
      {
        "book_name": "Esther",
        "book": 17,
        "chapter": 1,
        "verse": 1,
        "text": "Y ACONTECIO en los días de Assuero, (el Assuero que reinó desde la India hasta la Etiopía sobre ciento veinte y siete provincias,)"
      },
      {
        "book_name": "Esther",
        "book": 17,
        "chapter": 1,
        "verse": 2,
        "text": "Que en aquellos días, asentado que fué el rey Assuero en la silla de su reino, la cual estaba en Susán capital del reino,"
      },
      {
        "book_name": "Esther",
        "book": 17,
        "chapter": 1,
        "verse": 3,
        "text": "En el tercer año de su reinado hizo banquete á todos sus príncipes y siervos, teniendo delante de él la fuerza de Persia y de Media, gobernadores y príncipes de provincias,"
      },
      {
        "book_name": "Esther",
        "book": 17,
        "chapter": 1,
        "verse": 4,
        "text": "Para mostrar él las riquezas de la gloria de su reino, y el lustre de la magnificencia de su poder, por muchos días, ciento y ochenta días."
      },
      {
        "book_name": "Esther",
        "book": 17,
        "chapter": 1,
        "verse": 5,
        "text": "Y cumplidos estos días, hizo el rey banquete por siete días en el patio del huerto del palacio real á todo el pueblo, desde el mayor hasta el menor que se halló en Susán capital del reino."
      },
      {
        "book_name": "Esther",
        "book": 17,
        "chapter": 1,
        "verse": 6,
        "text": "El pabellón era de blanco, verde, y cárdeno, tendido sobre cuerdas de lino y púrpura en sortijas de plata y columnas de mármol: los reclinatorios de oro y de plata, sobre losado de pórfido y de mármol, y de alabastro y de jacinto."
      },
      {
        "book_name": "Esther",
        "book": 17,
        "chapter": 1,
        "verse": 7,
        "text": "Y daban á beber en vasos de oro, y vasos diferentes unos de otros, y mucho vino real, conforme á la facultad del rey."
      },
      {
        "book_name": "Esther",
        "book": 17,
        "chapter": 1,
        "verse": 8,
        "text": "Y la bebida fué según esta ley: Que nadie constriñese; porque así lo había mandado el rey á todos los mayordomos de su casa; que se hiciese según la voluntad de cada uno."
      },
      {
        "book_name": "Esther",
        "book": 17,
        "chapter": 1,
        "verse": 9,
        "text": "Asimismo la reina Vasthi hizo banquete de mujeres, en la casa real del rey Assuero."
      },
      {
        "book_name": "Esther",
        "book": 17,
        "chapter": 1,
        "verse": 10,
        "text": "El séptimo día, estando el corazón del rey alegre del vino, mandó á Mehumán, y á Biztha, y á Harbona, y á Bighta, y á Abagtha, y á Zetar, y á Carcas, siete eunucos que servían delante del rey Assuero,"
      },
      {
        "book_name": "Esther",
        "book": 17,
        "chapter": 1,
        "verse": 11,
        "text": "Que trajesen á la reina Vasthi delante del rey con la corona regia, para mostrar á los pueblos y á los príncipes su hermosura; porque era linda de aspecto."
      },
      {
        "book_name": "Esther",
        "book": 17,
        "chapter": 1,
        "verse": 12,
        "text": "Mas la reina Vasthi no quiso comparecer á la orden del rey, enviada por mano de los eunucos; y enojóse el rey muy mucho, y encendióse en él su ira."
      },
      {
        "book_name": "Esther",
        "book": 17,
        "chapter": 1,
        "verse": 13,
        "text": "Preguntó entonces el rey á los sabios que sabían los tiempos, (porque así era la costubre del rey para con todos los que sabían la ley y el derecho;"
      },
      {
        "book_name": "Esther",
        "book": 17,
        "chapter": 1,
        "verse": 14,
        "text": "Y estaban junto á él, Carsena, y Sethar, y Admatha, y Tharsis, y Meres, y Marsena, y Memucán, siete príncipes de Persia y de Media que veían la cara del rey, y se sentaban los primeros del reino:)"
      },
      {
        "book_name": "Esther",
        "book": 17,
        "chapter": 1,
        "verse": 15,
        "text": "Qué se había de hacer según la ley con la reina Vasthi, por cuanto no había cumplido la orden del rey Assuero, enviada por mano de los eunucos."
      },
      {
        "book_name": "Esther",
        "book": 17,
        "chapter": 1,
        "verse": 16,
        "text": "Y dijo Memucán delante del rey y de los príncipes: No solamente contra el rey ha pecado la reina Vasthi, sino contra todos los príncipes, y contra todos los pueblos que hay en todas las provincias del rey Assuero."
      },
      {
        "book_name": "Esther",
        "book": 17,
        "chapter": 1,
        "verse": 17,
        "text": "Porque este hecho de la reina pasará á noticia de todas las mujeres, para hacerles tener en poca estima á sus maridos, diciendo: El rey Assuero mandó traer delante de sí á la reina Vasthi, y ella no vino."
      },
      {
        "book_name": "Esther",
        "book": 17,
        "chapter": 1,
        "verse": 18,
        "text": "Y entonces dirán esto las señoras de Persia y de Media que oyeren el hecho de la reina, á todos los príncipes del rey: y habrá mucho menosprecio y enojo."
      },
      {
        "book_name": "Esther",
        "book": 17,
        "chapter": 1,
        "verse": 19,
        "text": "Si parece bien al rey, salga mandamiento real delante de él, y escríbase entre las leyes de Persia y de Media, y no sea traspasado: Que no venga más Vasthi delante del rey Assuero: y dé el rey su reino á su compañera que sea mejor que ella."
      },
      {
        "book_name": "Esther",
        "book": 17,
        "chapter": 1,
        "verse": 20,
        "text": "Y el mandamiento que hará el rey será oído en todo su reino, aunque es grande, y todas las mujeres darán honra á sus maridos, desde el mayor hasta el menor."
      },
      {
        "book_name": "Esther",
        "book": 17,
        "chapter": 1,
        "verse": 21,
        "text": "Y plugo esta palabra en ojos del rey y de los príncipes, é hizo el rey conforme al dicho de Memucán;"
      },
      {
        "book_name": "Esther",
        "book": 17,
        "chapter": 1,
        "verse": 22,
        "text": "Pues envió letras á todas la provincias del rey, á cada provincia conforme á su escribir, y á cada pueblo conforme á su lenguaje, diciendo que todo hombre fuese señor en su casa; y háblese esto según la lengua de su pueblo."
      }
    ],
    "2": [
      {
        "book_name": "Esther",
        "book": 17,
        "chapter": 2,
        "verse": 1,
        "text": "1PASADAS estas cosas, sosegada ya la ira del rey Assuero, acordóse de Vasthi, y de lo que hizo, y de lo que fué sentenciado contra ella. 2Y dijeron los criados del rey, sus oficiales: Busquen al rey mozas vírgenes de buen parecer; 3Y ponga el rey personas en todas las provincias de su reino, que junte todas las mozas vírgenes de buen parecer en Susán residencia regia, en la casa de las mujeres, al cuidado de Hegai, eunuco del rey, guarda de las mujeres, dándoles sus atavíos; 4Y la moza que agradare á los ojos del rey, reine en lugar de Vasthi. Y la cosa plugo en ojos del rey, é hízolo así. 5Había un varón Judío en Susán residencia regia, cuyo nombre era Mardochêo, hijo de Jair, hijo de Simi, hijo de Cis, del linaje de Benjamín; 6El cual había sido trasportado de Jerusalem con los cautivos que fueron llevados con Jechônías rey de Judá, á quien hizo trasportar Nabucodonosor rey de Babilonia. 7Y había criado á Hadassa, que es Esther, hija de su tío, porque no tenía padre ni madre; y era moza de hermosa forma y de buen parecer; y como su padre y su madre murieron, Mardochêo la había tomado por hija suya. 8Sucedió pues, que como se divulgó el mandamiento del rey y su acuerdo, y siendo reunidas muchas mozas en Susán residencia regia, á cargo de Hegai, fué tomada también Esther para casa del rey, al cuidado de Hegai, guarda de las mujeres. 9Y la moza agradó en sus ojos, y halló gracia delante de él; por lo que hizo darle prestamente sus atavíos y sus raciones, dándole también siete convenientes doncellas de la casa del rey; y pasóla con sus doncellas á lo mejor de la casa de las mujeres. 10Esther no declaró su pueblo ni su nacimiento; porque Mardochêo le había mandado que no lo declarase. 11Y cada día Mardochêo se paseaba delante del patio de la casa de las mujeres, por saber cómo iba á Esther, y qué se hacía de ella. 12Y como llegaba el tiempo de cada una de las mozas para venir al rey Assuero, al cabo de haber estado ya doce meses conforme á la ley acerca de las mujeres (porque así se cumplía el tiempo de sus atavíos, esto es, seis meses con óleo de mirra, y seis meses con cosas aromáticas y afeites de mujeres), 13Entonces la moza venía así al rey: todo lo que ella decía se le daba, para venir con ello de la casa de las mujeres hasta la casa del rey. 14Ella venía á la tarde, y á la mañana se volvía á la casa segunda de las mujeres, al cargo de Saasgaz eunuco del rey, guarda de las concubinas: no venía más al rey, salvo si el rey la quería, y era llamada por nombre. 15Y llegado que fué el tiempo de Esther, hija de Abihail tío de Mardochêo, que él se había tomado por hija, para venir al rey, ninguna cosa procuró sino lo que dijo Hegai eunuco del rey, guarda de las mujeres: y ganaba Esther la gracia de todos los que la veían. 16Fué pues Esther llevada al rey Assuero á su casa real en el mes décimo, que es el mes de Tebeth, en el año séptimo de su reinado. 17Y el rey amó á Esther sobre todas las mujeres, y halló gracia y benevolencia delante de él más que todas las vírgenes; y puso la corona real en su cabeza, é hízola reina en lugar de Vasthi. 18Hizo luego el rey gran banquete á todos sus príncipes y siervos, el banquete de Esther; y alivió á las provincias, é hizo y dió mercedes conforme á la facultad real. 19Y cuando se juntaban las vírgenes la segunda vez, Mardochêo estaba puesto a la puerta el rey. 20Y Esther, según le tenía mandado Mardochêo, no había declarado su nación ni su pueblo; porque Esther hacía lo que decía Mardochêo, como cuando con él se educaba. 21En aquellos días, estando Mardochêo sentado á la puerta del rey, enojáronse Bigthán y Teres, dos eunucos del rey, de la guardia de la puerta, y procuraban poner mano en el rey Assuero.  22Mas entendido que fué esto por Mardochêo, él lo denunció á la reina Esther, y Esther lo dijo al rey en nombre de Mardochêo.  23Hízose entonces indagación de la cosa, y fué hallada cierta; por tanto, entrambos fueron colgados en una horca. Y escribióse el caso en el libro de las cosas de los tiempos delante del rey."
      },
      {
        "book_name": "Esther",
        "book": 17,
        "chapter": 2,
        "verse": 1,
        "text": "PASADAS estas cosas, sosegada ya la ira del rey Assuero, acordóse de Vasthi, y de lo que hizo, y de lo que fué sentenciado contra ella."
      },
      {
        "book_name": "Esther",
        "book": 17,
        "chapter": 2,
        "verse": 2,
        "text": "Y dijeron los criados del rey, sus oficiales: Busquen al rey mozas vírgenes de buen parecer;"
      },
      {
        "book_name": "Esther",
        "book": 17,
        "chapter": 2,
        "verse": 3,
        "text": "Y ponga el rey personas en todas las provincias de su reino, que junte todas las mozas vírgenes de buen parecer en Susán residencia regia, en la casa de las mujeres, al cuidado de Hegai, eunuco del rey, guarda de las mujeres, dándoles sus atavíos;"
      },
      {
        "book_name": "Esther",
        "book": 17,
        "chapter": 2,
        "verse": 4,
        "text": "Y la moza que agradare á los ojos del rey, reine en lugar de Vasthi. Y la cosa plugo en ojos del rey, é hízolo así."
      },
      {
        "book_name": "Esther",
        "book": 17,
        "chapter": 2,
        "verse": 5,
        "text": "Había un varón Judío en Susán residencia regia, cuyo nombre era Mardochêo, hijo de Jair, hijo de Simi, hijo de Cis, del linaje de Benjamín;"
      },
      {
        "book_name": "Esther",
        "book": 17,
        "chapter": 2,
        "verse": 6,
        "text": "El cual había sido trasportado de Jerusalem con los cautivos que fueron llevados con Jechônías rey de Judá, á quien hizo trasportar Nabucodonosor rey de Babilonia."
      },
      {
        "book_name": "Esther",
        "book": 17,
        "chapter": 2,
        "verse": 7,
        "text": "Y había criado á Hadassa, que es Esther, hija de su tío, porque no tenía padre ni madre; y era moza de hermosa forma y de buen parecer; y como su padre y su madre murieron, Mardochêo la había tomado por hija suya."
      },
      {
        "book_name": "Esther",
        "book": 17,
        "chapter": 2,
        "verse": 8,
        "text": "Sucedió pues, que como se divulgó el mandamiento del rey y su acuerdo, y siendo reunidas muchas mozas en Susán residencia regia, á cargo de Hegai, fué tomada también Esther para casa del rey, al cuidado de Hegai, guarda de las mujeres."
      },
      {
        "book_name": "Esther",
        "book": 17,
        "chapter": 2,
        "verse": 9,
        "text": "Y la moza agradó en sus ojos, y halló gracia delante de él; por lo que hizo darle prestamente sus atavíos y sus raciones, dándole también siete convenientes doncellas de la casa del rey; y pasóla con sus doncellas á lo mejor de la casa de las mujeres."
      },
      {
        "book_name": "Esther",
        "book": 17,
        "chapter": 2,
        "verse": 10,
        "text": "Esther no declaró su pueblo ni su nacimiento; porque Mardochêo le había mandado que no lo declarase."
      },
      {
        "book_name": "Esther",
        "book": 17,
        "chapter": 2,
        "verse": 11,
        "text": "Y cada día Mardochêo se paseaba delante del patio de la casa de las mujeres, por saber cómo iba á Esther, y qué se hacía de ella."
      },
      {
        "book_name": "Esther",
        "book": 17,
        "chapter": 2,
        "verse": 12,
        "text": "Y como llegaba el tiempo de cada una de las mozas para venir al rey Assuero, al cabo de haber estado ya doce meses conforme á la ley acerca de las mujeres (porque así se cumplía el tiempo de sus atavíos, esto es, seis meses con óleo de mirra, y seis meses con cosas aromáticas y afeites de mujeres),"
      },
      {
        "book_name": "Esther",
        "book": 17,
        "chapter": 2,
        "verse": 13,
        "text": "Entonces la moza venía así al rey: todo lo que ella decía se le daba, para venir con ello de la casa de las mujeres hasta la casa del rey."
      },
      {
        "book_name": "Esther",
        "book": 17,
        "chapter": 2,
        "verse": 14,
        "text": "Ella venía á la tarde, y á la mañana se volvía á la casa segunda de las mujeres, al cargo de Saasgaz eunuco del rey, guarda de las concubinas: no venía más al rey, salvo si el rey la quería, y era llamada por nombre."
      },
      {
        "book_name": "Esther",
        "book": 17,
        "chapter": 2,
        "verse": 15,
        "text": "Y llegado que fué el tiempo de Esther, hija de Abihail tío de Mardochêo, que él se había tomado por hija, para venir al rey, ninguna cosa procuró sino lo que dijo Hegai eunuco del rey, guarda de las mujeres: y ganaba Esther la gracia de todos los que la veían."
      },
      {
        "book_name": "Esther",
        "book": 17,
        "chapter": 2,
        "verse": 16,
        "text": "Fué pues Esther llevada al rey Assuero á su casa real en el mes décimo, que es el mes de Tebeth, en el año séptimo de su reinado."
      },
      {
        "book_name": "Esther",
        "book": 17,
        "chapter": 2,
        "verse": 17,
        "text": "Y el rey amó á Esther sobre todas las mujeres, y halló gracia y benevolencia delante de él más que todas las vírgenes; y puso la corona real en su cabeza, é hízola reina en lugar de Vasthi."
      },
      {
        "book_name": "Esther",
        "book": 17,
        "chapter": 2,
        "verse": 18,
        "text": "Hizo luego el rey gran banquete á todos sus príncipes y siervos, el banquete de Esther; y alivió á las provincias, é hizo y dió mercedes conforme á la facultad real."
      },
      {
        "book_name": "Esther",
        "book": 17,
        "chapter": 2,
        "verse": 19,
        "text": "Y cuando se juntaban las vírgenes la segunda vez, Mardochêo estaba puesto a la puerta el rey."
      },
      {
        "book_name": "Esther",
        "book": 17,
        "chapter": 2,
        "verse": 20,
        "text": "Y Esther, según le tenía mandado Mardochêo, no había declarado su nación ni su pueblo; porque Esther hacía lo que decía Mardochêo, como cuando con él se educaba."
      },
      {
        "book_name": "Esther",
        "book": 17,
        "chapter": 2,
        "verse": 21,
        "text": "En aquellos días, estando Mardochêo sentado á la puerta del rey, enojáronse Bigthán y Teres, dos eunucos del rey, de la guardia de la puerta, y procuraban poner mano en el rey Assuero."
      },
      {
        "book_name": "Esther",
        "book": 17,
        "chapter": 2,
        "verse": 22,
        "text": "Mas entendido que fué esto por Mardochêo, él lo denunció á la reina Esther, y Esther lo dijo al rey en nombre de Mardochêo."
      },
      {
        "book_name": "Esther",
        "book": 17,
        "chapter": 2,
        "verse": 23,
        "text": "Hízose entonces indagación de la cosa, y fué hallada cierta; por tanto, entrambos fueron colgados en una horca. Y escribióse el caso en el libro de las cosas de los tiempos delante del rey."
      }
    ],
    "3": [
      {
        "book_name": "Esther",
        "book": 17,
        "chapter": 3,
        "verse": 1,
        "text": "1DESPUÉS de estas cosas, el rey Assuero engrandeció á Amán hijo de Amadatha Agageo, y ensalzólo, y puso su silla sobre todos los príncipes que estaban con él. 2Y todos los siervos del rey que estaban á la puerta del rey, se arrodillaban é inclinaban á Amán, porque así se lo había mandado el rey; pero Mardochêo, ni se orrodillaba ni se humillaba. 3Y los siervos del rey que estaban á la puerta, dijeron á Mardochêo: ¿Por qué traspasas el mandamiento del rey? 4Y aconteció que, hablándole cada día de esta manera, y no escuchándolos él, denunciáronlo á Amán, por ver si las palabras de Mardochêo se mantendrían; porque ya él les había declarado que era Judío. 5Y vió Amán que Mardochêo ni se arrodillaba ni se humillaba delante de él; y llenóse de ira. 6Mas tuvo en poco meter mano en solo Mardochêo; que ya le había declarado el pueblo de Mardochêo: y procuró Amán destruir á todos los Judíos que había en el reino de Assuero, al pueblo de Mardochêo. 7En el mes primero, que es el mes de Nisán, en el año duodécimo del rey Assuero, fué echada Pur, esto es, la suerte, delante de Amán, de día en día y de mes en mes; y salió el mes duodécimo, que es el mes de Adar.  8Y dijo Amán al rey Assuero: Hay un pueblo esparcido y dividido entre los pueblos en todas las provincias de tu reino, y sus leyes son diferentes de las de todo pueblo, y no observan las leyes del rey; y al rey no viene provecho de dejarlos.  9Si place al rey, escríbase que sean destruídos; y yo pesaré diez mil talentos de plata en manos de los que manejan la hacienda, para que sean traídos á los tesoros del rey.  10Entonces el rey quitó su anillo de su mano, y diólo á Amán hijo de Amadatha Agageo, enemigo de los Judíos,  11Y díjole: La plata propuesta sea para ti, y asimismo el pueblo, para que hagas de él lo que bien te pareciere.  12Entonces fueron llamados los escribanos del rey en el mes primero, á trece del mismo, y fué escrito conforme á todo lo que mandó Amán, á los príncipes del rey, y á los capitanes que estaban sobre cada provincia, y á los príncipes de cada pueblo, á cada provincia según su escritura, y á cada pueblo según su lengua: en nombre del rey Assuero fué escrito, y signado con el anillo del rey.  13Y fueron enviadas letras por mano de los correos á todas las provincias del rey, para destruir, y matar, y exterminar á todos los Judíos, desde el niño hasta el viejo, niños y mujeres en un día, en el trece del mes duodécimo, que es el mes de Adar, y para apoderarse de su despojo.  14La copia del escrito que se diese por mandamiento en cada provincia, fué publicada á todos los pueblos, á fin de que estuviesen apercibidos para aquel día.  15Y salieron los correos de priesa por mandato del rey, y el edicto fué dado en Susán capital del reino. Y el rey y Amán estaban sentados á beber, y la ciudad de Susán estaba conmovida."
      },
      {
        "book_name": "Esther",
        "book": 17,
        "chapter": 3,
        "verse": 1,
        "text": "DESPUÉS de estas cosas, el rey Assuero engrandeció á Amán hijo de Amadatha Agageo, y ensalzólo, y puso su silla sobre todos los príncipes que estaban con él."
      },
      {
        "book_name": "Esther",
        "book": 17,
        "chapter": 3,
        "verse": 2,
        "text": "Y todos los siervos del rey que estaban á la puerta del rey, se arrodillaban é inclinaban á Amán, porque así se lo había mandado el rey; pero Mardochêo, ni se orrodillaba ni se humillaba."
      },
      {
        "book_name": "Esther",
        "book": 17,
        "chapter": 3,
        "verse": 3,
        "text": "Y los siervos del rey que estaban á la puerta, dijeron á Mardochêo: ¿Por qué traspasas el mandamiento del rey?"
      },
      {
        "book_name": "Esther",
        "book": 17,
        "chapter": 3,
        "verse": 4,
        "text": "Y aconteció que, hablándole cada día de esta manera, y no escuchándolos él, denunciáronlo á Amán, por ver si las palabras de Mardochêo se mantendrían; porque ya él les había declarado que era Judío."
      },
      {
        "book_name": "Esther",
        "book": 17,
        "chapter": 3,
        "verse": 5,
        "text": "Y vió Amán que Mardochêo ni se arrodillaba ni se humillaba delante de él; y llenóse de ira."
      },
      {
        "book_name": "Esther",
        "book": 17,
        "chapter": 3,
        "verse": 6,
        "text": "Mas tuvo en poco meter mano en solo Mardochêo; que ya le había declarado el pueblo de Mardochêo: y procuró Amán destruir á todos los Judíos que había en el reino de Assuero, al pueblo de Mardochêo."
      },
      {
        "book_name": "Esther",
        "book": 17,
        "chapter": 3,
        "verse": 7,
        "text": "En el mes primero, que es el mes de Nisán, en el año duodécimo del rey Assuero, fué echada Pur, esto es, la suerte, delante de Amán, de día en día y de mes en mes; y salió el mes duodécimo, que es el mes de Adar."
      },
      {
        "book_name": "Esther",
        "book": 17,
        "chapter": 3,
        "verse": 8,
        "text": "Y dijo Amán al rey Assuero: Hay un pueblo esparcido y dividido entre los pueblos en todas las provincias de tu reino, y sus leyes son diferentes de las de todo pueblo, y no observan las leyes del rey; y al rey no viene provecho de dejarlos."
      },
      {
        "book_name": "Esther",
        "book": 17,
        "chapter": 3,
        "verse": 9,
        "text": "Si place al rey, escríbase que sean destruídos; y yo pesaré diez mil talentos de plata en manos de los que manejan la hacienda, para que sean traídos á los tesoros del rey."
      },
      {
        "book_name": "Esther",
        "book": 17,
        "chapter": 3,
        "verse": 10,
        "text": "Entonces el rey quitó su anillo de su mano, y diólo á Amán hijo de Amadatha Agageo, enemigo de los Judíos,"
      },
      {
        "book_name": "Esther",
        "book": 17,
        "chapter": 3,
        "verse": 11,
        "text": "Y díjole: La plata propuesta sea para ti, y asimismo el pueblo, para que hagas de él lo que bien te pareciere."
      },
      {
        "book_name": "Esther",
        "book": 17,
        "chapter": 3,
        "verse": 12,
        "text": "Entonces fueron llamados los escribanos del rey en el mes primero, á trece del mismo, y fué escrito conforme á todo lo que mandó Amán, á los príncipes del rey, y á los capitanes que estaban sobre cada provincia, y á los príncipes de cada pueblo, á cada provincia según su escritura, y á cada pueblo según su lengua: en nombre del rey Assuero fué escrito, y signado con el anillo del rey."
      },
      {
        "book_name": "Esther",
        "book": 17,
        "chapter": 3,
        "verse": 13,
        "text": "Y fueron enviadas letras por mano de los correos á todas las provincias del rey, para destruir, y matar, y exterminar á todos los Judíos, desde el niño hasta el viejo, niños y mujeres en un día, en el trece del mes duodécimo, que es el mes de Adar, y para apoderarse de su despojo."
      },
      {
        "book_name": "Esther",
        "book": 17,
        "chapter": 3,
        "verse": 14,
        "text": "La copia del escrito que se diese por mandamiento en cada provincia, fué publicada á todos los pueblos, á fin de que estuviesen apercibidos para aquel día."
      },
      {
        "book_name": "Esther",
        "book": 17,
        "chapter": 3,
        "verse": 15,
        "text": "Y salieron los correos de priesa por mandato del rey, y el edicto fué dado en Susán capital del reino. Y el rey y Amán estaban sentados á beber, y la ciudad de Susán estaba conmovida."
      }
    ],
    "4": [
      {
        "book_name": "Esther",
        "book": 17,
        "chapter": 4,
        "verse": 1,
        "text": "1LUEGO que supo Mardochêo todo lo que se había hecho, rasgó sus vestidos, y vistióse de saco y de ceniza, y fuése por medio de la ciudad clamando con grande y amargo clamor. 2Y vino hasta delante de la puerta del rey: porque no era lícito pasar adentro de la puerta del rey con vestido de saco. 3Y en cada provincia y lugar donde el mandamiento del rey y su decreto llegaba, tenían los Judíos grande luto, y ayuno, y lloro, y lamentación: saco y ceniza era la cama de muchos. 4Y vinieron las doncellas de Esther y sus eunucos, y dijéronselo: y la reina tuvo gran dolor, y envió vestidos para hacer vestir á Mardochêo, y hacerle quitar el saco de sobre él; mas él no los recibió. 5Entonces Esther llamó á Atach, uno de los eunucos del rey, que él había hecho estar delante de ella, y mandólo á Mardochêo, con orden de saber qué era aquello, y por qué.  6Salió pues Atach á Mardochêo, á la plaza de la ciudad que estaba delante de la puerta del rey.  7Y Mardochêo le declaró todo lo que le había acontecido, y dióle noticia de la plata que Amán había dicho que pesaría para los tesoros del rey por razón de los Judíos, para destruirlos.  8Dióle también la copia de la escritura del decreto que había sido dado en Susán para que fuesen destruídos, á fin de que la mostrara á Esther y se lo declarase, y le encargara que fuese al rey á suplicarle, y á pedir delante de él por su pueblo.  9Y vino Atach, y contó á Esther las palabra de Mardochêo.  10Entonces Esther dijo á Atach, y mandóle decir á Mardochêo:  11Todos los siervos del rey, y el pueblo de las provincias del rey saben, que cualquier hombre ó mujer que entra al rey al patio de adentro sin ser llamado, por una sola ley ha de morir: salvo aquel á quien el rey extendiere el cetro de oro, el cual vivirá: y yo no he sido llamada para entrar al rey estos treinta días.  12Y dijeron á Mardochêo las palabras de Esther.  13Entonces dijo Mardochêo que respondiesen á Esther: No pienses en tu alma, que escaparás en la casa del rey más que todos los Judíos:  14Porque si absolutamente callares en este tiempo, respiro y libertación tendrán los Judíos de otra parte; mas tú y la casa de tu padre pereceréis. ¿Y quién sabe si para esta hora te han hecho llegar al reino?  15Y Esther dijo que respondiesen á Mardochêo:  16Ve, y junta á todos los Judíos que se hallan en Susán, y ayunad por mí, y no comáis ni bebáis en tres días, noche ni día: yo también con mis doncellas ayunaré igualmente, y así entraré al rey, aunque no sea conforme á la ley; y si perezco, que perezca.  17Entonces se fué Mardochêo, é hizo conforme á todo lo que le mandó Esther."
      },
      {
        "book_name": "Esther",
        "book": 17,
        "chapter": 4,
        "verse": 1,
        "text": "LUEGO que supo Mardochêo todo lo que se había hecho, rasgó sus vestidos, y vistióse de saco y de ceniza, y fuése por medio de la ciudad clamando con grande y amargo clamor."
      },
      {
        "book_name": "Esther",
        "book": 17,
        "chapter": 4,
        "verse": 2,
        "text": "Y vino hasta delante de la puerta del rey: porque no era lícito pasar adentro de la puerta del rey con vestido de saco."
      },
      {
        "book_name": "Esther",
        "book": 17,
        "chapter": 4,
        "verse": 3,
        "text": "Y en cada provincia y lugar donde el mandamiento del rey y su decreto llegaba, tenían los Judíos grande luto, y ayuno, y lloro, y lamentación: saco y ceniza era la cama de muchos."
      },
      {
        "book_name": "Esther",
        "book": 17,
        "chapter": 4,
        "verse": 4,
        "text": "Y vinieron las doncellas de Esther y sus eunucos, y dijéronselo: y la reina tuvo gran dolor, y envió vestidos para hacer vestir á Mardochêo, y hacerle quitar el saco de sobre él; mas él no los recibió."
      },
      {
        "book_name": "Esther",
        "book": 17,
        "chapter": 4,
        "verse": 5,
        "text": "Entonces Esther llamó á Atach, uno de los eunucos del rey, que él había hecho estar delante de ella, y mandólo á Mardochêo, con orden de saber qué era aquello, y por qué."
      },
      {
        "book_name": "Esther",
        "book": 17,
        "chapter": 4,
        "verse": 6,
        "text": "Salió pues Atach á Mardochêo, á la plaza de la ciudad que estaba delante de la puerta del rey."
      },
      {
        "book_name": "Esther",
        "book": 17,
        "chapter": 4,
        "verse": 7,
        "text": "Y Mardochêo le declaró todo lo que le había acontecido, y dióle noticia de la plata que Amán había dicho que pesaría para los tesoros del rey por razón de los Judíos, para destruirlos."
      },
      {
        "book_name": "Esther",
        "book": 17,
        "chapter": 4,
        "verse": 8,
        "text": "Dióle también la copia de la escritura del decreto que había sido dado en Susán para que fuesen destruídos, á fin de que la mostrara á Esther y se lo declarase, y le encargara que fuese al rey á suplicarle, y á pedir delante de él por su pueblo."
      },
      {
        "book_name": "Esther",
        "book": 17,
        "chapter": 4,
        "verse": 9,
        "text": "Y vino Atach, y contó á Esther las palabra de Mardochêo."
      },
      {
        "book_name": "Esther",
        "book": 17,
        "chapter": 4,
        "verse": 10,
        "text": "Entonces Esther dijo á Atach, y mandóle decir á Mardochêo:"
      },
      {
        "book_name": "Esther",
        "book": 17,
        "chapter": 4,
        "verse": 11,
        "text": "Todos los siervos del rey, y el pueblo de las provincias del rey saben, que cualquier hombre ó mujer que entra al rey al patio de adentro sin ser llamado, por una sola ley ha de morir: salvo aquel á quien el rey extendiere el cetro de oro, el cual vivirá: y yo no he sido llamada para entrar al rey estos treinta días."
      },
      {
        "book_name": "Esther",
        "book": 17,
        "chapter": 4,
        "verse": 12,
        "text": "Y dijeron á Mardochêo las palabras de Esther."
      },
      {
        "book_name": "Esther",
        "book": 17,
        "chapter": 4,
        "verse": 13,
        "text": "Entonces dijo Mardochêo que respondiesen á Esther: No pienses en tu alma, que escaparás en la casa del rey más que todos los Judíos:"
      },
      {
        "book_name": "Esther",
        "book": 17,
        "chapter": 4,
        "verse": 14,
        "text": "Porque si absolutamente callares en este tiempo, respiro y libertación tendrán los Judíos de otra parte; mas tú y la casa de tu padre pereceréis. ¿Y quién sabe si para esta hora te han hecho llegar al reino?"
      },
      {
        "book_name": "Esther",
        "book": 17,
        "chapter": 4,
        "verse": 15,
        "text": "Y Esther dijo que respondiesen á Mardochêo:"
      },
      {
        "book_name": "Esther",
        "book": 17,
        "chapter": 4,
        "verse": 16,
        "text": "Ve, y junta á todos los Judíos que se hallan en Susán, y ayunad por mí, y no comáis ni bebáis en tres días, noche ni día: yo también con mis doncellas ayunaré igualmente, y así entraré al rey, aunque no sea conforme á la ley; y si perezco, que perezca."
      },
      {
        "book_name": "Esther",
        "book": 17,
        "chapter": 4,
        "verse": 17,
        "text": "Entonces se fué Mardochêo, é hizo conforme á todo lo que le mandó Esther."
      }
    ],
    "5": [
      {
        "book_name": "Esther",
        "book": 17,
        "chapter": 5,
        "verse": 1,
        "text": "1Y ACONTECIO que al tercer día se vistió Esther su vestido real, y púsose en el patio de adentro de la casa del rey, enfrente del aposento del rey: y estaba el rey sentado en su solio regio en el aposento real, enfrente de la puerta del aposento. 2Y fué que, como vió á la reina Esther que estaba en el patio, ella obtuvo gracia en sus ojos; y el rey extendió á Esther el cetro de oro que tenía en la mano. Entonces se llegó Esther, y tocó la punta del cetro. 3Y dijo el rey: ¿Qué tienes, reina Esther? ¿y cuál es tu petición? Hasta la mitad del reino, se te dará. 4Y Esther dijo: Si al rey place, venga hoy el rey con Amán al banquete que le he hecho. 5Y respondió el rey: Daos priesa, llamad á Amán, para hacer lo que Esther ha dicho. Vino pues el rey con Amán al banquete que Esther dispuso. 6Y dijo el rey á Esther en el banquete del vino: ¿Cuál es tu petición, y te será otorgada? ¿Cuál es tu demanda? Aunque sea la mitad del reino, te será concedida. 7Entonces respondió Esther, y dijo: Mi petición y mi demanda es: 8Si he hallado gracia en los ojos del rey, y si place al rey otorgar mi petición y hacer mi demanda, que venga el rey con Amán al banquete que les dispondré; y mañana haré conforme á lo que el rey ha mandado. 9Y salió Amán aquel día contento y alegre de corazón; pero como vió á Mardochêo á la puerta del rey, que no se levantaba ni se movía de su lugar, llenóse contra Mardochêo de ira.  10Mas refrenóse Amán, y vino á su casa, y envió, é hizo venir sus amigos, y á Zeres su mujer.  11Y refirióles Amán la gloria de sus riquezas, y la multitud de sus hijos, y todas las cosas con que el rey le había engrandecido y con que le había ensalzado sobre los príncipes y siervos del rey.  12Y añadió Amán: También la reina Esther á ninguno hizo venir con el rey al banquete que ella dispuso, sino á mí: y aun para mañana soy convidado de ella con el rey.  13Mas todo esto nada me sirve cada vez que veo al judío Mardochêo sentado á la puerta del rey.  14Y díjole Zeres su mujer, y todos sus amigos: Hagan una horca alta de cincuenta codos, y mañana di al rey que cuelguen á Mardochêo en ella; y entra con el rey al banquete alegre. Y plugo la cosa en los ojos de Amán, é hizo preparar la horca."
      },
      {
        "book_name": "Esther",
        "book": 17,
        "chapter": 5,
        "verse": 1,
        "text": "Y ACONTECIO que al tercer día se vistió Esther su vestido real, y púsose en el patio de adentro de la casa del rey, enfrente del aposento del rey: y estaba el rey sentado en su solio regio en el aposento real, enfrente de la puerta del aposento."
      },
      {
        "book_name": "Esther",
        "book": 17,
        "chapter": 5,
        "verse": 2,
        "text": "Y fué que, como vió á la reina Esther que estaba en el patio, ella obtuvo gracia en sus ojos; y el rey extendió á Esther el cetro de oro que tenía en la mano. Entonces se llegó Esther, y tocó la punta del cetro."
      },
      {
        "book_name": "Esther",
        "book": 17,
        "chapter": 5,
        "verse": 3,
        "text": "Y dijo el rey: ¿Qué tienes, reina Esther? ¿y cuál es tu petición? Hasta la mitad del reino, se te dará."
      },
      {
        "book_name": "Esther",
        "book": 17,
        "chapter": 5,
        "verse": 4,
        "text": "Y Esther dijo: Si al rey place, venga hoy el rey con Amán al banquete que le he hecho."
      },
      {
        "book_name": "Esther",
        "book": 17,
        "chapter": 5,
        "verse": 5,
        "text": "Y respondió el rey: Daos priesa, llamad á Amán, para hacer lo que Esther ha dicho. Vino pues el rey con Amán al banquete que Esther dispuso."
      },
      {
        "book_name": "Esther",
        "book": 17,
        "chapter": 5,
        "verse": 6,
        "text": "Y dijo el rey á Esther en el banquete del vino: ¿Cuál es tu petición, y te será otorgada? ¿Cuál es tu demanda? Aunque sea la mitad del reino, te será concedida."
      },
      {
        "book_name": "Esther",
        "book": 17,
        "chapter": 5,
        "verse": 7,
        "text": "Entonces respondió Esther, y dijo: Mi petición y mi demanda es:"
      },
      {
        "book_name": "Esther",
        "book": 17,
        "chapter": 5,
        "verse": 8,
        "text": "Si he hallado gracia en los ojos del rey, y si place al rey otorgar mi petición y hacer mi demanda, que venga el rey con Amán al banquete que les dispondré; y mañana haré conforme á lo que el rey ha mandado."
      },
      {
        "book_name": "Esther",
        "book": 17,
        "chapter": 5,
        "verse": 9,
        "text": "Y salió Amán aquel día contento y alegre de corazón; pero como vió á Mardochêo á la puerta del rey, que no se levantaba ni se movía de su lugar, llenóse contra Mardochêo de ira."
      },
      {
        "book_name": "Esther",
        "book": 17,
        "chapter": 5,
        "verse": 10,
        "text": "Mas refrenóse Amán, y vino á su casa, y envió, é hizo venir sus amigos, y á Zeres su mujer."
      },
      {
        "book_name": "Esther",
        "book": 17,
        "chapter": 5,
        "verse": 11,
        "text": "Y refirióles Amán la gloria de sus riquezas, y la multitud de sus hijos, y todas las cosas con que el rey le había engrandecido y con que le había ensalzado sobre los príncipes y siervos del rey."
      },
      {
        "book_name": "Esther",
        "book": 17,
        "chapter": 5,
        "verse": 12,
        "text": "Y añadió Amán: También la reina Esther á ninguno hizo venir con el rey al banquete que ella dispuso, sino á mí: y aun para mañana soy convidado de ella con el rey."
      },
      {
        "book_name": "Esther",
        "book": 17,
        "chapter": 5,
        "verse": 13,
        "text": "Mas todo esto nada me sirve cada vez que veo al judío Mardochêo sentado á la puerta del rey."
      },
      {
        "book_name": "Esther",
        "book": 17,
        "chapter": 5,
        "verse": 14,
        "text": "Y díjole Zeres su mujer, y todos sus amigos: Hagan una horca alta de cincuenta codos, y mañana di al rey que cuelguen á Mardochêo en ella; y entra con el rey al banquete alegre. Y plugo la cosa en los ojos de Amán, é hizo preparar la horca."
      }
    ],
    "6": [
      {
        "book_name": "Esther",
        "book": 17,
        "chapter": 6,
        "verse": 1,
        "text": "1AQUELLA noche se le fué el sueño al rey, y dijo que le trajesen el libro de las memorias de las cosas de los tiempos: y leyéronlas delante del rey. 2Y hallóse escrito que Mardochêo había denunciado de Bigthan y de Teres, dos eunucos del rey, de la guarda de la puerta, que habían procurado meter mano en el rey Assuero. 3Y dijo el rey: ¿Qué honra ó que distinción se hizo á Mardochêo por esto? Y respondieron los servidores del rey, sus oficiales: Nada se ha hecho con él. 4Entonces dijo el rey: ¿Quién está en el patio? Y Amán había venido al patio de afuera de la casa del rey, para decir al rey que hiciese colgar á Mardochêo en la horca que él le tenía preparada.  5Y los servidores del rey le respondieron: He aquí Amán está en el patio. Y el rey dijo: Entre.  6Entró pues Amán, y el rey le dijo: ¿Qué se hará al hombre cuya honra desea el rey? Y dijo Amán en su corazón: ¿A quién deseará el rey hacer honra más que á mí?  7Y respondió Amán al rey: Al varón cuya honra desea el rey,  8Traigan el vestido real de que el rey se viste, y el caballo en que el rey cabalga, y la corona real que está puesta en su cabeza;  9Y den el vestido y el caballo en mano de alguno de los príncipes más nobles del rey, y vistan á aquel varón cuya honra desea el rey, y llévenlo en el caballo por la plaza de la ciudad, y pregonen delante de él: Así se hará al varón cuya honra desea el rey.  10Entonces el rey dijo á Amán: Date priesa, toma el vestido y el caballo, como tú has dicho, y hazlo así con el judío Mardochêo, que se sienta á la puerta del rey; no omitas nada de todo lo que has dicho.  11Y Amán tomó el vestido y el caballo, y vistió á Mardochêo, y llevólo á caballo por la plaza de la ciudad, é hizo pregonar delante de él: Así se hará al varón cuya honra desea el rey.  12Después de esto Mardochêo se volvió á la puerta del rey, y Amán se fué corriendo á su casa, apesadumbrado y cubierta su cabeza.  13Contó luego Amán á Zeres su mujer, y á todos sus amigos, todo lo que le había acontecido: y dijéronle sus sabios, y Zeres su mujer: Si de la simiente de los Judíos es el Mardochêo, delante de quien has comenzado á caer, no lo vencerás; antes caerás por cierto delante de él.  14Aun estaban ellos hablando con él, cuando los eunucos del rey llegaron apresurados, para hacer venir á Amán al banquete que Esther había dispuesto."
      },
      {
        "book_name": "Esther",
        "book": 17,
        "chapter": 6,
        "verse": 1,
        "text": "AQUELLA noche se le fué el sueño al rey, y dijo que le trajesen el libro de las memorias de las cosas de los tiempos: y leyéronlas delante del rey."
      },
      {
        "book_name": "Esther",
        "book": 17,
        "chapter": 6,
        "verse": 2,
        "text": "Y hallóse escrito que Mardochêo había denunciado de Bigthan y de Teres, dos eunucos del rey, de la guarda de la puerta, que habían procurado meter mano en el rey Assuero."
      },
      {
        "book_name": "Esther",
        "book": 17,
        "chapter": 6,
        "verse": 3,
        "text": "Y dijo el rey: ¿Qué honra ó que distinción se hizo á Mardochêo por esto? Y respondieron los servidores del rey, sus oficiales: Nada se ha hecho con él."
      },
      {
        "book_name": "Esther",
        "book": 17,
        "chapter": 6,
        "verse": 4,
        "text": "Entonces dijo el rey: ¿Quién está en el patio? Y Amán había venido al patio de afuera de la casa del rey, para decir al rey que hiciese colgar á Mardochêo en la horca que él le tenía preparada."
      },
      {
        "book_name": "Esther",
        "book": 17,
        "chapter": 6,
        "verse": 5,
        "text": "Y los servidores del rey le respondieron: He aquí Amán está en el patio. Y el rey dijo: Entre."
      },
      {
        "book_name": "Esther",
        "book": 17,
        "chapter": 6,
        "verse": 6,
        "text": "Entró pues Amán, y el rey le dijo: ¿Qué se hará al hombre cuya honra desea el rey? Y dijo Amán en su corazón: ¿A quién deseará el rey hacer honra más que á mí?"
      },
      {
        "book_name": "Esther",
        "book": 17,
        "chapter": 6,
        "verse": 7,
        "text": "Y respondió Amán al rey: Al varón cuya honra desea el rey,"
      },
      {
        "book_name": "Esther",
        "book": 17,
        "chapter": 6,
        "verse": 8,
        "text": "Traigan el vestido real de que el rey se viste, y el caballo en que el rey cabalga, y la corona real que está puesta en su cabeza;"
      },
      {
        "book_name": "Esther",
        "book": 17,
        "chapter": 6,
        "verse": 9,
        "text": "Y den el vestido y el caballo en mano de alguno de los príncipes más nobles del rey, y vistan á aquel varón cuya honra desea el rey, y llévenlo en el caballo por la plaza de la ciudad, y pregonen delante de él: Así se hará al varón cuya honra desea el rey."
      },
      {
        "book_name": "Esther",
        "book": 17,
        "chapter": 6,
        "verse": 10,
        "text": "Entonces el rey dijo á Amán: Date priesa, toma el vestido y el caballo, como tú has dicho, y hazlo así con el judío Mardochêo, que se sienta á la puerta del rey; no omitas nada de todo lo que has dicho."
      },
      {
        "book_name": "Esther",
        "book": 17,
        "chapter": 6,
        "verse": 11,
        "text": "Y Amán tomó el vestido y el caballo, y vistió á Mardochêo, y llevólo á caballo por la plaza de la ciudad, é hizo pregonar delante de él: Así se hará al varón cuya honra desea el rey."
      },
      {
        "book_name": "Esther",
        "book": 17,
        "chapter": 6,
        "verse": 12,
        "text": "Después de esto Mardochêo se volvió á la puerta del rey, y Amán se fué corriendo á su casa, apesadumbrado y cubierta su cabeza."
      },
      {
        "book_name": "Esther",
        "book": 17,
        "chapter": 6,
        "verse": 13,
        "text": "Contó luego Amán á Zeres su mujer, y á todos sus amigos, todo lo que le había acontecido: y dijéronle sus sabios, y Zeres su mujer: Si de la simiente de los Judíos es el Mardochêo, delante de quien has comenzado á caer, no lo vencerás; antes caerás por cierto delante de él."
      },
      {
        "book_name": "Esther",
        "book": 17,
        "chapter": 6,
        "verse": 14,
        "text": "Aun estaban ellos hablando con él, cuando los eunucos del rey llegaron apresurados, para hacer venir á Amán al banquete que Esther había dispuesto."
      }
    ],
    "7": [
      {
        "book_name": "Esther",
        "book": 17,
        "chapter": 7,
        "verse": 1,
        "text": "1VINO pues el rey con Amán á beber con la reina Esther. 2Y también el segundo día dijo el rey á Esther en el convite del vino: ¿Cuál es tu petición, reina Esther, y se te concederá? ¿Cuál es pues tu demanda? Aunque sea la mitad del reino, pondráse por obra. 3Entonces la reina Esther respondió y dijo: Oh rey, si he hallado gracia en tus ojos, y si al rey place, séame dada mi vida por mi petición, y mi pueblo por mi demanda. 4Porque vendidos estamos yo y mi pueblo, para ser destruídos, para ser muertos y exterminados. Y si para siervos y siervas fuéramos vendidos, callárame, bien que el enemigo no compensara el daño del rey. 5Y respondió el rey Assuero, y dijo á la reina Esther: ¿Quién es, y dónde está, aquél á quien ha henchido su corazón para obrar así? 6Y Esther dijo: El enemigo y adversario es este malvado Amán. Entonces se turbó Amán delante del rey y de la reina. 7Levantóse luego el rey del banquete del vino en su furor, y se fué al huerto del palacio: y quedóse Amán para procurar de la reina Esther por su vida; porque vió que estaba resuelto para él el mal de parte del rey.  8Volvió después el rey del huerto del palacio al aposento del banquete del vino, y Amán había caído sobre el lecho en que estaba Esther. Entonces dijo el rey: ¿También para forzar la reina, estando conmigo en casa? Como esta palabra salió de la boca del rey, el rostro de Amán fué cubierto.  9Y dijo Harbona, uno de los eunucos de delante del rey: He aquí también la horca de cincuenta codos de altura que hizo Amán para Mardochêo, el cual había hablado bien por el rey, está en casa de Amán. Entonces el rey dijo: Colgadlo en ella.  10Así colgaron á Amán en la horca que él había hecho aparejar para Mardochêo; y apaciguóse la ira del rey."
      },
      {
        "book_name": "Esther",
        "book": 17,
        "chapter": 7,
        "verse": 1,
        "text": "VINO pues el rey con Amán á beber con la reina Esther."
      },
      {
        "book_name": "Esther",
        "book": 17,
        "chapter": 7,
        "verse": 2,
        "text": "Y también el segundo día dijo el rey á Esther en el convite del vino: ¿Cuál es tu petición, reina Esther, y se te concederá? ¿Cuál es pues tu demanda? Aunque sea la mitad del reino, pondráse por obra."
      },
      {
        "book_name": "Esther",
        "book": 17,
        "chapter": 7,
        "verse": 3,
        "text": "Entonces la reina Esther respondió y dijo: Oh rey, si he hallado gracia en tus ojos, y si al rey place, séame dada mi vida por mi petición, y mi pueblo por mi demanda."
      },
      {
        "book_name": "Esther",
        "book": 17,
        "chapter": 7,
        "verse": 4,
        "text": "Porque vendidos estamos yo y mi pueblo, para ser destruídos, para ser muertos y exterminados. Y si para siervos y siervas fuéramos vendidos, callárame, bien que el enemigo no compensara el daño del rey."
      },
      {
        "book_name": "Esther",
        "book": 17,
        "chapter": 7,
        "verse": 5,
        "text": "Y respondió el rey Assuero, y dijo á la reina Esther: ¿Quién es, y dónde está, aquél á quien ha henchido su corazón para obrar así?"
      },
      {
        "book_name": "Esther",
        "book": 17,
        "chapter": 7,
        "verse": 6,
        "text": "Y Esther dijo: El enemigo y adversario es este malvado Amán. Entonces se turbó Amán delante del rey y de la reina."
      },
      {
        "book_name": "Esther",
        "book": 17,
        "chapter": 7,
        "verse": 7,
        "text": "Levantóse luego el rey del banquete del vino en su furor, y se fué al huerto del palacio: y quedóse Amán para procurar de la reina Esther por su vida; porque vió que estaba resuelto para él el mal de parte del rey."
      },
      {
        "book_name": "Esther",
        "book": 17,
        "chapter": 7,
        "verse": 8,
        "text": "Volvió después el rey del huerto del palacio al aposento del banquete del vino, y Amán había caído sobre el lecho en que estaba Esther. Entonces dijo el rey: ¿También para forzar la reina, estando conmigo en casa? Como esta palabra salió de la boca del rey, el rostro de Amán fué cubierto."
      },
      {
        "book_name": "Esther",
        "book": 17,
        "chapter": 7,
        "verse": 9,
        "text": "Y dijo Harbona, uno de los eunucos de delante del rey: He aquí también la horca de cincuenta codos de altura que hizo Amán para Mardochêo, el cual había hablado bien por el rey, está en casa de Amán. Entonces el rey dijo: Colgadlo en ella."
      },
      {
        "book_name": "Esther",
        "book": 17,
        "chapter": 7,
        "verse": 10,
        "text": "Así colgaron á Amán en la horca que él había hecho aparejar para Mardochêo; y apaciguóse la ira del rey."
      }
    ],
    "8": [
      {
        "book_name": "Esther",
        "book": 17,
        "chapter": 8,
        "verse": 1,
        "text": "1EL MISMO día dió el rey Assuero á la reina Esther la casa de Amán enemigo de los Judíos; y Mardochêo vino delante del rey, porque Esther le declaró lo que era respecto de ella. 2Y quitóse el rey su anillo que había vuelto á tomar de Aman, y diólo á Mardochêo. Y Esther puso á Mardochêo sobre la casa de Amán. 3Volvió luego Esther á hablar delante del rey, y echóse á sus pies, llorando y rogándole que hiciese nula la maldad de Amán Agageo, y su designio que había formado contra los Judíos.  4Entonces extendió el rey á Esther el cetro de oro, y Esther se levantó, y púsose en pie delante del rey.  5Y dijo: Si place al rey, y si he hallado gracia delante de el, y si la cosa es recta delante del rey, y agradable yo en sus ojos, sea escrito para revocar las letras del designio de Amán hijo de Amadatha Agageo, que escribió para destruir á los Judíos que están en todas las provincias del rey.  6Porque ¿cómo podré yo ver el mal que alcanzará á mi pueblo? ¿cómo podré yo ver la destrucción de mi nación?  7Y respondió el rey Assuero á la reina Esther, y á Mardochêo Judío: He aquí yo he dado á Esther la casa de Amán, y á él han colgado en la horca, por cuanto extendió su mano contra los Judíos.  8Escribid pues vosotros á los Judíos como bien os pareciere en el nombre del rey, y sellad lo con el anillo del rey; porque la escritura que se sella con el anillo del rey, no es para revocarla.  9Entonces fueron llamados los escribanos del rey en el mes tercero, que es Siván, á veintitrés del mismo; y escribióse conforme á todo lo que mandó Mardochêo, á los Judíos, y á los sátrapas, y á los capitanes, y á los príncipes de las provincias que había desde la India hasta la Ethiopía, ciento veintisiete provincias; á cada provincia según su escribir, y á cada pueblo conforme á su lengua, á los Judíos también conforme á su escritura y lengua.  10Y escribió en nombre del rey Assuero, y selló con el anillo del rey, y envió letras por correos de á caballo, montados en dromedarios, y en mulos hijos de yeguas;  11Con intimación de que el rey concedía á los Judíos que estaban en todas la ciudades, que se juntasen y estuviesen á la defensa de su vida, prontos á destruir, y matar, y acabar con todo ejército de pueblo o provincia que viniese contra ellos, aun niños y mujeres, y su despojo para presa,  12En un mismo día en todas las provincias del rey Assuero, en el trece del mes duodécimo, que es el mes de Adar.  13La copia de la escritura que había de darse por ordenanza en cada provincia, para que fuese manifiesta á todos los pueblos, decía que los Judíos estuviesen apercibidos para aquel día, para vengarse de sus enemigos.  14Los correos pues, cabalgando en dromedarios y en mulos, salieron apresurados y constreñidos por el mandamiento del rey: y la ley fué dada en Susán capital del reino.  15Y salió Mardochêo de delante del rey con vestido real de cárdeno y blanco, y una gran corona de oro, y un manto de lino y púrpura: y la ciudad de Susán se alegró y regocijó.  16Los Judíos tuvieron luz y alegría, y gozo y honra.  17Y en cada provincia y en cada ciudad donde llegó el mandamiento del rey, los Judíos tuvieron alegría y gozo, banquete y día de placer. Y muchos de los pueblos de la tierra se hacían Judíos, porque el temor de los Judíos había caído sobre ellos."
      },
      {
        "book_name": "Esther",
        "book": 17,
        "chapter": 8,
        "verse": 1,
        "text": "EL MISMO día dió el rey Assuero á la reina Esther la casa de Amán enemigo de los Judíos; y Mardochêo vino delante del rey, porque Esther le declaró lo que era respecto de ella."
      },
      {
        "book_name": "Esther",
        "book": 17,
        "chapter": 8,
        "verse": 2,
        "text": "Y quitóse el rey su anillo que había vuelto á tomar de Aman, y diólo á Mardochêo. Y Esther puso á Mardochêo sobre la casa de Amán."
      },
      {
        "book_name": "Esther",
        "book": 17,
        "chapter": 8,
        "verse": 3,
        "text": "Volvió luego Esther á hablar delante del rey, y echóse á sus pies, llorando y rogándole que hiciese nula la maldad de Amán Agageo, y su designio que había formado contra los Judíos."
      },
      {
        "book_name": "Esther",
        "book": 17,
        "chapter": 8,
        "verse": 4,
        "text": "Entonces extendió el rey á Esther el cetro de oro, y Esther se levantó, y púsose en pie delante del rey."
      },
      {
        "book_name": "Esther",
        "book": 17,
        "chapter": 8,
        "verse": 5,
        "text": "Y dijo: Si place al rey, y si he hallado gracia delante de el, y si la cosa es recta delante del rey, y agradable yo en sus ojos, sea escrito para revocar las letras del designio de Amán hijo de Amadatha Agageo, que escribió para destruir á los Judíos que están en todas las provincias del rey."
      },
      {
        "book_name": "Esther",
        "book": 17,
        "chapter": 8,
        "verse": 6,
        "text": "Porque ¿cómo podré yo ver el mal que alcanzará á mi pueblo? ¿cómo podré yo ver la destrucción de mi nación?"
      },
      {
        "book_name": "Esther",
        "book": 17,
        "chapter": 8,
        "verse": 7,
        "text": "Y respondió el rey Assuero á la reina Esther, y á Mardochêo Judío: He aquí yo he dado á Esther la casa de Amán, y á él han colgado en la horca, por cuanto extendió su mano contra los Judíos."
      },
      {
        "book_name": "Esther",
        "book": 17,
        "chapter": 8,
        "verse": 8,
        "text": "Escribid pues vosotros á los Judíos como bien os pareciere en el nombre del rey, y sellad lo con el anillo del rey; porque la escritura que se sella con el anillo del rey, no es para revocarla."
      },
      {
        "book_name": "Esther",
        "book": 17,
        "chapter": 8,
        "verse": 9,
        "text": "Entonces fueron llamados los escribanos del rey en el mes tercero, que es Siván, á veintitrés del mismo; y escribióse conforme á todo lo que mandó Mardochêo, á los Judíos, y á los sátrapas, y á los capitanes, y á los príncipes de las provincias que había desde la India hasta la Ethiopía, ciento veintisiete provincias; á cada provincia según su escribir, y á cada pueblo conforme á su lengua, á los Judíos también conforme á su escritura y lengua."
      },
      {
        "book_name": "Esther",
        "book": 17,
        "chapter": 8,
        "verse": 10,
        "text": "Y escribió en nombre del rey Assuero, y selló con el anillo del rey, y envió letras por correos de á caballo, montados en dromedarios, y en mulos hijos de yeguas;"
      },
      {
        "book_name": "Esther",
        "book": 17,
        "chapter": 8,
        "verse": 11,
        "text": "Con intimación de que el rey concedía á los Judíos que estaban en todas la ciudades, que se juntasen y estuviesen á la defensa de su vida, prontos á destruir, y matar, y acabar con todo ejército de pueblo o provincia que viniese contra ellos, aun niños y mujeres, y su despojo para presa,"
      },
      {
        "book_name": "Esther",
        "book": 17,
        "chapter": 8,
        "verse": 12,
        "text": "En un mismo día en todas las provincias del rey Assuero, en el trece del mes duodécimo, que es el mes de Adar."
      },
      {
        "book_name": "Esther",
        "book": 17,
        "chapter": 8,
        "verse": 13,
        "text": "La copia de la escritura que había de darse por ordenanza en cada provincia, para que fuese manifiesta á todos los pueblos, decía que los Judíos estuviesen apercibidos para aquel día, para vengarse de sus enemigos."
      },
      {
        "book_name": "Esther",
        "book": 17,
        "chapter": 8,
        "verse": 14,
        "text": "Los correos pues, cabalgando en dromedarios y en mulos, salieron apresurados y constreñidos por el mandamiento del rey: y la ley fué dada en Susán capital del reino."
      },
      {
        "book_name": "Esther",
        "book": 17,
        "chapter": 8,
        "verse": 15,
        "text": "Y salió Mardochêo de delante del rey con vestido real de cárdeno y blanco, y una gran corona de oro, y un manto de lino y púrpura: y la ciudad de Susán se alegró y regocijó."
      },
      {
        "book_name": "Esther",
        "book": 17,
        "chapter": 8,
        "verse": 16,
        "text": "Los Judíos tuvieron luz y alegría, y gozo y honra."
      },
      {
        "book_name": "Esther",
        "book": 17,
        "chapter": 8,
        "verse": 17,
        "text": "Y en cada provincia y en cada ciudad donde llegó el mandamiento del rey, los Judíos tuvieron alegría y gozo, banquete y día de placer. Y muchos de los pueblos de la tierra se hacían Judíos, porque el temor de los Judíos había caído sobre ellos."
      }
    ],
    "9": [
      {
        "book_name": "Esther",
        "book": 17,
        "chapter": 9,
        "verse": 1,
        "text": "1Y EN el mes duodécimo y que es el mes de Adar, á trece del mismo, en el que tocaba se ejecutase el mandamiento del rey y su ley, el mismo día en que esperaban los enemigos de los Judíos enseñorearse de ellos, fué lo contrario; porque los Judíos se enseñorearon de los que los aborrecían. 2Los Judíos se juntaron en sus ciudades en todas las provincias del rey Assuero, para meter mano sobre los que habían procurado su mal: y nadie se puso delante de ellos, porque el temor de ellos había caído sobre todos los pueblos. 3Y todos los príncipes de las provincias, y los virreyes, y capitanes, y oficiales del rey, ensalzaban á los Judíos; porque el temor de Mardochêo había caído sobre ellos. 4Porque Mardochêo era grande en la casa del rey, y su fama iba por todas las provincias; pues el varón Mardochêo iba engrandeciéndose. 5E hirieron los Judíos á todos sus enemigos con plaga de espada, y de mortandad, y de perdición; é hicieron en sus enemigos á su voluntad. 6Y en Susán capital del reino, mataron y destruyeron los Judíos á quinientos hombres. 7Mataron entonces á Phorsandatha, y á Dalphón, y á Asphatha, 8Y á Phoratha y á Ahalía, y á Aridatha, 9Y á Pharmastha, y á Arisai, y á Aridai, y á Vaizatha, 10Diez hijos de Amán hijo de Amadatha, enemigo de los Judíos: mas en la presa no metieron su mano. 11El mismo día vino la cuenta de los muertos en Susán residencia regia, delante del rey. 12Y dijo el rey á la reina Esther: En Susán, capital del reino, han muerto los Judíos y destruído quinientos hombres, y á diez hijos de Amán; ¿qué habrán hecho en las otras provincias del rey? ¿Cuál pues es tu petición, y te será concedida? ¿ó qué más es tu demanda, y será hecho? 13Y respondió Esther: Si place al rey, concedase también mañana á los Judíos en Susán, que hagan conforme á la ley de hoy; y que cuelguen en la horca á los diez hijos de Amán. 14Y mandó el rey que se hiciese así: y dióse la orden en Susán, y colgaron á los diez hijos de Amán. 15Y los Judíos que estaban en Susán, se juntaron también el catorce del mes de Adar, y mataron en Susán trescientos hombres: mas en la presa no metieron su mano. 16En cuanto á los otros Judíos que estaban en las provincias del rey, también se juntaron y pusiéronse en defensa de su vida, y tuvieron reposo de sus enemigos, y mataron de sus contrarios setenta y cinco mil; mas en la presa no metieron su mano. 17En el día trece del mes de Adar fué esto; y reposaron en el día catorce del mismo, é hiciéronlo día de banquete y de alegría. 18Mas los Judíos que estaban en Susán se juntaron en el trece y en el catorce del mismo mes; y al quince del mismo reposaron, é hicieron aquel día día de banquete y de regocijo. 19Por tanto los Judíos aldeanos que habitan en las villas sin muro, hacen á los catorce del mes de Adar el día de alegría y de banquete, y buen día, y de enviar porciones cada uno á su vecino. 20Y escribió Mardochêo estas cosas, y envió letras á todos los Judíos que estaban en todas las provincias del rey Assuero, cercanos y distantes,  21Ordenándoles que celebrasen el día décimocuarto del mes de Adar, y el décimoquinto del mismo, cada un año.  22Como días en que los Judíos tuvieron reposo de sus enemigos, y el mes que se les tornó de tristeza en alegría, y de luto en día bueno; que los hiciesen días de banquete y de gozo, y de enviar porciones cada uno á su vecino, y dádivas á los pobres.  23Y los Judíos aceptaron hacer, según habían comenzado, lo que les escribió Mardochêo.  24Porque Amán hijo de Amadatha, Agageo, enemigo de todos los Judíos, había ideado contra los Judíos para destruirlos, y echó Pur, que quiere decir suerte, para consumirlos y acabar con ellos.  25Mas como Esther vino á la presencia del rey, él intimó por carta: El perverso designio que aquél trazó contra los Judíos, recaiga sobre su cabeza; y cuélguenlo á él y á sus hijos en la horca.  26Por esto llamaron á estos días Purim, del nombre Pur. Por todas las palabras pues de esta carta, y por lo que ellos vieron sobre esto, y lo que llegó á su noticia,  27Establecieron y tomaron los Judíos sobre sí, y sobre su simiente, y sobre todos los allegados á ellos, y no será traspasado, el celebrar estos dos días según está escrito en orden á ellos, y conforme á su tiempo cada un año;  28Y que estos dos días serían en memoria, y celebrados en todas las naciones, y familias, y provincias, y ciudades. Estos días de Purim no pasarán de entre los Judíos, y la memoria de ellos no cesará de su simiente.  29Y la reina Esther hija de Abihail, y Mardochêo Judío, escribieron con toda eficacia, para confirmar esta segunda carta de Purim.  30Y envió Mardochêo letras á todos los Judíos, á las ciento veintisiete provincias del rey Assuero, con palabras de paz y de verdad,  31Para confirmar estos días de Purim en sus tiempos señalados, según les había constituído Mardochêo Judío y la reina Esther, y como habían ellos tomado sobre sí y sobre su simiente, para conmemorar el fin de los ayunos y de su clamor.  32Y el mandamiento de Esther confirmó estas palabras dadas acerca de Purim, y escribióse en el libro."
      },
      {
        "book_name": "Esther",
        "book": 17,
        "chapter": 9,
        "verse": 1,
        "text": "Y EN el mes duodécimo y que es el mes de Adar, á trece del mismo, en el que tocaba se ejecutase el mandamiento del rey y su ley, el mismo día en que esperaban los enemigos de los Judíos enseñorearse de ellos, fué lo contrario; porque los Judíos se enseñorearon de los que los aborrecían."
      },
      {
        "book_name": "Esther",
        "book": 17,
        "chapter": 9,
        "verse": 2,
        "text": "Los Judíos se juntaron en sus ciudades en todas las provincias del rey Assuero, para meter mano sobre los que habían procurado su mal: y nadie se puso delante de ellos, porque el temor de ellos había caído sobre todos los pueblos."
      },
      {
        "book_name": "Esther",
        "book": 17,
        "chapter": 9,
        "verse": 3,
        "text": "Y todos los príncipes de las provincias, y los virreyes, y capitanes, y oficiales del rey, ensalzaban á los Judíos; porque el temor de Mardochêo había caído sobre ellos."
      },
      {
        "book_name": "Esther",
        "book": 17,
        "chapter": 9,
        "verse": 4,
        "text": "Porque Mardochêo era grande en la casa del rey, y su fama iba por todas las provincias; pues el varón Mardochêo iba engrandeciéndose."
      },
      {
        "book_name": "Esther",
        "book": 17,
        "chapter": 9,
        "verse": 5,
        "text": "E hirieron los Judíos á todos sus enemigos con plaga de espada, y de mortandad, y de perdición; é hicieron en sus enemigos á su voluntad."
      },
      {
        "book_name": "Esther",
        "book": 17,
        "chapter": 9,
        "verse": 6,
        "text": "Y en Susán capital del reino, mataron y destruyeron los Judíos á quinientos hombres."
      },
      {
        "book_name": "Esther",
        "book": 17,
        "chapter": 9,
        "verse": 7,
        "text": "Mataron entonces á Phorsandatha, y á Dalphón, y á Asphatha,"
      },
      {
        "book_name": "Esther",
        "book": 17,
        "chapter": 9,
        "verse": 8,
        "text": "Y á Phoratha y á Ahalía, y á Aridatha,"
      },
      {
        "book_name": "Esther",
        "book": 17,
        "chapter": 9,
        "verse": 9,
        "text": "Y á Pharmastha, y á Arisai, y á Aridai, y á Vaizatha,"
      },
      {
        "book_name": "Esther",
        "book": 17,
        "chapter": 9,
        "verse": 10,
        "text": "Diez hijos de Amán hijo de Amadatha, enemigo de los Judíos: mas en la presa no metieron su mano."
      },
      {
        "book_name": "Esther",
        "book": 17,
        "chapter": 9,
        "verse": 11,
        "text": "El mismo día vino la cuenta de los muertos en Susán residencia regia, delante del rey."
      },
      {
        "book_name": "Esther",
        "book": 17,
        "chapter": 9,
        "verse": 12,
        "text": "Y dijo el rey á la reina Esther: En Susán, capital del reino, han muerto los Judíos y destruído quinientos hombres, y á diez hijos de Amán; ¿qué habrán hecho en las otras provincias del rey? ¿Cuál pues es tu petición, y te será concedida? ¿ó qué más es tu demanda, y será hecho?"
      },
      {
        "book_name": "Esther",
        "book": 17,
        "chapter": 9,
        "verse": 13,
        "text": "Y respondió Esther: Si place al rey, concedase también mañana á los Judíos en Susán, que hagan conforme á la ley de hoy; y que cuelguen en la horca á los diez hijos de Amán."
      },
      {
        "book_name": "Esther",
        "book": 17,
        "chapter": 9,
        "verse": 14,
        "text": "Y mandó el rey que se hiciese así: y dióse la orden en Susán, y colgaron á los diez hijos de Amán."
      },
      {
        "book_name": "Esther",
        "book": 17,
        "chapter": 9,
        "verse": 15,
        "text": "Y los Judíos que estaban en Susán, se juntaron también el catorce del mes de Adar, y mataron en Susán trescientos hombres: mas en la presa no metieron su mano."
      },
      {
        "book_name": "Esther",
        "book": 17,
        "chapter": 9,
        "verse": 16,
        "text": "En cuanto á los otros Judíos que estaban en las provincias del rey, también se juntaron y pusiéronse en defensa de su vida, y tuvieron reposo de sus enemigos, y mataron de sus contrarios setenta y cinco mil; mas en la presa no metieron su mano."
      },
      {
        "book_name": "Esther",
        "book": 17,
        "chapter": 9,
        "verse": 17,
        "text": "En el día trece del mes de Adar fué esto; y reposaron en el día catorce del mismo, é hiciéronlo día de banquete y de alegría."
      },
      {
        "book_name": "Esther",
        "book": 17,
        "chapter": 9,
        "verse": 18,
        "text": "Mas los Judíos que estaban en Susán se juntaron en el trece y en el catorce del mismo mes; y al quince del mismo reposaron, é hicieron aquel día día de banquete y de regocijo."
      },
      {
        "book_name": "Esther",
        "book": 17,
        "chapter": 9,
        "verse": 19,
        "text": "Por tanto los Judíos aldeanos que habitan en las villas sin muro, hacen á los catorce del mes de Adar el día de alegría y de banquete, y buen día, y de enviar porciones cada uno á su vecino."
      },
      {
        "book_name": "Esther",
        "book": 17,
        "chapter": 9,
        "verse": 20,
        "text": "Y escribió Mardochêo estas cosas, y envió letras á todos los Judíos que estaban en todas las provincias del rey Assuero, cercanos y distantes,"
      },
      {
        "book_name": "Esther",
        "book": 17,
        "chapter": 9,
        "verse": 21,
        "text": "Ordenándoles que celebrasen el día décimocuarto del mes de Adar, y el décimoquinto del mismo, cada un año."
      },
      {
        "book_name": "Esther",
        "book": 17,
        "chapter": 9,
        "verse": 22,
        "text": "Como días en que los Judíos tuvieron reposo de sus enemigos, y el mes que se les tornó de tristeza en alegría, y de luto en día bueno; que los hiciesen días de banquete y de gozo, y de enviar porciones cada uno á su vecino, y dádivas á los pobres."
      },
      {
        "book_name": "Esther",
        "book": 17,
        "chapter": 9,
        "verse": 23,
        "text": "Y los Judíos aceptaron hacer, según habían comenzado, lo que les escribió Mardochêo."
      },
      {
        "book_name": "Esther",
        "book": 17,
        "chapter": 9,
        "verse": 24,
        "text": "Porque Amán hijo de Amadatha, Agageo, enemigo de todos los Judíos, había ideado contra los Judíos para destruirlos, y echó Pur, que quiere decir suerte, para consumirlos y acabar con ellos."
      },
      {
        "book_name": "Esther",
        "book": 17,
        "chapter": 9,
        "verse": 25,
        "text": "Mas como Esther vino á la presencia del rey, él intimó por carta: El perverso designio que aquél trazó contra los Judíos, recaiga sobre su cabeza; y cuélguenlo á él y á sus hijos en la horca."
      },
      {
        "book_name": "Esther",
        "book": 17,
        "chapter": 9,
        "verse": 26,
        "text": "Por esto llamaron á estos días Purim, del nombre Pur. Por todas las palabras pues de esta carta, y por lo que ellos vieron sobre esto, y lo que llegó á su noticia,"
      },
      {
        "book_name": "Esther",
        "book": 17,
        "chapter": 9,
        "verse": 27,
        "text": "Establecieron y tomaron los Judíos sobre sí, y sobre su simiente, y sobre todos los allegados á ellos, y no será traspasado, el celebrar estos dos días según está escrito en orden á ellos, y conforme á su tiempo cada un año;"
      },
      {
        "book_name": "Esther",
        "book": 17,
        "chapter": 9,
        "verse": 28,
        "text": "Y que estos dos días serían en memoria, y celebrados en todas las naciones, y familias, y provincias, y ciudades. Estos días de Purim no pasarán de entre los Judíos, y la memoria de ellos no cesará de su simiente."
      },
      {
        "book_name": "Esther",
        "book": 17,
        "chapter": 9,
        "verse": 29,
        "text": "Y la reina Esther hija de Abihail, y Mardochêo Judío, escribieron con toda eficacia, para confirmar esta segunda carta de Purim."
      },
      {
        "book_name": "Esther",
        "book": 17,
        "chapter": 9,
        "verse": 30,
        "text": "Y envió Mardochêo letras á todos los Judíos, á las ciento veintisiete provincias del rey Assuero, con palabras de paz y de verdad,"
      },
      {
        "book_name": "Esther",
        "book": 17,
        "chapter": 9,
        "verse": 31,
        "text": "Para confirmar estos días de Purim en sus tiempos señalados, según les había constituído Mardochêo Judío y la reina Esther, y como habían ellos tomado sobre sí y sobre su simiente, para conmemorar el fin de los ayunos y de su clamor."
      },
      {
        "book_name": "Esther",
        "book": 17,
        "chapter": 9,
        "verse": 32,
        "text": "Y el mandamiento de Esther confirmó estas palabras dadas acerca de Purim, y escribióse en el libro."
      }
    ],
    "10": [
      {
        "book_name": "Esther",
        "book": 17,
        "chapter": 10,
        "verse": 1,
        "text": "1Y EL rey Assuero impuso tributo sobre la tierra y las islas de la mar. 2Y toda la obra de su fortaleza, y de su valor, y la declaración de la grandeza de Mardochêo, con que el rey le engrandeció, ¿no está escrito en el libro de los anales de los reyes de Media y de Persia? 3Porque Mardochêo Judío fué segundo después del rey Assuero, y grande entre los Judíos, y acepto á la multitud de sus hermanos, procurando el bien de su pueblo, y hablando paz para toda su simiente."
      },
      {
        "book_name": "Esther",
        "book": 17,
        "chapter": 10,
        "verse": 1,
        "text": "Y EL rey Assuero impuso tributo sobre la tierra y las islas de la mar."
      },
      {
        "book_name": "Esther",
        "book": 17,
        "chapter": 10,
        "verse": 2,
        "text": "Y toda la obra de su fortaleza, y de su valor, y la declaración de la grandeza de Mardochêo, con que el rey le engrandeció, ¿no está escrito en el libro de los anales de los reyes de Media y de Persia?"
      },
      {
        "book_name": "Esther",
        "book": 17,
        "chapter": 10,
        "verse": 3,
        "text": "Porque Mardochêo Judío fué segundo después del rey Assuero, y grande entre los Judíos, y acepto á la multitud de sus hermanos, procurando el bien de su pueblo, y hablando paz para toda su simiente."
      }
    ]
  }
}