{
  "source": "bible.com",
  "version": "Reina Valera (1602)",
  "book": "Galaten",
  "chapters": {
    "1": [
      {
        "book_name": "Galaten",
        "book": 48,
        "chapter": 1,
        "verse": 1,
        "text": "1PABLO, apóstol, (no de los hombres ni por hombre, mas por Jesucristo y por Dios el Padre, que lo resucitó de los muertos), 2Y todos los hermanos que están conmigo, á las iglesias de Galacia: 3Gracia sea á vosotros, y paz de Dios el Padre, y de nuestro Señor Jesucristo, 4El cual se dió á sí mismo por nuestros pecados para librarnos de este presente siglo malo, conforme á la voluntad de Dios y Padre nuestro; 5Al cual sea la gloria por siglos de siglos. Amén. 6Estoy maravillado de que tan pronto os hayáis traspasado del que os llamó á la gracia de Cristo, á otro evangelio:  7No que hay otro, sino que hay algunos que os inquietan, y quieren pervertir el evangelio de Cristo.  8Mas aun si nosotros ó un ángel del cielo os anunciare otro evangelio del que os hemos anunciado, sea anatema.  9Como antes hemos dicho, también ahora decimos otra vez: Si alguno os anunciare otro evangelio del que habéis recibido, sea anatema.  10Porque, ¿persuado yo ahora á hombres ó á Dios? ¿ó busco de agradar á hombres? Cierto, que si todavía agradara á los hombres, no sería siervo de Cristo.  11Mas os hago saber, hermanos, que el evangelio que ha sido anunciado por mí, no es según hombre;  12Pues ni yo lo recibí, ni lo aprendí de hombre, sino por revelación de Jesucristo.  13Porque ya habéis oído acerca de mi conducta otro tiempo en el Judaismo, que perseguía sobremanera la iglesia de Dios, y la destruía;  14Y aprovechaba en el Judaismo sobre muchos de mis iguales en mi nación, siendo muy más celador que todos de las tradiciones de mis padres.  15Mas cuando plugo á Dios, que me apartó desde el vientre de mi madre, y me llamó por su gracia,  16Revelar á su Hijo en mí, para que le predicase entre los Gentiles, luego no conferí con carne y sangre;  17Ni fuí á Jerusalem á los que eran apóstoles antes que yo; sino que me fuí á la Arabia, y volví de nuevo á Damasco.  18Depués, pasados tres años, fuí á Jerusalem á ver á Pedro, y estuve con él quince días.  19Mas á ningún otro de los apóstoles vi, sino á Jacobo el hermano del Señor.  20Y en esto que os escribo, he aquí delante de Dios, no miento.  21Después fuí á las partes de Siria y de Cilicia;  22Y no era conocido de vista á las iglesias de Judea, que eran en Cristo;  23Solamente habían oído decir: Aquel que en otro tiempo nos perseguía, ahora anuncia la fe que en otro tiempo destruía.  24Y glorificaban á Dios en mí."
      },
      {
        "book_name": "Galaten",
        "book": 48,
        "chapter": 1,
        "verse": 1,
        "text": "PABLO, apóstol, (no de los hombres ni por hombre, mas por Jesucristo y por Dios el Padre, que lo resucitó de los muertos),"
      },
      {
        "book_name": "Galaten",
        "book": 48,
        "chapter": 1,
        "verse": 2,
        "text": "Y todos los hermanos que están conmigo, á las iglesias de Galacia:"
      },
      {
        "book_name": "Galaten",
        "book": 48,
        "chapter": 1,
        "verse": 3,
        "text": "Gracia sea á vosotros, y paz de Dios el Padre, y de nuestro Señor Jesucristo,"
      },
      {
        "book_name": "Galaten",
        "book": 48,
        "chapter": 1,
        "verse": 4,
        "text": "El cual se dió á sí mismo por nuestros pecados para librarnos de este presente siglo malo, conforme á la voluntad de Dios y Padre nuestro;"
      },
      {
        "book_name": "Galaten",
        "book": 48,
        "chapter": 1,
        "verse": 5,
        "text": "Al cual sea la gloria por siglos de siglos. Amén."
      },
      {
        "book_name": "Galaten",
        "book": 48,
        "chapter": 1,
        "verse": 6,
        "text": "Estoy maravillado de que tan pronto os hayáis traspasado del que os llamó á la gracia de Cristo, á otro evangelio:"
      },
      {
        "book_name": "Galaten",
        "book": 48,
        "chapter": 1,
        "verse": 7,
        "text": "No que hay otro, sino que hay algunos que os inquietan, y quieren pervertir el evangelio de Cristo."
      },
      {
        "book_name": "Galaten",
        "book": 48,
        "chapter": 1,
        "verse": 8,
        "text": "Mas aun si nosotros ó un ángel del cielo os anunciare otro evangelio del que os hemos anunciado, sea anatema."
      },
      {
        "book_name": "Galaten",
        "book": 48,
        "chapter": 1,
        "verse": 9,
        "text": "Como antes hemos dicho, también ahora decimos otra vez: Si alguno os anunciare otro evangelio del que habéis recibido, sea anatema."
      },
      {
        "book_name": "Galaten",
        "book": 48,
        "chapter": 1,
        "verse": 10,
        "text": "Porque, ¿persuado yo ahora á hombres ó á Dios? ¿ó busco de agradar á hombres? Cierto, que si todavía agradara á los hombres, no sería siervo de Cristo."
      },
      {
        "book_name": "Galaten",
        "book": 48,
        "chapter": 1,
        "verse": 11,
        "text": "Mas os hago saber, hermanos, que el evangelio que ha sido anunciado por mí, no es según hombre;"
      },
      {
        "book_name": "Galaten",
        "book": 48,
        "chapter": 1,
        "verse": 12,
        "text": "Pues ni yo lo recibí, ni lo aprendí de hombre, sino por revelación de Jesucristo."
      },
      {
        "book_name": "Galaten",
        "book": 48,
        "chapter": 1,
        "verse": 13,
        "text": "Porque ya habéis oído acerca de mi conducta otro tiempo en el Judaismo, que perseguía sobremanera la iglesia de Dios, y la destruía;"
      },
      {
        "book_name": "Galaten",
        "book": 48,
        "chapter": 1,
        "verse": 14,
        "text": "Y aprovechaba en el Judaismo sobre muchos de mis iguales en mi nación, siendo muy más celador que todos de las tradiciones de mis padres."
      },
      {
        "book_name": "Galaten",
        "book": 48,
        "chapter": 1,
        "verse": 15,
        "text": "Mas cuando plugo á Dios, que me apartó desde el vientre de mi madre, y me llamó por su gracia,"
      },
      {
        "book_name": "Galaten",
        "book": 48,
        "chapter": 1,
        "verse": 16,
        "text": "Revelar á su Hijo en mí, para que le predicase entre los Gentiles, luego no conferí con carne y sangre;"
      },
      {
        "book_name": "Galaten",
        "book": 48,
        "chapter": 1,
        "verse": 17,
        "text": "Ni fuí á Jerusalem á los que eran apóstoles antes que yo; sino que me fuí á la Arabia, y volví de nuevo á Damasco."
      },
      {
        "book_name": "Galaten",
        "book": 48,
        "chapter": 1,
        "verse": 18,
        "text": "Depués, pasados tres años, fuí á Jerusalem á ver á Pedro, y estuve con él quince días."
      },
      {
        "book_name": "Galaten",
        "book": 48,
        "chapter": 1,
        "verse": 19,
        "text": "Mas á ningún otro de los apóstoles vi, sino á Jacobo el hermano del Señor."
      },
      {
        "book_name": "Galaten",
        "book": 48,
        "chapter": 1,
        "verse": 20,
        "text": "Y en esto que os escribo, he aquí delante de Dios, no miento."
      },
      {
        "book_name": "Galaten",
        "book": 48,
        "chapter": 1,
        "verse": 21,
        "text": "Después fuí á las partes de Siria y de Cilicia;"
      },
      {
        "book_name": "Galaten",
        "book": 48,
        "chapter": 1,
        "verse": 22,
        "text": "Y no era conocido de vista á las iglesias de Judea, que eran en Cristo;"
      },
      {
        "book_name": "Galaten",
        "book": 48,
        "chapter": 1,
        "verse": 23,
        "text": "Solamente habían oído decir: Aquel que en otro tiempo nos perseguía, ahora anuncia la fe que en otro tiempo destruía."
      },
      {
        "book_name": "Galaten",
        "book": 48,
        "chapter": 1,
        "verse": 24,
        "text": "Y glorificaban á Dios en mí."
      }
    ],
    "2": [
      {
        "book_name": "Galaten",
        "book": 48,
        "chapter": 2,
        "verse": 1,
        "text": "1DESPUÉS, pasados catorce años, fuí otra vez á Jerusalem juntamente con Bernabé, tomando también conmigo á Tito. 2Empero fuí por revelación, y comuniquéles el evangelio que predico entre los Gentiles; mas particularmente á los que parecían ser algo, por no correr en vano, ó haber corrido. 3Mas ni aun Tito, que estaba conmigo, siendo Griego, fué compelido á circuncidarse. 4Y eso por causa de los falsos hermanos, que se entraban secretamente para espiar nuestra libertad que tenemos en Cristo Jesús, para ponernos en servidumbre; 5A los cuales ni aun por una hora cedimos sujetándonos, para que la verdad del evangelio permaneciese con vosotros. 6Empero de aquellos que parecían ser algo (cuáles hayan sido algún tiempo, no tengo que ver; Dios no acepta apariencia de hombre), á mí ciertamente los que parecían ser algo, nada me dieron. 7Antes por el contrario, como vieron que el evangelio de la incircuncisión me era encargado, como á Pedro el de la circuncisión, 8(Porque el que hizo por Pedro para el apostolado de la circuncisión, hizo también por mí para con los Gentiles;) 9Y como vieron la gracia que me era dada, Jacobo y Cefas y Juan, que parecían ser las columnas, nos dieron las diestras de compañía á mí y á Bernabé, para que nosotros fuésemos á los Gentiles, y ellos á la circuncisión. 10Solamente nos pidieron que nos acordásemos de los pobres; lo mismo que fuí también solícito en hacer. 11Empero viniendo Pedro á Antioquía, le resistí en la cara, porque era de condenar.  12Porque antes que viniesen unos de parte de Jacobo, comía con los Gentiles; mas después que vinieron, se retraía y apartaba, teniendo miedo de los que eran de la circuncisión.  13Y á su disimulación consentían también los otros Judíos; de tal manera que aun Bernabé fué también llevado de ellos en su simulación.  14Mas cuando vi que no andaban derechamente conforme á la verdad del evangelio, dije á Pedro delante de todos: Si tú, siendo Judío, vives como los Gentiles y no como Judío, ¿por qué constriñes á los Gentiles á judaizar?  15Nosotros Judíos naturales, y no pecadores de los Gentiles,  16Sabiendo que el hombre no es justificado por las obras de la ley, sino por la fe de Jesucristo, nosotros también hemos creído en Jesucristo, para que fuésemos justificados por la fe de Cristo, y no por las obras de la ley; por cuanto por las obras de la ley ninguna carne será justificada.  17Y si buscando nosotros ser justificados en Cristo, también nosotros somos hallados pecadores, ¿es por eso Cristo ministro de pecado? En ninguna manera.  18Porque si las cosas que destruí, las mismas vuelvo á edificar, transgresor me hago.  19Porque yo por la ley soy muerto á la ley, para vivir á Dios.  20Con Cristo estoy juntamente crucificado, y vivo, no ya yo, mas vive Cristo en mí: y lo que ahora vivo en la carne, lo vivo en la fe del Hijo de Dios, el cual me amó, y se entregó á sí mismo por mí.  21No desecho la gracia de Dios: porque si por la ley fuese la justicia, entonces por demás murió Cristo."
      },
      {
        "book_name": "Galaten",
        "book": 48,
        "chapter": 2,
        "verse": 1,
        "text": "DESPUÉS, pasados catorce años, fuí otra vez á Jerusalem juntamente con Bernabé, tomando también conmigo á Tito."
      },
      {
        "book_name": "Galaten",
        "book": 48,
        "chapter": 2,
        "verse": 2,
        "text": "Empero fuí por revelación, y comuniquéles el evangelio que predico entre los Gentiles; mas particularmente á los que parecían ser algo, por no correr en vano, ó haber corrido."
      },
      {
        "book_name": "Galaten",
        "book": 48,
        "chapter": 2,
        "verse": 3,
        "text": "Mas ni aun Tito, que estaba conmigo, siendo Griego, fué compelido á circuncidarse."
      },
      {
        "book_name": "Galaten",
        "book": 48,
        "chapter": 2,
        "verse": 4,
        "text": "Y eso por causa de los falsos hermanos, que se entraban secretamente para espiar nuestra libertad que tenemos en Cristo Jesús, para ponernos en servidumbre;"
      },
      {
        "book_name": "Galaten",
        "book": 48,
        "chapter": 2,
        "verse": 5,
        "text": "A los cuales ni aun por una hora cedimos sujetándonos, para que la verdad del evangelio permaneciese con vosotros."
      },
      {
        "book_name": "Galaten",
        "book": 48,
        "chapter": 2,
        "verse": 6,
        "text": "Empero de aquellos que parecían ser algo (cuáles hayan sido algún tiempo, no tengo que ver; Dios no acepta apariencia de hombre), á mí ciertamente los que parecían ser algo, nada me dieron."
      },
      {
        "book_name": "Galaten",
        "book": 48,
        "chapter": 2,
        "verse": 7,
        "text": "Antes por el contrario, como vieron que el evangelio de la incircuncisión me era encargado, como á Pedro el de la circuncisión,"
      },
      {
        "book_name": "Galaten",
        "book": 48,
        "chapter": 2,
        "verse": 8,
        "text": "(Porque el que hizo por Pedro para el apostolado de la circuncisión, hizo también por mí para con los Gentiles;)"
      },
      {
        "book_name": "Galaten",
        "book": 48,
        "chapter": 2,
        "verse": 9,
        "text": "Y como vieron la gracia que me era dada, Jacobo y Cefas y Juan, que parecían ser las columnas, nos dieron las diestras de compañía á mí y á Bernabé, para que nosotros fuésemos á los Gentiles, y ellos á la circuncisión."
      },
      {
        "book_name": "Galaten",
        "book": 48,
        "chapter": 2,
        "verse": 10,
        "text": "Solamente nos pidieron que nos acordásemos de los pobres; lo mismo que fuí también solícito en hacer."
      },
      {
        "book_name": "Galaten",
        "book": 48,
        "chapter": 2,
        "verse": 11,
        "text": "Empero viniendo Pedro á Antioquía, le resistí en la cara, porque era de condenar."
      },
      {
        "book_name": "Galaten",
        "book": 48,
        "chapter": 2,
        "verse": 12,
        "text": "Porque antes que viniesen unos de parte de Jacobo, comía con los Gentiles; mas después que vinieron, se retraía y apartaba, teniendo miedo de los que eran de la circuncisión."
      },
      {
        "book_name": "Galaten",
        "book": 48,
        "chapter": 2,
        "verse": 13,
        "text": "Y á su disimulación consentían también los otros Judíos; de tal manera que aun Bernabé fué también llevado de ellos en su simulación."
      },
      {
        "book_name": "Galaten",
        "book": 48,
        "chapter": 2,
        "verse": 14,
        "text": "Mas cuando vi que no andaban derechamente conforme á la verdad del evangelio, dije á Pedro delante de todos: Si tú, siendo Judío, vives como los Gentiles y no como Judío, ¿por qué constriñes á los Gentiles á judaizar?"
      },
      {
        "book_name": "Galaten",
        "book": 48,
        "chapter": 2,
        "verse": 15,
        "text": "Nosotros Judíos naturales, y no pecadores de los Gentiles,"
      },
      {
        "book_name": "Galaten",
        "book": 48,
        "chapter": 2,
        "verse": 16,
        "text": "Sabiendo que el hombre no es justificado por las obras de la ley, sino por la fe de Jesucristo, nosotros también hemos creído en Jesucristo, para que fuésemos justificados por la fe de Cristo, y no por las obras de la ley; por cuanto por las obras de la ley ninguna carne será justificada."
      },
      {
        "book_name": "Galaten",
        "book": 48,
        "chapter": 2,
        "verse": 17,
        "text": "Y si buscando nosotros ser justificados en Cristo, también nosotros somos hallados pecadores, ¿es por eso Cristo ministro de pecado? En ninguna manera."
      },
      {
        "book_name": "Galaten",
        "book": 48,
        "chapter": 2,
        "verse": 18,
        "text": "Porque si las cosas que destruí, las mismas vuelvo á edificar, transgresor me hago."
      },
      {
        "book_name": "Galaten",
        "book": 48,
        "chapter": 2,
        "verse": 19,
        "text": "Porque yo por la ley soy muerto á la ley, para vivir á Dios."
      },
      {
        "book_name": "Galaten",
        "book": 48,
        "chapter": 2,
        "verse": 20,
        "text": "Con Cristo estoy juntamente crucificado, y vivo, no ya yo, mas vive Cristo en mí: y lo que ahora vivo en la carne, lo vivo en la fe del Hijo de Dios, el cual me amó, y se entregó á sí mismo por mí."
      },
      {
        "book_name": "Galaten",
        "book": 48,
        "chapter": 2,
        "verse": 21,
        "text": "No desecho la gracia de Dios: porque si por la ley fuese la justicia, entonces por demás murió Cristo."
      }
    ],
    "3": [
      {
        "book_name": "Galaten",
        "book": 48,
        "chapter": 3,
        "verse": 1,
        "text": "1OH Gálatas insensatos! ¿quién os fascinó, para no obedecer á la verdad, ante cuyos ojos Jesucristo fué ya descrito como crucificado entre vosotros? 2Esto solo quiero saber de vosotros: ¿Recibisteis el Espíritu por las obras de la ley, ó por el oir de la fe? 3¿Tan necios sois? ¿habiendo comenzado por el Espíritu, ahora os perfeccionáis por la carne? 4¿Tantas cosas habéis padecido en vano? si empero en vano. 5Aquel, pues, que os daba el Espíritu, y obraba maravillas entre vosotros ¿hacíalo por las obras de la ley, ó por el oir de la fe? 6Como Abraham creyó á Dios, y le fué imputado á justicia.  7Sabéis por tanto, que los que son de fe, los tales son hijos de Abraham.  8Y viendo antes la Escritura que Dios por la fe había de justificar á los Gentiles, evangelizó antes á Abraham, diciendo: En ti serán benditas todas las naciones.  9Luego los de la fe son benditos con el creyente Abraham.  10Porque todos los que son de las obras de la ley, están bajo de maldición. Porque escrito está: Maldito todo aquel que no permaneciere en todas las cosas que están escritas en el libro de la ley, para hacerlas.  11Mas por cuanto por la ley ninguno se justifica para con Dios, queda manifiesto: Que el justo por la fe vivirá.  12La ley también no es de la fe; sino, El hombre que los hiciere, vivirá en ellos.  13Cristo nos redimió de la maldición de la ley, hecho por nosotros maldición; (porque está escrito: Maldito cualquiera que es colgado en madero:)  14Para que la bendición de Abraham fuese sobre los Gentiles en Cristo Jesús; para que por la fe recibamos la promesa del Espíritu.  15Hermanos, hablo como hombre: Aunque un pacto sea de hombre, con todo, siendo confirmado, nadie lo cancela, ó le añade.  16A Abraham fueron hechas las promesas, y á su simiente. No dice: Y á las simientes, como de muchos; sino como de uno: Y á tu simiente, la cual es Cristo.  17Esto pues digo: Que el contrato confirmado de Dios para con Cristo, la ley que fué hecha cuatrocientos treinta años después, no lo abroga, para invalidar la promesa.  18Porque si la herencia es por la ley, ya no es por la promesa: empero Dios por la promesa hizo la donación á Abraham.  19¿Pues de qué sirve la ley? Fué puesta por causa de las rebeliones, hasta que viniese la simiente á quien fué hecha la promesa, ordenada aquélla por los ángeles en la mano de un mediador.  20Y el mediador no es de uno, pero Dios es uno.  21¿Luego la ley es contra las promesas de Dios? En ninguna manera: porque si la ley dada pudiera vivificar, la justicia fuera verdaderamente por la ley.  22Mas encerró la Escritura todo bajo pecado, para que la promesa fuese dada á los creyentes por la fe de Jesucristo.  23Empero antes que viniese la fe, estábamos guardados bajo la ley, encerrados para aquella fe que había de ser descubierta.  24De manera que la ley nuestro ayo fué para llevarnos á Cristo, para que fuésemos justificados por la fe.  25Mas venida la fe, ya no estamos bajo ayo;  26Porque todos sois hijos de Dios por la fe en Cristo Jesús.  27Porque todos los que habéis sido bautizados en Cristo, de Cristo estáis vestidos.  28No hay Judío, ni Griego; no hay siervo, ni libre; no hay varón, ni hembra: porque todos vosotros sois uno en Cristo Jesús.  29Y si vosotros sois de Cristo, ciertamente la simiente de Abraham sois, y conforme á la promesa los herederos."
      },
      {
        "book_name": "Galaten",
        "book": 48,
        "chapter": 3,
        "verse": 1,
        "text": "OH Gálatas insensatos! ¿quién os fascinó, para no obedecer á la verdad, ante cuyos ojos Jesucristo fué ya descrito como crucificado entre vosotros?"
      },
      {
        "book_name": "Galaten",
        "book": 48,
        "chapter": 3,
        "verse": 2,
        "text": "Esto solo quiero saber de vosotros: ¿Recibisteis el Espíritu por las obras de la ley, ó por el oir de la fe?"
      },
      {
        "book_name": "Galaten",
        "book": 48,
        "chapter": 3,
        "verse": 3,
        "text": "¿Tan necios sois? ¿habiendo comenzado por el Espíritu, ahora os perfeccionáis por la carne?"
      },
      {
        "book_name": "Galaten",
        "book": 48,
        "chapter": 3,
        "verse": 4,
        "text": "¿Tantas cosas habéis padecido en vano? si empero en vano."
      },
      {
        "book_name": "Galaten",
        "book": 48,
        "chapter": 3,
        "verse": 5,
        "text": "Aquel, pues, que os daba el Espíritu, y obraba maravillas entre vosotros ¿hacíalo por las obras de la ley, ó por el oir de la fe?"
      },
      {
        "book_name": "Galaten",
        "book": 48,
        "chapter": 3,
        "verse": 6,
        "text": "Como Abraham creyó á Dios, y le fué imputado á justicia."
      },
      {
        "book_name": "Galaten",
        "book": 48,
        "chapter": 3,
        "verse": 7,
        "text": "Sabéis por tanto, que los que son de fe, los tales son hijos de Abraham."
      },
      {
        "book_name": "Galaten",
        "book": 48,
        "chapter": 3,
        "verse": 8,
        "text": "Y viendo antes la Escritura que Dios por la fe había de justificar á los Gentiles, evangelizó antes á Abraham, diciendo: En ti serán benditas todas las naciones."
      },
      {
        "book_name": "Galaten",
        "book": 48,
        "chapter": 3,
        "verse": 9,
        "text": "Luego los de la fe son benditos con el creyente Abraham."
      },
      {
        "book_name": "Galaten",
        "book": 48,
        "chapter": 3,
        "verse": 10,
        "text": "Porque todos los que son de las obras de la ley, están bajo de maldición. Porque escrito está: Maldito todo aquel que no permaneciere en todas las cosas que están escritas en el libro de la ley, para hacerlas."
      },
      {
        "book_name": "Galaten",
        "book": 48,
        "chapter": 3,
        "verse": 11,
        "text": "Mas por cuanto por la ley ninguno se justifica para con Dios, queda manifiesto: Que el justo por la fe vivirá."
      },
      {
        "book_name": "Galaten",
        "book": 48,
        "chapter": 3,
        "verse": 12,
        "text": "La ley también no es de la fe; sino, El hombre que los hiciere, vivirá en ellos."
      },
      {
        "book_name": "Galaten",
        "book": 48,
        "chapter": 3,
        "verse": 13,
        "text": "Cristo nos redimió de la maldición de la ley, hecho por nosotros maldición; (porque está escrito: Maldito cualquiera que es colgado en madero:)"
      },
      {
        "book_name": "Galaten",
        "book": 48,
        "chapter": 3,
        "verse": 14,
        "text": "Para que la bendición de Abraham fuese sobre los Gentiles en Cristo Jesús; para que por la fe recibamos la promesa del Espíritu."
      },
      {
        "book_name": "Galaten",
        "book": 48,
        "chapter": 3,
        "verse": 15,
        "text": "Hermanos, hablo como hombre: Aunque un pacto sea de hombre, con todo, siendo confirmado, nadie lo cancela, ó le añade."
      },
      {
        "book_name": "Galaten",
        "book": 48,
        "chapter": 3,
        "verse": 16,
        "text": "A Abraham fueron hechas las promesas, y á su simiente. No dice: Y á las simientes, como de muchos; sino como de uno: Y á tu simiente, la cual es Cristo."
      },
      {
        "book_name": "Galaten",
        "book": 48,
        "chapter": 3,
        "verse": 17,
        "text": "Esto pues digo: Que el contrato confirmado de Dios para con Cristo, la ley que fué hecha cuatrocientos treinta años después, no lo abroga, para invalidar la promesa."
      },
      {
        "book_name": "Galaten",
        "book": 48,
        "chapter": 3,
        "verse": 18,
        "text": "Porque si la herencia es por la ley, ya no es por la promesa: empero Dios por la promesa hizo la donación á Abraham."
      },
      {
        "book_name": "Galaten",
        "book": 48,
        "chapter": 3,
        "verse": 19,
        "text": "¿Pues de qué sirve la ley? Fué puesta por causa de las rebeliones, hasta que viniese la simiente á quien fué hecha la promesa, ordenada aquélla por los ángeles en la mano de un mediador."
      },
      {
        "book_name": "Galaten",
        "book": 48,
        "chapter": 3,
        "verse": 20,
        "text": "Y el mediador no es de uno, pero Dios es uno."
      },
      {
        "book_name": "Galaten",
        "book": 48,
        "chapter": 3,
        "verse": 21,
        "text": "¿Luego la ley es contra las promesas de Dios? En ninguna manera: porque si la ley dada pudiera vivificar, la justicia fuera verdaderamente por la ley."
      },
      {
        "book_name": "Galaten",
        "book": 48,
        "chapter": 3,
        "verse": 22,
        "text": "Mas encerró la Escritura todo bajo pecado, para que la promesa fuese dada á los creyentes por la fe de Jesucristo."
      },
      {
        "book_name": "Galaten",
        "book": 48,
        "chapter": 3,
        "verse": 23,
        "text": "Empero antes que viniese la fe, estábamos guardados bajo la ley, encerrados para aquella fe que había de ser descubierta."
      },
      {
        "book_name": "Galaten",
        "book": 48,
        "chapter": 3,
        "verse": 24,
        "text": "De manera que la ley nuestro ayo fué para llevarnos á Cristo, para que fuésemos justificados por la fe."
      },
      {
        "book_name": "Galaten",
        "book": 48,
        "chapter": 3,
        "verse": 25,
        "text": "Mas venida la fe, ya no estamos bajo ayo;"
      },
      {
        "book_name": "Galaten",
        "book": 48,
        "chapter": 3,
        "verse": 26,
        "text": "Porque todos sois hijos de Dios por la fe en Cristo Jesús."
      },
      {
        "book_name": "Galaten",
        "book": 48,
        "chapter": 3,
        "verse": 27,
        "text": "Porque todos los que habéis sido bautizados en Cristo, de Cristo estáis vestidos."
      },
      {
        "book_name": "Galaten",
        "book": 48,
        "chapter": 3,
        "verse": 28,
        "text": "No hay Judío, ni Griego; no hay siervo, ni libre; no hay varón, ni hembra: porque todos vosotros sois uno en Cristo Jesús."
      },
      {
        "book_name": "Galaten",
        "book": 48,
        "chapter": 3,
        "verse": 29,
        "text": "Y si vosotros sois de Cristo, ciertamente la simiente de Abraham sois, y conforme á la promesa los herederos."
      }
    ],
    "4": [
      {
        "book_name": "Galaten",
        "book": 48,
        "chapter": 4,
        "verse": 1,
        "text": "1TAMBIÉN digo: Entre tanto que el heredero es niño, en nada difiere del siervo, aunque es señor de todo; 2Mas está debajo de tutores y curadores hasta el tiempo señalado por el padre. 3Así también nosotros, cuando éramos niños, éramos siervos bajo los rudimentos del mundo. 4Mas venido el cumplimiento del tiempo, Dios envió su Hijo, hecho de mujer, hecho súbdito á la ley, 5Para que redimiese á los que estaban debajo de la ley, á fin de que recibiésemos la adopción de hijos. 6Y por cuanto sois hijos, Dios envió el Espíritu de su Hijo en vuestros corazones, el cual clama: Abba, Padre. 7Así que ya no eres más siervo, sino hijo, y si hijo, también heredero de Dios por Cristo. 8Antes, en otro tiempo, no conociendo á Dios, servíais á los que por naturaleza no son dioses:  9Mas ahora, habiendo conocido á Dios, ó más bien, siendo conocidos de Dios, ¿cómo os volvéis de nuevo á los flacos y pobres rudimentos, en los cuales queréis volver á servir?  10Guardáis los días, y los meses, y los tiempos, y los años.  11Temo de vosotros, que no haya trabajado en vano en vosotros.  12Hermanos, os ruego, sed como yo, porque yo soy como vosotros: ningún agravio me habéis hecho.  13Que vosotros sabéis que por flaqueza de carne os anuncié el evangelio al principio:  14Y no desechasteis ni menospreciasteis mi tentación que estaba en mi carne: antes me recibisteis como á un ángel de Dios, como á Cristo Jesús.  15¿Dónde está pues vuestra bienaventuranza? porque yo os doy testimonio que si se pudiera hacer, os hubierais sacado vuestros ojos para dármelos.  16¿Heme pues hecho vuestro enemigo, diciéndoos la verdad?  17Tienen celos de vosotros, pero no bien: antes os quieren echar fuera para que vosotros los celéis á ellos.  18Bueno es ser celosos en bien siempre; y no solamente cuando estoy presente con vosotros.  19Hijitos míos, que vuelvo otra vez á estar de parto de vosotros, hasta que Cristo sea formado en vosotros;  20Querría cierto estar ahora con vosotros, y mudar mi voz; porque estoy perplejo en cuanto á vosotros.  21Decidme, los que queréis estar debajo de la ley, ¿no habéis oído la ley?  22Porque escrito está que Abraham tuvo dos hijos; uno de la sierva, el otro de la libre.  23Mas el de la sierva nació según la carne; pero el de la libre nació por la promesa.  24Las cuales cosas son dichas por alegoría: porque estas mujeres son los dos pactos; el uno ciertamente del monte Sinaí, el cual engendró para servidumbre, que es Agar.  25Porque Agar ó Sinaí es un monte de Arabia, el cual es conjunto á la que ahora es Jerusalem, la cual sirve con sus hijos.  26Mas la Jerusalem de arriba libre es; la cual es la madre de todos nosotros.  27Porque está escrito: Alégrate, estéril, que no pares: Prorrumpe y clama, la que no estás de parto; Porque más son los hijos de la dejada, que de la que tiene marido.  28Así que, hermanos, nosotros como Isaac somos hijos de la promesa.  29Empero como entonces el que era engendrado según la carne, perseguía al que había nacido según el Espíritu, así también ahora.  30Mas ¿qué dice la Escritura? Echa fuera á la sierva y á su hijo; porque no será heredero el hijo de la sierva con el hijo de la libre.  31De manera, hermanos, que no somos hijos de la sierva, mas de la libre."
      },
      {
        "book_name": "Galaten",
        "book": 48,
        "chapter": 4,
        "verse": 1,
        "text": "TAMBIÉN digo: Entre tanto que el heredero es niño, en nada difiere del siervo, aunque es señor de todo;"
      },
      {
        "book_name": "Galaten",
        "book": 48,
        "chapter": 4,
        "verse": 2,
        "text": "Mas está debajo de tutores y curadores hasta el tiempo señalado por el padre."
      },
      {
        "book_name": "Galaten",
        "book": 48,
        "chapter": 4,
        "verse": 3,
        "text": "Así también nosotros, cuando éramos niños, éramos siervos bajo los rudimentos del mundo."
      },
      {
        "book_name": "Galaten",
        "book": 48,
        "chapter": 4,
        "verse": 4,
        "text": "Mas venido el cumplimiento del tiempo, Dios envió su Hijo, hecho de mujer, hecho súbdito á la ley,"
      },
      {
        "book_name": "Galaten",
        "book": 48,
        "chapter": 4,
        "verse": 5,
        "text": "Para que redimiese á los que estaban debajo de la ley, á fin de que recibiésemos la adopción de hijos."
      },
      {
        "book_name": "Galaten",
        "book": 48,
        "chapter": 4,
        "verse": 6,
        "text": "Y por cuanto sois hijos, Dios envió el Espíritu de su Hijo en vuestros corazones, el cual clama: Abba, Padre."
      },
      {
        "book_name": "Galaten",
        "book": 48,
        "chapter": 4,
        "verse": 7,
        "text": "Así que ya no eres más siervo, sino hijo, y si hijo, también heredero de Dios por Cristo."
      },
      {
        "book_name": "Galaten",
        "book": 48,
        "chapter": 4,
        "verse": 8,
        "text": "Antes, en otro tiempo, no conociendo á Dios, servíais á los que por naturaleza no son dioses:"
      },
      {
        "book_name": "Galaten",
        "book": 48,
        "chapter": 4,
        "verse": 9,
        "text": "Mas ahora, habiendo conocido á Dios, ó más bien, siendo conocidos de Dios, ¿cómo os volvéis de nuevo á los flacos y pobres rudimentos, en los cuales queréis volver á servir?"
      },
      {
        "book_name": "Galaten",
        "book": 48,
        "chapter": 4,
        "verse": 10,
        "text": "Guardáis los días, y los meses, y los tiempos, y los años."
      },
      {
        "book_name": "Galaten",
        "book": 48,
        "chapter": 4,
        "verse": 11,
        "text": "Temo de vosotros, que no haya trabajado en vano en vosotros."
      },
      {
        "book_name": "Galaten",
        "book": 48,
        "chapter": 4,
        "verse": 12,
        "text": "Hermanos, os ruego, sed como yo, porque yo soy como vosotros: ningún agravio me habéis hecho."
      },
      {
        "book_name": "Galaten",
        "book": 48,
        "chapter": 4,
        "verse": 13,
        "text": "Que vosotros sabéis que por flaqueza de carne os anuncié el evangelio al principio:"
      },
      {
        "book_name": "Galaten",
        "book": 48,
        "chapter": 4,
        "verse": 14,
        "text": "Y no desechasteis ni menospreciasteis mi tentación que estaba en mi carne: antes me recibisteis como á un ángel de Dios, como á Cristo Jesús."
      },
      {
        "book_name": "Galaten",
        "book": 48,
        "chapter": 4,
        "verse": 15,
        "text": "¿Dónde está pues vuestra bienaventuranza? porque yo os doy testimonio que si se pudiera hacer, os hubierais sacado vuestros ojos para dármelos."
      },
      {
        "book_name": "Galaten",
        "book": 48,
        "chapter": 4,
        "verse": 16,
        "text": "¿Heme pues hecho vuestro enemigo, diciéndoos la verdad?"
      },
      {
        "book_name": "Galaten",
        "book": 48,
        "chapter": 4,
        "verse": 17,
        "text": "Tienen celos de vosotros, pero no bien: antes os quieren echar fuera para que vosotros los celéis á ellos."
      },
      {
        "book_name": "Galaten",
        "book": 48,
        "chapter": 4,
        "verse": 18,
        "text": "Bueno es ser celosos en bien siempre; y no solamente cuando estoy presente con vosotros."
      },
      {
        "book_name": "Galaten",
        "book": 48,
        "chapter": 4,
        "verse": 19,
        "text": "Hijitos míos, que vuelvo otra vez á estar de parto de vosotros, hasta que Cristo sea formado en vosotros;"
      },
      {
        "book_name": "Galaten",
        "book": 48,
        "chapter": 4,
        "verse": 20,
        "text": "Querría cierto estar ahora con vosotros, y mudar mi voz; porque estoy perplejo en cuanto á vosotros."
      },
      {
        "book_name": "Galaten",
        "book": 48,
        "chapter": 4,
        "verse": 21,
        "text": "Decidme, los que queréis estar debajo de la ley, ¿no habéis oído la ley?"
      },
      {
        "book_name": "Galaten",
        "book": 48,
        "chapter": 4,
        "verse": 22,
        "text": "Porque escrito está que Abraham tuvo dos hijos; uno de la sierva, el otro de la libre."
      },
      {
        "book_name": "Galaten",
        "book": 48,
        "chapter": 4,
        "verse": 23,
        "text": "Mas el de la sierva nació según la carne; pero el de la libre nació por la promesa."
      },
      {
        "book_name": "Galaten",
        "book": 48,
        "chapter": 4,
        "verse": 24,
        "text": "Las cuales cosas son dichas por alegoría: porque estas mujeres son los dos pactos; el uno ciertamente del monte Sinaí, el cual engendró para servidumbre, que es Agar."
      },
      {
        "book_name": "Galaten",
        "book": 48,
        "chapter": 4,
        "verse": 25,
        "text": "Porque Agar ó Sinaí es un monte de Arabia, el cual es conjunto á la que ahora es Jerusalem, la cual sirve con sus hijos."
      },
      {
        "book_name": "Galaten",
        "book": 48,
        "chapter": 4,
        "verse": 26,
        "text": "Mas la Jerusalem de arriba libre es; la cual es la madre de todos nosotros."
      },
      {
        "book_name": "Galaten",
        "book": 48,
        "chapter": 4,
        "verse": 27,
        "text": "Porque está escrito: Alégrate, estéril, que no pares: Prorrumpe y clama, la que no estás de parto; Porque más son los hijos de la dejada, que de la que tiene marido."
      },
      {
        "book_name": "Galaten",
        "book": 48,
        "chapter": 4,
        "verse": 28,
        "text": "Así que, hermanos, nosotros como Isaac somos hijos de la promesa."
      },
      {
        "book_name": "Galaten",
        "book": 48,
        "chapter": 4,
        "verse": 29,
        "text": "Empero como entonces el que era engendrado según la carne, perseguía al que había nacido según el Espíritu, así también ahora."
      },
      {
        "book_name": "Galaten",
        "book": 48,
        "chapter": 4,
        "verse": 30,
        "text": "Mas ¿qué dice la Escritura? Echa fuera á la sierva y á su hijo; porque no será heredero el hijo de la sierva con el hijo de la libre."
      },
      {
        "book_name": "Galaten",
        "book": 48,
        "chapter": 4,
        "verse": 31,
        "text": "De manera, hermanos, que no somos hijos de la sierva, mas de la libre."
      }
    ],
    "5": [
      {
        "book_name": "Galaten",
        "book": 48,
        "chapter": 5,
        "verse": 1,
        "text": "1ESTAD, pues, firmes en la libertad con que Cristo nos hizo libres, y no volváis otra vez á ser presos en el yugo de servidumbre. 2He aquí yo Pablo os digo, que si os circuncidareis, Cristo no os aprovechará nada. 3Y otra vez vuelvo á protestar á todo hombre que se circuncidare, que está obligado á hacer toda la ley. 4Vacíos sois de Cristo los que por la ley os justificáis; de la gracia habéis caído. 5Porque nosotros por el Espíritu esperamos la esperanza de la justicia por la fe. 6Porque en Cristo Jesús ni la circuncisión vale algo, ni la incircuncisión; sino la fe que obra por la caridad. 7Vosotros corríais bien: ¿quién os embarazó para no obedecer á la verdad? 8Esta persuasión no es de aquel que os llama. 9Un poco de levadura leuda toda la masa. 10Yo confío de vosotros en el Señor, que ninguna otra cosa sentiréis: mas el que os inquieta, llevará el juicio, quienquiera que él sea. 11Y yo, hermanos, si aun predico la circuncisión, ¿por qué padezco pesecución todavía? pues que quitado es el escándalo de la cruz. 12Ojalá fuesen también cortados los que os inquietan. 13Porque vosotros, hermanos, á libertad habéis sido llamados; solamente que no uséis la libertad como ocasión á la carne, sino servíos por amor los unos á los otros.  14Porque toda la ley en aquesta sola palabra se cumple: Amarás á tu prójimo como á ti mismo.  15Y si os mordéis y os coméis los unos á los otros, mirad que también no os consumáis los unos á los otros.  16Digo pues: Andad en el Espíritu, y no satisfagáis la concupiscencia de la carne.  17Porque la carne codicia contra el Espíritu, y el Espíritu contra la carne: y estas cosas se oponen la una á la otra, para que no hagáis lo que quisieres.  18Mas si sois guiados del Espíritu, no estáis bajo la ley.  19Y manifiestas son las obras de la carne, que son: adulterio, fornicación, inmundicia, disolución,  20Idolatría, hechicerías, enemistades, pleitos, celos, iras, contiendas, disensiones, herejías,  21Envidias, homicidios, borracheras, banqueteos, y cosas semejantes á éstas: de las cuales os denuncio, como ya os he anunciado, que los que hacen tales cosas no heredarán el reino de Dios.  22Mas el fruto del Espíritu es: caridad, gozo, paz, tolerancia, benignidad, bondad, fe,  23Mansedumbre, templanza: contra tales cosas no hay ley.  24Porque los que son de Cristo, han crucificado la carne con los afectos y concupiscencias.  25Si vivimos en el Espíritu, andemos también en el Espíritu.  26No seamos codiciosos de vana gloria, irritando los unos á los otros, envidiándose los unos á los otros."
      },
      {
        "book_name": "Galaten",
        "book": 48,
        "chapter": 5,
        "verse": 1,
        "text": "ESTAD, pues, firmes en la libertad con que Cristo nos hizo libres, y no volváis otra vez á ser presos en el yugo de servidumbre."
      },
      {
        "book_name": "Galaten",
        "book": 48,
        "chapter": 5,
        "verse": 2,
        "text": "He aquí yo Pablo os digo, que si os circuncidareis, Cristo no os aprovechará nada."
      },
      {
        "book_name": "Galaten",
        "book": 48,
        "chapter": 5,
        "verse": 3,
        "text": "Y otra vez vuelvo á protestar á todo hombre que se circuncidare, que está obligado á hacer toda la ley."
      },
      {
        "book_name": "Galaten",
        "book": 48,
        "chapter": 5,
        "verse": 4,
        "text": "Vacíos sois de Cristo los que por la ley os justificáis; de la gracia habéis caído."
      },
      {
        "book_name": "Galaten",
        "book": 48,
        "chapter": 5,
        "verse": 5,
        "text": "Porque nosotros por el Espíritu esperamos la esperanza de la justicia por la fe."
      },
      {
        "book_name": "Galaten",
        "book": 48,
        "chapter": 5,
        "verse": 6,
        "text": "Porque en Cristo Jesús ni la circuncisión vale algo, ni la incircuncisión; sino la fe que obra por la caridad."
      },
      {
        "book_name": "Galaten",
        "book": 48,
        "chapter": 5,
        "verse": 7,
        "text": "Vosotros corríais bien: ¿quién os embarazó para no obedecer á la verdad?"
      },
      {
        "book_name": "Galaten",
        "book": 48,
        "chapter": 5,
        "verse": 8,
        "text": "Esta persuasión no es de aquel que os llama."
      },
      {
        "book_name": "Galaten",
        "book": 48,
        "chapter": 5,
        "verse": 9,
        "text": "Un poco de levadura leuda toda la masa."
      },
      {
        "book_name": "Galaten",
        "book": 48,
        "chapter": 5,
        "verse": 10,
        "text": "Yo confío de vosotros en el Señor, que ninguna otra cosa sentiréis: mas el que os inquieta, llevará el juicio, quienquiera que él sea."
      },
      {
        "book_name": "Galaten",
        "book": 48,
        "chapter": 5,
        "verse": 11,
        "text": "Y yo, hermanos, si aun predico la circuncisión, ¿por qué padezco pesecución todavía? pues que quitado es el escándalo de la cruz."
      },
      {
        "book_name": "Galaten",
        "book": 48,
        "chapter": 5,
        "verse": 12,
        "text": "Ojalá fuesen también cortados los que os inquietan."
      },
      {
        "book_name": "Galaten",
        "book": 48,
        "chapter": 5,
        "verse": 13,
        "text": "Porque vosotros, hermanos, á libertad habéis sido llamados; solamente que no uséis la libertad como ocasión á la carne, sino servíos por amor los unos á los otros."
      },
      {
        "book_name": "Galaten",
        "book": 48,
        "chapter": 5,
        "verse": 14,
        "text": "Porque toda la ley en aquesta sola palabra se cumple: Amarás á tu prójimo como á ti mismo."
      },
      {
        "book_name": "Galaten",
        "book": 48,
        "chapter": 5,
        "verse": 15,
        "text": "Y si os mordéis y os coméis los unos á los otros, mirad que también no os consumáis los unos á los otros."
      },
      {
        "book_name": "Galaten",
        "book": 48,
        "chapter": 5,
        "verse": 16,
        "text": "Digo pues: Andad en el Espíritu, y no satisfagáis la concupiscencia de la carne."
      },
      {
        "book_name": "Galaten",
        "book": 48,
        "chapter": 5,
        "verse": 17,
        "text": "Porque la carne codicia contra el Espíritu, y el Espíritu contra la carne: y estas cosas se oponen la una á la otra, para que no hagáis lo que quisieres."
      },
      {
        "book_name": "Galaten",
        "book": 48,
        "chapter": 5,
        "verse": 18,
        "text": "Mas si sois guiados del Espíritu, no estáis bajo la ley."
      },
      {
        "book_name": "Galaten",
        "book": 48,
        "chapter": 5,
        "verse": 19,
        "text": "Y manifiestas son las obras de la carne, que son: adulterio, fornicación, inmundicia, disolución,"
      },
      {
        "book_name": "Galaten",
        "book": 48,
        "chapter": 5,
        "verse": 20,
        "text": "Idolatría, hechicerías, enemistades, pleitos, celos, iras, contiendas, disensiones, herejías,"
      },
      {
        "book_name": "Galaten",
        "book": 48,
        "chapter": 5,
        "verse": 21,
        "text": "Envidias, homicidios, borracheras, banqueteos, y cosas semejantes á éstas: de las cuales os denuncio, como ya os he anunciado, que los que hacen tales cosas no heredarán el reino de Dios."
      },
      {
        "book_name": "Galaten",
        "book": 48,
        "chapter": 5,
        "verse": 22,
        "text": "Mas el fruto del Espíritu es: caridad, gozo, paz, tolerancia, benignidad, bondad, fe,"
      },
      {
        "book_name": "Galaten",
        "book": 48,
        "chapter": 5,
        "verse": 23,
        "text": "Mansedumbre, templanza: contra tales cosas no hay ley."
      },
      {
        "book_name": "Galaten",
        "book": 48,
        "chapter": 5,
        "verse": 24,
        "text": "Porque los que son de Cristo, han crucificado la carne con los afectos y concupiscencias."
      },
      {
        "book_name": "Galaten",
        "book": 48,
        "chapter": 5,
        "verse": 25,
        "text": "Si vivimos en el Espíritu, andemos también en el Espíritu."
      },
      {
        "book_name": "Galaten",
        "book": 48,
        "chapter": 5,
        "verse": 26,
        "text": "No seamos codiciosos de vana gloria, irritando los unos á los otros, envidiándose los unos á los otros."
      }
    ],
    "6": [
      {
        "book_name": "Galaten",
        "book": 48,
        "chapter": 6,
        "verse": 1,
        "text": "1HERMANOS, si alguno fuere tomado en alguna falta, vosotros que sois espirituales, restaurad al tal con el espíritu de mansedumbre; considerándote á ti mismo, porque tú no seas también tentado. 2Sobrellevad los unos las cargas de los otros; y cumplid así la ley de Cristo. 3Porque el que estima de sí que es algo, no siendo nada, á sí mismo se engaña. 4Así que cada uno examine su obra, y entonces tendrá gloria sólo respecto de sí mismo, y no en otro. 5Porque cada cual llevará su carga. 6Y el que es enseñado en la palabra, comunique en todos los bienes al que lo instruye. 7No os engañeis: Dios no puede ser burlado: que todo lo que el hombre sembrare, eso también segará. 8Porque el que siembra para su carne, de la carne segará corrupción; mas el que siembra para el Espíritu, del Espíritu segará vida eterna. 9No nos cansemos, pues, de hacer bien; que á su tiempo segaremos, si no hubiéremos desmayado. 10Así que, entre tanto que tenemos tiempo, hagamos bien á todos, y mayormente á los domésticos de la fe. 11Mirad en cuán grandes letras os he escrito de mi mano.  12Todos los que quieren agradar en al carne, éstos os constriñen á que os circuncidéis, solamente por no padecer persecución por la cruz de Cristo.  13Porque ni aun los mismos que se circuncidan guardan la ley; sino que quieren que vosotros seáis circuncidados, para gloriarse en vuestra carne.  14Mas lejos esté de mí gloriarme, sino en la cruz de nuestro Señor Jesucristo, por el cual el mundo me es crucificado á mí, y yo al mundo.  15Porque en Cristo Jesús, ni la circuncisión vale nada, ni la incircuncisión, sino la nueva criatura.  16Y todos los que anduvieren conforme á esta regla, paz sobre ellos, y misericordia, y sobre el Israel de Dios.  17De aquí adelante nadie me sea molesto; porque yo traigo en mi cuerpo las marcas del Señor Jesús.  18Hermanos, la gracia de nuestro Señor Jesucristo sea con vuestro espíritu. Amén."
      },
      {
        "book_name": "Galaten",
        "book": 48,
        "chapter": 6,
        "verse": 1,
        "text": "HERMANOS, si alguno fuere tomado en alguna falta, vosotros que sois espirituales, restaurad al tal con el espíritu de mansedumbre; considerándote á ti mismo, porque tú no seas también tentado."
      },
      {
        "book_name": "Galaten",
        "book": 48,
        "chapter": 6,
        "verse": 2,
        "text": "Sobrellevad los unos las cargas de los otros; y cumplid así la ley de Cristo."
      },
      {
        "book_name": "Galaten",
        "book": 48,
        "chapter": 6,
        "verse": 3,
        "text": "Porque el que estima de sí que es algo, no siendo nada, á sí mismo se engaña."
      },
      {
        "book_name": "Galaten",
        "book": 48,
        "chapter": 6,
        "verse": 4,
        "text": "Así que cada uno examine su obra, y entonces tendrá gloria sólo respecto de sí mismo, y no en otro."
      },
      {
        "book_name": "Galaten",
        "book": 48,
        "chapter": 6,
        "verse": 5,
        "text": "Porque cada cual llevará su carga."
      },
      {
        "book_name": "Galaten",
        "book": 48,
        "chapter": 6,
        "verse": 6,
        "text": "Y el que es enseñado en la palabra, comunique en todos los bienes al que lo instruye."
      },
      {
        "book_name": "Galaten",
        "book": 48,
        "chapter": 6,
        "verse": 7,
        "text": "No os engañeis: Dios no puede ser burlado: que todo lo que el hombre sembrare, eso también segará."
      },
      {
        "book_name": "Galaten",
        "book": 48,
        "chapter": 6,
        "verse": 8,
        "text": "Porque el que siembra para su carne, de la carne segará corrupción; mas el que siembra para el Espíritu, del Espíritu segará vida eterna."
      },
      {
        "book_name": "Galaten",
        "book": 48,
        "chapter": 6,
        "verse": 9,
        "text": "No nos cansemos, pues, de hacer bien; que á su tiempo segaremos, si no hubiéremos desmayado."
      },
      {
        "book_name": "Galaten",
        "book": 48,
        "chapter": 6,
        "verse": 10,
        "text": "Así que, entre tanto que tenemos tiempo, hagamos bien á todos, y mayormente á los domésticos de la fe."
      },
      {
        "book_name": "Galaten",
        "book": 48,
        "chapter": 6,
        "verse": 11,
        "text": "Mirad en cuán grandes letras os he escrito de mi mano."
      },
      {
        "book_name": "Galaten",
        "book": 48,
        "chapter": 6,
        "verse": 12,
        "text": "Todos los que quieren agradar en al carne, éstos os constriñen á que os circuncidéis, solamente por no padecer persecución por la cruz de Cristo."
      },
      {
        "book_name": "Galaten",
        "book": 48,
        "chapter": 6,
        "verse": 13,
        "text": "Porque ni aun los mismos que se circuncidan guardan la ley; sino que quieren que vosotros seáis circuncidados, para gloriarse en vuestra carne."
      },
      {
        "book_name": "Galaten",
        "book": 48,
        "chapter": 6,
        "verse": 14,
        "text": "Mas lejos esté de mí gloriarme, sino en la cruz de nuestro Señor Jesucristo, por el cual el mundo me es crucificado á mí, y yo al mundo."
      },
      {
        "book_name": "Galaten",
        "book": 48,
        "chapter": 6,
        "verse": 15,
        "text": "Porque en Cristo Jesús, ni la circuncisión vale nada, ni la incircuncisión, sino la nueva criatura."
      },
      {
        "book_name": "Galaten",
        "book": 48,
        "chapter": 6,
        "verse": 16,
        "text": "Y todos los que anduvieren conforme á esta regla, paz sobre ellos, y misericordia, y sobre el Israel de Dios."
      },
      {
        "book_name": "Galaten",
        "book": 48,
        "chapter": 6,
        "verse": 17,
        "text": "De aquí adelante nadie me sea molesto; porque yo traigo en mi cuerpo las marcas del Señor Jesús."
      },
      {
        "book_name": "Galaten",
        "book": 48,
        "chapter": 6,
        "verse": 18,
        "text": "Hermanos, la gracia de nuestro Señor Jesucristo sea con vuestro espíritu. Amén."
      }
    ]
  }
}