{
  "source": "bible.com",
  "version": "Reina Valera (1602)",
  "book": "Habakuk",
  "chapters": {
    "1": [
      {
        "book_name": "Habakuk",
        "book": 35,
        "chapter": 1,
        "verse": 1,
        "text": "1LA carga que vió Habacuc profeta. 2¿Hasta cuándo, oh Jehová, clamaré, y no oirás; y daré voces á ti á causa de la violencia, y no salvarás? 3¿Por qué me haces ver iniquidad, y haces que mire molestia, y saco y violencia delante de mí, habiendo además quien levante pleito y contienda? 4Por lo cual la ley es debilitada, y el juicio no sale verdadero: por cuanto el impío asedia al justo, por eso sale torcido el juicio. 5Mirad en las gentes, y ved, y maravillaos pasmosamente; porque obra será hecha en vuestros días, que aun cuando se os contare, no la creeréis.  6Porque he aquí, yo levanto los Caldeos, gente amarga y presurosa, que camina por la anchura de la tierra para poseer las habitaciones ajenas.  7Espantosa es y terrible: de ella misma saldrá su derecho y su grandeza.  8Y serán sus caballos más ligeros que tigres, y más agudos que lobos de tarde; y sus jinetes se multiplicarán: vendrán de lejos sus caballeros, y volarán como águilas que se apresuran á la comida.  9Toda ella vendrá á la presa: delante su sus caras viento solano; y juntará cautivos como arena.  10Y escarnecerá de los reyes, y de los príncipes hará burla: reiráse de toda fortaleza, y amontonará polvo, y la tomará.  11Luego mudará espíritu, y pasará adelante, y ofenderá atribuyendo esta su potencia á su dios.  12¿No eres tú desde el principio, oh Jehová, Dios mío, Santo mío? No moriremos. Oh Jehová, para juicio lo pusiste; y tú, oh Roca, lo fundaste para castigar.  13Muy limpio eres de ojos para ver el mal, ni puedes ver el agravio: ¿por qué ves los menospreciadores, y callas cuando destruye el impío al más justo que él.  14Y haces que sean los hombres como los peces de la mar, como reptiles que no tienen señor?  15Sacará á todos con anzuelo, cogerálos con su red, y juntarálos en su aljerife: por lo cual se holgará y hará alegrías.  16Por esto hará sacrificios á su red, y ofrecerá sahumerios á su aljerife: porque con ellos engordó su porción, y engrasó su comida.  17¿Vaciará por eso su red, ó tendrá piedad de matar gentes continuamente?"
      },
      {
        "book_name": "Habakuk",
        "book": 35,
        "chapter": 1,
        "verse": 1,
        "text": "LA carga que vió Habacuc profeta."
      },
      {
        "book_name": "Habakuk",
        "book": 35,
        "chapter": 1,
        "verse": 2,
        "text": "¿Hasta cuándo, oh Jehová, clamaré, y no oirás; y daré voces á ti á causa de la violencia, y no salvarás?"
      },
      {
        "book_name": "Habakuk",
        "book": 35,
        "chapter": 1,
        "verse": 3,
        "text": "¿Por qué me haces ver iniquidad, y haces que mire molestia, y saco y violencia delante de mí, habiendo además quien levante pleito y contienda?"
      },
      {
        "book_name": "Habakuk",
        "book": 35,
        "chapter": 1,
        "verse": 4,
        "text": "Por lo cual la ley es debilitada, y el juicio no sale verdadero: por cuanto el impío asedia al justo, por eso sale torcido el juicio."
      },
      {
        "book_name": "Habakuk",
        "book": 35,
        "chapter": 1,
        "verse": 5,
        "text": "Mirad en las gentes, y ved, y maravillaos pasmosamente; porque obra será hecha en vuestros días, que aun cuando se os contare, no la creeréis."
      },
      {
        "book_name": "Habakuk",
        "book": 35,
        "chapter": 1,
        "verse": 6,
        "text": "Porque he aquí, yo levanto los Caldeos, gente amarga y presurosa, que camina por la anchura de la tierra para poseer las habitaciones ajenas."
      },
      {
        "book_name": "Habakuk",
        "book": 35,
        "chapter": 1,
        "verse": 7,
        "text": "Espantosa es y terrible: de ella misma saldrá su derecho y su grandeza."
      },
      {
        "book_name": "Habakuk",
        "book": 35,
        "chapter": 1,
        "verse": 8,
        "text": "Y serán sus caballos más ligeros que tigres, y más agudos que lobos de tarde; y sus jinetes se multiplicarán: vendrán de lejos sus caballeros, y volarán como águilas que se apresuran á la comida."
      },
      {
        "book_name": "Habakuk",
        "book": 35,
        "chapter": 1,
        "verse": 9,
        "text": "Toda ella vendrá á la presa: delante su sus caras viento solano; y juntará cautivos como arena."
      },
      {
        "book_name": "Habakuk",
        "book": 35,
        "chapter": 1,
        "verse": 10,
        "text": "Y escarnecerá de los reyes, y de los príncipes hará burla: reiráse de toda fortaleza, y amontonará polvo, y la tomará."
      },
      {
        "book_name": "Habakuk",
        "book": 35,
        "chapter": 1,
        "verse": 11,
        "text": "Luego mudará espíritu, y pasará adelante, y ofenderá atribuyendo esta su potencia á su dios."
      },
      {
        "book_name": "Habakuk",
        "book": 35,
        "chapter": 1,
        "verse": 12,
        "text": "¿No eres tú desde el principio, oh Jehová, Dios mío, Santo mío? No moriremos. Oh Jehová, para juicio lo pusiste; y tú, oh Roca, lo fundaste para castigar."
      },
      {
        "book_name": "Habakuk",
        "book": 35,
        "chapter": 1,
        "verse": 13,
        "text": "Muy limpio eres de ojos para ver el mal, ni puedes ver el agravio: ¿por qué ves los menospreciadores, y callas cuando destruye el impío al más justo que él."
      },
      {
        "book_name": "Habakuk",
        "book": 35,
        "chapter": 1,
        "verse": 14,
        "text": "Y haces que sean los hombres como los peces de la mar, como reptiles que no tienen señor?"
      },
      {
        "book_name": "Habakuk",
        "book": 35,
        "chapter": 1,
        "verse": 15,
        "text": "Sacará á todos con anzuelo, cogerálos con su red, y juntarálos en su aljerife: por lo cual se holgará y hará alegrías."
      },
      {
        "book_name": "Habakuk",
        "book": 35,
        "chapter": 1,
        "verse": 16,
        "text": "Por esto hará sacrificios á su red, y ofrecerá sahumerios á su aljerife: porque con ellos engordó su porción, y engrasó su comida."
      },
      {
        "book_name": "Habakuk",
        "book": 35,
        "chapter": 1,
        "verse": 17,
        "text": "¿Vaciará por eso su red, ó tendrá piedad de matar gentes continuamente?"
      }
    ],
    "2": [
      {
        "book_name": "Habakuk",
        "book": 35,
        "chapter": 2,
        "verse": 1,
        "text": "1SOBRE mi guarda estaré, y sobre la fortaleza afirmaré el pie, y atalayaré para ver qué hablará en mí, y qué tengo de responder á mi pregunta. 2Y Jehová me respondió, y dijo: Escribe la visión, y declárala en tablas, para que corra el que leyere en ella. 3Aunque la visión tardará aún por tiempo, mas al fin hablará, y no mentirá: aunque se tardare, espéralo, que sin duda vendrá; no tardará. 4He aquí se enorgullece aquel cuya alma no es derecha en él: mas el justo en su fe vivirá. 5Y también, por cuanto peca por el vino, es un hombre soberbio, y no permanecerá: que ensanchó como el infierno su alma, y es como la muerte, que no se hartará: antes reunió á sí todas las gentes, y amontonó á sí todos los pueblos.  6¿No han de levantar todos estos sobre él parábola, y sarcasmos contra él? Y dirán: ­Ay del que multiplicó lo que no era suyo! ¿Y hasta cuándo había de amontonar sobre sí espeso lodo?  7¿No se levantarán de repente los que te han de morder, y se despertarán los que te han de quitar de tu lugar, y serás á ellos por rapiña?  8Porque tú has despojado muchas gentes, todos los otros pueblos te despojarán; á causa de las sangres humanas, y robos de la tierra, de las ciudades y de todos los que moraban en ellas.  9Ay del que codicia maligna codicia para su casa, por poner en alto su nido, por escaparse del poder del mal!  10Tomaste consejo vergonzoso para tu casa, asolaste muchos pueblos, y has pecado contra tu vida.  11Porque la piedra clamará desde el muro, y la tabla del enmaderado le responderá.  12Ay del que edifica la ciudad con sangres, y del que funda la villa con iniquidad!  13¿No es esto de Jehová de los ejércitos? Los pueblos pues trabajarán para el fuego, y las gentes se fatigarán en vano.  14Porque la tierra será llena de conocimiento de la gloria de Jehová, como las aguas cubren la mar.  15Ay del que da de beber á sus compañeros, que les acercas tu hiel y embriagas, para mirar sus desnudeces!  16Haste llenado de deshonra más que de honra: bebe tú también, y serás descubierto; el cáliz de la mano derecha de Jehová volverá sobre ti, y vómito de afrenta sobre tu gloria.  17Porque la rapiña del Líbano caerá sobre ti, y la destrucción de las fieras lo quebrantará; á causa de las sangres humanas, y del robo de la tierra, de las ciudades, y de todos los que en ellas moraban.  18¿De qué sirve la escultura que esculpió el que la hizo? ¿la estatua de fundición, que enseña mentira, para que haciendo imágenes mudas confíe el hacedor en su obra?  19Ay del que dice al palo; Despiértate; y á la piedra muda: Levántate! ¿Podrá él enseñar? He aquí él está cubierto de oro y plata, y no hay dentro de él espíritu.  20Mas Jehová está en su santo templo: calle delante de él toda la tierra."
      },
      {
        "book_name": "Habakuk",
        "book": 35,
        "chapter": 2,
        "verse": 1,
        "text": "SOBRE mi guarda estaré, y sobre la fortaleza afirmaré el pie, y atalayaré para ver qué hablará en mí, y qué tengo de responder á mi pregunta."
      },
      {
        "book_name": "Habakuk",
        "book": 35,
        "chapter": 2,
        "verse": 2,
        "text": "Y Jehová me respondió, y dijo: Escribe la visión, y declárala en tablas, para que corra el que leyere en ella."
      },
      {
        "book_name": "Habakuk",
        "book": 35,
        "chapter": 2,
        "verse": 3,
        "text": "Aunque la visión tardará aún por tiempo, mas al fin hablará, y no mentirá: aunque se tardare, espéralo, que sin duda vendrá; no tardará."
      },
      {
        "book_name": "Habakuk",
        "book": 35,
        "chapter": 2,
        "verse": 4,
        "text": "He aquí se enorgullece aquel cuya alma no es derecha en él: mas el justo en su fe vivirá."
      },
      {
        "book_name": "Habakuk",
        "book": 35,
        "chapter": 2,
        "verse": 5,
        "text": "Y también, por cuanto peca por el vino, es un hombre soberbio, y no permanecerá: que ensanchó como el infierno su alma, y es como la muerte, que no se hartará: antes reunió á sí todas las gentes, y amontonó á sí todos los pueblos."
      },
      {
        "book_name": "Habakuk",
        "book": 35,
        "chapter": 2,
        "verse": 6,
        "text": "¿No han de levantar todos estos sobre él parábola, y sarcasmos contra él? Y dirán: ­Ay del que multiplicó lo que no era suyo! ¿Y hasta cuándo había de amontonar sobre sí espeso lodo?"
      },
      {
        "book_name": "Habakuk",
        "book": 35,
        "chapter": 2,
        "verse": 7,
        "text": "¿No se levantarán de repente los que te han de morder, y se despertarán los que te han de quitar de tu lugar, y serás á ellos por rapiña?"
      },
      {
        "book_name": "Habakuk",
        "book": 35,
        "chapter": 2,
        "verse": 8,
        "text": "Porque tú has despojado muchas gentes, todos los otros pueblos te despojarán; á causa de las sangres humanas, y robos de la tierra, de las ciudades y de todos los que moraban en ellas."
      },
      {
        "book_name": "Habakuk",
        "book": 35,
        "chapter": 2,
        "verse": 9,
        "text": "Ay del que codicia maligna codicia para su casa, por poner en alto su nido, por escaparse del poder del mal!"
      },
      {
        "book_name": "Habakuk",
        "book": 35,
        "chapter": 2,
        "verse": 10,
        "text": "Tomaste consejo vergonzoso para tu casa, asolaste muchos pueblos, y has pecado contra tu vida."
      },
      {
        "book_name": "Habakuk",
        "book": 35,
        "chapter": 2,
        "verse": 11,
        "text": "Porque la piedra clamará desde el muro, y la tabla del enmaderado le responderá."
      },
      {
        "book_name": "Habakuk",
        "book": 35,
        "chapter": 2,
        "verse": 12,
        "text": "Ay del que edifica la ciudad con sangres, y del que funda la villa con iniquidad!"
      },
      {
        "book_name": "Habakuk",
        "book": 35,
        "chapter": 2,
        "verse": 13,
        "text": "¿No es esto de Jehová de los ejércitos? Los pueblos pues trabajarán para el fuego, y las gentes se fatigarán en vano."
      },
      {
        "book_name": "Habakuk",
        "book": 35,
        "chapter": 2,
        "verse": 14,
        "text": "Porque la tierra será llena de conocimiento de la gloria de Jehová, como las aguas cubren la mar."
      },
      {
        "book_name": "Habakuk",
        "book": 35,
        "chapter": 2,
        "verse": 15,
        "text": "Ay del que da de beber á sus compañeros, que les acercas tu hiel y embriagas, para mirar sus desnudeces!"
      },
      {
        "book_name": "Habakuk",
        "book": 35,
        "chapter": 2,
        "verse": 16,
        "text": "Haste llenado de deshonra más que de honra: bebe tú también, y serás descubierto; el cáliz de la mano derecha de Jehová volverá sobre ti, y vómito de afrenta sobre tu gloria."
      },
      {
        "book_name": "Habakuk",
        "book": 35,
        "chapter": 2,
        "verse": 17,
        "text": "Porque la rapiña del Líbano caerá sobre ti, y la destrucción de las fieras lo quebrantará; á causa de las sangres humanas, y del robo de la tierra, de las ciudades, y de todos los que en ellas moraban."
      },
      {
        "book_name": "Habakuk",
        "book": 35,
        "chapter": 2,
        "verse": 18,
        "text": "¿De qué sirve la escultura que esculpió el que la hizo? ¿la estatua de fundición, que enseña mentira, para que haciendo imágenes mudas confíe el hacedor en su obra?"
      },
      {
        "book_name": "Habakuk",
        "book": 35,
        "chapter": 2,
        "verse": 19,
        "text": "Ay del que dice al palo; Despiértate; y á la piedra muda: Levántate! ¿Podrá él enseñar? He aquí él está cubierto de oro y plata, y no hay dentro de él espíritu."
      },
      {
        "book_name": "Habakuk",
        "book": 35,
        "chapter": 2,
        "verse": 20,
        "text": "Mas Jehová está en su santo templo: calle delante de él toda la tierra."
      }
    ],
    "3": [
      {
        "book_name": "Habakuk",
        "book": 35,
        "chapter": 3,
        "verse": 1,
        "text": "1ORACION de Habacuc profeta, sobre Sigionoth. 2Oh Jehová, oído he tu palabra, y temí: Oh Jehová, aviva tu obra en medio de los tiempos, En medio de los tiempos hazla conocer; En la ira acuérdate de la misericordia. 3Dios vendrá de Temán, Y el Santo del monte de Parán, (Selah.) Su gloria cubrió los cielos, Y la tierra se llenó de su alabanza.  4Y el resplandor fué como la luz; Rayos brillantes salían de su mano; Y allí estaba escondida su fortaleza.  5Delante de su rostro iba mortandad, Y á sus pies salían carbones encendidos.  6Paróse, y midió la tierra: Miró, é hizo temblar las gentes; Y los montes antiguos fueron desmenuzados, Los collados antiguos se humillaron á él. Sus caminos son eternos.  7He visto las tiendas de Cushán en aflicción; Las tiendas de la tierra de Madián temblaron.  8¿Airóse Jehová contra los ríos? ¿Contra los ríos fué tu enojo? ¿Tu ira contra la mar, Cuando subiste sobre tus caballos, Y sobre tus carros de salud?  9Descubrióse enteramente tu arco, Los juramentos á las tribus, palabra segura. (Selah.) Hendiste la tierra con ríos.  10Viéronte, y tuvieron temor los montes: Pasó la inundación de las aguas: El abismo dió su voz, La hondura alzó sus manos.  11El sol y la luna se pararon en su estancia: A la luz de tus saetas anduvieron, Y al resplandor de tu fulgente lanza.  12Con ira hollaste la tierra, Con furor trillaste las gentes.  13Saliste para salvar tu pueblo, Para salvar con tu ungido. Traspasaste la cabeza de la casa del impío, Desnudando el cimiento hasta el cuello. (Selah.)  14Horadaste con sus báculos las cabezas de sus villas, Que como tempestad acometieron para derramarme: Su orgullo era como para devorar al pobre encubiertamente.  15Hiciste camino en la mar á tu caballos, Por montón de grandes aguas.  16Oí, y tembló mi vientre; A la voz se batieron mis labios; Pudrición se entró en mis huesos, y en mi asiento me estremecí; Si bien estaré quieto en el día de la angustia, Cuando suba al pueblo el que lo invadirá con sus tropas.  17Aunque la higuera no florecerá, Ni en las vides habrá frutos; Mentirá la obra de la oliva, Y los labrados no darán mantenimiento. Y las ovejas serán quitadas de la majada, Y no habrá vacas en los corrales;  18Con todo yo me alegraré en Jehová, Y me gozaré en el Dios de mi salud.  19Jehová el Señor es mi fortaleza, El cual pondrá mis pies como de ciervas, Y me hará andar sobre mis alturas"
      },
      {
        "book_name": "Habakuk",
        "book": 35,
        "chapter": 3,
        "verse": 1,
        "text": "ORACION de Habacuc profeta, sobre Sigionoth."
      },
      {
        "book_name": "Habakuk",
        "book": 35,
        "chapter": 3,
        "verse": 2,
        "text": "Oh Jehová, oído he tu palabra, y temí: Oh Jehová, aviva tu obra en medio de los tiempos, En medio de los tiempos hazla conocer; En la ira acuérdate de la misericordia."
      },
      {
        "book_name": "Habakuk",
        "book": 35,
        "chapter": 3,
        "verse": 3,
        "text": "Dios vendrá de Temán, Y el Santo del monte de Parán, (Selah.) Su gloria cubrió los cielos, Y la tierra se llenó de su alabanza."
      },
      {
        "book_name": "Habakuk",
        "book": 35,
        "chapter": 3,
        "verse": 4,
        "text": "Y el resplandor fué como la luz; Rayos brillantes salían de su mano; Y allí estaba escondida su fortaleza."
      },
      {
        "book_name": "Habakuk",
        "book": 35,
        "chapter": 3,
        "verse": 5,
        "text": "Delante de su rostro iba mortandad, Y á sus pies salían carbones encendidos."
      },
      {
        "book_name": "Habakuk",
        "book": 35,
        "chapter": 3,
        "verse": 6,
        "text": "Paróse, y midió la tierra: Miró, é hizo temblar las gentes; Y los montes antiguos fueron desmenuzados, Los collados antiguos se humillaron á él. Sus caminos son eternos."
      },
      {
        "book_name": "Habakuk",
        "book": 35,
        "chapter": 3,
        "verse": 7,
        "text": "He visto las tiendas de Cushán en aflicción; Las tiendas de la tierra de Madián temblaron."
      },
      {
        "book_name": "Habakuk",
        "book": 35,
        "chapter": 3,
        "verse": 8,
        "text": "¿Airóse Jehová contra los ríos? ¿Contra los ríos fué tu enojo? ¿Tu ira contra la mar, Cuando subiste sobre tus caballos, Y sobre tus carros de salud?"
      },
      {
        "book_name": "Habakuk",
        "book": 35,
        "chapter": 3,
        "verse": 9,
        "text": "Descubrióse enteramente tu arco, Los juramentos á las tribus, palabra segura. (Selah.) Hendiste la tierra con ríos."
      },
      {
        "book_name": "Habakuk",
        "book": 35,
        "chapter": 3,
        "verse": 10,
        "text": "Viéronte, y tuvieron temor los montes: Pasó la inundación de las aguas: El abismo dió su voz, La hondura alzó sus manos."
      },
      {
        "book_name": "Habakuk",
        "book": 35,
        "chapter": 3,
        "verse": 11,
        "text": "El sol y la luna se pararon en su estancia: A la luz de tus saetas anduvieron, Y al resplandor de tu fulgente lanza."
      },
      {
        "book_name": "Habakuk",
        "book": 35,
        "chapter": 3,
        "verse": 12,
        "text": "Con ira hollaste la tierra, Con furor trillaste las gentes."
      },
      {
        "book_name": "Habakuk",
        "book": 35,
        "chapter": 3,
        "verse": 13,
        "text": "Saliste para salvar tu pueblo, Para salvar con tu ungido. Traspasaste la cabeza de la casa del impío, Desnudando el cimiento hasta el cuello. (Selah.)"
      },
      {
        "book_name": "Habakuk",
        "book": 35,
        "chapter": 3,
        "verse": 14,
        "text": "Horadaste con sus báculos las cabezas de sus villas, Que como tempestad acometieron para derramarme: Su orgullo era como para devorar al pobre encubiertamente."
      },
      {
        "book_name": "Habakuk",
        "book": 35,
        "chapter": 3,
        "verse": 15,
        "text": "Hiciste camino en la mar á tu caballos, Por montón de grandes aguas."
      },
      {
        "book_name": "Habakuk",
        "book": 35,
        "chapter": 3,
        "verse": 16,
        "text": "Oí, y tembló mi vientre; A la voz se batieron mis labios; Pudrición se entró en mis huesos, y en mi asiento me estremecí; Si bien estaré quieto en el día de la angustia, Cuando suba al pueblo el que lo invadirá con sus tropas."
      },
      {
        "book_name": "Habakuk",
        "book": 35,
        "chapter": 3,
        "verse": 17,
        "text": "Aunque la higuera no florecerá, Ni en las vides habrá frutos; Mentirá la obra de la oliva, Y los labrados no darán mantenimiento. Y las ovejas serán quitadas de la majada, Y no habrá vacas en los corrales;"
      },
      {
        "book_name": "Habakuk",
        "book": 35,
        "chapter": 3,
        "verse": 18,
        "text": "Con todo yo me alegraré en Jehová, Y me gozaré en el Dios de mi salud."
      },
      {
        "book_name": "Habakuk",
        "book": 35,
        "chapter": 3,
        "verse": 19,
        "text": "Jehová el Señor es mi fortaleza, El cual pondrá mis pies como de ciervas, Y me hará andar sobre mis alturas"
      }
    ]
  }
}