{
  "source": "bible.com",
  "version": "Reina Valera (1602)",
  "book": "Haggai",
  "chapters": {
    "1": [
      {
        "book_name": "Haggai",
        "book": 37,
        "chapter": 1,
        "verse": 1,
        "text": "1EN el año segundo del rey Darío en el mes sexto, en el primer día del mes, fué palabra de Jehová, por mano del profeta Haggeo, á Zorobabel hijo de Sealtiel, gobernador de Judá, y á Josué hijo de Josadac, gran sacerdote, diciendo: 2Jehová de los ejércitos habla así, diciendo: Este pueblo dice: No es aún venido el tiempo, el tiempo de que la casa de Jehová sea reedificada. 3Fué pues palabra de Jehová por mano del profeta Haggeo, diciendo: 4¿Es para vosotros tiempo, para vosotros, de morar en vuestras casas enmaderadas, y esta casa está desierta? 5Pues así ha dicho Jehová de los ejércitos: Pensad bien sobre vuestros caminos. 6Sembráis mucho, y encerráis poco; coméis, y no os hartáis; bebéis, y no os saciáis; os vestís, y no os calentáis; y el que anda á jornal recibe su jornal en trapo horadado. 7Así ha dicho Jehová de los ejércitos: Meditad sobre vuestros caminos. 8Subid al monte, y traed madera, y reedificad la casa; y pondré en ella, mi voluntad, y seré honrado, ha dicho Jehová. 9Buscáis mucho, y halláis poco; y encerráis en casa, y soplo en ello. ¿Por qué? dice Jehová de los ejércitos. Por cuanto mi casa está desierta, y cada uno de vosotros corre á su propia casa. 10Por eso se detuvo de los cielos sobre vosotros la lluvia, y la tierra detuvo sus frutos. 11Y llamé la sequedad sobre esta tierra, y sobre los montes, y sobre el trigo, y sobre el vino, y sobre el aceite, y sobre todo lo que la tierra produce, y sobre los hombres sobre y las bestias, y sobre todo trabajo de manos. 12Y oyó Zorobabel hijo de Sealtiel, y Josué hijo de Josadac, gran sacerdote, y todo el demás pueblo, la voz de Jehová su Dios, y las palabras del porfeta Haggeo, como lo había enviado Jehová el Dios de ellos; y temió el pueblo delante de Jehová.  13Entonces Haggeo, enviado de Jehová, habló por mandado de Jehová, al pueblo, diciendo: Yo soy con vosotros, dice Jehová.  14Y despertó Jehová el espíritu de Zorobabel hijo de Sealtiel, gobernador de Judá, y el espíritu de Josué hijo de Josadac, gran sacerdote, y el espíritu de todo el resto del pueblo; y vinieron é hicieron obra en la casa de Jehová de los ejércitos, su Dios.  15En el día veinte y cuatro del mes sexto, en el segundo año del rey Darío."
      },
      {
        "book_name": "Haggai",
        "book": 37,
        "chapter": 1,
        "verse": 1,
        "text": "EN el año segundo del rey Darío en el mes sexto, en el primer día del mes, fué palabra de Jehová, por mano del profeta Haggeo, á Zorobabel hijo de Sealtiel, gobernador de Judá, y á Josué hijo de Josadac, gran sacerdote, diciendo:"
      },
      {
        "book_name": "Haggai",
        "book": 37,
        "chapter": 1,
        "verse": 2,
        "text": "Jehová de los ejércitos habla así, diciendo: Este pueblo dice: No es aún venido el tiempo, el tiempo de que la casa de Jehová sea reedificada."
      },
      {
        "book_name": "Haggai",
        "book": 37,
        "chapter": 1,
        "verse": 3,
        "text": "Fué pues palabra de Jehová por mano del profeta Haggeo, diciendo:"
      },
      {
        "book_name": "Haggai",
        "book": 37,
        "chapter": 1,
        "verse": 4,
        "text": "¿Es para vosotros tiempo, para vosotros, de morar en vuestras casas enmaderadas, y esta casa está desierta?"
      },
      {
        "book_name": "Haggai",
        "book": 37,
        "chapter": 1,
        "verse": 5,
        "text": "Pues así ha dicho Jehová de los ejércitos: Pensad bien sobre vuestros caminos."
      },
      {
        "book_name": "Haggai",
        "book": 37,
        "chapter": 1,
        "verse": 6,
        "text": "Sembráis mucho, y encerráis poco; coméis, y no os hartáis; bebéis, y no os saciáis; os vestís, y no os calentáis; y el que anda á jornal recibe su jornal en trapo horadado."
      },
      {
        "book_name": "Haggai",
        "book": 37,
        "chapter": 1,
        "verse": 7,
        "text": "Así ha dicho Jehová de los ejércitos: Meditad sobre vuestros caminos."
      },
      {
        "book_name": "Haggai",
        "book": 37,
        "chapter": 1,
        "verse": 8,
        "text": "Subid al monte, y traed madera, y reedificad la casa; y pondré en ella, mi voluntad, y seré honrado, ha dicho Jehová."
      },
      {
        "book_name": "Haggai",
        "book": 37,
        "chapter": 1,
        "verse": 9,
        "text": "Buscáis mucho, y halláis poco; y encerráis en casa, y soplo en ello. ¿Por qué? dice Jehová de los ejércitos. Por cuanto mi casa está desierta, y cada uno de vosotros corre á su propia casa."
      },
      {
        "book_name": "Haggai",
        "book": 37,
        "chapter": 1,
        "verse": 10,
        "text": "Por eso se detuvo de los cielos sobre vosotros la lluvia, y la tierra detuvo sus frutos."
      },
      {
        "book_name": "Haggai",
        "book": 37,
        "chapter": 1,
        "verse": 11,
        "text": "Y llamé la sequedad sobre esta tierra, y sobre los montes, y sobre el trigo, y sobre el vino, y sobre el aceite, y sobre todo lo que la tierra produce, y sobre los hombres sobre y las bestias, y sobre todo trabajo de manos."
      },
      {
        "book_name": "Haggai",
        "book": 37,
        "chapter": 1,
        "verse": 12,
        "text": "Y oyó Zorobabel hijo de Sealtiel, y Josué hijo de Josadac, gran sacerdote, y todo el demás pueblo, la voz de Jehová su Dios, y las palabras del porfeta Haggeo, como lo había enviado Jehová el Dios de ellos; y temió el pueblo delante de Jehová."
      },
      {
        "book_name": "Haggai",
        "book": 37,
        "chapter": 1,
        "verse": 13,
        "text": "Entonces Haggeo, enviado de Jehová, habló por mandado de Jehová, al pueblo, diciendo: Yo soy con vosotros, dice Jehová."
      },
      {
        "book_name": "Haggai",
        "book": 37,
        "chapter": 1,
        "verse": 14,
        "text": "Y despertó Jehová el espíritu de Zorobabel hijo de Sealtiel, gobernador de Judá, y el espíritu de Josué hijo de Josadac, gran sacerdote, y el espíritu de todo el resto del pueblo; y vinieron é hicieron obra en la casa de Jehová de los ejércitos, su Dios."
      },
      {
        "book_name": "Haggai",
        "book": 37,
        "chapter": 1,
        "verse": 15,
        "text": "En el día veinte y cuatro del mes sexto, en el segundo año del rey Darío."
      }
    ],
    "2": [
      {
        "book_name": "Haggai",
        "book": 37,
        "chapter": 2,
        "verse": 1,
        "text": "1EN el mes séptimo, á los veinte y uno del mes, fué palabra de Jehová por mano del profeta Haggeo, diciendo: 2Habla ahora á Zorobabel hijo de Sealtiel, gobernador de Judá, y á Josué hijo de Josadac, gran sacerdote, y al resto del pueblo, diciendo: 3¿Quién ha quedado entre vosotros que haya visto esta casa en su primera gloria, y cual ahora la veis? ¿No es ella como nada delante de vuestros ojos? 4Pues ahora, Zorobabel, esfuérzate, dice Jehová; esfuérzate también Josué, hijo de Josadac, gran sacerdote; y cobra ánimo, pueblo todo de la tierra, dice Jehová, y obrad: porque yo soy con vosotros, dice Jehová de los ejércitos. 5Según el pacto que concerté con vosotros a vuestra salida de Egipto, así mi espíritu estará en medio de vosotros: no temáis. 6Porque así dice Jehová de los ejércitos: De aquí á poco aun haré yo temblar los cielos y la tierra, y la mar y la seca: 7Y haré temblar á todas las gentes, y vendrá el Deseado de todas las gentes; y henchiré esta casa de gloria, ha dicho Jehová de los ejércitos. 8Mía es la plata, y mío el oro, dice Jehová de los ejércitos. 9La gloria de aquesta casa postrera será mayor que la de la primera, ha dicho Jehová de los ejércitos; y daré paz en este lugar, dice Jehová de los ejércitos. 10A veinticuatro del noveno mes, en el segundo año de Darío, fué palabra de Jehová por mano del profeta Haggeo, diciendo:  11Así ha dicho Jehová de los ejércitos: Pregunta ahora á los sacerdotes acerca de la ley, diciendo:  12Si llevare alguno las carnes sagradas en la falda de su ropa, y con el vuelo de ella tocare el pan, ó la vianda, ó el vino, ó el aceite, ú otra cualquier comida, ¿será santificado? Y respondieron los sacerdotes, y dijeron: No.  13Y dijo Haggeo: Si un inmundo á causa de cuerpo muerto tocare alguna cosa de éstas, ¿será inmunda? Y respondieron los sacerdotes, y dijeron: Inmunda será.  14Y respondió Haggeo y dijo: Así es este pueblo, y esta gente, delante de mí, dice Jehová; y asimismo toda obra de sus manos; y todo lo que aquí ofrecen es inmundo.  15Ahora pues, poned vuestro corazón desde este día en adelante, antes que pusiesen piedra sobre piedra en el templo de Jehová,  16Antes que fuesen estas cosas, venían al montón de veinte hanegas, y había diez; venían al lagar para sacar cincuenta cántaros del lagar, y había veinte.  17Os herí con viento solano, y con tizoncillo, y con granizo en toda obra de vuestras manos; mas no os convertisteis á mí, dice Jehová.  18Pues poned ahora vuestro corazón desde este día en adelante, desde el día veinticuatro del noveno mes, desde el día que se echó el cimiento al templo de Jehová; poned vuestro corazón.  19¿Aun no está la simiente en el granero? ni la vid, ni la higuera, ni el granado, ni el árbol de la oliva ha todavía florecido: mas desde aqueste día daré bendición.  20Y fué segunda vez palabra de Jehová á Haggeo, á los veinticuatro del mismo mes, diciendo:  21Habla á Zorobabel, gobernador de Judá, diciendo: Yo haré temblar los cielos y la tierra;  22Y trastornaré el trono de los reinos, y destruiré la fuerza del reino de las gentes; y trastornaré el carro, y los que en él suben; y vendrán abajo los caballos, y los que en ellos montan, cada cual por la espada de su hermano.  23En aquel día, dice Jehová de los ejércitos, te tomaré, oh Zorobabel, hijo de Sealtiel, siervo mío, dice Jehová, y ponerte he como anillo de sellar: porque yo te escogí, dice Jehová de los ejércitos."
      },
      {
        "book_name": "Haggai",
        "book": 37,
        "chapter": 2,
        "verse": 1,
        "text": "EN el mes séptimo, á los veinte y uno del mes, fué palabra de Jehová por mano del profeta Haggeo, diciendo:"
      },
      {
        "book_name": "Haggai",
        "book": 37,
        "chapter": 2,
        "verse": 2,
        "text": "Habla ahora á Zorobabel hijo de Sealtiel, gobernador de Judá, y á Josué hijo de Josadac, gran sacerdote, y al resto del pueblo, diciendo:"
      },
      {
        "book_name": "Haggai",
        "book": 37,
        "chapter": 2,
        "verse": 3,
        "text": "¿Quién ha quedado entre vosotros que haya visto esta casa en su primera gloria, y cual ahora la veis? ¿No es ella como nada delante de vuestros ojos?"
      },
      {
        "book_name": "Haggai",
        "book": 37,
        "chapter": 2,
        "verse": 4,
        "text": "Pues ahora, Zorobabel, esfuérzate, dice Jehová; esfuérzate también Josué, hijo de Josadac, gran sacerdote; y cobra ánimo, pueblo todo de la tierra, dice Jehová, y obrad: porque yo soy con vosotros, dice Jehová de los ejércitos."
      },
      {
        "book_name": "Haggai",
        "book": 37,
        "chapter": 2,
        "verse": 5,
        "text": "Según el pacto que concerté con vosotros a vuestra salida de Egipto, así mi espíritu estará en medio de vosotros: no temáis."
      },
      {
        "book_name": "Haggai",
        "book": 37,
        "chapter": 2,
        "verse": 6,
        "text": "Porque así dice Jehová de los ejércitos: De aquí á poco aun haré yo temblar los cielos y la tierra, y la mar y la seca:"
      },
      {
        "book_name": "Haggai",
        "book": 37,
        "chapter": 2,
        "verse": 7,
        "text": "Y haré temblar á todas las gentes, y vendrá el Deseado de todas las gentes; y henchiré esta casa de gloria, ha dicho Jehová de los ejércitos."
      },
      {
        "book_name": "Haggai",
        "book": 37,
        "chapter": 2,
        "verse": 8,
        "text": "Mía es la plata, y mío el oro, dice Jehová de los ejércitos."
      },
      {
        "book_name": "Haggai",
        "book": 37,
        "chapter": 2,
        "verse": 9,
        "text": "La gloria de aquesta casa postrera será mayor que la de la primera, ha dicho Jehová de los ejércitos; y daré paz en este lugar, dice Jehová de los ejércitos."
      },
      {
        "book_name": "Haggai",
        "book": 37,
        "chapter": 2,
        "verse": 10,
        "text": "A veinticuatro del noveno mes, en el segundo año de Darío, fué palabra de Jehová por mano del profeta Haggeo, diciendo:"
      },
      {
        "book_name": "Haggai",
        "book": 37,
        "chapter": 2,
        "verse": 11,
        "text": "Así ha dicho Jehová de los ejércitos: Pregunta ahora á los sacerdotes acerca de la ley, diciendo:"
      },
      {
        "book_name": "Haggai",
        "book": 37,
        "chapter": 2,
        "verse": 12,
        "text": "Si llevare alguno las carnes sagradas en la falda de su ropa, y con el vuelo de ella tocare el pan, ó la vianda, ó el vino, ó el aceite, ú otra cualquier comida, ¿será santificado? Y respondieron los sacerdotes, y dijeron: No."
      },
      {
        "book_name": "Haggai",
        "book": 37,
        "chapter": 2,
        "verse": 13,
        "text": "Y dijo Haggeo: Si un inmundo á causa de cuerpo muerto tocare alguna cosa de éstas, ¿será inmunda? Y respondieron los sacerdotes, y dijeron: Inmunda será."
      },
      {
        "book_name": "Haggai",
        "book": 37,
        "chapter": 2,
        "verse": 14,
        "text": "Y respondió Haggeo y dijo: Así es este pueblo, y esta gente, delante de mí, dice Jehová; y asimismo toda obra de sus manos; y todo lo que aquí ofrecen es inmundo."
      },
      {
        "book_name": "Haggai",
        "book": 37,
        "chapter": 2,
        "verse": 15,
        "text": "Ahora pues, poned vuestro corazón desde este día en adelante, antes que pusiesen piedra sobre piedra en el templo de Jehová,"
      },
      {
        "book_name": "Haggai",
        "book": 37,
        "chapter": 2,
        "verse": 16,
        "text": "Antes que fuesen estas cosas, venían al montón de veinte hanegas, y había diez; venían al lagar para sacar cincuenta cántaros del lagar, y había veinte."
      },
      {
        "book_name": "Haggai",
        "book": 37,
        "chapter": 2,
        "verse": 17,
        "text": "Os herí con viento solano, y con tizoncillo, y con granizo en toda obra de vuestras manos; mas no os convertisteis á mí, dice Jehová."
      },
      {
        "book_name": "Haggai",
        "book": 37,
        "chapter": 2,
        "verse": 18,
        "text": "Pues poned ahora vuestro corazón desde este día en adelante, desde el día veinticuatro del noveno mes, desde el día que se echó el cimiento al templo de Jehová; poned vuestro corazón."
      },
      {
        "book_name": "Haggai",
        "book": 37,
        "chapter": 2,
        "verse": 19,
        "text": "¿Aun no está la simiente en el granero? ni la vid, ni la higuera, ni el granado, ni el árbol de la oliva ha todavía florecido: mas desde aqueste día daré bendición."
      },
      {
        "book_name": "Haggai",
        "book": 37,
        "chapter": 2,
        "verse": 20,
        "text": "Y fué segunda vez palabra de Jehová á Haggeo, á los veinticuatro del mismo mes, diciendo:"
      },
      {
        "book_name": "Haggai",
        "book": 37,
        "chapter": 2,
        "verse": 21,
        "text": "Habla á Zorobabel, gobernador de Judá, diciendo: Yo haré temblar los cielos y la tierra;"
      },
      {
        "book_name": "Haggai",
        "book": 37,
        "chapter": 2,
        "verse": 22,
        "text": "Y trastornaré el trono de los reinos, y destruiré la fuerza del reino de las gentes; y trastornaré el carro, y los que en él suben; y vendrán abajo los caballos, y los que en ellos montan, cada cual por la espada de su hermano."
      },
      {
        "book_name": "Haggai",
        "book": 37,
        "chapter": 2,
        "verse": 23,
        "text": "En aquel día, dice Jehová de los ejércitos, te tomaré, oh Zorobabel, hijo de Sealtiel, siervo mío, dice Jehová, y ponerte he como anillo de sellar: porque yo te escogí, dice Jehová de los ejércitos."
      }
    ]
  }
}