{
  "source": "bible.com",
  "version": "Reina Valera (1602)",
  "book": "Hosea",
  "chapters": {
    "1": [
      {
        "book_name": "Hosea",
        "book": 28,
        "chapter": 1,
        "verse": 1,
        "text": "1PALABRA de Jehová que fué á Oseas hijo de Beeri, en días de Ozías, Joathán, Achâz, y Ezechîas, reyes de Judá, y en días de Jeroboam hijo de Joas, rey de Israel. 2El principio de la palabra de Jehová con Oseas. Y dijo Jehová á Oseas: Ve, tómate una mujer fornicaria, é hijos de fornicaciones: porque la tierra se dará á fornicar apartándose de Jehová.  3Fué pues, y tomó á Gomer hija de Diblaim, la cual concibió y le parió un hijo.  4Y díjole Jehová: Ponle por nombre Jezreel; porque de aquí á poco yo visitaré las sangres de Jezreel sobre la casa de Jehú, y haré cesar el reino de la casa de Israel.  5Y acaecerá que en aquel día quebraré yo el arco de Israel en el valle de Jezreel.  6Y concibió aún, y parió una hija. Y díjole Dios: Ponle por nombre Lo-ruhama: porque no más tendré misericordia de la casa de Israel, sino que los quitaré del todo.  7Mas de la casa de Judá tendré misericordia, y salvarélos en Jehová su Dios: y no los salvaré con arco, ni con espada, ni con batalla, ni con caballos ni caballeros.  8Y después de haber destetado á Lo-ruhama, concibió y parió un hijo.  9Y dijo Dios: Ponle por nombre Lo-ammi: porque vosotros no sois mi pueblo, ni yo seré vuestro Dios.  10Con todo será el número de los hijos de Israel como la arena de la mar, que ni se puede medir ni contar. Y será, que donde se les ha dicho: Vosotros no sois mi pueblo, les será dicho: Sois hijos del Dios viviente.  11Y los hijos de Judá y de Israel serán congregados en uno, y levantarán para sí una cabeza, y subirán de la tierra: porque el día de Jezreel será grande."
      },
      {
        "book_name": "Hosea",
        "book": 28,
        "chapter": 1,
        "verse": 1,
        "text": "PALABRA de Jehová que fué á Oseas hijo de Beeri, en días de Ozías, Joathán, Achâz, y Ezechîas, reyes de Judá, y en días de Jeroboam hijo de Joas, rey de Israel."
      },
      {
        "book_name": "Hosea",
        "book": 28,
        "chapter": 1,
        "verse": 2,
        "text": "El principio de la palabra de Jehová con Oseas. Y dijo Jehová á Oseas: Ve, tómate una mujer fornicaria, é hijos de fornicaciones: porque la tierra se dará á fornicar apartándose de Jehová."
      },
      {
        "book_name": "Hosea",
        "book": 28,
        "chapter": 1,
        "verse": 3,
        "text": "Fué pues, y tomó á Gomer hija de Diblaim, la cual concibió y le parió un hijo."
      },
      {
        "book_name": "Hosea",
        "book": 28,
        "chapter": 1,
        "verse": 4,
        "text": "Y díjole Jehová: Ponle por nombre Jezreel; porque de aquí á poco yo visitaré las sangres de Jezreel sobre la casa de Jehú, y haré cesar el reino de la casa de Israel."
      },
      {
        "book_name": "Hosea",
        "book": 28,
        "chapter": 1,
        "verse": 5,
        "text": "Y acaecerá que en aquel día quebraré yo el arco de Israel en el valle de Jezreel."
      },
      {
        "book_name": "Hosea",
        "book": 28,
        "chapter": 1,
        "verse": 6,
        "text": "Y concibió aún, y parió una hija. Y díjole Dios: Ponle por nombre Lo-ruhama: porque no más tendré misericordia de la casa de Israel, sino que los quitaré del todo."
      },
      {
        "book_name": "Hosea",
        "book": 28,
        "chapter": 1,
        "verse": 7,
        "text": "Mas de la casa de Judá tendré misericordia, y salvarélos en Jehová su Dios: y no los salvaré con arco, ni con espada, ni con batalla, ni con caballos ni caballeros."
      },
      {
        "book_name": "Hosea",
        "book": 28,
        "chapter": 1,
        "verse": 8,
        "text": "Y después de haber destetado á Lo-ruhama, concibió y parió un hijo."
      },
      {
        "book_name": "Hosea",
        "book": 28,
        "chapter": 1,
        "verse": 9,
        "text": "Y dijo Dios: Ponle por nombre Lo-ammi: porque vosotros no sois mi pueblo, ni yo seré vuestro Dios."
      },
      {
        "book_name": "Hosea",
        "book": 28,
        "chapter": 1,
        "verse": 10,
        "text": "Con todo será el número de los hijos de Israel como la arena de la mar, que ni se puede medir ni contar. Y será, que donde se les ha dicho: Vosotros no sois mi pueblo, les será dicho: Sois hijos del Dios viviente."
      },
      {
        "book_name": "Hosea",
        "book": 28,
        "chapter": 1,
        "verse": 11,
        "text": "Y los hijos de Judá y de Israel serán congregados en uno, y levantarán para sí una cabeza, y subirán de la tierra: porque el día de Jezreel será grande."
      }
    ],
    "2": [
      {
        "book_name": "Hosea",
        "book": 28,
        "chapter": 2,
        "verse": 1,
        "text": "1DECID á vuestros hermanos, Ammi, y vuestras hermanas, Ruhama: 2Pleitead con vuestra madre, pleitead; porque ella no es mi mujer, ni yo su marido; quite pues sus fornicaciones de su rostro, y sus adulterios de entre sus pechos; 3No sea que yo la despoje desnuda, y la haga tornar como el día en que nació, y la ponga como un desierto, y la deje como tierra seca, y la mate de sed. 4Ni tendré misericordia de sus hijos: porque son hijos de fornicaciones. 5Porque su madre fornicó; la que los engendró fué avergonzada; porque dijo: Iré tras mis amantes, que me dan mi pan y mi agua, mi lana y mi lino, mi aceite y mi bebida. 6Por tanto, he aquí yo cerco tu camino con espinas, y la cercaré con seto, y no hallará sus caminos.  7Y seguirá sus amantes, y no los alcanzará; buscarálos, y no los hallará. Entonces dira: Iré, y volvéreme á mi primer marido; porque mejor me iba entonces que ahora.  8Y ella no reconoció que yo le daba el trigo, y el vino, y el aceite, y que les multipliqué la plata y el oro con que hicieron á Baal.  9Por tanto yo tornaré, y tomaré mi trigo á su tiempo, y mi vino á su sazón, y quitaré mi lana y mi lino que había dado para cubrir su desnudez.  10Y ahora descubriré yo su locura delante de los ojos de sus amantes, y nadie la librará de mi mano.  11Y haré cesar todo su gozo, sus fiestas, sus nuevas lunas y sus sábados, y todas sus festividades.  12Y haré talar sus vides y sus higueras, de que ha dicho: Mi salario me son, que me han dado mis amantes. Y reducirélas á un matorral, y las comerán las bestias del campo.  13Y visitaré sobre ella los tiempos de los Baales, á los cuales incensaba, y adornábase de sus zarcillos y de sus joyeles, é íbase tras sus amantes olvidada de mí, dice Jehová.  14Empero he aquí, yo la induciré, y la llevaré al desierto, y hablaré á su corazón.  15Y daréle sus viñas desde allí, y el valle de Achôr por puerta de esperanza; y allí cantará como en los tiempos de su juventud, y como en el día de su subida de la tierra de Egipto.  16Y será que en aquel tiempo, dice Jehová, me llamarás Marido mío, y nunca más me llamarás Baali.  17Porque quitaré de su boca los nombres de los Baales, y nunca más serán mentados por sus nombres.  18Y haré por ellos concierto en aquel tiempo con las bestias del campo, y con las aves del cielo, y con las serpientes de la tierra: y quebraré arco, y espada, y batalla de la tierra, y harélos dormir seguros.  19Y te desposaré conmigo para siempre; desposarte he conmigo en justicia, y juicio, y misericordia, y miseraciones.  20Y te desposaré conmigo en fe, y conocerás á Jehová.  21Y será que en aquel tiempo responderé, dice Jehová, yo responderé á los cielos, y ellos responderán á la tierra;  22Y la tierra responderá al trigo, y al vino, y al aceite, y ellos responderán á Jezreel.  23Y sembraréla para mí en la tierra, y tendré misericordia de Lo-ruhama: y diré á Lo-ammi: Pueblo mío tú; y él dirá: Dios mío."
      },
      {
        "book_name": "Hosea",
        "book": 28,
        "chapter": 2,
        "verse": 1,
        "text": "DECID á vuestros hermanos, Ammi, y vuestras hermanas, Ruhama:"
      },
      {
        "book_name": "Hosea",
        "book": 28,
        "chapter": 2,
        "verse": 2,
        "text": "Pleitead con vuestra madre, pleitead; porque ella no es mi mujer, ni yo su marido; quite pues sus fornicaciones de su rostro, y sus adulterios de entre sus pechos;"
      },
      {
        "book_name": "Hosea",
        "book": 28,
        "chapter": 2,
        "verse": 3,
        "text": "No sea que yo la despoje desnuda, y la haga tornar como el día en que nació, y la ponga como un desierto, y la deje como tierra seca, y la mate de sed."
      },
      {
        "book_name": "Hosea",
        "book": 28,
        "chapter": 2,
        "verse": 4,
        "text": "Ni tendré misericordia de sus hijos: porque son hijos de fornicaciones."
      },
      {
        "book_name": "Hosea",
        "book": 28,
        "chapter": 2,
        "verse": 5,
        "text": "Porque su madre fornicó; la que los engendró fué avergonzada; porque dijo: Iré tras mis amantes, que me dan mi pan y mi agua, mi lana y mi lino, mi aceite y mi bebida."
      },
      {
        "book_name": "Hosea",
        "book": 28,
        "chapter": 2,
        "verse": 6,
        "text": "Por tanto, he aquí yo cerco tu camino con espinas, y la cercaré con seto, y no hallará sus caminos."
      },
      {
        "book_name": "Hosea",
        "book": 28,
        "chapter": 2,
        "verse": 7,
        "text": "Y seguirá sus amantes, y no los alcanzará; buscarálos, y no los hallará. Entonces dira: Iré, y volvéreme á mi primer marido; porque mejor me iba entonces que ahora."
      },
      {
        "book_name": "Hosea",
        "book": 28,
        "chapter": 2,
        "verse": 8,
        "text": "Y ella no reconoció que yo le daba el trigo, y el vino, y el aceite, y que les multipliqué la plata y el oro con que hicieron á Baal."
      },
      {
        "book_name": "Hosea",
        "book": 28,
        "chapter": 2,
        "verse": 9,
        "text": "Por tanto yo tornaré, y tomaré mi trigo á su tiempo, y mi vino á su sazón, y quitaré mi lana y mi lino que había dado para cubrir su desnudez."
      },
      {
        "book_name": "Hosea",
        "book": 28,
        "chapter": 2,
        "verse": 10,
        "text": "Y ahora descubriré yo su locura delante de los ojos de sus amantes, y nadie la librará de mi mano."
      },
      {
        "book_name": "Hosea",
        "book": 28,
        "chapter": 2,
        "verse": 11,
        "text": "Y haré cesar todo su gozo, sus fiestas, sus nuevas lunas y sus sábados, y todas sus festividades."
      },
      {
        "book_name": "Hosea",
        "book": 28,
        "chapter": 2,
        "verse": 12,
        "text": "Y haré talar sus vides y sus higueras, de que ha dicho: Mi salario me son, que me han dado mis amantes. Y reducirélas á un matorral, y las comerán las bestias del campo."
      },
      {
        "book_name": "Hosea",
        "book": 28,
        "chapter": 2,
        "verse": 13,
        "text": "Y visitaré sobre ella los tiempos de los Baales, á los cuales incensaba, y adornábase de sus zarcillos y de sus joyeles, é íbase tras sus amantes olvidada de mí, dice Jehová."
      },
      {
        "book_name": "Hosea",
        "book": 28,
        "chapter": 2,
        "verse": 14,
        "text": "Empero he aquí, yo la induciré, y la llevaré al desierto, y hablaré á su corazón."
      },
      {
        "book_name": "Hosea",
        "book": 28,
        "chapter": 2,
        "verse": 15,
        "text": "Y daréle sus viñas desde allí, y el valle de Achôr por puerta de esperanza; y allí cantará como en los tiempos de su juventud, y como en el día de su subida de la tierra de Egipto."
      },
      {
        "book_name": "Hosea",
        "book": 28,
        "chapter": 2,
        "verse": 16,
        "text": "Y será que en aquel tiempo, dice Jehová, me llamarás Marido mío, y nunca más me llamarás Baali."
      },
      {
        "book_name": "Hosea",
        "book": 28,
        "chapter": 2,
        "verse": 17,
        "text": "Porque quitaré de su boca los nombres de los Baales, y nunca más serán mentados por sus nombres."
      },
      {
        "book_name": "Hosea",
        "book": 28,
        "chapter": 2,
        "verse": 18,
        "text": "Y haré por ellos concierto en aquel tiempo con las bestias del campo, y con las aves del cielo, y con las serpientes de la tierra: y quebraré arco, y espada, y batalla de la tierra, y harélos dormir seguros."
      },
      {
        "book_name": "Hosea",
        "book": 28,
        "chapter": 2,
        "verse": 19,
        "text": "Y te desposaré conmigo para siempre; desposarte he conmigo en justicia, y juicio, y misericordia, y miseraciones."
      },
      {
        "book_name": "Hosea",
        "book": 28,
        "chapter": 2,
        "verse": 20,
        "text": "Y te desposaré conmigo en fe, y conocerás á Jehová."
      },
      {
        "book_name": "Hosea",
        "book": 28,
        "chapter": 2,
        "verse": 21,
        "text": "Y será que en aquel tiempo responderé, dice Jehová, yo responderé á los cielos, y ellos responderán á la tierra;"
      },
      {
        "book_name": "Hosea",
        "book": 28,
        "chapter": 2,
        "verse": 22,
        "text": "Y la tierra responderá al trigo, y al vino, y al aceite, y ellos responderán á Jezreel."
      },
      {
        "book_name": "Hosea",
        "book": 28,
        "chapter": 2,
        "verse": 23,
        "text": "Y sembraréla para mí en la tierra, y tendré misericordia de Lo-ruhama: y diré á Lo-ammi: Pueblo mío tú; y él dirá: Dios mío."
      }
    ],
    "3": [
      {
        "book_name": "Hosea",
        "book": 28,
        "chapter": 3,
        "verse": 1,
        "text": "1Y DIJOME otra vez Jehová: Ve, ama una mujer amada de su compañero, aunque adúltera, como el amor de Jehová para con los hijos de Israel; los cuales miran á dioses ajenos, y aman frascos de vino. 2Compréla entonces para mí por quince dineros de plata, y un homer y medio de cebada; 3Y díjele: Tú estarás por mía muchos días: no fornicarás, ni tomáras otro varón; ni tampoco yo vendré á ti. 4Porque muchos días estarán los hijos de Israel sin rey, y sin príncipe, y sin sacrificio, y sin estatua, y sin ephod, y sin teraphim. 5Después volverán los hijos de Israel, y buscarán á Jehová su Dios, y á David su rey; y temerán á Jehová y á su bondad en el fin de los días."
      },
      {
        "book_name": "Hosea",
        "book": 28,
        "chapter": 3,
        "verse": 1,
        "text": "Y DIJOME otra vez Jehová: Ve, ama una mujer amada de su compañero, aunque adúltera, como el amor de Jehová para con los hijos de Israel; los cuales miran á dioses ajenos, y aman frascos de vino."
      },
      {
        "book_name": "Hosea",
        "book": 28,
        "chapter": 3,
        "verse": 2,
        "text": "Compréla entonces para mí por quince dineros de plata, y un homer y medio de cebada;"
      },
      {
        "book_name": "Hosea",
        "book": 28,
        "chapter": 3,
        "verse": 3,
        "text": "Y díjele: Tú estarás por mía muchos días: no fornicarás, ni tomáras otro varón; ni tampoco yo vendré á ti."
      },
      {
        "book_name": "Hosea",
        "book": 28,
        "chapter": 3,
        "verse": 4,
        "text": "Porque muchos días estarán los hijos de Israel sin rey, y sin príncipe, y sin sacrificio, y sin estatua, y sin ephod, y sin teraphim."
      },
      {
        "book_name": "Hosea",
        "book": 28,
        "chapter": 3,
        "verse": 5,
        "text": "Después volverán los hijos de Israel, y buscarán á Jehová su Dios, y á David su rey; y temerán á Jehová y á su bondad en el fin de los días."
      }
    ],
    "4": [
      {
        "book_name": "Hosea",
        "book": 28,
        "chapter": 4,
        "verse": 1,
        "text": "1OID palabra de Jehová, hijos de Israel, porque Jehová pleitea con los moradores de la tierra; porque no hay verdad, ni misericordia, ni conocimiento de Dios en la tierra. 2Perjurar, y mentir, y matar, y hurtar y adulterar prevalecieron, y sangres se tocaron con sangres. 3Por lo cual, se enlutará la tierra, y extenuaráse todo morador de ella, con las bestias del campo, y las aves del cielo: y aun los peces de la mar fallecerán. 4Ciertamente hombre no contienda ni reprenda á hombre, porque tu pueblo es como los que resisten al sacerdote. 5Caerás por tanto en el día, y caerá también contigo el profeta de noche; y á tu madre talaré. 6Mi pueblo fué talado, porque le faltó sabiduría. Porque tú desechaste la sabiduría, yo te echaré del sacerdocio: y pues que olvidaste la ley de tu Dios, también yo me olvidaré de tus hijos.  7Conforme á su grandeza así pecaron contra mí: trocaré su honra en afrenta.  8Comen del pecado de mi pueblo, y en su maldad levantan su alma.  9Tal será el pueblo como el sacerdote: y visitaré sobre él sus caminos, y pagaréle conforme á sus obras.  10Y comerán, mas no se hartarán; fornicarán, mas no se aumentarán: porque dejaron de atender á Jehová.  11Fornicación, y vino, y mosto quitan el corazón.  12Mi pueblo á su madero pregunta, y su palo le responde: porque espíritu de fornicaciones lo engañó, y fornicaron debajo de sus dioses.  13Sobre las cabezas de los montes sacrificaron, é incensaron sobre los collados, debajo de encinas, y álamos, y olmos que tuviesen buena sombra: por tanto, vuestras hijas fornicarán, y adulterarán vuestras nueras.  14No visitaré sobre vuestras hijas cuando fornicaren, y sobre vuestras nueras cuando adulteraren: porque ellos ofrecen con las rameras, y con las malas mujeres sacrifican: por tanto, el pueblo sin entendimiento caerá.  15Si fornicarés tú, Israel, á lo menos no peque Judá: y no entréis en Gilgal, ni subáis á Beth-aven; ni juréis, Vive Jehová.  16Porque como becerra cerrera se apartó Israel: ¿apacentarálos ahora Jehová como á carneros en anchura?  17Ephraim es dado á ídolos; déjalo.  18Su bebida se corrompió; fornicaron pertinazmente: sus príncipes amaron las dádivas, afrenta de ellos.  19Atóla el viento en sus alas, y de sus sacrificios serán avergonzados."
      },
      {
        "book_name": "Hosea",
        "book": 28,
        "chapter": 4,
        "verse": 1,
        "text": "OID palabra de Jehová, hijos de Israel, porque Jehová pleitea con los moradores de la tierra; porque no hay verdad, ni misericordia, ni conocimiento de Dios en la tierra."
      },
      {
        "book_name": "Hosea",
        "book": 28,
        "chapter": 4,
        "verse": 2,
        "text": "Perjurar, y mentir, y matar, y hurtar y adulterar prevalecieron, y sangres se tocaron con sangres."
      },
      {
        "book_name": "Hosea",
        "book": 28,
        "chapter": 4,
        "verse": 3,
        "text": "Por lo cual, se enlutará la tierra, y extenuaráse todo morador de ella, con las bestias del campo, y las aves del cielo: y aun los peces de la mar fallecerán."
      },
      {
        "book_name": "Hosea",
        "book": 28,
        "chapter": 4,
        "verse": 4,
        "text": "Ciertamente hombre no contienda ni reprenda á hombre, porque tu pueblo es como los que resisten al sacerdote."
      },
      {
        "book_name": "Hosea",
        "book": 28,
        "chapter": 4,
        "verse": 5,
        "text": "Caerás por tanto en el día, y caerá también contigo el profeta de noche; y á tu madre talaré."
      },
      {
        "book_name": "Hosea",
        "book": 28,
        "chapter": 4,
        "verse": 6,
        "text": "Mi pueblo fué talado, porque le faltó sabiduría. Porque tú desechaste la sabiduría, yo te echaré del sacerdocio: y pues que olvidaste la ley de tu Dios, también yo me olvidaré de tus hijos."
      },
      {
        "book_name": "Hosea",
        "book": 28,
        "chapter": 4,
        "verse": 7,
        "text": "Conforme á su grandeza así pecaron contra mí: trocaré su honra en afrenta."
      },
      {
        "book_name": "Hosea",
        "book": 28,
        "chapter": 4,
        "verse": 8,
        "text": "Comen del pecado de mi pueblo, y en su maldad levantan su alma."
      },
      {
        "book_name": "Hosea",
        "book": 28,
        "chapter": 4,
        "verse": 9,
        "text": "Tal será el pueblo como el sacerdote: y visitaré sobre él sus caminos, y pagaréle conforme á sus obras."
      },
      {
        "book_name": "Hosea",
        "book": 28,
        "chapter": 4,
        "verse": 10,
        "text": "Y comerán, mas no se hartarán; fornicarán, mas no se aumentarán: porque dejaron de atender á Jehová."
      },
      {
        "book_name": "Hosea",
        "book": 28,
        "chapter": 4,
        "verse": 11,
        "text": "Fornicación, y vino, y mosto quitan el corazón."
      },
      {
        "book_name": "Hosea",
        "book": 28,
        "chapter": 4,
        "verse": 12,
        "text": "Mi pueblo á su madero pregunta, y su palo le responde: porque espíritu de fornicaciones lo engañó, y fornicaron debajo de sus dioses."
      },
      {
        "book_name": "Hosea",
        "book": 28,
        "chapter": 4,
        "verse": 13,
        "text": "Sobre las cabezas de los montes sacrificaron, é incensaron sobre los collados, debajo de encinas, y álamos, y olmos que tuviesen buena sombra: por tanto, vuestras hijas fornicarán, y adulterarán vuestras nueras."
      },
      {
        "book_name": "Hosea",
        "book": 28,
        "chapter": 4,
        "verse": 14,
        "text": "No visitaré sobre vuestras hijas cuando fornicaren, y sobre vuestras nueras cuando adulteraren: porque ellos ofrecen con las rameras, y con las malas mujeres sacrifican: por tanto, el pueblo sin entendimiento caerá."
      },
      {
        "book_name": "Hosea",
        "book": 28,
        "chapter": 4,
        "verse": 15,
        "text": "Si fornicarés tú, Israel, á lo menos no peque Judá: y no entréis en Gilgal, ni subáis á Beth-aven; ni juréis, Vive Jehová."
      },
      {
        "book_name": "Hosea",
        "book": 28,
        "chapter": 4,
        "verse": 16,
        "text": "Porque como becerra cerrera se apartó Israel: ¿apacentarálos ahora Jehová como á carneros en anchura?"
      },
      {
        "book_name": "Hosea",
        "book": 28,
        "chapter": 4,
        "verse": 17,
        "text": "Ephraim es dado á ídolos; déjalo."
      },
      {
        "book_name": "Hosea",
        "book": 28,
        "chapter": 4,
        "verse": 18,
        "text": "Su bebida se corrompió; fornicaron pertinazmente: sus príncipes amaron las dádivas, afrenta de ellos."
      },
      {
        "book_name": "Hosea",
        "book": 28,
        "chapter": 4,
        "verse": 19,
        "text": "Atóla el viento en sus alas, y de sus sacrificios serán avergonzados."
      }
    ],
    "5": [
      {
        "book_name": "Hosea",
        "book": 28,
        "chapter": 5,
        "verse": 1,
        "text": "1SACERDOTES, oid esto, y estad atentos, casa de Israel; y casa del rey, escuchad: porque á vosotros es el juicio, pues habéis sido lazo en Mizpa, y red extendida sobre Tabor. 2Y haciendo víctimas han bajado hasta el profundo: por tanto yo seré la corrección de todos ellos. 3Yo conozco á Ephraim, é Israel no me es desconocido; porque ahora, oh Ephraim, has fornicado, y se ha contaminado Israel. 4No pondrán sus pensamientos en volverse á su Dios, porque espíritu de fornicación está en medio de ellos, y no conocen á Jehová. 5Y la soberbia de Israel le desmentirá en su cara: é Israel y Ephraim tropezarán en su pecado: tropezará también Judá con ellos. 6Con sus ovejas y con sus vacas andarán buscando á Jehová, y no le hallarán; apartóse de ellos. 7Contra Jehová prevaricaron, porque hijos extraños han engendrado: ahora los devorará un mes con sus heredades. 8Tocad bocina en Gabaa, trompreta en Ramá: sonad tambor en Beth-aven: tras ti, oh Benjamín.  9Ephraim será asolado el día del castigo: en las tribus de Israel hice conocer verdad.  10Los príncipes de Judá fueron como los que traspasan mojones: derramaré sobre ellos como agua mi ira.  11Ephraim es vejado, quebrantado en juicio, porque quiso andar en pos de mandamientos.  12Yo pues seré como polilla á Ephraim, y como carcoma á la casa de Judá.  13Y verá Ephraim su enfermedad, y Judá su llaga: irá entonces Ephraim al Assur, y enviará al rey Jareb; mas él no os podrá sanar, ni os curará la llaga.  14Porque yo seré como león á Ephraim, y como cachorro de león á la casa de Judá: yo, yo arrebataré, y andaré; tomaré, y no habrá quien liberte.  15Andaré, y tornaré á mi lugar hasta que conozcan su pecado, y busquen mi rostro. En su angustia madrugarán á mi."
      },
      {
        "book_name": "Hosea",
        "book": 28,
        "chapter": 5,
        "verse": 1,
        "text": "SACERDOTES, oid esto, y estad atentos, casa de Israel; y casa del rey, escuchad: porque á vosotros es el juicio, pues habéis sido lazo en Mizpa, y red extendida sobre Tabor."
      },
      {
        "book_name": "Hosea",
        "book": 28,
        "chapter": 5,
        "verse": 2,
        "text": "Y haciendo víctimas han bajado hasta el profundo: por tanto yo seré la corrección de todos ellos."
      },
      {
        "book_name": "Hosea",
        "book": 28,
        "chapter": 5,
        "verse": 3,
        "text": "Yo conozco á Ephraim, é Israel no me es desconocido; porque ahora, oh Ephraim, has fornicado, y se ha contaminado Israel."
      },
      {
        "book_name": "Hosea",
        "book": 28,
        "chapter": 5,
        "verse": 4,
        "text": "No pondrán sus pensamientos en volverse á su Dios, porque espíritu de fornicación está en medio de ellos, y no conocen á Jehová."
      },
      {
        "book_name": "Hosea",
        "book": 28,
        "chapter": 5,
        "verse": 5,
        "text": "Y la soberbia de Israel le desmentirá en su cara: é Israel y Ephraim tropezarán en su pecado: tropezará también Judá con ellos."
      },
      {
        "book_name": "Hosea",
        "book": 28,
        "chapter": 5,
        "verse": 6,
        "text": "Con sus ovejas y con sus vacas andarán buscando á Jehová, y no le hallarán; apartóse de ellos."
      },
      {
        "book_name": "Hosea",
        "book": 28,
        "chapter": 5,
        "verse": 7,
        "text": "Contra Jehová prevaricaron, porque hijos extraños han engendrado: ahora los devorará un mes con sus heredades."
      },
      {
        "book_name": "Hosea",
        "book": 28,
        "chapter": 5,
        "verse": 8,
        "text": "Tocad bocina en Gabaa, trompreta en Ramá: sonad tambor en Beth-aven: tras ti, oh Benjamín."
      },
      {
        "book_name": "Hosea",
        "book": 28,
        "chapter": 5,
        "verse": 9,
        "text": "Ephraim será asolado el día del castigo: en las tribus de Israel hice conocer verdad."
      },
      {
        "book_name": "Hosea",
        "book": 28,
        "chapter": 5,
        "verse": 10,
        "text": "Los príncipes de Judá fueron como los que traspasan mojones: derramaré sobre ellos como agua mi ira."
      },
      {
        "book_name": "Hosea",
        "book": 28,
        "chapter": 5,
        "verse": 11,
        "text": "Ephraim es vejado, quebrantado en juicio, porque quiso andar en pos de mandamientos."
      },
      {
        "book_name": "Hosea",
        "book": 28,
        "chapter": 5,
        "verse": 12,
        "text": "Yo pues seré como polilla á Ephraim, y como carcoma á la casa de Judá."
      },
      {
        "book_name": "Hosea",
        "book": 28,
        "chapter": 5,
        "verse": 13,
        "text": "Y verá Ephraim su enfermedad, y Judá su llaga: irá entonces Ephraim al Assur, y enviará al rey Jareb; mas él no os podrá sanar, ni os curará la llaga."
      },
      {
        "book_name": "Hosea",
        "book": 28,
        "chapter": 5,
        "verse": 14,
        "text": "Porque yo seré como león á Ephraim, y como cachorro de león á la casa de Judá: yo, yo arrebataré, y andaré; tomaré, y no habrá quien liberte."
      },
      {
        "book_name": "Hosea",
        "book": 28,
        "chapter": 5,
        "verse": 15,
        "text": "Andaré, y tornaré á mi lugar hasta que conozcan su pecado, y busquen mi rostro. En su angustia madrugarán á mi."
      }
    ],
    "6": [
      {
        "book_name": "Hosea",
        "book": 28,
        "chapter": 6,
        "verse": 1,
        "text": "1VENID y volvámonos á Jehová: que él arrebató, y nos curará; hirió, y nos vendará. 2Darános vida después de dos días: al tercer día nos resucitará y viviremos delante de él. 3Y conoceremos, y proseguiremos en conocer á Jehová: como el alba está aparejada su salida, y vendrá á nosotros como la lluvia, como la lluvia tardía y temprana á la tierra. 4¿Qué haré á ti, Ephraim? ¿Qué hare á ti, oh Judá? La piedad vuestra es como la nube de la mañana, y como el rocío que de madrugada viene.  5Por esta causa corté con los profetas, con las palabras de mi boca los maté; y tus juicios serán como luz que sale.  6Porque misericordia quise, y no sacrificio; y conocimiento de Dios más que holocaustos.  7Mas ellos, cual Adam, traspasaron el pacto: allí prevaricaron contra mí.  8Galaad, ciudad de obradores de iniquidad, ensuciada de sangre.  9Y como ladrones que esperan á algún hombre, así junta de sacerdotes mancomunadamente mata en el camino: porque ponen en efecto la abominación.  10En la casa de Israel he visto suciedad: allí fornicó Ephraim, se contaminó Israel:  11También Judá puso en ti una planta, habiendo yo vuelto la cautividad de mi pueblo."
      },
      {
        "book_name": "Hosea",
        "book": 28,
        "chapter": 6,
        "verse": 1,
        "text": "VENID y volvámonos á Jehová: que él arrebató, y nos curará; hirió, y nos vendará."
      },
      {
        "book_name": "Hosea",
        "book": 28,
        "chapter": 6,
        "verse": 2,
        "text": "Darános vida después de dos días: al tercer día nos resucitará y viviremos delante de él."
      },
      {
        "book_name": "Hosea",
        "book": 28,
        "chapter": 6,
        "verse": 3,
        "text": "Y conoceremos, y proseguiremos en conocer á Jehová: como el alba está aparejada su salida, y vendrá á nosotros como la lluvia, como la lluvia tardía y temprana á la tierra."
      },
      {
        "book_name": "Hosea",
        "book": 28,
        "chapter": 6,
        "verse": 4,
        "text": "¿Qué haré á ti, Ephraim? ¿Qué hare á ti, oh Judá? La piedad vuestra es como la nube de la mañana, y como el rocío que de madrugada viene."
      },
      {
        "book_name": "Hosea",
        "book": 28,
        "chapter": 6,
        "verse": 5,
        "text": "Por esta causa corté con los profetas, con las palabras de mi boca los maté; y tus juicios serán como luz que sale."
      },
      {
        "book_name": "Hosea",
        "book": 28,
        "chapter": 6,
        "verse": 6,
        "text": "Porque misericordia quise, y no sacrificio; y conocimiento de Dios más que holocaustos."
      },
      {
        "book_name": "Hosea",
        "book": 28,
        "chapter": 6,
        "verse": 7,
        "text": "Mas ellos, cual Adam, traspasaron el pacto: allí prevaricaron contra mí."
      },
      {
        "book_name": "Hosea",
        "book": 28,
        "chapter": 6,
        "verse": 8,
        "text": "Galaad, ciudad de obradores de iniquidad, ensuciada de sangre."
      },
      {
        "book_name": "Hosea",
        "book": 28,
        "chapter": 6,
        "verse": 9,
        "text": "Y como ladrones que esperan á algún hombre, así junta de sacerdotes mancomunadamente mata en el camino: porque ponen en efecto la abominación."
      },
      {
        "book_name": "Hosea",
        "book": 28,
        "chapter": 6,
        "verse": 10,
        "text": "En la casa de Israel he visto suciedad: allí fornicó Ephraim, se contaminó Israel:"
      },
      {
        "book_name": "Hosea",
        "book": 28,
        "chapter": 6,
        "verse": 11,
        "text": "También Judá puso en ti una planta, habiendo yo vuelto la cautividad de mi pueblo."
      }
    ],
    "7": [
      {
        "book_name": "Hosea",
        "book": 28,
        "chapter": 7,
        "verse": 1,
        "text": "1ESTANDO yo curando á Israel, descubrióse la iniquidad de Ephraim, y las maldades de Samaria; porque obraron engaño: y viene el ladrón, y el salteador despoja de fuera. 2Y no dicen en su corazón que tengo en la memoria toda su maldad: ahora los rodearán sus obras; delante de mí están. 3Con su maldad alegran al rey, y á los príncipes con sus mentiras. 4Todos ellos adúlteros; son como horno encendido por el hornero, el cual cesará de avivar después que esté hecha la masa, hasta que esté leuda. 5El día de nuestro rey los príncipes lo hicieron enfermar con vasos de vino: extendió su mano con los escarnecedores. 6Porque aplicaron su corazón, semejante á un horno, á sus artificios: toda la noche duerme su hornero; á la mañana está encendido como llama de fuego. 7Todos ellos arden como un horno, y devoraron á sus jueces: cayeron todos sus reyes: no hay entre ellos quien á mí clame. 8Ephraim se envolvió con los pueblos; Ephraim fué torta no vuelta.  9Comieron extraños su sustancia, y él no lo supo; y aun vejez se ha esparcido por él, y él no lo entendió.  10Y la soberbia de Israel testificará contra él en su cara: y no se tornaron á Jehová su Dios, ni lo buscaron con todo esto.  11Y fué Ephraim como paloma incauta, sin entendimiento: llamarán á Egipto, acudirán al Asirio.  12Cuando fueren, extenderé sobre ellos mi red, hacerlos he caer como aves del cielo; castigarélos conforme á lo que se ha oído en sus congregaciones.  13Ay de ellos! porque se apartaron de mí: destrucción sobre ellos, porque contra mí se rebelaron; yo los redimí, y ellos hablaron contra mí mentiras.  14Y no clamaron a mí con su corazón cuando aullaron sobre sus camas, para el trigo y el mosto se congregaron, rebeláronse contra mí.  15Y yo los ceñi, esforcé sus brazos, y contra mí pensaron mal.  16Tornáronse, mas no al Altísimo: fueron como arco engañoso: cayeron sus príncipes á cuchillo por la soberbia de su lengua: éste será su escarnio en la tierra de Egipto."
      },
      {
        "book_name": "Hosea",
        "book": 28,
        "chapter": 7,
        "verse": 1,
        "text": "ESTANDO yo curando á Israel, descubrióse la iniquidad de Ephraim, y las maldades de Samaria; porque obraron engaño: y viene el ladrón, y el salteador despoja de fuera."
      },
      {
        "book_name": "Hosea",
        "book": 28,
        "chapter": 7,
        "verse": 2,
        "text": "Y no dicen en su corazón que tengo en la memoria toda su maldad: ahora los rodearán sus obras; delante de mí están."
      },
      {
        "book_name": "Hosea",
        "book": 28,
        "chapter": 7,
        "verse": 3,
        "text": "Con su maldad alegran al rey, y á los príncipes con sus mentiras."
      },
      {
        "book_name": "Hosea",
        "book": 28,
        "chapter": 7,
        "verse": 4,
        "text": "Todos ellos adúlteros; son como horno encendido por el hornero, el cual cesará de avivar después que esté hecha la masa, hasta que esté leuda."
      },
      {
        "book_name": "Hosea",
        "book": 28,
        "chapter": 7,
        "verse": 5,
        "text": "El día de nuestro rey los príncipes lo hicieron enfermar con vasos de vino: extendió su mano con los escarnecedores."
      },
      {
        "book_name": "Hosea",
        "book": 28,
        "chapter": 7,
        "verse": 6,
        "text": "Porque aplicaron su corazón, semejante á un horno, á sus artificios: toda la noche duerme su hornero; á la mañana está encendido como llama de fuego."
      },
      {
        "book_name": "Hosea",
        "book": 28,
        "chapter": 7,
        "verse": 7,
        "text": "Todos ellos arden como un horno, y devoraron á sus jueces: cayeron todos sus reyes: no hay entre ellos quien á mí clame."
      },
      {
        "book_name": "Hosea",
        "book": 28,
        "chapter": 7,
        "verse": 8,
        "text": "Ephraim se envolvió con los pueblos; Ephraim fué torta no vuelta."
      },
      {
        "book_name": "Hosea",
        "book": 28,
        "chapter": 7,
        "verse": 9,
        "text": "Comieron extraños su sustancia, y él no lo supo; y aun vejez se ha esparcido por él, y él no lo entendió."
      },
      {
        "book_name": "Hosea",
        "book": 28,
        "chapter": 7,
        "verse": 10,
        "text": "Y la soberbia de Israel testificará contra él en su cara: y no se tornaron á Jehová su Dios, ni lo buscaron con todo esto."
      },
      {
        "book_name": "Hosea",
        "book": 28,
        "chapter": 7,
        "verse": 11,
        "text": "Y fué Ephraim como paloma incauta, sin entendimiento: llamarán á Egipto, acudirán al Asirio."
      },
      {
        "book_name": "Hosea",
        "book": 28,
        "chapter": 7,
        "verse": 12,
        "text": "Cuando fueren, extenderé sobre ellos mi red, hacerlos he caer como aves del cielo; castigarélos conforme á lo que se ha oído en sus congregaciones."
      },
      {
        "book_name": "Hosea",
        "book": 28,
        "chapter": 7,
        "verse": 13,
        "text": "Ay de ellos! porque se apartaron de mí: destrucción sobre ellos, porque contra mí se rebelaron; yo los redimí, y ellos hablaron contra mí mentiras."
      },
      {
        "book_name": "Hosea",
        "book": 28,
        "chapter": 7,
        "verse": 14,
        "text": "Y no clamaron a mí con su corazón cuando aullaron sobre sus camas, para el trigo y el mosto se congregaron, rebeláronse contra mí."
      },
      {
        "book_name": "Hosea",
        "book": 28,
        "chapter": 7,
        "verse": 15,
        "text": "Y yo los ceñi, esforcé sus brazos, y contra mí pensaron mal."
      },
      {
        "book_name": "Hosea",
        "book": 28,
        "chapter": 7,
        "verse": 16,
        "text": "Tornáronse, mas no al Altísimo: fueron como arco engañoso: cayeron sus príncipes á cuchillo por la soberbia de su lengua: éste será su escarnio en la tierra de Egipto."
      }
    ],
    "8": [
      {
        "book_name": "Hosea",
        "book": 28,
        "chapter": 8,
        "verse": 1,
        "text": "1PON á tu boca trompeta. Vendrá como águila contra la casa de Jehová, porque traspasaron mi pacto, y se rebelaron contra mi ley. 2A mí clamará Israel: Dios mío, te hemos conocido. 3Israel desamparó el bien: enemigo lo perseguirá. 4Ellos hicieron reyes, mas no por mí; constituyeron príncipes, mas yo no lo supe: de su plata y de su oro hicieron ídolos para sí, para ser talados. 5Tu becerro, oh Samaria, te hizo alejar; encendióse mi enojo contra ellos, hasta que no pudieron alcanzar inocencia. 6Porque de Israel es, y artífice lo hizo; que no es Dios: por lo que en pedazos será deshecho el becerro de Samaria. 7Porque sembraron viento, y torbellino segarán: no tendrán mies, ni el fruto hará harina; si la hiciere, extraños la tragarán. 8Será tragado Israel: presto serán entre las gentes como vaso en que no hay contentamiento.  9Porque ellos subieron á Assur, asno montés para sí solo: Ephraim con salario alquiló amantes.  10Aunque alquilen á las gentes, ahora las juntaré; y serán un poco afligidos por la carga del rey y de los príncipes.  11Porque multiplicó Ephraim altares para pecar, tuvo altares para pecar.  12Escribíle las grandezas de mi ley, y fueron tenidas por cosas ajenas.  13En los sacrificios de mis dones sacrificaron carne, y comieron: no los quiso Jehová: ahora se acordará de su iniquidad, y visitará su pecado; ellos se tornarán á Egipto.  14Olvidó pues Israel á su Hacedor, y edificó templos, y Judá multiplicó ciudades fuertes: mas yo meteré fuego en sus ciudades, el cual devorará sus palacios."
      },
      {
        "book_name": "Hosea",
        "book": 28,
        "chapter": 8,
        "verse": 1,
        "text": "PON á tu boca trompeta. Vendrá como águila contra la casa de Jehová, porque traspasaron mi pacto, y se rebelaron contra mi ley."
      },
      {
        "book_name": "Hosea",
        "book": 28,
        "chapter": 8,
        "verse": 2,
        "text": "A mí clamará Israel: Dios mío, te hemos conocido."
      },
      {
        "book_name": "Hosea",
        "book": 28,
        "chapter": 8,
        "verse": 3,
        "text": "Israel desamparó el bien: enemigo lo perseguirá."
      },
      {
        "book_name": "Hosea",
        "book": 28,
        "chapter": 8,
        "verse": 4,
        "text": "Ellos hicieron reyes, mas no por mí; constituyeron príncipes, mas yo no lo supe: de su plata y de su oro hicieron ídolos para sí, para ser talados."
      },
      {
        "book_name": "Hosea",
        "book": 28,
        "chapter": 8,
        "verse": 5,
        "text": "Tu becerro, oh Samaria, te hizo alejar; encendióse mi enojo contra ellos, hasta que no pudieron alcanzar inocencia."
      },
      {
        "book_name": "Hosea",
        "book": 28,
        "chapter": 8,
        "verse": 6,
        "text": "Porque de Israel es, y artífice lo hizo; que no es Dios: por lo que en pedazos será deshecho el becerro de Samaria."
      },
      {
        "book_name": "Hosea",
        "book": 28,
        "chapter": 8,
        "verse": 7,
        "text": "Porque sembraron viento, y torbellino segarán: no tendrán mies, ni el fruto hará harina; si la hiciere, extraños la tragarán."
      },
      {
        "book_name": "Hosea",
        "book": 28,
        "chapter": 8,
        "verse": 8,
        "text": "Será tragado Israel: presto serán entre las gentes como vaso en que no hay contentamiento."
      },
      {
        "book_name": "Hosea",
        "book": 28,
        "chapter": 8,
        "verse": 9,
        "text": "Porque ellos subieron á Assur, asno montés para sí solo: Ephraim con salario alquiló amantes."
      },
      {
        "book_name": "Hosea",
        "book": 28,
        "chapter": 8,
        "verse": 10,
        "text": "Aunque alquilen á las gentes, ahora las juntaré; y serán un poco afligidos por la carga del rey y de los príncipes."
      },
      {
        "book_name": "Hosea",
        "book": 28,
        "chapter": 8,
        "verse": 11,
        "text": "Porque multiplicó Ephraim altares para pecar, tuvo altares para pecar."
      },
      {
        "book_name": "Hosea",
        "book": 28,
        "chapter": 8,
        "verse": 12,
        "text": "Escribíle las grandezas de mi ley, y fueron tenidas por cosas ajenas."
      },
      {
        "book_name": "Hosea",
        "book": 28,
        "chapter": 8,
        "verse": 13,
        "text": "En los sacrificios de mis dones sacrificaron carne, y comieron: no los quiso Jehová: ahora se acordará de su iniquidad, y visitará su pecado; ellos se tornarán á Egipto."
      },
      {
        "book_name": "Hosea",
        "book": 28,
        "chapter": 8,
        "verse": 14,
        "text": "Olvidó pues Israel á su Hacedor, y edificó templos, y Judá multiplicó ciudades fuertes: mas yo meteré fuego en sus ciudades, el cual devorará sus palacios."
      }
    ],
    "9": [
      {
        "book_name": "Hosea",
        "book": 28,
        "chapter": 9,
        "verse": 1,
        "text": "1No te alegres, oh Israel, hasta saltar de gozo como los pueblos, pues has fornicado apartándote de tu Dios: amaste salario por todas las eras de trigo. 2La era y el lagar no los mantedrán; les fallará el mosto. 3No quedarán en la tierra de Jehová, sino que volverá Ephraim á Egipto, y á Asiria, donde comerán vianda inmunda. 4No derramarán vino á Jehová, ni él tomará contento en sus sacrificios; como pan de enlutados le serán á ellos: todos los que comieren de él, serán inmundos. Será pues el pan de ellos para si mismos; no entrará en la casa de Jehová. 5¿Qué haréis el día de la solemnidad, y el día de la fiesta de Jehová? 6Porque, he aquí se fueron ellos á causa de la destrucción: Egipto los recogerá, Memphis los enterrará: espino poseerá por heredad lo deseable de su plata, ortiga crecerá en sus moradas. 7Vinieron los días de la visitación, vinieron los días de la paga; conocerálo Israel: necio el profeta. insensato el varón de espíritu, á causa de la multitud de tu maldad, y grande odio.  8Atalaya es Ephraim para con mi Dios: el profeta es lazo de cazador en todos sus caminos, odio en la casa de su Dios.  9Llegaron al profundo, corrompiéronse, como en los días de Gabaa: ahora se acordará de su iniquidad; visitará su pecado.  10Como uvas en el desierto hallé á Israel: como la fruta temprana de la higuera en su principio vi á vuestros padres. Ellos entraron á Baal-peor, y se apartaron para vergüenza, é hiciéronse abominables como aquello que amaron.  11Ephraim, cual ave volará su gloria desde el nacimiento, aun desde el vientre y desde la concepción.  12Y si llegaren á grandes sus hijos, quitarélos de entre los hombre, porque ­ay de ellos también, cuando de ellos me apartare!  13Ephraim, según veo, es semejante á Tiro, asentada en lugar delicioso: mas Ephraim sacará sus hijos al matador.  14Dales, oh Jehová, lo que les has de dar: dales matriz expeliente, y enjutos pechos.  15Toda la maldad de ellos fué en Gilgal; allí, pues, les tomé aversión: por la malicia de sus obras echarélos de mi casa; no los amaré más; todos sus príncipes son desleales.  16Ephraim fué herido, secóse su cepa, no hará más fruto: aunque engendren, yo mataré lo deseable de su vientre.  17Mi Dios los desechará, porque ellos no le oyeron; y andarán errantes entre las gentes."
      },
      {
        "book_name": "Hosea",
        "book": 28,
        "chapter": 9,
        "verse": 1,
        "text": "No te alegres, oh Israel, hasta saltar de gozo como los pueblos, pues has fornicado apartándote de tu Dios: amaste salario por todas las eras de trigo."
      },
      {
        "book_name": "Hosea",
        "book": 28,
        "chapter": 9,
        "verse": 2,
        "text": "La era y el lagar no los mantedrán; les fallará el mosto."
      },
      {
        "book_name": "Hosea",
        "book": 28,
        "chapter": 9,
        "verse": 3,
        "text": "No quedarán en la tierra de Jehová, sino que volverá Ephraim á Egipto, y á Asiria, donde comerán vianda inmunda."
      },
      {
        "book_name": "Hosea",
        "book": 28,
        "chapter": 9,
        "verse": 4,
        "text": "No derramarán vino á Jehová, ni él tomará contento en sus sacrificios; como pan de enlutados le serán á ellos: todos los que comieren de él, serán inmundos. Será pues el pan de ellos para si mismos; no entrará en la casa de Jehová."
      },
      {
        "book_name": "Hosea",
        "book": 28,
        "chapter": 9,
        "verse": 5,
        "text": "¿Qué haréis el día de la solemnidad, y el día de la fiesta de Jehová?"
      },
      {
        "book_name": "Hosea",
        "book": 28,
        "chapter": 9,
        "verse": 6,
        "text": "Porque, he aquí se fueron ellos á causa de la destrucción: Egipto los recogerá, Memphis los enterrará: espino poseerá por heredad lo deseable de su plata, ortiga crecerá en sus moradas."
      },
      {
        "book_name": "Hosea",
        "book": 28,
        "chapter": 9,
        "verse": 7,
        "text": "Vinieron los días de la visitación, vinieron los días de la paga; conocerálo Israel: necio el profeta. insensato el varón de espíritu, á causa de la multitud de tu maldad, y grande odio."
      },
      {
        "book_name": "Hosea",
        "book": 28,
        "chapter": 9,
        "verse": 8,
        "text": "Atalaya es Ephraim para con mi Dios: el profeta es lazo de cazador en todos sus caminos, odio en la casa de su Dios."
      },
      {
        "book_name": "Hosea",
        "book": 28,
        "chapter": 9,
        "verse": 9,
        "text": "Llegaron al profundo, corrompiéronse, como en los días de Gabaa: ahora se acordará de su iniquidad; visitará su pecado."
      },
      {
        "book_name": "Hosea",
        "book": 28,
        "chapter": 9,
        "verse": 10,
        "text": "Como uvas en el desierto hallé á Israel: como la fruta temprana de la higuera en su principio vi á vuestros padres. Ellos entraron á Baal-peor, y se apartaron para vergüenza, é hiciéronse abominables como aquello que amaron."
      },
      {
        "book_name": "Hosea",
        "book": 28,
        "chapter": 9,
        "verse": 11,
        "text": "Ephraim, cual ave volará su gloria desde el nacimiento, aun desde el vientre y desde la concepción."
      },
      {
        "book_name": "Hosea",
        "book": 28,
        "chapter": 9,
        "verse": 12,
        "text": "Y si llegaren á grandes sus hijos, quitarélos de entre los hombre, porque ­ay de ellos también, cuando de ellos me apartare!"
      },
      {
        "book_name": "Hosea",
        "book": 28,
        "chapter": 9,
        "verse": 13,
        "text": "Ephraim, según veo, es semejante á Tiro, asentada en lugar delicioso: mas Ephraim sacará sus hijos al matador."
      },
      {
        "book_name": "Hosea",
        "book": 28,
        "chapter": 9,
        "verse": 14,
        "text": "Dales, oh Jehová, lo que les has de dar: dales matriz expeliente, y enjutos pechos."
      },
      {
        "book_name": "Hosea",
        "book": 28,
        "chapter": 9,
        "verse": 15,
        "text": "Toda la maldad de ellos fué en Gilgal; allí, pues, les tomé aversión: por la malicia de sus obras echarélos de mi casa; no los amaré más; todos sus príncipes son desleales."
      },
      {
        "book_name": "Hosea",
        "book": 28,
        "chapter": 9,
        "verse": 16,
        "text": "Ephraim fué herido, secóse su cepa, no hará más fruto: aunque engendren, yo mataré lo deseable de su vientre."
      },
      {
        "book_name": "Hosea",
        "book": 28,
        "chapter": 9,
        "verse": 17,
        "text": "Mi Dios los desechará, porque ellos no le oyeron; y andarán errantes entre las gentes."
      }
    ],
    "10": [
      {
        "book_name": "Hosea",
        "book": 28,
        "chapter": 10,
        "verse": 1,
        "text": "1ES Israel una frondosa viña, haciendo fruto para sí: conforme á la multiplicación de su fruto multiplicó altares, conforme á la bondad de su tierra aumentaron sus estatuas. 2Dividióse su corazón. Ahora serán hallados culpables: él quebrantará sus altares, asolará sus estatuas. 3Porque dirán ahora: No tenemos rey, porque no temimos á Jehová: ¿y qué haría el rey por nosotros? 4Han hablado palabras jurando en vano al hacer alianza: por tanto, el juicio florecerá como ajenjo en los surcos del campo. 5Por las becerras de Beth-aven serán atemorizados los moradores de Samaria: porque su pueblo lamentará á causa del becerro, y sus sacerdotes que en él se regocijaban por su gloria, la cual será disipada. 6Y aun será él llevado á Asiria en presente al rey Jareb: Ephraim será avergonzado, é Israel será confuso de su consejo. 7De Samaria fué cortado su rey como la espuma sobre la superficie de las aguas. 8Y los altares de Avén serán destruídos, el pecado de Israel; crecerá sobre sus altares espino y cardo. Y dirán á los montes: Cubridnos; y á los collados: Caed sobre nosotros. 9Desde los días de Gabaa has pecado, oh Israel: allí estuvieron: no los tomó la batalla en Gabaa contra los inicuos.  10Y los castigaré como deseo: y pueblos se juntarán sobre ellos cuando serán atados en sus dos surcos.  11Ephraim es becerra domada, amadora del trillar; mas yo pasaré sobre su lozana cerviz: yo haré llevar yugo á Ephraim; arará Judá, quebrará sus terrones Jacob.  12Sembrad para vosotros en justicia, segad para vosotros en misericordia; arad para vosotros barbecho: porque es el tiempo de buscar á Jehová, hasta que venga y os enseñe justicia.  13Habéis arado impiedad, segasteis iniquidad: comeréis fruto de mentira: porque confiaste en tu camino, en la multitud de tus fuertes.  14Por tanto, en tus pueblos se levantará alboroto, y todas tus fortalezas serán destruídas, como destruyó Salmán á Beth-arbel el día de la batalla: la madre fué arrojada sobre los hijos.  15Así hará á vosotros Beth-el por la maldad de vuestra maldad: en la mañana será del todo cortado el rey de Israel."
      },
      {
        "book_name": "Hosea",
        "book": 28,
        "chapter": 10,
        "verse": 1,
        "text": "ES Israel una frondosa viña, haciendo fruto para sí: conforme á la multiplicación de su fruto multiplicó altares, conforme á la bondad de su tierra aumentaron sus estatuas."
      },
      {
        "book_name": "Hosea",
        "book": 28,
        "chapter": 10,
        "verse": 2,
        "text": "Dividióse su corazón. Ahora serán hallados culpables: él quebrantará sus altares, asolará sus estatuas."
      },
      {
        "book_name": "Hosea",
        "book": 28,
        "chapter": 10,
        "verse": 3,
        "text": "Porque dirán ahora: No tenemos rey, porque no temimos á Jehová: ¿y qué haría el rey por nosotros?"
      },
      {
        "book_name": "Hosea",
        "book": 28,
        "chapter": 10,
        "verse": 4,
        "text": "Han hablado palabras jurando en vano al hacer alianza: por tanto, el juicio florecerá como ajenjo en los surcos del campo."
      },
      {
        "book_name": "Hosea",
        "book": 28,
        "chapter": 10,
        "verse": 5,
        "text": "Por las becerras de Beth-aven serán atemorizados los moradores de Samaria: porque su pueblo lamentará á causa del becerro, y sus sacerdotes que en él se regocijaban por su gloria, la cual será disipada."
      },
      {
        "book_name": "Hosea",
        "book": 28,
        "chapter": 10,
        "verse": 6,
        "text": "Y aun será él llevado á Asiria en presente al rey Jareb: Ephraim será avergonzado, é Israel será confuso de su consejo."
      },
      {
        "book_name": "Hosea",
        "book": 28,
        "chapter": 10,
        "verse": 7,
        "text": "De Samaria fué cortado su rey como la espuma sobre la superficie de las aguas."
      },
      {
        "book_name": "Hosea",
        "book": 28,
        "chapter": 10,
        "verse": 8,
        "text": "Y los altares de Avén serán destruídos, el pecado de Israel; crecerá sobre sus altares espino y cardo. Y dirán á los montes: Cubridnos; y á los collados: Caed sobre nosotros."
      },
      {
        "book_name": "Hosea",
        "book": 28,
        "chapter": 10,
        "verse": 9,
        "text": "Desde los días de Gabaa has pecado, oh Israel: allí estuvieron: no los tomó la batalla en Gabaa contra los inicuos."
      },
      {
        "book_name": "Hosea",
        "book": 28,
        "chapter": 10,
        "verse": 10,
        "text": "Y los castigaré como deseo: y pueblos se juntarán sobre ellos cuando serán atados en sus dos surcos."
      },
      {
        "book_name": "Hosea",
        "book": 28,
        "chapter": 10,
        "verse": 11,
        "text": "Ephraim es becerra domada, amadora del trillar; mas yo pasaré sobre su lozana cerviz: yo haré llevar yugo á Ephraim; arará Judá, quebrará sus terrones Jacob."
      },
      {
        "book_name": "Hosea",
        "book": 28,
        "chapter": 10,
        "verse": 12,
        "text": "Sembrad para vosotros en justicia, segad para vosotros en misericordia; arad para vosotros barbecho: porque es el tiempo de buscar á Jehová, hasta que venga y os enseñe justicia."
      },
      {
        "book_name": "Hosea",
        "book": 28,
        "chapter": 10,
        "verse": 13,
        "text": "Habéis arado impiedad, segasteis iniquidad: comeréis fruto de mentira: porque confiaste en tu camino, en la multitud de tus fuertes."
      },
      {
        "book_name": "Hosea",
        "book": 28,
        "chapter": 10,
        "verse": 14,
        "text": "Por tanto, en tus pueblos se levantará alboroto, y todas tus fortalezas serán destruídas, como destruyó Salmán á Beth-arbel el día de la batalla: la madre fué arrojada sobre los hijos."
      },
      {
        "book_name": "Hosea",
        "book": 28,
        "chapter": 10,
        "verse": 15,
        "text": "Así hará á vosotros Beth-el por la maldad de vuestra maldad: en la mañana será del todo cortado el rey de Israel."
      }
    ],
    "11": [
      {
        "book_name": "Hosea",
        "book": 28,
        "chapter": 11,
        "verse": 1,
        "text": "1CUANDO Israel era muchacho, yo lo amé, y de Egipto llamé á mi hijo. 2Como los llamaban, así ellos se iban de su presencia; á los Baales sacrificaban, y á las esculturas ofrecían sahumerios. 3Yo con todo eso guiaba en pies al mismo Ephraim, tomándolos de sus brazos; y no conocieron que yo los cuidaba. 4Con cuerdas humanas los traje, con cuerdas de amor: y fuí para ellos como los que alzan el yugo de sobre sus mejillas, y llegué hacia él la comida. 5No tornará á tierra de Egipto, antes el mismo Assur será su rey, porque no se quisieron convertir. 6Y caerá espada sobre sus ciudades, y consumirá sus aldeas; consumirálas á causa de sus consejos. 7Entre tanto, está mi pueblo adherido á la rebelión contra mí: aunque lo llaman al Altísimo, ninguno absolutamente quiere ensalzar le. 8¿Cómo tengo de dejarte, oh Ehpraim? ¿he de entregarte yo, Israel? ¿cómo podré yo hacerte como Adma, ni ponerte como á Zeboim? Mi corazón se revuelve dentro de mí, inflámanse todas mis conmiseraciones.  9No ejecutaré el furor de mi ira, no volveré para destruir á Ephraim: porque Dios soy, y no hombre; el Santo en medio de ti: y no entraré en la ciudad.  10En pos de Jehová caminarán: él bramará como león: cual león rugirá él de cierto, y los hijos se moverán azorados del occidente.  11Como ave se moverán velozmente de Egipto, y de la tierra de Asiria como paloma; y pondrélos en sus casas, dice Jehová.  12CERCOME Ephraim con mentira, y la casa de Israel con engaño: mas Judá aún domina con Dios, y es fiel con los santos."
      },
      {
        "book_name": "Hosea",
        "book": 28,
        "chapter": 11,
        "verse": 1,
        "text": "CUANDO Israel era muchacho, yo lo amé, y de Egipto llamé á mi hijo."
      },
      {
        "book_name": "Hosea",
        "book": 28,
        "chapter": 11,
        "verse": 2,
        "text": "Como los llamaban, así ellos se iban de su presencia; á los Baales sacrificaban, y á las esculturas ofrecían sahumerios."
      },
      {
        "book_name": "Hosea",
        "book": 28,
        "chapter": 11,
        "verse": 3,
        "text": "Yo con todo eso guiaba en pies al mismo Ephraim, tomándolos de sus brazos; y no conocieron que yo los cuidaba."
      },
      {
        "book_name": "Hosea",
        "book": 28,
        "chapter": 11,
        "verse": 4,
        "text": "Con cuerdas humanas los traje, con cuerdas de amor: y fuí para ellos como los que alzan el yugo de sobre sus mejillas, y llegué hacia él la comida."
      },
      {
        "book_name": "Hosea",
        "book": 28,
        "chapter": 11,
        "verse": 5,
        "text": "No tornará á tierra de Egipto, antes el mismo Assur será su rey, porque no se quisieron convertir."
      },
      {
        "book_name": "Hosea",
        "book": 28,
        "chapter": 11,
        "verse": 6,
        "text": "Y caerá espada sobre sus ciudades, y consumirá sus aldeas; consumirálas á causa de sus consejos."
      },
      {
        "book_name": "Hosea",
        "book": 28,
        "chapter": 11,
        "verse": 7,
        "text": "Entre tanto, está mi pueblo adherido á la rebelión contra mí: aunque lo llaman al Altísimo, ninguno absolutamente quiere ensalzar le."
      },
      {
        "book_name": "Hosea",
        "book": 28,
        "chapter": 11,
        "verse": 8,
        "text": "¿Cómo tengo de dejarte, oh Ehpraim? ¿he de entregarte yo, Israel? ¿cómo podré yo hacerte como Adma, ni ponerte como á Zeboim? Mi corazón se revuelve dentro de mí, inflámanse todas mis conmiseraciones."
      },
      {
        "book_name": "Hosea",
        "book": 28,
        "chapter": 11,
        "verse": 9,
        "text": "No ejecutaré el furor de mi ira, no volveré para destruir á Ephraim: porque Dios soy, y no hombre; el Santo en medio de ti: y no entraré en la ciudad."
      },
      {
        "book_name": "Hosea",
        "book": 28,
        "chapter": 11,
        "verse": 10,
        "text": "En pos de Jehová caminarán: él bramará como león: cual león rugirá él de cierto, y los hijos se moverán azorados del occidente."
      },
      {
        "book_name": "Hosea",
        "book": 28,
        "chapter": 11,
        "verse": 11,
        "text": "Como ave se moverán velozmente de Egipto, y de la tierra de Asiria como paloma; y pondrélos en sus casas, dice Jehová."
      },
      {
        "book_name": "Hosea",
        "book": 28,
        "chapter": 11,
        "verse": 12,
        "text": "CERCOME Ephraim con mentira, y la casa de Israel con engaño: mas Judá aún domina con Dios, y es fiel con los santos."
      }
    ],
    "12": [
      {
        "book_name": "Hosea",
        "book": 28,
        "chapter": 12,
        "verse": 1,
        "text": "1Ephraim se apacienta del viento, y sigue al solano: mentira y destrucción aumenta continuamente; porque hicieron alianza con los Asirios, y aceite se lleva á Egipto. 2Pleito tiene Jehová con Judá para visitar á Jacob conforme á sus caminos: pagarále conforme á sus obras.  3En el vientre tomó por el calcañar á su hermano, y con su fortaleza venció al ángel.  4Venció al ángel, y prevaleció; lloró, y rogóle: en Beth-el le halló, y allí habló con nosotros.  5Mas Jehová es Dios de los ejércitos: Jehová es su memorial.  6Tú pues, conviértete á tu Dios: guarda misericordia y juicio, y en tu Dios espera siempre.  7Es mercader que tiene en su mano peso falso, amador de opresión.  8Y dijo Ephraim: Ciertamente yo he enriquecido, hallado he riquezas para mí: nadie hallará en mí iniquidad, ni pecado en todos mis trabajos.  9Empero yo soy Jehová tu Dios desde la tierra de Egipto: aun te haré morar en tiendas, como en los días de la fiesta.  10Y hablado he á los profetas, y yo aumenté la profecía, y por mano de los profetas puse semejanzas.  11¿Es Galaad iniquidad? Ciertamente vanidad han sido; en Gilgal sacrificaron bueyes: y aún son sus altares como montones en los surcos del campo.  12Mas Jacob huyó á tierra de Aram, y sirvió Israel por mujer, y por mujer fué pastor.  13Y por profeta hizo subir Jehová á Israel de Egipto, y por profeta fué guardado.  14Enojado ha Ephraim á Dios con amarguras; por tanto, sus sangres se derramarán sobre él, y su Señor le pagará su oprobio."
      },
      {
        "book_name": "Hosea",
        "book": 28,
        "chapter": 12,
        "verse": 1,
        "text": "Ephraim se apacienta del viento, y sigue al solano: mentira y destrucción aumenta continuamente; porque hicieron alianza con los Asirios, y aceite se lleva á Egipto."
      },
      {
        "book_name": "Hosea",
        "book": 28,
        "chapter": 12,
        "verse": 2,
        "text": "Pleito tiene Jehová con Judá para visitar á Jacob conforme á sus caminos: pagarále conforme á sus obras."
      },
      {
        "book_name": "Hosea",
        "book": 28,
        "chapter": 12,
        "verse": 3,
        "text": "En el vientre tomó por el calcañar á su hermano, y con su fortaleza venció al ángel."
      },
      {
        "book_name": "Hosea",
        "book": 28,
        "chapter": 12,
        "verse": 4,
        "text": "Venció al ángel, y prevaleció; lloró, y rogóle: en Beth-el le halló, y allí habló con nosotros."
      },
      {
        "book_name": "Hosea",
        "book": 28,
        "chapter": 12,
        "verse": 5,
        "text": "Mas Jehová es Dios de los ejércitos: Jehová es su memorial."
      },
      {
        "book_name": "Hosea",
        "book": 28,
        "chapter": 12,
        "verse": 6,
        "text": "Tú pues, conviértete á tu Dios: guarda misericordia y juicio, y en tu Dios espera siempre."
      },
      {
        "book_name": "Hosea",
        "book": 28,
        "chapter": 12,
        "verse": 7,
        "text": "Es mercader que tiene en su mano peso falso, amador de opresión."
      },
      {
        "book_name": "Hosea",
        "book": 28,
        "chapter": 12,
        "verse": 8,
        "text": "Y dijo Ephraim: Ciertamente yo he enriquecido, hallado he riquezas para mí: nadie hallará en mí iniquidad, ni pecado en todos mis trabajos."
      },
      {
        "book_name": "Hosea",
        "book": 28,
        "chapter": 12,
        "verse": 9,
        "text": "Empero yo soy Jehová tu Dios desde la tierra de Egipto: aun te haré morar en tiendas, como en los días de la fiesta."
      },
      {
        "book_name": "Hosea",
        "book": 28,
        "chapter": 12,
        "verse": 10,
        "text": "Y hablado he á los profetas, y yo aumenté la profecía, y por mano de los profetas puse semejanzas."
      },
      {
        "book_name": "Hosea",
        "book": 28,
        "chapter": 12,
        "verse": 11,
        "text": "¿Es Galaad iniquidad? Ciertamente vanidad han sido; en Gilgal sacrificaron bueyes: y aún son sus altares como montones en los surcos del campo."
      },
      {
        "book_name": "Hosea",
        "book": 28,
        "chapter": 12,
        "verse": 12,
        "text": "Mas Jacob huyó á tierra de Aram, y sirvió Israel por mujer, y por mujer fué pastor."
      },
      {
        "book_name": "Hosea",
        "book": 28,
        "chapter": 12,
        "verse": 13,
        "text": "Y por profeta hizo subir Jehová á Israel de Egipto, y por profeta fué guardado."
      },
      {
        "book_name": "Hosea",
        "book": 28,
        "chapter": 12,
        "verse": 14,
        "text": "Enojado ha Ephraim á Dios con amarguras; por tanto, sus sangres se derramarán sobre él, y su Señor le pagará su oprobio."
      }
    ],
    "13": [
      {
        "book_name": "Hosea",
        "book": 28,
        "chapter": 13,
        "verse": 1,
        "text": "1CUANDO Ephraim hablaba, hubo temor; fué ensalzado en Israel; mas pecó en Baal, y murió. 2Y ahora añadieron á su pecado, y de su plata se han hecho según su entendimiento, estatuas de fundición, ídolos, toda obra de artífices; acerca de los cuales dicen á los hombres que sacrifican, que besen los becerros. 3Por tanto serán como la niebla de la mañana, y como el rocío de la madrugada que se pasa; como el tamo que la tempestad arroja de la era, y como el humo que de la chimenea sale. 4Mas yo soy Jehová tu Dios desde la tierra de Egipto: no conocerás pues Dios fuera de mí, ni otro Salvador sino á mí. 5Yo te conocí en el desierto, en tierra seca.  6En sus pastos se hartaron, hartáronse, y ensoberbecióse su corazón: por esta causa se olvidaron de mí.  7Por tanto, yo seré para ellos como león; como un leopardo en el camino los espiaré.  8Como oso que ha perdido los hijos los encontraré, y romperé las telas de su corazón, y allí los devoraré como león: bestia del campo los despedazará.  9Te perdiste, oh Israel, mas en mí está tu ayuda.  10¿Dónde está tu rey, para que te guarde con todas tus ciudades? ¿y tus jueces, de los cuales dijiste: Dame rey y príncipes?  11Díte rey en mi furor, y quitélo en mi ira.  12Atada está la maldad de Ephraim; su pecado está guardado.  13Dolores de mujer de parto le vendrán: es un hijo ignorante, que de otra manera no estuviera tanto tiempo en el rompimiento de los hijos.  14De la mano del sepulcro los redimiré, librarélos de la muerte. Oh muerte, yo seré tu muerte; y seré tu destrucción, oh sepulcro; arrepentimiento será escondido de mis ojos.  15Aunque él fructificará entre los hermanos, vendrá el solano, viento de Jehová, subiendo de la parte del desierto, y secarse ha su vena, y secaráse su manadero: él saqueará el tesoro de todas las preciosas alhajas.  16Samaria será asolada, porque se rebeló contra su Dios: caerán á cuchillo: sus niños serán estrellados, y su preñadas serán abiertas."
      },
      {
        "book_name": "Hosea",
        "book": 28,
        "chapter": 13,
        "verse": 1,
        "text": "CUANDO Ephraim hablaba, hubo temor; fué ensalzado en Israel; mas pecó en Baal, y murió."
      },
      {
        "book_name": "Hosea",
        "book": 28,
        "chapter": 13,
        "verse": 2,
        "text": "Y ahora añadieron á su pecado, y de su plata se han hecho según su entendimiento, estatuas de fundición, ídolos, toda obra de artífices; acerca de los cuales dicen á los hombres que sacrifican, que besen los becerros."
      },
      {
        "book_name": "Hosea",
        "book": 28,
        "chapter": 13,
        "verse": 3,
        "text": "Por tanto serán como la niebla de la mañana, y como el rocío de la madrugada que se pasa; como el tamo que la tempestad arroja de la era, y como el humo que de la chimenea sale."
      },
      {
        "book_name": "Hosea",
        "book": 28,
        "chapter": 13,
        "verse": 4,
        "text": "Mas yo soy Jehová tu Dios desde la tierra de Egipto: no conocerás pues Dios fuera de mí, ni otro Salvador sino á mí."
      },
      {
        "book_name": "Hosea",
        "book": 28,
        "chapter": 13,
        "verse": 5,
        "text": "Yo te conocí en el desierto, en tierra seca."
      },
      {
        "book_name": "Hosea",
        "book": 28,
        "chapter": 13,
        "verse": 6,
        "text": "En sus pastos se hartaron, hartáronse, y ensoberbecióse su corazón: por esta causa se olvidaron de mí."
      },
      {
        "book_name": "Hosea",
        "book": 28,
        "chapter": 13,
        "verse": 7,
        "text": "Por tanto, yo seré para ellos como león; como un leopardo en el camino los espiaré."
      },
      {
        "book_name": "Hosea",
        "book": 28,
        "chapter": 13,
        "verse": 8,
        "text": "Como oso que ha perdido los hijos los encontraré, y romperé las telas de su corazón, y allí los devoraré como león: bestia del campo los despedazará."
      },
      {
        "book_name": "Hosea",
        "book": 28,
        "chapter": 13,
        "verse": 9,
        "text": "Te perdiste, oh Israel, mas en mí está tu ayuda."
      },
      {
        "book_name": "Hosea",
        "book": 28,
        "chapter": 13,
        "verse": 10,
        "text": "¿Dónde está tu rey, para que te guarde con todas tus ciudades? ¿y tus jueces, de los cuales dijiste: Dame rey y príncipes?"
      },
      {
        "book_name": "Hosea",
        "book": 28,
        "chapter": 13,
        "verse": 11,
        "text": "Díte rey en mi furor, y quitélo en mi ira."
      },
      {
        "book_name": "Hosea",
        "book": 28,
        "chapter": 13,
        "verse": 12,
        "text": "Atada está la maldad de Ephraim; su pecado está guardado."
      },
      {
        "book_name": "Hosea",
        "book": 28,
        "chapter": 13,
        "verse": 13,
        "text": "Dolores de mujer de parto le vendrán: es un hijo ignorante, que de otra manera no estuviera tanto tiempo en el rompimiento de los hijos."
      },
      {
        "book_name": "Hosea",
        "book": 28,
        "chapter": 13,
        "verse": 14,
        "text": "De la mano del sepulcro los redimiré, librarélos de la muerte. Oh muerte, yo seré tu muerte; y seré tu destrucción, oh sepulcro; arrepentimiento será escondido de mis ojos."
      },
      {
        "book_name": "Hosea",
        "book": 28,
        "chapter": 13,
        "verse": 15,
        "text": "Aunque él fructificará entre los hermanos, vendrá el solano, viento de Jehová, subiendo de la parte del desierto, y secarse ha su vena, y secaráse su manadero: él saqueará el tesoro de todas las preciosas alhajas."
      },
      {
        "book_name": "Hosea",
        "book": 28,
        "chapter": 13,
        "verse": 16,
        "text": "Samaria será asolada, porque se rebeló contra su Dios: caerán á cuchillo: sus niños serán estrellados, y su preñadas serán abiertas."
      }
    ],
    "14": [
      {
        "book_name": "Hosea",
        "book": 28,
        "chapter": 14,
        "verse": 1,
        "text": "1CONVIÉRTETE, oh Israel, á Jehová tu Dios: porque por tu pecado has caído. 2Tomad con vosotros palabras, y convertíos á Jehová, y decidle: Quita toda iniquidad, y acepta el bien, y daremos becerros de nuestros labios. 3No nos librará Assur; no subiremos sobre caballos, ni nunca más diremos á la obra de nuestras manos: Dioses nuestros: porque en ti el huérfano alcanzará misericordia. 4Yo medicinaré su rebelión, amarélos de voluntad: porque mi furor se apartó de ellos.  5Yo seré á Israel como rocío; él florecerá como lirio, y extenderá sus raíces como el Líbano.  6Extenderse han sus ramos, y será su gloria como la de la oliva, y olerá como el Líbano.  7Volverán, y se sentarán bajo de su sombra: serán vivificados como trigo, y florecerán como la vid: su olor, como de vino del Líbano.  8Ephraim dirá: ¿Qué más tendré ya con los ídolos? Yo lo oiré, y miraré; yo seré á él como la haya verde: de mí será hallado tu fruto.  9¿Quién es sabio para que entienda esto, y prudente para que los sepa? Porque los caminos del Jehová son derechos, y los justos andarán por ellos: mas los rebeldes en ellos caerán."
      },
      {
        "book_name": "Hosea",
        "book": 28,
        "chapter": 14,
        "verse": 1,
        "text": "CONVIÉRTETE, oh Israel, á Jehová tu Dios: porque por tu pecado has caído."
      },
      {
        "book_name": "Hosea",
        "book": 28,
        "chapter": 14,
        "verse": 2,
        "text": "Tomad con vosotros palabras, y convertíos á Jehová, y decidle: Quita toda iniquidad, y acepta el bien, y daremos becerros de nuestros labios."
      },
      {
        "book_name": "Hosea",
        "book": 28,
        "chapter": 14,
        "verse": 3,
        "text": "No nos librará Assur; no subiremos sobre caballos, ni nunca más diremos á la obra de nuestras manos: Dioses nuestros: porque en ti el huérfano alcanzará misericordia."
      },
      {
        "book_name": "Hosea",
        "book": 28,
        "chapter": 14,
        "verse": 4,
        "text": "Yo medicinaré su rebelión, amarélos de voluntad: porque mi furor se apartó de ellos."
      },
      {
        "book_name": "Hosea",
        "book": 28,
        "chapter": 14,
        "verse": 5,
        "text": "Yo seré á Israel como rocío; él florecerá como lirio, y extenderá sus raíces como el Líbano."
      },
      {
        "book_name": "Hosea",
        "book": 28,
        "chapter": 14,
        "verse": 6,
        "text": "Extenderse han sus ramos, y será su gloria como la de la oliva, y olerá como el Líbano."
      },
      {
        "book_name": "Hosea",
        "book": 28,
        "chapter": 14,
        "verse": 7,
        "text": "Volverán, y se sentarán bajo de su sombra: serán vivificados como trigo, y florecerán como la vid: su olor, como de vino del Líbano."
      },
      {
        "book_name": "Hosea",
        "book": 28,
        "chapter": 14,
        "verse": 8,
        "text": "Ephraim dirá: ¿Qué más tendré ya con los ídolos? Yo lo oiré, y miraré; yo seré á él como la haya verde: de mí será hallado tu fruto."
      },
      {
        "book_name": "Hosea",
        "book": 28,
        "chapter": 14,
        "verse": 9,
        "text": "¿Quién es sabio para que entienda esto, y prudente para que los sepa? Porque los caminos del Jehová son derechos, y los justos andarán por ellos: mas los rebeldes en ellos caerán."
      }
    ]
  }
}