{
  "source": "bible.com",
  "version": "Reina Valera (1602)",
  "books": [
    {
      "name": "Genesis",
      "abbreviation": "GEN",
      "filename": "GEN.json",
      "chapters": 50,
      "source": "bible.com"
    },
    {
      "name": "Exodus",
      "abbreviation": "EXO",
      "filename": "EXO.json",
      "chapters": 40,
      "source": "bible.com"
    },
    {
      "name": "Leviticus",
      "abbreviation": "LEV",
      "filename": "LEV.json",
      "chapters": 27,
      "source": "bible.com"
    },
    {
      "name": "Numeri",
      "abbreviation": "NUM",
      "filename": "NUM.json",
      "chapters": 36,
      "source": "bible.com"
    },
    {
      "name": "Deuteronomium",
      "abbreviation": "DEU",
      "filename": "DEU.json",
      "chapters": 34,
      "source": "bible.com"
    },
    {
      "name": "Jozua",
      "abbreviation": "JOS",
      "filename": "JOS.json",
      "chapters": 24,
      "source": "bible.com"
    },
    {
      "name": "Rechters",
      "abbreviation": "JDG",
      "filename": "JDG.json",
      "chapters": 21,
      "source": "bible.com"
    },
    {
      "name": "Ruth",
      "abbreviation": "RUT",
      "filename": "RUT.json",
      "chapters": 4,
      "source": "bible.com"
    },
    {
      "name": "1 Samuel",
      "abbreviation": "1SA",
      "filename": "1SA.json",
      "chapters": 31,
      "source": "bible.com"
    },
    {
      "name": "2 Samuel",
      "abbreviation": "2SA",
      "filename": "2SA.json",
      "chapters": 24,
      "source": "bible.com"
    },
    {
      "name": "1 Koningen",
      "abbreviation": "1KI",
      "filename": "1KI.json",
      "chapters": 22,
      "source": "bible.com"
    },
    {
      "name": "2 Koningen",
      "abbreviation": "2KI",
      "filename": "2KI.json",
      "chapters": 25,
      "source": "bible.com"
    },
    {
      "name": "1 Kronieken",
      "abbreviation": "1CH",
      "filename": "1CH.json",
      "chapters": 29,
      "source": "bible.com"
    },
    {
      "name": "2 Kronieken",
      "abbreviation": "2CH",
      "filename": "2CH.json",
      "chapters": 36,
      "source": "bible.com"
    },
    {
      "name": "Ezra",
      "abbreviation": "EZR",
      "filename": "EZR.json",
      "chapters": 10,
      "source": "bible.com"
    },
    {
      "name": "Nehemia",
      "abbreviation": "NEH",
      "filename": "NEH.json",
      "chapters": 13,
      "source": "bible.com"
    },
    {
      "name": "Esther",
      "abbreviation": "EST",
      "filename": "EST.json",
      "chapters": 10,
      "source": "bible.com"
    },
    {
      "name": "Job",
      "abbreviation": "JOB",
      "filename": "JOB.json",
      "chapters": 42,
      "source": "bible.com"
    },
    {
      "name": "Psalmen",
      "abbreviation": "PSA",
      "filename": "PSA.json",
      "chapters": 150,
      "source": "bible.com"
    },
    {
      "name": "Spreuken",
      "abbreviation": "PRO",
      "filename": "PRO.json",
      "chapters": 31,
      "source": "bible.com"
    },
    {
      "name": "Prediker",
      "abbreviation": "ECC",
      "filename": "ECC.json",
      "chapters": 12,
      "source": "bible.com"
    },
    {
      "name": "Hooglied",
      "abbreviation": "SNG",
      "filename": "SNG.json",
      "chapters": 8,
      "source": "bible.com"
    },
    {
      "name": "Jesaja",
      "abbreviation": "ISA",
      "filename": "ISA.json",
      "chapters": 66,
      "source": "bible.com"
    },
    {
      "name": "Jeremia",
      "abbreviation": "JER",
      "filename": "JER.json",
      "chapters": 52,
      "source": "bible.com"
    },
    {
      "name": "Klaagliederen",
      "abbreviation": "LAM",
      "filename": "LAM.json",
      "chapters": 5,
      "source": "bible.com"
    },
    {
      "name": "Ezechiel",
      "abbreviation": "EZK",
      "filename": "EZK.json",
      "chapters": 48,
      "source": "bible.com"
    },
    {
      "name": "Daniel",
      "abbreviation": "DAN",
      "filename": "DAN.json",
      "chapters": 12,
      "source": "bible.com"
    },
    {
      "name": "Hosea",
      "abbreviation": "HOS",
      "filename": "HOS.json",
      "chapters": 14,
      "source": "bible.com"
    },
    {
      "name": "Joel",
      "abbreviation": "JOL",
      "filename": "JOL.json",
      "chapters": 3,
      "source": "bible.com"
    },
    {
      "name": "Amos",
      "abbreviation": "AMO",
      "filename": "AMO.json",
      "chapters": 9,
      "source": "bible.com"
    },
    {
      "name": "Obadja",
      "abbreviation": "OBA",
      "filename": "OBA.json",
      "chapters": 1,
      "source": "bible.com"
    },
    {
      "name": "Jona",
      "abbreviation": "JON",
      "filename": "JON.json",
      "chapters": 4,
      "source": "bible.com"
    },
    {
      "name": "Micha",
      "abbreviation": "MIC",
      "filename": "MIC.json",
      "chapters": 7,
      "source": "bible.com"
    },
    {
      "name": "Nahum",
      "abbreviation": "NAM",
      "filename": "NAM.json",
      "chapters": 3,
      "source": "bible.com"
    },
    {
      "name": "Habakuk",
      "abbreviation": "HAB",
      "filename": "HAB.json",
      "chapters": 3,
      "source": "bible.com"
    },
    {
      "name": "Sefanja",
      "abbreviation": "ZEP",
      "filename": "ZEP.json",
      "chapters": 3,
      "source": "bible.com"
    },
    {
      "name": "Haggai",
      "abbreviation": "HAG",
      "filename": "HAG.json",
      "chapters": 2,
      "source": "bible.com"
    },
    {
      "name": "Zacharia",
      "abbreviation": "ZEC",
      "filename": "ZEC.json",
      "chapters": 14,
      "source": "bible.com"
    },
    {
      "name": "Maleachi",
      "abbreviation": "MAL",
      "filename": "MAL.json",
      "chapters": 4,
      "source": "bible.com"
    },
    {
      "name": "Matteus",
      "abbreviation": "MAT",
      "filename": "MAT.json",
      "chapters": 28,
      "source": "bible.com"
    },
    {
      "name": "Markus",
      "abbreviation": "MRK",
      "filename": "MRK.json",
      "chapters": 16,
      "source": "bible.com"
    },
    {
      "name": "Lukas",
      "abbreviation": "LUK",
      "filename": "LUK.json",
      "chapters": 24,
      "source": "bible.com"
    },
    {
      "name": "Johannes",
      "abbreviation": "JHN",
      "filename": "JHN.json",
      "chapters": 21,
      "source": "bible.com"
    },
    {
      "name": "Handelingen",
      "abbreviation": "ACT",
      "filename": "ACT.json",
      "chapters": 28,
      "source": "bible.com"
    },
    {
      "name": "Romeinen",
      "abbreviation": "ROM",
      "filename": "ROM.json",
      "chapters": 16,
      "source": "bible.com"
    },
    {
      "name": "1 Korinthiers",
      "abbreviation": "1CO",
      "filename": "1CO.json",
      "chapters": 16,
      "source": "bible.com"
    },
    {
      "name": "2 Korinthiers",
      "abbreviation": "2CO",
      "filename": "2CO.json",
      "chapters": 13,
      "source": "bible.com"
    },
    {
      "name": "Galaten",
      "abbreviation": "GAL",
      "filename": "GAL.json",
      "chapters": 6,
      "source": "bible.com"
    },
    {
      "name": "Efeziers",
      "abbreviation": "EPH",
      "filename": "EPH.json",
      "chapters": 6,
      "source": "bible.com"
    },
    {
      "name": "Filippenzen",
      "abbreviation": "PHP",
      "filename": "PHP.json",
      "chapters": 4,
      "source": "bible.com"
    },
    {
      "name": "Kolossenzen",
      "abbreviation": "COL",
      "filename": "COL.json",
      "chapters": 4,
      "source": "bible.com"
    },
    {
      "name": "1 Thessalonicenzen",
      "abbreviation": "1TH",
      "filename": "1TH.json",
      "chapters": 5,
      "source": "bible.com"
    },
    {
      "name": "2 Thessalonicenzen",
      "abbreviation": "2TH",
      "filename": "2TH.json",
      "chapters": 3,
      "source": "bible.com"
    },
    {
      "name": "1 Timoteus",
      "abbreviation": "1TI",
      "filename": "1TI.json",
      "chapters": 6,
      "source": "bible.com"
    },
    {
      "name": "2 Timoteus",
      "abbreviation": "2TI",
      "filename": "2TI.json",
      "chapters": 4,
      "source": "bible.com"
    },
    {
      "name": "Titus",
      "abbreviation": "TIT",
      "filename": "TIT.json",
      "chapters": 3,
      "source": "bible.com"
    },
    {
      "name": "Filemon",
      "abbreviation": "PHM",
      "filename": "PHM.json",
      "chapters": 1,
      "source": "bible.com"
    },
    {
      "name": "Hebreeen",
      "abbreviation": "HEB",
      "filename": "HEB.json",
      "chapters": 13,
      "source": "bible.com"
    },
    {
      "name": "Jakobus",
      "abbreviation": "JAS",
      "filename": "JAS.json",
      "chapters": 5,
      "source": "bible.com"
    },
    {
      "name": "1 Petrus",
      "abbreviation": "1PE",
      "filename": "1PE.json",
      "chapters": 5,
      "source": "bible.com"
    },
    {
      "name": "2 Petrus",
      "abbreviation": "2PE",
      "filename": "2PE.json",
      "chapters": 3,
      "source": "bible.com"
    },
    {
      "name": "1 Johannes",
      "abbreviation": "1JN",
      "filename": "1JN.json",
      "chapters": 5,
      "source": "bible.com"
    },
    {
      "name": "2 Johannes",
      "abbreviation": "2JN",
      "filename": "2JN.json",
      "chapters": 1,
      "source": "bible.com"
    },
    {
      "name": "3 Johannes",
      "abbreviation": "3JN",
      "filename": "3JN.json",
      "chapters": 1,
      "source": "bible.com"
    },
    {
      "name": "Judas",
      "abbreviation": "JUD",
      "filename": "JUD.json",
      "chapters": 1,
      "source": "bible.com"
    },
    {
      "name": "Openbaring",
      "abbreviation": "REV",
      "filename": "REV.json",
      "chapters": 22,
      "source": "bible.com"
    }
  ]
}