{
  "source": "bible.com",
  "version": "Reina Valera (1602)",
  "book": "Jakobus",
  "chapters": {
    "1": [
      {
        "book_name": "Jakobus",
        "book": 59,
        "chapter": 1,
        "verse": 1,
        "text": "1JACOBO, siervo de Dios y del Señor Jesucristo, á las doce tribus que están esparcidas, salud. 2Hermanos míos, tened por sumo gozo cuando cayereis en diversas tentaciones;  3Sabiendo que la prueba de vuestra fe obra paciencia.  4Mas tenga la paciencia perfecta su obra, para que seáis perfectos y cabales, sin faltar en alguna cosa.  5Y si alguno de vosotros tiene falta de sabiduría, demándela á Dios, el cual da á todos abundantemente, y no zahiere; y le será dada.  6Pero pida en fe, no dudando nada: porque el que duda es semejante á la onda de la mar, que es movida del viento, y echada de una parte á otra.  7No piense pues el tal hombre que recibirá ninguna cosa del Señor.  8El hombre de doblado ánimo es inconstante en todos sus caminos.  9El hermano que es de baja suerte, gloríese en su alteza:  10Mas el que es rico, en su bajeza; porque él se pasará como la flor de la hierba.  11Porque salido el sol con ardor, la hierba se secó, y su flor se cayó, y pereció su hermosa apariencia: así también se marchitará el rico en todos sus caminos.  12Bienaventurado el varón que sufre la tentación; porque cuando fuere probado, recibirá la corona de vida, que Dios ha prometido á los que le aman.  13Cuando alguno es tentado, no diga que es tentado de Dios: porque Dios no puede ser tentado de los malos, ni él tienta á alguno:  14Sino que cada uno es tentado, cuando de su propia concupiscencia es atraído, y cebado.  15Y la concupiscencia, después que ha concebido, pare el pecado: y el pecado, siendo cumplido, engendra muerte.  16Amados hermanos míos, no erréis.  17Toda buena dádiva y todo don perfecto es de lo alto, que desciende del Padre de las luces, en el cual no hay mudanza, ni sombra de variación.  18El, de su voluntad nos ha engendrado por la palabra de verdad, para que seamos primicias de sus criaturas.  19Por esto, mis amados hermanos, todo hombre sea pronto para oir, tardío para hablar, tardío para airarse:  20Porque la ira del hombre no obra la justicia de Dios.  21Por lo cual, dejando toda inmundicia y superfluidad de malicia, recibid con mansedumbre la palabra ingerida, la cual puede hacer salvas vuestras almas.  22Mas sed hacedores de la palabra, y no tan solamente oidores, engañándoos á vosotros mismos.  23Porque si alguno oye la palabra, y no la pone por obra, este tal es semejante al hombre que considera en un espejo su rostro natural.  24Porque él se consideró á sí mismo, y se fué, y luego se olvidó qué tal era.  25Mas el que hubiere mirado atentamente en la perfecta ley, que es la de la libertad, y perseverado en ella, no siendo oidor olvidadizo, sino hacedor de la obra, este tal será bienaventurado en su hecho.  26Si alguno piensa ser religioso entre vosotros, y no refrena su lengua, sino engañando su corazón, la religión del tal es vana.  27La religión pura y sin mácula delante de Dios y Padre es esta: Visitar los huérfanos y las viudas en sus tribulaciones, y guardarse sin mancha de este mundo."
      },
      {
        "book_name": "Jakobus",
        "book": 59,
        "chapter": 1,
        "verse": 1,
        "text": "JACOBO, siervo de Dios y del Señor Jesucristo, á las doce tribus que están esparcidas, salud."
      },
      {
        "book_name": "Jakobus",
        "book": 59,
        "chapter": 1,
        "verse": 2,
        "text": "Hermanos míos, tened por sumo gozo cuando cayereis en diversas tentaciones;"
      },
      {
        "book_name": "Jakobus",
        "book": 59,
        "chapter": 1,
        "verse": 3,
        "text": "Sabiendo que la prueba de vuestra fe obra paciencia."
      },
      {
        "book_name": "Jakobus",
        "book": 59,
        "chapter": 1,
        "verse": 4,
        "text": "Mas tenga la paciencia perfecta su obra, para que seáis perfectos y cabales, sin faltar en alguna cosa."
      },
      {
        "book_name": "Jakobus",
        "book": 59,
        "chapter": 1,
        "verse": 5,
        "text": "Y si alguno de vosotros tiene falta de sabiduría, demándela á Dios, el cual da á todos abundantemente, y no zahiere; y le será dada."
      },
      {
        "book_name": "Jakobus",
        "book": 59,
        "chapter": 1,
        "verse": 6,
        "text": "Pero pida en fe, no dudando nada: porque el que duda es semejante á la onda de la mar, que es movida del viento, y echada de una parte á otra."
      },
      {
        "book_name": "Jakobus",
        "book": 59,
        "chapter": 1,
        "verse": 7,
        "text": "No piense pues el tal hombre que recibirá ninguna cosa del Señor."
      },
      {
        "book_name": "Jakobus",
        "book": 59,
        "chapter": 1,
        "verse": 8,
        "text": "El hombre de doblado ánimo es inconstante en todos sus caminos."
      },
      {
        "book_name": "Jakobus",
        "book": 59,
        "chapter": 1,
        "verse": 9,
        "text": "El hermano que es de baja suerte, gloríese en su alteza:"
      },
      {
        "book_name": "Jakobus",
        "book": 59,
        "chapter": 1,
        "verse": 10,
        "text": "Mas el que es rico, en su bajeza; porque él se pasará como la flor de la hierba."
      },
      {
        "book_name": "Jakobus",
        "book": 59,
        "chapter": 1,
        "verse": 11,
        "text": "Porque salido el sol con ardor, la hierba se secó, y su flor se cayó, y pereció su hermosa apariencia: así también se marchitará el rico en todos sus caminos."
      },
      {
        "book_name": "Jakobus",
        "book": 59,
        "chapter": 1,
        "verse": 12,
        "text": "Bienaventurado el varón que sufre la tentación; porque cuando fuere probado, recibirá la corona de vida, que Dios ha prometido á los que le aman."
      },
      {
        "book_name": "Jakobus",
        "book": 59,
        "chapter": 1,
        "verse": 13,
        "text": "Cuando alguno es tentado, no diga que es tentado de Dios: porque Dios no puede ser tentado de los malos, ni él tienta á alguno:"
      },
      {
        "book_name": "Jakobus",
        "book": 59,
        "chapter": 1,
        "verse": 14,
        "text": "Sino que cada uno es tentado, cuando de su propia concupiscencia es atraído, y cebado."
      },
      {
        "book_name": "Jakobus",
        "book": 59,
        "chapter": 1,
        "verse": 15,
        "text": "Y la concupiscencia, después que ha concebido, pare el pecado: y el pecado, siendo cumplido, engendra muerte."
      },
      {
        "book_name": "Jakobus",
        "book": 59,
        "chapter": 1,
        "verse": 16,
        "text": "Amados hermanos míos, no erréis."
      },
      {
        "book_name": "Jakobus",
        "book": 59,
        "chapter": 1,
        "verse": 17,
        "text": "Toda buena dádiva y todo don perfecto es de lo alto, que desciende del Padre de las luces, en el cual no hay mudanza, ni sombra de variación."
      },
      {
        "book_name": "Jakobus",
        "book": 59,
        "chapter": 1,
        "verse": 18,
        "text": "El, de su voluntad nos ha engendrado por la palabra de verdad, para que seamos primicias de sus criaturas."
      },
      {
        "book_name": "Jakobus",
        "book": 59,
        "chapter": 1,
        "verse": 19,
        "text": "Por esto, mis amados hermanos, todo hombre sea pronto para oir, tardío para hablar, tardío para airarse:"
      },
      {
        "book_name": "Jakobus",
        "book": 59,
        "chapter": 1,
        "verse": 20,
        "text": "Porque la ira del hombre no obra la justicia de Dios."
      },
      {
        "book_name": "Jakobus",
        "book": 59,
        "chapter": 1,
        "verse": 21,
        "text": "Por lo cual, dejando toda inmundicia y superfluidad de malicia, recibid con mansedumbre la palabra ingerida, la cual puede hacer salvas vuestras almas."
      },
      {
        "book_name": "Jakobus",
        "book": 59,
        "chapter": 1,
        "verse": 22,
        "text": "Mas sed hacedores de la palabra, y no tan solamente oidores, engañándoos á vosotros mismos."
      },
      {
        "book_name": "Jakobus",
        "book": 59,
        "chapter": 1,
        "verse": 23,
        "text": "Porque si alguno oye la palabra, y no la pone por obra, este tal es semejante al hombre que considera en un espejo su rostro natural."
      },
      {
        "book_name": "Jakobus",
        "book": 59,
        "chapter": 1,
        "verse": 24,
        "text": "Porque él se consideró á sí mismo, y se fué, y luego se olvidó qué tal era."
      },
      {
        "book_name": "Jakobus",
        "book": 59,
        "chapter": 1,
        "verse": 25,
        "text": "Mas el que hubiere mirado atentamente en la perfecta ley, que es la de la libertad, y perseverado en ella, no siendo oidor olvidadizo, sino hacedor de la obra, este tal será bienaventurado en su hecho."
      },
      {
        "book_name": "Jakobus",
        "book": 59,
        "chapter": 1,
        "verse": 26,
        "text": "Si alguno piensa ser religioso entre vosotros, y no refrena su lengua, sino engañando su corazón, la religión del tal es vana."
      },
      {
        "book_name": "Jakobus",
        "book": 59,
        "chapter": 1,
        "verse": 27,
        "text": "La religión pura y sin mácula delante de Dios y Padre es esta: Visitar los huérfanos y las viudas en sus tribulaciones, y guardarse sin mancha de este mundo."
      }
    ],
    "2": [
      {
        "book_name": "Jakobus",
        "book": 59,
        "chapter": 2,
        "verse": 1,
        "text": "1HERMANOS míos, no tengáis la fe de nuestro Señor Jesucristo glorioso en acepción de personas. 2Porque si en vuestra congregación entra un hombre con anillo de oro, y de preciosa ropa, y también entra un pobre con vestidura vil, 3Y tuviereis respeto al que trae la vestidura preciosa, y le dijereis: Siéntate tú aquí en buen lugar: y dijereis al pobre: Estáte tú allí en pie; ó siéntate aquí debajo de mi estrado: 4¿No juzguáis en vosotros mismos, y venís á ser jueces de pensamientos malos? 5Hermanos míos amados, oid: ¿No ha elegido Dios los pobres de este mundo, ricos en fe, y herederos del reino que ha prometido á los que le aman? 6Mas vosotros habéis afrentado al pobre. ¿No os oprimen los ricos, y no son ellos los mismos que os arrastran á los juzgados? 7¿No blasfeman ellos el buen nombre que fué invocado sobre vosotros? 8Si en verdad cumplís vosotros la ley real, conforme á la Escritura: Amarás á tu prójimo como á ti mismo, bien hacéis:  9Mas si hacéis acepción de personas, cometéis pecado, y sois reconvenidos de la ley como transgresores.  10Porque cualquiera que hubiere guardado toda la ley, y ofendiere en un punto, es hecho culpado de todos.  11Porque el que dijo: No cometerás adulterio, también ha dicho: No matarás. Ahora bien, si no hubieres matado, ya eres hecho transgresor de la ley.  12Así hablad, y así obrad, como los que habéis de ser juzgados por la ley de libertad.  13Porque juicio sin misericordia será hecho con aquel que no hiciere misericordia: y la misericordia se gloría contra el juicio.  14Hermanos míos, ¿qué aprovechará si alguno dice que tiene fe, y no tiene obras? ¿Podrá la fe salvarle?  15Y si el hermano ó la hermana están desnudos, y tienen necesidad del mantenimiento de cada día,  16Y alguno de vosotros les dice: Id en paz, calentaos y hartaos; pero no les diereis las cosas que son necesarias para el cuerpo: ¿qué aprovechará?  17Así también la fe, si no tuviere obras, es muerta en sí misma.  18Pero alguno dirá: Tú tienes fe, y yo tengo obras: muéstrame tu fe sin tus obras, y yo te mostraré mi fe por mis obras.  19Tú crees que Dios es uno; bien haces: también los demonios creen, y tiemblan.  20¿Mas quieres saber, hombre vano, que la fe sin obras es muerta?  21¿No fué justificado por las obras Abraham nuestro padre, cuando ofreció á su hijo Isaac sobre el altar?  22¿No ves que la fe obró con sus obras, y que la fe fué perfecta por las obras?  23Y fué cumplida la Escritura que dice: Abraham creyó á Dios, y le fué imputado á justicia, y fué llamado amigo de Dios.  24Vosotros veis, pues, que el hombre es justificado por las obras, y no solamente por la fe.  25Asimismo también Rahab la ramera, ¿no fué justificada por obras, cuando recibió los mensajeros, y los echó fuera por otro camino?  26Porque como el cuerpo sin espíritu está muerto, así también la fe sin obras es muerta."
      },
      {
        "book_name": "Jakobus",
        "book": 59,
        "chapter": 2,
        "verse": 1,
        "text": "HERMANOS míos, no tengáis la fe de nuestro Señor Jesucristo glorioso en acepción de personas."
      },
      {
        "book_name": "Jakobus",
        "book": 59,
        "chapter": 2,
        "verse": 2,
        "text": "Porque si en vuestra congregación entra un hombre con anillo de oro, y de preciosa ropa, y también entra un pobre con vestidura vil,"
      },
      {
        "book_name": "Jakobus",
        "book": 59,
        "chapter": 2,
        "verse": 3,
        "text": "Y tuviereis respeto al que trae la vestidura preciosa, y le dijereis: Siéntate tú aquí en buen lugar: y dijereis al pobre: Estáte tú allí en pie; ó siéntate aquí debajo de mi estrado:"
      },
      {
        "book_name": "Jakobus",
        "book": 59,
        "chapter": 2,
        "verse": 4,
        "text": "¿No juzguáis en vosotros mismos, y venís á ser jueces de pensamientos malos?"
      },
      {
        "book_name": "Jakobus",
        "book": 59,
        "chapter": 2,
        "verse": 5,
        "text": "Hermanos míos amados, oid: ¿No ha elegido Dios los pobres de este mundo, ricos en fe, y herederos del reino que ha prometido á los que le aman?"
      },
      {
        "book_name": "Jakobus",
        "book": 59,
        "chapter": 2,
        "verse": 6,
        "text": "Mas vosotros habéis afrentado al pobre. ¿No os oprimen los ricos, y no son ellos los mismos que os arrastran á los juzgados?"
      },
      {
        "book_name": "Jakobus",
        "book": 59,
        "chapter": 2,
        "verse": 7,
        "text": "¿No blasfeman ellos el buen nombre que fué invocado sobre vosotros?"
      },
      {
        "book_name": "Jakobus",
        "book": 59,
        "chapter": 2,
        "verse": 8,
        "text": "Si en verdad cumplís vosotros la ley real, conforme á la Escritura: Amarás á tu prójimo como á ti mismo, bien hacéis:"
      },
      {
        "book_name": "Jakobus",
        "book": 59,
        "chapter": 2,
        "verse": 9,
        "text": "Mas si hacéis acepción de personas, cometéis pecado, y sois reconvenidos de la ley como transgresores."
      },
      {
        "book_name": "Jakobus",
        "book": 59,
        "chapter": 2,
        "verse": 10,
        "text": "Porque cualquiera que hubiere guardado toda la ley, y ofendiere en un punto, es hecho culpado de todos."
      },
      {
        "book_name": "Jakobus",
        "book": 59,
        "chapter": 2,
        "verse": 11,
        "text": "Porque el que dijo: No cometerás adulterio, también ha dicho: No matarás. Ahora bien, si no hubieres matado, ya eres hecho transgresor de la ley."
      },
      {
        "book_name": "Jakobus",
        "book": 59,
        "chapter": 2,
        "verse": 12,
        "text": "Así hablad, y así obrad, como los que habéis de ser juzgados por la ley de libertad."
      },
      {
        "book_name": "Jakobus",
        "book": 59,
        "chapter": 2,
        "verse": 13,
        "text": "Porque juicio sin misericordia será hecho con aquel que no hiciere misericordia: y la misericordia se gloría contra el juicio."
      },
      {
        "book_name": "Jakobus",
        "book": 59,
        "chapter": 2,
        "verse": 14,
        "text": "Hermanos míos, ¿qué aprovechará si alguno dice que tiene fe, y no tiene obras? ¿Podrá la fe salvarle?"
      },
      {
        "book_name": "Jakobus",
        "book": 59,
        "chapter": 2,
        "verse": 15,
        "text": "Y si el hermano ó la hermana están desnudos, y tienen necesidad del mantenimiento de cada día,"
      },
      {
        "book_name": "Jakobus",
        "book": 59,
        "chapter": 2,
        "verse": 16,
        "text": "Y alguno de vosotros les dice: Id en paz, calentaos y hartaos; pero no les diereis las cosas que son necesarias para el cuerpo: ¿qué aprovechará?"
      },
      {
        "book_name": "Jakobus",
        "book": 59,
        "chapter": 2,
        "verse": 17,
        "text": "Así también la fe, si no tuviere obras, es muerta en sí misma."
      },
      {
        "book_name": "Jakobus",
        "book": 59,
        "chapter": 2,
        "verse": 18,
        "text": "Pero alguno dirá: Tú tienes fe, y yo tengo obras: muéstrame tu fe sin tus obras, y yo te mostraré mi fe por mis obras."
      },
      {
        "book_name": "Jakobus",
        "book": 59,
        "chapter": 2,
        "verse": 19,
        "text": "Tú crees que Dios es uno; bien haces: también los demonios creen, y tiemblan."
      },
      {
        "book_name": "Jakobus",
        "book": 59,
        "chapter": 2,
        "verse": 20,
        "text": "¿Mas quieres saber, hombre vano, que la fe sin obras es muerta?"
      },
      {
        "book_name": "Jakobus",
        "book": 59,
        "chapter": 2,
        "verse": 21,
        "text": "¿No fué justificado por las obras Abraham nuestro padre, cuando ofreció á su hijo Isaac sobre el altar?"
      },
      {
        "book_name": "Jakobus",
        "book": 59,
        "chapter": 2,
        "verse": 22,
        "text": "¿No ves que la fe obró con sus obras, y que la fe fué perfecta por las obras?"
      },
      {
        "book_name": "Jakobus",
        "book": 59,
        "chapter": 2,
        "verse": 23,
        "text": "Y fué cumplida la Escritura que dice: Abraham creyó á Dios, y le fué imputado á justicia, y fué llamado amigo de Dios."
      },
      {
        "book_name": "Jakobus",
        "book": 59,
        "chapter": 2,
        "verse": 24,
        "text": "Vosotros veis, pues, que el hombre es justificado por las obras, y no solamente por la fe."
      },
      {
        "book_name": "Jakobus",
        "book": 59,
        "chapter": 2,
        "verse": 25,
        "text": "Asimismo también Rahab la ramera, ¿no fué justificada por obras, cuando recibió los mensajeros, y los echó fuera por otro camino?"
      },
      {
        "book_name": "Jakobus",
        "book": 59,
        "chapter": 2,
        "verse": 26,
        "text": "Porque como el cuerpo sin espíritu está muerto, así también la fe sin obras es muerta."
      }
    ],
    "3": [
      {
        "book_name": "Jakobus",
        "book": 59,
        "chapter": 3,
        "verse": 1,
        "text": "1HERMANOS míos, no os hagáis muchos maestros, sabiendo que recibiremos mayor condenación. 2Porque todos ofendemos en muchas cosas. Si alguno no ofende en palabra, éste es varón perfecto, que también puede con freno gobernar todo el cuerpo. 3He aquí nosotros ponemos frenos en las bocas de los caballos para que nos obedezcan, y gobernamos todo su cuerpo. 4Mirad también las naves: aunque tan grandes, y llevadas de impetuosos vientos, son gobernadas con un muy pequeño timón por donde quisiere el que las gobierna. 5Así también, la lengua es un miembro pequeño, y se gloría de grandes cosas. He aquí, un pequeño fuego ­cuán grande bosque enciende! 6Y la lengua es un fuego, un mundo de maldad. Así la lengua está puesta entre nuestros miembros, la cual contamina todo el cuerpo, é inflama la rueda de la creación, y es inflamada del infierno. 7Porque toda naturaleza de bestias, y de aves, y de serpientes, y de seres de la mar, se doma y es domada de la naturaleza humana: 8Pero ningún hombre puede domar la lengua, que es un mal que no puede ser refrenado; llena de veneno mortal. 9Con ella bendecimos al Dios y Padre, y con ella maldecimos á los hombres, los cuales son hechos á la semejanza de Dios. 10De una misma boca proceden bendición y maldición. Hermanos míos, no conviene que estas cosas sean así hechas. 11¿Echa alguna fuente por una misma abertura agua dulce y amarga? 12Hermanos míos, ¿puede la higuera producir aceitunas, ó la vid higos? Así ninguna fuente puede hacer agua salada y dulce. 13¿Quién es sabio y avisado entre vosotros? muestre por buena conversación sus obras en mansedumbre de sabiduría.  14Pero si tenéis envidia amarga y contención en vuestros corazones, no os gloriés, ni seáis mentirosos contra la verdad:  15Que esta sabiduría no es la que desciende de lo alto, sino terrena, animal, diabólica.  16Porque donde hay envidia y contención, allí hay perturbación y toda obra perversa.  17Mas la sabiduría que es de lo alto, primeramente es pura, después pacífica, modesta, benigna, llena de misericordia y de buenos frutos, no juzgadora, no fingida.  18Y el fruto de justicia se siembra en paz para aquellos que hacen paz."
      },
      {
        "book_name": "Jakobus",
        "book": 59,
        "chapter": 3,
        "verse": 1,
        "text": "HERMANOS míos, no os hagáis muchos maestros, sabiendo que recibiremos mayor condenación."
      },
      {
        "book_name": "Jakobus",
        "book": 59,
        "chapter": 3,
        "verse": 2,
        "text": "Porque todos ofendemos en muchas cosas. Si alguno no ofende en palabra, éste es varón perfecto, que también puede con freno gobernar todo el cuerpo."
      },
      {
        "book_name": "Jakobus",
        "book": 59,
        "chapter": 3,
        "verse": 3,
        "text": "He aquí nosotros ponemos frenos en las bocas de los caballos para que nos obedezcan, y gobernamos todo su cuerpo."
      },
      {
        "book_name": "Jakobus",
        "book": 59,
        "chapter": 3,
        "verse": 4,
        "text": "Mirad también las naves: aunque tan grandes, y llevadas de impetuosos vientos, son gobernadas con un muy pequeño timón por donde quisiere el que las gobierna."
      },
      {
        "book_name": "Jakobus",
        "book": 59,
        "chapter": 3,
        "verse": 5,
        "text": "Así también, la lengua es un miembro pequeño, y se gloría de grandes cosas. He aquí, un pequeño fuego ­cuán grande bosque enciende!"
      },
      {
        "book_name": "Jakobus",
        "book": 59,
        "chapter": 3,
        "verse": 6,
        "text": "Y la lengua es un fuego, un mundo de maldad. Así la lengua está puesta entre nuestros miembros, la cual contamina todo el cuerpo, é inflama la rueda de la creación, y es inflamada del infierno."
      },
      {
        "book_name": "Jakobus",
        "book": 59,
        "chapter": 3,
        "verse": 7,
        "text": "Porque toda naturaleza de bestias, y de aves, y de serpientes, y de seres de la mar, se doma y es domada de la naturaleza humana:"
      },
      {
        "book_name": "Jakobus",
        "book": 59,
        "chapter": 3,
        "verse": 8,
        "text": "Pero ningún hombre puede domar la lengua, que es un mal que no puede ser refrenado; llena de veneno mortal."
      },
      {
        "book_name": "Jakobus",
        "book": 59,
        "chapter": 3,
        "verse": 9,
        "text": "Con ella bendecimos al Dios y Padre, y con ella maldecimos á los hombres, los cuales son hechos á la semejanza de Dios."
      },
      {
        "book_name": "Jakobus",
        "book": 59,
        "chapter": 3,
        "verse": 10,
        "text": "De una misma boca proceden bendición y maldición. Hermanos míos, no conviene que estas cosas sean así hechas."
      },
      {
        "book_name": "Jakobus",
        "book": 59,
        "chapter": 3,
        "verse": 11,
        "text": "¿Echa alguna fuente por una misma abertura agua dulce y amarga?"
      },
      {
        "book_name": "Jakobus",
        "book": 59,
        "chapter": 3,
        "verse": 12,
        "text": "Hermanos míos, ¿puede la higuera producir aceitunas, ó la vid higos? Así ninguna fuente puede hacer agua salada y dulce."
      },
      {
        "book_name": "Jakobus",
        "book": 59,
        "chapter": 3,
        "verse": 13,
        "text": "¿Quién es sabio y avisado entre vosotros? muestre por buena conversación sus obras en mansedumbre de sabiduría."
      },
      {
        "book_name": "Jakobus",
        "book": 59,
        "chapter": 3,
        "verse": 14,
        "text": "Pero si tenéis envidia amarga y contención en vuestros corazones, no os gloriés, ni seáis mentirosos contra la verdad:"
      },
      {
        "book_name": "Jakobus",
        "book": 59,
        "chapter": 3,
        "verse": 15,
        "text": "Que esta sabiduría no es la que desciende de lo alto, sino terrena, animal, diabólica."
      },
      {
        "book_name": "Jakobus",
        "book": 59,
        "chapter": 3,
        "verse": 16,
        "text": "Porque donde hay envidia y contención, allí hay perturbación y toda obra perversa."
      },
      {
        "book_name": "Jakobus",
        "book": 59,
        "chapter": 3,
        "verse": 17,
        "text": "Mas la sabiduría que es de lo alto, primeramente es pura, después pacífica, modesta, benigna, llena de misericordia y de buenos frutos, no juzgadora, no fingida."
      },
      {
        "book_name": "Jakobus",
        "book": 59,
        "chapter": 3,
        "verse": 18,
        "text": "Y el fruto de justicia se siembra en paz para aquellos que hacen paz."
      }
    ],
    "4": [
      {
        "book_name": "Jakobus",
        "book": 59,
        "chapter": 4,
        "verse": 1,
        "text": "1¿DE dónde vienen las guerras y los pleitos entre vosotros? ¿No son de vuestras concupiscencias, las cuales combaten en vuestros miembros? 2Codiciáis, y no tenéis; matáis y ardéis de envidia, y no podéis alcanzar; combatís y gerreáis, y no tenéis lo que deseáis, porque no pedís. 3Pedís, y no recibís, porque pedís mal, para gastar en vuestros deleites. 4Adúlteros y adúlteras, ¿no sabéis que la amistad del mundo es enemistad con Dios? Cualquiera pues que quisiere ser amigo del mundo, se constituye enemigo de Dios. 5¿Pensáis que la Escritura dice sin causa: Es espíritu que mora en nosotros codicia para envidia? 6Mas él da mayor gracia. Por esto dice: Dios resiste á los soberbios, y da gracia á los humildes. 7Someteos pues á Dios; resistid al diablo, y de vosotros huirá. 8Allegaos á Dios, y él se allegará á vosotros. Pecadores, limpiad las manos; y vosotros de doblado ánimo, purificad los corazones. 9Afligíos, y lamentad, y llorad. Vuestra risa se convierta en lloro, y vuestro gozo en tristeza. 10Humillaos delante del Señor, y él os ensalzará. 11Hermanos, no murmuréis los unos de los otros. El que murmura del hermano, y juzga á su hermano, este tal murmura de la ley, y juzga á la ley; pero si tú juzgas á la ley, no eres guardador de la ley, sino juez.  12Uno es el dador de la ley, que puede salvar y perder: ¿quién eres tú que juzgas á otro?  13Ea ahora, los que decís: Hoy y mañana iremos á tal ciudad, y estaremos allá un año, y compraremos mercadería, y ganaremos:  14Y no sabéis lo que será mañana. Porque ¿qué es vuestra vida? Ciertamente es un vapor que se aparece por un poco de tiempo, y luego se desvanece.  15En lugar de lo cual deberíais decir: Si el Señor quisiere, y si viviéremos, haremos esto ó aquello.  16Mas ahora os jactáis en vuestras soberbias. Toda jactancia semejante es mala.  17El pecado, pues, está en aquel que sabe hacer lo bueno, y no lo hace."
      },
      {
        "book_name": "Jakobus",
        "book": 59,
        "chapter": 4,
        "verse": 1,
        "text": "¿DE dónde vienen las guerras y los pleitos entre vosotros? ¿No son de vuestras concupiscencias, las cuales combaten en vuestros miembros?"
      },
      {
        "book_name": "Jakobus",
        "book": 59,
        "chapter": 4,
        "verse": 2,
        "text": "Codiciáis, y no tenéis; matáis y ardéis de envidia, y no podéis alcanzar; combatís y gerreáis, y no tenéis lo que deseáis, porque no pedís."
      },
      {
        "book_name": "Jakobus",
        "book": 59,
        "chapter": 4,
        "verse": 3,
        "text": "Pedís, y no recibís, porque pedís mal, para gastar en vuestros deleites."
      },
      {
        "book_name": "Jakobus",
        "book": 59,
        "chapter": 4,
        "verse": 4,
        "text": "Adúlteros y adúlteras, ¿no sabéis que la amistad del mundo es enemistad con Dios? Cualquiera pues que quisiere ser amigo del mundo, se constituye enemigo de Dios."
      },
      {
        "book_name": "Jakobus",
        "book": 59,
        "chapter": 4,
        "verse": 5,
        "text": "¿Pensáis que la Escritura dice sin causa: Es espíritu que mora en nosotros codicia para envidia?"
      },
      {
        "book_name": "Jakobus",
        "book": 59,
        "chapter": 4,
        "verse": 6,
        "text": "Mas él da mayor gracia. Por esto dice: Dios resiste á los soberbios, y da gracia á los humildes."
      },
      {
        "book_name": "Jakobus",
        "book": 59,
        "chapter": 4,
        "verse": 7,
        "text": "Someteos pues á Dios; resistid al diablo, y de vosotros huirá."
      },
      {
        "book_name": "Jakobus",
        "book": 59,
        "chapter": 4,
        "verse": 8,
        "text": "Allegaos á Dios, y él se allegará á vosotros. Pecadores, limpiad las manos; y vosotros de doblado ánimo, purificad los corazones."
      },
      {
        "book_name": "Jakobus",
        "book": 59,
        "chapter": 4,
        "verse": 9,
        "text": "Afligíos, y lamentad, y llorad. Vuestra risa se convierta en lloro, y vuestro gozo en tristeza."
      },
      {
        "book_name": "Jakobus",
        "book": 59,
        "chapter": 4,
        "verse": 10,
        "text": "Humillaos delante del Señor, y él os ensalzará."
      },
      {
        "book_name": "Jakobus",
        "book": 59,
        "chapter": 4,
        "verse": 11,
        "text": "Hermanos, no murmuréis los unos de los otros. El que murmura del hermano, y juzga á su hermano, este tal murmura de la ley, y juzga á la ley; pero si tú juzgas á la ley, no eres guardador de la ley, sino juez."
      },
      {
        "book_name": "Jakobus",
        "book": 59,
        "chapter": 4,
        "verse": 12,
        "text": "Uno es el dador de la ley, que puede salvar y perder: ¿quién eres tú que juzgas á otro?"
      },
      {
        "book_name": "Jakobus",
        "book": 59,
        "chapter": 4,
        "verse": 13,
        "text": "Ea ahora, los que decís: Hoy y mañana iremos á tal ciudad, y estaremos allá un año, y compraremos mercadería, y ganaremos:"
      },
      {
        "book_name": "Jakobus",
        "book": 59,
        "chapter": 4,
        "verse": 14,
        "text": "Y no sabéis lo que será mañana. Porque ¿qué es vuestra vida? Ciertamente es un vapor que se aparece por un poco de tiempo, y luego se desvanece."
      },
      {
        "book_name": "Jakobus",
        "book": 59,
        "chapter": 4,
        "verse": 15,
        "text": "En lugar de lo cual deberíais decir: Si el Señor quisiere, y si viviéremos, haremos esto ó aquello."
      },
      {
        "book_name": "Jakobus",
        "book": 59,
        "chapter": 4,
        "verse": 16,
        "text": "Mas ahora os jactáis en vuestras soberbias. Toda jactancia semejante es mala."
      },
      {
        "book_name": "Jakobus",
        "book": 59,
        "chapter": 4,
        "verse": 17,
        "text": "El pecado, pues, está en aquel que sabe hacer lo bueno, y no lo hace."
      }
    ],
    "5": [
      {
        "book_name": "Jakobus",
        "book": 59,
        "chapter": 5,
        "verse": 1,
        "text": "1EA ya ahora, oh ricos, llorad aullando por vuestras miserias que os vendrán. 2Vuestras riquezas están podridas: vuestras ropas están comidas de polilla. 3Vuestro oro y plata están corrompidos de orín; y su orín os será testimonio, y comerá del todo vuestras carnes como fuego. Os habéis allegado tesoro para en los postreros días. 4He aquí, el jornal de los obreros que han segado vuestras tierras, el cual por engaño no les ha sido pagado de vosotros, clama; y los clamores de los que habían segado, han entrado en los oídos del Señor de los ejércitos. 5Habéis vivido en deleites sobre la tierra, y sido disolutos; habéis cebado vuestros corazones como en el día de sacrificios. 6Habéis condenado y muerto al justo; y él no os resiste. 7Pues, hermanos, tened paciencia hasta la venida del Señor. Mirad cómo el labrador espera el precioso fruto de la tierra, aguardando con paciencia, hasta que reciba la lluvia temprana y tardía. 8Tened también vosotros paciencia; confirmad vuestros corazones: porque la venida del Señor se acerca. 9Hermanos, no os quejéis unos contra otros, porque no seáis condenados; he aquí, el juez está delante de la puerta. 10Hermanos míos, tomad por ejemplo de aflicción y de paciencia, á los profetas que hablaron en nombre del Señor. 11He aquí, tenemos por bienaventurados á los que sufren. Habéis oído la paciencia de Job, y habéis visto el fin del Señor, que el Señor es muy misericordioso y piadoso. 12Mas sobre todo, hermanos míos, no juréis, ni por el cielo, ni por la tierra, ni por otro cualquier juramento; sino vuestro sí sea sí, y vuestro no sea no; porque no caigáis en condenación.  13¿Está alguno entre vosotros afligido? haga oración. ¿Está alguno alegre? cante salmos.  14¿Está alguno enfermo entre vosotros? llame á los ancianos de la iglesia, y oren por él, ungiéndole con aceite en el nombre del Señor.  15Y la oración de fe salvará al enfermo, y el Señor lo levantará; y si estuviere en pecados, le serán perdonados.  16Confesaos vuestras faltas unos á otros, y rogad los unos por los otros, para que seáis sanos; la oración del justo, obrando eficazmente, puede mucho.  17Elías era hombre sujeto á semejantes pasiones que nosotros, y rogó con oración que no lloviese, y no llovió sobre la tierra en tres años y seis meses.  18Y otra vez oró, y el cielo dió lluvia, y la tierra produjo su fruto.  19Hermanos, si alguno de entre vosotros ha errado de la verdad, y alguno le convirtiere,  20Sepa que el que hubiere hecho convertir al pecador del error de su camino, salvará un alma de muerte, y cubrirá multitud de pecados."
      },
      {
        "book_name": "Jakobus",
        "book": 59,
        "chapter": 5,
        "verse": 1,
        "text": "EA ya ahora, oh ricos, llorad aullando por vuestras miserias que os vendrán."
      },
      {
        "book_name": "Jakobus",
        "book": 59,
        "chapter": 5,
        "verse": 2,
        "text": "Vuestras riquezas están podridas: vuestras ropas están comidas de polilla."
      },
      {
        "book_name": "Jakobus",
        "book": 59,
        "chapter": 5,
        "verse": 3,
        "text": "Vuestro oro y plata están corrompidos de orín; y su orín os será testimonio, y comerá del todo vuestras carnes como fuego. Os habéis allegado tesoro para en los postreros días."
      },
      {
        "book_name": "Jakobus",
        "book": 59,
        "chapter": 5,
        "verse": 4,
        "text": "He aquí, el jornal de los obreros que han segado vuestras tierras, el cual por engaño no les ha sido pagado de vosotros, clama; y los clamores de los que habían segado, han entrado en los oídos del Señor de los ejércitos."
      },
      {
        "book_name": "Jakobus",
        "book": 59,
        "chapter": 5,
        "verse": 5,
        "text": "Habéis vivido en deleites sobre la tierra, y sido disolutos; habéis cebado vuestros corazones como en el día de sacrificios."
      },
      {
        "book_name": "Jakobus",
        "book": 59,
        "chapter": 5,
        "verse": 6,
        "text": "Habéis condenado y muerto al justo; y él no os resiste."
      },
      {
        "book_name": "Jakobus",
        "book": 59,
        "chapter": 5,
        "verse": 7,
        "text": "Pues, hermanos, tened paciencia hasta la venida del Señor. Mirad cómo el labrador espera el precioso fruto de la tierra, aguardando con paciencia, hasta que reciba la lluvia temprana y tardía."
      },
      {
        "book_name": "Jakobus",
        "book": 59,
        "chapter": 5,
        "verse": 8,
        "text": "Tened también vosotros paciencia; confirmad vuestros corazones: porque la venida del Señor se acerca."
      },
      {
        "book_name": "Jakobus",
        "book": 59,
        "chapter": 5,
        "verse": 9,
        "text": "Hermanos, no os quejéis unos contra otros, porque no seáis condenados; he aquí, el juez está delante de la puerta."
      },
      {
        "book_name": "Jakobus",
        "book": 59,
        "chapter": 5,
        "verse": 10,
        "text": "Hermanos míos, tomad por ejemplo de aflicción y de paciencia, á los profetas que hablaron en nombre del Señor."
      },
      {
        "book_name": "Jakobus",
        "book": 59,
        "chapter": 5,
        "verse": 11,
        "text": "He aquí, tenemos por bienaventurados á los que sufren. Habéis oído la paciencia de Job, y habéis visto el fin del Señor, que el Señor es muy misericordioso y piadoso."
      },
      {
        "book_name": "Jakobus",
        "book": 59,
        "chapter": 5,
        "verse": 12,
        "text": "Mas sobre todo, hermanos míos, no juréis, ni por el cielo, ni por la tierra, ni por otro cualquier juramento; sino vuestro sí sea sí, y vuestro no sea no; porque no caigáis en condenación."
      },
      {
        "book_name": "Jakobus",
        "book": 59,
        "chapter": 5,
        "verse": 13,
        "text": "¿Está alguno entre vosotros afligido? haga oración. ¿Está alguno alegre? cante salmos."
      },
      {
        "book_name": "Jakobus",
        "book": 59,
        "chapter": 5,
        "verse": 14,
        "text": "¿Está alguno enfermo entre vosotros? llame á los ancianos de la iglesia, y oren por él, ungiéndole con aceite en el nombre del Señor."
      },
      {
        "book_name": "Jakobus",
        "book": 59,
        "chapter": 5,
        "verse": 15,
        "text": "Y la oración de fe salvará al enfermo, y el Señor lo levantará; y si estuviere en pecados, le serán perdonados."
      },
      {
        "book_name": "Jakobus",
        "book": 59,
        "chapter": 5,
        "verse": 16,
        "text": "Confesaos vuestras faltas unos á otros, y rogad los unos por los otros, para que seáis sanos; la oración del justo, obrando eficazmente, puede mucho."
      },
      {
        "book_name": "Jakobus",
        "book": 59,
        "chapter": 5,
        "verse": 17,
        "text": "Elías era hombre sujeto á semejantes pasiones que nosotros, y rogó con oración que no lloviese, y no llovió sobre la tierra en tres años y seis meses."
      },
      {
        "book_name": "Jakobus",
        "book": 59,
        "chapter": 5,
        "verse": 18,
        "text": "Y otra vez oró, y el cielo dió lluvia, y la tierra produjo su fruto."
      },
      {
        "book_name": "Jakobus",
        "book": 59,
        "chapter": 5,
        "verse": 19,
        "text": "Hermanos, si alguno de entre vosotros ha errado de la verdad, y alguno le convirtiere,"
      },
      {
        "book_name": "Jakobus",
        "book": 59,
        "chapter": 5,
        "verse": 20,
        "text": "Sepa que el que hubiere hecho convertir al pecador del error de su camino, salvará un alma de muerte, y cubrirá multitud de pecados."
      }
    ]
  }
}