{
  "source": "bible.com",
  "version": "Reina Valera (1602)",
  "book": "Joel",
  "chapters": {
    "1": [
      {
        "book_name": "Joel",
        "book": 29,
        "chapter": 1,
        "verse": 1,
        "text": "1PALABRA de Jehová que fué á Joel hijo de Pethuel. 2Oid esto, viejos, y escuchad, todos los moradores de la tierra. ¿Ha acontecido esto en vuestros días, ó en los días de vuestros padres? 3De esto contaréis á vuestros hijos, y vuestros hijos á sus hijos, y su hijos á la otra generación. 4Lo que quedó de la oruga comió la langosta, y lo que quedó de la langosta comió el pulgón; y el revoltón comió lo que del pulgón había quedado. 5Despertad, borrachos, y llorad; aullad todos los que bebéis vino, á causa del mosto, porque os es quitado de vuestra boca. 6Porque gente subió á mi tierra, fuerte y sin número; sus dientes, dientes de león, y sus muelas, de león. 7Asoló mi vid, y descortezó mi higuera: del todo la desnudó y derribó: sus ramas quedaron blancas. 8Llora tú como moza vestida de saco por el marido de su juventud.  9Pereció el presente y la libación de la casa de Jehová: los sacerdotes ministros de Jehová hicieron luto.  10El campo fué destruído, enlutóse la tierra; porque el trigo fué destuído, se secó el mosto, perdióse el aceite.  11Confundíos, labradores, aullad, viñeros, por el trigo y la cebada; porque se perdió la mies del campo.  12Secóse la vid, y pereció la higuera, el granado también, la palma, y el manzano; secáronse todos los árboles del campo; por lo cual se secó el gozo de los hijos de los hombres.  13Ceñíos y lamentad, sacerdotes; aullad, ministros del altar; venid, dormid en sacos, ministros de mi Dios: porque quitado es de la casa de vuestro Dios el presente y la libación.  14Pregonad ayuno, llamad á congregación; congregad los ancianos y todos los moradores de la tierra en la casa de Jehová vuestro Dios, y clamad á Jehová.  15Ay del día! porque cercano está el día de Jehová, y vendrá como destrucción por el Todopoderoso.  16¿No es quitado el mantenimiento de delante de nuestros ojos, la alegría y el placer de la casa de nuestro Dios?  17El grano se pudrió debajo de sus terrones, los bastimentos fueron asolados, los alfolíes destruídos; porque se secó el trigo.  18Cuánto gimieron las bestias! ­cuán turbados anduvieron los hatos de los bueyes, porque no tuvieron pastos! también fueron asolados los rebaños de las ovejas.  19A ti, oh Jehová, clamaré: porque fuego consumió los pastos del desierto, y llama abrasó todos los árboles del campo.  20Las bestias del campo bramarán también á ti; porque se secaron los arroyos de las aguas, y fuego consumió las praderías del desierto."
      },
      {
        "book_name": "Joel",
        "book": 29,
        "chapter": 1,
        "verse": 1,
        "text": "PALABRA de Jehová que fué á Joel hijo de Pethuel."
      },
      {
        "book_name": "Joel",
        "book": 29,
        "chapter": 1,
        "verse": 2,
        "text": "Oid esto, viejos, y escuchad, todos los moradores de la tierra. ¿Ha acontecido esto en vuestros días, ó en los días de vuestros padres?"
      },
      {
        "book_name": "Joel",
        "book": 29,
        "chapter": 1,
        "verse": 3,
        "text": "De esto contaréis á vuestros hijos, y vuestros hijos á sus hijos, y su hijos á la otra generación."
      },
      {
        "book_name": "Joel",
        "book": 29,
        "chapter": 1,
        "verse": 4,
        "text": "Lo que quedó de la oruga comió la langosta, y lo que quedó de la langosta comió el pulgón; y el revoltón comió lo que del pulgón había quedado."
      },
      {
        "book_name": "Joel",
        "book": 29,
        "chapter": 1,
        "verse": 5,
        "text": "Despertad, borrachos, y llorad; aullad todos los que bebéis vino, á causa del mosto, porque os es quitado de vuestra boca."
      },
      {
        "book_name": "Joel",
        "book": 29,
        "chapter": 1,
        "verse": 6,
        "text": "Porque gente subió á mi tierra, fuerte y sin número; sus dientes, dientes de león, y sus muelas, de león."
      },
      {
        "book_name": "Joel",
        "book": 29,
        "chapter": 1,
        "verse": 7,
        "text": "Asoló mi vid, y descortezó mi higuera: del todo la desnudó y derribó: sus ramas quedaron blancas."
      },
      {
        "book_name": "Joel",
        "book": 29,
        "chapter": 1,
        "verse": 8,
        "text": "Llora tú como moza vestida de saco por el marido de su juventud."
      },
      {
        "book_name": "Joel",
        "book": 29,
        "chapter": 1,
        "verse": 9,
        "text": "Pereció el presente y la libación de la casa de Jehová: los sacerdotes ministros de Jehová hicieron luto."
      },
      {
        "book_name": "Joel",
        "book": 29,
        "chapter": 1,
        "verse": 10,
        "text": "El campo fué destruído, enlutóse la tierra; porque el trigo fué destuído, se secó el mosto, perdióse el aceite."
      },
      {
        "book_name": "Joel",
        "book": 29,
        "chapter": 1,
        "verse": 11,
        "text": "Confundíos, labradores, aullad, viñeros, por el trigo y la cebada; porque se perdió la mies del campo."
      },
      {
        "book_name": "Joel",
        "book": 29,
        "chapter": 1,
        "verse": 12,
        "text": "Secóse la vid, y pereció la higuera, el granado también, la palma, y el manzano; secáronse todos los árboles del campo; por lo cual se secó el gozo de los hijos de los hombres."
      },
      {
        "book_name": "Joel",
        "book": 29,
        "chapter": 1,
        "verse": 13,
        "text": "Ceñíos y lamentad, sacerdotes; aullad, ministros del altar; venid, dormid en sacos, ministros de mi Dios: porque quitado es de la casa de vuestro Dios el presente y la libación."
      },
      {
        "book_name": "Joel",
        "book": 29,
        "chapter": 1,
        "verse": 14,
        "text": "Pregonad ayuno, llamad á congregación; congregad los ancianos y todos los moradores de la tierra en la casa de Jehová vuestro Dios, y clamad á Jehová."
      },
      {
        "book_name": "Joel",
        "book": 29,
        "chapter": 1,
        "verse": 15,
        "text": "Ay del día! porque cercano está el día de Jehová, y vendrá como destrucción por el Todopoderoso."
      },
      {
        "book_name": "Joel",
        "book": 29,
        "chapter": 1,
        "verse": 16,
        "text": "¿No es quitado el mantenimiento de delante de nuestros ojos, la alegría y el placer de la casa de nuestro Dios?"
      },
      {
        "book_name": "Joel",
        "book": 29,
        "chapter": 1,
        "verse": 17,
        "text": "El grano se pudrió debajo de sus terrones, los bastimentos fueron asolados, los alfolíes destruídos; porque se secó el trigo."
      },
      {
        "book_name": "Joel",
        "book": 29,
        "chapter": 1,
        "verse": 18,
        "text": "Cuánto gimieron las bestias! ­cuán turbados anduvieron los hatos de los bueyes, porque no tuvieron pastos! también fueron asolados los rebaños de las ovejas."
      },
      {
        "book_name": "Joel",
        "book": 29,
        "chapter": 1,
        "verse": 19,
        "text": "A ti, oh Jehová, clamaré: porque fuego consumió los pastos del desierto, y llama abrasó todos los árboles del campo."
      },
      {
        "book_name": "Joel",
        "book": 29,
        "chapter": 1,
        "verse": 20,
        "text": "Las bestias del campo bramarán también á ti; porque se secaron los arroyos de las aguas, y fuego consumió las praderías del desierto."
      }
    ],
    "2": [
      {
        "book_name": "Joel",
        "book": 29,
        "chapter": 2,
        "verse": 1,
        "text": "1TOCAD trompeta en Sión, y pregondad en mi santo monte: tiemblen todos los moradores de la tierra; porque viene el día de Jehová, porque está cercano. 2Día de tinieblas y de oscuridad, día de nube y de sombra, que sobre los montes se derrama como el alba: un pueblo grande y fuerte: nunca desde el siglo fué semejante, ni después de él será jamás en años de generación en generación. 3Delante de él consumirá fuego, tras de él abrasará llama; como el huerto de Edén será la tierra delante de él, y detrás de él como desierto asolado; ni tampoco habrá quien de él escape. 4Su parecer, como parecer de caballos; y como gente de á caballo correrán. 5Como estruendo de carros saltarán sobre las cumbres de los montes; como sonido de llama de fuego que consume hojarascas, como fuerte pueblo aparejado para la batalla. 6Delante de él temerán los pueblos, pondránse mustios todos los semblantes. 7Como valientes correrán, como hombres de guerra subirán la muralla; y cada cual irá en sus caminos, y no torcerán sus sendas. 8Ninguno apretará á su compañero, cada uno irá por su carrera; y aun cayendo sobre la espada no se herirán. 9Irán por la ciudad, correrán por el muro, subirán por las casas, entrarán por las ventanas á manera de ladrones. 10Delante de él temblará la tierra, se estremecerán los cielos: el sol y la luna se oscurecerán, y las estrellas retraerán su resplandor. 11Y Jehová dará su voz delante de su ejército: porque muchos son sus reales y fuertes, que ponen en efecto su palabra: porque grande es el día de Jehová, y muy terrible; ¿y quién lo podrá sufrir? 12Por eso pues ahora, dice Jehová, convertíos á mí con todo vuestro corazón, con ayuno y lloro y llanto.  13Y lacerad vuestro corazón, y no vuestros vestidos; y convertíos á Jehová vuestro Dios; porque misericordioso es y clemente, tardo para la ira, y grande en misericordia, y que se arrepiente del castigo.  14¿Quién sabe si volverá, y se apiadará, y dejará bendición tras de él, presente y libación para Jehová Dios vuestro?  15Tocad trompeta en Sión, pregonad ayuno, llamad á congregación.  16Reunid el pueblo, santificad la reunión, juntad los viejos, congregad los niños y los que maman: salga de su cámara el novio, y de su tálamo la novia.  17Entre la entrada y el altar, lloren los sacerdotes, ministros de Jehová, y digan: Perdona, oh Jehová, á tu pueblo, y no pongas en oprobio tu heredad, para que las gentes se enseñoreen de ella. ¿Por qué han de decir entre los pueblos: Dónde está su Dios?  18Y Jehová celará su tierra, y perdonará su pueblo.  19Y responderá Jehová, y dirá á su pueblo: He aquí yo os envío pan, y mosto, y aceite, y seréis saciados de ellos: y nunca más os pondré en oprobio entre las gentes.  20Y haré alejar de vosotros al del aquilón, y echarélo en la tierra seca y desierta: su faz será hacia el mar oriental, y su fin al mar occidental, y exhalará su hedor; y subirá su pudrición, porque hizo grandes cosas.  21Tierra, no temas; alégrate y gózate: porque Jehová ha de hacer grandes cosas.  22Animales del campo, no temáis; porque los pastos del desierto reverdecerán, porque los árboles llevarán su fruto, la higuera y la vid darán sus frutos.  23Vosotros también, hijos de Sión, alegraos y gozaos en Jehová vuestro Dios; porque os ha dado la primera lluvia arregladamente, y hará descender sobre vosotros lluvia temprana y tardía como al principio.  24Y las eras se henchirán de trigo, y los lagares rebosarán de vino y aceite.  25Y os restituiré los años que comió la oruga, la langosta, el pulgón, y el revoltón; mi grande ejército que envié contra vosotros.  26Y comeréis hasta saciaros, y alabaréis el nombre de Jehová vuestro Dios, el cual hizo maravillas con vosotros: y nunca jamás será mi pueblo avergonzado.  27Y conoceréis que en medio de Israel estoy yo, y que yo soy Jehová vuestro Dios, y no hay otro: y mi pueblo nunca jamás será avergonzado.  28Y será que después de esto, derramaré mi Espíritu sobre toda carne, y profetizarán vuestros hijos y vuestras hijas; vuestros viejos soñarán sueños, y vuestros mancebos verán visiones.  29Y aun también sobre los siervos y sobre las siervas derramaré mi Espíritu en aquellos días.  30Y daré prodigios en el cielo y en la tierra, sangre, y fuego, y columnas de humo.  31El sol se tornará en tinieblas, y la luna en sangre, antes que venga el día grande y espantoso de Jehová.  32Y será que cualquiera que invocare el nombre de Jehová, será salvo: porque en el monte de Sión y en Jerusalem habrá salvación, como Jehová ha dicho, y en los que quedaren, á los cuales Jehová habrá llamado."
      },
      {
        "book_name": "Joel",
        "book": 29,
        "chapter": 2,
        "verse": 1,
        "text": "TOCAD trompeta en Sión, y pregondad en mi santo monte: tiemblen todos los moradores de la tierra; porque viene el día de Jehová, porque está cercano."
      },
      {
        "book_name": "Joel",
        "book": 29,
        "chapter": 2,
        "verse": 2,
        "text": "Día de tinieblas y de oscuridad, día de nube y de sombra, que sobre los montes se derrama como el alba: un pueblo grande y fuerte: nunca desde el siglo fué semejante, ni después de él será jamás en años de generación en generación."
      },
      {
        "book_name": "Joel",
        "book": 29,
        "chapter": 2,
        "verse": 3,
        "text": "Delante de él consumirá fuego, tras de él abrasará llama; como el huerto de Edén será la tierra delante de él, y detrás de él como desierto asolado; ni tampoco habrá quien de él escape."
      },
      {
        "book_name": "Joel",
        "book": 29,
        "chapter": 2,
        "verse": 4,
        "text": "Su parecer, como parecer de caballos; y como gente de á caballo correrán."
      },
      {
        "book_name": "Joel",
        "book": 29,
        "chapter": 2,
        "verse": 5,
        "text": "Como estruendo de carros saltarán sobre las cumbres de los montes; como sonido de llama de fuego que consume hojarascas, como fuerte pueblo aparejado para la batalla."
      },
      {
        "book_name": "Joel",
        "book": 29,
        "chapter": 2,
        "verse": 6,
        "text": "Delante de él temerán los pueblos, pondránse mustios todos los semblantes."
      },
      {
        "book_name": "Joel",
        "book": 29,
        "chapter": 2,
        "verse": 7,
        "text": "Como valientes correrán, como hombres de guerra subirán la muralla; y cada cual irá en sus caminos, y no torcerán sus sendas."
      },
      {
        "book_name": "Joel",
        "book": 29,
        "chapter": 2,
        "verse": 8,
        "text": "Ninguno apretará á su compañero, cada uno irá por su carrera; y aun cayendo sobre la espada no se herirán."
      },
      {
        "book_name": "Joel",
        "book": 29,
        "chapter": 2,
        "verse": 9,
        "text": "Irán por la ciudad, correrán por el muro, subirán por las casas, entrarán por las ventanas á manera de ladrones."
      },
      {
        "book_name": "Joel",
        "book": 29,
        "chapter": 2,
        "verse": 10,
        "text": "Delante de él temblará la tierra, se estremecerán los cielos: el sol y la luna se oscurecerán, y las estrellas retraerán su resplandor."
      },
      {
        "book_name": "Joel",
        "book": 29,
        "chapter": 2,
        "verse": 11,
        "text": "Y Jehová dará su voz delante de su ejército: porque muchos son sus reales y fuertes, que ponen en efecto su palabra: porque grande es el día de Jehová, y muy terrible; ¿y quién lo podrá sufrir?"
      },
      {
        "book_name": "Joel",
        "book": 29,
        "chapter": 2,
        "verse": 12,
        "text": "Por eso pues ahora, dice Jehová, convertíos á mí con todo vuestro corazón, con ayuno y lloro y llanto."
      },
      {
        "book_name": "Joel",
        "book": 29,
        "chapter": 2,
        "verse": 13,
        "text": "Y lacerad vuestro corazón, y no vuestros vestidos; y convertíos á Jehová vuestro Dios; porque misericordioso es y clemente, tardo para la ira, y grande en misericordia, y que se arrepiente del castigo."
      },
      {
        "book_name": "Joel",
        "book": 29,
        "chapter": 2,
        "verse": 14,
        "text": "¿Quién sabe si volverá, y se apiadará, y dejará bendición tras de él, presente y libación para Jehová Dios vuestro?"
      },
      {
        "book_name": "Joel",
        "book": 29,
        "chapter": 2,
        "verse": 15,
        "text": "Tocad trompeta en Sión, pregonad ayuno, llamad á congregación."
      },
      {
        "book_name": "Joel",
        "book": 29,
        "chapter": 2,
        "verse": 16,
        "text": "Reunid el pueblo, santificad la reunión, juntad los viejos, congregad los niños y los que maman: salga de su cámara el novio, y de su tálamo la novia."
      },
      {
        "book_name": "Joel",
        "book": 29,
        "chapter": 2,
        "verse": 17,
        "text": "Entre la entrada y el altar, lloren los sacerdotes, ministros de Jehová, y digan: Perdona, oh Jehová, á tu pueblo, y no pongas en oprobio tu heredad, para que las gentes se enseñoreen de ella. ¿Por qué han de decir entre los pueblos: Dónde está su Dios?"
      },
      {
        "book_name": "Joel",
        "book": 29,
        "chapter": 2,
        "verse": 18,
        "text": "Y Jehová celará su tierra, y perdonará su pueblo."
      },
      {
        "book_name": "Joel",
        "book": 29,
        "chapter": 2,
        "verse": 19,
        "text": "Y responderá Jehová, y dirá á su pueblo: He aquí yo os envío pan, y mosto, y aceite, y seréis saciados de ellos: y nunca más os pondré en oprobio entre las gentes."
      },
      {
        "book_name": "Joel",
        "book": 29,
        "chapter": 2,
        "verse": 20,
        "text": "Y haré alejar de vosotros al del aquilón, y echarélo en la tierra seca y desierta: su faz será hacia el mar oriental, y su fin al mar occidental, y exhalará su hedor; y subirá su pudrición, porque hizo grandes cosas."
      },
      {
        "book_name": "Joel",
        "book": 29,
        "chapter": 2,
        "verse": 21,
        "text": "Tierra, no temas; alégrate y gózate: porque Jehová ha de hacer grandes cosas."
      },
      {
        "book_name": "Joel",
        "book": 29,
        "chapter": 2,
        "verse": 22,
        "text": "Animales del campo, no temáis; porque los pastos del desierto reverdecerán, porque los árboles llevarán su fruto, la higuera y la vid darán sus frutos."
      },
      {
        "book_name": "Joel",
        "book": 29,
        "chapter": 2,
        "verse": 23,
        "text": "Vosotros también, hijos de Sión, alegraos y gozaos en Jehová vuestro Dios; porque os ha dado la primera lluvia arregladamente, y hará descender sobre vosotros lluvia temprana y tardía como al principio."
      },
      {
        "book_name": "Joel",
        "book": 29,
        "chapter": 2,
        "verse": 24,
        "text": "Y las eras se henchirán de trigo, y los lagares rebosarán de vino y aceite."
      },
      {
        "book_name": "Joel",
        "book": 29,
        "chapter": 2,
        "verse": 25,
        "text": "Y os restituiré los años que comió la oruga, la langosta, el pulgón, y el revoltón; mi grande ejército que envié contra vosotros."
      },
      {
        "book_name": "Joel",
        "book": 29,
        "chapter": 2,
        "verse": 26,
        "text": "Y comeréis hasta saciaros, y alabaréis el nombre de Jehová vuestro Dios, el cual hizo maravillas con vosotros: y nunca jamás será mi pueblo avergonzado."
      },
      {
        "book_name": "Joel",
        "book": 29,
        "chapter": 2,
        "verse": 27,
        "text": "Y conoceréis que en medio de Israel estoy yo, y que yo soy Jehová vuestro Dios, y no hay otro: y mi pueblo nunca jamás será avergonzado."
      },
      {
        "book_name": "Joel",
        "book": 29,
        "chapter": 2,
        "verse": 28,
        "text": "Y será que después de esto, derramaré mi Espíritu sobre toda carne, y profetizarán vuestros hijos y vuestras hijas; vuestros viejos soñarán sueños, y vuestros mancebos verán visiones."
      },
      {
        "book_name": "Joel",
        "book": 29,
        "chapter": 2,
        "verse": 29,
        "text": "Y aun también sobre los siervos y sobre las siervas derramaré mi Espíritu en aquellos días."
      },
      {
        "book_name": "Joel",
        "book": 29,
        "chapter": 2,
        "verse": 30,
        "text": "Y daré prodigios en el cielo y en la tierra, sangre, y fuego, y columnas de humo."
      },
      {
        "book_name": "Joel",
        "book": 29,
        "chapter": 2,
        "verse": 31,
        "text": "El sol se tornará en tinieblas, y la luna en sangre, antes que venga el día grande y espantoso de Jehová."
      },
      {
        "book_name": "Joel",
        "book": 29,
        "chapter": 2,
        "verse": 32,
        "text": "Y será que cualquiera que invocare el nombre de Jehová, será salvo: porque en el monte de Sión y en Jerusalem habrá salvación, como Jehová ha dicho, y en los que quedaren, á los cuales Jehová habrá llamado."
      }
    ],
    "3": [
      {
        "book_name": "Joel",
        "book": 29,
        "chapter": 3,
        "verse": 1,
        "text": "1PORQUE he aquí que en aquellos días, y en aquel tiempo en que haré tornar la cautividad de Judá y de Jerusalem, 2Juntaré todas las gentes, y harélas descender al valle de Josaphat, y allí entraré en juicio con ellos á causa de mi pueblo, y de Israel mi heredad, á los cuales esparcieron entre las naciones, y partieron mi tierra: 3Y echaron suertes sobre mi pueblo, y á los niños dieron por una ramera, y vendieron las niñas por vino para beber. 4Y también, ¿qué tengo yo con vosotras, Tiro y Sidón, y todos los términos de Palestina? ¿Queréis vengaros de mí? Y si de mí os vengáis, bien pronto haré yo recaer la paga sobre vuestra cabeza. 5Porque habéis llevado mi plata y mi oro, y mis cosas preciosas y hermosas metisteis en vuestros templos: 6Y vendisteis los hijos de Judá y los hijos de Jerusalem á los hijos de los Griegos, por alejarlos de sus términos. 7He aquí los levantaré yo del lugar donde los vendisteis, y volveré vuestra paga sobre vuestra cabeza. 8Y venderé vuestros hijos y vuestras hijas en la mano de los hijos de Judá, y ellos los venderán á los Sabeos, nación apartada; porque Jehová ha hablado. 9Pregonad esto entre las gentes, proclamad guerra, despertad á los valientes, lléguense, vengan todos los hombres de guerra.  10Haced espadas de vuestros azadones, lanzas de vuestras hoces; diga el flaco: Fuerte soy.  11Juntaos y venid, gentes todas de alrededor, y congregaos: haz venir allí, oh Jehová, tus fuertes.  12Las gentes se despierten, y suban al valle de Josaphat: porque allí me sentaré para juzgar todas las gentes de alrededor.  13Echad la hoz, porque la mies está ya madura. Venid, descended; porque el lagar está lleno, rebosan las lagaretas: porque mucha es la maldad de ellos.  14Muchos pueblos en el valle de la decisión: porque cercano está el día de Jehová en el valle de la decisión.  15El sol y la luna se oscurecerán, y las estrellas retraerán su resplandor.  16Y Jehová bramará desde Sión, y dará su voz desde Jerusalem, y temblarán los cielos y la tierra: mas Jehová será la esperanza de su pueblo, y la fortaleza de los hijos de Israel.  17Y conoceréis que yo soy Jehová vuestro Dios, que habito en Sión, monte de mi santidad: y será Jerusalem santa, y extraños no pasarán más por ella.  18Y será en aquel tiempo, que los montes destilarán mosto, y los collados fluirán leche, y por todos los arroyos de Judá correrán aguas: y saldrá una fuente de la casa de Jehová, y regará el valle de Sittim.  19Egipto será destruído, y Edom será vuelto en asolado desierto, por la injuria hecha á los hijos de Judá: porque derramaron en su tierra la sangre inocente.  20Mas Judá para siempre será habitada, y Jerusalem en generación y generación.  21Y limpiaré la sangre de los que no limpié; y Jehová morará en Sión."
      },
      {
        "book_name": "Joel",
        "book": 29,
        "chapter": 3,
        "verse": 1,
        "text": "PORQUE he aquí que en aquellos días, y en aquel tiempo en que haré tornar la cautividad de Judá y de Jerusalem,"
      },
      {
        "book_name": "Joel",
        "book": 29,
        "chapter": 3,
        "verse": 2,
        "text": "Juntaré todas las gentes, y harélas descender al valle de Josaphat, y allí entraré en juicio con ellos á causa de mi pueblo, y de Israel mi heredad, á los cuales esparcieron entre las naciones, y partieron mi tierra:"
      },
      {
        "book_name": "Joel",
        "book": 29,
        "chapter": 3,
        "verse": 3,
        "text": "Y echaron suertes sobre mi pueblo, y á los niños dieron por una ramera, y vendieron las niñas por vino para beber."
      },
      {
        "book_name": "Joel",
        "book": 29,
        "chapter": 3,
        "verse": 4,
        "text": "Y también, ¿qué tengo yo con vosotras, Tiro y Sidón, y todos los términos de Palestina? ¿Queréis vengaros de mí? Y si de mí os vengáis, bien pronto haré yo recaer la paga sobre vuestra cabeza."
      },
      {
        "book_name": "Joel",
        "book": 29,
        "chapter": 3,
        "verse": 5,
        "text": "Porque habéis llevado mi plata y mi oro, y mis cosas preciosas y hermosas metisteis en vuestros templos:"
      },
      {
        "book_name": "Joel",
        "book": 29,
        "chapter": 3,
        "verse": 6,
        "text": "Y vendisteis los hijos de Judá y los hijos de Jerusalem á los hijos de los Griegos, por alejarlos de sus términos."
      },
      {
        "book_name": "Joel",
        "book": 29,
        "chapter": 3,
        "verse": 7,
        "text": "He aquí los levantaré yo del lugar donde los vendisteis, y volveré vuestra paga sobre vuestra cabeza."
      },
      {
        "book_name": "Joel",
        "book": 29,
        "chapter": 3,
        "verse": 8,
        "text": "Y venderé vuestros hijos y vuestras hijas en la mano de los hijos de Judá, y ellos los venderán á los Sabeos, nación apartada; porque Jehová ha hablado."
      },
      {
        "book_name": "Joel",
        "book": 29,
        "chapter": 3,
        "verse": 9,
        "text": "Pregonad esto entre las gentes, proclamad guerra, despertad á los valientes, lléguense, vengan todos los hombres de guerra."
      },
      {
        "book_name": "Joel",
        "book": 29,
        "chapter": 3,
        "verse": 10,
        "text": "Haced espadas de vuestros azadones, lanzas de vuestras hoces; diga el flaco: Fuerte soy."
      },
      {
        "book_name": "Joel",
        "book": 29,
        "chapter": 3,
        "verse": 11,
        "text": "Juntaos y venid, gentes todas de alrededor, y congregaos: haz venir allí, oh Jehová, tus fuertes."
      },
      {
        "book_name": "Joel",
        "book": 29,
        "chapter": 3,
        "verse": 12,
        "text": "Las gentes se despierten, y suban al valle de Josaphat: porque allí me sentaré para juzgar todas las gentes de alrededor."
      },
      {
        "book_name": "Joel",
        "book": 29,
        "chapter": 3,
        "verse": 13,
        "text": "Echad la hoz, porque la mies está ya madura. Venid, descended; porque el lagar está lleno, rebosan las lagaretas: porque mucha es la maldad de ellos."
      },
      {
        "book_name": "Joel",
        "book": 29,
        "chapter": 3,
        "verse": 14,
        "text": "Muchos pueblos en el valle de la decisión: porque cercano está el día de Jehová en el valle de la decisión."
      },
      {
        "book_name": "Joel",
        "book": 29,
        "chapter": 3,
        "verse": 15,
        "text": "El sol y la luna se oscurecerán, y las estrellas retraerán su resplandor."
      },
      {
        "book_name": "Joel",
        "book": 29,
        "chapter": 3,
        "verse": 16,
        "text": "Y Jehová bramará desde Sión, y dará su voz desde Jerusalem, y temblarán los cielos y la tierra: mas Jehová será la esperanza de su pueblo, y la fortaleza de los hijos de Israel."
      },
      {
        "book_name": "Joel",
        "book": 29,
        "chapter": 3,
        "verse": 17,
        "text": "Y conoceréis que yo soy Jehová vuestro Dios, que habito en Sión, monte de mi santidad: y será Jerusalem santa, y extraños no pasarán más por ella."
      },
      {
        "book_name": "Joel",
        "book": 29,
        "chapter": 3,
        "verse": 18,
        "text": "Y será en aquel tiempo, que los montes destilarán mosto, y los collados fluirán leche, y por todos los arroyos de Judá correrán aguas: y saldrá una fuente de la casa de Jehová, y regará el valle de Sittim."
      },
      {
        "book_name": "Joel",
        "book": 29,
        "chapter": 3,
        "verse": 19,
        "text": "Egipto será destruído, y Edom será vuelto en asolado desierto, por la injuria hecha á los hijos de Judá: porque derramaron en su tierra la sangre inocente."
      },
      {
        "book_name": "Joel",
        "book": 29,
        "chapter": 3,
        "verse": 20,
        "text": "Mas Judá para siempre será habitada, y Jerusalem en generación y generación."
      },
      {
        "book_name": "Joel",
        "book": 29,
        "chapter": 3,
        "verse": 21,
        "text": "Y limpiaré la sangre de los que no limpié; y Jehová morará en Sión."
      }
    ]
  }
}