{
  "source": "bible.com",
  "version": "Reina Valera (1602)",
  "book": "Jona",
  "chapters": {
    "1": [
      {
        "book_name": "Jona",
        "book": 32,
        "chapter": 1,
        "verse": 1,
        "text": "1Y FUÉ palabra de Jehová á Jonás, hijo de Amittai, diciendo: 2Levántate, y ve á Nínive, ciudad grande, y pregona contra ella; porque su maldad ha subido delante de mí. 3Y Jonás se levantó para huir de la presencia de Jehová á Tarsis, y descendió á Joppe; y halló un navío que partía para Tarsis; y pagando su pasaje entró en él, para irse con ellos á Tarsis de delante de Jehová. 4Mas Jehová hizo levantar un gran viento en la mar, é hízose una tan gran tempestad en la mar, que pensóse se rompería la nave.  5Y los marineros tuvieron miedo, y cada uno llamaba á su dios: y echaron á la mar los enseres que había en la nave, para descargarla de ellos. Jonás empero se había bajado á los lados del buque, y se había echado á dormir.  6Y el maestre de la nave se llegó á él, y le dijo: ¿Qué tienes, dormilón? Levántate, y clamá á tu Dios; quizá él tendrá compasión de nosotros, y no pereceremos.  7Y dijeron cada uno á su compañero: Venid, y echemos suertes, para saber por quién nos ha venido este mal. Y echaron suertes, y la suerte cayó sobre Jonás.  8Entonces le dijeron ellos: Decláranos ahora por qué nos ha venido este mal. ¿Qué oficio tienes, y de dónde vienes? ¿cuál es tu tierra, y de qué pueblo eres?  9Y él les respondió: Hebreo soy, y temo á Jehová, Dios de los cielos, que hizo la mar y la tierra.  10Y aquellos hombres temieron sobremanera, y dijéronle: ¿Por qué has hecho esto? Porque ellos entendieron que huía de delante de Jehová, porque se lo había declarado.  11Y dijéronle: ¿Qué te haremos, para que la mar se nos quiete? porque la mar iba á más, y se embravecía.  12El les respondió: Tomadme, y echadme á la mar, y la mar se os quietará: porque yo sé que por mí ha venido esta grande tempestad sobre vosotros.  13Y aquellos hombres trabajaron por tornar la nave á tierra; mas no pudieron, porque la mar iba á más, y se embravecía sobre ellos.  14Entonces clamaron á Jehová, y dijeron: Rogámoste ahora, Jehová, que no perezcamos nosotros por la vida de aqueste hombre, ni pongas sobre nosotros la sangre inocente: porque tú, Jehová, has hecho como has querido.  15Y tomaron á Jonás, y echáronlo á la mar; y la mar se quietó de su furia.  16Y temieron aquellos hombres á Jehová con gran temor; y ofrecieron sacrificio á Jehová, y prometieron votos.  17MAS Jehová había prevenido un gran pez que tragase á Jonás: y estuvo Jonás en el vientre del pez tres días y tres noches."
      },
      {
        "book_name": "Jona",
        "book": 32,
        "chapter": 1,
        "verse": 1,
        "text": "Y FUÉ palabra de Jehová á Jonás, hijo de Amittai, diciendo:"
      },
      {
        "book_name": "Jona",
        "book": 32,
        "chapter": 1,
        "verse": 2,
        "text": "Levántate, y ve á Nínive, ciudad grande, y pregona contra ella; porque su maldad ha subido delante de mí."
      },
      {
        "book_name": "Jona",
        "book": 32,
        "chapter": 1,
        "verse": 3,
        "text": "Y Jonás se levantó para huir de la presencia de Jehová á Tarsis, y descendió á Joppe; y halló un navío que partía para Tarsis; y pagando su pasaje entró en él, para irse con ellos á Tarsis de delante de Jehová."
      },
      {
        "book_name": "Jona",
        "book": 32,
        "chapter": 1,
        "verse": 4,
        "text": "Mas Jehová hizo levantar un gran viento en la mar, é hízose una tan gran tempestad en la mar, que pensóse se rompería la nave."
      },
      {
        "book_name": "Jona",
        "book": 32,
        "chapter": 1,
        "verse": 5,
        "text": "Y los marineros tuvieron miedo, y cada uno llamaba á su dios: y echaron á la mar los enseres que había en la nave, para descargarla de ellos. Jonás empero se había bajado á los lados del buque, y se había echado á dormir."
      },
      {
        "book_name": "Jona",
        "book": 32,
        "chapter": 1,
        "verse": 6,
        "text": "Y el maestre de la nave se llegó á él, y le dijo: ¿Qué tienes, dormilón? Levántate, y clamá á tu Dios; quizá él tendrá compasión de nosotros, y no pereceremos."
      },
      {
        "book_name": "Jona",
        "book": 32,
        "chapter": 1,
        "verse": 7,
        "text": "Y dijeron cada uno á su compañero: Venid, y echemos suertes, para saber por quién nos ha venido este mal. Y echaron suertes, y la suerte cayó sobre Jonás."
      },
      {
        "book_name": "Jona",
        "book": 32,
        "chapter": 1,
        "verse": 8,
        "text": "Entonces le dijeron ellos: Decláranos ahora por qué nos ha venido este mal. ¿Qué oficio tienes, y de dónde vienes? ¿cuál es tu tierra, y de qué pueblo eres?"
      },
      {
        "book_name": "Jona",
        "book": 32,
        "chapter": 1,
        "verse": 9,
        "text": "Y él les respondió: Hebreo soy, y temo á Jehová, Dios de los cielos, que hizo la mar y la tierra."
      },
      {
        "book_name": "Jona",
        "book": 32,
        "chapter": 1,
        "verse": 10,
        "text": "Y aquellos hombres temieron sobremanera, y dijéronle: ¿Por qué has hecho esto? Porque ellos entendieron que huía de delante de Jehová, porque se lo había declarado."
      },
      {
        "book_name": "Jona",
        "book": 32,
        "chapter": 1,
        "verse": 11,
        "text": "Y dijéronle: ¿Qué te haremos, para que la mar se nos quiete? porque la mar iba á más, y se embravecía."
      },
      {
        "book_name": "Jona",
        "book": 32,
        "chapter": 1,
        "verse": 12,
        "text": "El les respondió: Tomadme, y echadme á la mar, y la mar se os quietará: porque yo sé que por mí ha venido esta grande tempestad sobre vosotros."
      },
      {
        "book_name": "Jona",
        "book": 32,
        "chapter": 1,
        "verse": 13,
        "text": "Y aquellos hombres trabajaron por tornar la nave á tierra; mas no pudieron, porque la mar iba á más, y se embravecía sobre ellos."
      },
      {
        "book_name": "Jona",
        "book": 32,
        "chapter": 1,
        "verse": 14,
        "text": "Entonces clamaron á Jehová, y dijeron: Rogámoste ahora, Jehová, que no perezcamos nosotros por la vida de aqueste hombre, ni pongas sobre nosotros la sangre inocente: porque tú, Jehová, has hecho como has querido."
      },
      {
        "book_name": "Jona",
        "book": 32,
        "chapter": 1,
        "verse": 15,
        "text": "Y tomaron á Jonás, y echáronlo á la mar; y la mar se quietó de su furia."
      },
      {
        "book_name": "Jona",
        "book": 32,
        "chapter": 1,
        "verse": 16,
        "text": "Y temieron aquellos hombres á Jehová con gran temor; y ofrecieron sacrificio á Jehová, y prometieron votos."
      },
      {
        "book_name": "Jona",
        "book": 32,
        "chapter": 1,
        "verse": 17,
        "text": "MAS Jehová había prevenido un gran pez que tragase á Jonás: y estuvo Jonás en el vientre del pez tres días y tres noches."
      }
    ],
    "2": [
      {
        "book_name": "Jona",
        "book": 32,
        "chapter": 2,
        "verse": 1,
        "text": "1Y oró Jonás desde el vientre del pez á Jehová su Dios. 2Y dijo: Clamé de mi tribulación á Jehová, Y él me oyó; Del vientre del sepulcro clamé, Y mi voz oiste.  3Echásteme en el profundo, en medio de los mares, Y rodeóme la corriente; Todas tus ondas y tus olas pasaron sobre mí.  4Y yo dije: Echado soy de delante de tus ojos: Mas aun veré tu santo templo.  5Las aguas me rodearon hasta el alma, Rodeóme el abismo; La ova se enredó á mi cabeza.  6Descendí á las raíces de los montes; La tierra echó sus cerraduras sobre mí para siempre: Mas tú sacaste mi vida de la sepultura, oh Jehová Dios mío.  7Cuando mi alma desfallecía en mí, acordéme de Jehová; Y mi oración entró hasta ti en tu santo templo.  8Los que guardan las vanidades ilusorias, Su misericordia abandonan.  9Yo empero con voz de alabanza te sacrificaré; Pagaré lo que prometí. La salvación pertenece á Jehová.  10Y mandó Jehová al pez, y vomitó á Jonás en tierra."
      },
      {
        "book_name": "Jona",
        "book": 32,
        "chapter": 2,
        "verse": 1,
        "text": "Y oró Jonás desde el vientre del pez á Jehová su Dios."
      },
      {
        "book_name": "Jona",
        "book": 32,
        "chapter": 2,
        "verse": 2,
        "text": "Y dijo: Clamé de mi tribulación á Jehová, Y él me oyó; Del vientre del sepulcro clamé, Y mi voz oiste."
      },
      {
        "book_name": "Jona",
        "book": 32,
        "chapter": 2,
        "verse": 3,
        "text": "Echásteme en el profundo, en medio de los mares, Y rodeóme la corriente; Todas tus ondas y tus olas pasaron sobre mí."
      },
      {
        "book_name": "Jona",
        "book": 32,
        "chapter": 2,
        "verse": 4,
        "text": "Y yo dije: Echado soy de delante de tus ojos: Mas aun veré tu santo templo."
      },
      {
        "book_name": "Jona",
        "book": 32,
        "chapter": 2,
        "verse": 5,
        "text": "Las aguas me rodearon hasta el alma, Rodeóme el abismo; La ova se enredó á mi cabeza."
      },
      {
        "book_name": "Jona",
        "book": 32,
        "chapter": 2,
        "verse": 6,
        "text": "Descendí á las raíces de los montes; La tierra echó sus cerraduras sobre mí para siempre: Mas tú sacaste mi vida de la sepultura, oh Jehová Dios mío."
      },
      {
        "book_name": "Jona",
        "book": 32,
        "chapter": 2,
        "verse": 7,
        "text": "Cuando mi alma desfallecía en mí, acordéme de Jehová; Y mi oración entró hasta ti en tu santo templo."
      },
      {
        "book_name": "Jona",
        "book": 32,
        "chapter": 2,
        "verse": 8,
        "text": "Los que guardan las vanidades ilusorias, Su misericordia abandonan."
      },
      {
        "book_name": "Jona",
        "book": 32,
        "chapter": 2,
        "verse": 9,
        "text": "Yo empero con voz de alabanza te sacrificaré; Pagaré lo que prometí. La salvación pertenece á Jehová."
      },
      {
        "book_name": "Jona",
        "book": 32,
        "chapter": 2,
        "verse": 10,
        "text": "Y mandó Jehová al pez, y vomitó á Jonás en tierra."
      }
    ],
    "3": [
      {
        "book_name": "Jona",
        "book": 32,
        "chapter": 3,
        "verse": 1,
        "text": "1Y FUÉ palabra de Jehová segunda vez á Jonás, diciendo: 2Levántate, y ve á Nínive, aquella gran ciudad, y publica en ella el pregón que yo te diré. 3Y levantóse Jonás, y fué á Nínive, conforme á la palabra de Jehová. Y era Nínive ciudad sobremanera grande, de tres días de camino. 4Y comenzó Jonás á entrar por la ciudad, camino de un día, y pregonaba diciendo: De aquí á cuarenta días Nínive será destruida. 5Y los hombres de Nínive creyeron á Dios, y pregonaron ayuno, y vistiéronse de sacos desde el mayor de ellos hasta el menor de ellos.  6Y llegó el negocio hasta el rey de Nínive, y levantóse de su silla, y echó de sí su vestido, y cubrióse de saco, y se sentó sobre ceniza.  7E hizo pregonar y anunciar en Nínive, por mandado del rey y de sus grandes, diciendo: Hombres y animales, bueyes y ovejas, no gusten cosa alguna, no se les dé alimento, ni beban agua:  8Y que se cubran de saco los hombres y los animales, y clamen á Dios fuertemente: y conviértase cada uno de su mal camino, de la rapiña que está en sus manos.  9¿Quién sabe si se volverá y arrepentirá Dios, y se apartará del furor de su ira, y no pereceremos?  10Y vió Dios lo que hicieron, que se convirtieron de su mal camino: y arrepintióse del mal que había dicho les había de hacer, y no lo hizo."
      },
      {
        "book_name": "Jona",
        "book": 32,
        "chapter": 3,
        "verse": 1,
        "text": "Y FUÉ palabra de Jehová segunda vez á Jonás, diciendo:"
      },
      {
        "book_name": "Jona",
        "book": 32,
        "chapter": 3,
        "verse": 2,
        "text": "Levántate, y ve á Nínive, aquella gran ciudad, y publica en ella el pregón que yo te diré."
      },
      {
        "book_name": "Jona",
        "book": 32,
        "chapter": 3,
        "verse": 3,
        "text": "Y levantóse Jonás, y fué á Nínive, conforme á la palabra de Jehová. Y era Nínive ciudad sobremanera grande, de tres días de camino."
      },
      {
        "book_name": "Jona",
        "book": 32,
        "chapter": 3,
        "verse": 4,
        "text": "Y comenzó Jonás á entrar por la ciudad, camino de un día, y pregonaba diciendo: De aquí á cuarenta días Nínive será destruida."
      },
      {
        "book_name": "Jona",
        "book": 32,
        "chapter": 3,
        "verse": 5,
        "text": "Y los hombres de Nínive creyeron á Dios, y pregonaron ayuno, y vistiéronse de sacos desde el mayor de ellos hasta el menor de ellos."
      },
      {
        "book_name": "Jona",
        "book": 32,
        "chapter": 3,
        "verse": 6,
        "text": "Y llegó el negocio hasta el rey de Nínive, y levantóse de su silla, y echó de sí su vestido, y cubrióse de saco, y se sentó sobre ceniza."
      },
      {
        "book_name": "Jona",
        "book": 32,
        "chapter": 3,
        "verse": 7,
        "text": "E hizo pregonar y anunciar en Nínive, por mandado del rey y de sus grandes, diciendo: Hombres y animales, bueyes y ovejas, no gusten cosa alguna, no se les dé alimento, ni beban agua:"
      },
      {
        "book_name": "Jona",
        "book": 32,
        "chapter": 3,
        "verse": 8,
        "text": "Y que se cubran de saco los hombres y los animales, y clamen á Dios fuertemente: y conviértase cada uno de su mal camino, de la rapiña que está en sus manos."
      },
      {
        "book_name": "Jona",
        "book": 32,
        "chapter": 3,
        "verse": 9,
        "text": "¿Quién sabe si se volverá y arrepentirá Dios, y se apartará del furor de su ira, y no pereceremos?"
      },
      {
        "book_name": "Jona",
        "book": 32,
        "chapter": 3,
        "verse": 10,
        "text": "Y vió Dios lo que hicieron, que se convirtieron de su mal camino: y arrepintióse del mal que había dicho les había de hacer, y no lo hizo."
      }
    ],
    "4": [
      {
        "book_name": "Jona",
        "book": 32,
        "chapter": 4,
        "verse": 1,
        "text": "1PERO Jonás se apesadumbró en extremo, y enojóse. 2Y oró á Jehová, y dijo: Ahora, oh Jehová, ¿no es esto lo que yo decía estando aún en mi tierra? Por eso me precaví huyendo á Tarsis; porque sabía yo que tú eres Dios clemente y piadoso, tardo á enojarte, y de grande misericordia, y que te arrepientes del mal. 3Ahora pues, oh Jehová, ruégote que me mates; porque mejor me es la muerte que la vida. 4Y Jehová le dijo: ¿Haces tú bien en enojarte tanto? 5Y salióse Jonás de la ciudad, y asentó hacia el oriente de la ciudad, é hízose allí una choza, y se sentó debajo de ella á la sombra, hasta ver qué sería de la ciudad.  6Y preparó Jehová Dios una calabacera, la cual creció sobre Jonás para que hiciese sombra sobre su cabeza, y le defendiese de su mal: y Jonás se alegró grandemente por la calabacera.  7Mas Dios preparó un gusano al venir la mañana del día siguiente, el cual hirió á la calabacera, y secóse.  8Y acaeció que al salir el sol, preparó Dios un recio viento solano; y el sol hirió á Jonás en la cabeza, y desmayábase, y se deseaba la muerte, diciendo: Mejor sería para mí la muerte que mi vida.  9Entonces dijo Dios á Jonás: ¿Tanto te enojas por la calabacera? Y él respondió: Mucho me enojo, hasta la muerte.  10Y dijo Jehová: Tuviste tú lástima de la calabacera, en la cual no trabajaste, ni tú la hiciste crecer; que en espacio de una noche nació, y en espacio de otra noche pereció:  11¿Y no tendré yo piedad de Nínive, aquella grande ciudad donde hay más de ciento y veinte mil personas que no conocen su mano derecha ni su mano izquierda, y muchos animales?"
      },
      {
        "book_name": "Jona",
        "book": 32,
        "chapter": 4,
        "verse": 1,
        "text": "PERO Jonás se apesadumbró en extremo, y enojóse."
      },
      {
        "book_name": "Jona",
        "book": 32,
        "chapter": 4,
        "verse": 2,
        "text": "Y oró á Jehová, y dijo: Ahora, oh Jehová, ¿no es esto lo que yo decía estando aún en mi tierra? Por eso me precaví huyendo á Tarsis; porque sabía yo que tú eres Dios clemente y piadoso, tardo á enojarte, y de grande misericordia, y que te arrepientes del mal."
      },
      {
        "book_name": "Jona",
        "book": 32,
        "chapter": 4,
        "verse": 3,
        "text": "Ahora pues, oh Jehová, ruégote que me mates; porque mejor me es la muerte que la vida."
      },
      {
        "book_name": "Jona",
        "book": 32,
        "chapter": 4,
        "verse": 4,
        "text": "Y Jehová le dijo: ¿Haces tú bien en enojarte tanto?"
      },
      {
        "book_name": "Jona",
        "book": 32,
        "chapter": 4,
        "verse": 5,
        "text": "Y salióse Jonás de la ciudad, y asentó hacia el oriente de la ciudad, é hízose allí una choza, y se sentó debajo de ella á la sombra, hasta ver qué sería de la ciudad."
      },
      {
        "book_name": "Jona",
        "book": 32,
        "chapter": 4,
        "verse": 6,
        "text": "Y preparó Jehová Dios una calabacera, la cual creció sobre Jonás para que hiciese sombra sobre su cabeza, y le defendiese de su mal: y Jonás se alegró grandemente por la calabacera."
      },
      {
        "book_name": "Jona",
        "book": 32,
        "chapter": 4,
        "verse": 7,
        "text": "Mas Dios preparó un gusano al venir la mañana del día siguiente, el cual hirió á la calabacera, y secóse."
      },
      {
        "book_name": "Jona",
        "book": 32,
        "chapter": 4,
        "verse": 8,
        "text": "Y acaeció que al salir el sol, preparó Dios un recio viento solano; y el sol hirió á Jonás en la cabeza, y desmayábase, y se deseaba la muerte, diciendo: Mejor sería para mí la muerte que mi vida."
      },
      {
        "book_name": "Jona",
        "book": 32,
        "chapter": 4,
        "verse": 9,
        "text": "Entonces dijo Dios á Jonás: ¿Tanto te enojas por la calabacera? Y él respondió: Mucho me enojo, hasta la muerte."
      },
      {
        "book_name": "Jona",
        "book": 32,
        "chapter": 4,
        "verse": 10,
        "text": "Y dijo Jehová: Tuviste tú lástima de la calabacera, en la cual no trabajaste, ni tú la hiciste crecer; que en espacio de una noche nació, y en espacio de otra noche pereció:"
      },
      {
        "book_name": "Jona",
        "book": 32,
        "chapter": 4,
        "verse": 11,
        "text": "¿Y no tendré yo piedad de Nínive, aquella grande ciudad donde hay más de ciento y veinte mil personas que no conocen su mano derecha ni su mano izquierda, y muchos animales?"
      }
    ]
  }
}