{
  "source": "bible.com",
  "version": "Reina Valera (1602)",
  "book": "Micha",
  "chapters": {
    "1": [
      {
        "book_name": "Micha",
        "book": 33,
        "chapter": 1,
        "verse": 1,
        "text": "1PALABRA de Jehová que fué á Miqueas de Morasti en días de Jotham, Achâz, y Ezechîas, reyes de Judá: lo que vió sobre Samaria y Jerusalem. 2Oid, pueblos todos: está atenta, tierra, y todo lo que en ella hay: y el Señor Jehová, el Señor desde su santo templo sea testigo contra vosotros. 3Porque he aquí, Jehová sale de su lugar, y descenderá, y hollará sobre las alturas de la tierra. 4Y debajo de él se derretirán los montes, y los valles se hendirán como la cera delante del fuego, como las aguas que corren por un precipicio. 5Todo esto por la rebelión de Jacob, y por los pecados de la casa de Israel. ¿Cuál es la rebelión de Jacob? ¿no es Samaria? ¿Y cuáles son los excelsos de Judá? ¿no es Jerusalem? 6Pondré pues á Samaria en majanos de heredad, en tierra de viñas; y derramaré sus piedras por el valle, y descubriré sus fundamentos. 7Y todas sus estatuas serán despedazadas, y todos sus dones serán quemados en fuego, y asolaré todos sus ídolos; porque de dones de rameras los juntó, y á dones de rameras volverán. 8Por tanto lamentaré y aullaré, y andaré despojado y desnudo; haré gemido como de chacales, y lamento como de avestruces.  9Porque su llaga es dolorosa, que llegó hasta Judá; llegó hasta la puerta de mi pueblo, hasta Jerusalem.  10No lo digáis en Gath, ni lloréis mucho: revuélcate en el polvo de Beth-le-aphrah.  11Pásate desnuda con vergüenza, oh moradora de Saphir: la moradora de Saanán no salió al llanto de Beth-esel: tomará de vosotros su tardanza.  12Porque la moradora de Maroth tuvo dolor por el bien; por cuanto el mal descendió de Jehová hasta la puerta de Jerusalem.  13Unce al carro dromedarios, oh moradora de Lachîs, que fuiste principio de pecado á la hija de Sión; porque en ti se inventaron las rebeliones de Israel.  14Por tanto, tú darás dones á Moreseth-gath: las casas de Achzib serán en mentira á los reyes de Israel.  15Aun te traeré heredero, oh moradora de Maresah: la gloria de Israel vendrá hasta Adullam.  16Mésate y trasquílate por los hijos de tus delicias: ensancha tu calva como águila; porque fueron trasportados de ti."
      },
      {
        "book_name": "Micha",
        "book": 33,
        "chapter": 1,
        "verse": 1,
        "text": "PALABRA de Jehová que fué á Miqueas de Morasti en días de Jotham, Achâz, y Ezechîas, reyes de Judá: lo que vió sobre Samaria y Jerusalem."
      },
      {
        "book_name": "Micha",
        "book": 33,
        "chapter": 1,
        "verse": 2,
        "text": "Oid, pueblos todos: está atenta, tierra, y todo lo que en ella hay: y el Señor Jehová, el Señor desde su santo templo sea testigo contra vosotros."
      },
      {
        "book_name": "Micha",
        "book": 33,
        "chapter": 1,
        "verse": 3,
        "text": "Porque he aquí, Jehová sale de su lugar, y descenderá, y hollará sobre las alturas de la tierra."
      },
      {
        "book_name": "Micha",
        "book": 33,
        "chapter": 1,
        "verse": 4,
        "text": "Y debajo de él se derretirán los montes, y los valles se hendirán como la cera delante del fuego, como las aguas que corren por un precipicio."
      },
      {
        "book_name": "Micha",
        "book": 33,
        "chapter": 1,
        "verse": 5,
        "text": "Todo esto por la rebelión de Jacob, y por los pecados de la casa de Israel. ¿Cuál es la rebelión de Jacob? ¿no es Samaria? ¿Y cuáles son los excelsos de Judá? ¿no es Jerusalem?"
      },
      {
        "book_name": "Micha",
        "book": 33,
        "chapter": 1,
        "verse": 6,
        "text": "Pondré pues á Samaria en majanos de heredad, en tierra de viñas; y derramaré sus piedras por el valle, y descubriré sus fundamentos."
      },
      {
        "book_name": "Micha",
        "book": 33,
        "chapter": 1,
        "verse": 7,
        "text": "Y todas sus estatuas serán despedazadas, y todos sus dones serán quemados en fuego, y asolaré todos sus ídolos; porque de dones de rameras los juntó, y á dones de rameras volverán."
      },
      {
        "book_name": "Micha",
        "book": 33,
        "chapter": 1,
        "verse": 8,
        "text": "Por tanto lamentaré y aullaré, y andaré despojado y desnudo; haré gemido como de chacales, y lamento como de avestruces."
      },
      {
        "book_name": "Micha",
        "book": 33,
        "chapter": 1,
        "verse": 9,
        "text": "Porque su llaga es dolorosa, que llegó hasta Judá; llegó hasta la puerta de mi pueblo, hasta Jerusalem."
      },
      {
        "book_name": "Micha",
        "book": 33,
        "chapter": 1,
        "verse": 10,
        "text": "No lo digáis en Gath, ni lloréis mucho: revuélcate en el polvo de Beth-le-aphrah."
      },
      {
        "book_name": "Micha",
        "book": 33,
        "chapter": 1,
        "verse": 11,
        "text": "Pásate desnuda con vergüenza, oh moradora de Saphir: la moradora de Saanán no salió al llanto de Beth-esel: tomará de vosotros su tardanza."
      },
      {
        "book_name": "Micha",
        "book": 33,
        "chapter": 1,
        "verse": 12,
        "text": "Porque la moradora de Maroth tuvo dolor por el bien; por cuanto el mal descendió de Jehová hasta la puerta de Jerusalem."
      },
      {
        "book_name": "Micha",
        "book": 33,
        "chapter": 1,
        "verse": 13,
        "text": "Unce al carro dromedarios, oh moradora de Lachîs, que fuiste principio de pecado á la hija de Sión; porque en ti se inventaron las rebeliones de Israel."
      },
      {
        "book_name": "Micha",
        "book": 33,
        "chapter": 1,
        "verse": 14,
        "text": "Por tanto, tú darás dones á Moreseth-gath: las casas de Achzib serán en mentira á los reyes de Israel."
      },
      {
        "book_name": "Micha",
        "book": 33,
        "chapter": 1,
        "verse": 15,
        "text": "Aun te traeré heredero, oh moradora de Maresah: la gloria de Israel vendrá hasta Adullam."
      },
      {
        "book_name": "Micha",
        "book": 33,
        "chapter": 1,
        "verse": 16,
        "text": "Mésate y trasquílate por los hijos de tus delicias: ensancha tu calva como águila; porque fueron trasportados de ti."
      }
    ],
    "2": [
      {
        "book_name": "Micha",
        "book": 33,
        "chapter": 2,
        "verse": 1,
        "text": "1AY de los que piensan iniquidad, y de los que fabrican el mal en sus camas! Cuando viene la mañana lo ponen en obra, porque tienen en su mano el poder. 2Y codiciaron las heredades, y robáronlas: y casas, y las tomaron: oprimieron al hombre y á su casa, al hombre y á su heredad. 3Por tanto, así ha dicho Jehová: He aquí, yo pienso sobre esta familia un mal, del cual no sacaréis vuestros cuellos, ni andaréis erguidos; porque el tiempo será malo. 4En aquel tiempo se levantará sobre vosotros refrán, y se endechará endecha de lametación, diciendo: Del todo fuimos destruídos; ha cambiado la parte de mi pueblo. ­Cómo nos quitó nuestros campos! dió, repartiólos á otros. 5Por tanto, no tendrás quien eche cordel para suerte en la congregación de Jehová. 6No profeticéis, dicen á los que profetizan; no les profeticen que los ha de comprender vergüenza.  7La que te dices casa de Jacob, ¿hase acortado el espíritu de Jehová? ¿son éstas sus obras? ¿Mis palabras no hacen bien al que camina derechamente?  8El que ayer era mi pueblo, se ha levantado como enemigo: tras las vestiduras quitasteis las capas atrevidamente á los que pasaban, como los que vuelven de la guerra.  9A las mujeres de mi pueblo echasteis fuera de las casas de sus delicias: á sus niños quitasteis mi perpetua alabanza.  10Levantaos, y andad, que no es ésta la holganza; porque está contaminada, corrompióse, y de grande corrupción.  11Si hubiere alguno que ande con el viento, y finja mentiras diciendo: Yo te profetizaré de vino y de sidra; este tal será profeta á este pueblo.  12De cierto te reuniré todo, oh Jacob: recogeré ciertamente el resto de Israel: pondrélo junto como ovejas de Bosra, como rebaño en mitad de su majada: harán estruendo por la multitud de los hombres.  13Subirá rompedor delante de ellos; romperán y pasarán la puerta, y saldrán por ella: y su rey pasará delante de ellos, y á la cabeza de ellos Jehová."
      },
      {
        "book_name": "Micha",
        "book": 33,
        "chapter": 2,
        "verse": 1,
        "text": "AY de los que piensan iniquidad, y de los que fabrican el mal en sus camas! Cuando viene la mañana lo ponen en obra, porque tienen en su mano el poder."
      },
      {
        "book_name": "Micha",
        "book": 33,
        "chapter": 2,
        "verse": 2,
        "text": "Y codiciaron las heredades, y robáronlas: y casas, y las tomaron: oprimieron al hombre y á su casa, al hombre y á su heredad."
      },
      {
        "book_name": "Micha",
        "book": 33,
        "chapter": 2,
        "verse": 3,
        "text": "Por tanto, así ha dicho Jehová: He aquí, yo pienso sobre esta familia un mal, del cual no sacaréis vuestros cuellos, ni andaréis erguidos; porque el tiempo será malo."
      },
      {
        "book_name": "Micha",
        "book": 33,
        "chapter": 2,
        "verse": 4,
        "text": "En aquel tiempo se levantará sobre vosotros refrán, y se endechará endecha de lametación, diciendo: Del todo fuimos destruídos; ha cambiado la parte de mi pueblo. ­Cómo nos quitó nuestros campos! dió, repartiólos á otros."
      },
      {
        "book_name": "Micha",
        "book": 33,
        "chapter": 2,
        "verse": 5,
        "text": "Por tanto, no tendrás quien eche cordel para suerte en la congregación de Jehová."
      },
      {
        "book_name": "Micha",
        "book": 33,
        "chapter": 2,
        "verse": 6,
        "text": "No profeticéis, dicen á los que profetizan; no les profeticen que los ha de comprender vergüenza."
      },
      {
        "book_name": "Micha",
        "book": 33,
        "chapter": 2,
        "verse": 7,
        "text": "La que te dices casa de Jacob, ¿hase acortado el espíritu de Jehová? ¿son éstas sus obras? ¿Mis palabras no hacen bien al que camina derechamente?"
      },
      {
        "book_name": "Micha",
        "book": 33,
        "chapter": 2,
        "verse": 8,
        "text": "El que ayer era mi pueblo, se ha levantado como enemigo: tras las vestiduras quitasteis las capas atrevidamente á los que pasaban, como los que vuelven de la guerra."
      },
      {
        "book_name": "Micha",
        "book": 33,
        "chapter": 2,
        "verse": 9,
        "text": "A las mujeres de mi pueblo echasteis fuera de las casas de sus delicias: á sus niños quitasteis mi perpetua alabanza."
      },
      {
        "book_name": "Micha",
        "book": 33,
        "chapter": 2,
        "verse": 10,
        "text": "Levantaos, y andad, que no es ésta la holganza; porque está contaminada, corrompióse, y de grande corrupción."
      },
      {
        "book_name": "Micha",
        "book": 33,
        "chapter": 2,
        "verse": 11,
        "text": "Si hubiere alguno que ande con el viento, y finja mentiras diciendo: Yo te profetizaré de vino y de sidra; este tal será profeta á este pueblo."
      },
      {
        "book_name": "Micha",
        "book": 33,
        "chapter": 2,
        "verse": 12,
        "text": "De cierto te reuniré todo, oh Jacob: recogeré ciertamente el resto de Israel: pondrélo junto como ovejas de Bosra, como rebaño en mitad de su majada: harán estruendo por la multitud de los hombres."
      },
      {
        "book_name": "Micha",
        "book": 33,
        "chapter": 2,
        "verse": 13,
        "text": "Subirá rompedor delante de ellos; romperán y pasarán la puerta, y saldrán por ella: y su rey pasará delante de ellos, y á la cabeza de ellos Jehová."
      }
    ],
    "3": [
      {
        "book_name": "Micha",
        "book": 33,
        "chapter": 3,
        "verse": 1,
        "text": "1Y DIJE: Oid ahora, príncipes de Jacob, y cabezas de la casa de Israel: ¿No pertenecía á vosotros saber el derecho? 2Que aborrecen lo bueno y aman lo malo, que les quitan su piel y su carne de sobre los huesos; 3Que comen asimismo la carne de mi pueblo, y les desuellan su piel de sobre ellos, y les quebrantan sus huesos y los rompen, como para el caldero, y como carnes en olla. 4Entonces clamarán á Jehová y no les responderá; antes esconderá de ellos su rostro en aquel tiempo, por cuanto hicieron malvadas obras. 5Así ha dicho Jehová acerca de los profetas que hacen errar á mi pueblo, que muerden con sus dientes, y claman, Paz, y al que no les diere que coman, aplazan contra él batalla: 6Por tanto, de la profecía se os hará noche, y oscuridad del adivinar; y sobre los profetas se pondrá el sol, y el día se entenebrecerá sobre ellos. 7Y serán avergonzados los profetas, y confundiránse los adivinos; y ellos todos cubrirán su labio, porque no hay respuesta de Dios. 8Yo empero estoy lleno de fuerza del espíritu de Jehová, y de juicio, y de fortaleza, para denunciar á Jacob su rebelión, y á Israel su pecado.  9Oid ahora esto, cabezas de la casa de Jacob, y capitanes de la casa de Israel, que abomináis el juicio, y pervertís todo el derecho;  10Que edificáis á Sión con sangre, y á Jerusalem con injusticia;  11Sus cabezas juzgan por cohecho, y sus sacerdotes enseñan por precio, y sus profetas adivinan por dinero; y apóyanse en Jehová diciendo: ¿no está Jehová entre nosotros? No vendrá mal sobre nosotros.  12Por tanto, á causa de vosotros será Sión arada como campo, y Jerusalem será majanos, y el monte de la casa como cumbres de breñal."
      },
      {
        "book_name": "Micha",
        "book": 33,
        "chapter": 3,
        "verse": 1,
        "text": "Y DIJE: Oid ahora, príncipes de Jacob, y cabezas de la casa de Israel: ¿No pertenecía á vosotros saber el derecho?"
      },
      {
        "book_name": "Micha",
        "book": 33,
        "chapter": 3,
        "verse": 2,
        "text": "Que aborrecen lo bueno y aman lo malo, que les quitan su piel y su carne de sobre los huesos;"
      },
      {
        "book_name": "Micha",
        "book": 33,
        "chapter": 3,
        "verse": 3,
        "text": "Que comen asimismo la carne de mi pueblo, y les desuellan su piel de sobre ellos, y les quebrantan sus huesos y los rompen, como para el caldero, y como carnes en olla."
      },
      {
        "book_name": "Micha",
        "book": 33,
        "chapter": 3,
        "verse": 4,
        "text": "Entonces clamarán á Jehová y no les responderá; antes esconderá de ellos su rostro en aquel tiempo, por cuanto hicieron malvadas obras."
      },
      {
        "book_name": "Micha",
        "book": 33,
        "chapter": 3,
        "verse": 5,
        "text": "Así ha dicho Jehová acerca de los profetas que hacen errar á mi pueblo, que muerden con sus dientes, y claman, Paz, y al que no les diere que coman, aplazan contra él batalla:"
      },
      {
        "book_name": "Micha",
        "book": 33,
        "chapter": 3,
        "verse": 6,
        "text": "Por tanto, de la profecía se os hará noche, y oscuridad del adivinar; y sobre los profetas se pondrá el sol, y el día se entenebrecerá sobre ellos."
      },
      {
        "book_name": "Micha",
        "book": 33,
        "chapter": 3,
        "verse": 7,
        "text": "Y serán avergonzados los profetas, y confundiránse los adivinos; y ellos todos cubrirán su labio, porque no hay respuesta de Dios."
      },
      {
        "book_name": "Micha",
        "book": 33,
        "chapter": 3,
        "verse": 8,
        "text": "Yo empero estoy lleno de fuerza del espíritu de Jehová, y de juicio, y de fortaleza, para denunciar á Jacob su rebelión, y á Israel su pecado."
      },
      {
        "book_name": "Micha",
        "book": 33,
        "chapter": 3,
        "verse": 9,
        "text": "Oid ahora esto, cabezas de la casa de Jacob, y capitanes de la casa de Israel, que abomináis el juicio, y pervertís todo el derecho;"
      },
      {
        "book_name": "Micha",
        "book": 33,
        "chapter": 3,
        "verse": 10,
        "text": "Que edificáis á Sión con sangre, y á Jerusalem con injusticia;"
      },
      {
        "book_name": "Micha",
        "book": 33,
        "chapter": 3,
        "verse": 11,
        "text": "Sus cabezas juzgan por cohecho, y sus sacerdotes enseñan por precio, y sus profetas adivinan por dinero; y apóyanse en Jehová diciendo: ¿no está Jehová entre nosotros? No vendrá mal sobre nosotros."
      },
      {
        "book_name": "Micha",
        "book": 33,
        "chapter": 3,
        "verse": 12,
        "text": "Por tanto, á causa de vosotros será Sión arada como campo, y Jerusalem será majanos, y el monte de la casa como cumbres de breñal."
      }
    ],
    "4": [
      {
        "book_name": "Micha",
        "book": 33,
        "chapter": 4,
        "verse": 1,
        "text": "1Y ACONTECERA en los postreros tiempos, que el monte de la casa de Jehová será constituído por cabecera de montes, y más alto que los collados, y correrán á él pueblos. 2Y vendrán muchas gentes, y dirán: Venid, y subamos al monte de Jehová, y á la casa del Dios de Jacob; y enseñarános en sus caminos, y andaremos por sus veredas: porque de Sión saldrá la ley, y de Jerusalem la palabra de Jehová. 3Y juzgará entre muchos pueblos, y corregirá fuertes gentes hasta muy lejos: y martillarán sus espadas para azadones, y sus lanzas para hoces: no alzará espada gente contra gente, ni más se ensayarán para la guerra. 4Y cada uno se sentará debajo de su vid y debajo de su higuera, y no habrá quien amedrente: porque la boca de Jehová de los ejércitos lo ha hablado. 5Bien que todos los pueblos anduvieren cada uno en el nombre de sus dioses, nosotros con todo andaremos en el nombre de Jehová nuestro Dios para siempre y eternalmente. 6En aquel día, dice Jehová, juntaré la coja, y recogeré la amontada, y á la que afligí: 7Y pondré á la coja para sucesión, y á la descarriada para nación robusta: y Jehová reinará sobre ellos en el monte de Sión desde ahora para siempre. 8Y tú, oh torre del rebaño, la fortaleza de la hija de Sión vendrá hasta ti: y el señorío primero, el reino vendrá á la hija de Jerusalem.  9Ahora ¿por qué gritas tanto? ¿No hay rey en ti? ¿Pereció tu consejero, que te ha tomado dolor como de mujer de parto?  10Duélete y gime, hija de Sión como mujer de parto; porque ahora saldrás de la ciudad, y morarás en el campo, y llegarás hasta Babilonia: allí serás librada, allí te redimirá Jehová de la mano de tus enemigos.  11Ahora empero se han juntado muchas gentes contra ti, y dicen: Sea profanada, y vean nuestros ojos su deseo sobre Sión.  12Mas ellos no conocieron los pensamientos de Jehová, ni entendieron su consejo: por lo cual los juntó como gavillas en la era.  13Levántate y trilla, hija de Sión, porque tu cuerno tornaré de hierro, y tus uñas de metal, y desmenuzarás muchos pueblos; y consagrarás á Jehová sus robos, y sus riquezas al Señor de toda la tierra."
      },
      {
        "book_name": "Micha",
        "book": 33,
        "chapter": 4,
        "verse": 1,
        "text": "Y ACONTECERA en los postreros tiempos, que el monte de la casa de Jehová será constituído por cabecera de montes, y más alto que los collados, y correrán á él pueblos."
      },
      {
        "book_name": "Micha",
        "book": 33,
        "chapter": 4,
        "verse": 2,
        "text": "Y vendrán muchas gentes, y dirán: Venid, y subamos al monte de Jehová, y á la casa del Dios de Jacob; y enseñarános en sus caminos, y andaremos por sus veredas: porque de Sión saldrá la ley, y de Jerusalem la palabra de Jehová."
      },
      {
        "book_name": "Micha",
        "book": 33,
        "chapter": 4,
        "verse": 3,
        "text": "Y juzgará entre muchos pueblos, y corregirá fuertes gentes hasta muy lejos: y martillarán sus espadas para azadones, y sus lanzas para hoces: no alzará espada gente contra gente, ni más se ensayarán para la guerra."
      },
      {
        "book_name": "Micha",
        "book": 33,
        "chapter": 4,
        "verse": 4,
        "text": "Y cada uno se sentará debajo de su vid y debajo de su higuera, y no habrá quien amedrente: porque la boca de Jehová de los ejércitos lo ha hablado."
      },
      {
        "book_name": "Micha",
        "book": 33,
        "chapter": 4,
        "verse": 5,
        "text": "Bien que todos los pueblos anduvieren cada uno en el nombre de sus dioses, nosotros con todo andaremos en el nombre de Jehová nuestro Dios para siempre y eternalmente."
      },
      {
        "book_name": "Micha",
        "book": 33,
        "chapter": 4,
        "verse": 6,
        "text": "En aquel día, dice Jehová, juntaré la coja, y recogeré la amontada, y á la que afligí:"
      },
      {
        "book_name": "Micha",
        "book": 33,
        "chapter": 4,
        "verse": 7,
        "text": "Y pondré á la coja para sucesión, y á la descarriada para nación robusta: y Jehová reinará sobre ellos en el monte de Sión desde ahora para siempre."
      },
      {
        "book_name": "Micha",
        "book": 33,
        "chapter": 4,
        "verse": 8,
        "text": "Y tú, oh torre del rebaño, la fortaleza de la hija de Sión vendrá hasta ti: y el señorío primero, el reino vendrá á la hija de Jerusalem."
      },
      {
        "book_name": "Micha",
        "book": 33,
        "chapter": 4,
        "verse": 9,
        "text": "Ahora ¿por qué gritas tanto? ¿No hay rey en ti? ¿Pereció tu consejero, que te ha tomado dolor como de mujer de parto?"
      },
      {
        "book_name": "Micha",
        "book": 33,
        "chapter": 4,
        "verse": 10,
        "text": "Duélete y gime, hija de Sión como mujer de parto; porque ahora saldrás de la ciudad, y morarás en el campo, y llegarás hasta Babilonia: allí serás librada, allí te redimirá Jehová de la mano de tus enemigos."
      },
      {
        "book_name": "Micha",
        "book": 33,
        "chapter": 4,
        "verse": 11,
        "text": "Ahora empero se han juntado muchas gentes contra ti, y dicen: Sea profanada, y vean nuestros ojos su deseo sobre Sión."
      },
      {
        "book_name": "Micha",
        "book": 33,
        "chapter": 4,
        "verse": 12,
        "text": "Mas ellos no conocieron los pensamientos de Jehová, ni entendieron su consejo: por lo cual los juntó como gavillas en la era."
      },
      {
        "book_name": "Micha",
        "book": 33,
        "chapter": 4,
        "verse": 13,
        "text": "Levántate y trilla, hija de Sión, porque tu cuerno tornaré de hierro, y tus uñas de metal, y desmenuzarás muchos pueblos; y consagrarás á Jehová sus robos, y sus riquezas al Señor de toda la tierra."
      }
    ],
    "5": [
      {
        "book_name": "Micha",
        "book": 33,
        "chapter": 5,
        "verse": 1,
        "text": "1REUNETE ahora en bandas, oh hija de bandas: nos han sitiado: con vara herirán sobre la quijada al juez de Israel. 2Mas tú, Beth-lehem Ephrata, pequeña para ser en los millares de Judá, de ti me saldrá el que será Señor en Israel; y sus salidas son desde el principio, desde los días del siglo. 3Empero los dejará hasta el tiempo que para la que ha de parir; y el resto de sus hermanos se tornará con los hijos de Israel. 4Y estará, y apacentará con fortaleza de Jehová, con grandeza del nombre de Jehová su Dios: y asentarán; porque ahora será engrandecido hasta los fines de la tierra. 5Y éste será nuestra paz. Cuando Assur viniere á nuestra tierra, y cuando pisare nuestros palacios, entonces levantaremos contra él siete pastores, y ocho hombres principales; 6Y comerán la tierra de Assur á cuchillo, y la tierra de Nimrod con sus espadas: y nos librará del Asirio, cuando viniere contra nuestra tierra y hollare nuestros términos. 7Y será el residuo de Jacob en medio de muchos pueblos, como el rocío de Jehová, como las lluvias sobre la hierba, las cuales no esperan varón, ni aguardan á hijos de hombres.  8Asimismo será el resto de Jacob entre las gentes, en medio de muchos pueblos, como el león entre las bestias de la montaña, como el cachorro del león entre las manadas de las ovejas, el cual si pasare, y hollare, y arrebatare, no hay quien escape.  9Tu mano se alzará sobre tus enemigos, y todos tus adversarios serán talados.  10Y acontecerá en aquel día, dice Jehová, que haré matar tus caballos de en medio de ti, y haré destruir tus carros.  11Haré también destruir las ciudades de tu tierra, y arruinaré todas tus fortalezas.  12Asimismo destruiré de tu mano las hechicerías, y no se hallarán en ti agoreros.  13Y haré destruir tus esculturas y tus imágenes de en medio de ti, y nunca más te inclinarás á la obra de tus manos;  14Y arrancaré tus bosques de en medio de ti, y destruiré tus ciudades.  15Y con ira y con furor haré venganza en las gentes que no escucharon."
      },
      {
        "book_name": "Micha",
        "book": 33,
        "chapter": 5,
        "verse": 1,
        "text": "REUNETE ahora en bandas, oh hija de bandas: nos han sitiado: con vara herirán sobre la quijada al juez de Israel."
      },
      {
        "book_name": "Micha",
        "book": 33,
        "chapter": 5,
        "verse": 2,
        "text": "Mas tú, Beth-lehem Ephrata, pequeña para ser en los millares de Judá, de ti me saldrá el que será Señor en Israel; y sus salidas son desde el principio, desde los días del siglo."
      },
      {
        "book_name": "Micha",
        "book": 33,
        "chapter": 5,
        "verse": 3,
        "text": "Empero los dejará hasta el tiempo que para la que ha de parir; y el resto de sus hermanos se tornará con los hijos de Israel."
      },
      {
        "book_name": "Micha",
        "book": 33,
        "chapter": 5,
        "verse": 4,
        "text": "Y estará, y apacentará con fortaleza de Jehová, con grandeza del nombre de Jehová su Dios: y asentarán; porque ahora será engrandecido hasta los fines de la tierra."
      },
      {
        "book_name": "Micha",
        "book": 33,
        "chapter": 5,
        "verse": 5,
        "text": "Y éste será nuestra paz. Cuando Assur viniere á nuestra tierra, y cuando pisare nuestros palacios, entonces levantaremos contra él siete pastores, y ocho hombres principales;"
      },
      {
        "book_name": "Micha",
        "book": 33,
        "chapter": 5,
        "verse": 6,
        "text": "Y comerán la tierra de Assur á cuchillo, y la tierra de Nimrod con sus espadas: y nos librará del Asirio, cuando viniere contra nuestra tierra y hollare nuestros términos."
      },
      {
        "book_name": "Micha",
        "book": 33,
        "chapter": 5,
        "verse": 7,
        "text": "Y será el residuo de Jacob en medio de muchos pueblos, como el rocío de Jehová, como las lluvias sobre la hierba, las cuales no esperan varón, ni aguardan á hijos de hombres."
      },
      {
        "book_name": "Micha",
        "book": 33,
        "chapter": 5,
        "verse": 8,
        "text": "Asimismo será el resto de Jacob entre las gentes, en medio de muchos pueblos, como el león entre las bestias de la montaña, como el cachorro del león entre las manadas de las ovejas, el cual si pasare, y hollare, y arrebatare, no hay quien escape."
      },
      {
        "book_name": "Micha",
        "book": 33,
        "chapter": 5,
        "verse": 9,
        "text": "Tu mano se alzará sobre tus enemigos, y todos tus adversarios serán talados."
      },
      {
        "book_name": "Micha",
        "book": 33,
        "chapter": 5,
        "verse": 10,
        "text": "Y acontecerá en aquel día, dice Jehová, que haré matar tus caballos de en medio de ti, y haré destruir tus carros."
      },
      {
        "book_name": "Micha",
        "book": 33,
        "chapter": 5,
        "verse": 11,
        "text": "Haré también destruir las ciudades de tu tierra, y arruinaré todas tus fortalezas."
      },
      {
        "book_name": "Micha",
        "book": 33,
        "chapter": 5,
        "verse": 12,
        "text": "Asimismo destruiré de tu mano las hechicerías, y no se hallarán en ti agoreros."
      },
      {
        "book_name": "Micha",
        "book": 33,
        "chapter": 5,
        "verse": 13,
        "text": "Y haré destruir tus esculturas y tus imágenes de en medio de ti, y nunca más te inclinarás á la obra de tus manos;"
      },
      {
        "book_name": "Micha",
        "book": 33,
        "chapter": 5,
        "verse": 14,
        "text": "Y arrancaré tus bosques de en medio de ti, y destruiré tus ciudades."
      },
      {
        "book_name": "Micha",
        "book": 33,
        "chapter": 5,
        "verse": 15,
        "text": "Y con ira y con furor haré venganza en las gentes que no escucharon."
      }
    ],
    "6": [
      {
        "book_name": "Micha",
        "book": 33,
        "chapter": 6,
        "verse": 1,
        "text": "1OID ahora lo que dice Jehová: Levántate, pleitea con los montes, y oigan los collados tu voz. 2Oid, montes, y fuertes fundamentos de la tierra, el pleito de Jehová: porque tiene Jehová pleito con su pueblo, y altercará con Israel. 3Pueblo mío, ¿qué te he hecho, ó en qué te he molestado? Responde contra mí. 4Porque yo te hice subir de la tierra de Egipto, y de la casa de siervos te redimí; y envié delante de ti á Moisés, y á Aarón, y á María. 5Pueblo mío, acuérdate ahora qué aconsejó Balac rey de Moab, y qué le respondió Balaam, hijo de Beor, desde Sittim hasta Gilgal, para que conozcas las justicias de Jehová. 6¿Con qué prevendré á Jehová, y adoraré al alto Dios? ¿vendré ante él con holocaustos, con becerros de un año?  7¿Agradaráse Jehová de millares de carneros, ó de diez mil arroyos de aceite? ¿daré mi primogénito por mi rebelión, el fruto de mi vientre por el pecado de mi alma?  8Oh hombre, él te ha declarado qué sea lo bueno, y qué pida de ti Jehová: solamente hacer juicio, y amar misericordia, y humillarte para andar con tu Dios.  9La voz de Jehová clama á la ciudad, y el sabio mirará á tu nombre. Oid la vara, y á quien la establece.  10¿Hay aún en casa del impío tesoros de impiedad, y medida escasa que es detestable?  11¿Seré limpio con peso falso, y con bolsa de engañosas pesas?  12Con lo cual sus ricos se hinchieron de rapiña, y sus moradores hablaron mentira, y su lengua engañosa en su boca.  13Por eso yo también te enflaqueceré hiriéndote, asolándote por tus pecados.  14Tú comerás, y no te hartarás; y tu abatimiento será en medio de ti: tú cogerás, mas no salvarás; y lo que salvares, lo entregaré yo á la espada.  15Tú sembrarás, mas no segarás: pisarás aceitunas, mas no te ungirás con el aceite; y mosto, mas no beberás el vino.  16Porque los mandamientos de Omri se han guardado, y toda obra de la casa de Achâb; y en los consejos de ellos anduvisteis, para que yo te diese en asolamiento, y tus moradores para ser silbados. Llevaréis por tanto el oprobio de mi pueblo."
      },
      {
        "book_name": "Micha",
        "book": 33,
        "chapter": 6,
        "verse": 1,
        "text": "OID ahora lo que dice Jehová: Levántate, pleitea con los montes, y oigan los collados tu voz."
      },
      {
        "book_name": "Micha",
        "book": 33,
        "chapter": 6,
        "verse": 2,
        "text": "Oid, montes, y fuertes fundamentos de la tierra, el pleito de Jehová: porque tiene Jehová pleito con su pueblo, y altercará con Israel."
      },
      {
        "book_name": "Micha",
        "book": 33,
        "chapter": 6,
        "verse": 3,
        "text": "Pueblo mío, ¿qué te he hecho, ó en qué te he molestado? Responde contra mí."
      },
      {
        "book_name": "Micha",
        "book": 33,
        "chapter": 6,
        "verse": 4,
        "text": "Porque yo te hice subir de la tierra de Egipto, y de la casa de siervos te redimí; y envié delante de ti á Moisés, y á Aarón, y á María."
      },
      {
        "book_name": "Micha",
        "book": 33,
        "chapter": 6,
        "verse": 5,
        "text": "Pueblo mío, acuérdate ahora qué aconsejó Balac rey de Moab, y qué le respondió Balaam, hijo de Beor, desde Sittim hasta Gilgal, para que conozcas las justicias de Jehová."
      },
      {
        "book_name": "Micha",
        "book": 33,
        "chapter": 6,
        "verse": 6,
        "text": "¿Con qué prevendré á Jehová, y adoraré al alto Dios? ¿vendré ante él con holocaustos, con becerros de un año?"
      },
      {
        "book_name": "Micha",
        "book": 33,
        "chapter": 6,
        "verse": 7,
        "text": "¿Agradaráse Jehová de millares de carneros, ó de diez mil arroyos de aceite? ¿daré mi primogénito por mi rebelión, el fruto de mi vientre por el pecado de mi alma?"
      },
      {
        "book_name": "Micha",
        "book": 33,
        "chapter": 6,
        "verse": 8,
        "text": "Oh hombre, él te ha declarado qué sea lo bueno, y qué pida de ti Jehová: solamente hacer juicio, y amar misericordia, y humillarte para andar con tu Dios."
      },
      {
        "book_name": "Micha",
        "book": 33,
        "chapter": 6,
        "verse": 9,
        "text": "La voz de Jehová clama á la ciudad, y el sabio mirará á tu nombre. Oid la vara, y á quien la establece."
      },
      {
        "book_name": "Micha",
        "book": 33,
        "chapter": 6,
        "verse": 10,
        "text": "¿Hay aún en casa del impío tesoros de impiedad, y medida escasa que es detestable?"
      },
      {
        "book_name": "Micha",
        "book": 33,
        "chapter": 6,
        "verse": 11,
        "text": "¿Seré limpio con peso falso, y con bolsa de engañosas pesas?"
      },
      {
        "book_name": "Micha",
        "book": 33,
        "chapter": 6,
        "verse": 12,
        "text": "Con lo cual sus ricos se hinchieron de rapiña, y sus moradores hablaron mentira, y su lengua engañosa en su boca."
      },
      {
        "book_name": "Micha",
        "book": 33,
        "chapter": 6,
        "verse": 13,
        "text": "Por eso yo también te enflaqueceré hiriéndote, asolándote por tus pecados."
      },
      {
        "book_name": "Micha",
        "book": 33,
        "chapter": 6,
        "verse": 14,
        "text": "Tú comerás, y no te hartarás; y tu abatimiento será en medio de ti: tú cogerás, mas no salvarás; y lo que salvares, lo entregaré yo á la espada."
      },
      {
        "book_name": "Micha",
        "book": 33,
        "chapter": 6,
        "verse": 15,
        "text": "Tú sembrarás, mas no segarás: pisarás aceitunas, mas no te ungirás con el aceite; y mosto, mas no beberás el vino."
      },
      {
        "book_name": "Micha",
        "book": 33,
        "chapter": 6,
        "verse": 16,
        "text": "Porque los mandamientos de Omri se han guardado, y toda obra de la casa de Achâb; y en los consejos de ellos anduvisteis, para que yo te diese en asolamiento, y tus moradores para ser silbados. Llevaréis por tanto el oprobio de mi pueblo."
      }
    ],
    "7": [
      {
        "book_name": "Micha",
        "book": 33,
        "chapter": 7,
        "verse": 1,
        "text": "1AY de mí! que he venido á ser como cuando han cogido los frutos del verano, como cuando han rebuscado después de la vendimia, que no queda racimo para comer; mi alma deseó primeros frutos. 2Faltó el misericordioso de la tierra, y ninguno hay recto entre los hombres: todos acechan á la sangre; cada cual arma red á su hermano. 3Para completar la maldad con sus manos, el príncipe demanda, y el juez juzga por recompensa; y el grande habla el antojo de su alma, y lo confirman. 4El mejor de ellos es como el cambrón; el más recto, como zarzal: el día de tus atalayas, tu visitación, viene; ahora será su confusión. 5No creáis en amigo, ni confiéis en príncipe: de la que duerme á tu lado, guarda, no abras tu boca. 6Porque el hijo deshonra al padre, la hija se levanta contra la madre, la nuera contra su suegra: y los enemigos del hombre son los de su casa. 7Yo empero á Jehová esperaré, esperaré al Dios de mi salud: el Dios mío me oirá.  8Tú, enemiga mía, no te huelgues de mí: porque aunque caí, he de levantarme; aunque more en tinieblas, Jehová será mi luz.  9La ira de Jehová soportaré, porque pequé contra él, hasta que juzgue mi causa y haga mi juicio él me sacará á luz; veré su justicia.  10Y mi enemiga verá, y la cubrirá vergüenza: la que me decía: ¿Dónde está Jehová tu Dios? Mis ojos la verán; ahora será hollada como lodo de las calles.  11El día en que se edificarán tus muros, aquel día será alejado el mandamiento.  12En ese día vendrán hasta ti desde Asiria y las ciudades fuertes, y desde las ciudades fuertes hasta el Río, y de mar á mar, y de monte á monte.  13Y la tierra con sus moradores será asolada por el fruto de sus obras.  14Apacienta tu pueblo con tu cayado, el rebaño de tu heredad, que mora solo en la montaña, en medio del Carmelo: pazcan en Basán y Galaad, como en el tiempo pasado.  15Yo les mostraré maravillas como el día que saliste de Egipto.  16Las gentes verán, y se avergonzarán de todas sus valentías; pondrán la mano sobre su boca, ensordecerán sus oídos.  17Lamerán el polvo como la culebra; como las serpientes de la tierra, temblarán en sus encierros: despavorirse han de Jehová nuestro Dios, y temerán de ti.  18¿Qué Dios como tú, que perdonas la maldad, y olvidas el pecado del resto de su heredad? No retuvo para siempre su enojo, porque es amador de misericordia.  19El tornará, él tendrá misericordia de nosotros; él sujetará nuestras iniquidades, y echará en los profundos de la mar todos nuestros pecados.  20Otorgarás á Jacob la verdad, y á Abraham la misericordia, que tú juraste á nuestros padres desde tiempos antiguos."
      },
      {
        "book_name": "Micha",
        "book": 33,
        "chapter": 7,
        "verse": 1,
        "text": "AY de mí! que he venido á ser como cuando han cogido los frutos del verano, como cuando han rebuscado después de la vendimia, que no queda racimo para comer; mi alma deseó primeros frutos."
      },
      {
        "book_name": "Micha",
        "book": 33,
        "chapter": 7,
        "verse": 2,
        "text": "Faltó el misericordioso de la tierra, y ninguno hay recto entre los hombres: todos acechan á la sangre; cada cual arma red á su hermano."
      },
      {
        "book_name": "Micha",
        "book": 33,
        "chapter": 7,
        "verse": 3,
        "text": "Para completar la maldad con sus manos, el príncipe demanda, y el juez juzga por recompensa; y el grande habla el antojo de su alma, y lo confirman."
      },
      {
        "book_name": "Micha",
        "book": 33,
        "chapter": 7,
        "verse": 4,
        "text": "El mejor de ellos es como el cambrón; el más recto, como zarzal: el día de tus atalayas, tu visitación, viene; ahora será su confusión."
      },
      {
        "book_name": "Micha",
        "book": 33,
        "chapter": 7,
        "verse": 5,
        "text": "No creáis en amigo, ni confiéis en príncipe: de la que duerme á tu lado, guarda, no abras tu boca."
      },
      {
        "book_name": "Micha",
        "book": 33,
        "chapter": 7,
        "verse": 6,
        "text": "Porque el hijo deshonra al padre, la hija se levanta contra la madre, la nuera contra su suegra: y los enemigos del hombre son los de su casa."
      },
      {
        "book_name": "Micha",
        "book": 33,
        "chapter": 7,
        "verse": 7,
        "text": "Yo empero á Jehová esperaré, esperaré al Dios de mi salud: el Dios mío me oirá."
      },
      {
        "book_name": "Micha",
        "book": 33,
        "chapter": 7,
        "verse": 8,
        "text": "Tú, enemiga mía, no te huelgues de mí: porque aunque caí, he de levantarme; aunque more en tinieblas, Jehová será mi luz."
      },
      {
        "book_name": "Micha",
        "book": 33,
        "chapter": 7,
        "verse": 9,
        "text": "La ira de Jehová soportaré, porque pequé contra él, hasta que juzgue mi causa y haga mi juicio él me sacará á luz; veré su justicia."
      },
      {
        "book_name": "Micha",
        "book": 33,
        "chapter": 7,
        "verse": 10,
        "text": "Y mi enemiga verá, y la cubrirá vergüenza: la que me decía: ¿Dónde está Jehová tu Dios? Mis ojos la verán; ahora será hollada como lodo de las calles."
      },
      {
        "book_name": "Micha",
        "book": 33,
        "chapter": 7,
        "verse": 11,
        "text": "El día en que se edificarán tus muros, aquel día será alejado el mandamiento."
      },
      {
        "book_name": "Micha",
        "book": 33,
        "chapter": 7,
        "verse": 12,
        "text": "En ese día vendrán hasta ti desde Asiria y las ciudades fuertes, y desde las ciudades fuertes hasta el Río, y de mar á mar, y de monte á monte."
      },
      {
        "book_name": "Micha",
        "book": 33,
        "chapter": 7,
        "verse": 13,
        "text": "Y la tierra con sus moradores será asolada por el fruto de sus obras."
      },
      {
        "book_name": "Micha",
        "book": 33,
        "chapter": 7,
        "verse": 14,
        "text": "Apacienta tu pueblo con tu cayado, el rebaño de tu heredad, que mora solo en la montaña, en medio del Carmelo: pazcan en Basán y Galaad, como en el tiempo pasado."
      },
      {
        "book_name": "Micha",
        "book": 33,
        "chapter": 7,
        "verse": 15,
        "text": "Yo les mostraré maravillas como el día que saliste de Egipto."
      },
      {
        "book_name": "Micha",
        "book": 33,
        "chapter": 7,
        "verse": 16,
        "text": "Las gentes verán, y se avergonzarán de todas sus valentías; pondrán la mano sobre su boca, ensordecerán sus oídos."
      },
      {
        "book_name": "Micha",
        "book": 33,
        "chapter": 7,
        "verse": 17,
        "text": "Lamerán el polvo como la culebra; como las serpientes de la tierra, temblarán en sus encierros: despavorirse han de Jehová nuestro Dios, y temerán de ti."
      },
      {
        "book_name": "Micha",
        "book": 33,
        "chapter": 7,
        "verse": 18,
        "text": "¿Qué Dios como tú, que perdonas la maldad, y olvidas el pecado del resto de su heredad? No retuvo para siempre su enojo, porque es amador de misericordia."
      },
      {
        "book_name": "Micha",
        "book": 33,
        "chapter": 7,
        "verse": 19,
        "text": "El tornará, él tendrá misericordia de nosotros; él sujetará nuestras iniquidades, y echará en los profundos de la mar todos nuestros pecados."
      },
      {
        "book_name": "Micha",
        "book": 33,
        "chapter": 7,
        "verse": 20,
        "text": "Otorgarás á Jacob la verdad, y á Abraham la misericordia, que tú juraste á nuestros padres desde tiempos antiguos."
      }
    ]
  }
}