{
  "source": "bible.com",
  "version": "Reina Valera (1602)",
  "book": "Nahum",
  "chapters": {
    "1": [
      {
        "book_name": "Nahum",
        "book": 34,
        "chapter": 1,
        "verse": 1,
        "text": "1CARGA de Nínive. Libro de la visión de Nahum de Elkosh. 2Dios celoso y vengador es Jehová; vengador es Jehová, y Señor de ira; Jehová, que se venga de sus adversarios, y que guarda enojo para sus enemigos.  3Jehová es tardo para la ira, y grande en poder, y no tendrá al culpado por inocente. Jehová marcha entre la tempestad y turbión, y las nubes son el polvo de sus pies.  4El amenaza á la mar, y la hace secar, y agosta todos los ríos: Basán fué destruído, y el Carmelo, y la flor del Líbano fué destruída.  5Los montes tiemblan de él, y los collados se deslíen; y la tierra se abrasa á su presencia, y el mundo, y todos los que en él habitan.  6¿Quién permanecerá delante de su ira? ¿y quién quedará en pié en el furor de su enojo? Su ira se derrama como fuego, y por él se hienden las peñas.  7Bueno es Jehová para fortaleza en el día de la angustia; y conoce á los que en él confían.  8Mas con inundación impetuosa hará consumación de su lugar, y tinieblas perseguirán á sus enemigos.  9¿Qué pensáis contra Jehová? El hará consumación: la tribulación no se levantará dos veces.  10Porque como espinas entretegidas, mientras se embriagarán los borrachos, serán consumidos como las estopas llenas de sequedad.  11De ti salió el que pensó mal contra Jehová, un consultor impío.  12Así ha dicho Jehová: Aunque reposo tengan, y sean tantos, así serán talados, y él pasará. Bien que te he afligido, no más te afligiré.  13Porque ahora quebraré su yugo de sobre ti, y romperé tus coyundas.  14Mas acerca de ti mandará Jehová, que nunca más sea sembrado alguno de tu nombre: de la casa de tu dios talaré escultura y estatua de fundición, haréla tu sepulcro; porque fuiste vil.  15He aquí sobre los montes los pies del que trae buenas nuevas, del que pregona la paz. Celebra, oh Judá, tus fiestas, cumple tus votos: porque nunca más pasará por ti el malvado; pereció del todo."
      },
      {
        "book_name": "Nahum",
        "book": 34,
        "chapter": 1,
        "verse": 1,
        "text": "CARGA de Nínive. Libro de la visión de Nahum de Elkosh."
      },
      {
        "book_name": "Nahum",
        "book": 34,
        "chapter": 1,
        "verse": 2,
        "text": "Dios celoso y vengador es Jehová; vengador es Jehová, y Señor de ira; Jehová, que se venga de sus adversarios, y que guarda enojo para sus enemigos."
      },
      {
        "book_name": "Nahum",
        "book": 34,
        "chapter": 1,
        "verse": 3,
        "text": "Jehová es tardo para la ira, y grande en poder, y no tendrá al culpado por inocente. Jehová marcha entre la tempestad y turbión, y las nubes son el polvo de sus pies."
      },
      {
        "book_name": "Nahum",
        "book": 34,
        "chapter": 1,
        "verse": 4,
        "text": "El amenaza á la mar, y la hace secar, y agosta todos los ríos: Basán fué destruído, y el Carmelo, y la flor del Líbano fué destruída."
      },
      {
        "book_name": "Nahum",
        "book": 34,
        "chapter": 1,
        "verse": 5,
        "text": "Los montes tiemblan de él, y los collados se deslíen; y la tierra se abrasa á su presencia, y el mundo, y todos los que en él habitan."
      },
      {
        "book_name": "Nahum",
        "book": 34,
        "chapter": 1,
        "verse": 6,
        "text": "¿Quién permanecerá delante de su ira? ¿y quién quedará en pié en el furor de su enojo? Su ira se derrama como fuego, y por él se hienden las peñas."
      },
      {
        "book_name": "Nahum",
        "book": 34,
        "chapter": 1,
        "verse": 7,
        "text": "Bueno es Jehová para fortaleza en el día de la angustia; y conoce á los que en él confían."
      },
      {
        "book_name": "Nahum",
        "book": 34,
        "chapter": 1,
        "verse": 8,
        "text": "Mas con inundación impetuosa hará consumación de su lugar, y tinieblas perseguirán á sus enemigos."
      },
      {
        "book_name": "Nahum",
        "book": 34,
        "chapter": 1,
        "verse": 9,
        "text": "¿Qué pensáis contra Jehová? El hará consumación: la tribulación no se levantará dos veces."
      },
      {
        "book_name": "Nahum",
        "book": 34,
        "chapter": 1,
        "verse": 10,
        "text": "Porque como espinas entretegidas, mientras se embriagarán los borrachos, serán consumidos como las estopas llenas de sequedad."
      },
      {
        "book_name": "Nahum",
        "book": 34,
        "chapter": 1,
        "verse": 11,
        "text": "De ti salió el que pensó mal contra Jehová, un consultor impío."
      },
      {
        "book_name": "Nahum",
        "book": 34,
        "chapter": 1,
        "verse": 12,
        "text": "Así ha dicho Jehová: Aunque reposo tengan, y sean tantos, así serán talados, y él pasará. Bien que te he afligido, no más te afligiré."
      },
      {
        "book_name": "Nahum",
        "book": 34,
        "chapter": 1,
        "verse": 13,
        "text": "Porque ahora quebraré su yugo de sobre ti, y romperé tus coyundas."
      },
      {
        "book_name": "Nahum",
        "book": 34,
        "chapter": 1,
        "verse": 14,
        "text": "Mas acerca de ti mandará Jehová, que nunca más sea sembrado alguno de tu nombre: de la casa de tu dios talaré escultura y estatua de fundición, haréla tu sepulcro; porque fuiste vil."
      },
      {
        "book_name": "Nahum",
        "book": 34,
        "chapter": 1,
        "verse": 15,
        "text": "He aquí sobre los montes los pies del que trae buenas nuevas, del que pregona la paz. Celebra, oh Judá, tus fiestas, cumple tus votos: porque nunca más pasará por ti el malvado; pereció del todo."
      }
    ],
    "2": [
      {
        "book_name": "Nahum",
        "book": 34,
        "chapter": 2,
        "verse": 1,
        "text": "1SUBIO destruidor contra ti: guarda la fortaleza, mira el camino, fortifica los lomos, fortalece mucho la fuerza. 2Porque Jehová restituirá la gloria de Jacob como la gloria de Israel; porque vaciadores los vaciaron, y estropearon sus mugrones. 3El escudo de sus valientes será bermejo, los varones de su ejército vestidos de grana: el carro como fuego de hachas; el día que se aparejará, temblarán las hayas. 4Los carros se precipitarán á las plazas, discurrirán por las calles: su aspecto como hachas encendidas; correrán como relámpagos. 5Acordaráse él de sus valientes; andando tropezarán; se apresurarán á su muro, y la cubierta se aparejará. 6Las puertas de los ríos se abrirán, y el palacio será destruido. 7Y la reina fué cautiva; mandarle han que suba, y sus criadas la llevarán gimiendo como palomas, batiendo sus pechos. 8Y fué Nínive de tiempo antiguo como estanque de aguas; mas ellos huyen: Parad, parad; y ninguno mira. 9Saquead plata, saquead oro: no hay fin de las riquezas y suntuosidad de todo ajuar de codicia. 10Vacía, y agotada, y despedazada está, y el corazón derretido: batimiento de rodillas, y dolor en todos riñones, y los rostros de todos tomarán negrura. 11¿Qué es de la morada de los leones, y de la majada de los cachorros de los leones, donde se recogía el león, y la leona, y los cachorros del león, y no había quien les pusiese miedo?  12El león arrebataba en abundancia para sus cachorros, y ahogaba para sus leonas, y henchía de presa sus cavernas, y de robo sus moradas.  13Heme aquí contra ti, dice Jehová de los ejércitos. Encenderé y reduciré á humo tus carros, y espada devorará tus leoncillos; y raeré de la tierra tu robo, y nunca más se oirá voz de tus embajadores."
      },
      {
        "book_name": "Nahum",
        "book": 34,
        "chapter": 2,
        "verse": 1,
        "text": "SUBIO destruidor contra ti: guarda la fortaleza, mira el camino, fortifica los lomos, fortalece mucho la fuerza."
      },
      {
        "book_name": "Nahum",
        "book": 34,
        "chapter": 2,
        "verse": 2,
        "text": "Porque Jehová restituirá la gloria de Jacob como la gloria de Israel; porque vaciadores los vaciaron, y estropearon sus mugrones."
      },
      {
        "book_name": "Nahum",
        "book": 34,
        "chapter": 2,
        "verse": 3,
        "text": "El escudo de sus valientes será bermejo, los varones de su ejército vestidos de grana: el carro como fuego de hachas; el día que se aparejará, temblarán las hayas."
      },
      {
        "book_name": "Nahum",
        "book": 34,
        "chapter": 2,
        "verse": 4,
        "text": "Los carros se precipitarán á las plazas, discurrirán por las calles: su aspecto como hachas encendidas; correrán como relámpagos."
      },
      {
        "book_name": "Nahum",
        "book": 34,
        "chapter": 2,
        "verse": 5,
        "text": "Acordaráse él de sus valientes; andando tropezarán; se apresurarán á su muro, y la cubierta se aparejará."
      },
      {
        "book_name": "Nahum",
        "book": 34,
        "chapter": 2,
        "verse": 6,
        "text": "Las puertas de los ríos se abrirán, y el palacio será destruido."
      },
      {
        "book_name": "Nahum",
        "book": 34,
        "chapter": 2,
        "verse": 7,
        "text": "Y la reina fué cautiva; mandarle han que suba, y sus criadas la llevarán gimiendo como palomas, batiendo sus pechos."
      },
      {
        "book_name": "Nahum",
        "book": 34,
        "chapter": 2,
        "verse": 8,
        "text": "Y fué Nínive de tiempo antiguo como estanque de aguas; mas ellos huyen: Parad, parad; y ninguno mira."
      },
      {
        "book_name": "Nahum",
        "book": 34,
        "chapter": 2,
        "verse": 9,
        "text": "Saquead plata, saquead oro: no hay fin de las riquezas y suntuosidad de todo ajuar de codicia."
      },
      {
        "book_name": "Nahum",
        "book": 34,
        "chapter": 2,
        "verse": 10,
        "text": "Vacía, y agotada, y despedazada está, y el corazón derretido: batimiento de rodillas, y dolor en todos riñones, y los rostros de todos tomarán negrura."
      },
      {
        "book_name": "Nahum",
        "book": 34,
        "chapter": 2,
        "verse": 11,
        "text": "¿Qué es de la morada de los leones, y de la majada de los cachorros de los leones, donde se recogía el león, y la leona, y los cachorros del león, y no había quien les pusiese miedo?"
      },
      {
        "book_name": "Nahum",
        "book": 34,
        "chapter": 2,
        "verse": 12,
        "text": "El león arrebataba en abundancia para sus cachorros, y ahogaba para sus leonas, y henchía de presa sus cavernas, y de robo sus moradas."
      },
      {
        "book_name": "Nahum",
        "book": 34,
        "chapter": 2,
        "verse": 13,
        "text": "Heme aquí contra ti, dice Jehová de los ejércitos. Encenderé y reduciré á humo tus carros, y espada devorará tus leoncillos; y raeré de la tierra tu robo, y nunca más se oirá voz de tus embajadores."
      }
    ],
    "3": [
      {
        "book_name": "Nahum",
        "book": 34,
        "chapter": 3,
        "verse": 1,
        "text": "1AY de la ciudad de sangres, toda llena de mentira y de rapiña, sin apartarse de ella el pillaje! 2Sonido de látigo, y estruendo de movimiento de ruedas; y caballo atropellador, y carro saltador; 3Caballero enhiesto, y resplandor de espada, y resplandor de lanza; y multitud de muertos, y multitud de cadáveres; y de sus cadáveres no habrá fin, y en sus cadáveres tropezarán: 4A causa de la multitud de las fornicaciones de la ramera de hermosa gala, maestra de brujerías, que vende las gentes con sus fornicaciones, y los pueblos con sus hechizos. 5Heme aquí contra ti, dice Jehová de los ejércitos, y descubriré tus faldas en tu cara, y mostraré á las gentes tu desnudez, y á los reinos tu vergüenza. 6Y echaré sobre ti suciedades, y te afrentaré, y te pondré como estiércol. 7Y será que todos los que te vieren, se apartarán de ti, y dirán: Nínive es asolada: ¿quién se compadecerá de ella? ¿dónde te buscaré consoladores? 8¿Eres tú mejor que No-amón, que estaba asentada entre ríos, cercada de aguas, cuyo baluarte era la mar, y del mar su muralla?  9Etiopía era su fortaleza, y Egipto sin límite; Put y Libia fueron en tu ayuda.  10También ella fué llevada en cautiverio: también sus chiquitos fueron estrellados en las encrucijadas de todas las calles; y sobre sus varones echaron suertes, y todos sus magnates fueron aprisionados con grillos.  11Tú también serás embriagada, serás encerrada; tú también buscarás fortaleza á causa del enemigo.  12Todas tus fortalezas cual higueras con brevas; que si las sacuden, caen en la boca del que las ha de comer.  13He aquí, tu pueblo será como mujeres en medio de ti: las puertas de tu tierra se abrirán de par en par á tus enemigos: fuego consumirá tus barras.  14Provéete de agua para el cerco, fortifica tus fortalezas; entra en el lodo, pisa el barro, fortifica el horno.  15Allí te consumirá el fuego, te talará la espada, te devorará como pulgón: multiplícate como langosta, multiplícate como langosta.  16Multiplicaste tus mercaderes más que las estrellas del cielo: el pulgón hizo presa, y voló.  17Tus príncipes serán como langostas, y tus grandes como langostas de langostas que se sientan en vallados en día de frío: salido el sol se mudan, y no se conoce el lugar donde estuvieron.  18Durmieron tus pastores, oh rey de Asiria, reposaron tus valientes: tu pueblo se derramó por los montes, y no hay quien lo junte.  19No hay cura para tu quebradura; tu herida se encrudeció: todos los que oyeron tu fama, batirán las manos sobre ti, porque ¿sobre quién no pasó continuamente tu malicia?"
      },
      {
        "book_name": "Nahum",
        "book": 34,
        "chapter": 3,
        "verse": 1,
        "text": "AY de la ciudad de sangres, toda llena de mentira y de rapiña, sin apartarse de ella el pillaje!"
      },
      {
        "book_name": "Nahum",
        "book": 34,
        "chapter": 3,
        "verse": 2,
        "text": "Sonido de látigo, y estruendo de movimiento de ruedas; y caballo atropellador, y carro saltador;"
      },
      {
        "book_name": "Nahum",
        "book": 34,
        "chapter": 3,
        "verse": 3,
        "text": "Caballero enhiesto, y resplandor de espada, y resplandor de lanza; y multitud de muertos, y multitud de cadáveres; y de sus cadáveres no habrá fin, y en sus cadáveres tropezarán:"
      },
      {
        "book_name": "Nahum",
        "book": 34,
        "chapter": 3,
        "verse": 4,
        "text": "A causa de la multitud de las fornicaciones de la ramera de hermosa gala, maestra de brujerías, que vende las gentes con sus fornicaciones, y los pueblos con sus hechizos."
      },
      {
        "book_name": "Nahum",
        "book": 34,
        "chapter": 3,
        "verse": 5,
        "text": "Heme aquí contra ti, dice Jehová de los ejércitos, y descubriré tus faldas en tu cara, y mostraré á las gentes tu desnudez, y á los reinos tu vergüenza."
      },
      {
        "book_name": "Nahum",
        "book": 34,
        "chapter": 3,
        "verse": 6,
        "text": "Y echaré sobre ti suciedades, y te afrentaré, y te pondré como estiércol."
      },
      {
        "book_name": "Nahum",
        "book": 34,
        "chapter": 3,
        "verse": 7,
        "text": "Y será que todos los que te vieren, se apartarán de ti, y dirán: Nínive es asolada: ¿quién se compadecerá de ella? ¿dónde te buscaré consoladores?"
      },
      {
        "book_name": "Nahum",
        "book": 34,
        "chapter": 3,
        "verse": 8,
        "text": "¿Eres tú mejor que No-amón, que estaba asentada entre ríos, cercada de aguas, cuyo baluarte era la mar, y del mar su muralla?"
      },
      {
        "book_name": "Nahum",
        "book": 34,
        "chapter": 3,
        "verse": 9,
        "text": "Etiopía era su fortaleza, y Egipto sin límite; Put y Libia fueron en tu ayuda."
      },
      {
        "book_name": "Nahum",
        "book": 34,
        "chapter": 3,
        "verse": 10,
        "text": "También ella fué llevada en cautiverio: también sus chiquitos fueron estrellados en las encrucijadas de todas las calles; y sobre sus varones echaron suertes, y todos sus magnates fueron aprisionados con grillos."
      },
      {
        "book_name": "Nahum",
        "book": 34,
        "chapter": 3,
        "verse": 11,
        "text": "Tú también serás embriagada, serás encerrada; tú también buscarás fortaleza á causa del enemigo."
      },
      {
        "book_name": "Nahum",
        "book": 34,
        "chapter": 3,
        "verse": 12,
        "text": "Todas tus fortalezas cual higueras con brevas; que si las sacuden, caen en la boca del que las ha de comer."
      },
      {
        "book_name": "Nahum",
        "book": 34,
        "chapter": 3,
        "verse": 13,
        "text": "He aquí, tu pueblo será como mujeres en medio de ti: las puertas de tu tierra se abrirán de par en par á tus enemigos: fuego consumirá tus barras."
      },
      {
        "book_name": "Nahum",
        "book": 34,
        "chapter": 3,
        "verse": 14,
        "text": "Provéete de agua para el cerco, fortifica tus fortalezas; entra en el lodo, pisa el barro, fortifica el horno."
      },
      {
        "book_name": "Nahum",
        "book": 34,
        "chapter": 3,
        "verse": 15,
        "text": "Allí te consumirá el fuego, te talará la espada, te devorará como pulgón: multiplícate como langosta, multiplícate como langosta."
      },
      {
        "book_name": "Nahum",
        "book": 34,
        "chapter": 3,
        "verse": 16,
        "text": "Multiplicaste tus mercaderes más que las estrellas del cielo: el pulgón hizo presa, y voló."
      },
      {
        "book_name": "Nahum",
        "book": 34,
        "chapter": 3,
        "verse": 17,
        "text": "Tus príncipes serán como langostas, y tus grandes como langostas de langostas que se sientan en vallados en día de frío: salido el sol se mudan, y no se conoce el lugar donde estuvieron."
      },
      {
        "book_name": "Nahum",
        "book": 34,
        "chapter": 3,
        "verse": 18,
        "text": "Durmieron tus pastores, oh rey de Asiria, reposaron tus valientes: tu pueblo se derramó por los montes, y no hay quien lo junte."
      },
      {
        "book_name": "Nahum",
        "book": 34,
        "chapter": 3,
        "verse": 19,
        "text": "No hay cura para tu quebradura; tu herida se encrudeció: todos los que oyeron tu fama, batirán las manos sobre ti, porque ¿sobre quién no pasó continuamente tu malicia?"
      }
    ]
  }
}