{
  "source": "bible.com",
  "version": "Reina Valera (1602)",
  "book": "Obadja",
  "chapters": {
    "1": [
      {
        "book_name": "Obadja",
        "book": 31,
        "chapter": 1,
        "verse": 1,
        "text": "1VISION de Abdías. El Señor Jehová ha dicho así cuanto á Edom: Oído hemos el pregón de Jehová, y mensajero es enviado á las gentes. Levantaos, y levantémonos contra ella en batalla. 2He aquí, pequeño te he hecho entre las gentes; abatido eres tú en gran manera. 3La soberbia de tu corazón te ha engañado, tú que moras en las hendiduras de las peñas, en tu altísima morada; que dices en tu corazón: ¿Quién me derribará á tierra? 4Si te encaramares como águila, y si entre las estrellas pusieres tu nido, de ahí te derribaré, dice Jehová. 5Si ladrones vinieran á ti, ó robadores de noche ¿no hurtaran lo que les bastase? Pues si entraran á ti vendimiadores, aun dejaran algún rebusco. 6Cómo fueron escudriñadas las cosas de Esaú! sus cosas escondidas fueron buscadas. 7Hasta el término te hicieron llegar todos tus aliados; te han engañado tus pacíficos, prevalecieron contra ti; los que comían tu pan, pusieron el lazo debajo de ti: no hay en él entendimiento. 8¿No haré que perezcan en aquel día, dice Jehová, los sabios de Edom, y la prudencia del monte de Esaú? 9Y tus valientes, oh Temán, serán quebrantados; porque todo hombre será talado del monte de Esaú por el estrago. 10Por la injuria de tu hermano Jacob te cubrirá vergüenza, y serás talado para siempre.  11El día que estando tú delante, llevaban extraños cautivo su ejército, y los extraños entraban por sus puertas, y echaban suertes sobre Jerusalem, tú también eras como uno de ellos.  12Pues no debiste tú estar mirando en el día de tu hermano, el día en que fué extrañado: no te habías de haber alegrado de los hijos de Judá en el día que se perdieron, ni habías de ensanchar tu boca en el día de la angustia:  13No habías de haber entrado por la puerta de mi pueblo en el día de su quebrantamiento; no, no habías tú de haber mirado su mal el día de su quebranto, ni haber echado mano á sus bienes el día de su calamidad.  14Tampoco habías de haberte parado en las encrucijadas, para matar los que de ellos escapasen; ni habías tú de haber entregado los que quedaban en el día de angustia.  15Porque cercano está el día de Jehová sobre todas las gentes: como tú hiciste se hará contigo: tu galardón volverá sobre tu cabeza.  16De la manera que vosotros bebisteis en mi santo monte, beberán, todas las gentes de continuo: beberán, y engullirán, y serán como si no hubieran sido.  17Mas en el monte de Sión habrá salvamento, y será santidad, y la casa de Jacob, poseerá sus posesiones.  18Y la casa de Jacob será fuego, y la casa de José será llama, y la casa de Esaú estopa, y los quemarán, y los consumirán; ni aun reliquia quedará en la casa de Esaú, porque Jehová lo habló.  19Y los del mediodía poseerán el monte de Esaú, y los llanos de los Palestinos; poseerán también los campos de Ephraim, y los campos de Samaria; y Benjamín á Galaad.  20Y los cautivos de aqueste ejército de los hijos de Israel poseerán lo de los Cananeos hasta Sarepta; y los cautivos de Jerusalem, que están en Sepharad, poseerán las ciudades del mediodía.  21Y vendrán salvadores al monte de Sión para juzgar al monte de Esaú; y el reino será de Jehová."
      },
      {
        "book_name": "Obadja",
        "book": 31,
        "chapter": 1,
        "verse": 1,
        "text": "VISION de Abdías. El Señor Jehová ha dicho así cuanto á Edom: Oído hemos el pregón de Jehová, y mensajero es enviado á las gentes. Levantaos, y levantémonos contra ella en batalla."
      },
      {
        "book_name": "Obadja",
        "book": 31,
        "chapter": 1,
        "verse": 2,
        "text": "He aquí, pequeño te he hecho entre las gentes; abatido eres tú en gran manera."
      },
      {
        "book_name": "Obadja",
        "book": 31,
        "chapter": 1,
        "verse": 3,
        "text": "La soberbia de tu corazón te ha engañado, tú que moras en las hendiduras de las peñas, en tu altísima morada; que dices en tu corazón: ¿Quién me derribará á tierra?"
      },
      {
        "book_name": "Obadja",
        "book": 31,
        "chapter": 1,
        "verse": 4,
        "text": "Si te encaramares como águila, y si entre las estrellas pusieres tu nido, de ahí te derribaré, dice Jehová."
      },
      {
        "book_name": "Obadja",
        "book": 31,
        "chapter": 1,
        "verse": 5,
        "text": "Si ladrones vinieran á ti, ó robadores de noche ¿no hurtaran lo que les bastase? Pues si entraran á ti vendimiadores, aun dejaran algún rebusco."
      },
      {
        "book_name": "Obadja",
        "book": 31,
        "chapter": 1,
        "verse": 6,
        "text": "Cómo fueron escudriñadas las cosas de Esaú! sus cosas escondidas fueron buscadas."
      },
      {
        "book_name": "Obadja",
        "book": 31,
        "chapter": 1,
        "verse": 7,
        "text": "Hasta el término te hicieron llegar todos tus aliados; te han engañado tus pacíficos, prevalecieron contra ti; los que comían tu pan, pusieron el lazo debajo de ti: no hay en él entendimiento."
      },
      {
        "book_name": "Obadja",
        "book": 31,
        "chapter": 1,
        "verse": 8,
        "text": "¿No haré que perezcan en aquel día, dice Jehová, los sabios de Edom, y la prudencia del monte de Esaú?"
      },
      {
        "book_name": "Obadja",
        "book": 31,
        "chapter": 1,
        "verse": 9,
        "text": "Y tus valientes, oh Temán, serán quebrantados; porque todo hombre será talado del monte de Esaú por el estrago."
      },
      {
        "book_name": "Obadja",
        "book": 31,
        "chapter": 1,
        "verse": 10,
        "text": "Por la injuria de tu hermano Jacob te cubrirá vergüenza, y serás talado para siempre."
      },
      {
        "book_name": "Obadja",
        "book": 31,
        "chapter": 1,
        "verse": 11,
        "text": "El día que estando tú delante, llevaban extraños cautivo su ejército, y los extraños entraban por sus puertas, y echaban suertes sobre Jerusalem, tú también eras como uno de ellos."
      },
      {
        "book_name": "Obadja",
        "book": 31,
        "chapter": 1,
        "verse": 12,
        "text": "Pues no debiste tú estar mirando en el día de tu hermano, el día en que fué extrañado: no te habías de haber alegrado de los hijos de Judá en el día que se perdieron, ni habías de ensanchar tu boca en el día de la angustia:"
      },
      {
        "book_name": "Obadja",
        "book": 31,
        "chapter": 1,
        "verse": 13,
        "text": "No habías de haber entrado por la puerta de mi pueblo en el día de su quebrantamiento; no, no habías tú de haber mirado su mal el día de su quebranto, ni haber echado mano á sus bienes el día de su calamidad."
      },
      {
        "book_name": "Obadja",
        "book": 31,
        "chapter": 1,
        "verse": 14,
        "text": "Tampoco habías de haberte parado en las encrucijadas, para matar los que de ellos escapasen; ni habías tú de haber entregado los que quedaban en el día de angustia."
      },
      {
        "book_name": "Obadja",
        "book": 31,
        "chapter": 1,
        "verse": 15,
        "text": "Porque cercano está el día de Jehová sobre todas las gentes: como tú hiciste se hará contigo: tu galardón volverá sobre tu cabeza."
      },
      {
        "book_name": "Obadja",
        "book": 31,
        "chapter": 1,
        "verse": 16,
        "text": "De la manera que vosotros bebisteis en mi santo monte, beberán, todas las gentes de continuo: beberán, y engullirán, y serán como si no hubieran sido."
      },
      {
        "book_name": "Obadja",
        "book": 31,
        "chapter": 1,
        "verse": 17,
        "text": "Mas en el monte de Sión habrá salvamento, y será santidad, y la casa de Jacob, poseerá sus posesiones."
      },
      {
        "book_name": "Obadja",
        "book": 31,
        "chapter": 1,
        "verse": 18,
        "text": "Y la casa de Jacob será fuego, y la casa de José será llama, y la casa de Esaú estopa, y los quemarán, y los consumirán; ni aun reliquia quedará en la casa de Esaú, porque Jehová lo habló."
      },
      {
        "book_name": "Obadja",
        "book": 31,
        "chapter": 1,
        "verse": 19,
        "text": "Y los del mediodía poseerán el monte de Esaú, y los llanos de los Palestinos; poseerán también los campos de Ephraim, y los campos de Samaria; y Benjamín á Galaad."
      },
      {
        "book_name": "Obadja",
        "book": 31,
        "chapter": 1,
        "verse": 20,
        "text": "Y los cautivos de aqueste ejército de los hijos de Israel poseerán lo de los Cananeos hasta Sarepta; y los cautivos de Jerusalem, que están en Sepharad, poseerán las ciudades del mediodía."
      },
      {
        "book_name": "Obadja",
        "book": 31,
        "chapter": 1,
        "verse": 21,
        "text": "Y vendrán salvadores al monte de Sión para juzgar al monte de Esaú; y el reino será de Jehová."
      }
    ]
  }
}