{
  "source": "bible.com",
  "version": "Reina Valera (1602)",
  "book": "Philemon",
  "chapters": {
    "1": [
      {
        "book_name": "Philemon",
        "book": 57,
        "chapter": 1,
        "verse": 1,
        "text": "1PABLO, prisionero de Jesucristo, y el hermano Timoteo, á Filemón amado, y coadjutor nuestro; 2Y á la amada Apphia, y á Archîpo, compañero de nuestra milicia, y á la iglesia que está en tu casa: 3Gracia á vosotros y paz de Dios nuestro Padre, y del Señor Jesucristo. 4Doy gracias á mi Dios, haciendo siempre memoria de ti en mis oraciones. 5Oyendo tu caridad, y la fe que tienes en el Señor Jesús, y para con todos los santos; 6Para que la comunicación de tu fe sea eficaz, en el conocimiento de todo el bien que está en vosotros, por Cristo Jesús. 7Porque tenemos gran gozo y consolación de tu caridad, de que por ti, oh hermano, han sido recreadas las entrañas de los santos. 8Por lo cual, aunque tengo mucha resolución en Cristo para mandarte lo que conviene,  9Ruégo te más bien por amor, siendo tal cual soy, Pablo viejo, y aun ahora prisionero de Jesucristo:  10Ruégote por mi hijo Onésimo, que he engendrado en mis prisiones,  11El cual en otro tiempo te fué inútil, mas ahora á ti y á mí es útil;  12El cual te vuelvo á enviar; tu pues, recíbele como á mis entrañas.  13Yo quisiera detenerle conmigo, para que en lugar de ti me sirviese en las prisiones del evangelio;  14Mas nada quise hacer sin tu consejo, porque tu beneficio no fuese como de necesidad, sino voluntario.  15Porque acaso por esto se ha apartado de ti por algún tiempo, para que le recibieses para siempre;  16No ya como siervo, antes más que siervo, como hermano amado, mayormente de mí, pero cuánto más de ti, en la carne y en el Señor.  17Así que, si me tienes por compañero, recíbele como á mi.  18Y si en algo te dañó, ó te debe, ponlo á mi cuenta.  19Yo Pablo lo escribí de mi mano, yo lo pagaré: por no decirte que aun á ti mismo te me debes demás.  20Sí, hermano, góceme yo de ti en el Señor; recrea mis entrañas en el Señor.  21Te he escrito confiando en tu obediencia, sabiendo que aun harás más de lo que digo.  22Y asimismo prepárame también alojamiento; porque espero que por vuestras oraciones os tengo de ser concedido.  23Te saludan Epafras, mi compañero en la prisión por Cristo Jesús,  24Marcos, Aristarco, Demas y Lucas, mis cooperadores.  25La gracia de nuestro Señor Jesucristo sea con vuestro espíritu. Amén."
      },
      {
        "book_name": "Philemon",
        "book": 57,
        "chapter": 1,
        "verse": 1,
        "text": "PABLO, prisionero de Jesucristo, y el hermano Timoteo, á Filemón amado, y coadjutor nuestro;"
      },
      {
        "book_name": "Philemon",
        "book": 57,
        "chapter": 1,
        "verse": 2,
        "text": "Y á la amada Apphia, y á Archîpo, compañero de nuestra milicia, y á la iglesia que está en tu casa:"
      },
      {
        "book_name": "Philemon",
        "book": 57,
        "chapter": 1,
        "verse": 3,
        "text": "Gracia á vosotros y paz de Dios nuestro Padre, y del Señor Jesucristo."
      },
      {
        "book_name": "Philemon",
        "book": 57,
        "chapter": 1,
        "verse": 4,
        "text": "Doy gracias á mi Dios, haciendo siempre memoria de ti en mis oraciones."
      },
      {
        "book_name": "Philemon",
        "book": 57,
        "chapter": 1,
        "verse": 5,
        "text": "Oyendo tu caridad, y la fe que tienes en el Señor Jesús, y para con todos los santos;"
      },
      {
        "book_name": "Philemon",
        "book": 57,
        "chapter": 1,
        "verse": 6,
        "text": "Para que la comunicación de tu fe sea eficaz, en el conocimiento de todo el bien que está en vosotros, por Cristo Jesús."
      },
      {
        "book_name": "Philemon",
        "book": 57,
        "chapter": 1,
        "verse": 7,
        "text": "Porque tenemos gran gozo y consolación de tu caridad, de que por ti, oh hermano, han sido recreadas las entrañas de los santos."
      },
      {
        "book_name": "Philemon",
        "book": 57,
        "chapter": 1,
        "verse": 8,
        "text": "Por lo cual, aunque tengo mucha resolución en Cristo para mandarte lo que conviene,"
      },
      {
        "book_name": "Philemon",
        "book": 57,
        "chapter": 1,
        "verse": 9,
        "text": "Ruégo te más bien por amor, siendo tal cual soy, Pablo viejo, y aun ahora prisionero de Jesucristo:"
      },
      {
        "book_name": "Philemon",
        "book": 57,
        "chapter": 1,
        "verse": 10,
        "text": "Ruégote por mi hijo Onésimo, que he engendrado en mis prisiones,"
      },
      {
        "book_name": "Philemon",
        "book": 57,
        "chapter": 1,
        "verse": 11,
        "text": "El cual en otro tiempo te fué inútil, mas ahora á ti y á mí es útil;"
      },
      {
        "book_name": "Philemon",
        "book": 57,
        "chapter": 1,
        "verse": 12,
        "text": "El cual te vuelvo á enviar; tu pues, recíbele como á mis entrañas."
      },
      {
        "book_name": "Philemon",
        "book": 57,
        "chapter": 1,
        "verse": 13,
        "text": "Yo quisiera detenerle conmigo, para que en lugar de ti me sirviese en las prisiones del evangelio;"
      },
      {
        "book_name": "Philemon",
        "book": 57,
        "chapter": 1,
        "verse": 14,
        "text": "Mas nada quise hacer sin tu consejo, porque tu beneficio no fuese como de necesidad, sino voluntario."
      },
      {
        "book_name": "Philemon",
        "book": 57,
        "chapter": 1,
        "verse": 15,
        "text": "Porque acaso por esto se ha apartado de ti por algún tiempo, para que le recibieses para siempre;"
      },
      {
        "book_name": "Philemon",
        "book": 57,
        "chapter": 1,
        "verse": 16,
        "text": "No ya como siervo, antes más que siervo, como hermano amado, mayormente de mí, pero cuánto más de ti, en la carne y en el Señor."
      },
      {
        "book_name": "Philemon",
        "book": 57,
        "chapter": 1,
        "verse": 17,
        "text": "Así que, si me tienes por compañero, recíbele como á mi."
      },
      {
        "book_name": "Philemon",
        "book": 57,
        "chapter": 1,
        "verse": 18,
        "text": "Y si en algo te dañó, ó te debe, ponlo á mi cuenta."
      },
      {
        "book_name": "Philemon",
        "book": 57,
        "chapter": 1,
        "verse": 19,
        "text": "Yo Pablo lo escribí de mi mano, yo lo pagaré: por no decirte que aun á ti mismo te me debes demás."
      },
      {
        "book_name": "Philemon",
        "book": 57,
        "chapter": 1,
        "verse": 20,
        "text": "Sí, hermano, góceme yo de ti en el Señor; recrea mis entrañas en el Señor."
      },
      {
        "book_name": "Philemon",
        "book": 57,
        "chapter": 1,
        "verse": 21,
        "text": "Te he escrito confiando en tu obediencia, sabiendo que aun harás más de lo que digo."
      },
      {
        "book_name": "Philemon",
        "book": 57,
        "chapter": 1,
        "verse": 22,
        "text": "Y asimismo prepárame también alojamiento; porque espero que por vuestras oraciones os tengo de ser concedido."
      },
      {
        "book_name": "Philemon",
        "book": 57,
        "chapter": 1,
        "verse": 23,
        "text": "Te saludan Epafras, mi compañero en la prisión por Cristo Jesús,"
      },
      {
        "book_name": "Philemon",
        "book": 57,
        "chapter": 1,
        "verse": 24,
        "text": "Marcos, Aristarco, Demas y Lucas, mis cooperadores."
      },
      {
        "book_name": "Philemon",
        "book": 57,
        "chapter": 1,
        "verse": 25,
        "text": "La gracia de nuestro Señor Jesucristo sea con vuestro espíritu. Amén."
      }
    ]
  }
}