{
  "source": "bible.com",
  "version": "Reina Valera (1602)",
  "book": "Filippenzen",
  "chapters": {
    "1": [
      {
        "book_name": "Filippenzen",
        "book": 50,
        "chapter": 1,
        "verse": 1,
        "text": "1PABLO y Timoteo, siervos de Jesucristo, á todos los santos en Cristo Jesús que están en Filipos, con los obispos y diáconos 2Gracia sea á vosotros, y paz de Dios nuestro Padre y del Señor Jesucristo. 3Doy gracias á mi Dios en toda memoria de vosotros,  4Siempre en todas mis oraciones haciendo oración por todos vosotros con gozo,  5Por vuestra comunión en el evangelio, desde el primer día hasta ahora:  6Estando confiado de esto, que el que comenzó en vosotros la buena obra, la perfeccionará hasta el día de Jesucristo;  7Como me es justo sentir esto de todos vosotros, por cuanto os tengo en el corazón; y en mis prisiones, y en la defensa y confirmación del evangelio, sois todos vosotros compañeros de mi gracia.  8Porque Dios me es testigo de cómo os amo á todos vosotros en las entrañas de Jesucristo.  9Y esto ruego, que vuestro amor abunde aun más y más en ciencia y en todo conocimiento,  10Para que discernáis lo mejor; que seáis sinceros y sin ofensa para el día de Cristo;  11Llenos de frutos de justicia, que son por Jesucristo, á gloria y loor de Dios.  12Y quiero, hermanos, que sepáis que las cosas que me han sucedido, han redundado más en provecho del evangelio;  13De manera que mis prisiones han sido célebres en Cristo en todo el pretorio, y á todos los demás;  14Y muchos de los hermanos en el Señor, tomando ánimo con mis prisiones, se atreven mucho más á hablar la palabra sin temor.  15Y algunos, á la verdad, predican á Cristo por envidia y porfía; mas algunos también por buena voluntad.  16Los unos anuncian á Cristo por contención, no sinceramente, pensando añadir aflicción á mis prisiones;  17Pero los otros por amor, sabiendo que soy puesto por la defensa del evangelio.  18¿Qué pues? Que no obstante, en todas maneras, ó por pretexto ó por verdad, es anunciado Cristo; y en esto me huelgo, y aun me holgaré.  19Porque sé que esto se me tornará á salud, por vuestra oración, y por la suministración del Espíritu de Jesucristo;  20Conforme á mi mira y esperanza, que en nada seré confundido; antes bien con toda confianza, como siempre, ahora también será engrandecido Cristo en mi cuerpo, ó por vida, ó por muerte.  21Porque para mí el vivir es Cristo, y el morir es ganancia.  22Mas si el vivir en la carne, esto me será para fruto de la obra, no sé entonces qué escoger;  23Porque de ambas cosas estoy puesto en estrecho, teniendo deseo de ser desatado, y estar con Cristo, lo cual es mucho mejor:  24Empero quedar en la carne es más necesario por causa de vosotros.  25Y confiado en esto, sé que quedaré, que aun permaneceré con todos vosotros, para provecho vuestro y gozo de la fe;  26Para que crezca vuestra gloria de mí en Cristo Jesús por mi venida otra vez á vosotros.  27Solamente que converséis como es digno del evangelio de Cristo; para que, ó sea que vaya á veros, ó que esté ausente, oiga de vosotros que estáis firmes en un mismo espíritu, unánimes combatiendo juntamente por la fe del evangelio,  28Y en nada intimidados de los que se oponen: que á ellos ciertamente es indicio de perdición, mas á vosotros de salud; y esto de Dios;  29Porque á vosotros es concedido por Cristo, no sólo que creáis en él, sino también que padezcáis por él,  30Teniendo el mismo conflicto que habéis visto en mí, y ahora oís estar en mí."
      },
      {
        "book_name": "Filippenzen",
        "book": 50,
        "chapter": 1,
        "verse": 1,
        "text": "PABLO y Timoteo, siervos de Jesucristo, á todos los santos en Cristo Jesús que están en Filipos, con los obispos y diáconos"
      },
      {
        "book_name": "Filippenzen",
        "book": 50,
        "chapter": 1,
        "verse": 2,
        "text": "Gracia sea á vosotros, y paz de Dios nuestro Padre y del Señor Jesucristo."
      },
      {
        "book_name": "Filippenzen",
        "book": 50,
        "chapter": 1,
        "verse": 3,
        "text": "Doy gracias á mi Dios en toda memoria de vosotros,"
      },
      {
        "book_name": "Filippenzen",
        "book": 50,
        "chapter": 1,
        "verse": 4,
        "text": "Siempre en todas mis oraciones haciendo oración por todos vosotros con gozo,"
      },
      {
        "book_name": "Filippenzen",
        "book": 50,
        "chapter": 1,
        "verse": 5,
        "text": "Por vuestra comunión en el evangelio, desde el primer día hasta ahora:"
      },
      {
        "book_name": "Filippenzen",
        "book": 50,
        "chapter": 1,
        "verse": 6,
        "text": "Estando confiado de esto, que el que comenzó en vosotros la buena obra, la perfeccionará hasta el día de Jesucristo;"
      },
      {
        "book_name": "Filippenzen",
        "book": 50,
        "chapter": 1,
        "verse": 7,
        "text": "Como me es justo sentir esto de todos vosotros, por cuanto os tengo en el corazón; y en mis prisiones, y en la defensa y confirmación del evangelio, sois todos vosotros compañeros de mi gracia."
      },
      {
        "book_name": "Filippenzen",
        "book": 50,
        "chapter": 1,
        "verse": 8,
        "text": "Porque Dios me es testigo de cómo os amo á todos vosotros en las entrañas de Jesucristo."
      },
      {
        "book_name": "Filippenzen",
        "book": 50,
        "chapter": 1,
        "verse": 9,
        "text": "Y esto ruego, que vuestro amor abunde aun más y más en ciencia y en todo conocimiento,"
      },
      {
        "book_name": "Filippenzen",
        "book": 50,
        "chapter": 1,
        "verse": 10,
        "text": "Para que discernáis lo mejor; que seáis sinceros y sin ofensa para el día de Cristo;"
      },
      {
        "book_name": "Filippenzen",
        "book": 50,
        "chapter": 1,
        "verse": 11,
        "text": "Llenos de frutos de justicia, que son por Jesucristo, á gloria y loor de Dios."
      },
      {
        "book_name": "Filippenzen",
        "book": 50,
        "chapter": 1,
        "verse": 12,
        "text": "Y quiero, hermanos, que sepáis que las cosas que me han sucedido, han redundado más en provecho del evangelio;"
      },
      {
        "book_name": "Filippenzen",
        "book": 50,
        "chapter": 1,
        "verse": 13,
        "text": "De manera que mis prisiones han sido célebres en Cristo en todo el pretorio, y á todos los demás;"
      },
      {
        "book_name": "Filippenzen",
        "book": 50,
        "chapter": 1,
        "verse": 14,
        "text": "Y muchos de los hermanos en el Señor, tomando ánimo con mis prisiones, se atreven mucho más á hablar la palabra sin temor."
      },
      {
        "book_name": "Filippenzen",
        "book": 50,
        "chapter": 1,
        "verse": 15,
        "text": "Y algunos, á la verdad, predican á Cristo por envidia y porfía; mas algunos también por buena voluntad."
      },
      {
        "book_name": "Filippenzen",
        "book": 50,
        "chapter": 1,
        "verse": 16,
        "text": "Los unos anuncian á Cristo por contención, no sinceramente, pensando añadir aflicción á mis prisiones;"
      },
      {
        "book_name": "Filippenzen",
        "book": 50,
        "chapter": 1,
        "verse": 17,
        "text": "Pero los otros por amor, sabiendo que soy puesto por la defensa del evangelio."
      },
      {
        "book_name": "Filippenzen",
        "book": 50,
        "chapter": 1,
        "verse": 18,
        "text": "¿Qué pues? Que no obstante, en todas maneras, ó por pretexto ó por verdad, es anunciado Cristo; y en esto me huelgo, y aun me holgaré."
      },
      {
        "book_name": "Filippenzen",
        "book": 50,
        "chapter": 1,
        "verse": 19,
        "text": "Porque sé que esto se me tornará á salud, por vuestra oración, y por la suministración del Espíritu de Jesucristo;"
      },
      {
        "book_name": "Filippenzen",
        "book": 50,
        "chapter": 1,
        "verse": 20,
        "text": "Conforme á mi mira y esperanza, que en nada seré confundido; antes bien con toda confianza, como siempre, ahora también será engrandecido Cristo en mi cuerpo, ó por vida, ó por muerte."
      },
      {
        "book_name": "Filippenzen",
        "book": 50,
        "chapter": 1,
        "verse": 21,
        "text": "Porque para mí el vivir es Cristo, y el morir es ganancia."
      },
      {
        "book_name": "Filippenzen",
        "book": 50,
        "chapter": 1,
        "verse": 22,
        "text": "Mas si el vivir en la carne, esto me será para fruto de la obra, no sé entonces qué escoger;"
      },
      {
        "book_name": "Filippenzen",
        "book": 50,
        "chapter": 1,
        "verse": 23,
        "text": "Porque de ambas cosas estoy puesto en estrecho, teniendo deseo de ser desatado, y estar con Cristo, lo cual es mucho mejor:"
      },
      {
        "book_name": "Filippenzen",
        "book": 50,
        "chapter": 1,
        "verse": 24,
        "text": "Empero quedar en la carne es más necesario por causa de vosotros."
      },
      {
        "book_name": "Filippenzen",
        "book": 50,
        "chapter": 1,
        "verse": 25,
        "text": "Y confiado en esto, sé que quedaré, que aun permaneceré con todos vosotros, para provecho vuestro y gozo de la fe;"
      },
      {
        "book_name": "Filippenzen",
        "book": 50,
        "chapter": 1,
        "verse": 26,
        "text": "Para que crezca vuestra gloria de mí en Cristo Jesús por mi venida otra vez á vosotros."
      },
      {
        "book_name": "Filippenzen",
        "book": 50,
        "chapter": 1,
        "verse": 27,
        "text": "Solamente que converséis como es digno del evangelio de Cristo; para que, ó sea que vaya á veros, ó que esté ausente, oiga de vosotros que estáis firmes en un mismo espíritu, unánimes combatiendo juntamente por la fe del evangelio,"
      },
      {
        "book_name": "Filippenzen",
        "book": 50,
        "chapter": 1,
        "verse": 28,
        "text": "Y en nada intimidados de los que se oponen: que á ellos ciertamente es indicio de perdición, mas á vosotros de salud; y esto de Dios;"
      },
      {
        "book_name": "Filippenzen",
        "book": 50,
        "chapter": 1,
        "verse": 29,
        "text": "Porque á vosotros es concedido por Cristo, no sólo que creáis en él, sino también que padezcáis por él,"
      },
      {
        "book_name": "Filippenzen",
        "book": 50,
        "chapter": 1,
        "verse": 30,
        "text": "Teniendo el mismo conflicto que habéis visto en mí, y ahora oís estar en mí."
      }
    ],
    "2": [
      {
        "book_name": "Filippenzen",
        "book": 50,
        "chapter": 2,
        "verse": 1,
        "text": "1POR tanto, si hay alguna consolación en Cristo; si algún refrigerio de amor; si alguna comunión del Espíritu; si algunas entrañas y misericordias, 2Cumplid mi gozo; que sintáis lo mismo, teniendo el mismo amor, unánimes, sintiendo una misma cosa. 3Nada hagáis por contienda ó por vanagloria; antes bien en humildad, estimándoos inferiores los unos á los otros: 4No mirando cada uno á lo suyo propio, sino cada cual también á lo de los otros. 5Haya, pues, en vosotros este sentir que hubo también en Cristo Jesús: 6El cual, siendo en forma de Dios, no tuvo por usurpación ser igual á Dios: 7Sin embargo, se anonadó á sí mismo, tomando forma de siervo, hecho semejante á los hombres; 8Y hallado en la condición como hombre, se humilló á sí mismo, hecho obediente hasta la muerte, y muerte de cruz. 9Por lo cual Dios también le ensalzó á lo sumo, y dióle un nombre que es sobre todo nombre; 10Para que en el nombre de Jesús se doble toda rodilla de los que están en los cielos, y de los que en la tierra, y de los que debajo de la tierra; 11Y toda lengua confiese que Jesucristo es el Señor, á la gloria de Dios Padre. 12Por tanto, amados míos, como siempre habéis obedecido, no como en mi presencia solamente, sino mucho más ahora en mi ausencia, ocupaos en vuestra salvación con temor y temblor;  13Porque Dios es el que en vosotros obra así el querer como el hacer, por su buena voluntad.  14Haced todo sin murmuraciones y contiendas,  15Para que seáis irreprensibles y sencillos, hijos de Dios sin culpa en medio de la nación maligna y perversa, entre los cuales resplandecéis como luminares en el mundo;  16Reteniendo la palabra de vida para que yo pueda gloriarme en el día de Cristo, que no he corrido en vano, ni trabajado en vano.  17Y aun si soy derramado en libación sobre el sacrificio y servicio de vuestra fe, me gozo y congratulo por todos vosotros.  18Y asimismo gozaos también vosotros, y regocijaos conmigo.  19Mas espero en el Señor Jesús enviaros presto á Timoteo, para que yo también esté de buen ánimo, entendido vuestro estado.  20Porque á ninguno tengo tan unánime, y que con sincera afición esté solícito por vosotros.  21Porque todos buscan lo suyo propio, no lo que es de Cristo Jesús.  22Pero la experiencia de él habéis conocido, que como hijo á padre ha servido conmigo en el evangelio.  23Así que á éste espero enviaros, luego que yo viere cómo van mis negocios;  24Y confío en el Señor que yo también iré presto á vosotros.  25Mas tuve por cosa necesaria enviaros á Epafrodito, mi hermano, y colaborador y compañero de milicia, y vuestro mensajero, y ministrador de mis necesidades;  26Porque tenía gran deseo de ver á todos vosotros, y gravemente se angustió porque habíais oído que había enfermado.  27Pues en verdad estuvo enfermo á la muerte: mas Dios tuvo misericordia de él; y no solamente de él, sino aun de mí, para que yo no tuviese tristeza sobre tristeza.  28Así que le envío más presto, para que viéndole os volváis á gozar, y yo esté con menos tristeza.  29Recibidle pues en el Señor con todo gozo; y tened en estima á los tales:  30Porque por la obra de Cristo estuvo cercano á la muerte, poniendo su vida para suplir vuestra falta en mi servicio."
      },
      {
        "book_name": "Filippenzen",
        "book": 50,
        "chapter": 2,
        "verse": 1,
        "text": "POR tanto, si hay alguna consolación en Cristo; si algún refrigerio de amor; si alguna comunión del Espíritu; si algunas entrañas y misericordias,"
      },
      {
        "book_name": "Filippenzen",
        "book": 50,
        "chapter": 2,
        "verse": 2,
        "text": "Cumplid mi gozo; que sintáis lo mismo, teniendo el mismo amor, unánimes, sintiendo una misma cosa."
      },
      {
        "book_name": "Filippenzen",
        "book": 50,
        "chapter": 2,
        "verse": 3,
        "text": "Nada hagáis por contienda ó por vanagloria; antes bien en humildad, estimándoos inferiores los unos á los otros:"
      },
      {
        "book_name": "Filippenzen",
        "book": 50,
        "chapter": 2,
        "verse": 4,
        "text": "No mirando cada uno á lo suyo propio, sino cada cual también á lo de los otros."
      },
      {
        "book_name": "Filippenzen",
        "book": 50,
        "chapter": 2,
        "verse": 5,
        "text": "Haya, pues, en vosotros este sentir que hubo también en Cristo Jesús:"
      },
      {
        "book_name": "Filippenzen",
        "book": 50,
        "chapter": 2,
        "verse": 6,
        "text": "El cual, siendo en forma de Dios, no tuvo por usurpación ser igual á Dios:"
      },
      {
        "book_name": "Filippenzen",
        "book": 50,
        "chapter": 2,
        "verse": 7,
        "text": "Sin embargo, se anonadó á sí mismo, tomando forma de siervo, hecho semejante á los hombres;"
      },
      {
        "book_name": "Filippenzen",
        "book": 50,
        "chapter": 2,
        "verse": 8,
        "text": "Y hallado en la condición como hombre, se humilló á sí mismo, hecho obediente hasta la muerte, y muerte de cruz."
      },
      {
        "book_name": "Filippenzen",
        "book": 50,
        "chapter": 2,
        "verse": 9,
        "text": "Por lo cual Dios también le ensalzó á lo sumo, y dióle un nombre que es sobre todo nombre;"
      },
      {
        "book_name": "Filippenzen",
        "book": 50,
        "chapter": 2,
        "verse": 10,
        "text": "Para que en el nombre de Jesús se doble toda rodilla de los que están en los cielos, y de los que en la tierra, y de los que debajo de la tierra;"
      },
      {
        "book_name": "Filippenzen",
        "book": 50,
        "chapter": 2,
        "verse": 11,
        "text": "Y toda lengua confiese que Jesucristo es el Señor, á la gloria de Dios Padre."
      },
      {
        "book_name": "Filippenzen",
        "book": 50,
        "chapter": 2,
        "verse": 12,
        "text": "Por tanto, amados míos, como siempre habéis obedecido, no como en mi presencia solamente, sino mucho más ahora en mi ausencia, ocupaos en vuestra salvación con temor y temblor;"
      },
      {
        "book_name": "Filippenzen",
        "book": 50,
        "chapter": 2,
        "verse": 13,
        "text": "Porque Dios es el que en vosotros obra así el querer como el hacer, por su buena voluntad."
      },
      {
        "book_name": "Filippenzen",
        "book": 50,
        "chapter": 2,
        "verse": 14,
        "text": "Haced todo sin murmuraciones y contiendas,"
      },
      {
        "book_name": "Filippenzen",
        "book": 50,
        "chapter": 2,
        "verse": 15,
        "text": "Para que seáis irreprensibles y sencillos, hijos de Dios sin culpa en medio de la nación maligna y perversa, entre los cuales resplandecéis como luminares en el mundo;"
      },
      {
        "book_name": "Filippenzen",
        "book": 50,
        "chapter": 2,
        "verse": 16,
        "text": "Reteniendo la palabra de vida para que yo pueda gloriarme en el día de Cristo, que no he corrido en vano, ni trabajado en vano."
      },
      {
        "book_name": "Filippenzen",
        "book": 50,
        "chapter": 2,
        "verse": 17,
        "text": "Y aun si soy derramado en libación sobre el sacrificio y servicio de vuestra fe, me gozo y congratulo por todos vosotros."
      },
      {
        "book_name": "Filippenzen",
        "book": 50,
        "chapter": 2,
        "verse": 18,
        "text": "Y asimismo gozaos también vosotros, y regocijaos conmigo."
      },
      {
        "book_name": "Filippenzen",
        "book": 50,
        "chapter": 2,
        "verse": 19,
        "text": "Mas espero en el Señor Jesús enviaros presto á Timoteo, para que yo también esté de buen ánimo, entendido vuestro estado."
      },
      {
        "book_name": "Filippenzen",
        "book": 50,
        "chapter": 2,
        "verse": 20,
        "text": "Porque á ninguno tengo tan unánime, y que con sincera afición esté solícito por vosotros."
      },
      {
        "book_name": "Filippenzen",
        "book": 50,
        "chapter": 2,
        "verse": 21,
        "text": "Porque todos buscan lo suyo propio, no lo que es de Cristo Jesús."
      },
      {
        "book_name": "Filippenzen",
        "book": 50,
        "chapter": 2,
        "verse": 22,
        "text": "Pero la experiencia de él habéis conocido, que como hijo á padre ha servido conmigo en el evangelio."
      },
      {
        "book_name": "Filippenzen",
        "book": 50,
        "chapter": 2,
        "verse": 23,
        "text": "Así que á éste espero enviaros, luego que yo viere cómo van mis negocios;"
      },
      {
        "book_name": "Filippenzen",
        "book": 50,
        "chapter": 2,
        "verse": 24,
        "text": "Y confío en el Señor que yo también iré presto á vosotros."
      },
      {
        "book_name": "Filippenzen",
        "book": 50,
        "chapter": 2,
        "verse": 25,
        "text": "Mas tuve por cosa necesaria enviaros á Epafrodito, mi hermano, y colaborador y compañero de milicia, y vuestro mensajero, y ministrador de mis necesidades;"
      },
      {
        "book_name": "Filippenzen",
        "book": 50,
        "chapter": 2,
        "verse": 26,
        "text": "Porque tenía gran deseo de ver á todos vosotros, y gravemente se angustió porque habíais oído que había enfermado."
      },
      {
        "book_name": "Filippenzen",
        "book": 50,
        "chapter": 2,
        "verse": 27,
        "text": "Pues en verdad estuvo enfermo á la muerte: mas Dios tuvo misericordia de él; y no solamente de él, sino aun de mí, para que yo no tuviese tristeza sobre tristeza."
      },
      {
        "book_name": "Filippenzen",
        "book": 50,
        "chapter": 2,
        "verse": 28,
        "text": "Así que le envío más presto, para que viéndole os volváis á gozar, y yo esté con menos tristeza."
      },
      {
        "book_name": "Filippenzen",
        "book": 50,
        "chapter": 2,
        "verse": 29,
        "text": "Recibidle pues en el Señor con todo gozo; y tened en estima á los tales:"
      },
      {
        "book_name": "Filippenzen",
        "book": 50,
        "chapter": 2,
        "verse": 30,
        "text": "Porque por la obra de Cristo estuvo cercano á la muerte, poniendo su vida para suplir vuestra falta en mi servicio."
      }
    ],
    "3": [
      {
        "book_name": "Filippenzen",
        "book": 50,
        "chapter": 3,
        "verse": 1,
        "text": "1RESTA, hermanos, que os gocéis en el Señor. A mí, á la verdad, no es molesto el escribiros las mismas cosas, y para vosotros es seguro. 2Guardaos de los perros, guardaos de los malos obreros, guardaos del cortamiento. 3Porque nosotros somos la circuncisión, los que servimos en espíritu á Dios, y nos gloriamos en Cristo Jesús, no teniendo confianza en la carne. 4Aunque yo tengo también de qué confiar en la carne. Si alguno parece que tiene de qué confiar en la carne, yo más:  5Circuncidado al octavo día, del linaje de Israel, de la tribu de Benjamín, Hebreo de Hebreos; cuanto á la ley, Fariseo;  6Cuanto al celo, perseguidor de la iglesia; cuanto á la justicia que es en la ley, irreprensible.  7Pero las cosas que para mí eran ganancias, helas reputado pérdidas por amor de Cristo.  8Y ciertamente, aun reputo todas las cosas pérdida por el eminente conocimiento de Cristo Jesús, mi Señor, por amor del cual lo he perdido todo, y téngolo por estiércol, para ganar á Cristo,  9Y ser hallado en él, no teniendo mi justicia, que es por la ley, sino la que es por la fe de Cristo, la justicia que es de Dios por la fe;  10A fin de conocerle, y la virtud de su resurrección, y la participación de sus padecimientos, en conformidad á su muerte,  11Si en alguna manera llegase á la resurrección de los muertos.  12No que ya haya alcanzado, ni que ya sea perfecto; sino que prosigo, por ver si alcanzo aquello para lo cual fuí también alcanzado de Cristo Jesús.  13Hermanos, yo mismo no hago cuenta de haber lo ya alcanzado; pero una cosa hago: olvidando ciertamente lo que queda atrás, y extendiéndome á lo que está delante,  14Prosigo al blanco, al premio de la soberana vocación de Dios en Cristo Jesús.  15Así que, todos los que somos perfectos, esto mismo sintamos: y si otra cosa sentís, esto también os revelará Dios.  16Empero en aquello á que hemos llegado, vamos por la misma regla, sintamos una misma cosa.  17Hermanos, sed imitadores de mí, y mirad los que así anduvieren como nos tenéis por ejemplo.  18Porque muchos andan, de los cuales os dije muchas veces, y aun ahora lo digo llorando, que son enemigos de la cruz de Cristo:  19Cuyo fin será perdición, cuyo dios es el vientre, y su gloria es en confusión; que sienten lo terreno.  20Mas nuestra vivienda es en los cielos; de donde también esperamos al Salvador, al Señor Jesucristo;  21El cual transformará el cuerpo de nuestra bajeza, para ser semejante al cuerpo de su gloria, por la operación con la cual puede también sujetar á sí todas las cosas."
      },
      {
        "book_name": "Filippenzen",
        "book": 50,
        "chapter": 3,
        "verse": 1,
        "text": "RESTA, hermanos, que os gocéis en el Señor. A mí, á la verdad, no es molesto el escribiros las mismas cosas, y para vosotros es seguro."
      },
      {
        "book_name": "Filippenzen",
        "book": 50,
        "chapter": 3,
        "verse": 2,
        "text": "Guardaos de los perros, guardaos de los malos obreros, guardaos del cortamiento."
      },
      {
        "book_name": "Filippenzen",
        "book": 50,
        "chapter": 3,
        "verse": 3,
        "text": "Porque nosotros somos la circuncisión, los que servimos en espíritu á Dios, y nos gloriamos en Cristo Jesús, no teniendo confianza en la carne."
      },
      {
        "book_name": "Filippenzen",
        "book": 50,
        "chapter": 3,
        "verse": 4,
        "text": "Aunque yo tengo también de qué confiar en la carne. Si alguno parece que tiene de qué confiar en la carne, yo más:"
      },
      {
        "book_name": "Filippenzen",
        "book": 50,
        "chapter": 3,
        "verse": 5,
        "text": "Circuncidado al octavo día, del linaje de Israel, de la tribu de Benjamín, Hebreo de Hebreos; cuanto á la ley, Fariseo;"
      },
      {
        "book_name": "Filippenzen",
        "book": 50,
        "chapter": 3,
        "verse": 6,
        "text": "Cuanto al celo, perseguidor de la iglesia; cuanto á la justicia que es en la ley, irreprensible."
      },
      {
        "book_name": "Filippenzen",
        "book": 50,
        "chapter": 3,
        "verse": 7,
        "text": "Pero las cosas que para mí eran ganancias, helas reputado pérdidas por amor de Cristo."
      },
      {
        "book_name": "Filippenzen",
        "book": 50,
        "chapter": 3,
        "verse": 8,
        "text": "Y ciertamente, aun reputo todas las cosas pérdida por el eminente conocimiento de Cristo Jesús, mi Señor, por amor del cual lo he perdido todo, y téngolo por estiércol, para ganar á Cristo,"
      },
      {
        "book_name": "Filippenzen",
        "book": 50,
        "chapter": 3,
        "verse": 9,
        "text": "Y ser hallado en él, no teniendo mi justicia, que es por la ley, sino la que es por la fe de Cristo, la justicia que es de Dios por la fe;"
      },
      {
        "book_name": "Filippenzen",
        "book": 50,
        "chapter": 3,
        "verse": 10,
        "text": "A fin de conocerle, y la virtud de su resurrección, y la participación de sus padecimientos, en conformidad á su muerte,"
      },
      {
        "book_name": "Filippenzen",
        "book": 50,
        "chapter": 3,
        "verse": 11,
        "text": "Si en alguna manera llegase á la resurrección de los muertos."
      },
      {
        "book_name": "Filippenzen",
        "book": 50,
        "chapter": 3,
        "verse": 12,
        "text": "No que ya haya alcanzado, ni que ya sea perfecto; sino que prosigo, por ver si alcanzo aquello para lo cual fuí también alcanzado de Cristo Jesús."
      },
      {
        "book_name": "Filippenzen",
        "book": 50,
        "chapter": 3,
        "verse": 13,
        "text": "Hermanos, yo mismo no hago cuenta de haber lo ya alcanzado; pero una cosa hago: olvidando ciertamente lo que queda atrás, y extendiéndome á lo que está delante,"
      },
      {
        "book_name": "Filippenzen",
        "book": 50,
        "chapter": 3,
        "verse": 14,
        "text": "Prosigo al blanco, al premio de la soberana vocación de Dios en Cristo Jesús."
      },
      {
        "book_name": "Filippenzen",
        "book": 50,
        "chapter": 3,
        "verse": 15,
        "text": "Así que, todos los que somos perfectos, esto mismo sintamos: y si otra cosa sentís, esto también os revelará Dios."
      },
      {
        "book_name": "Filippenzen",
        "book": 50,
        "chapter": 3,
        "verse": 16,
        "text": "Empero en aquello á que hemos llegado, vamos por la misma regla, sintamos una misma cosa."
      },
      {
        "book_name": "Filippenzen",
        "book": 50,
        "chapter": 3,
        "verse": 17,
        "text": "Hermanos, sed imitadores de mí, y mirad los que así anduvieren como nos tenéis por ejemplo."
      },
      {
        "book_name": "Filippenzen",
        "book": 50,
        "chapter": 3,
        "verse": 18,
        "text": "Porque muchos andan, de los cuales os dije muchas veces, y aun ahora lo digo llorando, que son enemigos de la cruz de Cristo:"
      },
      {
        "book_name": "Filippenzen",
        "book": 50,
        "chapter": 3,
        "verse": 19,
        "text": "Cuyo fin será perdición, cuyo dios es el vientre, y su gloria es en confusión; que sienten lo terreno."
      },
      {
        "book_name": "Filippenzen",
        "book": 50,
        "chapter": 3,
        "verse": 20,
        "text": "Mas nuestra vivienda es en los cielos; de donde también esperamos al Salvador, al Señor Jesucristo;"
      },
      {
        "book_name": "Filippenzen",
        "book": 50,
        "chapter": 3,
        "verse": 21,
        "text": "El cual transformará el cuerpo de nuestra bajeza, para ser semejante al cuerpo de su gloria, por la operación con la cual puede también sujetar á sí todas las cosas."
      }
    ],
    "4": [
      {
        "book_name": "Filippenzen",
        "book": 50,
        "chapter": 4,
        "verse": 1,
        "text": "1ASI que, hermanos míos amados y deseados, gozo y corona mía, estad así firmes en el Señor, amados. 2A Euodias ruego, y á Syntychê exhorto, que sientan lo mismo en el Señor. 3Asimismo te ruego también á ti, hermano compañero, ayuda á las que trabajaron juntamente conmigo en el evangelio, con Clemente también, y los demás mis colaboradores, cuyos nombres están en el libro de la vida. 4Gozaos en el Señor siempre: otra vez digo: Que os gocéis. 5Vuestra modestia sea conocida de todos los hombres. El Señor está cerca. 6Por nada estéis afanosos; sino sean notorias vuestras peticiones delante de Dios en toda oración y ruego, con hacimiento de gracias. 7Y la paz de Dios, que sobrepuja todo entendimiento, guardará vuestros corazones y vuestros entendimientos en Cristo Jesús. 8Por lo demás, hermanos, todo lo que es verdadero, todo lo honesto, todo lo justo, todo lo puro, todo lo amable, todo lo que es de buen nombre; si hay virtud alguna, si alguna alabanza, en esto pensad. 9Lo que aprendisteis y recibisteis y oísteis y visteis en mí, esto haced; y el Dios de paz será con vosotros. 10Mas en gran manera me gocé en el Señor de que ya al fin ha reflorecido vuestro cuidado de mí; de lo cual aun estabais solícitos, pero os faltaba la oportunidad.  11No lo digo en razón de indigencia, pues he aprendido á contentarme con lo que tengo.  12Sé estar humillado, y sé tener abundancia: en todo y por todo estoy enseñado, así para hartura como para hambre, así para tener abundancia como para padecer necesidad.  13Todo lo puedo en Cristo que me fortalece.  14Sin embargo, bien hicisteis que comunicasteis juntamente á mi tribulación.  15Y sabéis también vosotros, oh Filipenses, que al principio del evangelio, cuando partí de Macedonia, ninguna iglesia me comunicó en razón de dar y recibir, sino vosotros solos.  16Porque aun á Tesalónica me enviasteis lo necesario una y dos veces.  17No porque busque dádivas; mas busco fruto que abunde en vuestra cuenta.  18Empero todo lo he recibido, y tengo abundancia: estoy lleno, habiendo recibido de Epafrodito lo que enviasteis, olor de suavidad, sacrificio acepto, agradable á Dios.  19Mi Dios, pues, suplirá todo lo que os falta conforme á sus riquezas en gloria en Cristo Jesús.  20Al Dios pues y Padre nuestro sea gloria por los siglos de los siglos. Amén.  21Saludad á todos los santos en Cristo Jesús. Los hermanos que están conmigo os saludan.  22Todos los santos os saludan, y mayormente los que son de casa de César.  23La gracia de nuestro Señor Jesucristo sea con todos vosotros. Amén."
      },
      {
        "book_name": "Filippenzen",
        "book": 50,
        "chapter": 4,
        "verse": 1,
        "text": "ASI que, hermanos míos amados y deseados, gozo y corona mía, estad así firmes en el Señor, amados."
      },
      {
        "book_name": "Filippenzen",
        "book": 50,
        "chapter": 4,
        "verse": 2,
        "text": "A Euodias ruego, y á Syntychê exhorto, que sientan lo mismo en el Señor."
      },
      {
        "book_name": "Filippenzen",
        "book": 50,
        "chapter": 4,
        "verse": 3,
        "text": "Asimismo te ruego también á ti, hermano compañero, ayuda á las que trabajaron juntamente conmigo en el evangelio, con Clemente también, y los demás mis colaboradores, cuyos nombres están en el libro de la vida."
      },
      {
        "book_name": "Filippenzen",
        "book": 50,
        "chapter": 4,
        "verse": 4,
        "text": "Gozaos en el Señor siempre: otra vez digo: Que os gocéis."
      },
      {
        "book_name": "Filippenzen",
        "book": 50,
        "chapter": 4,
        "verse": 5,
        "text": "Vuestra modestia sea conocida de todos los hombres. El Señor está cerca."
      },
      {
        "book_name": "Filippenzen",
        "book": 50,
        "chapter": 4,
        "verse": 6,
        "text": "Por nada estéis afanosos; sino sean notorias vuestras peticiones delante de Dios en toda oración y ruego, con hacimiento de gracias."
      },
      {
        "book_name": "Filippenzen",
        "book": 50,
        "chapter": 4,
        "verse": 7,
        "text": "Y la paz de Dios, que sobrepuja todo entendimiento, guardará vuestros corazones y vuestros entendimientos en Cristo Jesús."
      },
      {
        "book_name": "Filippenzen",
        "book": 50,
        "chapter": 4,
        "verse": 8,
        "text": "Por lo demás, hermanos, todo lo que es verdadero, todo lo honesto, todo lo justo, todo lo puro, todo lo amable, todo lo que es de buen nombre; si hay virtud alguna, si alguna alabanza, en esto pensad."
      },
      {
        "book_name": "Filippenzen",
        "book": 50,
        "chapter": 4,
        "verse": 9,
        "text": "Lo que aprendisteis y recibisteis y oísteis y visteis en mí, esto haced; y el Dios de paz será con vosotros."
      },
      {
        "book_name": "Filippenzen",
        "book": 50,
        "chapter": 4,
        "verse": 10,
        "text": "Mas en gran manera me gocé en el Señor de que ya al fin ha reflorecido vuestro cuidado de mí; de lo cual aun estabais solícitos, pero os faltaba la oportunidad."
      },
      {
        "book_name": "Filippenzen",
        "book": 50,
        "chapter": 4,
        "verse": 11,
        "text": "No lo digo en razón de indigencia, pues he aprendido á contentarme con lo que tengo."
      },
      {
        "book_name": "Filippenzen",
        "book": 50,
        "chapter": 4,
        "verse": 12,
        "text": "Sé estar humillado, y sé tener abundancia: en todo y por todo estoy enseñado, así para hartura como para hambre, así para tener abundancia como para padecer necesidad."
      },
      {
        "book_name": "Filippenzen",
        "book": 50,
        "chapter": 4,
        "verse": 13,
        "text": "Todo lo puedo en Cristo que me fortalece."
      },
      {
        "book_name": "Filippenzen",
        "book": 50,
        "chapter": 4,
        "verse": 14,
        "text": "Sin embargo, bien hicisteis que comunicasteis juntamente á mi tribulación."
      },
      {
        "book_name": "Filippenzen",
        "book": 50,
        "chapter": 4,
        "verse": 15,
        "text": "Y sabéis también vosotros, oh Filipenses, que al principio del evangelio, cuando partí de Macedonia, ninguna iglesia me comunicó en razón de dar y recibir, sino vosotros solos."
      },
      {
        "book_name": "Filippenzen",
        "book": 50,
        "chapter": 4,
        "verse": 16,
        "text": "Porque aun á Tesalónica me enviasteis lo necesario una y dos veces."
      },
      {
        "book_name": "Filippenzen",
        "book": 50,
        "chapter": 4,
        "verse": 17,
        "text": "No porque busque dádivas; mas busco fruto que abunde en vuestra cuenta."
      },
      {
        "book_name": "Filippenzen",
        "book": 50,
        "chapter": 4,
        "verse": 18,
        "text": "Empero todo lo he recibido, y tengo abundancia: estoy lleno, habiendo recibido de Epafrodito lo que enviasteis, olor de suavidad, sacrificio acepto, agradable á Dios."
      },
      {
        "book_name": "Filippenzen",
        "book": 50,
        "chapter": 4,
        "verse": 19,
        "text": "Mi Dios, pues, suplirá todo lo que os falta conforme á sus riquezas en gloria en Cristo Jesús."
      },
      {
        "book_name": "Filippenzen",
        "book": 50,
        "chapter": 4,
        "verse": 20,
        "text": "Al Dios pues y Padre nuestro sea gloria por los siglos de los siglos. Amén."
      },
      {
        "book_name": "Filippenzen",
        "book": 50,
        "chapter": 4,
        "verse": 21,
        "text": "Saludad á todos los santos en Cristo Jesús. Los hermanos que están conmigo os saludan."
      },
      {
        "book_name": "Filippenzen",
        "book": 50,
        "chapter": 4,
        "verse": 22,
        "text": "Todos los santos os saludan, y mayormente los que son de casa de César."
      },
      {
        "book_name": "Filippenzen",
        "book": 50,
        "chapter": 4,
        "verse": 23,
        "text": "La gracia de nuestro Señor Jesucristo sea con todos vosotros. Amén."
      }
    ]
  }
}