{
  "source": "bible.com",
  "version": "Reina Valera (1602)",
  "book": "Ruth",
  "chapters": {
    "1": [
      {
        "book_name": "Ruth",
        "book": 8,
        "chapter": 1,
        "verse": 1,
        "text": "1Y ACONTECIO en los días que gobernaban los jueces, que hubo hambre en la tierra. Y un varón de Beth-lehem de Judá, fué á peregrinar en los campos de Moab, él y su mujer, y dos hijos suyos. 2El nombre de aquel varón era Elimelech, y el de su mujer Noemi; y los nombres de sus dos hijos eran, Mahalón y Chelión, Ephrateos de Beth-lehem de Judá. Llegaron pues á los campos de Moab, y asentaron allí. 3Y murió Elimelech, marido de Noemi, y quedó ella con sus dos hijos; 4Los cuales tomaron para sí mujeres de Moab, el nombre de la una Orpha, y el nombre de la otra Ruth; y habitaron allí unos diez años. 5Y murieron también los dos, Mahalón y Chelión, quedando así la mujer desamparada de sus dos hijos y de su marido. 6Entonces se levantó con sus nueras, y volvióse de los campos de Moab: porque oyó en el campo de Moab que Jehová había visitado á su pueblo para darles pan.  7Salió pues del lugar donde había estado, y con ella sus dos nueras, y comenzaron á caminar para volverse á la tierra de Judá.  8Y Noemi dijo á sus dos nueras: Andad, volveos cada una á la casa de su madre: Jehová haga con vosotras misericordia, como la habéis hecho con los muertos y conmigo.  9Déos Jehová que halléis descanso, cada una en casa de su marido: besólas luego, y ellas lloraron á voz en grito.  10Y dijéronle: Ciertamente nosotras volveremos contigo á tu pueblo.  11Y Noemi respondió: Volveos, hijas mías: ¿para qué habéis de ir conmigo? ¿tengo yo más hijos en el vientre, que puedan ser vuestros maridos?  12Volveos, hijas mías, é idos; que yo ya soy vieja para ser para varón. Y aunque dijese: Esperanza tengo; y esta noche fuese con varón, y aun pariese hijos;  13¿Habíais vosotras de esperarlos hasta que fuesen grandes? ¿habías vosotras de quedaros sin casar por amor de ellos? No, hijas mías; que mayor amargura tengo yo que vosotras, pues la mano de Jehová ha salido contra mí.  14Mas ellas alzando otra vez su voz, lloraron: y Orpha besó á su suegra, mas Ruth se quedó con ella.  15Y Noemi dijo: He aquí tu cuñada se ha vuelto á su pueblo y á sus dioses; vuélvete tú tras ella.  16Y Ruth respondió: No me ruegues que te deje, y que me aparte de ti: porque donde quiera que tú fueres, iré yo; y donde quiera que vivieres, viviré. Tu pueblo será mi pueblo, y tu Dios mi Dios.  17Donde tú murieres, moriré yo, y allí seré sepultada: así me haga Jehová, y así me dé, que sólo la muerte hará separación entre mí y ti.  18Y viendo Noemi que estaba tan resuelta á ir con ella, dejó de hablarle.  19Anduvieron pues ellas dos hasta que llegaron á Beth-lehem: y aconteció que entrando en Beth-lehem, toda la ciudad se conmovió por razón de ellas, y decían: ¿No es ésta Noemi?  20Y ella les respondiá: No me llaméis Noemi, sino llamadme Mara: porque en grande amargura me ha puesto el Todopoderoso.  21Yo me fuí llena, mas vacía me ha vuelto Jehová. ¿Por qué me llamaréis Noemi, ya que Jehová ha dado testimonio contra mí, y el Todopoderoso me ha afligido?  22Así volvió Noemi y Ruth Moabita su nuera con ella; volvió de los campos de Moab, y llegaron á Beth-lehem en el principio de la siega de las cebadas."
      },
      {
        "book_name": "Ruth",
        "book": 8,
        "chapter": 1,
        "verse": 1,
        "text": "Y ACONTECIO en los días que gobernaban los jueces, que hubo hambre en la tierra. Y un varón de Beth-lehem de Judá, fué á peregrinar en los campos de Moab, él y su mujer, y dos hijos suyos."
      },
      {
        "book_name": "Ruth",
        "book": 8,
        "chapter": 1,
        "verse": 2,
        "text": "El nombre de aquel varón era Elimelech, y el de su mujer Noemi; y los nombres de sus dos hijos eran, Mahalón y Chelión, Ephrateos de Beth-lehem de Judá. Llegaron pues á los campos de Moab, y asentaron allí."
      },
      {
        "book_name": "Ruth",
        "book": 8,
        "chapter": 1,
        "verse": 3,
        "text": "Y murió Elimelech, marido de Noemi, y quedó ella con sus dos hijos;"
      },
      {
        "book_name": "Ruth",
        "book": 8,
        "chapter": 1,
        "verse": 4,
        "text": "Los cuales tomaron para sí mujeres de Moab, el nombre de la una Orpha, y el nombre de la otra Ruth; y habitaron allí unos diez años."
      },
      {
        "book_name": "Ruth",
        "book": 8,
        "chapter": 1,
        "verse": 5,
        "text": "Y murieron también los dos, Mahalón y Chelión, quedando así la mujer desamparada de sus dos hijos y de su marido."
      },
      {
        "book_name": "Ruth",
        "book": 8,
        "chapter": 1,
        "verse": 6,
        "text": "Entonces se levantó con sus nueras, y volvióse de los campos de Moab: porque oyó en el campo de Moab que Jehová había visitado á su pueblo para darles pan."
      },
      {
        "book_name": "Ruth",
        "book": 8,
        "chapter": 1,
        "verse": 7,
        "text": "Salió pues del lugar donde había estado, y con ella sus dos nueras, y comenzaron á caminar para volverse á la tierra de Judá."
      },
      {
        "book_name": "Ruth",
        "book": 8,
        "chapter": 1,
        "verse": 8,
        "text": "Y Noemi dijo á sus dos nueras: Andad, volveos cada una á la casa de su madre: Jehová haga con vosotras misericordia, como la habéis hecho con los muertos y conmigo."
      },
      {
        "book_name": "Ruth",
        "book": 8,
        "chapter": 1,
        "verse": 9,
        "text": "Déos Jehová que halléis descanso, cada una en casa de su marido: besólas luego, y ellas lloraron á voz en grito."
      },
      {
        "book_name": "Ruth",
        "book": 8,
        "chapter": 1,
        "verse": 10,
        "text": "Y dijéronle: Ciertamente nosotras volveremos contigo á tu pueblo."
      },
      {
        "book_name": "Ruth",
        "book": 8,
        "chapter": 1,
        "verse": 11,
        "text": "Y Noemi respondió: Volveos, hijas mías: ¿para qué habéis de ir conmigo? ¿tengo yo más hijos en el vientre, que puedan ser vuestros maridos?"
      },
      {
        "book_name": "Ruth",
        "book": 8,
        "chapter": 1,
        "verse": 12,
        "text": "Volveos, hijas mías, é idos; que yo ya soy vieja para ser para varón. Y aunque dijese: Esperanza tengo; y esta noche fuese con varón, y aun pariese hijos;"
      },
      {
        "book_name": "Ruth",
        "book": 8,
        "chapter": 1,
        "verse": 13,
        "text": "¿Habíais vosotras de esperarlos hasta que fuesen grandes? ¿habías vosotras de quedaros sin casar por amor de ellos? No, hijas mías; que mayor amargura tengo yo que vosotras, pues la mano de Jehová ha salido contra mí."
      },
      {
        "book_name": "Ruth",
        "book": 8,
        "chapter": 1,
        "verse": 14,
        "text": "Mas ellas alzando otra vez su voz, lloraron: y Orpha besó á su suegra, mas Ruth se quedó con ella."
      },
      {
        "book_name": "Ruth",
        "book": 8,
        "chapter": 1,
        "verse": 15,
        "text": "Y Noemi dijo: He aquí tu cuñada se ha vuelto á su pueblo y á sus dioses; vuélvete tú tras ella."
      },
      {
        "book_name": "Ruth",
        "book": 8,
        "chapter": 1,
        "verse": 16,
        "text": "Y Ruth respondió: No me ruegues que te deje, y que me aparte de ti: porque donde quiera que tú fueres, iré yo; y donde quiera que vivieres, viviré. Tu pueblo será mi pueblo, y tu Dios mi Dios."
      },
      {
        "book_name": "Ruth",
        "book": 8,
        "chapter": 1,
        "verse": 17,
        "text": "Donde tú murieres, moriré yo, y allí seré sepultada: así me haga Jehová, y así me dé, que sólo la muerte hará separación entre mí y ti."
      },
      {
        "book_name": "Ruth",
        "book": 8,
        "chapter": 1,
        "verse": 18,
        "text": "Y viendo Noemi que estaba tan resuelta á ir con ella, dejó de hablarle."
      },
      {
        "book_name": "Ruth",
        "book": 8,
        "chapter": 1,
        "verse": 19,
        "text": "Anduvieron pues ellas dos hasta que llegaron á Beth-lehem: y aconteció que entrando en Beth-lehem, toda la ciudad se conmovió por razón de ellas, y decían: ¿No es ésta Noemi?"
      },
      {
        "book_name": "Ruth",
        "book": 8,
        "chapter": 1,
        "verse": 20,
        "text": "Y ella les respondiá: No me llaméis Noemi, sino llamadme Mara: porque en grande amargura me ha puesto el Todopoderoso."
      },
      {
        "book_name": "Ruth",
        "book": 8,
        "chapter": 1,
        "verse": 21,
        "text": "Yo me fuí llena, mas vacía me ha vuelto Jehová. ¿Por qué me llamaréis Noemi, ya que Jehová ha dado testimonio contra mí, y el Todopoderoso me ha afligido?"
      },
      {
        "book_name": "Ruth",
        "book": 8,
        "chapter": 1,
        "verse": 22,
        "text": "Así volvió Noemi y Ruth Moabita su nuera con ella; volvió de los campos de Moab, y llegaron á Beth-lehem en el principio de la siega de las cebadas."
      }
    ],
    "2": [
      {
        "book_name": "Ruth",
        "book": 8,
        "chapter": 2,
        "verse": 1,
        "text": "1Y TENIA Noemi un pariente de su marido, varón poderoso y de hecho, de la familia de Elimelech, el cual se llamaba Booz. 2Y Ruth la Moabita dijo á Noemi: Ruégote que me dejes ir al campo, y cogeré espigas en pos de aquel á cuyos ojos hallare gracia. Y ella le respondió: Ve, hija mía. 3Fué pues, y llegando, espigó en el campo en pos de los segadores: y aconteció por ventura, que la suerte del campo era de Booz, el cual era de la parentela de Elimelech. 4Y he aquí que Booz vino de Beth-lehem, y dijo á los segadores: Jehová sea con vosotros. Y ellos respondieron: Jehová te bendiga.  5Y Booz dijo á su criado el sobrestante de los segadores: ¿Cúya es esta moza?  6Y el criado, sobrestante de los segadores, respondió y dijo: Es la moza de Moab, que volvió con Noemi de los campos de Moab;  7Y ha dicho: Ruégote que me dejes coger y juntar tras los segadores entre las gavillas: entró pues, y está desde por la mañana hasta ahora, menos un poco que se detuvo en casa.  8Entonces Booz dijo á Ruth: Oye, hija mía, no vayas á espigar á otro campo, ni pases de aquí: y aquí estarás con mis mozas.  9Mira bien el campo que segaren, y síguelas: porque yo he mandado á los mozos que no te toquen. Y si tuvieres sed, ve á los vasos, y bebe del agua que sacaren los mozos.  10Ella entonces bajando su rostro inclinóse á tierra, y díjole: ¿Por qué he hallado gracia en tus ojos para que tú me reconozcas, siendo yo extranjera?  11Y respondiendo Booz, díjole: Por cierto se me ha declarado todo lo que has hecho con tu suegra después de la muerte de tu marido, y que dejando á tu padre y á tu madre y la tierra donde naciste, has venido á pueblo que no conociste antes.  12Jehová galardone tu obra, y tu remuneración sea llena por Jehová Dios de Israel, que has venido para cubrirte debajo de sus alas.  13Y ella dijo: Señor mío, halle yo gracia delante de tus ojos; porque me has consolado, y porque has hablado al corazón de tu sierva, no siendo yo como una de tus criadas.  14Y Booz le dijo á la hora de comer: Allégate aquí, y come del pan, y moja tu bocado en el vinagre. Y sentóse ella junto á los segadores, y él le dió del potaje, y comió hasta que se hartó y le sobró.  15Levantóse luego para espigar. Y Booz mandó á sus criados, diciendo: Coja también espigas entre las gavillas, y no la avergoncéis;  16Antes echaréis á sabiendas de los manojos, y la dejaréis que coja, y no la reprendáis.  17Y espigó en el campo hasta la tarde, y desgranó lo que había cogido, y fué como un epha de cebada.  18Y tomólo, y vínose á la ciudad; y su suegra vió lo que había cogido. Sacó también luego lo que le había sobrado después de harta, y dióselo.  19Y díjole su suegra: ¿Dónde has espigado hoy? ¿y dónde has trabajado? bendito sea el que te ha reconocido. Y ella declaró á su suegra lo que le había acontecido con aquél, y dijo: El nombre del varón con quien hoy he trabajado es Booz.  20Y dijo Noemi á su nuera: Sea él bendito de Jehová, pues que no ha rehusado á los vivos la benevolencia que tuvo para con los finados. Díjole después Noemi: Nuestro pariente es aquel varón, y de nuestros redentores es.  21Y Ruth Moabita dijo: á más de esto me ha dicho: Júntate con mis criados, hasta que hayan acabado toda mi siega.  22Y Noemi respondió á Ruth su nuera: Mejor es, hija mía, que salgas con sus criadas, que no que te encuentren en otro campo.  23Estuvo pues junta con las mozas de Booz espigando, hasta que la siega de las cebadas y la de los trigos fué acabada; mas con su suegra habitó."
      },
      {
        "book_name": "Ruth",
        "book": 8,
        "chapter": 2,
        "verse": 1,
        "text": "Y TENIA Noemi un pariente de su marido, varón poderoso y de hecho, de la familia de Elimelech, el cual se llamaba Booz."
      },
      {
        "book_name": "Ruth",
        "book": 8,
        "chapter": 2,
        "verse": 2,
        "text": "Y Ruth la Moabita dijo á Noemi: Ruégote que me dejes ir al campo, y cogeré espigas en pos de aquel á cuyos ojos hallare gracia. Y ella le respondió: Ve, hija mía."
      },
      {
        "book_name": "Ruth",
        "book": 8,
        "chapter": 2,
        "verse": 3,
        "text": "Fué pues, y llegando, espigó en el campo en pos de los segadores: y aconteció por ventura, que la suerte del campo era de Booz, el cual era de la parentela de Elimelech."
      },
      {
        "book_name": "Ruth",
        "book": 8,
        "chapter": 2,
        "verse": 4,
        "text": "Y he aquí que Booz vino de Beth-lehem, y dijo á los segadores: Jehová sea con vosotros. Y ellos respondieron: Jehová te bendiga."
      },
      {
        "book_name": "Ruth",
        "book": 8,
        "chapter": 2,
        "verse": 5,
        "text": "Y Booz dijo á su criado el sobrestante de los segadores: ¿Cúya es esta moza?"
      },
      {
        "book_name": "Ruth",
        "book": 8,
        "chapter": 2,
        "verse": 6,
        "text": "Y el criado, sobrestante de los segadores, respondió y dijo: Es la moza de Moab, que volvió con Noemi de los campos de Moab;"
      },
      {
        "book_name": "Ruth",
        "book": 8,
        "chapter": 2,
        "verse": 7,
        "text": "Y ha dicho: Ruégote que me dejes coger y juntar tras los segadores entre las gavillas: entró pues, y está desde por la mañana hasta ahora, menos un poco que se detuvo en casa."
      },
      {
        "book_name": "Ruth",
        "book": 8,
        "chapter": 2,
        "verse": 8,
        "text": "Entonces Booz dijo á Ruth: Oye, hija mía, no vayas á espigar á otro campo, ni pases de aquí: y aquí estarás con mis mozas."
      },
      {
        "book_name": "Ruth",
        "book": 8,
        "chapter": 2,
        "verse": 9,
        "text": "Mira bien el campo que segaren, y síguelas: porque yo he mandado á los mozos que no te toquen. Y si tuvieres sed, ve á los vasos, y bebe del agua que sacaren los mozos."
      },
      {
        "book_name": "Ruth",
        "book": 8,
        "chapter": 2,
        "verse": 10,
        "text": "Ella entonces bajando su rostro inclinóse á tierra, y díjole: ¿Por qué he hallado gracia en tus ojos para que tú me reconozcas, siendo yo extranjera?"
      },
      {
        "book_name": "Ruth",
        "book": 8,
        "chapter": 2,
        "verse": 11,
        "text": "Y respondiendo Booz, díjole: Por cierto se me ha declarado todo lo que has hecho con tu suegra después de la muerte de tu marido, y que dejando á tu padre y á tu madre y la tierra donde naciste, has venido á pueblo que no conociste antes."
      },
      {
        "book_name": "Ruth",
        "book": 8,
        "chapter": 2,
        "verse": 12,
        "text": "Jehová galardone tu obra, y tu remuneración sea llena por Jehová Dios de Israel, que has venido para cubrirte debajo de sus alas."
      },
      {
        "book_name": "Ruth",
        "book": 8,
        "chapter": 2,
        "verse": 13,
        "text": "Y ella dijo: Señor mío, halle yo gracia delante de tus ojos; porque me has consolado, y porque has hablado al corazón de tu sierva, no siendo yo como una de tus criadas."
      },
      {
        "book_name": "Ruth",
        "book": 8,
        "chapter": 2,
        "verse": 14,
        "text": "Y Booz le dijo á la hora de comer: Allégate aquí, y come del pan, y moja tu bocado en el vinagre. Y sentóse ella junto á los segadores, y él le dió del potaje, y comió hasta que se hartó y le sobró."
      },
      {
        "book_name": "Ruth",
        "book": 8,
        "chapter": 2,
        "verse": 15,
        "text": "Levantóse luego para espigar. Y Booz mandó á sus criados, diciendo: Coja también espigas entre las gavillas, y no la avergoncéis;"
      },
      {
        "book_name": "Ruth",
        "book": 8,
        "chapter": 2,
        "verse": 16,
        "text": "Antes echaréis á sabiendas de los manojos, y la dejaréis que coja, y no la reprendáis."
      },
      {
        "book_name": "Ruth",
        "book": 8,
        "chapter": 2,
        "verse": 17,
        "text": "Y espigó en el campo hasta la tarde, y desgranó lo que había cogido, y fué como un epha de cebada."
      },
      {
        "book_name": "Ruth",
        "book": 8,
        "chapter": 2,
        "verse": 18,
        "text": "Y tomólo, y vínose á la ciudad; y su suegra vió lo que había cogido. Sacó también luego lo que le había sobrado después de harta, y dióselo."
      },
      {
        "book_name": "Ruth",
        "book": 8,
        "chapter": 2,
        "verse": 19,
        "text": "Y díjole su suegra: ¿Dónde has espigado hoy? ¿y dónde has trabajado? bendito sea el que te ha reconocido. Y ella declaró á su suegra lo que le había acontecido con aquél, y dijo: El nombre del varón con quien hoy he trabajado es Booz."
      },
      {
        "book_name": "Ruth",
        "book": 8,
        "chapter": 2,
        "verse": 20,
        "text": "Y dijo Noemi á su nuera: Sea él bendito de Jehová, pues que no ha rehusado á los vivos la benevolencia que tuvo para con los finados. Díjole después Noemi: Nuestro pariente es aquel varón, y de nuestros redentores es."
      },
      {
        "book_name": "Ruth",
        "book": 8,
        "chapter": 2,
        "verse": 21,
        "text": "Y Ruth Moabita dijo: á más de esto me ha dicho: Júntate con mis criados, hasta que hayan acabado toda mi siega."
      },
      {
        "book_name": "Ruth",
        "book": 8,
        "chapter": 2,
        "verse": 22,
        "text": "Y Noemi respondió á Ruth su nuera: Mejor es, hija mía, que salgas con sus criadas, que no que te encuentren en otro campo."
      },
      {
        "book_name": "Ruth",
        "book": 8,
        "chapter": 2,
        "verse": 23,
        "text": "Estuvo pues junta con las mozas de Booz espigando, hasta que la siega de las cebadas y la de los trigos fué acabada; mas con su suegra habitó."
      }
    ],
    "3": [
      {
        "book_name": "Ruth",
        "book": 8,
        "chapter": 3,
        "verse": 1,
        "text": "1Y DIJOLE su suegra Noemi: Hija mía, ¿no te tengo de buscar descanso, que te sea bueno? 2¿No es Booz nuestro pariente, con cuyas mozas tú has estado? He aquí que él avienta esta noche la parva de las cebadas. 3Te lavarás pues, y te ungirás, y vistiéndote tus vestidos, pasarás á la era; mas no te darás á conocer al varón hasta que él haya acabado de comer y de beber. 4Y cuando él se acostare, repara tú el lugar donde él se acostará, é irás, y descubrirás los pies, y te acostarás allí; y él te dirá lo que hayas de hacer. 5Y le respondió: Haré todo lo que tú me mandares. 6Descendió pues á la era, é hizo todo lo que su suegra le había mandado.  7Y como Booz hubo comido y bebido, y su corazón estuvo contento, retiróse á dormir á un lado del montón. Entonces ella vino calladamente, y descubrió los pies, y acostóse.  8Y aconteció, que á la media noche se estremeció aquel hombre, y palpó: y he aquí, la mujer que estaba acostada á sus pies.  9Entonces él dijo: ¿Quién eres? Y ella respondió: Yo soy Ruth tu sierva: extiende el borde de tu capa sobre tu sierva, por cuanto eres pariente cercano.  10Y él dijo: Bendita seas tú de Jehová, hija mía; que has hecho mejor tu postrera gracia que la primera, no yendo tras los mancebos, sean pobres ó ricos.  11Ahora pues, no temas, hija mía: yo haré contigo lo que tú dijeres, pues que toda la puerta de mi pueblo sabe que eres mujer virtuosa.  12Y ahora, aunque es cierto que yo soy pariente cercano, con todo eso hay pariente más cercano que yo.  13Reposa esta noche, y cuando sea de día, si él te redimiere, bien, redímate; mas si él no te quisiere redimir, yo te redimiré, vive Jehová. Descansa pues hasta la mañana.  14Y después que reposó á sus pies hasta la mañana, levantóse, antes que nadie pudiese conocer á otro. Y él dijo: No se sepa que haya venido mujer á la era.  15Después le dijo: Llega el lienzo que traes sobre ti, y ten de él. Y teniéndolo ella, él midió seis medidas de cebada, y púsoselas á cuestas: y vínose ella á la ciudad.  16Así que vino á su suegra, ésta le dijo: ¿Qué pues, hija mía? Y declaróle ella todo lo que con aquel varón le había acontecido.  17Y dijo: Estas seis medidas de cebada me dió, diciéndome: Porque no vayas vacía á tu suegra.  18Entonces Noemi dijo: Reposa, hija mía, hasta que sepas como cae la cosa: porque aquel hombre no parará hasta que hoy concluya el negocio."
      },
      {
        "book_name": "Ruth",
        "book": 8,
        "chapter": 3,
        "verse": 1,
        "text": "Y DIJOLE su suegra Noemi: Hija mía, ¿no te tengo de buscar descanso, que te sea bueno?"
      },
      {
        "book_name": "Ruth",
        "book": 8,
        "chapter": 3,
        "verse": 2,
        "text": "¿No es Booz nuestro pariente, con cuyas mozas tú has estado? He aquí que él avienta esta noche la parva de las cebadas."
      },
      {
        "book_name": "Ruth",
        "book": 8,
        "chapter": 3,
        "verse": 3,
        "text": "Te lavarás pues, y te ungirás, y vistiéndote tus vestidos, pasarás á la era; mas no te darás á conocer al varón hasta que él haya acabado de comer y de beber."
      },
      {
        "book_name": "Ruth",
        "book": 8,
        "chapter": 3,
        "verse": 4,
        "text": "Y cuando él se acostare, repara tú el lugar donde él se acostará, é irás, y descubrirás los pies, y te acostarás allí; y él te dirá lo que hayas de hacer."
      },
      {
        "book_name": "Ruth",
        "book": 8,
        "chapter": 3,
        "verse": 5,
        "text": "Y le respondió: Haré todo lo que tú me mandares."
      },
      {
        "book_name": "Ruth",
        "book": 8,
        "chapter": 3,
        "verse": 6,
        "text": "Descendió pues á la era, é hizo todo lo que su suegra le había mandado."
      },
      {
        "book_name": "Ruth",
        "book": 8,
        "chapter": 3,
        "verse": 7,
        "text": "Y como Booz hubo comido y bebido, y su corazón estuvo contento, retiróse á dormir á un lado del montón. Entonces ella vino calladamente, y descubrió los pies, y acostóse."
      },
      {
        "book_name": "Ruth",
        "book": 8,
        "chapter": 3,
        "verse": 8,
        "text": "Y aconteció, que á la media noche se estremeció aquel hombre, y palpó: y he aquí, la mujer que estaba acostada á sus pies."
      },
      {
        "book_name": "Ruth",
        "book": 8,
        "chapter": 3,
        "verse": 9,
        "text": "Entonces él dijo: ¿Quién eres? Y ella respondió: Yo soy Ruth tu sierva: extiende el borde de tu capa sobre tu sierva, por cuanto eres pariente cercano."
      },
      {
        "book_name": "Ruth",
        "book": 8,
        "chapter": 3,
        "verse": 10,
        "text": "Y él dijo: Bendita seas tú de Jehová, hija mía; que has hecho mejor tu postrera gracia que la primera, no yendo tras los mancebos, sean pobres ó ricos."
      },
      {
        "book_name": "Ruth",
        "book": 8,
        "chapter": 3,
        "verse": 11,
        "text": "Ahora pues, no temas, hija mía: yo haré contigo lo que tú dijeres, pues que toda la puerta de mi pueblo sabe que eres mujer virtuosa."
      },
      {
        "book_name": "Ruth",
        "book": 8,
        "chapter": 3,
        "verse": 12,
        "text": "Y ahora, aunque es cierto que yo soy pariente cercano, con todo eso hay pariente más cercano que yo."
      },
      {
        "book_name": "Ruth",
        "book": 8,
        "chapter": 3,
        "verse": 13,
        "text": "Reposa esta noche, y cuando sea de día, si él te redimiere, bien, redímate; mas si él no te quisiere redimir, yo te redimiré, vive Jehová. Descansa pues hasta la mañana."
      },
      {
        "book_name": "Ruth",
        "book": 8,
        "chapter": 3,
        "verse": 14,
        "text": "Y después que reposó á sus pies hasta la mañana, levantóse, antes que nadie pudiese conocer á otro. Y él dijo: No se sepa que haya venido mujer á la era."
      },
      {
        "book_name": "Ruth",
        "book": 8,
        "chapter": 3,
        "verse": 15,
        "text": "Después le dijo: Llega el lienzo que traes sobre ti, y ten de él. Y teniéndolo ella, él midió seis medidas de cebada, y púsoselas á cuestas: y vínose ella á la ciudad."
      },
      {
        "book_name": "Ruth",
        "book": 8,
        "chapter": 3,
        "verse": 16,
        "text": "Así que vino á su suegra, ésta le dijo: ¿Qué pues, hija mía? Y declaróle ella todo lo que con aquel varón le había acontecido."
      },
      {
        "book_name": "Ruth",
        "book": 8,
        "chapter": 3,
        "verse": 17,
        "text": "Y dijo: Estas seis medidas de cebada me dió, diciéndome: Porque no vayas vacía á tu suegra."
      },
      {
        "book_name": "Ruth",
        "book": 8,
        "chapter": 3,
        "verse": 18,
        "text": "Entonces Noemi dijo: Reposa, hija mía, hasta que sepas como cae la cosa: porque aquel hombre no parará hasta que hoy concluya el negocio."
      }
    ],
    "4": [
      {
        "book_name": "Ruth",
        "book": 8,
        "chapter": 4,
        "verse": 1,
        "text": "1Y BOOZ subió á la puerta y sentóse allí: y he aquí pasaba aquel pariente del cual había Booz hablado, y díjole: Eh, fulano, ven acá y siéntate. Y él vino, y sentóse. 2Entonces él tomó diez varones de los ancianos de la ciudad, y dijo: Sentaos aquí. Y ellos se sentaron. 3Luego dijo al pariente: Noemi, que ha vuelto del campo de Moab, vende una parte de las tierras que tuvo nuestro hermano Elimelech; 4Y yo decidí hacértelo saber, y decirte que la tomes delante de los que están aquí sentados, y delante de los ancianos de mi pueblo. Si hubieres de redimir, redime; y si no quisieres redimir, decláramelo para que yo lo sepa: porque no hay otro que redima sino tú, y yo después de ti. Y él respondió: Yo redimiré. 5Entonces replicó Booz: El mismo día que tomares las tierras de mano de Noemi, has de tomar también á Ruth Moabita, mujer del difunto, para que suscites el nombre del muerto sobre su posesión. 6Y respondió el pariente: No puedo redimir por mi parte, porque echaría á perder mi heredad: redime tú usando de mi derecho, porque yo no podré redimir. 7Había ya de largo tiempo esta costumbre en Israel en la redención ó contrato, que para la confirmación de cualquier negocio, el uno se quitaba el zapato y lo daba á su compañero: y este era el testimonio en Israel. 8Entonces el pariente dijo á Booz: Tómalo tú. Y descalzó su zapato. 9Y Booz dijo á los ancianos y á todo el pueblo: Vosotros sois hoy testigos de que tomo todas las cosas que fueron de Elimelech, y todo lo que fué de Chelión y de Mahalón, de mano de Noemi.  10Y que también tomo por mi mujer á Ruth Moabita, mujer de Mahalón, para suscitar el nombre del difunto sobre su heredad, para que el nombre del muerto no se borre de entre sus hermanos y de la puerta de su lugar. Vosotros sois hoy testigos.  11Y dijeron todos los del pueblo que estaban á la puerta con los ancianos: Testigos somos. Jehová haga á la mujer que entra en tu casa como á Rachêl y á Lea, las cuales dos edificaron la casa de Israel; y tú seas ilustre en Ephrata, y tengas nombradía en Beth-lehem;  12Y de la simiente que Jehová te diere de aquesta moza, sea tu casa como la casa de Phares, al que parió Thamar á Judá.  13Booz pues tomó á Ruth, y ella fué su mujer; y luego que entró á ella, Jehová le dió que concibiese y pariese un hijo.  14Y las mujeres decían á Noemi: Loado sea Jehová, que hizo que no te faltase hoy pariente, cuyo nombre será nombrado en Israel.  15El cual será restaurador de tu alma, y el que sustentará tu vejez; pues que tu nuera, la cual te ama y te vale más que siete hijos, le ha parido.  16Y tomando Noemi el hijo, púsolo en su regazo, y fuéle su ama.  17Y las vecinas diciendo, á Noemi ha nacido un hijo, le pusieron nombre; y llamáronle Obed. Este es padre de Isaí, padre de David.  18Y estas son las generaciones de Phares: Phares engendró á Hesrón;  19Y Hesrón engendró á Ram, y Ram engendró á Aminadab;  20Y Aminadab engendró á Nahasón, y Nahasón engendró á Salmón;  21Y Salmón engendró á Booz, y Booz engendró á Obed;  22Y Obed engendró á Isaí, é Isaí engendró á David."
      },
      {
        "book_name": "Ruth",
        "book": 8,
        "chapter": 4,
        "verse": 1,
        "text": "Y BOOZ subió á la puerta y sentóse allí: y he aquí pasaba aquel pariente del cual había Booz hablado, y díjole: Eh, fulano, ven acá y siéntate. Y él vino, y sentóse."
      },
      {
        "book_name": "Ruth",
        "book": 8,
        "chapter": 4,
        "verse": 2,
        "text": "Entonces él tomó diez varones de los ancianos de la ciudad, y dijo: Sentaos aquí. Y ellos se sentaron."
      },
      {
        "book_name": "Ruth",
        "book": 8,
        "chapter": 4,
        "verse": 3,
        "text": "Luego dijo al pariente: Noemi, que ha vuelto del campo de Moab, vende una parte de las tierras que tuvo nuestro hermano Elimelech;"
      },
      {
        "book_name": "Ruth",
        "book": 8,
        "chapter": 4,
        "verse": 4,
        "text": "Y yo decidí hacértelo saber, y decirte que la tomes delante de los que están aquí sentados, y delante de los ancianos de mi pueblo. Si hubieres de redimir, redime; y si no quisieres redimir, decláramelo para que yo lo sepa: porque no hay otro que redima sino tú, y yo después de ti. Y él respondió: Yo redimiré."
      },
      {
        "book_name": "Ruth",
        "book": 8,
        "chapter": 4,
        "verse": 5,
        "text": "Entonces replicó Booz: El mismo día que tomares las tierras de mano de Noemi, has de tomar también á Ruth Moabita, mujer del difunto, para que suscites el nombre del muerto sobre su posesión."
      },
      {
        "book_name": "Ruth",
        "book": 8,
        "chapter": 4,
        "verse": 6,
        "text": "Y respondió el pariente: No puedo redimir por mi parte, porque echaría á perder mi heredad: redime tú usando de mi derecho, porque yo no podré redimir."
      },
      {
        "book_name": "Ruth",
        "book": 8,
        "chapter": 4,
        "verse": 7,
        "text": "Había ya de largo tiempo esta costumbre en Israel en la redención ó contrato, que para la confirmación de cualquier negocio, el uno se quitaba el zapato y lo daba á su compañero: y este era el testimonio en Israel."
      },
      {
        "book_name": "Ruth",
        "book": 8,
        "chapter": 4,
        "verse": 8,
        "text": "Entonces el pariente dijo á Booz: Tómalo tú. Y descalzó su zapato."
      },
      {
        "book_name": "Ruth",
        "book": 8,
        "chapter": 4,
        "verse": 9,
        "text": "Y Booz dijo á los ancianos y á todo el pueblo: Vosotros sois hoy testigos de que tomo todas las cosas que fueron de Elimelech, y todo lo que fué de Chelión y de Mahalón, de mano de Noemi."
      },
      {
        "book_name": "Ruth",
        "book": 8,
        "chapter": 4,
        "verse": 10,
        "text": "Y que también tomo por mi mujer á Ruth Moabita, mujer de Mahalón, para suscitar el nombre del difunto sobre su heredad, para que el nombre del muerto no se borre de entre sus hermanos y de la puerta de su lugar. Vosotros sois hoy testigos."
      },
      {
        "book_name": "Ruth",
        "book": 8,
        "chapter": 4,
        "verse": 11,
        "text": "Y dijeron todos los del pueblo que estaban á la puerta con los ancianos: Testigos somos. Jehová haga á la mujer que entra en tu casa como á Rachêl y á Lea, las cuales dos edificaron la casa de Israel; y tú seas ilustre en Ephrata, y tengas nombradía en Beth-lehem;"
      },
      {
        "book_name": "Ruth",
        "book": 8,
        "chapter": 4,
        "verse": 12,
        "text": "Y de la simiente que Jehová te diere de aquesta moza, sea tu casa como la casa de Phares, al que parió Thamar á Judá."
      },
      {
        "book_name": "Ruth",
        "book": 8,
        "chapter": 4,
        "verse": 13,
        "text": "Booz pues tomó á Ruth, y ella fué su mujer; y luego que entró á ella, Jehová le dió que concibiese y pariese un hijo."
      },
      {
        "book_name": "Ruth",
        "book": 8,
        "chapter": 4,
        "verse": 14,
        "text": "Y las mujeres decían á Noemi: Loado sea Jehová, que hizo que no te faltase hoy pariente, cuyo nombre será nombrado en Israel."
      },
      {
        "book_name": "Ruth",
        "book": 8,
        "chapter": 4,
        "verse": 15,
        "text": "El cual será restaurador de tu alma, y el que sustentará tu vejez; pues que tu nuera, la cual te ama y te vale más que siete hijos, le ha parido."
      },
      {
        "book_name": "Ruth",
        "book": 8,
        "chapter": 4,
        "verse": 16,
        "text": "Y tomando Noemi el hijo, púsolo en su regazo, y fuéle su ama."
      },
      {
        "book_name": "Ruth",
        "book": 8,
        "chapter": 4,
        "verse": 17,
        "text": "Y las vecinas diciendo, á Noemi ha nacido un hijo, le pusieron nombre; y llamáronle Obed. Este es padre de Isaí, padre de David."
      },
      {
        "book_name": "Ruth",
        "book": 8,
        "chapter": 4,
        "verse": 18,
        "text": "Y estas son las generaciones de Phares: Phares engendró á Hesrón;"
      },
      {
        "book_name": "Ruth",
        "book": 8,
        "chapter": 4,
        "verse": 19,
        "text": "Y Hesrón engendró á Ram, y Ram engendró á Aminadab;"
      },
      {
        "book_name": "Ruth",
        "book": 8,
        "chapter": 4,
        "verse": 20,
        "text": "Y Aminadab engendró á Nahasón, y Nahasón engendró á Salmón;"
      },
      {
        "book_name": "Ruth",
        "book": 8,
        "chapter": 4,
        "verse": 21,
        "text": "Y Salmón engendró á Booz, y Booz engendró á Obed;"
      },
      {
        "book_name": "Ruth",
        "book": 8,
        "chapter": 4,
        "verse": 22,
        "text": "Y Obed engendró á Isaí, é Isaí engendró á David."
      }
    ]
  }
}