{
  "source": "bible.com",
  "version": "Reina Valera (1602)",
  "book": "Hooglied",
  "chapters": {
    "1": [
      {
        "book_name": "Hooglied",
        "book": 22,
        "chapter": 1,
        "verse": 1,
        "text": "1CANCION de canciones, la cual es de Salomón. 2Oh si él me besara con ósculos de su boca! Porque mejores son tus amores que el vino.  3Por el olor de tus suaves unguüentos, (Ungüento derramado es tu nombre,) Por eso las doncellas te amaron.  4Llévame en pos de ti, correremos. Metióme el rey en sus cámaras: Nos gozaremos y alegraremos en ti; Acordarémonos de tus amores más que del vino: Los rectos te aman.  5Morena soy, oh hijas de Jerusalem, Mas codiciable; Como las cabañas de Cedar, Como las tiendas de Salomón.  6No miréis en que soy morena, Porque el sol me miró. Los hijos de mi madre se airaron contra mí, Hiciéronme guarda de viñas; Y mi viña, que era mía, no guardé.  7Hazme saber, ó tú á quien ama mi alma, Dónde repastas, dónde haces tener majada al medio día: Porque, ¿por qué había yo de estar como vagueando Tras los rebaños de tus compañeros?  8Si tú no lo sabes, oh hermosa entre las mujeres, Sal, yéndote por las huellas del rebaño, Y apacienta tus cabritas junto á las cabañas de los pastores.  9A yegua de los carros de Faraón Te he comparado, amiga mía.  10Hermosas son tus mejillas entre los pendientes, Tu cuello entre los collares.  11Zarcillos de oro te haremos, Con clavos de plata.  12Mientras que el rey estaba en su reclinatorio, Mi nardo dió su olor.  13Mi amado es para mí un manojito de mirra, Que reposa entre mis pechos.  14Racimo de copher en las viñas de Engadi Es para mí mi amado.  15He aquí que tú eres hermosa, amiga mía; He aquí que eres bella: tus ojos de paloma.  16He aquí que tú eres hermoso, amado mío, y suave: Nuestro lecho también florido.  17Las vigas de nuestra casa son de cedro, Y de ciprés los artesonados."
      },
      {
        "book_name": "Hooglied",
        "book": 22,
        "chapter": 1,
        "verse": 1,
        "text": "CANCION de canciones, la cual es de Salomón."
      },
      {
        "book_name": "Hooglied",
        "book": 22,
        "chapter": 1,
        "verse": 2,
        "text": "Oh si él me besara con ósculos de su boca! Porque mejores son tus amores que el vino."
      },
      {
        "book_name": "Hooglied",
        "book": 22,
        "chapter": 1,
        "verse": 3,
        "text": "Por el olor de tus suaves unguüentos, (Ungüento derramado es tu nombre,) Por eso las doncellas te amaron."
      },
      {
        "book_name": "Hooglied",
        "book": 22,
        "chapter": 1,
        "verse": 4,
        "text": "Llévame en pos de ti, correremos. Metióme el rey en sus cámaras: Nos gozaremos y alegraremos en ti; Acordarémonos de tus amores más que del vino: Los rectos te aman."
      },
      {
        "book_name": "Hooglied",
        "book": 22,
        "chapter": 1,
        "verse": 5,
        "text": "Morena soy, oh hijas de Jerusalem, Mas codiciable; Como las cabañas de Cedar, Como las tiendas de Salomón."
      },
      {
        "book_name": "Hooglied",
        "book": 22,
        "chapter": 1,
        "verse": 6,
        "text": "No miréis en que soy morena, Porque el sol me miró. Los hijos de mi madre se airaron contra mí, Hiciéronme guarda de viñas; Y mi viña, que era mía, no guardé."
      },
      {
        "book_name": "Hooglied",
        "book": 22,
        "chapter": 1,
        "verse": 7,
        "text": "Hazme saber, ó tú á quien ama mi alma, Dónde repastas, dónde haces tener majada al medio día: Porque, ¿por qué había yo de estar como vagueando Tras los rebaños de tus compañeros?"
      },
      {
        "book_name": "Hooglied",
        "book": 22,
        "chapter": 1,
        "verse": 8,
        "text": "Si tú no lo sabes, oh hermosa entre las mujeres, Sal, yéndote por las huellas del rebaño, Y apacienta tus cabritas junto á las cabañas de los pastores."
      },
      {
        "book_name": "Hooglied",
        "book": 22,
        "chapter": 1,
        "verse": 9,
        "text": "A yegua de los carros de Faraón Te he comparado, amiga mía."
      },
      {
        "book_name": "Hooglied",
        "book": 22,
        "chapter": 1,
        "verse": 10,
        "text": "Hermosas son tus mejillas entre los pendientes, Tu cuello entre los collares."
      },
      {
        "book_name": "Hooglied",
        "book": 22,
        "chapter": 1,
        "verse": 11,
        "text": "Zarcillos de oro te haremos, Con clavos de plata."
      },
      {
        "book_name": "Hooglied",
        "book": 22,
        "chapter": 1,
        "verse": 12,
        "text": "Mientras que el rey estaba en su reclinatorio, Mi nardo dió su olor."
      },
      {
        "book_name": "Hooglied",
        "book": 22,
        "chapter": 1,
        "verse": 13,
        "text": "Mi amado es para mí un manojito de mirra, Que reposa entre mis pechos."
      },
      {
        "book_name": "Hooglied",
        "book": 22,
        "chapter": 1,
        "verse": 14,
        "text": "Racimo de copher en las viñas de Engadi Es para mí mi amado."
      },
      {
        "book_name": "Hooglied",
        "book": 22,
        "chapter": 1,
        "verse": 15,
        "text": "He aquí que tú eres hermosa, amiga mía; He aquí que eres bella: tus ojos de paloma."
      },
      {
        "book_name": "Hooglied",
        "book": 22,
        "chapter": 1,
        "verse": 16,
        "text": "He aquí que tú eres hermoso, amado mío, y suave: Nuestro lecho también florido."
      },
      {
        "book_name": "Hooglied",
        "book": 22,
        "chapter": 1,
        "verse": 17,
        "text": "Las vigas de nuestra casa son de cedro, Y de ciprés los artesonados."
      }
    ],
    "2": [
      {
        "book_name": "Hooglied",
        "book": 22,
        "chapter": 2,
        "verse": 1,
        "text": "1YO soy la rosa de Sarón, Y el lirio de los valles. 2Como el lirio entre las espinas, Así es mi amiga entre las doncellas. 3Como el manzano entre los árboles silvestres, Así es mi amado entre los mancebos: Bajo la sombra del deseado me senté, Y su fruto fué dulce en mi paladar.  4Llevóme á la cámara del vino, Y su bandera sobre mí fué amor.  5Sustentadme con frascos, corroboradme con manzanas; Porque estoy enferma de amor.  6Su izquierda esté debajo de mi cabeza, Y su derecha me abrace.  7Yo os conjuro, oh doncellas de Jerusalem, Por las gamas y por las ciervas del campo, Que no despertéis ni hagáis velar al amor Hasta que quiera.  8La voz de mi amado! He aquí él viene Saltando sobre los montes, brincando sobre los collados.  9Mi amado es semejante al gamo, ó al cabrito de los ciervos. Helo aquí, está tras nuestra pared, Mirando por las ventanas, Mostrándose por las rejas.  10Mi amado habló, y me dijo: Levántate, oh amiga mía, hermosa mía, y vente.  11Porque he aquí ha pasado el invierno, Hase mudado, la lluvia se fué;  12Hanse mostrado las flores en la tierra, El tiempo de la canción es venido, Y en nuestro país se ha oído la voz de la tórtola;  13La higuera ha echado sus higos, Y las vides en cierne Dieron olor: Levántate, oh amiga mía, hermosa mía, y vente.  14Paloma mía, que estás en los agujeros de la peña, en lo escondido de escarpados parajes, Muéstrame tu rostro, hazme oir tu voz; Porque dulce es la voz tuya, y hermoso tu aspecto.  15Cazadnos las zorra, las zorras pequeñas, que echan á perder las viñas; Pues que nuestras viñas están en cierne.  16Mi amado es mío, y yo suya; El apacienta entre lirios.  17Hasta que apunte el día, y huyan las sombras, Tórnate, amado mío; sé semejante al gamo, ó al cabrito de los ciervos, Sobre los montes de Bether."
      },
      {
        "book_name": "Hooglied",
        "book": 22,
        "chapter": 2,
        "verse": 1,
        "text": "YO soy la rosa de Sarón, Y el lirio de los valles."
      },
      {
        "book_name": "Hooglied",
        "book": 22,
        "chapter": 2,
        "verse": 2,
        "text": "Como el lirio entre las espinas, Así es mi amiga entre las doncellas."
      },
      {
        "book_name": "Hooglied",
        "book": 22,
        "chapter": 2,
        "verse": 3,
        "text": "Como el manzano entre los árboles silvestres, Así es mi amado entre los mancebos: Bajo la sombra del deseado me senté, Y su fruto fué dulce en mi paladar."
      },
      {
        "book_name": "Hooglied",
        "book": 22,
        "chapter": 2,
        "verse": 4,
        "text": "Llevóme á la cámara del vino, Y su bandera sobre mí fué amor."
      },
      {
        "book_name": "Hooglied",
        "book": 22,
        "chapter": 2,
        "verse": 5,
        "text": "Sustentadme con frascos, corroboradme con manzanas; Porque estoy enferma de amor."
      },
      {
        "book_name": "Hooglied",
        "book": 22,
        "chapter": 2,
        "verse": 6,
        "text": "Su izquierda esté debajo de mi cabeza, Y su derecha me abrace."
      },
      {
        "book_name": "Hooglied",
        "book": 22,
        "chapter": 2,
        "verse": 7,
        "text": "Yo os conjuro, oh doncellas de Jerusalem, Por las gamas y por las ciervas del campo, Que no despertéis ni hagáis velar al amor Hasta que quiera."
      },
      {
        "book_name": "Hooglied",
        "book": 22,
        "chapter": 2,
        "verse": 8,
        "text": "La voz de mi amado! He aquí él viene Saltando sobre los montes, brincando sobre los collados."
      },
      {
        "book_name": "Hooglied",
        "book": 22,
        "chapter": 2,
        "verse": 9,
        "text": "Mi amado es semejante al gamo, ó al cabrito de los ciervos. Helo aquí, está tras nuestra pared, Mirando por las ventanas, Mostrándose por las rejas."
      },
      {
        "book_name": "Hooglied",
        "book": 22,
        "chapter": 2,
        "verse": 10,
        "text": "Mi amado habló, y me dijo: Levántate, oh amiga mía, hermosa mía, y vente."
      },
      {
        "book_name": "Hooglied",
        "book": 22,
        "chapter": 2,
        "verse": 11,
        "text": "Porque he aquí ha pasado el invierno, Hase mudado, la lluvia se fué;"
      },
      {
        "book_name": "Hooglied",
        "book": 22,
        "chapter": 2,
        "verse": 12,
        "text": "Hanse mostrado las flores en la tierra, El tiempo de la canción es venido, Y en nuestro país se ha oído la voz de la tórtola;"
      },
      {
        "book_name": "Hooglied",
        "book": 22,
        "chapter": 2,
        "verse": 13,
        "text": "La higuera ha echado sus higos, Y las vides en cierne Dieron olor: Levántate, oh amiga mía, hermosa mía, y vente."
      },
      {
        "book_name": "Hooglied",
        "book": 22,
        "chapter": 2,
        "verse": 14,
        "text": "Paloma mía, que estás en los agujeros de la peña, en lo escondido de escarpados parajes, Muéstrame tu rostro, hazme oir tu voz; Porque dulce es la voz tuya, y hermoso tu aspecto."
      },
      {
        "book_name": "Hooglied",
        "book": 22,
        "chapter": 2,
        "verse": 15,
        "text": "Cazadnos las zorra, las zorras pequeñas, que echan á perder las viñas; Pues que nuestras viñas están en cierne."
      },
      {
        "book_name": "Hooglied",
        "book": 22,
        "chapter": 2,
        "verse": 16,
        "text": "Mi amado es mío, y yo suya; El apacienta entre lirios."
      },
      {
        "book_name": "Hooglied",
        "book": 22,
        "chapter": 2,
        "verse": 17,
        "text": "Hasta que apunte el día, y huyan las sombras, Tórnate, amado mío; sé semejante al gamo, ó al cabrito de los ciervos, Sobre los montes de Bether."
      }
    ],
    "3": [
      {
        "book_name": "Hooglied",
        "book": 22,
        "chapter": 3,
        "verse": 1,
        "text": "1POR las noches busqué en mi lecho al que ama mi alma: Busquélo, y no lo hallé. 2Levantaréme ahora, y rodearé por la ciudad; Por las calles y por las plazas Buscaré al que ama mi alma: Busquélo, y no lo hallé. 3Halláronme los guardas que rondan la ciudad, Y díjeles: ¿Habéis visto al que ama mi alma? 4Pasando de ellos un poco, Hallé luego al que mi alma ama: Trabé de él, y no lo dejé, Hasta que lo metí en casa de mi madre, Y en la cámara de la que me engendró. 5Yo os conjuro, oh doncellas de Jerusalem, Por las gamas y por las ciervas del campo, Que no despertéis ni hagáis velar al amor, Hasta que quiera. 6¿Quién es ésta que sube del desierto como columnita de humo, Sahumada de mirra y de incienso, Y de todos polvos aromáticos?  7He aquí es la litera de Salomón: Sesenta valientes la rodean, De los fuertes de Israel.  8Todos ellos tienen espadas, diestros en la guerra; Cada uno su espada sobre su muslo, Por los temores de la noche.  9El rey Salomón se hizo una carroza De madera del Líbano.  10Sus columnas hizo de plata, Su respaldo de oro, su cielo de grana, Su interior enlosado de amor, Por las doncellas de Jerusalem.  11Salid, oh doncellas de Sión, y ved al rey Salomón Con la corona con que le coronó su madre el día de su desposorio, Y el día del gozo de su corazón."
      },
      {
        "book_name": "Hooglied",
        "book": 22,
        "chapter": 3,
        "verse": 1,
        "text": "POR las noches busqué en mi lecho al que ama mi alma: Busquélo, y no lo hallé."
      },
      {
        "book_name": "Hooglied",
        "book": 22,
        "chapter": 3,
        "verse": 2,
        "text": "Levantaréme ahora, y rodearé por la ciudad; Por las calles y por las plazas Buscaré al que ama mi alma: Busquélo, y no lo hallé."
      },
      {
        "book_name": "Hooglied",
        "book": 22,
        "chapter": 3,
        "verse": 3,
        "text": "Halláronme los guardas que rondan la ciudad, Y díjeles: ¿Habéis visto al que ama mi alma?"
      },
      {
        "book_name": "Hooglied",
        "book": 22,
        "chapter": 3,
        "verse": 4,
        "text": "Pasando de ellos un poco, Hallé luego al que mi alma ama: Trabé de él, y no lo dejé, Hasta que lo metí en casa de mi madre, Y en la cámara de la que me engendró."
      },
      {
        "book_name": "Hooglied",
        "book": 22,
        "chapter": 3,
        "verse": 5,
        "text": "Yo os conjuro, oh doncellas de Jerusalem, Por las gamas y por las ciervas del campo, Que no despertéis ni hagáis velar al amor, Hasta que quiera."
      },
      {
        "book_name": "Hooglied",
        "book": 22,
        "chapter": 3,
        "verse": 6,
        "text": "¿Quién es ésta que sube del desierto como columnita de humo, Sahumada de mirra y de incienso, Y de todos polvos aromáticos?"
      },
      {
        "book_name": "Hooglied",
        "book": 22,
        "chapter": 3,
        "verse": 7,
        "text": "He aquí es la litera de Salomón: Sesenta valientes la rodean, De los fuertes de Israel."
      },
      {
        "book_name": "Hooglied",
        "book": 22,
        "chapter": 3,
        "verse": 8,
        "text": "Todos ellos tienen espadas, diestros en la guerra; Cada uno su espada sobre su muslo, Por los temores de la noche."
      },
      {
        "book_name": "Hooglied",
        "book": 22,
        "chapter": 3,
        "verse": 9,
        "text": "El rey Salomón se hizo una carroza De madera del Líbano."
      },
      {
        "book_name": "Hooglied",
        "book": 22,
        "chapter": 3,
        "verse": 10,
        "text": "Sus columnas hizo de plata, Su respaldo de oro, su cielo de grana, Su interior enlosado de amor, Por las doncellas de Jerusalem."
      },
      {
        "book_name": "Hooglied",
        "book": 22,
        "chapter": 3,
        "verse": 11,
        "text": "Salid, oh doncellas de Sión, y ved al rey Salomón Con la corona con que le coronó su madre el día de su desposorio, Y el día del gozo de su corazón."
      }
    ],
    "4": [
      {
        "book_name": "Hooglied",
        "book": 22,
        "chapter": 4,
        "verse": 1,
        "text": "1HE aquí que tú eres hermosa, amiga mía, he aquí que tú eres hermosa; Tus ojos entre tus guedejas como de paloma; Tus cabellos como manada de cabras, Que se muestran desde el monte de Galaad. 2Tus dientes, como manadas de trasquiladas ovejas, Que suben del lavadero, Todas con crías mellizas, Y ninguna entre ellas estéril. 3Tus labios, como un hilo de grana, Y tu habla hermosa; Tus sienes, como cachos de granada á la parte adentro de tus guedejas. 4Tu cuello, como la torre de David, edificada para muestra; Mil escudos están colgados de ella, Todos escudos de valientes. 5Tus dos pechos, como dos cabritos mellizos de gama, Que son apacentados entre azucenas. 6Hasta que apunte el día y huyan las sombras, Iréme al monte de la mirra, Y al collado del incienso. 7Toda tú eres hermosa, amiga mía Y en ti no hay mancha. 8Conmigo del Líbano, oh esposa, Conmigo ven del Líbano: Mira desde la cumbre de Amana, Desde la cumbre de Senir y de Hermón, Desde las guaridas de los leones, Desde los montes de los tigres.  9Prendiste mi corazón, hermana, esposa mía; Has preso mi corazón con uno de tus ojos, Con una gargantilla de tu cuello.  10Cuán hermosos son tus amores, hermana, esposa mía! ­Cuánto mejores que el vino tus amores, Y el olor de tus ungüentos que todas las especias aromáticas!  11Como panal de miel destilan tus labios, oh esposa; Miel y leche hay debajo de tu lengua; Y el olor de tus vestidos como el olor del Líbano.  12Huerto cerrado eres, mi hermana, esposa mía; Fuente cerrada, fuente sellada.  13Tus renuevos paraíso de granados, con frutos suaves, De cámphoras y nardos,  14Nardo y azafrán, Caña aromática y canela, con todos los árboles de incienso; Mirra y áloes, con todas las principales especias.  15Fuente de huertos, Pozo de aguas vivas, Que corren del Líbano.  16Levántate, Aquilón, y ven, Austro: Sopla mi huerto, despréndanse sus aromas. Venga mi amado á su huerto, Y coma de su dulce fruta."
      },
      {
        "book_name": "Hooglied",
        "book": 22,
        "chapter": 4,
        "verse": 1,
        "text": "HE aquí que tú eres hermosa, amiga mía, he aquí que tú eres hermosa; Tus ojos entre tus guedejas como de paloma; Tus cabellos como manada de cabras, Que se muestran desde el monte de Galaad."
      },
      {
        "book_name": "Hooglied",
        "book": 22,
        "chapter": 4,
        "verse": 2,
        "text": "Tus dientes, como manadas de trasquiladas ovejas, Que suben del lavadero, Todas con crías mellizas, Y ninguna entre ellas estéril."
      },
      {
        "book_name": "Hooglied",
        "book": 22,
        "chapter": 4,
        "verse": 3,
        "text": "Tus labios, como un hilo de grana, Y tu habla hermosa; Tus sienes, como cachos de granada á la parte adentro de tus guedejas."
      },
      {
        "book_name": "Hooglied",
        "book": 22,
        "chapter": 4,
        "verse": 4,
        "text": "Tu cuello, como la torre de David, edificada para muestra; Mil escudos están colgados de ella, Todos escudos de valientes."
      },
      {
        "book_name": "Hooglied",
        "book": 22,
        "chapter": 4,
        "verse": 5,
        "text": "Tus dos pechos, como dos cabritos mellizos de gama, Que son apacentados entre azucenas."
      },
      {
        "book_name": "Hooglied",
        "book": 22,
        "chapter": 4,
        "verse": 6,
        "text": "Hasta que apunte el día y huyan las sombras, Iréme al monte de la mirra, Y al collado del incienso."
      },
      {
        "book_name": "Hooglied",
        "book": 22,
        "chapter": 4,
        "verse": 7,
        "text": "Toda tú eres hermosa, amiga mía Y en ti no hay mancha."
      },
      {
        "book_name": "Hooglied",
        "book": 22,
        "chapter": 4,
        "verse": 8,
        "text": "Conmigo del Líbano, oh esposa, Conmigo ven del Líbano: Mira desde la cumbre de Amana, Desde la cumbre de Senir y de Hermón, Desde las guaridas de los leones, Desde los montes de los tigres."
      },
      {
        "book_name": "Hooglied",
        "book": 22,
        "chapter": 4,
        "verse": 9,
        "text": "Prendiste mi corazón, hermana, esposa mía; Has preso mi corazón con uno de tus ojos, Con una gargantilla de tu cuello."
      },
      {
        "book_name": "Hooglied",
        "book": 22,
        "chapter": 4,
        "verse": 10,
        "text": "Cuán hermosos son tus amores, hermana, esposa mía! ­Cuánto mejores que el vino tus amores, Y el olor de tus ungüentos que todas las especias aromáticas!"
      },
      {
        "book_name": "Hooglied",
        "book": 22,
        "chapter": 4,
        "verse": 11,
        "text": "Como panal de miel destilan tus labios, oh esposa; Miel y leche hay debajo de tu lengua; Y el olor de tus vestidos como el olor del Líbano."
      },
      {
        "book_name": "Hooglied",
        "book": 22,
        "chapter": 4,
        "verse": 12,
        "text": "Huerto cerrado eres, mi hermana, esposa mía; Fuente cerrada, fuente sellada."
      },
      {
        "book_name": "Hooglied",
        "book": 22,
        "chapter": 4,
        "verse": 13,
        "text": "Tus renuevos paraíso de granados, con frutos suaves, De cámphoras y nardos,"
      },
      {
        "book_name": "Hooglied",
        "book": 22,
        "chapter": 4,
        "verse": 14,
        "text": "Nardo y azafrán, Caña aromática y canela, con todos los árboles de incienso; Mirra y áloes, con todas las principales especias."
      },
      {
        "book_name": "Hooglied",
        "book": 22,
        "chapter": 4,
        "verse": 15,
        "text": "Fuente de huertos, Pozo de aguas vivas, Que corren del Líbano."
      },
      {
        "book_name": "Hooglied",
        "book": 22,
        "chapter": 4,
        "verse": 16,
        "text": "Levántate, Aquilón, y ven, Austro: Sopla mi huerto, despréndanse sus aromas. Venga mi amado á su huerto, Y coma de su dulce fruta."
      }
    ],
    "5": [
      {
        "book_name": "Hooglied",
        "book": 22,
        "chapter": 5,
        "verse": 1,
        "text": "1YO vine á mi huerto, oh hermana, esposa mía: Cogido he mi mirra y mis aromas; He comido mi panal y mi miel, Mi vino y mi leche he bebido. Comed, amigos; Babed, amados, y embriagaos. 2Yo dormía, pero mi corazón velaba: La voz de mi amado que llamaba: Abreme, hermana mía, amiga mía, paloma mía, perfecta mía; Porque mi cabeza está llena de rocío, Mis cabellos de las gotas de la noche.  3Heme desnudado mi ropa; ¿cómo la tengo de vestir? He lavado mis pies; ¿cómo los tengo de ensuciar?  4Mi amado metió su mano por el agujero, Y mis entrañas se conmovieron dentro de mí.  5Yo me levanté para abrir á mi amado, Y mis manos gotearon mirra, Y mis dedos mirra que corría Sobre las aldabas del candado.  6Abrí yo á mi amado; Mas mi amado se había ido, había ya pasado: Y tras su hablar salió mi alma: Busquélo, y no lo hallé; Llamélo, y no me respondió.  7Halláronme los guardas que rondan la ciudad: Hiriéronme, llagáronme, Quitáronme mi manto de encima los guardas de los muros.  8Yo os conjuro, oh doncellas de Jerusalem, si hallareis á mi amado, Que le hagáis saber cómo de amor estoy enferma.  9¿Qué es tu amado más que otro amado, Oh la más hermosa de todas las mujeres? ¿Qué es tu amado más que otro amado, Que así nos conjuras?  10Mi amado es blanco y rubio, Señalado entre diez mil.  11Su cabeza, como, oro finísimo; Sus cabellos crespos, negros como el cuervo.  12Sus ojos, como palomas junto á los arroyos de las aguas, Que se lavan con leche, y a la perfección colocados.  13Sus mejillas, como una era de especias aromáticas, como fragantes flores: Sus labios, como lirios que destilan mirra que trasciende.  14Sus manos, como anillos de oro engastados de jacintos: Su vientre, como claro marfil cubierto de zafiros.  15Sus piernas, como columnas de mármol fundadas sobre basas de fino oro: Su aspecto como el Líbano, escogido como los cedros.  16Su paladar, dulcísimo: y todo él codiciable. Tal es mi amado, tal es mi amigo, Oh doncellas de Jerusalem."
      },
      {
        "book_name": "Hooglied",
        "book": 22,
        "chapter": 5,
        "verse": 1,
        "text": "YO vine á mi huerto, oh hermana, esposa mía: Cogido he mi mirra y mis aromas; He comido mi panal y mi miel, Mi vino y mi leche he bebido. Comed, amigos; Babed, amados, y embriagaos."
      },
      {
        "book_name": "Hooglied",
        "book": 22,
        "chapter": 5,
        "verse": 2,
        "text": "Yo dormía, pero mi corazón velaba: La voz de mi amado que llamaba: Abreme, hermana mía, amiga mía, paloma mía, perfecta mía; Porque mi cabeza está llena de rocío, Mis cabellos de las gotas de la noche."
      },
      {
        "book_name": "Hooglied",
        "book": 22,
        "chapter": 5,
        "verse": 3,
        "text": "Heme desnudado mi ropa; ¿cómo la tengo de vestir? He lavado mis pies; ¿cómo los tengo de ensuciar?"
      },
      {
        "book_name": "Hooglied",
        "book": 22,
        "chapter": 5,
        "verse": 4,
        "text": "Mi amado metió su mano por el agujero, Y mis entrañas se conmovieron dentro de mí."
      },
      {
        "book_name": "Hooglied",
        "book": 22,
        "chapter": 5,
        "verse": 5,
        "text": "Yo me levanté para abrir á mi amado, Y mis manos gotearon mirra, Y mis dedos mirra que corría Sobre las aldabas del candado."
      },
      {
        "book_name": "Hooglied",
        "book": 22,
        "chapter": 5,
        "verse": 6,
        "text": "Abrí yo á mi amado; Mas mi amado se había ido, había ya pasado: Y tras su hablar salió mi alma: Busquélo, y no lo hallé; Llamélo, y no me respondió."
      },
      {
        "book_name": "Hooglied",
        "book": 22,
        "chapter": 5,
        "verse": 7,
        "text": "Halláronme los guardas que rondan la ciudad: Hiriéronme, llagáronme, Quitáronme mi manto de encima los guardas de los muros."
      },
      {
        "book_name": "Hooglied",
        "book": 22,
        "chapter": 5,
        "verse": 8,
        "text": "Yo os conjuro, oh doncellas de Jerusalem, si hallareis á mi amado, Que le hagáis saber cómo de amor estoy enferma."
      },
      {
        "book_name": "Hooglied",
        "book": 22,
        "chapter": 5,
        "verse": 9,
        "text": "¿Qué es tu amado más que otro amado, Oh la más hermosa de todas las mujeres? ¿Qué es tu amado más que otro amado, Que así nos conjuras?"
      },
      {
        "book_name": "Hooglied",
        "book": 22,
        "chapter": 5,
        "verse": 10,
        "text": "Mi amado es blanco y rubio, Señalado entre diez mil."
      },
      {
        "book_name": "Hooglied",
        "book": 22,
        "chapter": 5,
        "verse": 11,
        "text": "Su cabeza, como, oro finísimo; Sus cabellos crespos, negros como el cuervo."
      },
      {
        "book_name": "Hooglied",
        "book": 22,
        "chapter": 5,
        "verse": 12,
        "text": "Sus ojos, como palomas junto á los arroyos de las aguas, Que se lavan con leche, y a la perfección colocados."
      },
      {
        "book_name": "Hooglied",
        "book": 22,
        "chapter": 5,
        "verse": 13,
        "text": "Sus mejillas, como una era de especias aromáticas, como fragantes flores: Sus labios, como lirios que destilan mirra que trasciende."
      },
      {
        "book_name": "Hooglied",
        "book": 22,
        "chapter": 5,
        "verse": 14,
        "text": "Sus manos, como anillos de oro engastados de jacintos: Su vientre, como claro marfil cubierto de zafiros."
      },
      {
        "book_name": "Hooglied",
        "book": 22,
        "chapter": 5,
        "verse": 15,
        "text": "Sus piernas, como columnas de mármol fundadas sobre basas de fino oro: Su aspecto como el Líbano, escogido como los cedros."
      },
      {
        "book_name": "Hooglied",
        "book": 22,
        "chapter": 5,
        "verse": 16,
        "text": "Su paladar, dulcísimo: y todo él codiciable. Tal es mi amado, tal es mi amigo, Oh doncellas de Jerusalem."
      }
    ],
    "6": [
      {
        "book_name": "Hooglied",
        "book": 22,
        "chapter": 6,
        "verse": 1,
        "text": "1¿DONDE se ha ido tu amado, Oh la más hermosa de todas las mujeres? ¿Adónde se apartó tu amado, Y le buscaremos contigo? 2Mi amado descendió á su huerto, á las eras de los aromas Para apacentar en los huertos, y para coger los lirios. 3Yo soy de mi amado, y mi amado es mío: El apacienta entre los lirios. 4Hermosa eres tú, oh amiga mía, como Tirsa; De desear, como Jerusalem; Imponente como ejércitos en orden.  5Aparta tus ojos de delante de mí, Porque ellos me vencieron. Tu cabello es como manada de cabras, Que se muestran en Galaad.  6Tus dientes, como manada de ovejas Que suben del lavadero, Todas con crías mellizas, Y estéril no hay entre ellas.  7Como cachos de granada son tus sienes Entre tus guedejas.  8Sesenta son las reinas, y ochenta las concubinas, Y las doncellas sin cuento:  9Mas una es la paloma mía, la perfecta mía; Unica es á su madre, Escogida á la que la engendró. Viéronla las doncellas, y llamáronla bienaventurada; Las reinas y las concubinas, y la alabaron.  10¿Quién es ésta que se muestra como el alba, Hermosa como la luna, Esclarecida como el sol, Imponente como ejércitos en orden?  11Al huerto de los nogales descendí A ver los frutos del valle, Y para ver si brotaban las vides, Si florecían los granados.  12No lo supe: hame mi alma hecho Como los carros de Amminadab.  13Tórnate, tórnate, oh Sulamita; Tórnate, tórnate, y te miraremos. ¿Qué veréis en la Sulamita? Como la reunión de dos campamentos."
      },
      {
        "book_name": "Hooglied",
        "book": 22,
        "chapter": 6,
        "verse": 1,
        "text": "¿DONDE se ha ido tu amado, Oh la más hermosa de todas las mujeres? ¿Adónde se apartó tu amado, Y le buscaremos contigo?"
      },
      {
        "book_name": "Hooglied",
        "book": 22,
        "chapter": 6,
        "verse": 2,
        "text": "Mi amado descendió á su huerto, á las eras de los aromas Para apacentar en los huertos, y para coger los lirios."
      },
      {
        "book_name": "Hooglied",
        "book": 22,
        "chapter": 6,
        "verse": 3,
        "text": "Yo soy de mi amado, y mi amado es mío: El apacienta entre los lirios."
      },
      {
        "book_name": "Hooglied",
        "book": 22,
        "chapter": 6,
        "verse": 4,
        "text": "Hermosa eres tú, oh amiga mía, como Tirsa; De desear, como Jerusalem; Imponente como ejércitos en orden."
      },
      {
        "book_name": "Hooglied",
        "book": 22,
        "chapter": 6,
        "verse": 5,
        "text": "Aparta tus ojos de delante de mí, Porque ellos me vencieron. Tu cabello es como manada de cabras, Que se muestran en Galaad."
      },
      {
        "book_name": "Hooglied",
        "book": 22,
        "chapter": 6,
        "verse": 6,
        "text": "Tus dientes, como manada de ovejas Que suben del lavadero, Todas con crías mellizas, Y estéril no hay entre ellas."
      },
      {
        "book_name": "Hooglied",
        "book": 22,
        "chapter": 6,
        "verse": 7,
        "text": "Como cachos de granada son tus sienes Entre tus guedejas."
      },
      {
        "book_name": "Hooglied",
        "book": 22,
        "chapter": 6,
        "verse": 8,
        "text": "Sesenta son las reinas, y ochenta las concubinas, Y las doncellas sin cuento:"
      },
      {
        "book_name": "Hooglied",
        "book": 22,
        "chapter": 6,
        "verse": 9,
        "text": "Mas una es la paloma mía, la perfecta mía; Unica es á su madre, Escogida á la que la engendró. Viéronla las doncellas, y llamáronla bienaventurada; Las reinas y las concubinas, y la alabaron."
      },
      {
        "book_name": "Hooglied",
        "book": 22,
        "chapter": 6,
        "verse": 10,
        "text": "¿Quién es ésta que se muestra como el alba, Hermosa como la luna, Esclarecida como el sol, Imponente como ejércitos en orden?"
      },
      {
        "book_name": "Hooglied",
        "book": 22,
        "chapter": 6,
        "verse": 11,
        "text": "Al huerto de los nogales descendí A ver los frutos del valle, Y para ver si brotaban las vides, Si florecían los granados."
      },
      {
        "book_name": "Hooglied",
        "book": 22,
        "chapter": 6,
        "verse": 12,
        "text": "No lo supe: hame mi alma hecho Como los carros de Amminadab."
      },
      {
        "book_name": "Hooglied",
        "book": 22,
        "chapter": 6,
        "verse": 13,
        "text": "Tórnate, tórnate, oh Sulamita; Tórnate, tórnate, y te miraremos. ¿Qué veréis en la Sulamita? Como la reunión de dos campamentos."
      }
    ],
    "7": [
      {
        "book_name": "Hooglied",
        "book": 22,
        "chapter": 7,
        "verse": 1,
        "text": "1CUAN hermosos son tus pies en los calzados, oh hija de príncipe! Los contornos de tus muslos son como joyas, Obra de mano de excelente maestro. 2Tu ombligo, como una taza redonda, Que no le falta bebida. Tu vientre, como montón de trigo, Cercado de lirios. 3Tus dos pechos, como dos cabritos Mellizos de gama. 4Tu cuello, como torre de marfil; Tus ojos, como las pesqueras de Hesbón junto á la puerta de Bat-rabbim; Tu nariz, como la torre del Líbano, Que mira hacia Damasco. 5Tu cabeza encima de ti, como el Carmelo; Y el cabello de tu cabeza, como la púrpura del rey Ligada en los corredores. 6Qué hermosa eres, y cuán suave, Oh amor deleitoso! 7Y tu estatura es semejante á la palma, Y tus pechos á los racimos! 8Yo dije: Subiré á la palma, Asiré sus ramos: Y tus pechos serán ahora como racimos de vid, Y el olor de tu boca como de manzanas; 9Y tu paladar como el buen vino, Que se entra á mi amado suavemente, Y hace hablar los labios de los viejos. 10Yo soy de mi amado, Y conmigo tiene su contentamiento.  11Ven, oh amado mío, salgamos al campo, Moremos en las aldeas.  12Levantémonos de mañana á las viñas; Veamos si brotan las vides, si se abre el cierne, Si han florecido los granados; Allí te daré mis amores.  13Las mandrágoras han dado olor, Y á nuestras puertas hay toda suerte de dulces frutas, nuevas y añejas. Que para ti, oh amado mío, he guardado."
      },
      {
        "book_name": "Hooglied",
        "book": 22,
        "chapter": 7,
        "verse": 1,
        "text": "CUAN hermosos son tus pies en los calzados, oh hija de príncipe! Los contornos de tus muslos son como joyas, Obra de mano de excelente maestro."
      },
      {
        "book_name": "Hooglied",
        "book": 22,
        "chapter": 7,
        "verse": 2,
        "text": "Tu ombligo, como una taza redonda, Que no le falta bebida. Tu vientre, como montón de trigo, Cercado de lirios."
      },
      {
        "book_name": "Hooglied",
        "book": 22,
        "chapter": 7,
        "verse": 3,
        "text": "Tus dos pechos, como dos cabritos Mellizos de gama."
      },
      {
        "book_name": "Hooglied",
        "book": 22,
        "chapter": 7,
        "verse": 4,
        "text": "Tu cuello, como torre de marfil; Tus ojos, como las pesqueras de Hesbón junto á la puerta de Bat-rabbim; Tu nariz, como la torre del Líbano, Que mira hacia Damasco."
      },
      {
        "book_name": "Hooglied",
        "book": 22,
        "chapter": 7,
        "verse": 5,
        "text": "Tu cabeza encima de ti, como el Carmelo; Y el cabello de tu cabeza, como la púrpura del rey Ligada en los corredores."
      },
      {
        "book_name": "Hooglied",
        "book": 22,
        "chapter": 7,
        "verse": 6,
        "text": "Qué hermosa eres, y cuán suave, Oh amor deleitoso!"
      },
      {
        "book_name": "Hooglied",
        "book": 22,
        "chapter": 7,
        "verse": 7,
        "text": "Y tu estatura es semejante á la palma, Y tus pechos á los racimos!"
      },
      {
        "book_name": "Hooglied",
        "book": 22,
        "chapter": 7,
        "verse": 8,
        "text": "Yo dije: Subiré á la palma, Asiré sus ramos: Y tus pechos serán ahora como racimos de vid, Y el olor de tu boca como de manzanas;"
      },
      {
        "book_name": "Hooglied",
        "book": 22,
        "chapter": 7,
        "verse": 9,
        "text": "Y tu paladar como el buen vino, Que se entra á mi amado suavemente, Y hace hablar los labios de los viejos."
      },
      {
        "book_name": "Hooglied",
        "book": 22,
        "chapter": 7,
        "verse": 10,
        "text": "Yo soy de mi amado, Y conmigo tiene su contentamiento."
      },
      {
        "book_name": "Hooglied",
        "book": 22,
        "chapter": 7,
        "verse": 11,
        "text": "Ven, oh amado mío, salgamos al campo, Moremos en las aldeas."
      },
      {
        "book_name": "Hooglied",
        "book": 22,
        "chapter": 7,
        "verse": 12,
        "text": "Levantémonos de mañana á las viñas; Veamos si brotan las vides, si se abre el cierne, Si han florecido los granados; Allí te daré mis amores."
      },
      {
        "book_name": "Hooglied",
        "book": 22,
        "chapter": 7,
        "verse": 13,
        "text": "Las mandrágoras han dado olor, Y á nuestras puertas hay toda suerte de dulces frutas, nuevas y añejas. Que para ti, oh amado mío, he guardado."
      }
    ],
    "8": [
      {
        "book_name": "Hooglied",
        "book": 22,
        "chapter": 8,
        "verse": 1,
        "text": "1OH quién te me diese como hermano Que mamó los pechos de mi madre; De modo que te halle yo fuera, y te bese, Y no me menosprecien! 2Yo te llevaría, te metiera en casa de mi madre: Tú me enseñarías, Y yo te hiciera beber vino Adobado del mosto de mis granadas. 3Su izquierda esté debajo de mi cabeza, Y su derecha me abrace. 4Conjúroos, oh doncellas de Jerusalem, Que no despertéis, ni hagáis velar al amor, Hasta que quiera. 5¿Quién es ésta que sube del desierto, Recostada sobre su amado? Debajo de un manzano te desperté: Allí tuvo tu madre dolores, Allí tuvo dolores la que te parió.  6Ponme como un sello sobre tu corazón, como una marca sobre tu brazo: Porque fuerte es como la muerte el amor; Duro como el sepulcro el celo: Sus brasas, brasas de fuego, Fuerte llama.  7Las muchas aguas no podrán apagar el amor, Ni lo ahogarán los ríos. Si diese el hombre toda la hacienda de su casa por este amor, De cierto lo menospreciaran.  8Tenemos una pequeña hermana, Que no tiene pechos: ¿Qué haremos á nuestra hermana Cuando de ella se hablare?  9Si ella es muro, Edificaremos sobre él un palacio de plata: Y si fuere puerta, La guarneceremos con tablas de cedro.  10Yo soy muro, y mis pechos como torres, Desde que fuí en sus ojos como la que halla paz.  11Salomón tuvo una viña en Baal-hamón, La cual entregó á guardas, Cada uno de los cuales debía traer mil monedas de plata por su fruto.  12Mi viña, que es mía, está delante de mí: Las mil serán tuyas, oh Salomón, Y doscientas, de los que guardan su fruto.  13Oh tú la que moras en los huertos, Los compañeros escuchan tu voz: Házmela oir.  14Huye, amado mío; Y sé semejante al gamo, ó al cervatillo, Sobre las montañas de los aromas."
      },
      {
        "book_name": "Hooglied",
        "book": 22,
        "chapter": 8,
        "verse": 1,
        "text": "OH quién te me diese como hermano Que mamó los pechos de mi madre; De modo que te halle yo fuera, y te bese, Y no me menosprecien!"
      },
      {
        "book_name": "Hooglied",
        "book": 22,
        "chapter": 8,
        "verse": 2,
        "text": "Yo te llevaría, te metiera en casa de mi madre: Tú me enseñarías, Y yo te hiciera beber vino Adobado del mosto de mis granadas."
      },
      {
        "book_name": "Hooglied",
        "book": 22,
        "chapter": 8,
        "verse": 3,
        "text": "Su izquierda esté debajo de mi cabeza, Y su derecha me abrace."
      },
      {
        "book_name": "Hooglied",
        "book": 22,
        "chapter": 8,
        "verse": 4,
        "text": "Conjúroos, oh doncellas de Jerusalem, Que no despertéis, ni hagáis velar al amor, Hasta que quiera."
      },
      {
        "book_name": "Hooglied",
        "book": 22,
        "chapter": 8,
        "verse": 5,
        "text": "¿Quién es ésta que sube del desierto, Recostada sobre su amado? Debajo de un manzano te desperté: Allí tuvo tu madre dolores, Allí tuvo dolores la que te parió."
      },
      {
        "book_name": "Hooglied",
        "book": 22,
        "chapter": 8,
        "verse": 6,
        "text": "Ponme como un sello sobre tu corazón, como una marca sobre tu brazo: Porque fuerte es como la muerte el amor; Duro como el sepulcro el celo: Sus brasas, brasas de fuego, Fuerte llama."
      },
      {
        "book_name": "Hooglied",
        "book": 22,
        "chapter": 8,
        "verse": 7,
        "text": "Las muchas aguas no podrán apagar el amor, Ni lo ahogarán los ríos. Si diese el hombre toda la hacienda de su casa por este amor, De cierto lo menospreciaran."
      },
      {
        "book_name": "Hooglied",
        "book": 22,
        "chapter": 8,
        "verse": 8,
        "text": "Tenemos una pequeña hermana, Que no tiene pechos: ¿Qué haremos á nuestra hermana Cuando de ella se hablare?"
      },
      {
        "book_name": "Hooglied",
        "book": 22,
        "chapter": 8,
        "verse": 9,
        "text": "Si ella es muro, Edificaremos sobre él un palacio de plata: Y si fuere puerta, La guarneceremos con tablas de cedro."
      },
      {
        "book_name": "Hooglied",
        "book": 22,
        "chapter": 8,
        "verse": 10,
        "text": "Yo soy muro, y mis pechos como torres, Desde que fuí en sus ojos como la que halla paz."
      },
      {
        "book_name": "Hooglied",
        "book": 22,
        "chapter": 8,
        "verse": 11,
        "text": "Salomón tuvo una viña en Baal-hamón, La cual entregó á guardas, Cada uno de los cuales debía traer mil monedas de plata por su fruto."
      },
      {
        "book_name": "Hooglied",
        "book": 22,
        "chapter": 8,
        "verse": 12,
        "text": "Mi viña, que es mía, está delante de mí: Las mil serán tuyas, oh Salomón, Y doscientas, de los que guardan su fruto."
      },
      {
        "book_name": "Hooglied",
        "book": 22,
        "chapter": 8,
        "verse": 13,
        "text": "Oh tú la que moras en los huertos, Los compañeros escuchan tu voz: Házmela oir."
      },
      {
        "book_name": "Hooglied",
        "book": 22,
        "chapter": 8,
        "verse": 14,
        "text": "Huye, amado mío; Y sé semejante al gamo, ó al cervatillo, Sobre las montañas de los aromas."
      }
    ]
  }
}