{
  "source": "bible.com",
  "version": "Reina Valera (1602)",
  "book": "Titus",
  "chapters": {
    "1": [
      {
        "book_name": "Titus",
        "book": 56,
        "chapter": 1,
        "verse": 1,
        "text": "1PABLO, siervo de Dios, y apóstol de Jesucristo, según la fe de los escogidos de Dios, y el conocimiento de la verdad que es según la piedad, 2Para la esperanza de la vida eterna, la cual Dios, que no puede mentir, prometió antes de los tiempos de los siglos, 3Y manifestó á sus tiempos su palabra por la predicación, que me es á mí encomendada por mandamiento de nuestro Salvador Dios; 4A Tito, verdadero hijo en la común fe: Gracia, misericordia, y paz de Dios Padre, y del Señor Jesucristo Salvador nuestro. 5Por esta causa te dejé en Creta, para que corrigieses lo que falta, y pusieses ancianos por las villas, así como yo te mandé:  6El que fuere sin crimen, marido de una mujer, que tenga hijos fieles que no estén acusados de disolución, ó contumaces.  7Porque es menester que el obispo sea sin crimen, como dispensador de Dios; no soberbio, no iracundo, no amador del vino, no heridor, no codicioso de torpes ganancias;  8Sino hospedador, amador de lo bueno, templado, justo, santo, continente;  9Retenedor de la fiel palabra que es conforme á la doctrina: para que también pueda exhortar con sana doctrina, y convencer á los que contradijeren.  10Porque hay aún muchos contumaces, habladores de vanidades, y engañadores de las almas, mayormente los que son de la circuncisión,  11A los cuales es preciso tapar la boca; que trastornan casas enteras; enseñando lo que no conviene, por torpe ganancia.  12Dijo uno de ellos, propio profeta de ellos: Los Cretenses, siempre mentirosos, malas bestias, vientres perezosos.  13Este testimonio es verdadero: por tanto, repréndelos duramente, para que sean sanos en la fe,  14No atendiendo á fábulas judaicas, y á mandamientos de hombres que se apartan de la verdad.  15Todas las cosas son limpias á los limpios; mas á los contaminados é infieles nada es limpio: antes su alma y conciencia están contaminadas.  16Profésanse conocer á Dios; mas con los hechos lo niegan, siendo abominables y rebeldes, reprobados para toda buena obra."
      },
      {
        "book_name": "Titus",
        "book": 56,
        "chapter": 1,
        "verse": 1,
        "text": "PABLO, siervo de Dios, y apóstol de Jesucristo, según la fe de los escogidos de Dios, y el conocimiento de la verdad que es según la piedad,"
      },
      {
        "book_name": "Titus",
        "book": 56,
        "chapter": 1,
        "verse": 2,
        "text": "Para la esperanza de la vida eterna, la cual Dios, que no puede mentir, prometió antes de los tiempos de los siglos,"
      },
      {
        "book_name": "Titus",
        "book": 56,
        "chapter": 1,
        "verse": 3,
        "text": "Y manifestó á sus tiempos su palabra por la predicación, que me es á mí encomendada por mandamiento de nuestro Salvador Dios;"
      },
      {
        "book_name": "Titus",
        "book": 56,
        "chapter": 1,
        "verse": 4,
        "text": "A Tito, verdadero hijo en la común fe: Gracia, misericordia, y paz de Dios Padre, y del Señor Jesucristo Salvador nuestro."
      },
      {
        "book_name": "Titus",
        "book": 56,
        "chapter": 1,
        "verse": 5,
        "text": "Por esta causa te dejé en Creta, para que corrigieses lo que falta, y pusieses ancianos por las villas, así como yo te mandé:"
      },
      {
        "book_name": "Titus",
        "book": 56,
        "chapter": 1,
        "verse": 6,
        "text": "El que fuere sin crimen, marido de una mujer, que tenga hijos fieles que no estén acusados de disolución, ó contumaces."
      },
      {
        "book_name": "Titus",
        "book": 56,
        "chapter": 1,
        "verse": 7,
        "text": "Porque es menester que el obispo sea sin crimen, como dispensador de Dios; no soberbio, no iracundo, no amador del vino, no heridor, no codicioso de torpes ganancias;"
      },
      {
        "book_name": "Titus",
        "book": 56,
        "chapter": 1,
        "verse": 8,
        "text": "Sino hospedador, amador de lo bueno, templado, justo, santo, continente;"
      },
      {
        "book_name": "Titus",
        "book": 56,
        "chapter": 1,
        "verse": 9,
        "text": "Retenedor de la fiel palabra que es conforme á la doctrina: para que también pueda exhortar con sana doctrina, y convencer á los que contradijeren."
      },
      {
        "book_name": "Titus",
        "book": 56,
        "chapter": 1,
        "verse": 10,
        "text": "Porque hay aún muchos contumaces, habladores de vanidades, y engañadores de las almas, mayormente los que son de la circuncisión,"
      },
      {
        "book_name": "Titus",
        "book": 56,
        "chapter": 1,
        "verse": 11,
        "text": "A los cuales es preciso tapar la boca; que trastornan casas enteras; enseñando lo que no conviene, por torpe ganancia."
      },
      {
        "book_name": "Titus",
        "book": 56,
        "chapter": 1,
        "verse": 12,
        "text": "Dijo uno de ellos, propio profeta de ellos: Los Cretenses, siempre mentirosos, malas bestias, vientres perezosos."
      },
      {
        "book_name": "Titus",
        "book": 56,
        "chapter": 1,
        "verse": 13,
        "text": "Este testimonio es verdadero: por tanto, repréndelos duramente, para que sean sanos en la fe,"
      },
      {
        "book_name": "Titus",
        "book": 56,
        "chapter": 1,
        "verse": 14,
        "text": "No atendiendo á fábulas judaicas, y á mandamientos de hombres que se apartan de la verdad."
      },
      {
        "book_name": "Titus",
        "book": 56,
        "chapter": 1,
        "verse": 15,
        "text": "Todas las cosas son limpias á los limpios; mas á los contaminados é infieles nada es limpio: antes su alma y conciencia están contaminadas."
      },
      {
        "book_name": "Titus",
        "book": 56,
        "chapter": 1,
        "verse": 16,
        "text": "Profésanse conocer á Dios; mas con los hechos lo niegan, siendo abominables y rebeldes, reprobados para toda buena obra."
      }
    ],
    "2": [
      {
        "book_name": "Titus",
        "book": 56,
        "chapter": 2,
        "verse": 1,
        "text": "1EMPERO tú, habla lo que conviene á la sana doctrina: 2Que los viejos sean templados, graves, prudentes, sanos en la fe, en la caridad, en la paciencia. 3Las viejas, asimismo, se distingan en un porte santo; no calumniadoras, no dadas á mucho vino, maestras de honestidad: 4Que enseñen á las mujeres jóvenes á ser predentes, á que amen á sus maridos, á que amen á sus hijos, 5A ser templadas, castas, que tengan cuidado de la casa, buenas, sujetas á sus maridos: porque la palabra de Dios no sea blasfemada. 6Exhorta asimismo á los mancebos á que sean comedidos; 7Mostrándote en todo por ejemplo de buenas obras; en doctrina haciendo ver integridad, gravedad, 8Palabra sana, é irreprensible; que el adversario se avergüence, no teniendo mal ninguno que decir de vosotros. 9Exhorta á los siervos á que sean sujetos á sus señores, que agraden en todo, no respondones; 10No defraudando, antes mostrando toda buena lealtad, para que adornen en todo la doctrina de nuestro Salvador Dios. 11Porque la gracia de Dios que trae salvación á todos los hombres, se manifestó.  12Enseñándonos que, renunciando á la impiedad y á los deseos mundanos, vivamos en este siglo templada, y justa, y píamente,  13Esperando aquella esperanza bienaventurada, y la manifestación gloriosa del gran Dios y Salvador nuestro Jesucristo.  14Que se dió á sí mismo por nosotros para redimirnos de toda iniquidad, y limpiar para sí un pueblo propio, celoso de buenas obras.  15Esto habla y exhorta, y reprende con toda autoridad. Nadie te desprecie."
      },
      {
        "book_name": "Titus",
        "book": 56,
        "chapter": 2,
        "verse": 1,
        "text": "EMPERO tú, habla lo que conviene á la sana doctrina:"
      },
      {
        "book_name": "Titus",
        "book": 56,
        "chapter": 2,
        "verse": 2,
        "text": "Que los viejos sean templados, graves, prudentes, sanos en la fe, en la caridad, en la paciencia."
      },
      {
        "book_name": "Titus",
        "book": 56,
        "chapter": 2,
        "verse": 3,
        "text": "Las viejas, asimismo, se distingan en un porte santo; no calumniadoras, no dadas á mucho vino, maestras de honestidad:"
      },
      {
        "book_name": "Titus",
        "book": 56,
        "chapter": 2,
        "verse": 4,
        "text": "Que enseñen á las mujeres jóvenes á ser predentes, á que amen á sus maridos, á que amen á sus hijos,"
      },
      {
        "book_name": "Titus",
        "book": 56,
        "chapter": 2,
        "verse": 5,
        "text": "A ser templadas, castas, que tengan cuidado de la casa, buenas, sujetas á sus maridos: porque la palabra de Dios no sea blasfemada."
      },
      {
        "book_name": "Titus",
        "book": 56,
        "chapter": 2,
        "verse": 6,
        "text": "Exhorta asimismo á los mancebos á que sean comedidos;"
      },
      {
        "book_name": "Titus",
        "book": 56,
        "chapter": 2,
        "verse": 7,
        "text": "Mostrándote en todo por ejemplo de buenas obras; en doctrina haciendo ver integridad, gravedad,"
      },
      {
        "book_name": "Titus",
        "book": 56,
        "chapter": 2,
        "verse": 8,
        "text": "Palabra sana, é irreprensible; que el adversario se avergüence, no teniendo mal ninguno que decir de vosotros."
      },
      {
        "book_name": "Titus",
        "book": 56,
        "chapter": 2,
        "verse": 9,
        "text": "Exhorta á los siervos á que sean sujetos á sus señores, que agraden en todo, no respondones;"
      },
      {
        "book_name": "Titus",
        "book": 56,
        "chapter": 2,
        "verse": 10,
        "text": "No defraudando, antes mostrando toda buena lealtad, para que adornen en todo la doctrina de nuestro Salvador Dios."
      },
      {
        "book_name": "Titus",
        "book": 56,
        "chapter": 2,
        "verse": 11,
        "text": "Porque la gracia de Dios que trae salvación á todos los hombres, se manifestó."
      },
      {
        "book_name": "Titus",
        "book": 56,
        "chapter": 2,
        "verse": 12,
        "text": "Enseñándonos que, renunciando á la impiedad y á los deseos mundanos, vivamos en este siglo templada, y justa, y píamente,"
      },
      {
        "book_name": "Titus",
        "book": 56,
        "chapter": 2,
        "verse": 13,
        "text": "Esperando aquella esperanza bienaventurada, y la manifestación gloriosa del gran Dios y Salvador nuestro Jesucristo."
      },
      {
        "book_name": "Titus",
        "book": 56,
        "chapter": 2,
        "verse": 14,
        "text": "Que se dió á sí mismo por nosotros para redimirnos de toda iniquidad, y limpiar para sí un pueblo propio, celoso de buenas obras."
      },
      {
        "book_name": "Titus",
        "book": 56,
        "chapter": 2,
        "verse": 15,
        "text": "Esto habla y exhorta, y reprende con toda autoridad. Nadie te desprecie."
      }
    ],
    "3": [
      {
        "book_name": "Titus",
        "book": 56,
        "chapter": 3,
        "verse": 1,
        "text": "1AMONÉSTALES que se sujeten á los príncipes y potestades, que obedezcan, que estén prontos á toda buena obra. 2Que á nadie infamen, que no sean pendencieros, sino modestos, mostrando toda mansedumbre para con todos los hombres. 3Porque también éramos nosotros necios en otro tiempo, rebeldes, extraviados, sirviendo á concupiscencias y deleites diversos, viviendo en malicia y en envidia, aborrecibles, aborreciendo los unos á los otros. 4Mas cuando se manifestó la bondad de Dios nuestro Salvador, y su amor para con los hombres, 5No por obras de justicia que nosotros habíamos hecho, mas por su misericordia nos salvó, por el lavacro de la regeneración, y de la renovación del Espíritu Santo; 6El cual derramó en nosotros abundantemente por Jesucristo nuestro Salvador, 7Para que, justificados por su gracia, seamos hechos herederos según la esperanza de la vida eterna. 8Palabra fiel, y estas cosas quiero que afirmes, para que los que creen á Dios procuren gobernarse en buenas obras. Estas cosas son buenas y útiles á los hombres. 9Mas las cuestiones necias, y genealogías, y contenciones, y debates acerca de la ley, evita; porque son sin provecho y vanas.  10Rehusa hombre hereje, después de una y otra amonestación;  11Estando cierto que el tal es trastornado, y peca, siendo condenado de su propio juicio.  12Cuando enviare á ti á Artemas, ó á Tichîco, procura venir á mí, á Nicópolis: porque allí he determinado invernar.  13A Zenas doctor de la ley, y á Apolos, envía delante, procurando que nada les falte.  14Y aprendan asimismo los nuestros á gobernarse en buenas obras para los usos necesarios, para que no sean sin fruto.  15Todos los que están conmigo te saludan. Saluda á los que nos aman en la fe. La gracia sea con todos vosotros. Amén."
      },
      {
        "book_name": "Titus",
        "book": 56,
        "chapter": 3,
        "verse": 1,
        "text": "AMONÉSTALES que se sujeten á los príncipes y potestades, que obedezcan, que estén prontos á toda buena obra."
      },
      {
        "book_name": "Titus",
        "book": 56,
        "chapter": 3,
        "verse": 2,
        "text": "Que á nadie infamen, que no sean pendencieros, sino modestos, mostrando toda mansedumbre para con todos los hombres."
      },
      {
        "book_name": "Titus",
        "book": 56,
        "chapter": 3,
        "verse": 3,
        "text": "Porque también éramos nosotros necios en otro tiempo, rebeldes, extraviados, sirviendo á concupiscencias y deleites diversos, viviendo en malicia y en envidia, aborrecibles, aborreciendo los unos á los otros."
      },
      {
        "book_name": "Titus",
        "book": 56,
        "chapter": 3,
        "verse": 4,
        "text": "Mas cuando se manifestó la bondad de Dios nuestro Salvador, y su amor para con los hombres,"
      },
      {
        "book_name": "Titus",
        "book": 56,
        "chapter": 3,
        "verse": 5,
        "text": "No por obras de justicia que nosotros habíamos hecho, mas por su misericordia nos salvó, por el lavacro de la regeneración, y de la renovación del Espíritu Santo;"
      },
      {
        "book_name": "Titus",
        "book": 56,
        "chapter": 3,
        "verse": 6,
        "text": "El cual derramó en nosotros abundantemente por Jesucristo nuestro Salvador,"
      },
      {
        "book_name": "Titus",
        "book": 56,
        "chapter": 3,
        "verse": 7,
        "text": "Para que, justificados por su gracia, seamos hechos herederos según la esperanza de la vida eterna."
      },
      {
        "book_name": "Titus",
        "book": 56,
        "chapter": 3,
        "verse": 8,
        "text": "Palabra fiel, y estas cosas quiero que afirmes, para que los que creen á Dios procuren gobernarse en buenas obras. Estas cosas son buenas y útiles á los hombres."
      },
      {
        "book_name": "Titus",
        "book": 56,
        "chapter": 3,
        "verse": 9,
        "text": "Mas las cuestiones necias, y genealogías, y contenciones, y debates acerca de la ley, evita; porque son sin provecho y vanas."
      },
      {
        "book_name": "Titus",
        "book": 56,
        "chapter": 3,
        "verse": 10,
        "text": "Rehusa hombre hereje, después de una y otra amonestación;"
      },
      {
        "book_name": "Titus",
        "book": 56,
        "chapter": 3,
        "verse": 11,
        "text": "Estando cierto que el tal es trastornado, y peca, siendo condenado de su propio juicio."
      },
      {
        "book_name": "Titus",
        "book": 56,
        "chapter": 3,
        "verse": 12,
        "text": "Cuando enviare á ti á Artemas, ó á Tichîco, procura venir á mí, á Nicópolis: porque allí he determinado invernar."
      },
      {
        "book_name": "Titus",
        "book": 56,
        "chapter": 3,
        "verse": 13,
        "text": "A Zenas doctor de la ley, y á Apolos, envía delante, procurando que nada les falte."
      },
      {
        "book_name": "Titus",
        "book": 56,
        "chapter": 3,
        "verse": 14,
        "text": "Y aprendan asimismo los nuestros á gobernarse en buenas obras para los usos necesarios, para que no sean sin fruto."
      },
      {
        "book_name": "Titus",
        "book": 56,
        "chapter": 3,
        "verse": 15,
        "text": "Todos los que están conmigo te saludan. Saluda á los que nos aman en la fe. La gracia sea con todos vosotros. Amén."
      }
    ]
  }
}