{
  "source": "bible.com",
  "version": "Reina Valera (1602)",
  "book": "Zephaniah",
  "chapters": {
    "1": [
      {
        "book_name": "Zephaniah",
        "book": 36,
        "chapter": 1,
        "verse": 1,
        "text": "1PALABRA de Jehová que fué á Sofonías hijo de Cushi, hijo de Gedalías, hijo de Amarías, hijo de Ezechîas, en días de Josías hijo de Amón, rey de Judá. 2Destruiré del todo todas las cosas de sobre la haz de la tierra, dice Jehová. 3Destruiré los hombres y las bestias; destruiré las aves del cielo, y los peces de la mar, y las piedras de tropiezo con los impíos; y talaré los hombres de sobre la haz de la tierra, dice Jehová. 4Y extenderé mi mano sobre Judá, y sobre todos los moradores de Jerusalem, y exterminaré de este lugar el remanente de Baal, y el nombre de los Chemarim con los sacerdotes; 5Y á los que se inclinan sobre los terrados al ejército del cielo; y á los que se inclinan jurando por Jehová y jurando por su rey; 6Y á los que tornan atrás de en pos de Jehová; y á los que no buscaron á Jehová, ni preguntaron por él. 7Calla en la presencia del Señor Jehová, porque el día de Jehová está cercano; porque Jehová ha aparejado sacrificio, prevenido á sus convidados.  8Y será que en el día del sacrificio de Jehová, haré visitación sobre los príncipes, y sobre los hijos del rey, y sobre todos los que visten vestido extranjero.  9Asimismo haré visitación en aquel día sobre todos los que saltan la puerta, los que hinchen de robo y de engaño las casas de sus señores.  10Y habrá en aquel día, dice Jehová, voz de clamor desde la puerta del pescado, y aullido desde la segunda, y grande quebrantamiento desde los collados.  11Aullad, moradores de Mactes, porque todo el pueblo mercader es destruido; talado son todos los que traían dinero.  12Y será en aquel tiempo, que yo escudriñaré á Jerusalem con candiles, y haré visitación sobre los hombres que están sentados sobre sus heces, los cuales dicen en su corazón: Jehová ni hará bien ni mal.  13Será por tanto saqueada su hacienda, y sus casas asoladas: y edificarán casas, mas no las habitarán; y plantarán viñas, mas no beberán el vino de ellas.  14Cercano está el día grande de Jehová, cercano y muy presuroso; voz amarga del Día de Jehová; gritará allí el valiente.  15Día de ira aquel día, día de angustia y de aprieto, día de alboroto y de asolamiento, día de tiniebla y de oscuridad, día de nublado y de entenebrecimiento,  16Día de trompeta y de algazara, sobre las ciudades fuertes, y sobre las altas torres.  17Y atribularé los hombres, y andarán como ciegos, porque pecaron contra Jehová: y la sangre de ellos será derramada como polvo, y su carne como estiércol.  18Ni su plata ni su oro podrá librarlos en el día de la ira de Jehová; pues toda la tierra será consumida con el fuego de su celo: porque ciertamente consumación apresurada hará con todos los moradores de la tierra."
      },
      {
        "book_name": "Zephaniah",
        "book": 36,
        "chapter": 1,
        "verse": 1,
        "text": "PALABRA de Jehová que fué á Sofonías hijo de Cushi, hijo de Gedalías, hijo de Amarías, hijo de Ezechîas, en días de Josías hijo de Amón, rey de Judá."
      },
      {
        "book_name": "Zephaniah",
        "book": 36,
        "chapter": 1,
        "verse": 2,
        "text": "Destruiré del todo todas las cosas de sobre la haz de la tierra, dice Jehová."
      },
      {
        "book_name": "Zephaniah",
        "book": 36,
        "chapter": 1,
        "verse": 3,
        "text": "Destruiré los hombres y las bestias; destruiré las aves del cielo, y los peces de la mar, y las piedras de tropiezo con los impíos; y talaré los hombres de sobre la haz de la tierra, dice Jehová."
      },
      {
        "book_name": "Zephaniah",
        "book": 36,
        "chapter": 1,
        "verse": 4,
        "text": "Y extenderé mi mano sobre Judá, y sobre todos los moradores de Jerusalem, y exterminaré de este lugar el remanente de Baal, y el nombre de los Chemarim con los sacerdotes;"
      },
      {
        "book_name": "Zephaniah",
        "book": 36,
        "chapter": 1,
        "verse": 5,
        "text": "Y á los que se inclinan sobre los terrados al ejército del cielo; y á los que se inclinan jurando por Jehová y jurando por su rey;"
      },
      {
        "book_name": "Zephaniah",
        "book": 36,
        "chapter": 1,
        "verse": 6,
        "text": "Y á los que tornan atrás de en pos de Jehová; y á los que no buscaron á Jehová, ni preguntaron por él."
      },
      {
        "book_name": "Zephaniah",
        "book": 36,
        "chapter": 1,
        "verse": 7,
        "text": "Calla en la presencia del Señor Jehová, porque el día de Jehová está cercano; porque Jehová ha aparejado sacrificio, prevenido á sus convidados."
      },
      {
        "book_name": "Zephaniah",
        "book": 36,
        "chapter": 1,
        "verse": 8,
        "text": "Y será que en el día del sacrificio de Jehová, haré visitación sobre los príncipes, y sobre los hijos del rey, y sobre todos los que visten vestido extranjero."
      },
      {
        "book_name": "Zephaniah",
        "book": 36,
        "chapter": 1,
        "verse": 9,
        "text": "Asimismo haré visitación en aquel día sobre todos los que saltan la puerta, los que hinchen de robo y de engaño las casas de sus señores."
      },
      {
        "book_name": "Zephaniah",
        "book": 36,
        "chapter": 1,
        "verse": 10,
        "text": "Y habrá en aquel día, dice Jehová, voz de clamor desde la puerta del pescado, y aullido desde la segunda, y grande quebrantamiento desde los collados."
      },
      {
        "book_name": "Zephaniah",
        "book": 36,
        "chapter": 1,
        "verse": 11,
        "text": "Aullad, moradores de Mactes, porque todo el pueblo mercader es destruido; talado son todos los que traían dinero."
      },
      {
        "book_name": "Zephaniah",
        "book": 36,
        "chapter": 1,
        "verse": 12,
        "text": "Y será en aquel tiempo, que yo escudriñaré á Jerusalem con candiles, y haré visitación sobre los hombres que están sentados sobre sus heces, los cuales dicen en su corazón: Jehová ni hará bien ni mal."
      },
      {
        "book_name": "Zephaniah",
        "book": 36,
        "chapter": 1,
        "verse": 13,
        "text": "Será por tanto saqueada su hacienda, y sus casas asoladas: y edificarán casas, mas no las habitarán; y plantarán viñas, mas no beberán el vino de ellas."
      },
      {
        "book_name": "Zephaniah",
        "book": 36,
        "chapter": 1,
        "verse": 14,
        "text": "Cercano está el día grande de Jehová, cercano y muy presuroso; voz amarga del Día de Jehová; gritará allí el valiente."
      },
      {
        "book_name": "Zephaniah",
        "book": 36,
        "chapter": 1,
        "verse": 15,
        "text": "Día de ira aquel día, día de angustia y de aprieto, día de alboroto y de asolamiento, día de tiniebla y de oscuridad, día de nublado y de entenebrecimiento,"
      },
      {
        "book_name": "Zephaniah",
        "book": 36,
        "chapter": 1,
        "verse": 16,
        "text": "Día de trompeta y de algazara, sobre las ciudades fuertes, y sobre las altas torres."
      },
      {
        "book_name": "Zephaniah",
        "book": 36,
        "chapter": 1,
        "verse": 17,
        "text": "Y atribularé los hombres, y andarán como ciegos, porque pecaron contra Jehová: y la sangre de ellos será derramada como polvo, y su carne como estiércol."
      },
      {
        "book_name": "Zephaniah",
        "book": 36,
        "chapter": 1,
        "verse": 18,
        "text": "Ni su plata ni su oro podrá librarlos en el día de la ira de Jehová; pues toda la tierra será consumida con el fuego de su celo: porque ciertamente consumación apresurada hará con todos los moradores de la tierra."
      }
    ],
    "2": [
      {
        "book_name": "Zephaniah",
        "book": 36,
        "chapter": 2,
        "verse": 1,
        "text": "1CONGREGAOS y meditad, gente no amable, 2Antes que pára el decreto, y el día se pase como el tamo; antes que venga sobre vosotros el furor de la ira de Jehová, antes que el día de la ira de Jehová venga sobre vosotros. 3Buscad á Jehová todos los humildes de la tierra, que pusisteis en obra su juicio; buscad justicia, buscad mansedumbre: quizás seréis guardados en el día del enojo de Jehová. 4Porque Gaza será desamparada, y Ascalón asolada: saquearán á Asdod en el medio día, y Ecrón será desarraigada.  5Ay de los que moran á la parte de la mar, de la gente de Cheretim! La palabra de Jehová es contra vosotros, oh Canaán, tierra de Palestinos, que te haré destruir hasta no quedar morador.  6Y será la parte de la mar por moradas de cabañas de pastores, y corrales de ovejas.  7Y será aquella parte para el resto de la casa de Judá; allí apacentarán: en las casas de Ascalón dormirán á la noche; porque Jehová su Dios los visitará, y tornará sus cautivos.  8Yo he oído las afrentas de Moab, y los denuestos de los hijos de Ammón con que deshonraron á mi pueblo, y se engrandecieron sobre su término.  9Por tanto, vivo yo, dice Jehová de los ejércitos, Dios de Israel, que Moab será como Sodoma, y los hijos de Ammon como Gomorra; campo de ortigas, y mina de sal, y asolamiento perpetuo: el resto de mi pueblo los saqueará, y el resto de mi gente los heredará.  10Esto les vendrá por su soberbia, porque afrentaron, y se engrandecieron contra el pueblo de Jehová de los ejércitos.  11Terrible será Jehová contra ellos, porque enervará á todos los dioses de la tierra; y cada uno desde su lugar se inclinará á él, todas las islas de las gentes.  12Vosotros también los de Etiopía seréis muertos con mi espada.  13Y extenderá su mano sobre el aquilón, y destruirá al Assur, y pondrá á Nínive en asolamiento, y en secadal como un desierto.  14Y rebaños de ganado harán en ella majada, todas las bestias de las gentes; el onocrótalo también y el erizo dormirán en sus umbrales: su voz cantará en las ventanas; asolación será en las puertas, porque su enmaderamiento de cedro será descubierto.  15Esta es la ciudad alegre que estaba confiada, la que decía en su corazón: Yo, y no más. ­Cómo fué en asolamiento, en cama de bestias! Cualquiera que pasare junto á ella silbará, meneará su mano."
      },
      {
        "book_name": "Zephaniah",
        "book": 36,
        "chapter": 2,
        "verse": 1,
        "text": "CONGREGAOS y meditad, gente no amable,"
      },
      {
        "book_name": "Zephaniah",
        "book": 36,
        "chapter": 2,
        "verse": 2,
        "text": "Antes que pára el decreto, y el día se pase como el tamo; antes que venga sobre vosotros el furor de la ira de Jehová, antes que el día de la ira de Jehová venga sobre vosotros."
      },
      {
        "book_name": "Zephaniah",
        "book": 36,
        "chapter": 2,
        "verse": 3,
        "text": "Buscad á Jehová todos los humildes de la tierra, que pusisteis en obra su juicio; buscad justicia, buscad mansedumbre: quizás seréis guardados en el día del enojo de Jehová."
      },
      {
        "book_name": "Zephaniah",
        "book": 36,
        "chapter": 2,
        "verse": 4,
        "text": "Porque Gaza será desamparada, y Ascalón asolada: saquearán á Asdod en el medio día, y Ecrón será desarraigada."
      },
      {
        "book_name": "Zephaniah",
        "book": 36,
        "chapter": 2,
        "verse": 5,
        "text": "Ay de los que moran á la parte de la mar, de la gente de Cheretim! La palabra de Jehová es contra vosotros, oh Canaán, tierra de Palestinos, que te haré destruir hasta no quedar morador."
      },
      {
        "book_name": "Zephaniah",
        "book": 36,
        "chapter": 2,
        "verse": 6,
        "text": "Y será la parte de la mar por moradas de cabañas de pastores, y corrales de ovejas."
      },
      {
        "book_name": "Zephaniah",
        "book": 36,
        "chapter": 2,
        "verse": 7,
        "text": "Y será aquella parte para el resto de la casa de Judá; allí apacentarán: en las casas de Ascalón dormirán á la noche; porque Jehová su Dios los visitará, y tornará sus cautivos."
      },
      {
        "book_name": "Zephaniah",
        "book": 36,
        "chapter": 2,
        "verse": 8,
        "text": "Yo he oído las afrentas de Moab, y los denuestos de los hijos de Ammón con que deshonraron á mi pueblo, y se engrandecieron sobre su término."
      },
      {
        "book_name": "Zephaniah",
        "book": 36,
        "chapter": 2,
        "verse": 9,
        "text": "Por tanto, vivo yo, dice Jehová de los ejércitos, Dios de Israel, que Moab será como Sodoma, y los hijos de Ammon como Gomorra; campo de ortigas, y mina de sal, y asolamiento perpetuo: el resto de mi pueblo los saqueará, y el resto de mi gente los heredará."
      },
      {
        "book_name": "Zephaniah",
        "book": 36,
        "chapter": 2,
        "verse": 10,
        "text": "Esto les vendrá por su soberbia, porque afrentaron, y se engrandecieron contra el pueblo de Jehová de los ejércitos."
      },
      {
        "book_name": "Zephaniah",
        "book": 36,
        "chapter": 2,
        "verse": 11,
        "text": "Terrible será Jehová contra ellos, porque enervará á todos los dioses de la tierra; y cada uno desde su lugar se inclinará á él, todas las islas de las gentes."
      },
      {
        "book_name": "Zephaniah",
        "book": 36,
        "chapter": 2,
        "verse": 12,
        "text": "Vosotros también los de Etiopía seréis muertos con mi espada."
      },
      {
        "book_name": "Zephaniah",
        "book": 36,
        "chapter": 2,
        "verse": 13,
        "text": "Y extenderá su mano sobre el aquilón, y destruirá al Assur, y pondrá á Nínive en asolamiento, y en secadal como un desierto."
      },
      {
        "book_name": "Zephaniah",
        "book": 36,
        "chapter": 2,
        "verse": 14,
        "text": "Y rebaños de ganado harán en ella majada, todas las bestias de las gentes; el onocrótalo también y el erizo dormirán en sus umbrales: su voz cantará en las ventanas; asolación será en las puertas, porque su enmaderamiento de cedro será descubierto."
      },
      {
        "book_name": "Zephaniah",
        "book": 36,
        "chapter": 2,
        "verse": 15,
        "text": "Esta es la ciudad alegre que estaba confiada, la que decía en su corazón: Yo, y no más. ­Cómo fué en asolamiento, en cama de bestias! Cualquiera que pasare junto á ella silbará, meneará su mano."
      }
    ],
    "3": [
      {
        "book_name": "Zephaniah",
        "book": 36,
        "chapter": 3,
        "verse": 1,
        "text": "1AY de la ciudad ensuciada y contaminada y opresora! 2No escuchó la voz, ni recibió la disciplina: no se confió en Jehová, no se acercó á su Dios. 3Sus príncipes en medio de ella son leones bramadores: sus jueces, lobos de tarde que no dejan hueso para la mañana: 4Sus profetas, livianos, hombres prevaricadores: sus sacerdotes contaminaron el santuario, falsearon la ley. 5Jehová justo en medio de ella, no hará iniquidad: de mañana sacará á luz su juicio, nunca falta: mas el perverso no tiene vergüenza. 6Hice talar gentes; sus castillos están asolados; hice desiertas sus calles, hasta no quedar quien pase: sus ciudades están asoladas hasta no quedar hombre, hasta no quedar morador. 7Dije: Ciertamente me temerás, recibirás corrección; y no será su habitación derruída por todo aquello sobre que los visité. Mas ellos se levantaron de mañana y corrompieron todas sus obras. 8Por tanto, esperadme, dice Jehová, al día que me levantaré al despojo: porque mi determinación es reunir las gentes, juntar los reinos, para derramar sobre ellos mi enojo, todo el furor de mi ira; porque del fuego de mi celo será consumida toda la tierra.  9Por entonces volveré yo á los pueblos el labio limpio, para que todos invoquen el nombre de Jehová, para que de un consentimiento le sirvan.  10De esa parte de los ríos de Etiopía, mis suplicantes, la hija de mis esparcidos, me traerán ofrenda.  11En aquel día no serás avergonzada por ninguna de tus obras con que te rebelaste contra mí; porque entonces quitaré de en medio de ti los que se alegran en tu soberbia, y nunca más te ensoberbecerás del monte de mi santidad.  12Y dejaré en medio de ti un pueblo humilde y pobre, los cuales esperarán en el nombre de Jehová.  13El resto de Israel no hará iniquidad, ni dirá mentira, ni en boca de ellos se hallará lengua engañosa: porque ellos serán apacentados y dormirán, y no habrá quien los espante.  14Canta, oh hija de Sión: da voces de júbilo, oh Israel; gózate y regocíjate de todo corazón, hija de Jerusalem.  15Jehová ha apartado tus juicios, ha echado fuera tus enemigos: Jehová es Rey de Israel en medio de ti; nunca más verás mal.  16En aquel tiempo se dirá á Jerusalem: No temas: Sión, no se debiliten tus manos.  17Jehová en medio de ti, poderoso, él salvará; gozaráse sobre ti con alegría, callará de amor, se regocijará sobre ti con cantar.  18Reuniré á los fastidiados por causa del largo tiempo; tuyos fueron; para quienes el oprobio de ella era una carga.  19He aquí, en aquel tiempo yo apremiaré á todos tus opresores; y salvaré la coja, y recogeré la descarriada; y pondrélos por alabanza y por renombre en todo país de confusión.  20En aquel tiempo yo os traeré, en aquel tiempo os reuniré yo; pues os daré por renombre y por alabanza entre todos los pueblos de la tierra, cuando tornaré vuestros cautivos delante de vuestros ojos, dice Jehová."
      },
      {
        "book_name": "Zephaniah",
        "book": 36,
        "chapter": 3,
        "verse": 1,
        "text": "AY de la ciudad ensuciada y contaminada y opresora!"
      },
      {
        "book_name": "Zephaniah",
        "book": 36,
        "chapter": 3,
        "verse": 2,
        "text": "No escuchó la voz, ni recibió la disciplina: no se confió en Jehová, no se acercó á su Dios."
      },
      {
        "book_name": "Zephaniah",
        "book": 36,
        "chapter": 3,
        "verse": 3,
        "text": "Sus príncipes en medio de ella son leones bramadores: sus jueces, lobos de tarde que no dejan hueso para la mañana:"
      },
      {
        "book_name": "Zephaniah",
        "book": 36,
        "chapter": 3,
        "verse": 4,
        "text": "Sus profetas, livianos, hombres prevaricadores: sus sacerdotes contaminaron el santuario, falsearon la ley."
      },
      {
        "book_name": "Zephaniah",
        "book": 36,
        "chapter": 3,
        "verse": 5,
        "text": "Jehová justo en medio de ella, no hará iniquidad: de mañana sacará á luz su juicio, nunca falta: mas el perverso no tiene vergüenza."
      },
      {
        "book_name": "Zephaniah",
        "book": 36,
        "chapter": 3,
        "verse": 6,
        "text": "Hice talar gentes; sus castillos están asolados; hice desiertas sus calles, hasta no quedar quien pase: sus ciudades están asoladas hasta no quedar hombre, hasta no quedar morador."
      },
      {
        "book_name": "Zephaniah",
        "book": 36,
        "chapter": 3,
        "verse": 7,
        "text": "Dije: Ciertamente me temerás, recibirás corrección; y no será su habitación derruída por todo aquello sobre que los visité. Mas ellos se levantaron de mañana y corrompieron todas sus obras."
      },
      {
        "book_name": "Zephaniah",
        "book": 36,
        "chapter": 3,
        "verse": 8,
        "text": "Por tanto, esperadme, dice Jehová, al día que me levantaré al despojo: porque mi determinación es reunir las gentes, juntar los reinos, para derramar sobre ellos mi enojo, todo el furor de mi ira; porque del fuego de mi celo será consumida toda la tierra."
      },
      {
        "book_name": "Zephaniah",
        "book": 36,
        "chapter": 3,
        "verse": 9,
        "text": "Por entonces volveré yo á los pueblos el labio limpio, para que todos invoquen el nombre de Jehová, para que de un consentimiento le sirvan."
      },
      {
        "book_name": "Zephaniah",
        "book": 36,
        "chapter": 3,
        "verse": 10,
        "text": "De esa parte de los ríos de Etiopía, mis suplicantes, la hija de mis esparcidos, me traerán ofrenda."
      },
      {
        "book_name": "Zephaniah",
        "book": 36,
        "chapter": 3,
        "verse": 11,
        "text": "En aquel día no serás avergonzada por ninguna de tus obras con que te rebelaste contra mí; porque entonces quitaré de en medio de ti los que se alegran en tu soberbia, y nunca más te ensoberbecerás del monte de mi santidad."
      },
      {
        "book_name": "Zephaniah",
        "book": 36,
        "chapter": 3,
        "verse": 12,
        "text": "Y dejaré en medio de ti un pueblo humilde y pobre, los cuales esperarán en el nombre de Jehová."
      },
      {
        "book_name": "Zephaniah",
        "book": 36,
        "chapter": 3,
        "verse": 13,
        "text": "El resto de Israel no hará iniquidad, ni dirá mentira, ni en boca de ellos se hallará lengua engañosa: porque ellos serán apacentados y dormirán, y no habrá quien los espante."
      },
      {
        "book_name": "Zephaniah",
        "book": 36,
        "chapter": 3,
        "verse": 14,
        "text": "Canta, oh hija de Sión: da voces de júbilo, oh Israel; gózate y regocíjate de todo corazón, hija de Jerusalem."
      },
      {
        "book_name": "Zephaniah",
        "book": 36,
        "chapter": 3,
        "verse": 15,
        "text": "Jehová ha apartado tus juicios, ha echado fuera tus enemigos: Jehová es Rey de Israel en medio de ti; nunca más verás mal."
      },
      {
        "book_name": "Zephaniah",
        "book": 36,
        "chapter": 3,
        "verse": 16,
        "text": "En aquel tiempo se dirá á Jerusalem: No temas: Sión, no se debiliten tus manos."
      },
      {
        "book_name": "Zephaniah",
        "book": 36,
        "chapter": 3,
        "verse": 17,
        "text": "Jehová en medio de ti, poderoso, él salvará; gozaráse sobre ti con alegría, callará de amor, se regocijará sobre ti con cantar."
      },
      {
        "book_name": "Zephaniah",
        "book": 36,
        "chapter": 3,
        "verse": 18,
        "text": "Reuniré á los fastidiados por causa del largo tiempo; tuyos fueron; para quienes el oprobio de ella era una carga."
      },
      {
        "book_name": "Zephaniah",
        "book": 36,
        "chapter": 3,
        "verse": 19,
        "text": "He aquí, en aquel tiempo yo apremiaré á todos tus opresores; y salvaré la coja, y recogeré la descarriada; y pondrélos por alabanza y por renombre en todo país de confusión."
      },
      {
        "book_name": "Zephaniah",
        "book": 36,
        "chapter": 3,
        "verse": 20,
        "text": "En aquel tiempo yo os traeré, en aquel tiempo os reuniré yo; pues os daré por renombre y por alabanza entre todos los pueblos de la tierra, cuando tornaré vuestros cautivos delante de vuestros ojos, dice Jehová."
      }
    ]
  }
}