{
  "source": "bible.com",
  "version": "Luis Segond (1910)",
  "book": "1 John",
  "chapters": {
    "1": [
      {
        "book_name": "1 John",
        "book": 62,
        "chapter": 1,
        "verse": 1,
        "text": "La parole de vieV. 1-4: cf. (Jn 1:1-4, 14; 17:20-23.) 1 Jn 5:11-13.  1Ce qui était #Jn 1:1.dès le commencement, ce que nous avons entendu, ce que nous avons vu de nos yeux, #Jn 1:14. 2 Pi 1:16.ce que nous avons contemplé et #Lu 24:39. Jn 20:27.que nos mains ont touché, concernant la parole de vie, 2car la vie a été manifestée, et nous l’avons vue et nous lui rendons témoignage, et nous vous annonçons la vie éternelle, qui était auprès du Père et qui nous a été manifestée, 3ce que nous avons vu et entendu, nous vous l’annonçons, à vous aussi, afin que vous aussi vous soyez en communion avec nous. Or, notre communion est avec le Père et avec son Fils Jésus-Christ. 4Et nous écrivons ces choses, afin que notre joie soit parfaite.Dieu est lumière. Marcher dans la lumière. La confession des péchés. Le pardon par Jésus-Christ1 v. 5 à 2 v. 2: cf. Ép 5:1, 8-14. (1 Jn 2:3-6. Tit 2:14.) (Pr 28:13. Ps 32:1-5.) Jn 1:29.  5La nouvelle que nous avons apprise de lui, et que nous vous annonçons, #Jn 1:9; 8:12; 9:5; 12:35, 36.c’est que Dieu est lumière, et qu’il n’y a point en lui de ténèbres. 6Si nous disons que nous sommes en communion avec lui, et que nous marchions dans les ténèbres, nous mentons, et nous ne pratiquons pas la vérité. 7Mais si nous marchons dans la lumière, comme il est lui-même dans la lumière, nous sommes mutuellement en communion, #Hé 9:14. 1 Pi 1:19. Ap 1:5.et le sang de Jésus son Fils nous purifie de tout péché. 8#1 R 8:46. 2 Ch 6:36. Job 9:2. Ps 143:3. Pr 20:9. Ec 7:20.Si nous disons que nous n’avons pas de péché, nous nous séduisons nous-mêmes, et la vérité n’est point en nous. 9#Ps 32:5. Pr 28:13.Si nous confessons nos péchés, il est fidèle et juste pour nous les pardonner, et pour nous purifier de toute iniquité. 10Si nous disons que nous n’avons pas péché, nous le faisons menteur, et sa parole n’est point en nous."
      },
      {
        "book_name": "1 John",
        "book": 62,
        "chapter": 1,
        "verse": 1,
        "text": "Ce qui était #Jn 1:1.dès le commencement, ce que nous avons entendu, ce que nous avons vu de nos yeux, #Jn 1:14. 2 Pi 1:16.ce que nous avons contemplé et #Lu 24:39. Jn 20:27.que nos mains ont touché, concernant la parole de vie,"
      },
      {
        "book_name": "1 John",
        "book": 62,
        "chapter": 1,
        "verse": 2,
        "text": "car la vie a été manifestée, et nous l’avons vue et nous lui rendons témoignage, et nous vous annonçons la vie éternelle, qui était auprès du Père et qui nous a été manifestée,"
      },
      {
        "book_name": "1 John",
        "book": 62,
        "chapter": 1,
        "verse": 3,
        "text": "ce que nous avons vu et entendu, nous vous l’annonçons, à vous aussi, afin que vous aussi vous soyez en communion avec nous. Or, notre communion est avec le Père et avec son Fils Jésus-Christ."
      },
      {
        "book_name": "1 John",
        "book": 62,
        "chapter": 1,
        "verse": 4,
        "text": "Et nous écrivons ces choses, afin que notre joie soit parfaite."
      },
      {
        "book_name": "1 John",
        "book": 62,
        "chapter": 1,
        "verse": 5,
        "text": "La nouvelle que nous avons apprise de lui, et que nous vous annonçons, #Jn 1:9; 8:12; 9:5; 12:35, 36.c’est que Dieu est lumière, et qu’il n’y a point en lui de ténèbres."
      },
      {
        "book_name": "1 John",
        "book": 62,
        "chapter": 1,
        "verse": 6,
        "text": "Si nous disons que nous sommes en communion avec lui, et que nous marchions dans les ténèbres, nous mentons, et nous ne pratiquons pas la vérité."
      },
      {
        "book_name": "1 John",
        "book": 62,
        "chapter": 1,
        "verse": 7,
        "text": "Mais si nous marchons dans la lumière, comme il est lui-même dans la lumière, nous sommes mutuellement en communion, #Hé 9:14. 1 Pi 1:19. Ap 1:5.et le sang de Jésus son Fils nous purifie de tout péché."
      },
      {
        "book_name": "1 John",
        "book": 62,
        "chapter": 1,
        "verse": 8,
        "text": "#1 R 8:46. 2 Ch 6:36. Job 9:2. Ps 143:3. Pr 20:9. Ec 7:20.Si nous disons que nous n’avons pas de péché, nous nous séduisons nous-mêmes, et la vérité n’est point en nous."
      },
      {
        "book_name": "1 John",
        "book": 62,
        "chapter": 1,
        "verse": 9,
        "text": "#Ps 32:5. Pr 28:13.Si nous confessons nos péchés, il est fidèle et juste pour nous les pardonner, et pour nous purifier de toute iniquité."
      },
      {
        "book_name": "1 John",
        "book": 62,
        "chapter": 1,
        "verse": 10,
        "text": "Si nous disons que nous n’avons pas péché, nous le faisons menteur, et sa parole n’est point en nous."
      }
    ],
    "2": [
      {
        "book_name": "1 John",
        "book": 62,
        "chapter": 2,
        "verse": 1,
        "text": "1Mes petits enfants, je vous écris ces choses, afin que vous ne péchiez point. Et si quelqu’un a péché, nous avons #1 Ti 2:5. Hé 7:25.un avocat auprès du Père, Jésus-Christ le juste. 2Il est lui-même #Ro 3:25. 2 Co 5:18. Col 1:20. 1 Jn 4:10.une victime expiatoire pour nos péchés, non seulement pour les nôtres, mais aussi pour ceux #Jn 4:42. 1 Jn 4:14.du monde entier.L’observation des commandements. L’amour fraternel; le détachement du mondeV. 3-6: cf. Mt 7:21-23. Jn 14:21-24.  3Si nous gardons ses commandements, par là nous savons que nous l’avons connu. 4#1 Jn 4:20.Celui qui dit: Je l’ai connu, et qui ne garde pas ses commandements, est un menteur, et la vérité n’est point en lui. 5Mais celui qui garde sa parole, l’amour de Dieu est véritablement parfait en lui: #Jn 13:35.par là nous savons que nous sommes en lui. 6Celui qui dit qu’il demeure en lui #Jn 13:15. 1 Pi 2:21.doit marcher aussi comme il a marché lui-même.V. 7-11: cf. (Jn 13:34, 35; 15:12-14.) Pr 4:18, 19.  7Bien-aimés, #2 Jn v. 5.ce n’est pas un commandement nouveau que je vous écris, mais un commandement ancien que vous avez eu dès le commencement; ce commandement ancien, c’est la parole que vous avez entendue. 8Toutefois, #Jn 13:34; 15:12.c’est un commandement nouveau que je vous écris, ce qui est vrai en lui et en vous, car les ténèbres se dissipent et la lumière véritable paraît déjà. 9Celui qui dit qu’il est dans la lumière, et qui hait son frère, est encore dans les ténèbres. 10#1 Jn 3:14.Celui qui aime son frère #Jn 12:35.demeure dans la lumière, et aucune occasion de chute n’est en lui. 11Mais celui qui hait son frère est dans les ténèbres, il marche dans les ténèbres, et il ne sait où il va, parce que les ténèbres ont aveuglé ses yeux.V. 12-17: cf. 1 Th 2:11, 12. (Ro 12:2. Col 3:1-3. Ja 4:4. Mt 6:24.)  12  #    \n        Lu 24:47. Ac 4:12; 13:38.  Je vous écris, petits enfants, parce que vos péchés vous sont pardonnés à cause de son nom. 13Je vous écris, pères, parce que vous avez connu celui qui est dès le commencement. Je vous écris, jeunes gens, parce que vous avez vaincu le malin. Je vous ai écrit, petits enfants, parce que vous avez connu le Père. 14Je vous ai écrit, pères, parce que vous avez connu celui qui est dès le commencement. Je vous ai écrit, jeunes gens, parce que vous êtes forts, et que la parole de Dieu demeure en vous, et que vous avez vaincu le malin. 15#Ro 12:2.N’aimez point le monde, ni les choses qui sont dans le monde. #Ga 1:10. Ja 4:4.Si quelqu’un aime le monde, l’amour du Père n’est point en lui; 16car tout ce qui est dans le monde, la convoitise de la chair, la convoitise des yeux, et l’orgueil de la vie, ne vient point du Père, mais vient du monde. 17#Ps 90:10. És 40:6. 1 Co 7:31. Ja 1:10; 4:14. 1 Pi 1:24.Et le monde passe, et sa convoitise aussi; mais celui qui fait la volonté de Dieu demeure éternellement.Les antéchristsV. 18-27: cf. (1 Jn 4:1-6. 2 Jn 7-11.) Jn 16:13-15.  18Petits enfants, c’est la dernière heure, #Mt 24:5. 2 Th 2:3.et comme vous avez appris qu’un antéchrist vient, il y a maintenant plusieurs antéchrists: par là nous connaissons que c’est la dernière heure. 19#Ps 41:10. Ac 20:30.Ils sont sortis du milieu de nous, mais ils n’étaient pas des nôtres; car s’ils eussent été des nôtres, ils seraient demeurés avec nous, #1 Co 11:19.mais cela est arrivé afin qu’il fût manifeste que tous ne sont pas des nôtres. 20#Ps 45:8; 133:2. 2 Co 1:21. Hé 1:9.Pour vous, vous avez reçu l’onction de la part de celui qui est saint, et vous avez tous de la connaissance. 21Je vous ai écrit, non que vous ne connaissiez pas la vérité, mais parce que vous la connaissez, et parce qu’aucun mensonge ne vient de la vérité. 22Qui est menteur, sinon celui qui nie que Jésus est le Christ? Celui-là est l’antéchrist, qui nie le Père et le Fils. 23#Lu 12:9. 2 Ti 2:12.Quiconque nie le Fils n’a pas non plus le Père; quiconque confesse le Fils a aussi le Père. 24Que ce que vous avez entendu dès le commencement demeure en vous. Si ce que vous avez entendu dès le commencement demeure en vous, vous demeurerez aussi dans le Fils et dans le Père. 25Et la promesse qu’il nous a faite, c’est la vie éternelle. 26Je vous ai écrit ces choses au sujet de ceux qui vous égarent. 27#Jé 31:34. Hé 8:11.Pour vous, l’onction que vous avez reçue de lui demeure en vous, et vous n’avez pas besoin qu’on vous enseigne; mais comme son onction vous enseigne toutes choses, et qu’elle est véritable et qu’elle n’est point un mensonge, demeurez en lui selon les enseignements qu’elle vous a donnés.Les enfants de Dieu2 v. 28 à 3 v. 10: cf. (Col 1:23. Jn 1:12, 13. Ro 8:14-19. Hé 12:14.) (1 Jn 5:18.)  28Et maintenant, petits enfants, demeurez en lui, #Mc 8:38. 1 Jn 3:2.afin que, lorsqu’il paraîtra, nous ayons de l’assurance, et qu’à son avènement nous ne soyons pas confus et éloignés de lui. 29Si vous savez qu’il est juste, reconnaissez que quiconque pratique la justice est né de lui."
      },
      {
        "book_name": "1 John",
        "book": 62,
        "chapter": 2,
        "verse": 1,
        "text": "Mes petits enfants, je vous écris ces choses, afin que vous ne péchiez point. Et si quelqu’un a péché, nous avons #1 Ti 2:5. Hé 7:25.un avocat auprès du Père, Jésus-Christ le juste."
      },
      {
        "book_name": "1 John",
        "book": 62,
        "chapter": 2,
        "verse": 2,
        "text": "Il est lui-même #Ro 3:25. 2 Co 5:18. Col 1:20. 1 Jn 4:10.une victime expiatoire pour nos péchés, non seulement pour les nôtres, mais aussi pour ceux #Jn 4:42. 1 Jn 4:14.du monde entier."
      },
      {
        "book_name": "1 John",
        "book": 62,
        "chapter": 2,
        "verse": 3,
        "text": "Si nous gardons ses commandements, par là nous savons que nous l’avons connu."
      },
      {
        "book_name": "1 John",
        "book": 62,
        "chapter": 2,
        "verse": 4,
        "text": "#1 Jn 4:20.Celui qui dit: Je l’ai connu, et qui ne garde pas ses commandements, est un menteur, et la vérité n’est point en lui."
      },
      {
        "book_name": "1 John",
        "book": 62,
        "chapter": 2,
        "verse": 5,
        "text": "Mais celui qui garde sa parole, l’amour de Dieu est véritablement parfait en lui: #Jn 13:35.par là nous savons que nous sommes en lui."
      },
      {
        "book_name": "1 John",
        "book": 62,
        "chapter": 2,
        "verse": 6,
        "text": "Celui qui dit qu’il demeure en lui #Jn 13:15. 1 Pi 2:21.doit marcher aussi comme il a marché lui-même."
      },
      {
        "book_name": "1 John",
        "book": 62,
        "chapter": 2,
        "verse": 7,
        "text": "Bien-aimés, #2 Jn v. 5.ce n’est pas un commandement nouveau que je vous écris, mais un commandement ancien que vous avez eu dès le commencement; ce commandement ancien, c’est la parole que vous avez entendue."
      },
      {
        "book_name": "1 John",
        "book": 62,
        "chapter": 2,
        "verse": 8,
        "text": "Toutefois, #Jn 13:34; 15:12.c’est un commandement nouveau que je vous écris, ce qui est vrai en lui et en vous, car les ténèbres se dissipent et la lumière véritable paraît déjà."
      },
      {
        "book_name": "1 John",
        "book": 62,
        "chapter": 2,
        "verse": 9,
        "text": "Celui qui dit qu’il est dans la lumière, et qui hait son frère, est encore dans les ténèbres."
      },
      {
        "book_name": "1 John",
        "book": 62,
        "chapter": 2,
        "verse": 10,
        "text": "#1 Jn 3:14.Celui qui aime son frère #Jn 12:35.demeure dans la lumière, et aucune occasion de chute n’est en lui."
      },
      {
        "book_name": "1 John",
        "book": 62,
        "chapter": 2,
        "verse": 11,
        "text": "Mais celui qui hait son frère est dans les ténèbres, il marche dans les ténèbres, et il ne sait où il va, parce que les ténèbres ont aveuglé ses yeux."
      },
      {
        "book_name": "1 John",
        "book": 62,
        "chapter": 2,
        "verse": 12,
        "text": "#    \n        Lu 24:47. Ac 4:12; 13:38.  Je vous écris, petits enfants, parce que vos péchés vous sont pardonnés à cause de son nom."
      },
      {
        "book_name": "1 John",
        "book": 62,
        "chapter": 2,
        "verse": 13,
        "text": "Je vous écris, pères, parce que vous avez connu celui qui est dès le commencement. Je vous écris, jeunes gens, parce que vous avez vaincu le malin. Je vous ai écrit, petits enfants, parce que vous avez connu le Père."
      },
      {
        "book_name": "1 John",
        "book": 62,
        "chapter": 2,
        "verse": 14,
        "text": "Je vous ai écrit, pères, parce que vous avez connu celui qui est dès le commencement. Je vous ai écrit, jeunes gens, parce que vous êtes forts, et que la parole de Dieu demeure en vous, et que vous avez vaincu le malin."
      },
      {
        "book_name": "1 John",
        "book": 62,
        "chapter": 2,
        "verse": 15,
        "text": "#Ro 12:2.N’aimez point le monde, ni les choses qui sont dans le monde. #Ga 1:10. Ja 4:4.Si quelqu’un aime le monde, l’amour du Père n’est point en lui;"
      },
      {
        "book_name": "1 John",
        "book": 62,
        "chapter": 2,
        "verse": 16,
        "text": "car tout ce qui est dans le monde, la convoitise de la chair, la convoitise des yeux, et l’orgueil de la vie, ne vient point du Père, mais vient du monde."
      },
      {
        "book_name": "1 John",
        "book": 62,
        "chapter": 2,
        "verse": 17,
        "text": "#Ps 90:10. És 40:6. 1 Co 7:31. Ja 1:10; 4:14. 1 Pi 1:24.Et le monde passe, et sa convoitise aussi; mais celui qui fait la volonté de Dieu demeure éternellement."
      },
      {
        "book_name": "1 John",
        "book": 62,
        "chapter": 2,
        "verse": 18,
        "text": "Petits enfants, c’est la dernière heure, #Mt 24:5. 2 Th 2:3.et comme vous avez appris qu’un antéchrist vient, il y a maintenant plusieurs antéchrists: par là nous connaissons que c’est la dernière heure."
      },
      {
        "book_name": "1 John",
        "book": 62,
        "chapter": 2,
        "verse": 19,
        "text": "#Ps 41:10. Ac 20:30.Ils sont sortis du milieu de nous, mais ils n’étaient pas des nôtres; car s’ils eussent été des nôtres, ils seraient demeurés avec nous, #1 Co 11:19.mais cela est arrivé afin qu’il fût manifeste que tous ne sont pas des nôtres."
      },
      {
        "book_name": "1 John",
        "book": 62,
        "chapter": 2,
        "verse": 20,
        "text": "#Ps 45:8; 133:2. 2 Co 1:21. Hé 1:9.Pour vous, vous avez reçu l’onction de la part de celui qui est saint, et vous avez tous de la connaissance."
      },
      {
        "book_name": "1 John",
        "book": 62,
        "chapter": 2,
        "verse": 21,
        "text": "Je vous ai écrit, non que vous ne connaissiez pas la vérité, mais parce que vous la connaissez, et parce qu’aucun mensonge ne vient de la vérité."
      },
      {
        "book_name": "1 John",
        "book": 62,
        "chapter": 2,
        "verse": 22,
        "text": "Qui est menteur, sinon celui qui nie que Jésus est le Christ? Celui-là est l’antéchrist, qui nie le Père et le Fils."
      },
      {
        "book_name": "1 John",
        "book": 62,
        "chapter": 2,
        "verse": 23,
        "text": "#Lu 12:9. 2 Ti 2:12.Quiconque nie le Fils n’a pas non plus le Père; quiconque confesse le Fils a aussi le Père."
      },
      {
        "book_name": "1 John",
        "book": 62,
        "chapter": 2,
        "verse": 24,
        "text": "Que ce que vous avez entendu dès le commencement demeure en vous. Si ce que vous avez entendu dès le commencement demeure en vous, vous demeurerez aussi dans le Fils et dans le Père."
      },
      {
        "book_name": "1 John",
        "book": 62,
        "chapter": 2,
        "verse": 25,
        "text": "Et la promesse qu’il nous a faite, c’est la vie éternelle."
      },
      {
        "book_name": "1 John",
        "book": 62,
        "chapter": 2,
        "verse": 26,
        "text": "Je vous ai écrit ces choses au sujet de ceux qui vous égarent."
      },
      {
        "book_name": "1 John",
        "book": 62,
        "chapter": 2,
        "verse": 27,
        "text": "#Jé 31:34. Hé 8:11.Pour vous, l’onction que vous avez reçue de lui demeure en vous, et vous n’avez pas besoin qu’on vous enseigne; mais comme son onction vous enseigne toutes choses, et qu’elle est véritable et qu’elle n’est point un mensonge, demeurez en lui selon les enseignements qu’elle vous a donnés."
      },
      {
        "book_name": "1 John",
        "book": 62,
        "chapter": 2,
        "verse": 28,
        "text": "Et maintenant, petits enfants, demeurez en lui, #Mc 8:38. 1 Jn 3:2.afin que, lorsqu’il paraîtra, nous ayons de l’assurance, et qu’à son avènement nous ne soyons pas confus et éloignés de lui."
      },
      {
        "book_name": "1 John",
        "book": 62,
        "chapter": 2,
        "verse": 29,
        "text": "Si vous savez qu’il est juste, reconnaissez que quiconque pratique la justice est né de lui."
      }
    ],
    "3": [
      {
        "book_name": "1 John",
        "book": 62,
        "chapter": 3,
        "verse": 1,
        "text": "1Voyez #1 Jn 1:12.quel amour le Père nous a témoigné, pour que nous soyons appelés enfants de Dieu! Et nous le sommes. Si le monde ne nous connaît pas, c’est qu’il ne l’a pas connu. 2Bien-aimés, #És 56:5. Jn 1:12. Ro 8:15. Ga 3:26; 4:6.nous sommes maintenant enfants de Dieu, #Mt 5:12. Ro 8:18. 2 Co 4:17.et ce que nous serons n’a pas encore été manifesté; #Ph 3:21. Col 3:4.mais nous savons que, lorsque cela sera manifesté, nous serons semblables à lui, parce que nous le verrons tel qu’il est. 3Quiconque a cette espérance en lui se purifie, comme lui-même est pur. 4Quiconque pèche transgresse la loi, et #1 Jn 5:17.le péché est la transgression de la loi. 5#És 53:12. 1 Ti 1:15.Or, vous le savez, Jésus a paru pour ôter les péchés, et #És 53:9. 2 Co 5:21. 1 Pi 2:22.il n’y a point en lui de péché. 6Quiconque demeure en lui ne pèche point; quiconque pèche ne l’a pas vu, et ne l’a pas connu. 7Petits enfants, que personne ne vous séduise. #Jn 2:29.Celui qui pratique la justice est juste, comme lui-même est juste. 8Celui qui pèche est du diable, car le diable pèche dès le commencement. Le Fils de Dieu a paru afin de détruire les œuvres du diable. 9#1 Jn 5:18.Quiconque est né de Dieu ne pratique pas le péché, #1 Pi 1:23.parce que la semence de Dieu demeure en lui; et il ne peut pécher, parce qu’il est né de Dieu. 10C’est par là que se font reconnaître les enfants de Dieu et les enfants du diable. Quiconque ne pratique pas la justice n’est pas de Dieu, non plus que celui qui n’aime pas son frère.V. 11-24: cf. Jn 13:34, 35; 15:12-21. 1 Jn 4:7, 8, 16-21.  11Car ce qui vous a été annoncé et ce que vous avez entendu dès le commencement, #Jn 13:34; 15:12. 1 Jn 3:23.c’est que nous devons nous aimer les uns les autres, 12et ne pas ressembler à #Ge 4:8.Caïn, qui était du malin, et qui tua son frère. Et pourquoi le tua-t-il? #Hé 11:4.parce que ses œuvres étaient mauvaises, et que celles de son frère étaient justes. 13#Jn 15:18.Ne vous étonnez pas, frères, si le monde vous hait. 14#1 Jn 2:10.Nous savons que nous sommes passés de la mort à la vie, parce que nous aimons les frères. Celui qui n’aime pas demeure dans la mort. 15Quiconque hait son frère est un meurtrier, et #Mt 5:21. Ga 5:21.vous savez qu’aucun meurtrier n’a la vie éternelle demeurant en lui. 16#Jn 15:13. Ép 5:2.Nous avons connu l’amour, en ce qu’il a donné sa vie pour nous; nous aussi, nous devons donner notre vie pour les frères. 17#De 15:7. Lu 3:11. Ja 2:15.Si quelqu’un possède les biens du monde, et que, voyant son frère dans le besoin, il lui ferme ses entrailles, comment l’amour de Dieu demeure-t-il en lui? 18Petits enfants, n’aimons pas en paroles et avec la langue, mais en actions et avec vérité. 19Par là nous connaîtrons que nous sommes de la vérité, et nous rassurerons nos cœurs devant lui; 20car si notre cœur nous condamne, Dieu est plus grand que notre cœur, et il connaît toutes choses. 21Bien-aimés, si notre cœur ne nous condamne pas, nous avons de l’assurance devant Dieu. 22#Jé 29:12. Mt 7:8; 21:22. Mc 11:24. Lu 11:9. Jn 14:13; 16:24. Ja 1:5. 1 Jn 5:14.Quoi que ce soit que nous demandions, nous le recevons de lui, parce que nous gardons ses commandements et que nous faisons ce qui lui est agréable. 23#Jn 6:29; 17:3.Et c’est ici son commandement: que nous croyions au nom de son Fils Jésus-Christ, et #Lé 19:18. Mt 22:39. Jn 13:34; 15:12. Ép 5:2. 1 Th 4:9. 1 Pi 4:8. 1 Jn 4:21.que nous nous aimions les uns les autres, selon le commandement qu’il nous a donné. 24#Jn 14:23; 15:10. 1 Jn 4:12.Celui qui garde ses commandements demeure en Dieu, et Dieu en lui; et nous connaissons qu’il demeure en nous par l’Esprit qu’il nous a donné."
      },
      {
        "book_name": "1 John",
        "book": 62,
        "chapter": 3,
        "verse": 1,
        "text": "Voyez #1 Jn 1:12.quel amour le Père nous a témoigné, pour que nous soyons appelés enfants de Dieu! Et nous le sommes. Si le monde ne nous connaît pas, c’est qu’il ne l’a pas connu."
      },
      {
        "book_name": "1 John",
        "book": 62,
        "chapter": 3,
        "verse": 2,
        "text": "Bien-aimés, #És 56:5. Jn 1:12. Ro 8:15. Ga 3:26; 4:6.nous sommes maintenant enfants de Dieu, #Mt 5:12. Ro 8:18. 2 Co 4:17.et ce que nous serons n’a pas encore été manifesté; #Ph 3:21. Col 3:4.mais nous savons que, lorsque cela sera manifesté, nous serons semblables à lui, parce que nous le verrons tel qu’il est."
      },
      {
        "book_name": "1 John",
        "book": 62,
        "chapter": 3,
        "verse": 3,
        "text": "Quiconque a cette espérance en lui se purifie, comme lui-même est pur."
      },
      {
        "book_name": "1 John",
        "book": 62,
        "chapter": 3,
        "verse": 4,
        "text": "Quiconque pèche transgresse la loi, et #1 Jn 5:17.le péché est la transgression de la loi."
      },
      {
        "book_name": "1 John",
        "book": 62,
        "chapter": 3,
        "verse": 5,
        "text": "#És 53:12. 1 Ti 1:15.Or, vous le savez, Jésus a paru pour ôter les péchés, et #És 53:9. 2 Co 5:21. 1 Pi 2:22.il n’y a point en lui de péché."
      },
      {
        "book_name": "1 John",
        "book": 62,
        "chapter": 3,
        "verse": 6,
        "text": "Quiconque demeure en lui ne pèche point; quiconque pèche ne l’a pas vu, et ne l’a pas connu."
      },
      {
        "book_name": "1 John",
        "book": 62,
        "chapter": 3,
        "verse": 7,
        "text": "Petits enfants, que personne ne vous séduise. #Jn 2:29.Celui qui pratique la justice est juste, comme lui-même est juste."
      },
      {
        "book_name": "1 John",
        "book": 62,
        "chapter": 3,
        "verse": 8,
        "text": "Celui qui pèche est du diable, car le diable pèche dès le commencement. Le Fils de Dieu a paru afin de détruire les œuvres du diable."
      },
      {
        "book_name": "1 John",
        "book": 62,
        "chapter": 3,
        "verse": 9,
        "text": "#1 Jn 5:18.Quiconque est né de Dieu ne pratique pas le péché, #1 Pi 1:23.parce que la semence de Dieu demeure en lui; et il ne peut pécher, parce qu’il est né de Dieu."
      },
      {
        "book_name": "1 John",
        "book": 62,
        "chapter": 3,
        "verse": 10,
        "text": "C’est par là que se font reconnaître les enfants de Dieu et les enfants du diable. Quiconque ne pratique pas la justice n’est pas de Dieu, non plus que celui qui n’aime pas son frère."
      },
      {
        "book_name": "1 John",
        "book": 62,
        "chapter": 3,
        "verse": 11,
        "text": "Car ce qui vous a été annoncé et ce que vous avez entendu dès le commencement, #Jn 13:34; 15:12. 1 Jn 3:23.c’est que nous devons nous aimer les uns les autres,"
      },
      {
        "book_name": "1 John",
        "book": 62,
        "chapter": 3,
        "verse": 12,
        "text": "et ne pas ressembler à #Ge 4:8.Caïn, qui était du malin, et qui tua son frère. Et pourquoi le tua-t-il? #Hé 11:4.parce que ses œuvres étaient mauvaises, et que celles de son frère étaient justes."
      },
      {
        "book_name": "1 John",
        "book": 62,
        "chapter": 3,
        "verse": 13,
        "text": "#Jn 15:18.Ne vous étonnez pas, frères, si le monde vous hait."
      },
      {
        "book_name": "1 John",
        "book": 62,
        "chapter": 3,
        "verse": 14,
        "text": "#1 Jn 2:10.Nous savons que nous sommes passés de la mort à la vie, parce que nous aimons les frères. Celui qui n’aime pas demeure dans la mort."
      },
      {
        "book_name": "1 John",
        "book": 62,
        "chapter": 3,
        "verse": 15,
        "text": "Quiconque hait son frère est un meurtrier, et #Mt 5:21. Ga 5:21.vous savez qu’aucun meurtrier n’a la vie éternelle demeurant en lui."
      },
      {
        "book_name": "1 John",
        "book": 62,
        "chapter": 3,
        "verse": 16,
        "text": "#Jn 15:13. Ép 5:2.Nous avons connu l’amour, en ce qu’il a donné sa vie pour nous; nous aussi, nous devons donner notre vie pour les frères."
      },
      {
        "book_name": "1 John",
        "book": 62,
        "chapter": 3,
        "verse": 17,
        "text": "#De 15:7. Lu 3:11. Ja 2:15.Si quelqu’un possède les biens du monde, et que, voyant son frère dans le besoin, il lui ferme ses entrailles, comment l’amour de Dieu demeure-t-il en lui?"
      },
      {
        "book_name": "1 John",
        "book": 62,
        "chapter": 3,
        "verse": 18,
        "text": "Petits enfants, n’aimons pas en paroles et avec la langue, mais en actions et avec vérité."
      },
      {
        "book_name": "1 John",
        "book": 62,
        "chapter": 3,
        "verse": 19,
        "text": "Par là nous connaîtrons que nous sommes de la vérité, et nous rassurerons nos cœurs devant lui;"
      },
      {
        "book_name": "1 John",
        "book": 62,
        "chapter": 3,
        "verse": 20,
        "text": "car si notre cœur nous condamne, Dieu est plus grand que notre cœur, et il connaît toutes choses."
      },
      {
        "book_name": "1 John",
        "book": 62,
        "chapter": 3,
        "verse": 21,
        "text": "Bien-aimés, si notre cœur ne nous condamne pas, nous avons de l’assurance devant Dieu."
      },
      {
        "book_name": "1 John",
        "book": 62,
        "chapter": 3,
        "verse": 22,
        "text": "#Jé 29:12. Mt 7:8; 21:22. Mc 11:24. Lu 11:9. Jn 14:13; 16:24. Ja 1:5. 1 Jn 5:14.Quoi que ce soit que nous demandions, nous le recevons de lui, parce que nous gardons ses commandements et que nous faisons ce qui lui est agréable."
      },
      {
        "book_name": "1 John",
        "book": 62,
        "chapter": 3,
        "verse": 23,
        "text": "#Jn 6:29; 17:3.Et c’est ici son commandement: que nous croyions au nom de son Fils Jésus-Christ, et #Lé 19:18. Mt 22:39. Jn 13:34; 15:12. Ép 5:2. 1 Th 4:9. 1 Pi 4:8. 1 Jn 4:21.que nous nous aimions les uns les autres, selon le commandement qu’il nous a donné."
      },
      {
        "book_name": "1 John",
        "book": 62,
        "chapter": 3,
        "verse": 24,
        "text": "#Jn 14:23; 15:10. 1 Jn 4:12.Celui qui garde ses commandements demeure en Dieu, et Dieu en lui; et nous connaissons qu’il demeure en nous par l’Esprit qu’il nous a donné."
      }
    ],
    "4": [
      {
        "book_name": "1 John",
        "book": 62,
        "chapter": 4,
        "verse": 1,
        "text": "Les faux docteursV. 1-6: cf. De 13:1-3. (1 Jn 2:18-27. 2 Jn 7-11.)  1Bien-aimés, #Jé 29:8. Mt 24:4. Ép 5:6. Col 2:18.n’ajoutez pas foi à tout esprit; #Mt 7:15, 16. 1 Co 14:29. 1 Th 5:21.mais éprouvez les esprits, pour savoir s’ils sont de Dieu, #Mt 24:5, 24. 2 Pi 2:1. 2 Jn v. 7.car plusieurs faux prophètes sont venus dans le monde. 2Reconnaissez à ceci l’Esprit de Dieu: tout esprit qui confesse Jésus-Christ venu en chair est de Dieu; 3et tout esprit qui ne confesse pas Jésus n’est pas de Dieu, #1 Jn 2:22.c’est celui de l’antéchrist, #1 Jn 2:18.dont vous avez appris la venue, et qui maintenant #2 Th 2:7.est déjà dans le monde. 4Vous, petits enfants, vous êtes de Dieu, et vous les avez vaincus, parce que celui qui est en vous est plus grand que celui qui est dans le monde. 5Eux, ils sont du monde; c’est pourquoi ils parlent d’après le monde, et le monde les écoute. 6#Jn 8:47; 10:27.Nous, nous sommes de Dieu; celui qui connaît Dieu nous écoute; celui qui n’est pas de Dieu ne nous écoute pas: c’est par là que nous connaissons l’esprit de la vérité et l’esprit de l’erreur.Dieu est amour. Aimer Dieu et aimer ses frèresV. 7-21: cf. 1 Jn 3:11-24. (Jn 3:16, 17. Ro 5:5-8. Ép 5:1, 2.)  7Bien-aimés, aimons nous les uns les autres; car l’amour est de Dieu, et quiconque aime est né de Dieu et connaît Dieu. 8Celui qui n’aime pas n’a pas connu Dieu, car Dieu est amour. 9#Jn 3:16. Ro 5:8.L’amour de Dieu a été manifesté envers nous en ce que Dieu a envoyé son Fils unique dans le monde, afin que nous vivions par lui. 10Et cet amour consiste, non point en ce que nous avons aimé Dieu, #Ro 3:24. 2 Co 5:19. Col 1:19.mais en ce qu’il nous a aimés et a envoyé son Fils #Ro 3:25. 1 Jn 2:2.comme victime expiatoire pour nos péchés. 11Bien-aimés, si Dieu nous a ainsi aimés, nous devons aussi nous aimer les uns les autres. 12#Ex 33:20. De 4:12. Jn 1:18. 1 Ti 1:17; 6:16.Personne n’a jamais vu Dieu; #1 Jn 3:24.si nous nous aimons les uns les autres, Dieu demeure en nous, et son amour est parfait en nous. 13Nous connaissons que nous demeurons en lui, et qu’il demeure en nous, en ce qu’il nous a donné de son Esprit. 14Et nous, nous avons vu et nous attestons que le Père a envoyé le Fils comme Sauveur du monde. 15Celui qui confessera que Jésus est le Fils de Dieu, Dieu demeure en lui, et lui en Dieu. 16Et nous, nous avons connu l’amour que Dieu a pour nous, et nous y avons cru. Dieu est amour; et celui qui demeure dans l’amour demeure en Dieu, et Dieu demeure en lui. 17Tel il est, tels nous sommes aussi dans ce monde: c’est en cela que l’amour est parfait en nous, afin que nous ayons de l’assurance au jour du jugement. 18La crainte n’est pas dans l’amour, mais l’amour parfait bannit la crainte; car la crainte suppose un châtiment, et celui qui craint n’est pas parfait dans l’amour. 19Pour nous, nous l’aimons, parce qu’il nous a aimés le premier. 20#1 Jn 2:4.Si quelqu’un dit: J’aime Dieu, et qu’il haïsse son frère, c’est un menteur; car celui qui n’aime pas son frère qu’il voit, comment peut-il aimer Dieu qu’il ne voit pas? 21#Lé 19:18. Mt 22:39. Jn 13:34; 15:12. Ép 5:2. 1 Th 4:9. 1 Pi 4:8. 1 Jn 3:23.Et nous avons de lui ce commandement: que celui qui aime Dieu aime aussi son frère."
      },
      {
        "book_name": "1 John",
        "book": 62,
        "chapter": 4,
        "verse": 1,
        "text": "Bien-aimés, #Jé 29:8. Mt 24:4. Ép 5:6. Col 2:18.n’ajoutez pas foi à tout esprit; #Mt 7:15, 16. 1 Co 14:29. 1 Th 5:21.mais éprouvez les esprits, pour savoir s’ils sont de Dieu, #Mt 24:5, 24. 2 Pi 2:1. 2 Jn v. 7.car plusieurs faux prophètes sont venus dans le monde."
      },
      {
        "book_name": "1 John",
        "book": 62,
        "chapter": 4,
        "verse": 2,
        "text": "Reconnaissez à ceci l’Esprit de Dieu: tout esprit qui confesse Jésus-Christ venu en chair est de Dieu;"
      },
      {
        "book_name": "1 John",
        "book": 62,
        "chapter": 4,
        "verse": 3,
        "text": "et tout esprit qui ne confesse pas Jésus n’est pas de Dieu, #1 Jn 2:22.c’est celui de l’antéchrist, #1 Jn 2:18.dont vous avez appris la venue, et qui maintenant #2 Th 2:7.est déjà dans le monde."
      },
      {
        "book_name": "1 John",
        "book": 62,
        "chapter": 4,
        "verse": 4,
        "text": "Vous, petits enfants, vous êtes de Dieu, et vous les avez vaincus, parce que celui qui est en vous est plus grand que celui qui est dans le monde."
      },
      {
        "book_name": "1 John",
        "book": 62,
        "chapter": 4,
        "verse": 5,
        "text": "Eux, ils sont du monde; c’est pourquoi ils parlent d’après le monde, et le monde les écoute."
      },
      {
        "book_name": "1 John",
        "book": 62,
        "chapter": 4,
        "verse": 6,
        "text": "#Jn 8:47; 10:27.Nous, nous sommes de Dieu; celui qui connaît Dieu nous écoute; celui qui n’est pas de Dieu ne nous écoute pas: c’est par là que nous connaissons l’esprit de la vérité et l’esprit de l’erreur."
      },
      {
        "book_name": "1 John",
        "book": 62,
        "chapter": 4,
        "verse": 7,
        "text": "Bien-aimés, aimons nous les uns les autres; car l’amour est de Dieu, et quiconque aime est né de Dieu et connaît Dieu."
      },
      {
        "book_name": "1 John",
        "book": 62,
        "chapter": 4,
        "verse": 8,
        "text": "Celui qui n’aime pas n’a pas connu Dieu, car Dieu est amour."
      },
      {
        "book_name": "1 John",
        "book": 62,
        "chapter": 4,
        "verse": 9,
        "text": "#Jn 3:16. Ro 5:8.L’amour de Dieu a été manifesté envers nous en ce que Dieu a envoyé son Fils unique dans le monde, afin que nous vivions par lui."
      },
      {
        "book_name": "1 John",
        "book": 62,
        "chapter": 4,
        "verse": 10,
        "text": "Et cet amour consiste, non point en ce que nous avons aimé Dieu, #Ro 3:24. 2 Co 5:19. Col 1:19.mais en ce qu’il nous a aimés et a envoyé son Fils #Ro 3:25. 1 Jn 2:2.comme victime expiatoire pour nos péchés."
      },
      {
        "book_name": "1 John",
        "book": 62,
        "chapter": 4,
        "verse": 11,
        "text": "Bien-aimés, si Dieu nous a ainsi aimés, nous devons aussi nous aimer les uns les autres."
      },
      {
        "book_name": "1 John",
        "book": 62,
        "chapter": 4,
        "verse": 12,
        "text": "#Ex 33:20. De 4:12. Jn 1:18. 1 Ti 1:17; 6:16.Personne n’a jamais vu Dieu; #1 Jn 3:24.si nous nous aimons les uns les autres, Dieu demeure en nous, et son amour est parfait en nous."
      },
      {
        "book_name": "1 John",
        "book": 62,
        "chapter": 4,
        "verse": 13,
        "text": "Nous connaissons que nous demeurons en lui, et qu’il demeure en nous, en ce qu’il nous a donné de son Esprit."
      },
      {
        "book_name": "1 John",
        "book": 62,
        "chapter": 4,
        "verse": 14,
        "text": "Et nous, nous avons vu et nous attestons que le Père a envoyé le Fils comme Sauveur du monde."
      },
      {
        "book_name": "1 John",
        "book": 62,
        "chapter": 4,
        "verse": 15,
        "text": "Celui qui confessera que Jésus est le Fils de Dieu, Dieu demeure en lui, et lui en Dieu."
      },
      {
        "book_name": "1 John",
        "book": 62,
        "chapter": 4,
        "verse": 16,
        "text": "Et nous, nous avons connu l’amour que Dieu a pour nous, et nous y avons cru. Dieu est amour; et celui qui demeure dans l’amour demeure en Dieu, et Dieu demeure en lui."
      },
      {
        "book_name": "1 John",
        "book": 62,
        "chapter": 4,
        "verse": 17,
        "text": "Tel il est, tels nous sommes aussi dans ce monde: c’est en cela que l’amour est parfait en nous, afin que nous ayons de l’assurance au jour du jugement."
      },
      {
        "book_name": "1 John",
        "book": 62,
        "chapter": 4,
        "verse": 18,
        "text": "La crainte n’est pas dans l’amour, mais l’amour parfait bannit la crainte; car la crainte suppose un châtiment, et celui qui craint n’est pas parfait dans l’amour."
      },
      {
        "book_name": "1 John",
        "book": 62,
        "chapter": 4,
        "verse": 19,
        "text": "Pour nous, nous l’aimons, parce qu’il nous a aimés le premier."
      },
      {
        "book_name": "1 John",
        "book": 62,
        "chapter": 4,
        "verse": 20,
        "text": "#1 Jn 2:4.Si quelqu’un dit: J’aime Dieu, et qu’il haïsse son frère, c’est un menteur; car celui qui n’aime pas son frère qu’il voit, comment peut-il aimer Dieu qu’il ne voit pas?"
      },
      {
        "book_name": "1 John",
        "book": 62,
        "chapter": 4,
        "verse": 21,
        "text": "#Lé 19:18. Mt 22:39. Jn 13:34; 15:12. Ép 5:2. 1 Th 4:9. 1 Pi 4:8. 1 Jn 3:23.Et nous avons de lui ce commandement: que celui qui aime Dieu aime aussi son frère."
      }
    ],
    "5": [
      {
        "book_name": "1 John",
        "book": 62,
        "chapter": 5,
        "verse": 1,
        "text": "La foi en Jésus, et ses conséquencesV. 1-13: cf. 2 Jn 5, 6. Hé 11. Jn 1:29-34; 3:16, 36; 20:31.  1  #    \n        Jn 1:12.  Quiconque croit que Jésus est le Christ, est né de Dieu, et quiconque aime celui qui l’a engendré aime aussi celui qui est né de lui. 2Nous connaissons que nous aimons les enfants de Dieu, lorsque nous aimons Dieu, et que nous pratiquons ses commandements. 3#Jn 14:15; 15:10.Car l’amour de Dieu consiste à garder ses commandements. #Mt 11:29, 30.Et ses commandements ne sont pas pénibles, 4parce que tout ce qui est né de Dieu triomphe du monde; #Jn 16:33.et la victoire qui triomphe du monde, c’est notre foi. 5#1 Co 15:57.Qui est celui qui a triomphé du monde, #1 Jn 4:15.sinon celui qui croit que Jésus est le Fils de Dieu? 6C’est lui, Jésus-Christ, qui est venu avec de l’eau et du sang; non avec l’eau seulement, mais avec l’eau et avec le sang; et c’est l’Esprit qui rend témoignage, parce que l’Esprit est la vérité. 7Car il y en a trois qui rendent témoignage: 8l’Esprit, l’eau et le sang, et les trois sont d’accord. 9#Jn 5:37.Si nous recevons le témoignage des hommes, le témoignage de Dieu est plus grand; car le témoignage de Dieu consiste en ce qu’il a rendu témoignage à son Fils. 10#Jn 3:36. Ro 8:16. Ga 4:6.Celui qui croit au Fils de Dieu a ce témoignage en lui-même; celui qui ne croit pas Dieu le fait menteur, puisqu’il ne croit pas au témoignage que Dieu a rendu à son Fils. 11Et voici ce témoignage, c’est que Dieu nous a donné la vie éternelle, et #Jn 1:4.que cette vie est dans son Fils. 12Celui qui a le Fils a la vie; celui qui n’a pas le Fils de Dieu n’a pas la vie. 13#Jn 20:31.Je vous ai écrit ces choses, afin que vous sachiez que vous avez la vie éternelle, vous qui croyez au nom du Fils de Dieu.Efficacité de la prièreV. 14-21: cf. Jn 15:7. Mc 11:24. Ja 5:14-16.  14Nous avons auprès de lui cette assurance, #Jé 29:12. Mt 7:8; 21:22. Mc 11:24. Lu 11:9. Jn 14:13; 15:7; 16:24. Ja 1:5. 1 Jn 3:22.que si nous demandons quelque chose selon sa volonté, il nous écoute. 15Et si nous savons qu’il nous écoute, quelque chose que nous demandions, nous savons que nous possédons la chose que nous lui avons demandée. 16Si quelqu’un voit son frère commettre un péché qui ne mène point à la mort, qu’il prie, et Dieu donnera la vie à ce frère, il la donnera à ceux qui commettent un péché qui ne mène point à la mort. #No 15:30. 1 S 2:25. Mt 12:31. Mc 3:29. Lu 12:10. Hé 6:4; 10:26. 2 Pi 2:20.Il y a un péché qui mène à la mort; ce n’est pas pour ce péché-là que je dis de prier. 17#1 Jn 3:4.Toute iniquité est un péché, et il y a tel péché qui ne mène pas à la mort. 18#1 Jn 3:9.Nous savons que quiconque est né de Dieu ne pèche point; mais celui qui est né de Dieu se garde lui-même, et le malin ne le touche pas. 19Nous savons que nous sommes de Dieu, et que le monde entier est sous la puissance du malin. 20Nous savons aussi que le Fils de Dieu est venu, #Lu 24:45.et qu’il nous a donné l’intelligence pour connaître le Véritable; et nous sommes dans le Véritable, en son Fils Jésus-Christ. #És 9:5; 44:6; 54:5. Jn 20:28. Ro 9:5. 1 Ti 3:16.C’est lui qui est le Dieu véritable, et la vie éternelle. 21Petits enfants, gardez-vous des idoles."
      },
      {
        "book_name": "1 John",
        "book": 62,
        "chapter": 5,
        "verse": 1,
        "text": "#    \n        Jn 1:12.  Quiconque croit que Jésus est le Christ, est né de Dieu, et quiconque aime celui qui l’a engendré aime aussi celui qui est né de lui."
      },
      {
        "book_name": "1 John",
        "book": 62,
        "chapter": 5,
        "verse": 2,
        "text": "Nous connaissons que nous aimons les enfants de Dieu, lorsque nous aimons Dieu, et que nous pratiquons ses commandements."
      },
      {
        "book_name": "1 John",
        "book": 62,
        "chapter": 5,
        "verse": 3,
        "text": "#Jn 14:15; 15:10.Car l’amour de Dieu consiste à garder ses commandements. #Mt 11:29, 30.Et ses commandements ne sont pas pénibles,"
      },
      {
        "book_name": "1 John",
        "book": 62,
        "chapter": 5,
        "verse": 4,
        "text": "parce que tout ce qui est né de Dieu triomphe du monde; #Jn 16:33.et la victoire qui triomphe du monde, c’est notre foi."
      },
      {
        "book_name": "1 John",
        "book": 62,
        "chapter": 5,
        "verse": 5,
        "text": "#1 Co 15:57.Qui est celui qui a triomphé du monde, #1 Jn 4:15.sinon celui qui croit que Jésus est le Fils de Dieu?"
      },
      {
        "book_name": "1 John",
        "book": 62,
        "chapter": 5,
        "verse": 6,
        "text": "C’est lui, Jésus-Christ, qui est venu avec de l’eau et du sang; non avec l’eau seulement, mais avec l’eau et avec le sang; et c’est l’Esprit qui rend témoignage, parce que l’Esprit est la vérité."
      },
      {
        "book_name": "1 John",
        "book": 62,
        "chapter": 5,
        "verse": 7,
        "text": "Car il y en a trois qui rendent témoignage:"
      },
      {
        "book_name": "1 John",
        "book": 62,
        "chapter": 5,
        "verse": 8,
        "text": "l’Esprit, l’eau et le sang, et les trois sont d’accord."
      },
      {
        "book_name": "1 John",
        "book": 62,
        "chapter": 5,
        "verse": 9,
        "text": "#Jn 5:37.Si nous recevons le témoignage des hommes, le témoignage de Dieu est plus grand; car le témoignage de Dieu consiste en ce qu’il a rendu témoignage à son Fils."
      },
      {
        "book_name": "1 John",
        "book": 62,
        "chapter": 5,
        "verse": 10,
        "text": "#Jn 3:36. Ro 8:16. Ga 4:6.Celui qui croit au Fils de Dieu a ce témoignage en lui-même; celui qui ne croit pas Dieu le fait menteur, puisqu’il ne croit pas au témoignage que Dieu a rendu à son Fils."
      },
      {
        "book_name": "1 John",
        "book": 62,
        "chapter": 5,
        "verse": 11,
        "text": "Et voici ce témoignage, c’est que Dieu nous a donné la vie éternelle, et #Jn 1:4.que cette vie est dans son Fils."
      },
      {
        "book_name": "1 John",
        "book": 62,
        "chapter": 5,
        "verse": 12,
        "text": "Celui qui a le Fils a la vie; celui qui n’a pas le Fils de Dieu n’a pas la vie."
      },
      {
        "book_name": "1 John",
        "book": 62,
        "chapter": 5,
        "verse": 13,
        "text": "#Jn 20:31.Je vous ai écrit ces choses, afin que vous sachiez que vous avez la vie éternelle, vous qui croyez au nom du Fils de Dieu."
      },
      {
        "book_name": "1 John",
        "book": 62,
        "chapter": 5,
        "verse": 14,
        "text": "Nous avons auprès de lui cette assurance, #Jé 29:12. Mt 7:8; 21:22. Mc 11:24. Lu 11:9. Jn 14:13; 15:7; 16:24. Ja 1:5. 1 Jn 3:22.que si nous demandons quelque chose selon sa volonté, il nous écoute."
      },
      {
        "book_name": "1 John",
        "book": 62,
        "chapter": 5,
        "verse": 15,
        "text": "Et si nous savons qu’il nous écoute, quelque chose que nous demandions, nous savons que nous possédons la chose que nous lui avons demandée."
      },
      {
        "book_name": "1 John",
        "book": 62,
        "chapter": 5,
        "verse": 16,
        "text": "Si quelqu’un voit son frère commettre un péché qui ne mène point à la mort, qu’il prie, et Dieu donnera la vie à ce frère, il la donnera à ceux qui commettent un péché qui ne mène point à la mort. #No 15:30. 1 S 2:25. Mt 12:31. Mc 3:29. Lu 12:10. Hé 6:4; 10:26. 2 Pi 2:20.Il y a un péché qui mène à la mort; ce n’est pas pour ce péché-là que je dis de prier."
      },
      {
        "book_name": "1 John",
        "book": 62,
        "chapter": 5,
        "verse": 17,
        "text": "#1 Jn 3:4.Toute iniquité est un péché, et il y a tel péché qui ne mène pas à la mort."
      },
      {
        "book_name": "1 John",
        "book": 62,
        "chapter": 5,
        "verse": 18,
        "text": "#1 Jn 3:9.Nous savons que quiconque est né de Dieu ne pèche point; mais celui qui est né de Dieu se garde lui-même, et le malin ne le touche pas."
      },
      {
        "book_name": "1 John",
        "book": 62,
        "chapter": 5,
        "verse": 19,
        "text": "Nous savons que nous sommes de Dieu, et que le monde entier est sous la puissance du malin."
      },
      {
        "book_name": "1 John",
        "book": 62,
        "chapter": 5,
        "verse": 20,
        "text": "Nous savons aussi que le Fils de Dieu est venu, #Lu 24:45.et qu’il nous a donné l’intelligence pour connaître le Véritable; et nous sommes dans le Véritable, en son Fils Jésus-Christ. #És 9:5; 44:6; 54:5. Jn 20:28. Ro 9:5. 1 Ti 3:16.C’est lui qui est le Dieu véritable, et la vie éternelle."
      },
      {
        "book_name": "1 John",
        "book": 62,
        "chapter": 5,
        "verse": 21,
        "text": "Petits enfants, gardez-vous des idoles."
      }
    ]
  }
}