{
  "source": "bible.com",
  "version": "Luis Segond (1910)",
  "book": "1 Petrus",
  "chapters": {
    "1": [
      {
        "book_name": "1 Petrus",
        "book": 60,
        "chapter": 1,
        "verse": 1,
        "text": "Adresse et salutationV. 1-2: cf. 2 Pi 1:1, 2. Ja 1:1. Jud 1, 2.  1Pierre, apôtre de Jésus-Christ, à ceux qui sont étrangers et #Ja 1:1.dispersés dans le Pont, la Galatie, la Cappadoce, l’Asie et la Bithynie, 2et qui sont élus selon la prescience de Dieu le Père, par la sanctification de l’Esprit, afin qu’ils deviennent obéissants, et qu’ils participent à #Hé 12:24.l’aspersion du sang de Jésus-Christ: #Ro 1:17. 1 Co 1:3. Ga 1:3. Ép 1:2.que la grâce et la paix vous soient #2 Pi 1:2. Jud v. 2.multipliées!Actions de grâces au sujet de l’espérance du salutV. 3-12: cf. (Ép 2:4-8. 1 Co 15:20-23. Col 1:5, 12, 13.) (Ro 8:17, 18. 2 Co 4:17, 18. 1 Jn 3:1, 2.) (Mt 13:17. Ro 16:25, 26.)  3  #    \n        2 Co 1:3. Ép 1:3.  Béni soit Dieu, le Père de notre Seigneur Jésus-Christ, #Ro 6:23. Ja 1:18.qui, selon sa grande miséricorde, nous a régénérés, pour une espérance vivante, #1 Co 15:20.par la résurrection de Jésus-Christ d’entre les morts, 4pour un héritage qui ne se peut ni corrompre, ni souiller, ni flétrir, #Col 1:5. 2 Ti 1:12.lequel vous est réservé dans les cieux, 5à vous qui, par la puissance de Dieu, êtes gardés par la foi pour le salut prêt à être révélé dans les derniers temps! 6#Ro 5:3. Ja 1:2.C’est là ce qui fait votre joie, #Hé 10:37. 1 Pi 5:10.quoique maintenant, puisqu’il le faut, vous soyez attristés pour un peu de temps par diverses épreuves, 7#És 48:10. 1 Co 3:13. Ja 1:3. 1 Pi 4:12.afin que l’épreuve de votre foi, plus précieuse que l’or périssable (qui cependant est éprouvé par le feu), ait pour résultat la louange, la gloire et l’honneur, lorsque Jésus-Christ apparaîtra, 8#Jn 20:29.lui que vous aimez sans l’avoir vu, en qui vous croyez sans le voir encore, vous réjouissant d’une joie ineffable et glorieuse, 9parce que vous obtiendrez le salut de vos âmes pour prix de votre foi. 10#Ge 49:10. Da 2:44. Ag 2:8. Za 6:12.Les prophètes, qui ont prophétisé touchant la grâce qui vous était réservée, ont fait de ce salut l’objet de leurs recherches et de leurs investigations, 11#Da 9:24.voulant sonder l’époque et les circonstances marquées par l’Esprit de Christ qui était en eux, et qui attestait d’avance #Ps 22:7. És 53:3.les souffrances de Christ et la gloire dont elles seraient suivies. 12Il leur fut révélé que ce n’était pas pour eux-mêmes, mais pour vous, qu’ils étaient les dispensateurs de ces choses, que vous ont annoncées maintenant ceux qui vous ont prêché l’Évangile #Ac 2:4.par le Saint-Esprit envoyé du ciel, et #Ép 3:10.dans lesquelles les anges désirent plonger leurs regards.Exhortation à la saintetéV. 13-25: cf. (1 Th 5:8, 9. Ép 5:1. Hé 12:14.) (1 Co 6:20. Tit 2:11-14.) (1 Jn 5:1. Ja 1:18.)  13  #    \n        Lu 12:35. Ép 6:14.  C’est pourquoi, ceignez les reins de votre entendement, soyez sobres, et ayez une entière espérance dans la grâce qui vous sera apportée, lorsque Jésus-Christ apparaîtra. 14Comme des enfants obéissants, ne vous conformez pas aux convoitises que vous aviez autrefois, quand vous étiez dans l’ignorance. 15Mais, puisque celui qui vous a appelés est saint, #Lu 1:75.vous aussi soyez saints dans toute votre conduite,  16selon qu’il est écrit: #Lé 11:44, 45; 19:2; 20:7.Vous serez saints, car je suis saint.  17Et si vous invoquez comme Père celui qui juge selon l’œuvre de chacun, #De 10:17. 2 Ch 19:7. Job 34:19. Ac 10:34. Ro 2:11. Ga 2:6. Ép 6:9. Col 3:25.sans acception de personnes, conduisez-vous avec crainte pendant le temps de votre pèlerinage, 18#1 Co 6:20; 7:23.sachant que ce n’est pas par des choses périssables, par de l’argent ou de l’or, que vous avez été rachetés de la vaine manière de vivre que vous aviez héritée de vos pères, 19mais #Ac 20:28. Hé 9:12. Ap 1:5.par le sang précieux de Christ, comme d’un agneau sans défaut et sans tache, 20#Ro 16:25. Ép 1:9; 3:9. Col 1:26. 2 Ti 1:9. Tit 1:2.prédestiné avant la fondation du monde, et manifesté à la fin des temps, à cause de vous, 21qui par lui croyez en Dieu, lequel l’a ressuscité des morts et #Ac 2:33. Ph 2:9.lui a donné la gloire, en sorte que votre foi et votre espérance reposent sur Dieu. 22Ayant purifié vos âmes en obéissant à la vérité pour avoir un amour fraternel sincère, #Ro 12:10. Ép 4:3. Hé 13:1. 1 Pi 2:17.aimez-vous ardemment les uns les autres, de tout votre cœur, 23puisque vous avez été #Ja 1:18.régénérés, non par une semence corruptible, mais par une #1 Jn 3:9.semence incorruptible, par la parole vivante et permanente de Dieu. 24#És 40:6. 1 Co 7:31. Ja 1:10; 4:14. 1 Jn 2:17.CarToute chair est comme l’herbe,et toute sa gloire comme la fleur de l’herbe.L’herbe sèche, et la fleur tombe;  25mais la parole du Seigneur demeure éternellement.Et cette parole est celle qui vous a été annoncée par l’Évangile."
      },
      {
        "book_name": "1 Petrus",
        "book": 60,
        "chapter": 1,
        "verse": 1,
        "text": "Pierre, apôtre de Jésus-Christ, à ceux qui sont étrangers et #Ja 1:1.dispersés dans le Pont, la Galatie, la Cappadoce, l’Asie et la Bithynie,"
      },
      {
        "book_name": "1 Petrus",
        "book": 60,
        "chapter": 1,
        "verse": 2,
        "text": "et qui sont élus selon la prescience de Dieu le Père, par la sanctification de l’Esprit, afin qu’ils deviennent obéissants, et qu’ils participent à #Hé 12:24.l’aspersion du sang de Jésus-Christ: #Ro 1:17. 1 Co 1:3. Ga 1:3. Ép 1:2.que la grâce et la paix vous soient #2 Pi 1:2. Jud v. 2.multipliées!"
      },
      {
        "book_name": "1 Petrus",
        "book": 60,
        "chapter": 1,
        "verse": 3,
        "text": "#    \n        2 Co 1:3. Ép 1:3.  Béni soit Dieu, le Père de notre Seigneur Jésus-Christ, #Ro 6:23. Ja 1:18.qui, selon sa grande miséricorde, nous a régénérés, pour une espérance vivante, #1 Co 15:20.par la résurrection de Jésus-Christ d’entre les morts,"
      },
      {
        "book_name": "1 Petrus",
        "book": 60,
        "chapter": 1,
        "verse": 4,
        "text": "pour un héritage qui ne se peut ni corrompre, ni souiller, ni flétrir, #Col 1:5. 2 Ti 1:12.lequel vous est réservé dans les cieux,"
      },
      {
        "book_name": "1 Petrus",
        "book": 60,
        "chapter": 1,
        "verse": 5,
        "text": "à vous qui, par la puissance de Dieu, êtes gardés par la foi pour le salut prêt à être révélé dans les derniers temps!"
      },
      {
        "book_name": "1 Petrus",
        "book": 60,
        "chapter": 1,
        "verse": 6,
        "text": "#Ro 5:3. Ja 1:2.C’est là ce qui fait votre joie, #Hé 10:37. 1 Pi 5:10.quoique maintenant, puisqu’il le faut, vous soyez attristés pour un peu de temps par diverses épreuves,"
      },
      {
        "book_name": "1 Petrus",
        "book": 60,
        "chapter": 1,
        "verse": 7,
        "text": "#És 48:10. 1 Co 3:13. Ja 1:3. 1 Pi 4:12.afin que l’épreuve de votre foi, plus précieuse que l’or périssable (qui cependant est éprouvé par le feu), ait pour résultat la louange, la gloire et l’honneur, lorsque Jésus-Christ apparaîtra,"
      },
      {
        "book_name": "1 Petrus",
        "book": 60,
        "chapter": 1,
        "verse": 8,
        "text": "#Jn 20:29.lui que vous aimez sans l’avoir vu, en qui vous croyez sans le voir encore, vous réjouissant d’une joie ineffable et glorieuse,"
      },
      {
        "book_name": "1 Petrus",
        "book": 60,
        "chapter": 1,
        "verse": 9,
        "text": "parce que vous obtiendrez le salut de vos âmes pour prix de votre foi."
      },
      {
        "book_name": "1 Petrus",
        "book": 60,
        "chapter": 1,
        "verse": 10,
        "text": "#Ge 49:10. Da 2:44. Ag 2:8. Za 6:12.Les prophètes, qui ont prophétisé touchant la grâce qui vous était réservée, ont fait de ce salut l’objet de leurs recherches et de leurs investigations,"
      },
      {
        "book_name": "1 Petrus",
        "book": 60,
        "chapter": 1,
        "verse": 11,
        "text": "#Da 9:24.voulant sonder l’époque et les circonstances marquées par l’Esprit de Christ qui était en eux, et qui attestait d’avance #Ps 22:7. És 53:3.les souffrances de Christ et la gloire dont elles seraient suivies."
      },
      {
        "book_name": "1 Petrus",
        "book": 60,
        "chapter": 1,
        "verse": 12,
        "text": "Il leur fut révélé que ce n’était pas pour eux-mêmes, mais pour vous, qu’ils étaient les dispensateurs de ces choses, que vous ont annoncées maintenant ceux qui vous ont prêché l’Évangile #Ac 2:4.par le Saint-Esprit envoyé du ciel, et #Ép 3:10.dans lesquelles les anges désirent plonger leurs regards."
      },
      {
        "book_name": "1 Petrus",
        "book": 60,
        "chapter": 1,
        "verse": 13,
        "text": "#    \n        Lu 12:35. Ép 6:14.  C’est pourquoi, ceignez les reins de votre entendement, soyez sobres, et ayez une entière espérance dans la grâce qui vous sera apportée, lorsque Jésus-Christ apparaîtra."
      },
      {
        "book_name": "1 Petrus",
        "book": 60,
        "chapter": 1,
        "verse": 14,
        "text": "Comme des enfants obéissants, ne vous conformez pas aux convoitises que vous aviez autrefois, quand vous étiez dans l’ignorance."
      },
      {
        "book_name": "1 Petrus",
        "book": 60,
        "chapter": 1,
        "verse": 15,
        "text": "Mais, puisque celui qui vous a appelés est saint, #Lu 1:75.vous aussi soyez saints dans toute votre conduite,"
      },
      {
        "book_name": "1 Petrus",
        "book": 60,
        "chapter": 1,
        "verse": 16,
        "text": "selon qu’il est écrit: #Lé 11:44, 45; 19:2; 20:7.Vous serez saints, car je suis saint."
      },
      {
        "book_name": "1 Petrus",
        "book": 60,
        "chapter": 1,
        "verse": 17,
        "text": "Et si vous invoquez comme Père celui qui juge selon l’œuvre de chacun, #De 10:17. 2 Ch 19:7. Job 34:19. Ac 10:34. Ro 2:11. Ga 2:6. Ép 6:9. Col 3:25.sans acception de personnes, conduisez-vous avec crainte pendant le temps de votre pèlerinage,"
      },
      {
        "book_name": "1 Petrus",
        "book": 60,
        "chapter": 1,
        "verse": 18,
        "text": "#1 Co 6:20; 7:23.sachant que ce n’est pas par des choses périssables, par de l’argent ou de l’or, que vous avez été rachetés de la vaine manière de vivre que vous aviez héritée de vos pères,"
      },
      {
        "book_name": "1 Petrus",
        "book": 60,
        "chapter": 1,
        "verse": 19,
        "text": "mais #Ac 20:28. Hé 9:12. Ap 1:5.par le sang précieux de Christ, comme d’un agneau sans défaut et sans tache,"
      },
      {
        "book_name": "1 Petrus",
        "book": 60,
        "chapter": 1,
        "verse": 20,
        "text": "#Ro 16:25. Ép 1:9; 3:9. Col 1:26. 2 Ti 1:9. Tit 1:2.prédestiné avant la fondation du monde, et manifesté à la fin des temps, à cause de vous,"
      },
      {
        "book_name": "1 Petrus",
        "book": 60,
        "chapter": 1,
        "verse": 21,
        "text": "qui par lui croyez en Dieu, lequel l’a ressuscité des morts et #Ac 2:33. Ph 2:9.lui a donné la gloire, en sorte que votre foi et votre espérance reposent sur Dieu."
      },
      {
        "book_name": "1 Petrus",
        "book": 60,
        "chapter": 1,
        "verse": 22,
        "text": "Ayant purifié vos âmes en obéissant à la vérité pour avoir un amour fraternel sincère, #Ro 12:10. Ép 4:3. Hé 13:1. 1 Pi 2:17.aimez-vous ardemment les uns les autres, de tout votre cœur,"
      },
      {
        "book_name": "1 Petrus",
        "book": 60,
        "chapter": 1,
        "verse": 23,
        "text": "puisque vous avez été #Ja 1:18.régénérés, non par une semence corruptible, mais par une #1 Jn 3:9.semence incorruptible, par la parole vivante et permanente de Dieu."
      },
      {
        "book_name": "1 Petrus",
        "book": 60,
        "chapter": 1,
        "verse": 24,
        "text": "#És 40:6. 1 Co 7:31. Ja 1:10; 4:14. 1 Jn 2:17.Car"
      },
      {
        "book_name": "1 Petrus",
        "book": 60,
        "chapter": 1,
        "verse": 24,
        "text": "Toute chair est comme l’herbe,"
      },
      {
        "book_name": "1 Petrus",
        "book": 60,
        "chapter": 1,
        "verse": 24,
        "text": "et toute sa gloire comme la fleur de l’herbe."
      },
      {
        "book_name": "1 Petrus",
        "book": 60,
        "chapter": 1,
        "verse": 24,
        "text": "L’herbe sèche, et la fleur tombe;"
      },
      {
        "book_name": "1 Petrus",
        "book": 60,
        "chapter": 1,
        "verse": 25,
        "text": "mais la parole du Seigneur demeure éternellement."
      },
      {
        "book_name": "1 Petrus",
        "book": 60,
        "chapter": 1,
        "verse": 25,
        "text": "Et cette parole est celle qui vous a été annoncée par l’Évangile."
      }
    ],
    "2": [
      {
        "book_name": "1 Petrus",
        "book": 60,
        "chapter": 2,
        "verse": 1,
        "text": "V. 1-10: cf. Ja 1:21. (Ép 2:20-22. Ac 4:11, 12.) (És 28:16. Mt 21:42-44. Ro 9:30-33.) Ap 1:6. Ro 9:24-26.  1  #    \n        Mt 18:3. Ro 6:4. 1 Co 14:20. Ép 4:23. Col 3:8. Hé 12:2.  Rejetant donc toute malice et toute ruse, la dissimulation, l’envie, et toute médisance, 2désirez, comme des enfants nouveau-nés, le lait spirituel et pur, afin que par lui vous croissiez pour le salut, 3si vous avez #Ps 34:9.goûté que le Seigneur est bon. 4#Ép 2:20.Approchez-vous de lui, pierre vivante, rejetée par les hommes, mais choisie et précieuse devant Dieu; 5et vous-mêmes, comme des pierres vivantes, édifiez-vous pour former #Hé 3:6.une maison spirituelle, #Ap 1:6; 5:10.un saint sacerdoce, afin #Ro 12:1. Hé 12:28.d’offrir des victimes spirituelles, agréables à Dieu par Jésus-Christ. 6Car il est dit dans l’Écriture:  #    \n        És 28:16.  Voici, je mets en Sion une pierre angulaire, choisie, précieuse;et celui qui croit en elle ne sera point confus.  7L’honneur est donc pour vous, qui croyez. Mais, pour les incrédules,  #    \n        Ps 118:22. Mt 21:42. Ac 4:11.  La pierre qu’ont rejetée ceux qui bâtissaientEst devenue la principale de l’angle,  #    \n        És 8:14. Ro 9:33.  Et une pierre d’achoppementEt un rocher de scandale;  8ils s’y heurtent pour n’avoir pas cru à la parole, et c’est à cela qu’ils sont destinés. 9#Ex 19:5. De 7:6; 14:2; 26:18. Ép 1:14.Vous, au contraire, vous êtes une race élue, #Ap 1:6; 5:10.un sacerdoce royal, une nation sainte, un peuple acquis, afin que vous annonciez les vertus de celui qui vous a appelés des ténèbres à son admirable lumière, 10#Os 1:10; 2:22. Ro 9:26.vous qui autrefois n’étiez pas un peuple, et qui maintenant êtes le peuple de Dieu, vous qui n’aviez pas obtenu miséricorde, et qui maintenant avez obtenu miséricorde.Exhortations diverses: la bonne conduite au milieu des païens, la soumission aux autorités, les devoirs des serviteurs, les devoirs des femmes et des maris, le support et la paix, la patience dans les épreuvesV. 11-17: cf. (Ép 4:1. Mt 5:11, 16.) Ro 13:1-8.  11Bien-aimés, je vous exhorte, comme étrangers et voyageurs sur la terre, #Ro 13:14. Ga 5:16.à vous abstenir des convoitises charnelles qui font la guerre à l’âme. 12#Ro 12:17. 2 Co 8:21. Ph 2:15.Ayez au milieu des païens une bonne conduite, #Tit 2:8. 1 Pi 3:16.afin que, là même où ils vous calomnient comme si vous étiez des malfaiteurs, #Mt 5:16.ils remarquent vos bonnes œuvres, et glorifient Dieu, #Lu 1:68; 19:44.au jour où il les visitera. 13#Ro 13:1. Tit 3:1.Soyez soumis, à cause du Seigneur, à toute autorité établie parmi les hommes, soit au roi comme souverain, 14soit aux gouverneurs comme envoyés par lui pour punir les malfaiteurs et pour approuver les gens de bien. 15Car c’est la volonté de Dieu #Tit 2:8.qu’en pratiquant le bien vous réduisiez au silence les hommes ignorants et insensés, 16#Jn 8:32. Ro 6:18. Ga 5:1.étant libres, sans faire de la liberté un voile qui couvre la méchanceté, mais agissant comme des serviteurs de Dieu. 17#Ro 12:10. 1 Pi 5:5.Honorez tout le monde; #Ro 12:10. Ép 4:3. Hé 13:1. 1 Pi 1:22.aimez les frères; craignez Dieu; #Mt 22:21.honorez le roi.V. 18-25: cf. (Ép 6:5-8. Tit 2:9, 10.) (1 Pi 3:14-18. És 53:3-12. Mt 16:24.)  18  #    \n        Ép 6:5. Col 3:22. 1 Ti 6:1. Tit 2:9.  Serviteurs, soyez soumis en toute crainte à vos maîtres, non seulement à ceux qui sont bons et doux, mais aussi à ceux qui sont d’un caractère difficile. 19#Mt 5:10.Car c’est une grâce que de supporter des afflictions par motif de conscience envers Dieu, quand on souffre injustement. 20En effet, quelle gloire y a-t-il à supporter de mauvais traitements pour avoir commis des fautes? #1 Pi 3:14; 4:14.Mais si vous supportez la souffrance lorsque vous faites ce qui est bien, c’est une grâce devant Dieu. 21Et c’est à cela que vous avez été appelés, parce que Christ aussi a souffert pour vous, #Jn 13:15. Ph 2:5. 1 Jn 2:6.vous laissant un exemple, afin que vous suiviez ses traces, 22#És 53:9. 2 Co 5:21. 1 Jn 3:5.Lui qui n’a point commis de péché, et dans la bouche duquel il ne s’est point trouvé de fraude; 23#Mt 27:39. Jn 8:48, 49.lui qui, injurié, ne rendait point d’injures, maltraité, ne faisait point de menaces, mais s’en remettait à celui qui juge justement; 24#És 53:4. Mt 8:17.lui qui a porté lui-même nos péchés en son corps sur le bois, #Ro 6:11.afin que morts aux péchés nous vivions pour la justice; lui par les meurtrissures duquel vous avez été guéris. 25Car vous étiez #És 53:6. Éz 34:6. Lu 15:4.comme des brebis errantes. Mais maintenant vous êtes retournés vers le pasteur et le gardien de vos âmes."
      },
      {
        "book_name": "1 Petrus",
        "book": 60,
        "chapter": 2,
        "verse": 1,
        "text": "#    \n        Mt 18:3. Ro 6:4. 1 Co 14:20. Ép 4:23. Col 3:8. Hé 12:2.  Rejetant donc toute malice et toute ruse, la dissimulation, l’envie, et toute médisance,"
      },
      {
        "book_name": "1 Petrus",
        "book": 60,
        "chapter": 2,
        "verse": 2,
        "text": "désirez, comme des enfants nouveau-nés, le lait spirituel et pur, afin que par lui vous croissiez pour le salut,"
      },
      {
        "book_name": "1 Petrus",
        "book": 60,
        "chapter": 2,
        "verse": 3,
        "text": "si vous avez #Ps 34:9.goûté que le Seigneur est bon."
      },
      {
        "book_name": "1 Petrus",
        "book": 60,
        "chapter": 2,
        "verse": 4,
        "text": "#Ép 2:20.Approchez-vous de lui, pierre vivante, rejetée par les hommes, mais choisie et précieuse devant Dieu;"
      },
      {
        "book_name": "1 Petrus",
        "book": 60,
        "chapter": 2,
        "verse": 5,
        "text": "et vous-mêmes, comme des pierres vivantes, édifiez-vous pour former #Hé 3:6.une maison spirituelle, #Ap 1:6; 5:10.un saint sacerdoce, afin #Ro 12:1. Hé 12:28.d’offrir des victimes spirituelles, agréables à Dieu par Jésus-Christ."
      },
      {
        "book_name": "1 Petrus",
        "book": 60,
        "chapter": 2,
        "verse": 6,
        "text": "Car il est dit dans l’Écriture:"
      },
      {
        "book_name": "1 Petrus",
        "book": 60,
        "chapter": 2,
        "verse": 6,
        "text": "#    \n        És 28:16.  Voici, je mets en Sion une pierre angulaire, choisie, précieuse;"
      },
      {
        "book_name": "1 Petrus",
        "book": 60,
        "chapter": 2,
        "verse": 6,
        "text": "et celui qui croit en elle ne sera point confus."
      },
      {
        "book_name": "1 Petrus",
        "book": 60,
        "chapter": 2,
        "verse": 7,
        "text": "L’honneur est donc pour vous, qui croyez. Mais, pour les incrédules,"
      },
      {
        "book_name": "1 Petrus",
        "book": 60,
        "chapter": 2,
        "verse": 7,
        "text": "#    \n        Ps 118:22. Mt 21:42. Ac 4:11.  La pierre qu’ont rejetée ceux qui bâtissaient"
      },
      {
        "book_name": "1 Petrus",
        "book": 60,
        "chapter": 2,
        "verse": 7,
        "text": "Est devenue la principale de l’angle,"
      },
      {
        "book_name": "1 Petrus",
        "book": 60,
        "chapter": 2,
        "verse": 7,
        "text": "#    \n        És 8:14. Ro 9:33.  Et une pierre d’achoppement"
      },
      {
        "book_name": "1 Petrus",
        "book": 60,
        "chapter": 2,
        "verse": 7,
        "text": "Et un rocher de scandale;"
      },
      {
        "book_name": "1 Petrus",
        "book": 60,
        "chapter": 2,
        "verse": 8,
        "text": "ils s’y heurtent pour n’avoir pas cru à la parole, et c’est à cela qu’ils sont destinés."
      },
      {
        "book_name": "1 Petrus",
        "book": 60,
        "chapter": 2,
        "verse": 9,
        "text": "#Ex 19:5. De 7:6; 14:2; 26:18. Ép 1:14.Vous, au contraire, vous êtes une race élue, #Ap 1:6; 5:10.un sacerdoce royal, une nation sainte, un peuple acquis, afin que vous annonciez les vertus de celui qui vous a appelés des ténèbres à son admirable lumière,"
      },
      {
        "book_name": "1 Petrus",
        "book": 60,
        "chapter": 2,
        "verse": 10,
        "text": "#Os 1:10; 2:22. Ro 9:26.vous qui autrefois n’étiez pas un peuple, et qui maintenant êtes le peuple de Dieu, vous qui n’aviez pas obtenu miséricorde, et qui maintenant avez obtenu miséricorde."
      },
      {
        "book_name": "1 Petrus",
        "book": 60,
        "chapter": 2,
        "verse": 11,
        "text": "Bien-aimés, je vous exhorte, comme étrangers et voyageurs sur la terre, #Ro 13:14. Ga 5:16.à vous abstenir des convoitises charnelles qui font la guerre à l’âme."
      },
      {
        "book_name": "1 Petrus",
        "book": 60,
        "chapter": 2,
        "verse": 12,
        "text": "#Ro 12:17. 2 Co 8:21. Ph 2:15.Ayez au milieu des païens une bonne conduite, #Tit 2:8. 1 Pi 3:16.afin que, là même où ils vous calomnient comme si vous étiez des malfaiteurs, #Mt 5:16.ils remarquent vos bonnes œuvres, et glorifient Dieu, #Lu 1:68; 19:44.au jour où il les visitera."
      },
      {
        "book_name": "1 Petrus",
        "book": 60,
        "chapter": 2,
        "verse": 13,
        "text": "#Ro 13:1. Tit 3:1.Soyez soumis, à cause du Seigneur, à toute autorité établie parmi les hommes, soit au roi comme souverain,"
      },
      {
        "book_name": "1 Petrus",
        "book": 60,
        "chapter": 2,
        "verse": 14,
        "text": "soit aux gouverneurs comme envoyés par lui pour punir les malfaiteurs et pour approuver les gens de bien."
      },
      {
        "book_name": "1 Petrus",
        "book": 60,
        "chapter": 2,
        "verse": 15,
        "text": "Car c’est la volonté de Dieu #Tit 2:8.qu’en pratiquant le bien vous réduisiez au silence les hommes ignorants et insensés,"
      },
      {
        "book_name": "1 Petrus",
        "book": 60,
        "chapter": 2,
        "verse": 16,
        "text": "#Jn 8:32. Ro 6:18. Ga 5:1.étant libres, sans faire de la liberté un voile qui couvre la méchanceté, mais agissant comme des serviteurs de Dieu."
      },
      {
        "book_name": "1 Petrus",
        "book": 60,
        "chapter": 2,
        "verse": 17,
        "text": "#Ro 12:10. 1 Pi 5:5.Honorez tout le monde; #Ro 12:10. Ép 4:3. Hé 13:1. 1 Pi 1:22.aimez les frères; craignez Dieu; #Mt 22:21.honorez le roi."
      },
      {
        "book_name": "1 Petrus",
        "book": 60,
        "chapter": 2,
        "verse": 18,
        "text": "#    \n        Ép 6:5. Col 3:22. 1 Ti 6:1. Tit 2:9.  Serviteurs, soyez soumis en toute crainte à vos maîtres, non seulement à ceux qui sont bons et doux, mais aussi à ceux qui sont d’un caractère difficile."
      },
      {
        "book_name": "1 Petrus",
        "book": 60,
        "chapter": 2,
        "verse": 19,
        "text": "#Mt 5:10.Car c’est une grâce que de supporter des afflictions par motif de conscience envers Dieu, quand on souffre injustement."
      },
      {
        "book_name": "1 Petrus",
        "book": 60,
        "chapter": 2,
        "verse": 20,
        "text": "En effet, quelle gloire y a-t-il à supporter de mauvais traitements pour avoir commis des fautes? #1 Pi 3:14; 4:14.Mais si vous supportez la souffrance lorsque vous faites ce qui est bien, c’est une grâce devant Dieu."
      },
      {
        "book_name": "1 Petrus",
        "book": 60,
        "chapter": 2,
        "verse": 21,
        "text": "Et c’est à cela que vous avez été appelés, parce que Christ aussi a souffert pour vous, #Jn 13:15. Ph 2:5. 1 Jn 2:6.vous laissant un exemple, afin que vous suiviez ses traces,"
      },
      {
        "book_name": "1 Petrus",
        "book": 60,
        "chapter": 2,
        "verse": 22,
        "text": "#És 53:9. 2 Co 5:21. 1 Jn 3:5.Lui qui n’a point commis de péché, et dans la bouche duquel il ne s’est point trouvé de fraude;"
      },
      {
        "book_name": "1 Petrus",
        "book": 60,
        "chapter": 2,
        "verse": 23,
        "text": "#Mt 27:39. Jn 8:48, 49.lui qui, injurié, ne rendait point d’injures, maltraité, ne faisait point de menaces, mais s’en remettait à celui qui juge justement;"
      },
      {
        "book_name": "1 Petrus",
        "book": 60,
        "chapter": 2,
        "verse": 24,
        "text": "#És 53:4. Mt 8:17.lui qui a porté lui-même nos péchés en son corps sur le bois, #Ro 6:11.afin que morts aux péchés nous vivions pour la justice; lui par les meurtrissures duquel vous avez été guéris."
      },
      {
        "book_name": "1 Petrus",
        "book": 60,
        "chapter": 2,
        "verse": 25,
        "text": "Car vous étiez #És 53:6. Éz 34:6. Lu 15:4.comme des brebis errantes. Mais maintenant vous êtes retournés vers le pasteur et le gardien de vos âmes."
      }
    ],
    "3": [
      {
        "book_name": "1 Petrus",
        "book": 60,
        "chapter": 3,
        "verse": 1,
        "text": "V. 1-7: cf. Col 3:18, 19. 1 Ti 2:9-15. Ép 5:22-23.  1  #    \n        Ge 3:16. 1 Co 14:34. Ép 5:22. Col 3:18. Tit 2:5.  Femmes, soyez de même soumises à vos maris, afin que, si quelques-uns n’obéissent point à la parole, ils soient gagnés sans parole par la conduite de leurs femmes, 2en voyant votre manière de vivre chaste et réservée. 3#1 Ti 2:9. Tit 2:3.Ayez, non cette parure extérieure qui consiste dans les cheveux tressés, les ornements d’or, ou les habits qu’on revêt, 4mais la parure intérieure et cachée dans le cœur, la pureté incorruptible d’un esprit doux et paisible, qui est d’un grand prix devant Dieu. 5Ainsi se paraient autrefois les saintes femmes qui espéraient en Dieu, soumises à leurs maris, 6#Ge 18:12.comme Sara, qui obéissait à Abraham et l’appelait son seigneur. C’est d’elle que vous êtes devenues les filles, en faisant ce qui est bien, sans vous laisser troubler par aucune crainte. 7Maris, #Ép 5:25, etc. Col 3:19.montrez à votre tour de la sagesse dans vos rapports avec vos femmes, comme avec un sexe plus faible; honorez-les, comme devant aussi hériter avec vous de la grâce de la vie. Qu’il en soit ainsi, afin que rien ne vienne faire obstacle à vos prières.V. 8-17: cf. (Ro 12:14-21. Ps 34:13-18.) (Mt 10:24-31. 1 Pi 2:12, 19, 20.)  8Enfin, #Ro 12:16; 15:5. 1 Co 1:10. Ph 2:2; 3:16.soyez tous animés des mêmes pensées et des mêmes sentiments, pleins d’amour fraternel, de compassion, d’humilité. 9#Lé 19:18. Pr 20:22; 24:29. Mt 5:39. Ro 12:17. 1 Co 6:7. 1 Th 5:15.Ne rendez point mal pour mal, ou injure pour injure; bénissez, au contraire, car c’est à cela que vous avez été appelés, #Mt 25:34. 1 Ti 4:3.afin d’hériter la bénédiction.  10  #    Ps 34:13, etc. Ja 1:26.  Si quelqu’un, en effet, veut aimer la vieEt voir des jours heureux,Qu’il préserve sa langue du malEt ses lèvres des paroles trompeuses,  11  #    \n        Ps 37:27. És 1:16. 3 Jn v. 11.  Qu’il s’éloigne du mal et fasse le bien,Qu’il recherche la paix et la poursuive;  12Car les yeux du Seigneur sont sur les justesEt ses oreilles sont attentives à leur prière,Mais la face du Seigneur est contre ceux qui font le mal.  13Et qui vous maltraitera, si vous êtes zélés pour le bien? 14#Mt 5:10. 1 Pi 2:20; 4:14.D’ailleurs, quand vous souffririez pour la justice, vous seriez heureux. #És 8:12. Jé 1:8.N’ayez d’eux aucune crainte, et ne soyez pas troublés; 15#Job 1:21.Mais sanctifiez dans vos cœurs Christ le Seigneur, #Ps 119:46. Ac 4:8.étant toujours prêts à vous défendre, avec douceur et respect, devant quiconque vous demande raison de l’espérance qui est en vous, 16et ayant une bonne conscience, #Tit 2:8. 1 Pi 2:12, 15.afin que, là même où ils vous calomnient comme si vous étiez des malfaiteurs, ceux qui décrient votre bonne conduite en Christ soient couverts de confusion. 17Car il vaut mieux souffrir, si telle est la volonté de Dieu, en faisant le bien qu’en faisant le mal.Exemple de Jésus-Christ, qui a souffert pour nous: conduite à tenir; consolations à espérerV. 18-22: cf. 1 Pi 2:21-24. (Hé 11:7. Ro 6:3, 4; 10:9, 10.)  18  #    \n        Ro 5:6. Hé 9:15, 28.  Christ aussi a souffert une fois pour les péchés, lui juste pour des injustes, afin de nous amener à Dieu, ayant été mis à mort quant à la chair, mais ayant été rendu vivant quant à l’Esprit, 19dans lequel aussi il est allé prêcher aux esprits #1 Pi 4:6.en prison, 20#Ge 6:5.qui autrefois avaient été incrédules, #Ge 6:3, 14. Mt 24:37. Lu 17:26. Ro 2:4.lorsque la patience de Dieu se prolongeait, aux jours de Noé, pendant la construction de l’arche, dans laquelle un petit nombre de personnes, c’est-à-dire, #Ge 8:18. 2 Pi 2:5.huit, furent sauvées à travers l’eau. 21#Ép 5:26.Cette eau était une figure du baptême, qui n’est pas la purification des souillures du corps, mais l’engagement d’une bonne conscience envers Dieu, et qui maintenant vous sauve, vous aussi, par la résurrection de Jésus-Christ, 22#Ép 1:20.qui est à la droite de Dieu, depuis qu’il est allé au ciel, et que les anges, les autorités et les puissances, lui ont été soumis."
      },
      {
        "book_name": "1 Petrus",
        "book": 60,
        "chapter": 3,
        "verse": 1,
        "text": "#    \n        Ge 3:16. 1 Co 14:34. Ép 5:22. Col 3:18. Tit 2:5.  Femmes, soyez de même soumises à vos maris, afin que, si quelques-uns n’obéissent point à la parole, ils soient gagnés sans parole par la conduite de leurs femmes,"
      },
      {
        "book_name": "1 Petrus",
        "book": 60,
        "chapter": 3,
        "verse": 2,
        "text": "en voyant votre manière de vivre chaste et réservée."
      },
      {
        "book_name": "1 Petrus",
        "book": 60,
        "chapter": 3,
        "verse": 3,
        "text": "#1 Ti 2:9. Tit 2:3.Ayez, non cette parure extérieure qui consiste dans les cheveux tressés, les ornements d’or, ou les habits qu’on revêt,"
      },
      {
        "book_name": "1 Petrus",
        "book": 60,
        "chapter": 3,
        "verse": 4,
        "text": "mais la parure intérieure et cachée dans le cœur, la pureté incorruptible d’un esprit doux et paisible, qui est d’un grand prix devant Dieu."
      },
      {
        "book_name": "1 Petrus",
        "book": 60,
        "chapter": 3,
        "verse": 5,
        "text": "Ainsi se paraient autrefois les saintes femmes qui espéraient en Dieu, soumises à leurs maris,"
      },
      {
        "book_name": "1 Petrus",
        "book": 60,
        "chapter": 3,
        "verse": 6,
        "text": "#Ge 18:12.comme Sara, qui obéissait à Abraham et l’appelait son seigneur. C’est d’elle que vous êtes devenues les filles, en faisant ce qui est bien, sans vous laisser troubler par aucune crainte."
      },
      {
        "book_name": "1 Petrus",
        "book": 60,
        "chapter": 3,
        "verse": 7,
        "text": "Maris, #Ép 5:25, etc. Col 3:19.montrez à votre tour de la sagesse dans vos rapports avec vos femmes, comme avec un sexe plus faible; honorez-les, comme devant aussi hériter avec vous de la grâce de la vie. Qu’il en soit ainsi, afin que rien ne vienne faire obstacle à vos prières."
      },
      {
        "book_name": "1 Petrus",
        "book": 60,
        "chapter": 3,
        "verse": 8,
        "text": "Enfin, #Ro 12:16; 15:5. 1 Co 1:10. Ph 2:2; 3:16.soyez tous animés des mêmes pensées et des mêmes sentiments, pleins d’amour fraternel, de compassion, d’humilité."
      },
      {
        "book_name": "1 Petrus",
        "book": 60,
        "chapter": 3,
        "verse": 9,
        "text": "#Lé 19:18. Pr 20:22; 24:29. Mt 5:39. Ro 12:17. 1 Co 6:7. 1 Th 5:15.Ne rendez point mal pour mal, ou injure pour injure; bénissez, au contraire, car c’est à cela que vous avez été appelés, #Mt 25:34. 1 Ti 4:3.afin d’hériter la bénédiction."
      },
      {
        "book_name": "1 Petrus",
        "book": 60,
        "chapter": 3,
        "verse": 10,
        "text": "#    Ps 34:13, etc. Ja 1:26.  Si quelqu’un, en effet, veut aimer la vie"
      },
      {
        "book_name": "1 Petrus",
        "book": 60,
        "chapter": 3,
        "verse": 10,
        "text": "Et voir des jours heureux,"
      },
      {
        "book_name": "1 Petrus",
        "book": 60,
        "chapter": 3,
        "verse": 10,
        "text": "Qu’il préserve sa langue du mal"
      },
      {
        "book_name": "1 Petrus",
        "book": 60,
        "chapter": 3,
        "verse": 10,
        "text": "Et ses lèvres des paroles trompeuses,"
      },
      {
        "book_name": "1 Petrus",
        "book": 60,
        "chapter": 3,
        "verse": 11,
        "text": "#    \n        Ps 37:27. És 1:16. 3 Jn v. 11.  Qu’il s’éloigne du mal et fasse le bien,"
      },
      {
        "book_name": "1 Petrus",
        "book": 60,
        "chapter": 3,
        "verse": 11,
        "text": "Qu’il recherche la paix et la poursuive;"
      },
      {
        "book_name": "1 Petrus",
        "book": 60,
        "chapter": 3,
        "verse": 12,
        "text": "Car les yeux du Seigneur sont sur les justes"
      },
      {
        "book_name": "1 Petrus",
        "book": 60,
        "chapter": 3,
        "verse": 12,
        "text": "Et ses oreilles sont attentives à leur prière,"
      },
      {
        "book_name": "1 Petrus",
        "book": 60,
        "chapter": 3,
        "verse": 12,
        "text": "Mais la face du Seigneur est contre ceux qui font le mal."
      },
      {
        "book_name": "1 Petrus",
        "book": 60,
        "chapter": 3,
        "verse": 13,
        "text": "Et qui vous maltraitera, si vous êtes zélés pour le bien?"
      },
      {
        "book_name": "1 Petrus",
        "book": 60,
        "chapter": 3,
        "verse": 14,
        "text": "#Mt 5:10. 1 Pi 2:20; 4:14.D’ailleurs, quand vous souffririez pour la justice, vous seriez heureux. #És 8:12. Jé 1:8.N’ayez d’eux aucune crainte, et ne soyez pas troublés;"
      },
      {
        "book_name": "1 Petrus",
        "book": 60,
        "chapter": 3,
        "verse": 15,
        "text": "#Job 1:21.Mais sanctifiez dans vos cœurs Christ le Seigneur, #Ps 119:46. Ac 4:8.étant toujours prêts à vous défendre, avec douceur et respect, devant quiconque vous demande raison de l’espérance qui est en vous,"
      },
      {
        "book_name": "1 Petrus",
        "book": 60,
        "chapter": 3,
        "verse": 16,
        "text": "et ayant une bonne conscience, #Tit 2:8. 1 Pi 2:12, 15.afin que, là même où ils vous calomnient comme si vous étiez des malfaiteurs, ceux qui décrient votre bonne conduite en Christ soient couverts de confusion."
      },
      {
        "book_name": "1 Petrus",
        "book": 60,
        "chapter": 3,
        "verse": 17,
        "text": "Car il vaut mieux souffrir, si telle est la volonté de Dieu, en faisant le bien qu’en faisant le mal."
      },
      {
        "book_name": "1 Petrus",
        "book": 60,
        "chapter": 3,
        "verse": 18,
        "text": "#    \n        Ro 5:6. Hé 9:15, 28.  Christ aussi a souffert une fois pour les péchés, lui juste pour des injustes, afin de nous amener à Dieu, ayant été mis à mort quant à la chair, mais ayant été rendu vivant quant à l’Esprit,"
      },
      {
        "book_name": "1 Petrus",
        "book": 60,
        "chapter": 3,
        "verse": 19,
        "text": "dans lequel aussi il est allé prêcher aux esprits #1 Pi 4:6.en prison,"
      },
      {
        "book_name": "1 Petrus",
        "book": 60,
        "chapter": 3,
        "verse": 20,
        "text": "#Ge 6:5.qui autrefois avaient été incrédules, #Ge 6:3, 14. Mt 24:37. Lu 17:26. Ro 2:4.lorsque la patience de Dieu se prolongeait, aux jours de Noé, pendant la construction de l’arche, dans laquelle un petit nombre de personnes, c’est-à-dire, #Ge 8:18. 2 Pi 2:5.huit, furent sauvées à travers l’eau."
      },
      {
        "book_name": "1 Petrus",
        "book": 60,
        "chapter": 3,
        "verse": 21,
        "text": "#Ép 5:26.Cette eau était une figure du baptême, qui n’est pas la purification des souillures du corps, mais l’engagement d’une bonne conscience envers Dieu, et qui maintenant vous sauve, vous aussi, par la résurrection de Jésus-Christ,"
      },
      {
        "book_name": "1 Petrus",
        "book": 60,
        "chapter": 3,
        "verse": 22,
        "text": "#Ép 1:20.qui est à la droite de Dieu, depuis qu’il est allé au ciel, et que les anges, les autorités et les puissances, lui ont été soumis."
      }
    ],
    "4": [
      {
        "book_name": "1 Petrus",
        "book": 60,
        "chapter": 4,
        "verse": 1,
        "text": "V. 1-6: cf. 1 Pi 3:18. Ro 6:6-13. Ép 4:17-24.  1Ainsi donc, Christ ayant souffert dans la chair, vous aussi #Hé 12:1.armez-vous de la même pensée. #Ro 6:7.Car celui qui a souffert dans la chair en a fini avec le péché, 2#Ro 14:7. 2 Co 5:15. Ga 2:20. Ép 4:24. 1 Th 5:10. Hé 9:14.afin de vivre, non plus selon les convoitises des hommes, mais selon la volonté de Dieu, pendant le temps qui lui reste à vivre dans la chair. 3#Ép 4:17.C’est assez, en effet, d’avoir dans le temps passé accompli la volonté des païens, en marchant dans la dissolution, les convoitises, l’ivrognerie, les excès du manger et du boire, et les idolâtries criminelles. 4Aussi trouvent-ils étrange que vous ne vous précipitiez pas avec eux dans le même débordement de débauche, et ils vous calomnient. 5Ils rendront compte à celui qui est prêt à juger les vivants et les morts. 6#Jn 5:25. 1 Pi 3:19.Car l’Évangile a été aussi annoncé aux morts, afin que, après avoir été jugés comme les hommes quant à la chair, ils vivent selon Dieu quant à l’Esprit.V. 7-11: cf. Lu 21:34-36. Ga 6:10. (Ro 12:5-11. 1 Co 10:31.)  7  #    \n        1 Jn 2:18.  La fin de toutes choses est proche. #Lu 21:34.Soyez donc sages et sobres, pour vaquer à la prière. 8Avant tout, ayez les uns pour les autres une ardente charité, car  #    \n        Pr 10:12.  La charité couvre une multitude de péchés. 9#Ro 12:13. Hé 13:2.Exercez l’hospitalité les uns envers les autres, #Ph 2:14.sans murmures. 10#Pr 3:28. Ro 12:6. 2 Co 8:11.Comme de bons dispensateurs des diverses grâces de Dieu, que chacun de vous mette au service des autres le don qu’il a reçu, 11#Jé 23:22.Si quelqu’un parle, que ce soit comme annonçant les oracles de Dieu; si quelqu’un remplit un ministère, qu’il le remplisse selon la force que Dieu communique, afin qu’en toutes choses Dieu soit glorifié par Jésus-Christ, à qui appartiennent la gloire et la puissance, aux siècles des siècles. Amen!V. 12-19: cf. Mt 5:10-12. Ac 5:41; 14:22. 2 Th 1:4-12.  12Bien-aimés, #És 48:10. 1 Co 3:13. 1 Pi 1:7.ne soyez pas surpris, comme d’une chose étrange qui vous arrive, de la fournaise qui est au milieu de vous pour vous éprouver. 13Réjouissez-vous, au contraire, de la part que vous avez aux souffrances de Christ, afin que vous soyez aussi dans la joie et dans l’allégresse lorsque sa gloire apparaîtra. 14#Mt 5:10. 1 Pi 2:30; 3:14.Si vous êtes outragés pour le nom de Christ, vous êtes heureux, parce que l’Esprit de gloire, l’Esprit de Dieu, repose sur vous. 15Que nul de vous, en effet, ne souffre comme meurtrier, ou voleur, ou malfaiteur, ou comme s’ingérant dans les affaires d’autrui. 16Mais si quelqu’un souffre comme chrétien, qu’il n’en ait point honte, et que plutôt il glorifie Dieu à cause de ce nom. 17#Jé 25:29. Lu 23:31.Car c’est le moment où le jugement va commencer par la maison de Dieu. Or, si c’est par nous qu’il commence, #Lu 10:12.quelle sera la fin de ceux qui n’obéissent pas à l’Évangile de Dieu? 18#Pr 11:31.Et si le juste se sauve avec peine, que deviendront l’impie et le pécheur? 19Ainsi, que ceux qui souffrent selon la volonté de Dieu remettent leurs âmes au fidèle Créateur, en faisant ce qui est bien."
      },
      {
        "book_name": "1 Petrus",
        "book": 60,
        "chapter": 4,
        "verse": 1,
        "text": "Ainsi donc, Christ ayant souffert dans la chair, vous aussi #Hé 12:1.armez-vous de la même pensée. #Ro 6:7.Car celui qui a souffert dans la chair en a fini avec le péché,"
      },
      {
        "book_name": "1 Petrus",
        "book": 60,
        "chapter": 4,
        "verse": 2,
        "text": "#Ro 14:7. 2 Co 5:15. Ga 2:20. Ép 4:24. 1 Th 5:10. Hé 9:14.afin de vivre, non plus selon les convoitises des hommes, mais selon la volonté de Dieu, pendant le temps qui lui reste à vivre dans la chair."
      },
      {
        "book_name": "1 Petrus",
        "book": 60,
        "chapter": 4,
        "verse": 3,
        "text": "#Ép 4:17.C’est assez, en effet, d’avoir dans le temps passé accompli la volonté des païens, en marchant dans la dissolution, les convoitises, l’ivrognerie, les excès du manger et du boire, et les idolâtries criminelles."
      },
      {
        "book_name": "1 Petrus",
        "book": 60,
        "chapter": 4,
        "verse": 4,
        "text": "Aussi trouvent-ils étrange que vous ne vous précipitiez pas avec eux dans le même débordement de débauche, et ils vous calomnient."
      },
      {
        "book_name": "1 Petrus",
        "book": 60,
        "chapter": 4,
        "verse": 5,
        "text": "Ils rendront compte à celui qui est prêt à juger les vivants et les morts."
      },
      {
        "book_name": "1 Petrus",
        "book": 60,
        "chapter": 4,
        "verse": 6,
        "text": "#Jn 5:25. 1 Pi 3:19.Car l’Évangile a été aussi annoncé aux morts, afin que, après avoir été jugés comme les hommes quant à la chair, ils vivent selon Dieu quant à l’Esprit."
      },
      {
        "book_name": "1 Petrus",
        "book": 60,
        "chapter": 4,
        "verse": 7,
        "text": "#    \n        1 Jn 2:18.  La fin de toutes choses est proche. #Lu 21:34.Soyez donc sages et sobres, pour vaquer à la prière."
      },
      {
        "book_name": "1 Petrus",
        "book": 60,
        "chapter": 4,
        "verse": 8,
        "text": "Avant tout, ayez les uns pour les autres une ardente charité, car"
      },
      {
        "book_name": "1 Petrus",
        "book": 60,
        "chapter": 4,
        "verse": 8,
        "text": "#    \n        Pr 10:12.  La charité couvre une multitude de péchés."
      },
      {
        "book_name": "1 Petrus",
        "book": 60,
        "chapter": 4,
        "verse": 9,
        "text": "#Ro 12:13. Hé 13:2.Exercez l’hospitalité les uns envers les autres, #Ph 2:14.sans murmures."
      },
      {
        "book_name": "1 Petrus",
        "book": 60,
        "chapter": 4,
        "verse": 10,
        "text": "#Pr 3:28. Ro 12:6. 2 Co 8:11.Comme de bons dispensateurs des diverses grâces de Dieu, que chacun de vous mette au service des autres le don qu’il a reçu,"
      },
      {
        "book_name": "1 Petrus",
        "book": 60,
        "chapter": 4,
        "verse": 11,
        "text": "#Jé 23:22.Si quelqu’un parle, que ce soit comme annonçant les oracles de Dieu; si quelqu’un remplit un ministère, qu’il le remplisse selon la force que Dieu communique, afin qu’en toutes choses Dieu soit glorifié par Jésus-Christ, à qui appartiennent la gloire et la puissance, aux siècles des siècles. Amen!"
      },
      {
        "book_name": "1 Petrus",
        "book": 60,
        "chapter": 4,
        "verse": 12,
        "text": "Bien-aimés, #És 48:10. 1 Co 3:13. 1 Pi 1:7.ne soyez pas surpris, comme d’une chose étrange qui vous arrive, de la fournaise qui est au milieu de vous pour vous éprouver."
      },
      {
        "book_name": "1 Petrus",
        "book": 60,
        "chapter": 4,
        "verse": 13,
        "text": "Réjouissez-vous, au contraire, de la part que vous avez aux souffrances de Christ, afin que vous soyez aussi dans la joie et dans l’allégresse lorsque sa gloire apparaîtra."
      },
      {
        "book_name": "1 Petrus",
        "book": 60,
        "chapter": 4,
        "verse": 14,
        "text": "#Mt 5:10. 1 Pi 2:30; 3:14.Si vous êtes outragés pour le nom de Christ, vous êtes heureux, parce que l’Esprit de gloire, l’Esprit de Dieu, repose sur vous."
      },
      {
        "book_name": "1 Petrus",
        "book": 60,
        "chapter": 4,
        "verse": 15,
        "text": "Que nul de vous, en effet, ne souffre comme meurtrier, ou voleur, ou malfaiteur, ou comme s’ingérant dans les affaires d’autrui."
      },
      {
        "book_name": "1 Petrus",
        "book": 60,
        "chapter": 4,
        "verse": 16,
        "text": "Mais si quelqu’un souffre comme chrétien, qu’il n’en ait point honte, et que plutôt il glorifie Dieu à cause de ce nom."
      },
      {
        "book_name": "1 Petrus",
        "book": 60,
        "chapter": 4,
        "verse": 17,
        "text": "#Jé 25:29. Lu 23:31.Car c’est le moment où le jugement va commencer par la maison de Dieu. Or, si c’est par nous qu’il commence, #Lu 10:12.quelle sera la fin de ceux qui n’obéissent pas à l’Évangile de Dieu?"
      },
      {
        "book_name": "1 Petrus",
        "book": 60,
        "chapter": 4,
        "verse": 18,
        "text": "#Pr 11:31.Et si le juste se sauve avec peine, que deviendront l’impie et le pécheur?"
      },
      {
        "book_name": "1 Petrus",
        "book": 60,
        "chapter": 4,
        "verse": 19,
        "text": "Ainsi, que ceux qui souffrent selon la volonté de Dieu remettent leurs âmes au fidèle Créateur, en faisant ce qui est bien."
      }
    ],
    "5": [
      {
        "book_name": "1 Petrus",
        "book": 60,
        "chapter": 5,
        "verse": 1,
        "text": "Aux anciensV. 1-4: cf. Ac 20:28. 2 Co 4:2, 5. 1 Ti 3:1-7; 4:12.  1Voici les exhortations que j’adresse aux anciens qui sont parmi vous, moi ancien comme eux, témoin des souffrances de Christ, et participant de la gloire qui doit être manifestée: 2#Ac 20:28.Paissez le troupeau de Dieu qui est sous votre garde, non par contrainte, mais volontairement, selon Dieu; #1 Ti 3:3. Tit 1:7.non pour un gain sordide, mais avec dévouement; 3#2 Co 1:24.non comme dominant sur ceux qui vous sont échus en partage, #Ph 3:17. 1 Ti 4:12. Tit 2:7.mais en étant les modèles du troupeau. 4Et lorsque #És 40:11. Éz 34:23. Jn 10:11. Hé 13:20. 1 Pi 2:25.le souverain pasteur paraîtra, #1 Co 9:25. 2 Ti 4:8. Ja 1:12. 1 Pi 1:4.vous obtiendrez la couronne incorruptible de la gloire.Humilité et vigilanceV. 5-11: cf. (Ép 5:21. Ph 2:3. Ja 4:6, 10.) (1 Th 5:6-8. Ép 6:10-18.)  5De même, vous qui êtes jeunes, soyez soumis aux anciens. #Ro 12:10. Ph 2:3.Et tous, dans vos rapports mutuels, revêtez-vous d’humilité; car #Pr 3:34. Ja 4:6.Dieu résiste aux orgueilleux, Mais il fait grâce aux humbles. 6#Job 22:29. Pr 29:23. Mt 23:12. Lu 14:11. Ja 4:10.Humiliez-vous donc sous la puissante main de Dieu, afin qu’il vous élève au temps convenable; 7et #Ps 55:23. Mt 6:25. Lu 12:22. Ph 4:6. 1 Ti 6:8.déchargez-vous sur lui de tous vos soucis, #1 Co 9:9. Hé 13:5.car lui-même prend soin de vous. 8#1 Th 5:6. 1 Pi 1:13; 4:7.Soyez sobres, veillez. #Job 1:7. Lu 22:31.Votre adversaire, le diable, rôde comme un lion rugissant, cherchant qui il dévorera. 9#Ép 4:27. Ja 4:7.Résistez-lui avec une foi ferme, sachant que les mêmes souffrances sont imposées à vos frères dans le monde. 10Le Dieu de toute grâce, qui vous a appelés en Jésus-Christ à sa gloire éternelle, après que vous aurez souffert #Hé 10:37. 1 Pi 1:6.un peu de temps, vous perfectionnera lui-même, vous affermira, vous fortifiera, vous rendra inébranlables. 11A lui soit la puissance aux siècles des siècles! Amen!Vœux et salutationsV. 12-14: cf. 1 Th 5:23-28. 2 Co 13:12, 13.  12C’est par Silvain, qui est à mes yeux un frère fidèle, que je vous écris ce peu de mots, pour vous exhorter et pour vous attester que la grâce de Dieu à laquelle vous êtes attachés est la véritable. 13L’Église des élus qui est à Babylone vous salue, ainsi que Marc, mon fils. 14Saluez-vous les uns les autres #Ro 16:16. 1 Co 16:20. 2 Co 13:12. 1 Th 5:26.par un baiser d’affection. Que la paix soit avec vous tous qui êtes en Christ!"
      },
      {
        "book_name": "1 Petrus",
        "book": 60,
        "chapter": 5,
        "verse": 1,
        "text": "Voici les exhortations que j’adresse aux anciens qui sont parmi vous, moi ancien comme eux, témoin des souffrances de Christ, et participant de la gloire qui doit être manifestée:"
      },
      {
        "book_name": "1 Petrus",
        "book": 60,
        "chapter": 5,
        "verse": 2,
        "text": "#Ac 20:28.Paissez le troupeau de Dieu qui est sous votre garde, non par contrainte, mais volontairement, selon Dieu; #1 Ti 3:3. Tit 1:7.non pour un gain sordide, mais avec dévouement;"
      },
      {
        "book_name": "1 Petrus",
        "book": 60,
        "chapter": 5,
        "verse": 3,
        "text": "#2 Co 1:24.non comme dominant sur ceux qui vous sont échus en partage, #Ph 3:17. 1 Ti 4:12. Tit 2:7.mais en étant les modèles du troupeau."
      },
      {
        "book_name": "1 Petrus",
        "book": 60,
        "chapter": 5,
        "verse": 4,
        "text": "Et lorsque #És 40:11. Éz 34:23. Jn 10:11. Hé 13:20. 1 Pi 2:25.le souverain pasteur paraîtra, #1 Co 9:25. 2 Ti 4:8. Ja 1:12. 1 Pi 1:4.vous obtiendrez la couronne incorruptible de la gloire."
      },
      {
        "book_name": "1 Petrus",
        "book": 60,
        "chapter": 5,
        "verse": 5,
        "text": "De même, vous qui êtes jeunes, soyez soumis aux anciens. #Ro 12:10. Ph 2:3.Et tous, dans vos rapports mutuels, revêtez-vous d’humilité; car #Pr 3:34. Ja 4:6.Dieu résiste aux orgueilleux, Mais il fait grâce aux humbles."
      },
      {
        "book_name": "1 Petrus",
        "book": 60,
        "chapter": 5,
        "verse": 6,
        "text": "#Job 22:29. Pr 29:23. Mt 23:12. Lu 14:11. Ja 4:10.Humiliez-vous donc sous la puissante main de Dieu, afin qu’il vous élève au temps convenable;"
      },
      {
        "book_name": "1 Petrus",
        "book": 60,
        "chapter": 5,
        "verse": 7,
        "text": "et #Ps 55:23. Mt 6:25. Lu 12:22. Ph 4:6. 1 Ti 6:8.déchargez-vous sur lui de tous vos soucis, #1 Co 9:9. Hé 13:5.car lui-même prend soin de vous."
      },
      {
        "book_name": "1 Petrus",
        "book": 60,
        "chapter": 5,
        "verse": 8,
        "text": "#1 Th 5:6. 1 Pi 1:13; 4:7.Soyez sobres, veillez. #Job 1:7. Lu 22:31.Votre adversaire, le diable, rôde comme un lion rugissant, cherchant qui il dévorera."
      },
      {
        "book_name": "1 Petrus",
        "book": 60,
        "chapter": 5,
        "verse": 9,
        "text": "#Ép 4:27. Ja 4:7.Résistez-lui avec une foi ferme, sachant que les mêmes souffrances sont imposées à vos frères dans le monde."
      },
      {
        "book_name": "1 Petrus",
        "book": 60,
        "chapter": 5,
        "verse": 10,
        "text": "Le Dieu de toute grâce, qui vous a appelés en Jésus-Christ à sa gloire éternelle, après que vous aurez souffert #Hé 10:37. 1 Pi 1:6.un peu de temps, vous perfectionnera lui-même, vous affermira, vous fortifiera, vous rendra inébranlables."
      },
      {
        "book_name": "1 Petrus",
        "book": 60,
        "chapter": 5,
        "verse": 11,
        "text": "A lui soit la puissance aux siècles des siècles! Amen!"
      },
      {
        "book_name": "1 Petrus",
        "book": 60,
        "chapter": 5,
        "verse": 12,
        "text": "C’est par Silvain, qui est à mes yeux un frère fidèle, que je vous écris ce peu de mots, pour vous exhorter et pour vous attester que la grâce de Dieu à laquelle vous êtes attachés est la véritable."
      },
      {
        "book_name": "1 Petrus",
        "book": 60,
        "chapter": 5,
        "verse": 13,
        "text": "L’Église des élus qui est à Babylone vous salue, ainsi que Marc, mon fils."
      },
      {
        "book_name": "1 Petrus",
        "book": 60,
        "chapter": 5,
        "verse": 14,
        "text": "Saluez-vous les uns les autres #Ro 16:16. 1 Co 16:20. 2 Co 13:12. 1 Th 5:26.par un baiser d’affection. Que la paix soit avec vous tous qui êtes en Christ!"
      }
    ]
  }
}