{
  "source": "bible.com",
  "version": "Luis Segond (1910)",
  "book": "1 Thessalonians",
  "chapters": {
    "1": [
      {
        "book_name": "1 Thessalonians",
        "book": 52,
        "chapter": 1,
        "verse": 1,
        "text": "Adresse et salutationV. 1: cf. 2 Th 1:1, 2.  1Paul, et Silvain, et Timothée, à l’Église des Thessaloniciens, qui est en Dieu le Père et en Jésus-Christ le Seigneur: #Ro 1:7. Ép 1:2. 1 Pi 1:2.que la grâce et la paix vous soient données!Succès de l’Évangile à Thessalonique, et fidélité de son ÉgliseV. 2-10: cf. Ph 1:3-6. Col 1:3-8. 1 Th 2:13, 14.  2  #    \n        Ép 1:16. Ph 1:3. Col 1:3. 2 Th 1:3.  Nous rendons continuellement grâces à Dieu pour vous tous, faisant mention de vous dans nos prières, 3nous rappelant sans cesse #Jn 6:29.l’œuvre de votre foi, le travail de votre charité, et la fermeté de votre espérance en notre Seigneur Jésus-Christ, devant Dieu notre Père. 4Nous savons, frères bien-aimés de Dieu, que vous avez été élus, 5#1 Co 2:4; 4:20.notre Évangile ne vous ayant pas été prêché en paroles seulement, mais avec puissance, avec l’Esprit Saint, et avec une pleine persuasion; #1 Th 2:1.car vous n’ignorez pas que nous nous sommes montrés ainsi parmi vous, à cause de vous. 6#1 Co 4:16; 11:1. Ph 3:17. 2 Th 3:9.Et vous-mêmes, vous avez été mes imitateurs et ceux du Seigneur, en recevant la parole au milieu de beaucoup de tribulations, avec la joie du Saint-Esprit, 7en sorte que vous êtes devenus un modèle pour tous les croyants de la Macédoine et de l’Achaïe. 8Non seulement, en effet, la parole du Seigneur a retenti de chez vous dans la Macédoine et dans l’Achaïe, mais votre foi en Dieu s’est fait connaître en tout lieu, de telle manière que nous n’avons pas besoin d’en parler. 9Car on raconte, à notre sujet, quel accès nous avons eu auprès de vous, et comment vous vous êtes convertis à Dieu, en abandonnant les idoles pour servir le Dieu vivant et vrai, 10#Ac 1:11. Ph 3:20. 2 Th 1:10. Ap 1:7.et pour attendre des cieux son Fils, qu’il a ressuscité des morts, Jésus, qui nous délivre de la colère à venir."
      },
      {
        "book_name": "1 Thessalonians",
        "book": 52,
        "chapter": 1,
        "verse": 1,
        "text": "Paul, et Silvain, et Timothée, à l’Église des Thessaloniciens, qui est en Dieu le Père et en Jésus-Christ le Seigneur: #Ro 1:7. Ép 1:2. 1 Pi 1:2.que la grâce et la paix vous soient données!"
      },
      {
        "book_name": "1 Thessalonians",
        "book": 52,
        "chapter": 1,
        "verse": 2,
        "text": "#    \n        Ép 1:16. Ph 1:3. Col 1:3. 2 Th 1:3.  Nous rendons continuellement grâces à Dieu pour vous tous, faisant mention de vous dans nos prières,"
      },
      {
        "book_name": "1 Thessalonians",
        "book": 52,
        "chapter": 1,
        "verse": 3,
        "text": "nous rappelant sans cesse #Jn 6:29.l’œuvre de votre foi, le travail de votre charité, et la fermeté de votre espérance en notre Seigneur Jésus-Christ, devant Dieu notre Père."
      },
      {
        "book_name": "1 Thessalonians",
        "book": 52,
        "chapter": 1,
        "verse": 4,
        "text": "Nous savons, frères bien-aimés de Dieu, que vous avez été élus,"
      },
      {
        "book_name": "1 Thessalonians",
        "book": 52,
        "chapter": 1,
        "verse": 5,
        "text": "#1 Co 2:4; 4:20.notre Évangile ne vous ayant pas été prêché en paroles seulement, mais avec puissance, avec l’Esprit Saint, et avec une pleine persuasion; #1 Th 2:1.car vous n’ignorez pas que nous nous sommes montrés ainsi parmi vous, à cause de vous."
      },
      {
        "book_name": "1 Thessalonians",
        "book": 52,
        "chapter": 1,
        "verse": 6,
        "text": "#1 Co 4:16; 11:1. Ph 3:17. 2 Th 3:9.Et vous-mêmes, vous avez été mes imitateurs et ceux du Seigneur, en recevant la parole au milieu de beaucoup de tribulations, avec la joie du Saint-Esprit,"
      },
      {
        "book_name": "1 Thessalonians",
        "book": 52,
        "chapter": 1,
        "verse": 7,
        "text": "en sorte que vous êtes devenus un modèle pour tous les croyants de la Macédoine et de l’Achaïe."
      },
      {
        "book_name": "1 Thessalonians",
        "book": 52,
        "chapter": 1,
        "verse": 8,
        "text": "Non seulement, en effet, la parole du Seigneur a retenti de chez vous dans la Macédoine et dans l’Achaïe, mais votre foi en Dieu s’est fait connaître en tout lieu, de telle manière que nous n’avons pas besoin d’en parler."
      },
      {
        "book_name": "1 Thessalonians",
        "book": 52,
        "chapter": 1,
        "verse": 9,
        "text": "Car on raconte, à notre sujet, quel accès nous avons eu auprès de vous, et comment vous vous êtes convertis à Dieu, en abandonnant les idoles pour servir le Dieu vivant et vrai,"
      },
      {
        "book_name": "1 Thessalonians",
        "book": 52,
        "chapter": 1,
        "verse": 10,
        "text": "#Ac 1:11. Ph 3:20. 2 Th 1:10. Ap 1:7.et pour attendre des cieux son Fils, qu’il a ressuscité des morts, Jésus, qui nous délivre de la colère à venir."
      }
    ],
    "2": [
      {
        "book_name": "1 Thessalonians",
        "book": 52,
        "chapter": 2,
        "verse": 1,
        "text": "Comment Paul a exercé son ministère parmi les ThessaloniciensV. 1-12: cf. Ac 20:18-21, 31-35. (2 Co 4:1, 2, 5; 6:3-10; 12:12-15.)  1  #    \n        1 Th 1:5, 9.  Vous savez vous-mêmes, frères, que notre arrivée chez vous n’a pas été sans résultat. 2Après avoir souffert et reçu des outrages #Ac 16:22.à Philippes, comme vous le savez, nous prîmes de l’assurance en notre Dieu, pour #Ac 17:2.vous annoncer l’Évangile de Dieu, au milieu de bien des combats. 3Car notre prédication ne repose ni sur l’erreur, ni sur des motifs impurs, ni sur la fraude; 4mais, selon que Dieu nous a jugés dignes de nous confier l’Évangile, ainsi nous parlons, #Ga 1:10.non comme pour plaire à des hommes, mais pour plaire à Dieu, qui sonde nos cœurs. 5Jamais, en effet, nous n’avons usé de paroles flatteuses, comme vous le savez; jamais nous n’avons eu la cupidité pour mobile, #Ro 1:9; 9:1. 2 Co 1:23; 11:31. Ga 1:20. Ph 1:8. 1 Ti 5:21. 2 Ti 4:1.Dieu en est témoin. 6Nous n’avons point cherché la gloire qui vient des hommes, ni de vous ni des autres; #1 Co 9:3. 2 Th 3:9.nous aurions pu nous produire avec autorité comme apôtres de Christ, 7mais nous avons été pleins de douceur au milieu de vous. De même qu’une nourrice prend un tendre soin de ses enfants, 8nous aurions voulu, dans notre vive affection pour vous, non seulement vous donner l’Évangile de Dieu, mais encore nos propres vies, tant vous nous étiez devenus chers. 9#Ac 18:3; 20:34. 1 Co 4:12. 2 Co 11:9; 12:13. 2 Th 3:8.Vous vous rappelez, frères, notre travail et notre peine: nuit et jour à l’œuvre, pour n’être à charge à aucun de vous, nous vous avons prêché l’Évangile de Dieu. 10Vous êtes témoins, et Dieu l’est aussi, que nous avons eu envers vous qui croyez une conduite sainte, juste et irréprochable. 11Vous savez aussi que nous avons été pour chacun de vous ce qu’un père est pour ses enfants, 12vous exhortant, vous consolant, #Ge 17:1. 1 Co 7:20. Ép 4:1. Ph 1:27. Col 1:10.vous conjurant de marcher d’une manière digne de Dieu, qui vous appelle à son royaume et à sa gloire.V. 13-16: cf. (1 Th 1:6-10. 2 Th 1:4, 5.) Mt 23:29-38.  13C’est pourquoi nous rendons continuellement grâces à Dieu de ce qu’en recevant la parole de Dieu, que nous vous avons fait entendre, vous l’avez reçue, non comme la parole des hommes, mais, ainsi qu’elle l’est véritablement, comme la parole de Dieu, qui agit en vous qui croyez. 14Car vous, frères, vous êtes devenus les imitateurs des Églises de Dieu qui sont en Jésus-Christ dans la Judée, parce que vous aussi, vous avez souffert de la part de vos #Ac 17:5, 13.propres compatriotes les mêmes maux qu’elles ont soufferts de la part des Juifs. 15#Ac 7:52.Ce sont ces Juifs qui ont fait mourir le Seigneur Jésus #Mt 23:37. Lu 13:34.et les prophètes, qui nous ont persécutés, qui ne plaisent point à Dieu, et qui sont ennemis de tous les hommes, 16#Ac 17:13.nous empêchant de parler aux païens pour qu’ils soient sauvés, en sorte qu’ils ne cessent de mettre le comble à leurs péchés. Mais la colère a fini par les atteindre.Désir qu’éprouve l’apôtre de revoir les Thessaloniciens2 v. 17 à 3 v. 5: cf. (Ro 1:9-13. 1 Th 3:9-11.) Ac 17:14-16; 14:22. Jn 16:1-4, 33.  17Pour nous, frères, après avoir été quelque temps séparés de vous, de corps mais non de cœur, nous avons eu d’autant plus ardemment le vif désir de vous voir. 18#Ro 1:13; 15:22.Aussi voulions-nous aller vers vous, du moins moi Paul, une et même deux fois; mais Satan nous en a empêchés. 19#2 Co 1:14. Ph 2:16; 4:1.Qui est, en effet, notre espérance, ou notre joie, ou notre couronne de gloire? N’est-ce pas vous aussi, devant notre Seigneur Jésus, lors de son avènement? 20Oui, vous êtes notre gloire et notre joie."
      },
      {
        "book_name": "1 Thessalonians",
        "book": 52,
        "chapter": 2,
        "verse": 1,
        "text": "#    \n        1 Th 1:5, 9.  Vous savez vous-mêmes, frères, que notre arrivée chez vous n’a pas été sans résultat."
      },
      {
        "book_name": "1 Thessalonians",
        "book": 52,
        "chapter": 2,
        "verse": 2,
        "text": "Après avoir souffert et reçu des outrages #Ac 16:22.à Philippes, comme vous le savez, nous prîmes de l’assurance en notre Dieu, pour #Ac 17:2.vous annoncer l’Évangile de Dieu, au milieu de bien des combats."
      },
      {
        "book_name": "1 Thessalonians",
        "book": 52,
        "chapter": 2,
        "verse": 3,
        "text": "Car notre prédication ne repose ni sur l’erreur, ni sur des motifs impurs, ni sur la fraude;"
      },
      {
        "book_name": "1 Thessalonians",
        "book": 52,
        "chapter": 2,
        "verse": 4,
        "text": "mais, selon que Dieu nous a jugés dignes de nous confier l’Évangile, ainsi nous parlons, #Ga 1:10.non comme pour plaire à des hommes, mais pour plaire à Dieu, qui sonde nos cœurs."
      },
      {
        "book_name": "1 Thessalonians",
        "book": 52,
        "chapter": 2,
        "verse": 5,
        "text": "Jamais, en effet, nous n’avons usé de paroles flatteuses, comme vous le savez; jamais nous n’avons eu la cupidité pour mobile, #Ro 1:9; 9:1. 2 Co 1:23; 11:31. Ga 1:20. Ph 1:8. 1 Ti 5:21. 2 Ti 4:1.Dieu en est témoin."
      },
      {
        "book_name": "1 Thessalonians",
        "book": 52,
        "chapter": 2,
        "verse": 6,
        "text": "Nous n’avons point cherché la gloire qui vient des hommes, ni de vous ni des autres; #1 Co 9:3. 2 Th 3:9.nous aurions pu nous produire avec autorité comme apôtres de Christ,"
      },
      {
        "book_name": "1 Thessalonians",
        "book": 52,
        "chapter": 2,
        "verse": 7,
        "text": "mais nous avons été pleins de douceur au milieu de vous. De même qu’une nourrice prend un tendre soin de ses enfants,"
      },
      {
        "book_name": "1 Thessalonians",
        "book": 52,
        "chapter": 2,
        "verse": 8,
        "text": "nous aurions voulu, dans notre vive affection pour vous, non seulement vous donner l’Évangile de Dieu, mais encore nos propres vies, tant vous nous étiez devenus chers."
      },
      {
        "book_name": "1 Thessalonians",
        "book": 52,
        "chapter": 2,
        "verse": 9,
        "text": "#Ac 18:3; 20:34. 1 Co 4:12. 2 Co 11:9; 12:13. 2 Th 3:8.Vous vous rappelez, frères, notre travail et notre peine: nuit et jour à l’œuvre, pour n’être à charge à aucun de vous, nous vous avons prêché l’Évangile de Dieu."
      },
      {
        "book_name": "1 Thessalonians",
        "book": 52,
        "chapter": 2,
        "verse": 10,
        "text": "Vous êtes témoins, et Dieu l’est aussi, que nous avons eu envers vous qui croyez une conduite sainte, juste et irréprochable."
      },
      {
        "book_name": "1 Thessalonians",
        "book": 52,
        "chapter": 2,
        "verse": 11,
        "text": "Vous savez aussi que nous avons été pour chacun de vous ce qu’un père est pour ses enfants,"
      },
      {
        "book_name": "1 Thessalonians",
        "book": 52,
        "chapter": 2,
        "verse": 12,
        "text": "vous exhortant, vous consolant, #Ge 17:1. 1 Co 7:20. Ép 4:1. Ph 1:27. Col 1:10.vous conjurant de marcher d’une manière digne de Dieu, qui vous appelle à son royaume et à sa gloire."
      },
      {
        "book_name": "1 Thessalonians",
        "book": 52,
        "chapter": 2,
        "verse": 13,
        "text": "C’est pourquoi nous rendons continuellement grâces à Dieu de ce qu’en recevant la parole de Dieu, que nous vous avons fait entendre, vous l’avez reçue, non comme la parole des hommes, mais, ainsi qu’elle l’est véritablement, comme la parole de Dieu, qui agit en vous qui croyez."
      },
      {
        "book_name": "1 Thessalonians",
        "book": 52,
        "chapter": 2,
        "verse": 14,
        "text": "Car vous, frères, vous êtes devenus les imitateurs des Églises de Dieu qui sont en Jésus-Christ dans la Judée, parce que vous aussi, vous avez souffert de la part de vos #Ac 17:5, 13.propres compatriotes les mêmes maux qu’elles ont soufferts de la part des Juifs."
      },
      {
        "book_name": "1 Thessalonians",
        "book": 52,
        "chapter": 2,
        "verse": 15,
        "text": "#Ac 7:52.Ce sont ces Juifs qui ont fait mourir le Seigneur Jésus #Mt 23:37. Lu 13:34.et les prophètes, qui nous ont persécutés, qui ne plaisent point à Dieu, et qui sont ennemis de tous les hommes,"
      },
      {
        "book_name": "1 Thessalonians",
        "book": 52,
        "chapter": 2,
        "verse": 16,
        "text": "#Ac 17:13.nous empêchant de parler aux païens pour qu’ils soient sauvés, en sorte qu’ils ne cessent de mettre le comble à leurs péchés. Mais la colère a fini par les atteindre."
      },
      {
        "book_name": "1 Thessalonians",
        "book": 52,
        "chapter": 2,
        "verse": 17,
        "text": "Pour nous, frères, après avoir été quelque temps séparés de vous, de corps mais non de cœur, nous avons eu d’autant plus ardemment le vif désir de vous voir."
      },
      {
        "book_name": "1 Thessalonians",
        "book": 52,
        "chapter": 2,
        "verse": 18,
        "text": "#Ro 1:13; 15:22.Aussi voulions-nous aller vers vous, du moins moi Paul, une et même deux fois; mais Satan nous en a empêchés."
      },
      {
        "book_name": "1 Thessalonians",
        "book": 52,
        "chapter": 2,
        "verse": 19,
        "text": "#2 Co 1:14. Ph 2:16; 4:1.Qui est, en effet, notre espérance, ou notre joie, ou notre couronne de gloire? N’est-ce pas vous aussi, devant notre Seigneur Jésus, lors de son avènement?"
      },
      {
        "book_name": "1 Thessalonians",
        "book": 52,
        "chapter": 2,
        "verse": 20,
        "text": "Oui, vous êtes notre gloire et notre joie."
      }
    ],
    "3": [
      {
        "book_name": "1 Thessalonians",
        "book": 52,
        "chapter": 3,
        "verse": 1,
        "text": "1C’est pourquoi, impatients que nous étions, et nous décidant à rester seuls à Athènes, 2nous envoyâmes #Ac 16:1. Ro 16:21. Ph 2:19.Timothée, notre frère, ministre de Dieu dans l’Évangile de Christ, pour vous affermir et vous exhorter au sujet de votre foi, 3#Ép 3:13. Ph 1:14.afin que personne ne fût ébranlé au milieu des tribulations présentes; car vous savez vous-mêmes #Ac 14:22. 2 Ti 3:12.que nous sommes destinés à cela. 4Et lorsque nous étions auprès de vous, nous vous annoncions d’avance que nous serions exposés à des tribulations, comme cela est arrivé, et comme vous le savez. 5Ainsi, dans mon impatience, j’envoyai m’informer de votre foi, dans la crainte que le tentateur ne vous eût tentés, et que nous n’eussions travaillé en vain.Joie et vœux de l’apôtre à l’occasion des nouvelles apportées par TimothéeV. 6-13: cf. Ac 18:5. (2 Co 7:4-7. 3 Jn 3, 4.) Ph 1:8-10.  6Mais Timothée, récemment arrivé ici de chez vous, nous a donné de bonnes nouvelles de votre foi et de votre charité, et nous a dit que vous avez toujours de nous un bon souvenir, désirant nous voir comme nous désirons aussi vous voir. 7En conséquence, frères, au milieu de toutes nos calamités et de nos tribulations, nous avons été consolés à votre sujet, à cause de votre foi. 8Car maintenant nous vivons, puisque vous demeurez fermes dans le Seigneur. 9Quelles actions de grâces, en effet, nous pouvons rendre à Dieu à votre sujet, pour toute la joie que nous éprouvons à cause de vous, devant notre Dieu! 10#Ro 1:10, 11; 5:23. 2 Ti 1:4.Nuit et jour, nous le prions avec une extrême ardeur de nous permettre de vous voir, et de compléter ce qui manque à votre foi. 11Que Dieu lui-même, notre Père, et notre Seigneur Jésus, aplanissent notre route pour que nous allions à vous! 12Que le Seigneur augmente de plus en plus parmi vous, et à l’égard de tous, cette charité que nous avons nous-mêmes pour vous, 13#1 Co 1:8. 1 Th 5:23. 2 Th 2:17.afin d’affermir vos cœurs pour qu’ils soient irréprochables dans la sainteté devant Dieu notre Père, lors de l’avènement de notre Seigneur Jésus avec tous ses saints!"
      },
      {
        "book_name": "1 Thessalonians",
        "book": 52,
        "chapter": 3,
        "verse": 1,
        "text": "C’est pourquoi, impatients que nous étions, et nous décidant à rester seuls à Athènes,"
      },
      {
        "book_name": "1 Thessalonians",
        "book": 52,
        "chapter": 3,
        "verse": 2,
        "text": "nous envoyâmes #Ac 16:1. Ro 16:21. Ph 2:19.Timothée, notre frère, ministre de Dieu dans l’Évangile de Christ, pour vous affermir et vous exhorter au sujet de votre foi,"
      },
      {
        "book_name": "1 Thessalonians",
        "book": 52,
        "chapter": 3,
        "verse": 3,
        "text": "#Ép 3:13. Ph 1:14.afin que personne ne fût ébranlé au milieu des tribulations présentes; car vous savez vous-mêmes #Ac 14:22. 2 Ti 3:12.que nous sommes destinés à cela."
      },
      {
        "book_name": "1 Thessalonians",
        "book": 52,
        "chapter": 3,
        "verse": 4,
        "text": "Et lorsque nous étions auprès de vous, nous vous annoncions d’avance que nous serions exposés à des tribulations, comme cela est arrivé, et comme vous le savez."
      },
      {
        "book_name": "1 Thessalonians",
        "book": 52,
        "chapter": 3,
        "verse": 5,
        "text": "Ainsi, dans mon impatience, j’envoyai m’informer de votre foi, dans la crainte que le tentateur ne vous eût tentés, et que nous n’eussions travaillé en vain."
      },
      {
        "book_name": "1 Thessalonians",
        "book": 52,
        "chapter": 3,
        "verse": 6,
        "text": "Mais Timothée, récemment arrivé ici de chez vous, nous a donné de bonnes nouvelles de votre foi et de votre charité, et nous a dit que vous avez toujours de nous un bon souvenir, désirant nous voir comme nous désirons aussi vous voir."
      },
      {
        "book_name": "1 Thessalonians",
        "book": 52,
        "chapter": 3,
        "verse": 7,
        "text": "En conséquence, frères, au milieu de toutes nos calamités et de nos tribulations, nous avons été consolés à votre sujet, à cause de votre foi."
      },
      {
        "book_name": "1 Thessalonians",
        "book": 52,
        "chapter": 3,
        "verse": 8,
        "text": "Car maintenant nous vivons, puisque vous demeurez fermes dans le Seigneur."
      },
      {
        "book_name": "1 Thessalonians",
        "book": 52,
        "chapter": 3,
        "verse": 9,
        "text": "Quelles actions de grâces, en effet, nous pouvons rendre à Dieu à votre sujet, pour toute la joie que nous éprouvons à cause de vous, devant notre Dieu!"
      },
      {
        "book_name": "1 Thessalonians",
        "book": 52,
        "chapter": 3,
        "verse": 10,
        "text": "#Ro 1:10, 11; 5:23. 2 Ti 1:4.Nuit et jour, nous le prions avec une extrême ardeur de nous permettre de vous voir, et de compléter ce qui manque à votre foi."
      },
      {
        "book_name": "1 Thessalonians",
        "book": 52,
        "chapter": 3,
        "verse": 11,
        "text": "Que Dieu lui-même, notre Père, et notre Seigneur Jésus, aplanissent notre route pour que nous allions à vous!"
      },
      {
        "book_name": "1 Thessalonians",
        "book": 52,
        "chapter": 3,
        "verse": 12,
        "text": "Que le Seigneur augmente de plus en plus parmi vous, et à l’égard de tous, cette charité que nous avons nous-mêmes pour vous,"
      },
      {
        "book_name": "1 Thessalonians",
        "book": 52,
        "chapter": 3,
        "verse": 13,
        "text": "#1 Co 1:8. 1 Th 5:23. 2 Th 2:17.afin d’affermir vos cœurs pour qu’ils soient irréprochables dans la sainteté devant Dieu notre Père, lors de l’avènement de notre Seigneur Jésus avec tous ses saints!"
      }
    ],
    "4": [
      {
        "book_name": "1 Thessalonians",
        "book": 52,
        "chapter": 4,
        "verse": 1,
        "text": "Exhortation à la sainteté, à la charité, au travailV. 1-8: cf. 1 Pi 1:14-16; 4:1-5. Ép 5:3-8. 1 Co 6:13-20.  1Au reste, frères, puisque vous avez appris de nous #Ph 1:27. 1 Th 2:12.comment vous devez vous conduire et plaire à Dieu, et que c’est là ce que vous faites, nous vous prions et nous vous conjurons au nom du Seigneur Jésus de marcher à cet égard de progrès en progrès. 2Vous savez, en effet, quels préceptes nous vous avons donnés de la part du Seigneur Jésus. 3#Ro 12:2. Ép 5:27. Ph 4:8.Ce que Dieu veut, c’est votre sanctification; c’est que vous vous absteniez de l’impudicité; 4c’est que chacun de vous sache posséder son corps dans la sainteté et l’honnêteté, 5sans vous livrer à une convoitise passionnée, comme font les païens #1 Co 15:34. Ép 4:18.qui ne connaissent pas Dieu; 6c’est que personne n’use envers son frère de fraude et de cupidité dans les affaires, parce que le Seigneur tire vengeance de toutes ces choses, comme nous vous l’avons déjà dit et attesté. 7Car Dieu ne nous a pas appelés à l’impureté, #Jn 17:19. 1 Co 1:2.mais à la sanctification. 8#Lu 10:16.Celui donc qui rejette ces préceptes ne rejette pas un homme, mais Dieu, #1 Co 7:40.qui vous a aussi donné son Saint-Esprit.V. 9-12: cf. 1 Pi 1:22. 2 Th 3:6-12.  9  #    \n        Lé 19:18. Mt 22:39. Jn 13:34; 15:12. Ép 5:2. 2 Pi 4:8. 1 Jn 3:23; 4:21.  Pour ce qui est de l’amour fraternel, vous n’avez pas besoin qu’on vous en écrive; car vous avez vous-mêmes appris de Dieu à vous aimer les uns les autres, 10et c’est aussi ce que vous faites envers tous les frères dans la Macédoine entière. Mais nous vous exhortons, frères, à abonder toujours plus dans cet amour, 11#2 Th 3:7, 12.et à mettre votre honneur à vivre tranquilles, à vous occuper de vos propres affaires, #Ac 20:34. Ép 4:28.et à travailler de vos mains, comme nous vous l’avons recommandé, 12en sorte que vous vous conduisiez honnêtement envers ceux du dehors, et que vous n’ayez besoin de personne.Sur la résurrection des morts et l’avènement du SeigneurV. 13-18: cf. 1 Co 15:19-58. Ph 3:20, 21.  13Nous ne voulons pas, frères, que vous soyez dans l’ignorance au sujet de ceux qui dorment, #Lé 19:28. De 14:1. 2 S 12:20.afin que vous ne vous affligiez pas comme les autres qui n’ont point d’espérance. 14Car, si nous croyons que Jésus est mort et qu’il est ressuscité, croyons aussi que Dieu ramènera par Jésus et avec lui ceux qui sont morts. 15Voici, en effet, ce que nous vous déclarons d’après la parole du Seigneur: #1 Co 15:22, 51.nous les vivants, restés pour l’avènement du Seigneur, nous ne devancerons pas ceux qui sont morts. 16#Mt 24:31. 1 Co 15:52. 2 Th 1:7.Car le Seigneur lui-même, à un signal donné, à la voix d’un archange, et au son de la trompette de Dieu, descendra du ciel, et les morts en Christ ressusciteront premièrement. 17Ensuite, nous les vivants, qui serons restés, nous serons tous ensemble enlevés avec eux sur des nuées, à la rencontre du Seigneur dans les airs, et ainsi nous serons toujours avec le Seigneur. 18Consolez-vous donc les uns les autres par ces paroles."
      },
      {
        "book_name": "1 Thessalonians",
        "book": 52,
        "chapter": 4,
        "verse": 1,
        "text": "Au reste, frères, puisque vous avez appris de nous #Ph 1:27. 1 Th 2:12.comment vous devez vous conduire et plaire à Dieu, et que c’est là ce que vous faites, nous vous prions et nous vous conjurons au nom du Seigneur Jésus de marcher à cet égard de progrès en progrès."
      },
      {
        "book_name": "1 Thessalonians",
        "book": 52,
        "chapter": 4,
        "verse": 2,
        "text": "Vous savez, en effet, quels préceptes nous vous avons donnés de la part du Seigneur Jésus."
      },
      {
        "book_name": "1 Thessalonians",
        "book": 52,
        "chapter": 4,
        "verse": 3,
        "text": "#Ro 12:2. Ép 5:27. Ph 4:8.Ce que Dieu veut, c’est votre sanctification; c’est que vous vous absteniez de l’impudicité;"
      },
      {
        "book_name": "1 Thessalonians",
        "book": 52,
        "chapter": 4,
        "verse": 4,
        "text": "c’est que chacun de vous sache posséder son corps dans la sainteté et l’honnêteté,"
      },
      {
        "book_name": "1 Thessalonians",
        "book": 52,
        "chapter": 4,
        "verse": 5,
        "text": "sans vous livrer à une convoitise passionnée, comme font les païens #1 Co 15:34. Ép 4:18.qui ne connaissent pas Dieu;"
      },
      {
        "book_name": "1 Thessalonians",
        "book": 52,
        "chapter": 4,
        "verse": 6,
        "text": "c’est que personne n’use envers son frère de fraude et de cupidité dans les affaires, parce que le Seigneur tire vengeance de toutes ces choses, comme nous vous l’avons déjà dit et attesté."
      },
      {
        "book_name": "1 Thessalonians",
        "book": 52,
        "chapter": 4,
        "verse": 7,
        "text": "Car Dieu ne nous a pas appelés à l’impureté, #Jn 17:19. 1 Co 1:2.mais à la sanctification."
      },
      {
        "book_name": "1 Thessalonians",
        "book": 52,
        "chapter": 4,
        "verse": 8,
        "text": "#Lu 10:16.Celui donc qui rejette ces préceptes ne rejette pas un homme, mais Dieu, #1 Co 7:40.qui vous a aussi donné son Saint-Esprit."
      },
      {
        "book_name": "1 Thessalonians",
        "book": 52,
        "chapter": 4,
        "verse": 9,
        "text": "#    \n        Lé 19:18. Mt 22:39. Jn 13:34; 15:12. Ép 5:2. 2 Pi 4:8. 1 Jn 3:23; 4:21.  Pour ce qui est de l’amour fraternel, vous n’avez pas besoin qu’on vous en écrive; car vous avez vous-mêmes appris de Dieu à vous aimer les uns les autres,"
      },
      {
        "book_name": "1 Thessalonians",
        "book": 52,
        "chapter": 4,
        "verse": 10,
        "text": "et c’est aussi ce que vous faites envers tous les frères dans la Macédoine entière. Mais nous vous exhortons, frères, à abonder toujours plus dans cet amour,"
      },
      {
        "book_name": "1 Thessalonians",
        "book": 52,
        "chapter": 4,
        "verse": 11,
        "text": "#2 Th 3:7, 12.et à mettre votre honneur à vivre tranquilles, à vous occuper de vos propres affaires, #Ac 20:34. Ép 4:28.et à travailler de vos mains, comme nous vous l’avons recommandé,"
      },
      {
        "book_name": "1 Thessalonians",
        "book": 52,
        "chapter": 4,
        "verse": 12,
        "text": "en sorte que vous vous conduisiez honnêtement envers ceux du dehors, et que vous n’ayez besoin de personne."
      },
      {
        "book_name": "1 Thessalonians",
        "book": 52,
        "chapter": 4,
        "verse": 13,
        "text": "Nous ne voulons pas, frères, que vous soyez dans l’ignorance au sujet de ceux qui dorment, #Lé 19:28. De 14:1. 2 S 12:20.afin que vous ne vous affligiez pas comme les autres qui n’ont point d’espérance."
      },
      {
        "book_name": "1 Thessalonians",
        "book": 52,
        "chapter": 4,
        "verse": 14,
        "text": "Car, si nous croyons que Jésus est mort et qu’il est ressuscité, croyons aussi que Dieu ramènera par Jésus et avec lui ceux qui sont morts."
      },
      {
        "book_name": "1 Thessalonians",
        "book": 52,
        "chapter": 4,
        "verse": 15,
        "text": "Voici, en effet, ce que nous vous déclarons d’après la parole du Seigneur: #1 Co 15:22, 51.nous les vivants, restés pour l’avènement du Seigneur, nous ne devancerons pas ceux qui sont morts."
      },
      {
        "book_name": "1 Thessalonians",
        "book": 52,
        "chapter": 4,
        "verse": 16,
        "text": "#Mt 24:31. 1 Co 15:52. 2 Th 1:7.Car le Seigneur lui-même, à un signal donné, à la voix d’un archange, et au son de la trompette de Dieu, descendra du ciel, et les morts en Christ ressusciteront premièrement."
      },
      {
        "book_name": "1 Thessalonians",
        "book": 52,
        "chapter": 4,
        "verse": 17,
        "text": "Ensuite, nous les vivants, qui serons restés, nous serons tous ensemble enlevés avec eux sur des nuées, à la rencontre du Seigneur dans les airs, et ainsi nous serons toujours avec le Seigneur."
      },
      {
        "book_name": "1 Thessalonians",
        "book": 52,
        "chapter": 4,
        "verse": 18,
        "text": "Consolez-vous donc les uns les autres par ces paroles."
      }
    ],
    "5": [
      {
        "book_name": "1 Thessalonians",
        "book": 52,
        "chapter": 5,
        "verse": 1,
        "text": "V. 1-11: cf. (Mt 24:36-51. Lu 12:35-40; 21:34-36.) Ro 13:11-14.  1Pour ce qui est des temps et des moments, vous n’avez pas besoin, frères, qu’on vous en écrive. 2Car vous savez bien vous-mêmes #Mt 24:43. 2 Pi 3:10. Ap 3:3; 16:15.que le jour du Seigneur viendra comme un voleur dans la nuit. 3Quand les hommes diront: Paix et sûreté! Alors #2 Th 1:9.une ruine soudaine les surprendra, comme les douleurs de l’enfantement surprennent la femme enceinte, et ils n’échapperont point. 4#Ép 5:8.Mais vous, frères, vous n’êtes pas dans les ténèbres, pour que ce jour vous surprenne comme un voleur; 5vous êtes tous #Lu 16:8. Ép 5:8.des enfants de la lumière et des enfants #Ro 13:12.du jour. Nous ne sommes point de la nuit ni des ténèbres. 6#Ro 13:11, 13. Ép 5:14.Ne dormons donc point comme les autres, #Lu 21:36.mais veillons et #1 Co 15:34.soyons sobres. 7Car ceux qui dorment dorment la nuit, et ceux qui s’enivrent s’enivrent la nuit. 8Mais nous qui sommes du jour, soyons sobres, #És 59:17. Ép 6:14, etc.ayant revêtu la cuirasse de la foi et de la charité, et ayant pour casque l’espérance du salut. 9Car Dieu ne nous a pas destinés à la colère, mais à l’acquisition du salut par notre Seigneur Jésus-Christ, 10qui est mort pour nous, #Ro 14:7. 2 Co 5:15. Ga 3:20. 1 Pi 4:2.afin que, soit que nous veillions, soit que nous dormions, nous vivions ensemble avec lui. 11C’est pourquoi exhortez-vous réciproquement, et édifiez-vous les uns les autres, comme en réalité vous le faites.Préceptes diversV. 12-15: cf. Hé 13:7, 17. Ga 6:1, 2. Ro 12:17-21.  12  #    \n        Ro 15:27. 1 Co 9:11; 16:18. Ga 5:6. Ph 2:29. 1 Ti 5:17. Hé 13:7, 17.  Nous vous prions, frères, d’avoir de la considération pour ceux qui travaillent parmi vous, qui vous dirigent dans le Seigneur, et qui vous exhortent. 13Ayez pour eux beaucoup d’affection, à cause de leur œuvre. Soyez en paix entre vous. 14Nous vous en prions aussi, frères, avertissez ceux qui vivent dans le désordre, consolez ceux qui sont abattus, supportez les faibles, usez de patience envers tous. 15#Lé 19:18. Pr 20:22; 24:29. Mt 5:39. Ro 12:17. 1 Co 6:7. 1 Pi 3:9.Prenez garde que personne ne rende à autrui le mal pour le mal; mais poursuivez toujours le bien, soit entre vous, soit envers tous.V. 16-22: cf. Ro 12:12, 9. Ép 5:18-20.  16  #    \n        Mt 5:12. Lu 10:20. Ro 12:12. Ph 4:4.  Soyez toujours joyeux. 17#Lu 18:1. Ro 12:12. Col 4:2.Priez sans cesse. 18#Ép 5:20.Rendez grâces en toutes choses, car c’est à votre égard la volonté de Dieu en Jésus-Christ. 19#1 Co 14:30.N’éteignez pas l’Esprit. 20Ne méprisez pas les prophéties. 21#1 Jn 4:1.Mais examinez toutes choses; retenez ce qui est bon; 22#Ph 4:8.abstenez-vous de toute espèce de mal.Vœux et salutationsV. 23-28: cf. Hé 13:20, 21. 1 Co 1:8, 9. 2 Co 13:12, 13.  23  #    \n        1 Co 1:8. Ph 4:9. 1 Th 3:13.  Que le Dieu de paix vous sanctifie lui-même tout entiers, et que tout votre être, l’esprit, l’âme et le corps, soit conservé irrépréhensible, lors de l’avènement de notre Seigneur Jésus-Christ! 24#1 Co 1:9; 10:13. 2 Co 1:18. 2 Th 3:3.Celui qui vous a appelés est fidèle, et c’est lui qui le fera. 25Frères, priez pour nous. 26#Ro 16:16. 1 Co 16:20. 2 Co 13:12. 1 Pi 5:14.Saluez tous les frères par un saint baiser. 27Je vous en conjure par le Seigneur, que cette lettre soit lue à tous les frères. 28Que la grâce de notre Seigneur Jésus-Christ soit avec vous!"
      },
      {
        "book_name": "1 Thessalonians",
        "book": 52,
        "chapter": 5,
        "verse": 1,
        "text": "Pour ce qui est des temps et des moments, vous n’avez pas besoin, frères, qu’on vous en écrive."
      },
      {
        "book_name": "1 Thessalonians",
        "book": 52,
        "chapter": 5,
        "verse": 2,
        "text": "Car vous savez bien vous-mêmes #Mt 24:43. 2 Pi 3:10. Ap 3:3; 16:15.que le jour du Seigneur viendra comme un voleur dans la nuit."
      },
      {
        "book_name": "1 Thessalonians",
        "book": 52,
        "chapter": 5,
        "verse": 3,
        "text": "Quand les hommes diront: Paix et sûreté! Alors #2 Th 1:9.une ruine soudaine les surprendra, comme les douleurs de l’enfantement surprennent la femme enceinte, et ils n’échapperont point."
      },
      {
        "book_name": "1 Thessalonians",
        "book": 52,
        "chapter": 5,
        "verse": 4,
        "text": "#Ép 5:8.Mais vous, frères, vous n’êtes pas dans les ténèbres, pour que ce jour vous surprenne comme un voleur;"
      },
      {
        "book_name": "1 Thessalonians",
        "book": 52,
        "chapter": 5,
        "verse": 5,
        "text": "vous êtes tous #Lu 16:8. Ép 5:8.des enfants de la lumière et des enfants #Ro 13:12.du jour. Nous ne sommes point de la nuit ni des ténèbres."
      },
      {
        "book_name": "1 Thessalonians",
        "book": 52,
        "chapter": 5,
        "verse": 6,
        "text": "#Ro 13:11, 13. Ép 5:14.Ne dormons donc point comme les autres, #Lu 21:36.mais veillons et #1 Co 15:34.soyons sobres."
      },
      {
        "book_name": "1 Thessalonians",
        "book": 52,
        "chapter": 5,
        "verse": 7,
        "text": "Car ceux qui dorment dorment la nuit, et ceux qui s’enivrent s’enivrent la nuit."
      },
      {
        "book_name": "1 Thessalonians",
        "book": 52,
        "chapter": 5,
        "verse": 8,
        "text": "Mais nous qui sommes du jour, soyons sobres, #És 59:17. Ép 6:14, etc.ayant revêtu la cuirasse de la foi et de la charité, et ayant pour casque l’espérance du salut."
      },
      {
        "book_name": "1 Thessalonians",
        "book": 52,
        "chapter": 5,
        "verse": 9,
        "text": "Car Dieu ne nous a pas destinés à la colère, mais à l’acquisition du salut par notre Seigneur Jésus-Christ,"
      },
      {
        "book_name": "1 Thessalonians",
        "book": 52,
        "chapter": 5,
        "verse": 10,
        "text": "qui est mort pour nous, #Ro 14:7. 2 Co 5:15. Ga 3:20. 1 Pi 4:2.afin que, soit que nous veillions, soit que nous dormions, nous vivions ensemble avec lui."
      },
      {
        "book_name": "1 Thessalonians",
        "book": 52,
        "chapter": 5,
        "verse": 11,
        "text": "C’est pourquoi exhortez-vous réciproquement, et édifiez-vous les uns les autres, comme en réalité vous le faites."
      },
      {
        "book_name": "1 Thessalonians",
        "book": 52,
        "chapter": 5,
        "verse": 12,
        "text": "#    \n        Ro 15:27. 1 Co 9:11; 16:18. Ga 5:6. Ph 2:29. 1 Ti 5:17. Hé 13:7, 17.  Nous vous prions, frères, d’avoir de la considération pour ceux qui travaillent parmi vous, qui vous dirigent dans le Seigneur, et qui vous exhortent."
      },
      {
        "book_name": "1 Thessalonians",
        "book": 52,
        "chapter": 5,
        "verse": 13,
        "text": "Ayez pour eux beaucoup d’affection, à cause de leur œuvre. Soyez en paix entre vous."
      },
      {
        "book_name": "1 Thessalonians",
        "book": 52,
        "chapter": 5,
        "verse": 14,
        "text": "Nous vous en prions aussi, frères, avertissez ceux qui vivent dans le désordre, consolez ceux qui sont abattus, supportez les faibles, usez de patience envers tous."
      },
      {
        "book_name": "1 Thessalonians",
        "book": 52,
        "chapter": 5,
        "verse": 15,
        "text": "#Lé 19:18. Pr 20:22; 24:29. Mt 5:39. Ro 12:17. 1 Co 6:7. 1 Pi 3:9.Prenez garde que personne ne rende à autrui le mal pour le mal; mais poursuivez toujours le bien, soit entre vous, soit envers tous."
      },
      {
        "book_name": "1 Thessalonians",
        "book": 52,
        "chapter": 5,
        "verse": 16,
        "text": "#    \n        Mt 5:12. Lu 10:20. Ro 12:12. Ph 4:4.  Soyez toujours joyeux."
      },
      {
        "book_name": "1 Thessalonians",
        "book": 52,
        "chapter": 5,
        "verse": 17,
        "text": "#Lu 18:1. Ro 12:12. Col 4:2.Priez sans cesse."
      },
      {
        "book_name": "1 Thessalonians",
        "book": 52,
        "chapter": 5,
        "verse": 18,
        "text": "#Ép 5:20.Rendez grâces en toutes choses, car c’est à votre égard la volonté de Dieu en Jésus-Christ."
      },
      {
        "book_name": "1 Thessalonians",
        "book": 52,
        "chapter": 5,
        "verse": 19,
        "text": "#1 Co 14:30.N’éteignez pas l’Esprit."
      },
      {
        "book_name": "1 Thessalonians",
        "book": 52,
        "chapter": 5,
        "verse": 20,
        "text": "Ne méprisez pas les prophéties."
      },
      {
        "book_name": "1 Thessalonians",
        "book": 52,
        "chapter": 5,
        "verse": 21,
        "text": "#1 Jn 4:1.Mais examinez toutes choses; retenez ce qui est bon;"
      },
      {
        "book_name": "1 Thessalonians",
        "book": 52,
        "chapter": 5,
        "verse": 22,
        "text": "#Ph 4:8.abstenez-vous de toute espèce de mal."
      },
      {
        "book_name": "1 Thessalonians",
        "book": 52,
        "chapter": 5,
        "verse": 23,
        "text": "#    \n        1 Co 1:8. Ph 4:9. 1 Th 3:13.  Que le Dieu de paix vous sanctifie lui-même tout entiers, et que tout votre être, l’esprit, l’âme et le corps, soit conservé irrépréhensible, lors de l’avènement de notre Seigneur Jésus-Christ!"
      },
      {
        "book_name": "1 Thessalonians",
        "book": 52,
        "chapter": 5,
        "verse": 24,
        "text": "#1 Co 1:9; 10:13. 2 Co 1:18. 2 Th 3:3.Celui qui vous a appelés est fidèle, et c’est lui qui le fera."
      },
      {
        "book_name": "1 Thessalonians",
        "book": 52,
        "chapter": 5,
        "verse": 25,
        "text": "Frères, priez pour nous."
      },
      {
        "book_name": "1 Thessalonians",
        "book": 52,
        "chapter": 5,
        "verse": 26,
        "text": "#Ro 16:16. 1 Co 16:20. 2 Co 13:12. 1 Pi 5:14.Saluez tous les frères par un saint baiser."
      },
      {
        "book_name": "1 Thessalonians",
        "book": 52,
        "chapter": 5,
        "verse": 27,
        "text": "Je vous en conjure par le Seigneur, que cette lettre soit lue à tous les frères."
      },
      {
        "book_name": "1 Thessalonians",
        "book": 52,
        "chapter": 5,
        "verse": 28,
        "text": "Que la grâce de notre Seigneur Jésus-Christ soit avec vous!"
      }
    ]
  }
}