{
  "source": "bible.com",
  "version": "Luis Segond (1910)",
  "book": "1 Timothy",
  "chapters": {
    "1": [
      {
        "book_name": "1 Timothy",
        "book": 54,
        "chapter": 1,
        "verse": 1,
        "text": "Adresse et salutationV. 1-2: cf. Tit 1:1-4.  1Paul, apôtre de Jésus-Christ, #Ac 9:15.par ordre de Dieu notre Sauveur et de Jésus-Christ #Col 1:27.notre espérance, 2#Ac 16:1. 1 Th 3:2.à Timothée, mon #1 Co 4:17.enfant légitime en la foi: #Ga 1:3. 1 Pi 1:2.que la grâce, la miséricorde et la paix, te soient données de la part de Dieu le Père et de Jésus-Christ notre Seigneur!Les fausses doctrines et l’Évangile de la grâceV. 3-11: cf. (1 Ti 6:3-5, 20, 21. Tit 3:9.) Ga 3:10-12, 19-24; 5:6. 2 Ti 2:10-14.  3Je te rappelle l’exhortation que je te fis, à mon départ #Ac 20:1.pour la Macédoine, lorsque je t’engageai à rester à Éphèse, afin de recommander à certaines personnes de ne pas enseigner d’autres doctrines, 4#1 Ti 4:7; 6:20. 2 Ti 2:16. Tit 1:14; 3:9.et de ne pas s’attacher à des fables et à des généalogies sans fin, qui produisent des #1 Ti 6:4.discussions plutôt qu’elles n’avancent l’œuvre de Dieu dans la foi. 5#Ro 13:8. Ga 5:14.Le but du commandement, c’est une charité venant d’un cœur pur, d’une bonne conscience, et d’une foi sincère. 6Quelques-uns, s’étant détournés de ces choses, se sont égarés dans de vains discours; 7ils veulent être docteurs de la loi, et ils ne comprennent ni ce qu’ils disent, ni ce qu’ils affirment. 8Nous n’ignorons pas #Ro 7:12.que la loi est bonne, pourvu qu’on en fasse un usage légitime, 9sachant bien #Ga 5:23.que la loi n’est pas faite pour le juste, mais pour les méchants et les rebelles, les impies et les pécheurs, les irréligieux et les profanes, les parricides, les meurtriers, 10les impudiques, les infâmes, les voleurs d’hommes, les menteurs, les parjures, et tout ce qui est contraire à la saine doctrine, 11conformément à l’Évangile de la gloire du #1 Ti 6:15.Dieu bienheureux, Évangile #1 Th 2:4.qui m’a été confié.V. 12-17: cf. Ac 26:9-20. 1 Co 15:9, 10.  12Je rends grâces à celui qui m’a fortifié, à Jésus-Christ notre Seigneur, de ce qu’il m’a jugé fidèle, 13#Ac 8:3; 9:1; 22:4; 26:9. 1 Co 15:9. Ga 1:13.en m’établissant dans le ministère, moi qui étais auparavant un blasphémateur, un persécuteur, un homme violent. Mais j’ai obtenu miséricorde, #Jn 9:39, 41. Ac 3:17.parce que j’agissais par ignorance, dans l’incrédulité; 14et la grâce de notre Seigneur a surabondé, avec la foi et la charité qui est en Jésus-Christ. 15C’est une parole certaine et entièrement digne d’être reçue, #Mt 9:13. Mc 2:17. Lu 5:32; 19:10. 1 Jn 3:5.que Jésus-Christ est venu dans le monde pour sauver les pécheurs, dont je suis le premier. 16Mais j’ai obtenu miséricorde, afin que Jésus-Christ fît voir en moi le premier toute sa longanimité, pour que je servisse d’exemple à ceux qui croiraient en lui pour la vie éternelle. 17Au roi des siècles, immortel, invisible, seul Dieu, soient honneur et gloire, aux siècles des siècles! Amen!Combattre le bon combatV. 18-20: cf. 1 Ti 6:12, 20, 21. 2 Ti 2:15-18.  18Le commandement que je t’adresse, Timothée, mon enfant, selon les prophéties faites précédemment à ton sujet, c’est que, d’après elles, #1 Ti 6:12.tu combattes le bon combat, 19#1 Ti 3:9.en gardant la foi et une bonne conscience. Cette conscience, quelques-uns l’ont perdue, et ils ont fait naufrage par rapport à la foi. 20De ce nombre sont #2 Ti 2:17.Hyménée et #2 Ti 4:14.Alexandre, #1 Co 5:5.que j’ai livrés à Satan, afin qu’ils apprennent à ne pas blasphémer."
      },
      {
        "book_name": "1 Timothy",
        "book": 54,
        "chapter": 1,
        "verse": 1,
        "text": "Paul, apôtre de Jésus-Christ, #Ac 9:15.par ordre de Dieu notre Sauveur et de Jésus-Christ #Col 1:27.notre espérance,"
      },
      {
        "book_name": "1 Timothy",
        "book": 54,
        "chapter": 1,
        "verse": 2,
        "text": "#Ac 16:1. 1 Th 3:2.à Timothée, mon #1 Co 4:17.enfant légitime en la foi: #Ga 1:3. 1 Pi 1:2.que la grâce, la miséricorde et la paix, te soient données de la part de Dieu le Père et de Jésus-Christ notre Seigneur!"
      },
      {
        "book_name": "1 Timothy",
        "book": 54,
        "chapter": 1,
        "verse": 3,
        "text": "Je te rappelle l’exhortation que je te fis, à mon départ #Ac 20:1.pour la Macédoine, lorsque je t’engageai à rester à Éphèse, afin de recommander à certaines personnes de ne pas enseigner d’autres doctrines,"
      },
      {
        "book_name": "1 Timothy",
        "book": 54,
        "chapter": 1,
        "verse": 4,
        "text": "#1 Ti 4:7; 6:20. 2 Ti 2:16. Tit 1:14; 3:9.et de ne pas s’attacher à des fables et à des généalogies sans fin, qui produisent des #1 Ti 6:4.discussions plutôt qu’elles n’avancent l’œuvre de Dieu dans la foi."
      },
      {
        "book_name": "1 Timothy",
        "book": 54,
        "chapter": 1,
        "verse": 5,
        "text": "#Ro 13:8. Ga 5:14.Le but du commandement, c’est une charité venant d’un cœur pur, d’une bonne conscience, et d’une foi sincère."
      },
      {
        "book_name": "1 Timothy",
        "book": 54,
        "chapter": 1,
        "verse": 6,
        "text": "Quelques-uns, s’étant détournés de ces choses, se sont égarés dans de vains discours;"
      },
      {
        "book_name": "1 Timothy",
        "book": 54,
        "chapter": 1,
        "verse": 7,
        "text": "ils veulent être docteurs de la loi, et ils ne comprennent ni ce qu’ils disent, ni ce qu’ils affirment."
      },
      {
        "book_name": "1 Timothy",
        "book": 54,
        "chapter": 1,
        "verse": 8,
        "text": "Nous n’ignorons pas #Ro 7:12.que la loi est bonne, pourvu qu’on en fasse un usage légitime,"
      },
      {
        "book_name": "1 Timothy",
        "book": 54,
        "chapter": 1,
        "verse": 9,
        "text": "sachant bien #Ga 5:23.que la loi n’est pas faite pour le juste, mais pour les méchants et les rebelles, les impies et les pécheurs, les irréligieux et les profanes, les parricides, les meurtriers,"
      },
      {
        "book_name": "1 Timothy",
        "book": 54,
        "chapter": 1,
        "verse": 10,
        "text": "les impudiques, les infâmes, les voleurs d’hommes, les menteurs, les parjures, et tout ce qui est contraire à la saine doctrine,"
      },
      {
        "book_name": "1 Timothy",
        "book": 54,
        "chapter": 1,
        "verse": 11,
        "text": "conformément à l’Évangile de la gloire du #1 Ti 6:15.Dieu bienheureux, Évangile #1 Th 2:4.qui m’a été confié."
      },
      {
        "book_name": "1 Timothy",
        "book": 54,
        "chapter": 1,
        "verse": 12,
        "text": "Je rends grâces à celui qui m’a fortifié, à Jésus-Christ notre Seigneur, de ce qu’il m’a jugé fidèle,"
      },
      {
        "book_name": "1 Timothy",
        "book": 54,
        "chapter": 1,
        "verse": 13,
        "text": "#Ac 8:3; 9:1; 22:4; 26:9. 1 Co 15:9. Ga 1:13.en m’établissant dans le ministère, moi qui étais auparavant un blasphémateur, un persécuteur, un homme violent. Mais j’ai obtenu miséricorde, #Jn 9:39, 41. Ac 3:17.parce que j’agissais par ignorance, dans l’incrédulité;"
      },
      {
        "book_name": "1 Timothy",
        "book": 54,
        "chapter": 1,
        "verse": 14,
        "text": "et la grâce de notre Seigneur a surabondé, avec la foi et la charité qui est en Jésus-Christ."
      },
      {
        "book_name": "1 Timothy",
        "book": 54,
        "chapter": 1,
        "verse": 15,
        "text": "C’est une parole certaine et entièrement digne d’être reçue, #Mt 9:13. Mc 2:17. Lu 5:32; 19:10. 1 Jn 3:5.que Jésus-Christ est venu dans le monde pour sauver les pécheurs, dont je suis le premier."
      },
      {
        "book_name": "1 Timothy",
        "book": 54,
        "chapter": 1,
        "verse": 16,
        "text": "Mais j’ai obtenu miséricorde, afin que Jésus-Christ fît voir en moi le premier toute sa longanimité, pour que je servisse d’exemple à ceux qui croiraient en lui pour la vie éternelle."
      },
      {
        "book_name": "1 Timothy",
        "book": 54,
        "chapter": 1,
        "verse": 17,
        "text": "Au roi des siècles, immortel, invisible, seul Dieu, soient honneur et gloire, aux siècles des siècles! Amen!"
      },
      {
        "book_name": "1 Timothy",
        "book": 54,
        "chapter": 1,
        "verse": 18,
        "text": "Le commandement que je t’adresse, Timothée, mon enfant, selon les prophéties faites précédemment à ton sujet, c’est que, d’après elles, #1 Ti 6:12.tu combattes le bon combat,"
      },
      {
        "book_name": "1 Timothy",
        "book": 54,
        "chapter": 1,
        "verse": 19,
        "text": "#1 Ti 3:9.en gardant la foi et une bonne conscience. Cette conscience, quelques-uns l’ont perdue, et ils ont fait naufrage par rapport à la foi."
      },
      {
        "book_name": "1 Timothy",
        "book": 54,
        "chapter": 1,
        "verse": 20,
        "text": "De ce nombre sont #2 Ti 2:17.Hyménée et #2 Ti 4:14.Alexandre, #1 Co 5:5.que j’ai livrés à Satan, afin qu’ils apprennent à ne pas blasphémer."
      }
    ],
    "2": [
      {
        "book_name": "1 Timothy",
        "book": 54,
        "chapter": 2,
        "verse": 1,
        "text": "La prière pour tousV. 1-8: cf. (1 R 8:48. Jé 29:7. 1 Pi 2:12-15.) (Jn 3:16, 17. Hé 2:9. Mc 16:15, 16.) 1 Jn 3:21, 22.  1J’exhorte donc, avant toutes choses, à faire des prières, des supplications, des requêtes, des actions de grâces, pour tous les hommes, 2#Jé 29.pour les rois et pour tous ceux qui sont élevés en dignité, afin que nous menions une vie paisible et tranquille, en toute piété et honnêteté. 3Cela est bon et agréable devant Dieu notre Sauveur, 4#Éz 18:23. 2 Pi 3:9.qui veut que tous les hommes soient sauvés et parviennent à la connaissance de la vérité. 5#Jn 17:3. Ro 3:10.Car il y a un seul Dieu, et aussi #Ga 3:19. Hé 9:15.un seul médiateur entre Dieu et les hommes, Jésus-Christ homme, 6#Mt 20:28. Ép 1:7. Col 1:14.qui s’est donné lui-même en rançon pour tous. C’est là le témoignage rendu en son propre temps, 7et pour lequel j’ai été #Ac 9:15; 13:2; 22:21. Ga 1:16; 2:8. Ép 3:8. 2 Ti 1:11.établi prédicateur et apôtre, #Ro 1:9; 9:1.je dis la vérité, je ne mens pas, chargé d’instruire les païens dans la foi et la vérité. 8Je veux donc que les hommes #Jn 4:21.prient en tout lieu, #Ps 134:2.en élevant des mains pures, sans colère ni mauvaises pensées.Les devoirs des femmesV. 9-15: cf. 1 Pi 3:1-6. 1 Co 14:34, 35. Tit 2:3-5.  9  #    \n        Tit 2:3. 1 Pi 3:3.  Je veux aussi que les femmes, vêtues d’une manière décente, avec pudeur et modestie, ne se parent ni de tresses, ni d’or, ni de perles, ni d’habits somptueux, 10mais qu’elles se parent de bonnes œuvres, comme il convient à des femmes qui font profession de servir Dieu. 11Que la femme écoute l’instruction en silence, avec une entière soumission. 12#1 Co 14:34.Je ne permets pas à la femme d’enseigner, #Ge 3:16. Ép 5:24.ni de prendre de l’autorité sur l’homme; mais elle doit demeurer dans le silence. 13#Ge 1:27; 2:22.Car Adam a été formé le premier, Eve ensuite; 14#Ge 3:6.et ce n’est pas Adam qui a été séduit, c’est la femme qui, séduite, s’est rendue coupable de transgression. 15Elle sera néanmoins sauvée en devenant mère, si elle persévère avec modestie dans la foi, dans la charité, et dans la sainteté."
      },
      {
        "book_name": "1 Timothy",
        "book": 54,
        "chapter": 2,
        "verse": 1,
        "text": "J’exhorte donc, avant toutes choses, à faire des prières, des supplications, des requêtes, des actions de grâces, pour tous les hommes,"
      },
      {
        "book_name": "1 Timothy",
        "book": 54,
        "chapter": 2,
        "verse": 2,
        "text": "#Jé 29.pour les rois et pour tous ceux qui sont élevés en dignité, afin que nous menions une vie paisible et tranquille, en toute piété et honnêteté."
      },
      {
        "book_name": "1 Timothy",
        "book": 54,
        "chapter": 2,
        "verse": 3,
        "text": "Cela est bon et agréable devant Dieu notre Sauveur,"
      },
      {
        "book_name": "1 Timothy",
        "book": 54,
        "chapter": 2,
        "verse": 4,
        "text": "#Éz 18:23. 2 Pi 3:9.qui veut que tous les hommes soient sauvés et parviennent à la connaissance de la vérité."
      },
      {
        "book_name": "1 Timothy",
        "book": 54,
        "chapter": 2,
        "verse": 5,
        "text": "#Jn 17:3. Ro 3:10.Car il y a un seul Dieu, et aussi #Ga 3:19. Hé 9:15.un seul médiateur entre Dieu et les hommes, Jésus-Christ homme,"
      },
      {
        "book_name": "1 Timothy",
        "book": 54,
        "chapter": 2,
        "verse": 6,
        "text": "#Mt 20:28. Ép 1:7. Col 1:14.qui s’est donné lui-même en rançon pour tous. C’est là le témoignage rendu en son propre temps,"
      },
      {
        "book_name": "1 Timothy",
        "book": 54,
        "chapter": 2,
        "verse": 7,
        "text": "et pour lequel j’ai été #Ac 9:15; 13:2; 22:21. Ga 1:16; 2:8. Ép 3:8. 2 Ti 1:11.établi prédicateur et apôtre, #Ro 1:9; 9:1.je dis la vérité, je ne mens pas, chargé d’instruire les païens dans la foi et la vérité."
      },
      {
        "book_name": "1 Timothy",
        "book": 54,
        "chapter": 2,
        "verse": 8,
        "text": "Je veux donc que les hommes #Jn 4:21.prient en tout lieu, #Ps 134:2.en élevant des mains pures, sans colère ni mauvaises pensées."
      },
      {
        "book_name": "1 Timothy",
        "book": 54,
        "chapter": 2,
        "verse": 9,
        "text": "#    \n        Tit 2:3. 1 Pi 3:3.  Je veux aussi que les femmes, vêtues d’une manière décente, avec pudeur et modestie, ne se parent ni de tresses, ni d’or, ni de perles, ni d’habits somptueux,"
      },
      {
        "book_name": "1 Timothy",
        "book": 54,
        "chapter": 2,
        "verse": 10,
        "text": "mais qu’elles se parent de bonnes œuvres, comme il convient à des femmes qui font profession de servir Dieu."
      },
      {
        "book_name": "1 Timothy",
        "book": 54,
        "chapter": 2,
        "verse": 11,
        "text": "Que la femme écoute l’instruction en silence, avec une entière soumission."
      },
      {
        "book_name": "1 Timothy",
        "book": 54,
        "chapter": 2,
        "verse": 12,
        "text": "#1 Co 14:34.Je ne permets pas à la femme d’enseigner, #Ge 3:16. Ép 5:24.ni de prendre de l’autorité sur l’homme; mais elle doit demeurer dans le silence."
      },
      {
        "book_name": "1 Timothy",
        "book": 54,
        "chapter": 2,
        "verse": 13,
        "text": "#Ge 1:27; 2:22.Car Adam a été formé le premier, Eve ensuite;"
      },
      {
        "book_name": "1 Timothy",
        "book": 54,
        "chapter": 2,
        "verse": 14,
        "text": "#Ge 3:6.et ce n’est pas Adam qui a été séduit, c’est la femme qui, séduite, s’est rendue coupable de transgression."
      },
      {
        "book_name": "1 Timothy",
        "book": 54,
        "chapter": 2,
        "verse": 15,
        "text": "Elle sera néanmoins sauvée en devenant mère, si elle persévère avec modestie dans la foi, dans la charité, et dans la sainteté."
      }
    ],
    "3": [
      {
        "book_name": "1 Timothy",
        "book": 54,
        "chapter": 3,
        "verse": 1,
        "text": "Les devoirs des évêques et des diacresV. 1-7: cf. Tit 1:5-9. 1 Pi 5:1-4.  1Cette parole est certaine: Si quelqu’un aspire à la charge d’évêque, il désire une œuvre excellente. 2#Tit 1:6.Il faut donc que l’évêque soit irréprochable, mari d’une seule femme, sobre, modéré, réglé dans sa conduite, hospitalier, #2 Ti 2:24.propre à l’enseignement. 3Il faut qu’il ne soit ni adonné au vin, ni violent, mais indulgent, pacifique, désintéressé. 4Il faut qu’il dirige bien sa propre maison, et qu’il tienne ses enfants dans la soumission et dans une parfaite honnêteté; 5car si quelqu’un ne sait pas diriger sa propre maison, comment prendra-t-il soin de l’Église de Dieu? 6Il ne faut pas qu’il soit un nouveau converti, de peur qu’enflé d’orgueil il ne tombe sous le jugement du diable. 7Il faut aussi qu’il reçoive un bon témoignage de ceux du dehors, afin de ne pas tomber dans l’opprobre et dans les pièges du diable.V. 8-13: cf. Ac 6:1-6. 1 Co 4:2.  8  #    \n        Ac 6:3.  Les diacres aussi doivent être honnêtes, éloignés de la duplicité, des excès du vin, d’un gain sordide, 9#1 Ti 1:19.conservant le mystère de la foi dans une conscience pure. 10Qu’on les éprouve d’abord, et qu’ils exercent ensuite leur ministère, s’ils sont sans reproche. 11Les femmes, de même, doivent être honnêtes, non médisantes, sobres, fidèles en toutes choses. 12Les diacres doivent être maris d’une seule femme, et diriger bien leurs enfants et leurs propres maisons; 13#Mt 25:21.car ceux qui remplissent convenablement leur ministère s’acquièrent un rang honorable, et une grande assurance dans la foi en Jésus-Christ.V. 14-16: cf. Ép 2:19-22. (Jn 1:1, 14. Ro 1:4; 16:25, 26.)  14Je t’écris ces choses, avec l’espérance d’aller bientôt vers toi, 15mais afin que tu saches, si je tarde, comment il faut se conduire #2 Ti 2:20.dans la maison de Dieu, qui est l’Église du Dieu vivant, la colonne et l’appui de la vérité. 16Et, sans contredit, le mystère de la piété est grand: #Jn 1:14.celui qui a été manifesté en chair, justifié par l’Esprit, vu des anges, #Ép 3:5, 6.prêché aux Gentils, cru dans le monde, #Mc 16:19. Lu 9:51. Ac 1:2.élevé dans la gloire."
      },
      {
        "book_name": "1 Timothy",
        "book": 54,
        "chapter": 3,
        "verse": 1,
        "text": "Cette parole est certaine: Si quelqu’un aspire à la charge d’évêque, il désire une œuvre excellente."
      },
      {
        "book_name": "1 Timothy",
        "book": 54,
        "chapter": 3,
        "verse": 2,
        "text": "#Tit 1:6.Il faut donc que l’évêque soit irréprochable, mari d’une seule femme, sobre, modéré, réglé dans sa conduite, hospitalier, #2 Ti 2:24.propre à l’enseignement."
      },
      {
        "book_name": "1 Timothy",
        "book": 54,
        "chapter": 3,
        "verse": 3,
        "text": "Il faut qu’il ne soit ni adonné au vin, ni violent, mais indulgent, pacifique, désintéressé."
      },
      {
        "book_name": "1 Timothy",
        "book": 54,
        "chapter": 3,
        "verse": 4,
        "text": "Il faut qu’il dirige bien sa propre maison, et qu’il tienne ses enfants dans la soumission et dans une parfaite honnêteté;"
      },
      {
        "book_name": "1 Timothy",
        "book": 54,
        "chapter": 3,
        "verse": 5,
        "text": "car si quelqu’un ne sait pas diriger sa propre maison, comment prendra-t-il soin de l’Église de Dieu?"
      },
      {
        "book_name": "1 Timothy",
        "book": 54,
        "chapter": 3,
        "verse": 6,
        "text": "Il ne faut pas qu’il soit un nouveau converti, de peur qu’enflé d’orgueil il ne tombe sous le jugement du diable."
      },
      {
        "book_name": "1 Timothy",
        "book": 54,
        "chapter": 3,
        "verse": 7,
        "text": "Il faut aussi qu’il reçoive un bon témoignage de ceux du dehors, afin de ne pas tomber dans l’opprobre et dans les pièges du diable."
      },
      {
        "book_name": "1 Timothy",
        "book": 54,
        "chapter": 3,
        "verse": 8,
        "text": "#    \n        Ac 6:3.  Les diacres aussi doivent être honnêtes, éloignés de la duplicité, des excès du vin, d’un gain sordide,"
      },
      {
        "book_name": "1 Timothy",
        "book": 54,
        "chapter": 3,
        "verse": 9,
        "text": "#1 Ti 1:19.conservant le mystère de la foi dans une conscience pure."
      },
      {
        "book_name": "1 Timothy",
        "book": 54,
        "chapter": 3,
        "verse": 10,
        "text": "Qu’on les éprouve d’abord, et qu’ils exercent ensuite leur ministère, s’ils sont sans reproche."
      },
      {
        "book_name": "1 Timothy",
        "book": 54,
        "chapter": 3,
        "verse": 11,
        "text": "Les femmes, de même, doivent être honnêtes, non médisantes, sobres, fidèles en toutes choses."
      },
      {
        "book_name": "1 Timothy",
        "book": 54,
        "chapter": 3,
        "verse": 12,
        "text": "Les diacres doivent être maris d’une seule femme, et diriger bien leurs enfants et leurs propres maisons;"
      },
      {
        "book_name": "1 Timothy",
        "book": 54,
        "chapter": 3,
        "verse": 13,
        "text": "#Mt 25:21.car ceux qui remplissent convenablement leur ministère s’acquièrent un rang honorable, et une grande assurance dans la foi en Jésus-Christ."
      },
      {
        "book_name": "1 Timothy",
        "book": 54,
        "chapter": 3,
        "verse": 14,
        "text": "Je t’écris ces choses, avec l’espérance d’aller bientôt vers toi,"
      },
      {
        "book_name": "1 Timothy",
        "book": 54,
        "chapter": 3,
        "verse": 15,
        "text": "mais afin que tu saches, si je tarde, comment il faut se conduire #2 Ti 2:20.dans la maison de Dieu, qui est l’Église du Dieu vivant, la colonne et l’appui de la vérité."
      },
      {
        "book_name": "1 Timothy",
        "book": 54,
        "chapter": 3,
        "verse": 16,
        "text": "Et, sans contredit, le mystère de la piété est grand: #Jn 1:14.celui qui a été manifesté en chair, justifié par l’Esprit, vu des anges, #Ép 3:5, 6.prêché aux Gentils, cru dans le monde, #Mc 16:19. Lu 9:51. Ac 1:2.élevé dans la gloire."
      }
    ],
    "4": [
      {
        "book_name": "1 Timothy",
        "book": 54,
        "chapter": 4,
        "verse": 1,
        "text": "Recommandations à Timothée au sujet des faux docteurs, de sa conduite dans l’exercice du ministère, et de la répréhension fraternelleV. 1-5: cf. 1 Jn 4:1-3. (Col 2:16-23. Tit 1:15, 16.) Ro 14:17.  1Mais #2 Ti 3:1. 2 Pi 3:3. Jud v. 18.l’Esprit dit expressément que, dans les derniers temps, quelques-uns #Mt 24:23. 2 Th 2:3.abandonneront la foi, pour s’attacher à des esprits séducteurs et à des doctrines de démons, 2par l’hypocrisie de faux docteurs portant la marque de la flétrissure dans leur propre conscience, 3prescrivant de ne pas se marier, et de s’abstenir d’aliments que Dieu a créés pour qu’ils soient #Ge 1:29; 9:3.pris avec #Ro 14:6. 1 Co 10:30.actions de grâces par ceux qui sont fidèles et qui ont connu la vérité. 4#Ge 1:31. Ac 10:15. Ro 14:14.Car tout ce que Dieu a créé est bon, et rien ne doit être rejeté, pourvu qu’on le prenne avec actions de grâces, 5parce que tout est sanctifié par la parole de Dieu et par la prière.V. 6-10: cf. 2 Ti 2:14-16. (1 Ti 6:11, 6-8. Mc 10:29, 30.)  6En exposant ces choses aux frères, tu seras un bon ministre de Jésus-Christ, #2 Ti 1:5; 3:14, 15.nourri des paroles de la foi et de la bonne doctrine que tu as exactement suivie. 7#1 Ti 1:4; 6:20. 2 Ti 2:16. Tit 1:14; 3:9.Repousse les contes profanes et absurdes. 8Exerce-toi à la piété; #Col 2:23.car l’exercice corporel est utile à peu de chose, tandis que la piété est utile à tout, ayant la promesse de la vie présente et de celle qui est à venir. 9C’est là une parole certaine et entièrement digne d’être reçue. 10Nous travaillons, en effet, et nous combattons, parce que nous mettons notre espérance dans le Dieu vivant, qui est le Sauveur de tous les hommes, principalement des croyants.V. 11-16: cf. (Tit 2:7, 15. 2 Ti 1:6, 13; 4:1, 2, 5.)  11Déclare ces choses, et enseigne-les. 12#Tit 2:15.Que personne ne méprise ta jeunesse; #Tit 2:7. 1 Pi 5:3.mais sois un modèle pour les fidèles, en parole, en conduite, en charité, en foi, en pureté. 13Jusqu’à ce que je vienne, applique-toi à la lecture, à l’exhortation, à l’enseignement. 14Ne néglige pas le don qui est en toi, et qui t’a été donné par prophétie #Ac 6:6; 8:17; 13:3; 19:6. 1 Ti 5:22. 2 Ti 1:6.avec l’imposition des mains de l’assemblée des anciens. 15Occupe-toi de ces choses, donne-toi tout entier à elles, afin que tes progrès soient évidents pour tous. 16Veille sur toi-même et sur ton enseignement; persévère dans ces choses, car, en agissant ainsi, tu te sauveras toi-même, et tu sauveras ceux qui t’écoutent."
      },
      {
        "book_name": "1 Timothy",
        "book": 54,
        "chapter": 4,
        "verse": 1,
        "text": "Mais #2 Ti 3:1. 2 Pi 3:3. Jud v. 18.l’Esprit dit expressément que, dans les derniers temps, quelques-uns #Mt 24:23. 2 Th 2:3.abandonneront la foi, pour s’attacher à des esprits séducteurs et à des doctrines de démons,"
      },
      {
        "book_name": "1 Timothy",
        "book": 54,
        "chapter": 4,
        "verse": 2,
        "text": "par l’hypocrisie de faux docteurs portant la marque de la flétrissure dans leur propre conscience,"
      },
      {
        "book_name": "1 Timothy",
        "book": 54,
        "chapter": 4,
        "verse": 3,
        "text": "prescrivant de ne pas se marier, et de s’abstenir d’aliments que Dieu a créés pour qu’ils soient #Ge 1:29; 9:3.pris avec #Ro 14:6. 1 Co 10:30.actions de grâces par ceux qui sont fidèles et qui ont connu la vérité."
      },
      {
        "book_name": "1 Timothy",
        "book": 54,
        "chapter": 4,
        "verse": 4,
        "text": "#Ge 1:31. Ac 10:15. Ro 14:14.Car tout ce que Dieu a créé est bon, et rien ne doit être rejeté, pourvu qu’on le prenne avec actions de grâces,"
      },
      {
        "book_name": "1 Timothy",
        "book": 54,
        "chapter": 4,
        "verse": 5,
        "text": "parce que tout est sanctifié par la parole de Dieu et par la prière."
      },
      {
        "book_name": "1 Timothy",
        "book": 54,
        "chapter": 4,
        "verse": 6,
        "text": "En exposant ces choses aux frères, tu seras un bon ministre de Jésus-Christ, #2 Ti 1:5; 3:14, 15.nourri des paroles de la foi et de la bonne doctrine que tu as exactement suivie."
      },
      {
        "book_name": "1 Timothy",
        "book": 54,
        "chapter": 4,
        "verse": 7,
        "text": "#1 Ti 1:4; 6:20. 2 Ti 2:16. Tit 1:14; 3:9.Repousse les contes profanes et absurdes."
      },
      {
        "book_name": "1 Timothy",
        "book": 54,
        "chapter": 4,
        "verse": 8,
        "text": "Exerce-toi à la piété; #Col 2:23.car l’exercice corporel est utile à peu de chose, tandis que la piété est utile à tout, ayant la promesse de la vie présente et de celle qui est à venir."
      },
      {
        "book_name": "1 Timothy",
        "book": 54,
        "chapter": 4,
        "verse": 9,
        "text": "C’est là une parole certaine et entièrement digne d’être reçue."
      },
      {
        "book_name": "1 Timothy",
        "book": 54,
        "chapter": 4,
        "verse": 10,
        "text": "Nous travaillons, en effet, et nous combattons, parce que nous mettons notre espérance dans le Dieu vivant, qui est le Sauveur de tous les hommes, principalement des croyants."
      },
      {
        "book_name": "1 Timothy",
        "book": 54,
        "chapter": 4,
        "verse": 11,
        "text": "Déclare ces choses, et enseigne-les."
      },
      {
        "book_name": "1 Timothy",
        "book": 54,
        "chapter": 4,
        "verse": 12,
        "text": "#Tit 2:15.Que personne ne méprise ta jeunesse; #Tit 2:7. 1 Pi 5:3.mais sois un modèle pour les fidèles, en parole, en conduite, en charité, en foi, en pureté."
      },
      {
        "book_name": "1 Timothy",
        "book": 54,
        "chapter": 4,
        "verse": 13,
        "text": "Jusqu’à ce que je vienne, applique-toi à la lecture, à l’exhortation, à l’enseignement."
      },
      {
        "book_name": "1 Timothy",
        "book": 54,
        "chapter": 4,
        "verse": 14,
        "text": "Ne néglige pas le don qui est en toi, et qui t’a été donné par prophétie #Ac 6:6; 8:17; 13:3; 19:6. 1 Ti 5:22. 2 Ti 1:6.avec l’imposition des mains de l’assemblée des anciens."
      },
      {
        "book_name": "1 Timothy",
        "book": 54,
        "chapter": 4,
        "verse": 15,
        "text": "Occupe-toi de ces choses, donne-toi tout entier à elles, afin que tes progrès soient évidents pour tous."
      },
      {
        "book_name": "1 Timothy",
        "book": 54,
        "chapter": 4,
        "verse": 16,
        "text": "Veille sur toi-même et sur ton enseignement; persévère dans ces choses, car, en agissant ainsi, tu te sauveras toi-même, et tu sauveras ceux qui t’écoutent."
      }
    ],
    "5": [
      {
        "book_name": "1 Timothy",
        "book": 54,
        "chapter": 5,
        "verse": 1,
        "text": "V. 1-2: cf. Lé 19:32. Ga 6:1.  1Ne réprimande pas rudement #Lé 19:32.le vieillard, mais exhorte-le comme un père; exhorte les jeunes gens comme des frères, 2les femmes âgées comme des mères, celles qui sont jeunes comme des sœurs, en toute pureté.Directions au sujet des veuves, des anciens, des serviteursV. 3-16: cf. Lu 2:36, 37. Ro 16:1, 2. 1 Co 7:34, 35.  3Honore les veuves qui sont véritablement veuves. 4Si une veuve a des enfants ou des petits-enfants, qu’ils apprennent avant tout à exercer la piété envers leur propre famille, et à rendre #Ge 45:10, 11. Mt 15:4. Mc 7:10. Ép 6:1, 2.à leurs parents ce qu’ils ont reçu d’eux; car cela est agréable à Dieu. 5#1 Co 7:32.Celle qui est véritablement veuve, et qui est demeurée dans l’isolement, #Lu 2:36.met son espérance en Dieu et persévère nuit et jour dans les supplications et les prières. 6Mais celle qui vit dans les plaisirs est morte, quoique vivante. 7Déclare-leur ces choses, afin qu’elles soient irréprochables. 8#Ga 6:10.Si quelqu’un n’a pas soin des siens, et principalement de ceux de sa famille, il a renié la foi, et il est pire qu’un infidèle. 9Qu’une veuve, pour être inscrite sur le rôle, n’ait pas moins de soixante ans, qu’elle ait été femme d’un seul mari, 10qu’elle soit recommandable par de bonnes œuvres, ayant élevé des enfants, #1 Pi 4:9.exercé l’hospitalité, #Ge 18:4; 19:2. Lu 7:38, 44.lavé les pieds des saints, secouru les malheureux, pratiqué toute espèce de bonne œuvre. 11Mais refuse les jeunes veuves; car, lorsque la volupté les détache du Christ, elles veulent se marier, 12et se rendent coupables en ce qu’elles violent leur premier engagement. 13Avec cela, étant oisives, elles apprennent à aller de maison en maison; et non seulement elles sont oisives, mais encore #Tit 2:3.causeuses et intrigantes, disant ce qu’il ne faut pas dire. 14Je veux donc que les jeunes se #1 Co 7:9.marient, qu’elles aient des enfants, qu’elles dirigent leur maison, qu’elles ne donnent à l’adversaire aucune occasion de médire; 15car déjà quelques-unes se sont détournées pour suivre Satan. 16Si quelque fidèle, homme ou femme, a des veuves, qu’il les assiste, et que l’Église n’en soit point chargée, afin qu’elle puisse assister celles qui sont véritablement veuves.V. 17-25: cf. (1 Th 5:12, 13. 1 Co 9:7-14.) Lé 19:15, 17.  17  #    \n        Ro 15:27. 1 Co 9:11. Ga 6:6. Ph 2:29. 1 Th 5:12. Hé 13:17.  Que les anciens qui dirigent bien soient jugés dignes d’un double honneur, surtout ceux qui travaillent à la prédication et à l’enseignement. 18Car l’Écriture dit: #De 25:4. 1 Co 9:9.Tu n’emmuselleras point le bœuf quand il foule le grain. #Lé 19:13. De 24:14. Mt 10:10. Lu 10:7.Et l’ouvrier mérite son salaire. 19Ne reçois point d’accusation contre un ancien, si ce n’est sur la déposition #De 19:15.de deux ou trois témoins. 20Ceux qui pèchent, reprends-les devant tous, afin que les autres aussi éprouvent de la crainte. 21#Ro 1:9; 9:1. 2 Co 1:23; 11:31. Ga 1:20. Ph 1:8. 1 Th 2:5; 5:27. 1 Ti 6:13.Je te conjure devant Dieu, devant Jésus-Christ, et devant les anges élus, d’observer ces choses #De 17:4; 19:18.sans prévention, et de ne rien faire par faveur. 22#Ac 6:6; 8:17; 13:3; 19:6. 1 Ti 4:14. 2 Ti 1:6.N’impose les mains à personne avec précipitation, et ne participe pas aux péchés d’autrui; toi-même, conserve-toi pur. 23Ne continue pas à ne boire que de l’eau; mais fais usage d’un peu de vin, #Ps 104:15.à cause de ton estomac et de tes fréquentes indispositions. 24Les péchés de certains hommes sont #Ga 5:19.manifestes, même avant qu’on les juge, tandis que chez d’autres, ils ne se découvrent que dans la suite. 25De même, les bonnes œuvres sont manifestes, et celles qui ne le sont pas ne peuvent rester cachées."
      },
      {
        "book_name": "1 Timothy",
        "book": 54,
        "chapter": 5,
        "verse": 1,
        "text": "Ne réprimande pas rudement #Lé 19:32.le vieillard, mais exhorte-le comme un père; exhorte les jeunes gens comme des frères,"
      },
      {
        "book_name": "1 Timothy",
        "book": 54,
        "chapter": 5,
        "verse": 2,
        "text": "les femmes âgées comme des mères, celles qui sont jeunes comme des sœurs, en toute pureté."
      },
      {
        "book_name": "1 Timothy",
        "book": 54,
        "chapter": 5,
        "verse": 3,
        "text": "Honore les veuves qui sont véritablement veuves."
      },
      {
        "book_name": "1 Timothy",
        "book": 54,
        "chapter": 5,
        "verse": 4,
        "text": "Si une veuve a des enfants ou des petits-enfants, qu’ils apprennent avant tout à exercer la piété envers leur propre famille, et à rendre #Ge 45:10, 11. Mt 15:4. Mc 7:10. Ép 6:1, 2.à leurs parents ce qu’ils ont reçu d’eux; car cela est agréable à Dieu."
      },
      {
        "book_name": "1 Timothy",
        "book": 54,
        "chapter": 5,
        "verse": 5,
        "text": "#1 Co 7:32.Celle qui est véritablement veuve, et qui est demeurée dans l’isolement, #Lu 2:36.met son espérance en Dieu et persévère nuit et jour dans les supplications et les prières."
      },
      {
        "book_name": "1 Timothy",
        "book": 54,
        "chapter": 5,
        "verse": 6,
        "text": "Mais celle qui vit dans les plaisirs est morte, quoique vivante."
      },
      {
        "book_name": "1 Timothy",
        "book": 54,
        "chapter": 5,
        "verse": 7,
        "text": "Déclare-leur ces choses, afin qu’elles soient irréprochables."
      },
      {
        "book_name": "1 Timothy",
        "book": 54,
        "chapter": 5,
        "verse": 8,
        "text": "#Ga 6:10.Si quelqu’un n’a pas soin des siens, et principalement de ceux de sa famille, il a renié la foi, et il est pire qu’un infidèle."
      },
      {
        "book_name": "1 Timothy",
        "book": 54,
        "chapter": 5,
        "verse": 9,
        "text": "Qu’une veuve, pour être inscrite sur le rôle, n’ait pas moins de soixante ans, qu’elle ait été femme d’un seul mari,"
      },
      {
        "book_name": "1 Timothy",
        "book": 54,
        "chapter": 5,
        "verse": 10,
        "text": "qu’elle soit recommandable par de bonnes œuvres, ayant élevé des enfants, #1 Pi 4:9.exercé l’hospitalité, #Ge 18:4; 19:2. Lu 7:38, 44.lavé les pieds des saints, secouru les malheureux, pratiqué toute espèce de bonne œuvre."
      },
      {
        "book_name": "1 Timothy",
        "book": 54,
        "chapter": 5,
        "verse": 11,
        "text": "Mais refuse les jeunes veuves; car, lorsque la volupté les détache du Christ, elles veulent se marier,"
      },
      {
        "book_name": "1 Timothy",
        "book": 54,
        "chapter": 5,
        "verse": 12,
        "text": "et se rendent coupables en ce qu’elles violent leur premier engagement."
      },
      {
        "book_name": "1 Timothy",
        "book": 54,
        "chapter": 5,
        "verse": 13,
        "text": "Avec cela, étant oisives, elles apprennent à aller de maison en maison; et non seulement elles sont oisives, mais encore #Tit 2:3.causeuses et intrigantes, disant ce qu’il ne faut pas dire."
      },
      {
        "book_name": "1 Timothy",
        "book": 54,
        "chapter": 5,
        "verse": 14,
        "text": "Je veux donc que les jeunes se #1 Co 7:9.marient, qu’elles aient des enfants, qu’elles dirigent leur maison, qu’elles ne donnent à l’adversaire aucune occasion de médire;"
      },
      {
        "book_name": "1 Timothy",
        "book": 54,
        "chapter": 5,
        "verse": 15,
        "text": "car déjà quelques-unes se sont détournées pour suivre Satan."
      },
      {
        "book_name": "1 Timothy",
        "book": 54,
        "chapter": 5,
        "verse": 16,
        "text": "Si quelque fidèle, homme ou femme, a des veuves, qu’il les assiste, et que l’Église n’en soit point chargée, afin qu’elle puisse assister celles qui sont véritablement veuves."
      },
      {
        "book_name": "1 Timothy",
        "book": 54,
        "chapter": 5,
        "verse": 17,
        "text": "#    \n        Ro 15:27. 1 Co 9:11. Ga 6:6. Ph 2:29. 1 Th 5:12. Hé 13:17.  Que les anciens qui dirigent bien soient jugés dignes d’un double honneur, surtout ceux qui travaillent à la prédication et à l’enseignement."
      },
      {
        "book_name": "1 Timothy",
        "book": 54,
        "chapter": 5,
        "verse": 18,
        "text": "Car l’Écriture dit: #De 25:4. 1 Co 9:9.Tu n’emmuselleras point le bœuf quand il foule le grain. #Lé 19:13. De 24:14. Mt 10:10. Lu 10:7.Et l’ouvrier mérite son salaire."
      },
      {
        "book_name": "1 Timothy",
        "book": 54,
        "chapter": 5,
        "verse": 19,
        "text": "Ne reçois point d’accusation contre un ancien, si ce n’est sur la déposition #De 19:15.de deux ou trois témoins."
      },
      {
        "book_name": "1 Timothy",
        "book": 54,
        "chapter": 5,
        "verse": 20,
        "text": "Ceux qui pèchent, reprends-les devant tous, afin que les autres aussi éprouvent de la crainte."
      },
      {
        "book_name": "1 Timothy",
        "book": 54,
        "chapter": 5,
        "verse": 21,
        "text": "#Ro 1:9; 9:1. 2 Co 1:23; 11:31. Ga 1:20. Ph 1:8. 1 Th 2:5; 5:27. 1 Ti 6:13.Je te conjure devant Dieu, devant Jésus-Christ, et devant les anges élus, d’observer ces choses #De 17:4; 19:18.sans prévention, et de ne rien faire par faveur."
      },
      {
        "book_name": "1 Timothy",
        "book": 54,
        "chapter": 5,
        "verse": 22,
        "text": "#Ac 6:6; 8:17; 13:3; 19:6. 1 Ti 4:14. 2 Ti 1:6.N’impose les mains à personne avec précipitation, et ne participe pas aux péchés d’autrui; toi-même, conserve-toi pur."
      },
      {
        "book_name": "1 Timothy",
        "book": 54,
        "chapter": 5,
        "verse": 23,
        "text": "Ne continue pas à ne boire que de l’eau; mais fais usage d’un peu de vin, #Ps 104:15.à cause de ton estomac et de tes fréquentes indispositions."
      },
      {
        "book_name": "1 Timothy",
        "book": 54,
        "chapter": 5,
        "verse": 24,
        "text": "Les péchés de certains hommes sont #Ga 5:19.manifestes, même avant qu’on les juge, tandis que chez d’autres, ils ne se découvrent que dans la suite."
      },
      {
        "book_name": "1 Timothy",
        "book": 54,
        "chapter": 5,
        "verse": 25,
        "text": "De même, les bonnes œuvres sont manifestes, et celles qui ne le sont pas ne peuvent rester cachées."
      }
    ],
    "6": [
      {
        "book_name": "1 Timothy",
        "book": 54,
        "chapter": 6,
        "verse": 1,
        "text": "V. 1-2: cf. Ép 6:5-8. Tit 2:9, 10. 1 Pi 2:18-20.  1  #    \n        Ép 6:5. Col 3:22. Tit 2:9. 1 Pi 2:18.  Que tous ceux qui sont sous le joug de la servitude regardent leurs maîtres comme dignes de tout honneur, afin que le nom de Dieu et la doctrine ne soient pas blasphémés. 2Et que ceux qui ont des fidèles pour maîtres ne les méprisent pas, sous prétexte qu’ils sont frères; mais qu’ils les servent d’autant mieux que ce sont des fidèles et des bien-aimés qui s’attachent à leur faire du bien. Enseigne ces choses et recommande-les.Les faux docteurs et l’amour des richesses. Conseils à Timothée sur la recherche des biens spirituels et la fidélité à l’ÉvangileV. 3-10: cf. Ro 16:17, 18. (Hé 13:5. Mc 4:18, 19. Mt 6:19-34.)  3Si quelqu’un enseigne de fausses doctrines, et ne s’attache pas aux saines paroles de notre Seigneur Jésus-Christ et à la doctrine qui est selon la piété, 4il est enflé d’orgueil, il ne sait rien, et il a la maladie des questions oiseuses et des disputes de mots, #1 Ti 1:4. 2 Ti 2:23. Tit 3:9.d’où naissent l’envie, les querelles, les calomnies, les mauvais soupçons, 5#1 Co 11:16.les vaines discussions d’hommes corrompus d’entendement, privés de la vérité, et croyant que la piété est une source de gain. 6#Pr 15:16. Hé 13:5.C’est, en effet, une grande source de gain que la piété avec le contentement; 7#Job 1:21; 27:19. Ps 49:18.car nous n’avons rien apporté dans le monde, et il est évident que nous n’en pouvons rien emporter; 8si donc nous avons la nourriture et le vêtement, #Ps 55:23. Mt 6:25. 1 Pi 5:7.cela nous suffira. 9#Pr 11:28. Mt 13:22. Ja 5:1.Mais ceux qui veulent s’enrichir tombent dans la tentation, dans le piège, et dans beaucoup de désirs insensés et pernicieux qui plongent les hommes dans la ruine et la perdition. 10#Ex 23:8. De 16:19. Pr 15:16.Car l’amour de l’argent est une racine de tous les maux; et quelques-uns, en étant possédés, se sont égarés loin de la foi, et se sont jetés eux-mêmes dans bien des tourments.V. 11-16: cf. (2 Ti 2:22, 3-7; 4:7, 8.) (2 Ti 4:1, 2, 5. Jud 24, 25.)  11  #    \n        2 Ti 2:22.  Pour toi, homme de Dieu, fuis ces choses, et recherche la justice, la piété, la foi, la charité, la patience, la douceur. 12#1 Ti 1:18.Combats le bon combat de la foi, saisis la vie éternelle, à laquelle tu as été appelé, et pour laquelle tu as fait une belle confession en présence d’un grand nombre de témoins. 13#1 Ti 5:21.Je te recommande, devant Dieu #De 32:39. 1 S 2:6.qui donne la vie à toutes choses, et devant Jésus-Christ, #Mt 27:11. Jn 18:27.qui fit une belle confession devant Ponce Pilate, de garder le commandement, 14et de vivre sans tache, sans reproche, jusqu’à l’apparition de notre Seigneur Jésus-Christ, 15que manifestera en son temps #1 Ti 1:17.le bienheureux et seul souverain, #Ap 17:14; 19:16.le roi des rois, et le Seigneur des seigneurs, 16qui seul possède l’immortalité, qui habite une lumière inaccessible, #Ex 33:20. De 4:12. 1 Jn 4:12.que nul homme n’a vu ni ne peut voir, à qui appartiennent l’honneur et la puissance éternelle. Amen!V. 17-19: cf. Lu 12:15-21. (Hé 13:16. Pr 19:17. Mt 25:34-40.)  17Recommande aux riches du présent siècle de ne pas être orgueilleux, #Mc 4:18. Lu 8:14.et de ne pas mettre leur espérance dans des richesses incertaines, mais de la mettre en Dieu, qui nous donne avec abondance toutes choses pour que nous en jouissions. 18Recommande-leur de faire du bien, d’être riches en bonnes œuvres, d’avoir de la libéralité, de la générosité, 19#Mt 6:20. Lu 12:33; 16:9.et de s’amasser ainsi pour l’avenir un trésor placé sur un fondement solide, afin de saisir la vie véritable.V. 20-21: cf. 2 Ti 1:13, 14; 2:15-18.  20O Timothée, garde le dépôt, #1 Ti 1:4; 4:7. 2 Ti 2:16. Tit 1:14; 3:9.en évitant les discours vains et profanes, 21et les disputes de la fausse science dont font profession quelques-uns, qui se sont ainsi détournés de la foi. Que la grâce soit avec vous!"
      },
      {
        "book_name": "1 Timothy",
        "book": 54,
        "chapter": 6,
        "verse": 1,
        "text": "#    \n        Ép 6:5. Col 3:22. Tit 2:9. 1 Pi 2:18.  Que tous ceux qui sont sous le joug de la servitude regardent leurs maîtres comme dignes de tout honneur, afin que le nom de Dieu et la doctrine ne soient pas blasphémés."
      },
      {
        "book_name": "1 Timothy",
        "book": 54,
        "chapter": 6,
        "verse": 2,
        "text": "Et que ceux qui ont des fidèles pour maîtres ne les méprisent pas, sous prétexte qu’ils sont frères; mais qu’ils les servent d’autant mieux que ce sont des fidèles et des bien-aimés qui s’attachent à leur faire du bien. Enseigne ces choses et recommande-les."
      },
      {
        "book_name": "1 Timothy",
        "book": 54,
        "chapter": 6,
        "verse": 3,
        "text": "Si quelqu’un enseigne de fausses doctrines, et ne s’attache pas aux saines paroles de notre Seigneur Jésus-Christ et à la doctrine qui est selon la piété,"
      },
      {
        "book_name": "1 Timothy",
        "book": 54,
        "chapter": 6,
        "verse": 4,
        "text": "il est enflé d’orgueil, il ne sait rien, et il a la maladie des questions oiseuses et des disputes de mots, #1 Ti 1:4. 2 Ti 2:23. Tit 3:9.d’où naissent l’envie, les querelles, les calomnies, les mauvais soupçons,"
      },
      {
        "book_name": "1 Timothy",
        "book": 54,
        "chapter": 6,
        "verse": 5,
        "text": "#1 Co 11:16.les vaines discussions d’hommes corrompus d’entendement, privés de la vérité, et croyant que la piété est une source de gain."
      },
      {
        "book_name": "1 Timothy",
        "book": 54,
        "chapter": 6,
        "verse": 6,
        "text": "#Pr 15:16. Hé 13:5.C’est, en effet, une grande source de gain que la piété avec le contentement;"
      },
      {
        "book_name": "1 Timothy",
        "book": 54,
        "chapter": 6,
        "verse": 7,
        "text": "#Job 1:21; 27:19. Ps 49:18.car nous n’avons rien apporté dans le monde, et il est évident que nous n’en pouvons rien emporter;"
      },
      {
        "book_name": "1 Timothy",
        "book": 54,
        "chapter": 6,
        "verse": 8,
        "text": "si donc nous avons la nourriture et le vêtement, #Ps 55:23. Mt 6:25. 1 Pi 5:7.cela nous suffira."
      },
      {
        "book_name": "1 Timothy",
        "book": 54,
        "chapter": 6,
        "verse": 9,
        "text": "#Pr 11:28. Mt 13:22. Ja 5:1.Mais ceux qui veulent s’enrichir tombent dans la tentation, dans le piège, et dans beaucoup de désirs insensés et pernicieux qui plongent les hommes dans la ruine et la perdition."
      },
      {
        "book_name": "1 Timothy",
        "book": 54,
        "chapter": 6,
        "verse": 10,
        "text": "#Ex 23:8. De 16:19. Pr 15:16.Car l’amour de l’argent est une racine de tous les maux; et quelques-uns, en étant possédés, se sont égarés loin de la foi, et se sont jetés eux-mêmes dans bien des tourments."
      },
      {
        "book_name": "1 Timothy",
        "book": 54,
        "chapter": 6,
        "verse": 11,
        "text": "#    \n        2 Ti 2:22.  Pour toi, homme de Dieu, fuis ces choses, et recherche la justice, la piété, la foi, la charité, la patience, la douceur."
      },
      {
        "book_name": "1 Timothy",
        "book": 54,
        "chapter": 6,
        "verse": 12,
        "text": "#1 Ti 1:18.Combats le bon combat de la foi, saisis la vie éternelle, à laquelle tu as été appelé, et pour laquelle tu as fait une belle confession en présence d’un grand nombre de témoins."
      },
      {
        "book_name": "1 Timothy",
        "book": 54,
        "chapter": 6,
        "verse": 13,
        "text": "#1 Ti 5:21.Je te recommande, devant Dieu #De 32:39. 1 S 2:6.qui donne la vie à toutes choses, et devant Jésus-Christ, #Mt 27:11. Jn 18:27.qui fit une belle confession devant Ponce Pilate, de garder le commandement,"
      },
      {
        "book_name": "1 Timothy",
        "book": 54,
        "chapter": 6,
        "verse": 14,
        "text": "et de vivre sans tache, sans reproche, jusqu’à l’apparition de notre Seigneur Jésus-Christ,"
      },
      {
        "book_name": "1 Timothy",
        "book": 54,
        "chapter": 6,
        "verse": 15,
        "text": "que manifestera en son temps #1 Ti 1:17.le bienheureux et seul souverain, #Ap 17:14; 19:16.le roi des rois, et le Seigneur des seigneurs,"
      },
      {
        "book_name": "1 Timothy",
        "book": 54,
        "chapter": 6,
        "verse": 16,
        "text": "qui seul possède l’immortalité, qui habite une lumière inaccessible, #Ex 33:20. De 4:12. 1 Jn 4:12.que nul homme n’a vu ni ne peut voir, à qui appartiennent l’honneur et la puissance éternelle. Amen!"
      },
      {
        "book_name": "1 Timothy",
        "book": 54,
        "chapter": 6,
        "verse": 17,
        "text": "Recommande aux riches du présent siècle de ne pas être orgueilleux, #Mc 4:18. Lu 8:14.et de ne pas mettre leur espérance dans des richesses incertaines, mais de la mettre en Dieu, qui nous donne avec abondance toutes choses pour que nous en jouissions."
      },
      {
        "book_name": "1 Timothy",
        "book": 54,
        "chapter": 6,
        "verse": 18,
        "text": "Recommande-leur de faire du bien, d’être riches en bonnes œuvres, d’avoir de la libéralité, de la générosité,"
      },
      {
        "book_name": "1 Timothy",
        "book": 54,
        "chapter": 6,
        "verse": 19,
        "text": "#Mt 6:20. Lu 12:33; 16:9.et de s’amasser ainsi pour l’avenir un trésor placé sur un fondement solide, afin de saisir la vie véritable."
      },
      {
        "book_name": "1 Timothy",
        "book": 54,
        "chapter": 6,
        "verse": 20,
        "text": "O Timothée, garde le dépôt, #1 Ti 1:4; 4:7. 2 Ti 2:16. Tit 1:14; 3:9.en évitant les discours vains et profanes,"
      },
      {
        "book_name": "1 Timothy",
        "book": 54,
        "chapter": 6,
        "verse": 21,
        "text": "et les disputes de la fausse science dont font profession quelques-uns, qui se sont ainsi détournés de la foi. Que la grâce soit avec vous!"
      }
    ]
  }
}