{
  "source": "bible.com",
  "version": "Luis Segond (1910)",
  "book": "2 Johannes",
  "chapters": {
    "1": [
      {
        "book_name": "2 Johannes",
        "book": 63,
        "chapter": 1,
        "verse": 1,
        "text": "Adresse et salutationV. 1-3: cf. 3 Jn 1. 2 Pi 1:1, 2.  1L’ancien, à Kyria l’élue et à ses enfants, que j’aime dans la vérité, et ce n’est pas moi seul qui les aime, mais aussi tous ceux qui ont connu la vérité, 2à cause de la vérité qui demeure en nous, et qui sera avec nous pour l’éternité: 3que la grâce, la miséricorde et la paix soient avec vous de la part de Dieu le Père et de la part de Jésus-Christ, le Fils du Père, dans la vérité et la charité!L’amour fraternelV. 4-6: cf. 3 Jn 3, 4. (Jn 13:34, 35. 1 Jn 5:1-3.)  4J’ai été fort réjoui de trouver de tes enfants qui marchent dans la vérité, selon le commandement que nous avons reçu du Père. 5Et maintenant, ce que je te demande, Kyria, #1 Jn 2:7.non comme te prescrivant un commandement nouveau, mais celui que nous avons eu dès le commencement, #Jn 13:34; 15:12. Ép 5:2. 1 Th 4:9. 1 Pi 4:8. 1 Jn 3:23; 4:21.c’est que nous nous aimions les uns les autres. 6#Jn 15:10.Et l’amour consiste à marcher selon ses commandements. C’est là le commandement dans lequel vous devez marcher, comme vous l’avez appris dès le commencement.Les faux docteursV. 7-13: cf. 1 Jn 4:1-6; 2:18-23.  7  #    \n        Mt 24:5, 24. 2 Pi 2:1. 1 Jn 4:1.  Car plusieurs séducteurs sont entrés dans le monde, qui ne confessent point que Jésus-Christ est venu en chair. Celui qui est tel, c’est le séducteur et l’antéchrist. 8Prenez garde à vous-mêmes, afin que vous ne perdiez pas le fruit de votre travail, mais que vous receviez une pleine récompense. 9Quiconque va plus loin et ne demeure pas dans la doctrine de Christ n’a point Dieu; celui qui demeure dans cette doctrine a le Père et le Fils. 10#Ro 16:17. 2 Ti 3:5. Tit 3:10.Si quelqu’un vient à vous et n’apporte pas cette doctrine, ne le recevez pas dans votre maison, et ne lui dites pas: Salut! 11car celui qui lui dit: Salut! Participe à ses mauvaises œuvres. 12Quoique j’eusse beaucoup de choses à vous écrire, je n’ai pas voulu le faire avec le papier et l’encre; mais j’espère aller chez vous, et vous parler bouche à bouche, afin que notre joie soit parfaite. 13Les enfants de ta sœur l’élue te saluent."
      },
      {
        "book_name": "2 Johannes",
        "book": 63,
        "chapter": 1,
        "verse": 1,
        "text": "L’ancien, à Kyria l’élue et à ses enfants, que j’aime dans la vérité, et ce n’est pas moi seul qui les aime, mais aussi tous ceux qui ont connu la vérité,"
      },
      {
        "book_name": "2 Johannes",
        "book": 63,
        "chapter": 1,
        "verse": 2,
        "text": "à cause de la vérité qui demeure en nous, et qui sera avec nous pour l’éternité:"
      },
      {
        "book_name": "2 Johannes",
        "book": 63,
        "chapter": 1,
        "verse": 3,
        "text": "que la grâce, la miséricorde et la paix soient avec vous de la part de Dieu le Père et de la part de Jésus-Christ, le Fils du Père, dans la vérité et la charité!"
      },
      {
        "book_name": "2 Johannes",
        "book": 63,
        "chapter": 1,
        "verse": 4,
        "text": "J’ai été fort réjoui de trouver de tes enfants qui marchent dans la vérité, selon le commandement que nous avons reçu du Père."
      },
      {
        "book_name": "2 Johannes",
        "book": 63,
        "chapter": 1,
        "verse": 5,
        "text": "Et maintenant, ce que je te demande, Kyria, #1 Jn 2:7.non comme te prescrivant un commandement nouveau, mais celui que nous avons eu dès le commencement, #Jn 13:34; 15:12. Ép 5:2. 1 Th 4:9. 1 Pi 4:8. 1 Jn 3:23; 4:21.c’est que nous nous aimions les uns les autres."
      },
      {
        "book_name": "2 Johannes",
        "book": 63,
        "chapter": 1,
        "verse": 6,
        "text": "#Jn 15:10.Et l’amour consiste à marcher selon ses commandements. C’est là le commandement dans lequel vous devez marcher, comme vous l’avez appris dès le commencement."
      },
      {
        "book_name": "2 Johannes",
        "book": 63,
        "chapter": 1,
        "verse": 7,
        "text": "#    \n        Mt 24:5, 24. 2 Pi 2:1. 1 Jn 4:1.  Car plusieurs séducteurs sont entrés dans le monde, qui ne confessent point que Jésus-Christ est venu en chair. Celui qui est tel, c’est le séducteur et l’antéchrist."
      },
      {
        "book_name": "2 Johannes",
        "book": 63,
        "chapter": 1,
        "verse": 8,
        "text": "Prenez garde à vous-mêmes, afin que vous ne perdiez pas le fruit de votre travail, mais que vous receviez une pleine récompense."
      },
      {
        "book_name": "2 Johannes",
        "book": 63,
        "chapter": 1,
        "verse": 9,
        "text": "Quiconque va plus loin et ne demeure pas dans la doctrine de Christ n’a point Dieu; celui qui demeure dans cette doctrine a le Père et le Fils."
      },
      {
        "book_name": "2 Johannes",
        "book": 63,
        "chapter": 1,
        "verse": 10,
        "text": "#Ro 16:17. 2 Ti 3:5. Tit 3:10.Si quelqu’un vient à vous et n’apporte pas cette doctrine, ne le recevez pas dans votre maison, et ne lui dites pas: Salut!"
      },
      {
        "book_name": "2 Johannes",
        "book": 63,
        "chapter": 1,
        "verse": 11,
        "text": "car celui qui lui dit: Salut! Participe à ses mauvaises œuvres."
      },
      {
        "book_name": "2 Johannes",
        "book": 63,
        "chapter": 1,
        "verse": 12,
        "text": "Quoique j’eusse beaucoup de choses à vous écrire, je n’ai pas voulu le faire avec le papier et l’encre; mais j’espère aller chez vous, et vous parler bouche à bouche, afin que notre joie soit parfaite."
      },
      {
        "book_name": "2 Johannes",
        "book": 63,
        "chapter": 1,
        "verse": 13,
        "text": "Les enfants de ta sœur l’élue te saluent."
      }
    ]
  }
}