{
  "source": "bible.com",
  "version": "Luis Segond (1910)",
  "book": "2 Peter",
  "chapters": {
    "1": [
      {
        "book_name": "2 Peter",
        "book": 61,
        "chapter": 1,
        "verse": 1,
        "text": "Adresse et salutationV. 1-2: cf. 1 Pi 1:1, 2. Jud v. 1, 2.  1Simon Pierre, serviteur et apôtre de Jésus-Christ, à ceux qui ont reçu en partage une foi du même prix que la nôtre, par la justice de notre Dieu et du Sauveur Jésus-Christ: 2#Ro 1:7. 1 Pi 1:2.que la grâce et la paix vous soient #1 Pi 1:2. Jud v. 2.multipliées #Jn 17:3.par la connaissance de Dieu et de Jésus notre Seigneur!La pratique des vertus chrétiennesV. 3-11: cf. Jn 17:2, 3. (Tit 2:11-14. Ph 1:9-11; 3:8-14. Hé 6:11, 12.)  3Comme sa divine puissance nous a donné tout ce qui contribue à la vie et à la piété, au moyen de la connaissance de celui qui nous a appelés par sa propre gloire et par sa vertu, 4lesquelles nous assurent de sa part les plus grandes et les plus précieuses promesses, #És 56:5. Jn 1:12. Ro 8:15. Ga 3:26.afin que par elles vous deveniez participants de la nature divine, en fuyant la corruption qui existe dans le monde par la convoitise, 5à cause de cela même, faites tous vos efforts pour joindre à votre foi la vertu, à la vertu la science, 6à la science la tempérance, à la tempérance la patience, à la patience la piété, 7à la piété l’amour fraternel, à l’amour fraternel la charité. 8Car si ces choses sont en vous, et y sont avec abondance, elles ne vous laisseront point oisifs ni #Tit 3:14.stériles pour la connaissance de notre Seigneur Jésus-Christ. 9Mais celui en qui ces choses ne sont point est aveugle, #És 59:10. So 1:17.il ne voit pas de loin, et il a mis en oubli la purification de ses anciens péchés. 10C’est pourquoi, frères, appliquez-vous d’autant plus à affermir votre vocation et votre élection; car, en faisant cela, vous ne broncherez jamais. 11C’est ainsi, en effet, que l’entrée dans le royaume éternel de notre Seigneur et Sauveur Jésus-Christ vous sera pleinement accordée.V. 12-21: cf. (1 Jn 1:1-4. Mt 17:1-6.) (1 Pi 1:10-12. 2 Ti 3:16.)  12Voilà pourquoi je prendrai soin de vous rappeler ces choses, bien que vous les sachiez et que vous soyez affermis dans la vérité présente. 13Et je regarde comme un devoir, aussi longtemps que je suis dans cette tente, #2 Pi 3:1.de vous tenir en éveil par des avertissements, 14#2 Ti 4:6.car je sais que je la quitterai subitement, #2 Pi 1:18, 19.ainsi que notre Seigneur Jésus-Christ me l’a fait connaître. 15Mais j’aurai soin qu’après mon départ vous puissiez toujours vous souvenir de ces choses. 16#1 Co 1:17; 2:1, 4; 4:20.Ce n’est pas, en effet, en suivant des fables habilement conçues, que nous vous avons fait connaître la puissance et l’avènement de notre Seigneur Jésus-Christ, #Mt 17:1. Jn 1:14. 1 Jn 1:1.mais c’est comme ayant vu sa majesté de nos propres yeux. 17Car il a reçu de Dieu le Père honneur et gloire, quand la gloire magnifique lui fit entendre une voix qui disait: #Mt 3:17; 17:5. Mc 1:11; 9:7. Lu 3:22; 9:35. Col 1:13.Celui-ci est mon Fils bien-aimé, en qui j’ai mis toute mon affection. 18Et nous avons entendu cette voix venant du ciel, lorsque nous étions avec lui sur la sainte montagne. 19Et nous tenons pour d’autant plus certaine la parole prophétique, à laquelle vous faites bien de prêter attention, #2 Co 4:6.comme à une lampe qui brille dans un lieu obscur, jusqu’à ce que le jour vienne à paraître et #Ap 22:16.que l’étoile du matin se lève dans vos cœurs; 20sachant tout d’abord vous-mêmes qu’aucune prophétie de l’Écriture ne peut être un objet d’interprétation particulière, 21car ce n’est pas par une volonté d’homme qu’une prophétie a jamais été apportée, mais #2 Ti 3:16.c’est poussés par le Saint-Esprit que des hommes ont parlé de la part de Dieu."
      },
      {
        "book_name": "2 Peter",
        "book": 61,
        "chapter": 1,
        "verse": 1,
        "text": "Simon Pierre, serviteur et apôtre de Jésus-Christ, à ceux qui ont reçu en partage une foi du même prix que la nôtre, par la justice de notre Dieu et du Sauveur Jésus-Christ:"
      },
      {
        "book_name": "2 Peter",
        "book": 61,
        "chapter": 1,
        "verse": 2,
        "text": "#Ro 1:7. 1 Pi 1:2.que la grâce et la paix vous soient #1 Pi 1:2. Jud v. 2.multipliées #Jn 17:3.par la connaissance de Dieu et de Jésus notre Seigneur!"
      },
      {
        "book_name": "2 Peter",
        "book": 61,
        "chapter": 1,
        "verse": 3,
        "text": "Comme sa divine puissance nous a donné tout ce qui contribue à la vie et à la piété, au moyen de la connaissance de celui qui nous a appelés par sa propre gloire et par sa vertu,"
      },
      {
        "book_name": "2 Peter",
        "book": 61,
        "chapter": 1,
        "verse": 4,
        "text": "lesquelles nous assurent de sa part les plus grandes et les plus précieuses promesses, #És 56:5. Jn 1:12. Ro 8:15. Ga 3:26.afin que par elles vous deveniez participants de la nature divine, en fuyant la corruption qui existe dans le monde par la convoitise,"
      },
      {
        "book_name": "2 Peter",
        "book": 61,
        "chapter": 1,
        "verse": 5,
        "text": "à cause de cela même, faites tous vos efforts pour joindre à votre foi la vertu, à la vertu la science,"
      },
      {
        "book_name": "2 Peter",
        "book": 61,
        "chapter": 1,
        "verse": 6,
        "text": "à la science la tempérance, à la tempérance la patience, à la patience la piété,"
      },
      {
        "book_name": "2 Peter",
        "book": 61,
        "chapter": 1,
        "verse": 7,
        "text": "à la piété l’amour fraternel, à l’amour fraternel la charité."
      },
      {
        "book_name": "2 Peter",
        "book": 61,
        "chapter": 1,
        "verse": 8,
        "text": "Car si ces choses sont en vous, et y sont avec abondance, elles ne vous laisseront point oisifs ni #Tit 3:14.stériles pour la connaissance de notre Seigneur Jésus-Christ."
      },
      {
        "book_name": "2 Peter",
        "book": 61,
        "chapter": 1,
        "verse": 9,
        "text": "Mais celui en qui ces choses ne sont point est aveugle, #És 59:10. So 1:17.il ne voit pas de loin, et il a mis en oubli la purification de ses anciens péchés."
      },
      {
        "book_name": "2 Peter",
        "book": 61,
        "chapter": 1,
        "verse": 10,
        "text": "C’est pourquoi, frères, appliquez-vous d’autant plus à affermir votre vocation et votre élection; car, en faisant cela, vous ne broncherez jamais."
      },
      {
        "book_name": "2 Peter",
        "book": 61,
        "chapter": 1,
        "verse": 11,
        "text": "C’est ainsi, en effet, que l’entrée dans le royaume éternel de notre Seigneur et Sauveur Jésus-Christ vous sera pleinement accordée."
      },
      {
        "book_name": "2 Peter",
        "book": 61,
        "chapter": 1,
        "verse": 12,
        "text": "Voilà pourquoi je prendrai soin de vous rappeler ces choses, bien que vous les sachiez et que vous soyez affermis dans la vérité présente."
      },
      {
        "book_name": "2 Peter",
        "book": 61,
        "chapter": 1,
        "verse": 13,
        "text": "Et je regarde comme un devoir, aussi longtemps que je suis dans cette tente, #2 Pi 3:1.de vous tenir en éveil par des avertissements,"
      },
      {
        "book_name": "2 Peter",
        "book": 61,
        "chapter": 1,
        "verse": 14,
        "text": "#2 Ti 4:6.car je sais que je la quitterai subitement, #2 Pi 1:18, 19.ainsi que notre Seigneur Jésus-Christ me l’a fait connaître."
      },
      {
        "book_name": "2 Peter",
        "book": 61,
        "chapter": 1,
        "verse": 15,
        "text": "Mais j’aurai soin qu’après mon départ vous puissiez toujours vous souvenir de ces choses."
      },
      {
        "book_name": "2 Peter",
        "book": 61,
        "chapter": 1,
        "verse": 16,
        "text": "#1 Co 1:17; 2:1, 4; 4:20.Ce n’est pas, en effet, en suivant des fables habilement conçues, que nous vous avons fait connaître la puissance et l’avènement de notre Seigneur Jésus-Christ, #Mt 17:1. Jn 1:14. 1 Jn 1:1.mais c’est comme ayant vu sa majesté de nos propres yeux."
      },
      {
        "book_name": "2 Peter",
        "book": 61,
        "chapter": 1,
        "verse": 17,
        "text": "Car il a reçu de Dieu le Père honneur et gloire, quand la gloire magnifique lui fit entendre une voix qui disait: #Mt 3:17; 17:5. Mc 1:11; 9:7. Lu 3:22; 9:35. Col 1:13.Celui-ci est mon Fils bien-aimé, en qui j’ai mis toute mon affection."
      },
      {
        "book_name": "2 Peter",
        "book": 61,
        "chapter": 1,
        "verse": 18,
        "text": "Et nous avons entendu cette voix venant du ciel, lorsque nous étions avec lui sur la sainte montagne."
      },
      {
        "book_name": "2 Peter",
        "book": 61,
        "chapter": 1,
        "verse": 19,
        "text": "Et nous tenons pour d’autant plus certaine la parole prophétique, à laquelle vous faites bien de prêter attention, #2 Co 4:6.comme à une lampe qui brille dans un lieu obscur, jusqu’à ce que le jour vienne à paraître et #Ap 22:16.que l’étoile du matin se lève dans vos cœurs;"
      },
      {
        "book_name": "2 Peter",
        "book": 61,
        "chapter": 1,
        "verse": 20,
        "text": "sachant tout d’abord vous-mêmes qu’aucune prophétie de l’Écriture ne peut être un objet d’interprétation particulière,"
      },
      {
        "book_name": "2 Peter",
        "book": 61,
        "chapter": 1,
        "verse": 21,
        "text": "car ce n’est pas par une volonté d’homme qu’une prophétie a jamais été apportée, mais #2 Ti 3:16.c’est poussés par le Saint-Esprit que des hommes ont parlé de la part de Dieu."
      }
    ],
    "2": [
      {
        "book_name": "2 Peter",
        "book": 61,
        "chapter": 2,
        "verse": 1,
        "text": "Les faux docteursV. 1-10: cf. Ac 20:29, 30. Jud v. 3-7. Ap 2:14, 15.  1Il y a eu parmi le peuple #De 13:1. Jé 14:14; 23:16-21.de faux prophètes, et #Mt 24:11. Ac 20:29. 1 Ti 4:1. 2 Ti 3:1.il y aura de même parmi vous de faux docteurs, qui introduiront des sectes pernicieuses, et qui, reniant le maître qui les a rachetés, attireront sur eux une ruine soudaine. 2Plusieurs les suivront dans leurs dissolutions, et la voie de la vérité sera calomniée à cause d’eux. 3Par cupidité, ils trafiqueront de vous au moyen de paroles trompeuses, #Jud v. 4.eux que menace depuis longtemps la condamnation, et dont la ruine ne sommeille point. 4Car, si Dieu n’a pas épargné #Jud v. 6. Ap 20:3.les anges qui ont péché, mais s’il les a précipités dans les abîmes de ténèbres et les réserve pour le jugement; 5s’il n’a pas épargné l’ancien monde, mais s’il a sauvé #Ge 7:23. 1 Pi 3:19.Noé, lui huitième, ce prédicateur de la justice, lorsqu’il fit venir le déluge sur un monde d’impies; 6s’il a condamné à la destruction et réduit en cendres les villes de #Ge 19:24. De 29:23. És 13:19. Jé 50:23. Éz 16:49. Os 11:8. Am 4:11. Jud v. 7.Sodome et de Gomorrhe, les donnant comme exemple aux impies à venir, 7et s’il a délivré le juste Lot, #Ge 19:7, 8.profondément attristé de la conduite de ces hommes sans frein dans leur dissolution 8(car ce juste, qui habitait au milieu d’eux, #Ps 119:158.tourmentait journellement son âme juste à cause de ce qu’il voyait et entendait de leurs œuvres criminelles); 9#1 Co 10:13.le Seigneur sait délivrer de l’épreuve les hommes pieux, et réserver les injustes pour être punis au jour du jugement, 10ceux surtout qui vont après la chair dans un désir d’impureté et qui méprisent l’autorité. Audacieux et arrogants, ils ne craignent pas d’injurier les gloires,V. 11-22: cf. (Jud v. 8-19. 2 Ti 3:1-9, 13.) Mt 12:43-45.  11tandis que les anges, supérieurs en force et en puissance, ne portent pas contre elles de jugement injurieux devant le Seigneur. 12#Jé 12:3.Mais eux, semblables à des brutes qui s’abandonnent à leurs penchants naturels et qui sont nées pour être prises et détruites, #Jud v. 10.ils parlent d’une manière injurieuse de ce qu’ils ignorent, et ils périront par leur propre corruption, 13recevant ainsi le salaire de leur iniquité. Ils trouvent leurs délices à se livrer au plaisir en plein jour; hommes tarés et souillés, ils se délectent dans leurs tromperies, en faisant bonne chère avec vous. 14Ils ont les yeux pleins d’adultère et insatiables de péché; ils amorcent les âmes mal affermies; ils ont le cœur exercé à la cupidité; ce sont des enfants de malédiction. 15Après avoir quitté le droit chemin, ils se sont égarés #No 22:7, 21. Jud v. 11.en suivant la voie de Balaam, fils de Bosor, qui aima le salaire de l’iniquité, 16mais qui fut repris pour sa transgression: #No 22:21.une ânesse muette, faisant entendre une voix d’homme, arrêta la démence du prophète. 17#Jud v. 12.Ces gens-là sont des fontaines sans eau, des nuées que chasse un tourbillon: l’obscurité des ténèbres leur est réservée. 18Avec des discours enflés de vanité, ils amorcent par les convoitises de la chair, par les dissolutions, ceux qui viennent à peine d’échapper aux hommes qui vivent dans l’égarement; 19ils leur promettent la liberté, quand ils sont eux-mêmes esclaves de la corruption, #Jn 8:34. Ro 6:16.car chacun est esclave de ce qui a triomphé de lui. 20#Hé 6:4; 10:26.En effet, si, après s’être retirés des souillures du monde, par la connaissance du Seigneur et Sauveur Jésus-Christ, ils s’y engagent de nouveau et sont vaincus, #Mt 12:45.leur dernière condition est pire que la première. 21Car mieux valait pour eux n’avoir pas connu la voie de la justice, que de se détourner, après l’avoir connue, du saint commandement qui leur avait été donné. 22Il leur est arrivé ce que dit un proverbe vrai: #Pr 26:11.Le chien est retourné à ce qu’il avait vomi, et la truie lavée s’est vautrée dans le bourbier."
      },
      {
        "book_name": "2 Peter",
        "book": 61,
        "chapter": 2,
        "verse": 1,
        "text": "Il y a eu parmi le peuple #De 13:1. Jé 14:14; 23:16-21.de faux prophètes, et #Mt 24:11. Ac 20:29. 1 Ti 4:1. 2 Ti 3:1.il y aura de même parmi vous de faux docteurs, qui introduiront des sectes pernicieuses, et qui, reniant le maître qui les a rachetés, attireront sur eux une ruine soudaine."
      },
      {
        "book_name": "2 Peter",
        "book": 61,
        "chapter": 2,
        "verse": 2,
        "text": "Plusieurs les suivront dans leurs dissolutions, et la voie de la vérité sera calomniée à cause d’eux."
      },
      {
        "book_name": "2 Peter",
        "book": 61,
        "chapter": 2,
        "verse": 3,
        "text": "Par cupidité, ils trafiqueront de vous au moyen de paroles trompeuses, #Jud v. 4.eux que menace depuis longtemps la condamnation, et dont la ruine ne sommeille point."
      },
      {
        "book_name": "2 Peter",
        "book": 61,
        "chapter": 2,
        "verse": 4,
        "text": "Car, si Dieu n’a pas épargné #Jud v. 6. Ap 20:3.les anges qui ont péché, mais s’il les a précipités dans les abîmes de ténèbres et les réserve pour le jugement;"
      },
      {
        "book_name": "2 Peter",
        "book": 61,
        "chapter": 2,
        "verse": 5,
        "text": "s’il n’a pas épargné l’ancien monde, mais s’il a sauvé #Ge 7:23. 1 Pi 3:19.Noé, lui huitième, ce prédicateur de la justice, lorsqu’il fit venir le déluge sur un monde d’impies;"
      },
      {
        "book_name": "2 Peter",
        "book": 61,
        "chapter": 2,
        "verse": 6,
        "text": "s’il a condamné à la destruction et réduit en cendres les villes de #Ge 19:24. De 29:23. És 13:19. Jé 50:23. Éz 16:49. Os 11:8. Am 4:11. Jud v. 7.Sodome et de Gomorrhe, les donnant comme exemple aux impies à venir,"
      },
      {
        "book_name": "2 Peter",
        "book": 61,
        "chapter": 2,
        "verse": 7,
        "text": "et s’il a délivré le juste Lot, #Ge 19:7, 8.profondément attristé de la conduite de ces hommes sans frein dans leur dissolution"
      },
      {
        "book_name": "2 Peter",
        "book": 61,
        "chapter": 2,
        "verse": 8,
        "text": "(car ce juste, qui habitait au milieu d’eux, #Ps 119:158.tourmentait journellement son âme juste à cause de ce qu’il voyait et entendait de leurs œuvres criminelles);"
      },
      {
        "book_name": "2 Peter",
        "book": 61,
        "chapter": 2,
        "verse": 9,
        "text": "#1 Co 10:13.le Seigneur sait délivrer de l’épreuve les hommes pieux, et réserver les injustes pour être punis au jour du jugement,"
      },
      {
        "book_name": "2 Peter",
        "book": 61,
        "chapter": 2,
        "verse": 10,
        "text": "ceux surtout qui vont après la chair dans un désir d’impureté et qui méprisent l’autorité. Audacieux et arrogants, ils ne craignent pas d’injurier les gloires,"
      },
      {
        "book_name": "2 Peter",
        "book": 61,
        "chapter": 2,
        "verse": 11,
        "text": "tandis que les anges, supérieurs en force et en puissance, ne portent pas contre elles de jugement injurieux devant le Seigneur."
      },
      {
        "book_name": "2 Peter",
        "book": 61,
        "chapter": 2,
        "verse": 12,
        "text": "#Jé 12:3.Mais eux, semblables à des brutes qui s’abandonnent à leurs penchants naturels et qui sont nées pour être prises et détruites, #Jud v. 10.ils parlent d’une manière injurieuse de ce qu’ils ignorent, et ils périront par leur propre corruption,"
      },
      {
        "book_name": "2 Peter",
        "book": 61,
        "chapter": 2,
        "verse": 13,
        "text": "recevant ainsi le salaire de leur iniquité. Ils trouvent leurs délices à se livrer au plaisir en plein jour; hommes tarés et souillés, ils se délectent dans leurs tromperies, en faisant bonne chère avec vous."
      },
      {
        "book_name": "2 Peter",
        "book": 61,
        "chapter": 2,
        "verse": 14,
        "text": "Ils ont les yeux pleins d’adultère et insatiables de péché; ils amorcent les âmes mal affermies; ils ont le cœur exercé à la cupidité; ce sont des enfants de malédiction."
      },
      {
        "book_name": "2 Peter",
        "book": 61,
        "chapter": 2,
        "verse": 15,
        "text": "Après avoir quitté le droit chemin, ils se sont égarés #No 22:7, 21. Jud v. 11.en suivant la voie de Balaam, fils de Bosor, qui aima le salaire de l’iniquité,"
      },
      {
        "book_name": "2 Peter",
        "book": 61,
        "chapter": 2,
        "verse": 16,
        "text": "mais qui fut repris pour sa transgression: #No 22:21.une ânesse muette, faisant entendre une voix d’homme, arrêta la démence du prophète."
      },
      {
        "book_name": "2 Peter",
        "book": 61,
        "chapter": 2,
        "verse": 17,
        "text": "#Jud v. 12.Ces gens-là sont des fontaines sans eau, des nuées que chasse un tourbillon: l’obscurité des ténèbres leur est réservée."
      },
      {
        "book_name": "2 Peter",
        "book": 61,
        "chapter": 2,
        "verse": 18,
        "text": "Avec des discours enflés de vanité, ils amorcent par les convoitises de la chair, par les dissolutions, ceux qui viennent à peine d’échapper aux hommes qui vivent dans l’égarement;"
      },
      {
        "book_name": "2 Peter",
        "book": 61,
        "chapter": 2,
        "verse": 19,
        "text": "ils leur promettent la liberté, quand ils sont eux-mêmes esclaves de la corruption, #Jn 8:34. Ro 6:16.car chacun est esclave de ce qui a triomphé de lui."
      },
      {
        "book_name": "2 Peter",
        "book": 61,
        "chapter": 2,
        "verse": 20,
        "text": "#Hé 6:4; 10:26.En effet, si, après s’être retirés des souillures du monde, par la connaissance du Seigneur et Sauveur Jésus-Christ, ils s’y engagent de nouveau et sont vaincus, #Mt 12:45.leur dernière condition est pire que la première."
      },
      {
        "book_name": "2 Peter",
        "book": 61,
        "chapter": 2,
        "verse": 21,
        "text": "Car mieux valait pour eux n’avoir pas connu la voie de la justice, que de se détourner, après l’avoir connue, du saint commandement qui leur avait été donné."
      },
      {
        "book_name": "2 Peter",
        "book": 61,
        "chapter": 2,
        "verse": 22,
        "text": "Il leur est arrivé ce que dit un proverbe vrai: #Pr 26:11.Le chien est retourné à ce qu’il avait vomi, et la truie lavée s’est vautrée dans le bourbier."
      }
    ],
    "3": [
      {
        "book_name": "2 Peter",
        "book": 61,
        "chapter": 3,
        "verse": 1,
        "text": "L’avènement du SeigneurV. 1-10: cf. Jud v. 14-19. (Mt 24:37-39. 2 Th 1:7-10.) (És 51:6. Ap 20:11.)  1Voici déjà, bien-aimés, la seconde lettre que je vous écris. Dans l’une et dans l’autre je cherche à éveiller #2 Pi 1:13.par des avertissements votre saine intelligence, 2afin que vous vous souveniez des choses annoncées d’avance par les saints prophètes, et du commandement du Seigneur et Sauveur, enseigné par vos apôtres, 3#1 Ti 4:1. 2 Ti 3:1. Jud v. 18.sachant avant tout que, dans les derniers jours, il viendra des moqueurs avec leurs railleries, marchant selon leurs propres convoitises, 4et disant: #Éz 12:22.Où est la promesse de son avènement? Car, depuis que les pères sont morts, tout demeure comme dès le commencement de la création. 5Ils veulent ignorer, en effet, que des cieux existèrent autrefois par la parole de Dieu, de même #Ge 1:9. Ps 24:2.qu’une terre tirée de l’eau et formée au moyen de l’eau, 6et que #Ge 7:10, 21.par ces choses le monde d’alors périt, submergé par l’eau, 7tandis que, par la même parole, #Ps 102:27. És 51:6. Hé 1:11. 2 Pi 3:10.les cieux et la terre d’à présent sont #2 Th 1:8.gardés et réservés pour le feu, pour le jour du jugement et de la ruine des hommes impies. 8Mais il est une chose, bien-aimés, que vous ne devez pas ignorer, c’est que, devant le Seigneur, #Ps 90:4.un jour est comme mille ans, et mille ans sont comme un jour. 9#Ha 2:3.Le Seigneur ne tarde pas dans l’accomplissement de la promesse, #1 Pi 3:20. 2 Pi 3:15.comme quelques-uns le croient; #És 30:18. Ro 2:4.mais il use de patience envers vous, #Éz 18:32; 33:11. 1 Ti 2:4.ne voulant pas qu’aucun périsse, mais voulant que tous arrivent à la repentance. 10Le jour du Seigneur viendra #Mt 24:43, 44. 1 Th 5:2. Ap 3:3; 16:15.comme un voleur; en ce jour, les cieux passeront avec fracas, les éléments embrasés se dissoudront, et la terre avec les œuvres qu’elle renferme sera consumée.V. 11-18: cf. (Lu 21:34-36. 1 Th 5:1-10. 1 Pi 1:13-16.) (És 65:17. Ap 21:1-5.) Ép 4:14, 15.  11Puisque donc toutes ces choses doivent se dissoudre, quelles ne doivent pas être la sainteté de votre conduite et votre piété, 12tandis que vous attendez et hâtez l’avènement du jour de Dieu, #Ps 50:3. 2 Th 1:8.à cause duquel les cieux enflammés se dissoudront et les éléments embrasés se fondront! 13Mais nous attendons, #És 65:17; 66:22. Ap 21:1.selon sa promesse, de nouveaux cieux et une nouvelle terre, où la justice habitera. 14C’est pourquoi, bien-aimés, en attendant ces choses, appliquez-vous à être trouvés par lui sans tache et irrépréhensibles dans la paix. 15#Ro 2:4.Croyez que la patience de notre Seigneur est votre salut, comme notre bien-aimé frère Paul vous l’a aussi écrit, selon la sagesse qui lui a été donnée. 16C’est ce qu’il fait #Ro 8:19. 1 Co 15:24. 1 Th 4:15.dans toutes les lettres, où il parle de ces choses, dans lesquelles il y a des points difficiles à comprendre, dont les personnes ignorantes et mal affermies tordent le sens, comme celui des autres Écritures, pour leur propre ruine. 17Vous donc, bien-aimés, qui êtes avertis, mettez-vous sur vos gardes, de peur qu’entraînés par l’égarement des impies, vous ne veniez à déchoir de votre fermeté. 18Mais croissez dans la grâce et dans la connaissance de notre Seigneur et Sauveur Jésus-Christ. A lui soit la gloire, maintenant et pour l’éternité! Amen!"
      },
      {
        "book_name": "2 Peter",
        "book": 61,
        "chapter": 3,
        "verse": 1,
        "text": "Voici déjà, bien-aimés, la seconde lettre que je vous écris. Dans l’une et dans l’autre je cherche à éveiller #2 Pi 1:13.par des avertissements votre saine intelligence,"
      },
      {
        "book_name": "2 Peter",
        "book": 61,
        "chapter": 3,
        "verse": 2,
        "text": "afin que vous vous souveniez des choses annoncées d’avance par les saints prophètes, et du commandement du Seigneur et Sauveur, enseigné par vos apôtres,"
      },
      {
        "book_name": "2 Peter",
        "book": 61,
        "chapter": 3,
        "verse": 3,
        "text": "#1 Ti 4:1. 2 Ti 3:1. Jud v. 18.sachant avant tout que, dans les derniers jours, il viendra des moqueurs avec leurs railleries, marchant selon leurs propres convoitises,"
      },
      {
        "book_name": "2 Peter",
        "book": 61,
        "chapter": 3,
        "verse": 4,
        "text": "et disant: #Éz 12:22.Où est la promesse de son avènement? Car, depuis que les pères sont morts, tout demeure comme dès le commencement de la création."
      },
      {
        "book_name": "2 Peter",
        "book": 61,
        "chapter": 3,
        "verse": 5,
        "text": "Ils veulent ignorer, en effet, que des cieux existèrent autrefois par la parole de Dieu, de même #Ge 1:9. Ps 24:2.qu’une terre tirée de l’eau et formée au moyen de l’eau,"
      },
      {
        "book_name": "2 Peter",
        "book": 61,
        "chapter": 3,
        "verse": 6,
        "text": "et que #Ge 7:10, 21.par ces choses le monde d’alors périt, submergé par l’eau,"
      },
      {
        "book_name": "2 Peter",
        "book": 61,
        "chapter": 3,
        "verse": 7,
        "text": "tandis que, par la même parole, #Ps 102:27. És 51:6. Hé 1:11. 2 Pi 3:10.les cieux et la terre d’à présent sont #2 Th 1:8.gardés et réservés pour le feu, pour le jour du jugement et de la ruine des hommes impies."
      },
      {
        "book_name": "2 Peter",
        "book": 61,
        "chapter": 3,
        "verse": 8,
        "text": "Mais il est une chose, bien-aimés, que vous ne devez pas ignorer, c’est que, devant le Seigneur, #Ps 90:4.un jour est comme mille ans, et mille ans sont comme un jour."
      },
      {
        "book_name": "2 Peter",
        "book": 61,
        "chapter": 3,
        "verse": 9,
        "text": "#Ha 2:3.Le Seigneur ne tarde pas dans l’accomplissement de la promesse, #1 Pi 3:20. 2 Pi 3:15.comme quelques-uns le croient; #És 30:18. Ro 2:4.mais il use de patience envers vous, #Éz 18:32; 33:11. 1 Ti 2:4.ne voulant pas qu’aucun périsse, mais voulant que tous arrivent à la repentance."
      },
      {
        "book_name": "2 Peter",
        "book": 61,
        "chapter": 3,
        "verse": 10,
        "text": "Le jour du Seigneur viendra #Mt 24:43, 44. 1 Th 5:2. Ap 3:3; 16:15.comme un voleur; en ce jour, les cieux passeront avec fracas, les éléments embrasés se dissoudront, et la terre avec les œuvres qu’elle renferme sera consumée."
      },
      {
        "book_name": "2 Peter",
        "book": 61,
        "chapter": 3,
        "verse": 11,
        "text": "Puisque donc toutes ces choses doivent se dissoudre, quelles ne doivent pas être la sainteté de votre conduite et votre piété,"
      },
      {
        "book_name": "2 Peter",
        "book": 61,
        "chapter": 3,
        "verse": 12,
        "text": "tandis que vous attendez et hâtez l’avènement du jour de Dieu, #Ps 50:3. 2 Th 1:8.à cause duquel les cieux enflammés se dissoudront et les éléments embrasés se fondront!"
      },
      {
        "book_name": "2 Peter",
        "book": 61,
        "chapter": 3,
        "verse": 13,
        "text": "Mais nous attendons, #És 65:17; 66:22. Ap 21:1.selon sa promesse, de nouveaux cieux et une nouvelle terre, où la justice habitera."
      },
      {
        "book_name": "2 Peter",
        "book": 61,
        "chapter": 3,
        "verse": 14,
        "text": "C’est pourquoi, bien-aimés, en attendant ces choses, appliquez-vous à être trouvés par lui sans tache et irrépréhensibles dans la paix."
      },
      {
        "book_name": "2 Peter",
        "book": 61,
        "chapter": 3,
        "verse": 15,
        "text": "#Ro 2:4.Croyez que la patience de notre Seigneur est votre salut, comme notre bien-aimé frère Paul vous l’a aussi écrit, selon la sagesse qui lui a été donnée."
      },
      {
        "book_name": "2 Peter",
        "book": 61,
        "chapter": 3,
        "verse": 16,
        "text": "C’est ce qu’il fait #Ro 8:19. 1 Co 15:24. 1 Th 4:15.dans toutes les lettres, où il parle de ces choses, dans lesquelles il y a des points difficiles à comprendre, dont les personnes ignorantes et mal affermies tordent le sens, comme celui des autres Écritures, pour leur propre ruine."
      },
      {
        "book_name": "2 Peter",
        "book": 61,
        "chapter": 3,
        "verse": 17,
        "text": "Vous donc, bien-aimés, qui êtes avertis, mettez-vous sur vos gardes, de peur qu’entraînés par l’égarement des impies, vous ne veniez à déchoir de votre fermeté."
      },
      {
        "book_name": "2 Peter",
        "book": 61,
        "chapter": 3,
        "verse": 18,
        "text": "Mais croissez dans la grâce et dans la connaissance de notre Seigneur et Sauveur Jésus-Christ. A lui soit la gloire, maintenant et pour l’éternité! Amen!"
      }
    ]
  }
}