{
  "source": "bible.com",
  "version": "Luis Segond (1910)",
  "book": "2 Thessalonicenzen",
  "chapters": {
    "1": [
      {
        "book_name": "2 Thessalonicenzen",
        "book": 53,
        "chapter": 1,
        "verse": 1,
        "text": "Adresse et salutationV. 1-2: cf. 1 Th 1:1.  1Paul, et Silvain, et Timothée, à l’Église des Thessaloniciens, qui est en Dieu notre Père et en Jésus-Christ le Seigneur: 2#1 Co 1:3. 1 Th 1:1. 1 Pi 1:2.que la grâce et la paix vous soient données de la part de Dieu notre Père et du Seigneur Jésus-Christ!Progrès des Thessaloniciens dans la foi et dans la charité, malgré les persécutionsV. 3-10: cf. (1 Th 1:2-7. Ph 1:3-6, 27-30.) (Mt 5:10-12. Ro 8:17, 18. 1 Pi 4:12, 13.) (Mt 13:40-43; 25:31-46.)  3  #    \n        Ép 1:15. Ph 1:3. Col 1:3. 1 Th 1:2.  Nous devons à votre sujet, frères, rendre continuellement grâces à Dieu, comme cela est juste, parce que votre foi fait de grands progrès, et que la charité de chacun de vous tous à l’égard des autres augmente de plus en plus. 4Aussi nous glorifions-nous #1 Th 2:19.de vous dans les Églises de Dieu, à cause de votre persévérance et de votre foi au milieu de toutes vos persécutions et des tribulations que vous avez à supporter. 5#Jud v. 6.C’est une preuve du juste jugement de Dieu, pour que vous soyez jugés dignes du royaume de Dieu, #1 Th 2:14.pour lequel vous souffrez. 6#Za 2:8.Car il est de la justice de Dieu de rendre l’affliction à ceux qui vous affligent, 7et de vous donner, à vous qui êtes affligés, du repos avec nous, #1 Th 4:16.lorsque le Seigneur Jésus apparaîtra du ciel avec les anges de sa puissance, 8#2 Pi 3:7.au milieu d’une flamme de feu, pour punir #Ro 2:8.ceux qui ne connaissent pas Dieu et ceux qui n’obéissent pas à l’Évangile de notre Seigneur Jésus. 9#És 2:19.Ils auront pour châtiment une ruine éternelle, loin de la face du Seigneur et de la gloire de sa force, 10#Ac 1:11. 1 Th 1:10. Ap 1:7.lorsqu’il viendra pour être, en ce jour-là, glorifié dans ses saints et admiré dans tous ceux qui auront cru, car notre témoignage auprès de vous a été cru.V. 11-12: cf. Col 1:9-12. Hé 13:20, 21.  11C’est pourquoi aussi nous prions continuellement pour vous, afin que notre Dieu vous juge dignes de la vocation, et qu’il accomplisse par sa puissance tous les desseins bienveillants de sa bonté, et l’œuvre de votre foi, 12pour que le nom de notre Seigneur Jésus soit glorifié en vous, et que vous soyez glorifiés en lui, selon la grâce de notre Dieu et du Seigneur Jésus-Christ."
      },
      {
        "book_name": "2 Thessalonicenzen",
        "book": 53,
        "chapter": 1,
        "verse": 1,
        "text": "Paul, et Silvain, et Timothée, à l’Église des Thessaloniciens, qui est en Dieu notre Père et en Jésus-Christ le Seigneur:"
      },
      {
        "book_name": "2 Thessalonicenzen",
        "book": 53,
        "chapter": 1,
        "verse": 2,
        "text": "#1 Co 1:3. 1 Th 1:1. 1 Pi 1:2.que la grâce et la paix vous soient données de la part de Dieu notre Père et du Seigneur Jésus-Christ!"
      },
      {
        "book_name": "2 Thessalonicenzen",
        "book": 53,
        "chapter": 1,
        "verse": 3,
        "text": "#    \n        Ép 1:15. Ph 1:3. Col 1:3. 1 Th 1:2.  Nous devons à votre sujet, frères, rendre continuellement grâces à Dieu, comme cela est juste, parce que votre foi fait de grands progrès, et que la charité de chacun de vous tous à l’égard des autres augmente de plus en plus."
      },
      {
        "book_name": "2 Thessalonicenzen",
        "book": 53,
        "chapter": 1,
        "verse": 4,
        "text": "Aussi nous glorifions-nous #1 Th 2:19.de vous dans les Églises de Dieu, à cause de votre persévérance et de votre foi au milieu de toutes vos persécutions et des tribulations que vous avez à supporter."
      },
      {
        "book_name": "2 Thessalonicenzen",
        "book": 53,
        "chapter": 1,
        "verse": 5,
        "text": "#Jud v. 6.C’est une preuve du juste jugement de Dieu, pour que vous soyez jugés dignes du royaume de Dieu, #1 Th 2:14.pour lequel vous souffrez."
      },
      {
        "book_name": "2 Thessalonicenzen",
        "book": 53,
        "chapter": 1,
        "verse": 6,
        "text": "#Za 2:8.Car il est de la justice de Dieu de rendre l’affliction à ceux qui vous affligent,"
      },
      {
        "book_name": "2 Thessalonicenzen",
        "book": 53,
        "chapter": 1,
        "verse": 7,
        "text": "et de vous donner, à vous qui êtes affligés, du repos avec nous, #1 Th 4:16.lorsque le Seigneur Jésus apparaîtra du ciel avec les anges de sa puissance,"
      },
      {
        "book_name": "2 Thessalonicenzen",
        "book": 53,
        "chapter": 1,
        "verse": 8,
        "text": "#2 Pi 3:7.au milieu d’une flamme de feu, pour punir #Ro 2:8.ceux qui ne connaissent pas Dieu et ceux qui n’obéissent pas à l’Évangile de notre Seigneur Jésus."
      },
      {
        "book_name": "2 Thessalonicenzen",
        "book": 53,
        "chapter": 1,
        "verse": 9,
        "text": "#És 2:19.Ils auront pour châtiment une ruine éternelle, loin de la face du Seigneur et de la gloire de sa force,"
      },
      {
        "book_name": "2 Thessalonicenzen",
        "book": 53,
        "chapter": 1,
        "verse": 10,
        "text": "#Ac 1:11. 1 Th 1:10. Ap 1:7.lorsqu’il viendra pour être, en ce jour-là, glorifié dans ses saints et admiré dans tous ceux qui auront cru, car notre témoignage auprès de vous a été cru."
      },
      {
        "book_name": "2 Thessalonicenzen",
        "book": 53,
        "chapter": 1,
        "verse": 11,
        "text": "C’est pourquoi aussi nous prions continuellement pour vous, afin que notre Dieu vous juge dignes de la vocation, et qu’il accomplisse par sa puissance tous les desseins bienveillants de sa bonté, et l’œuvre de votre foi,"
      },
      {
        "book_name": "2 Thessalonicenzen",
        "book": 53,
        "chapter": 1,
        "verse": 12,
        "text": "pour que le nom de notre Seigneur Jésus soit glorifié en vous, et que vous soyez glorifiés en lui, selon la grâce de notre Dieu et du Seigneur Jésus-Christ."
      }
    ],
    "2": [
      {
        "book_name": "2 Thessalonicenzen",
        "book": 53,
        "chapter": 2,
        "verse": 1,
        "text": "Sur l’avènement du SeigneurV. 1-12: cf. (1 Ti 4:1. 1 Jn 2:18; 4:1-3.) Ap 13; 17.  1Pour ce qui concerne l’avènement de notre Seigneur Jésus-Christ et notre réunion avec lui, nous vous prions, frères, 2#Jé 29:8. Mt 24:4. Ép 5:6. Col 2:18. 1 Jn 4:1.de ne pas vous laisser facilement ébranler dans votre bon sens, et de ne pas vous laisser troubler, soit par quelque inspiration, soit par quelque parole, ou par quelque lettre qu’on dirait venir de nous, comme si le jour du Seigneur était déjà là. 3Que personne ne vous séduise d’aucune manière; car il faut #Mt 24:23. 1 Ti 4:1. 1 Jn 2:18.que l’apostasie soit arrivée auparavant, et qu’on ait vu paraître l’homme du péché, le fils de la perdition, 4l’adversaire qui s’élève au-dessus de tout ce qu’on appelle Dieu ou de ce qu’on adore, jusqu’à s’asseoir dans le temple de Dieu, #Da 11:36.se proclamant lui-même Dieu. 5Ne vous souvenez-vous pas que je vous disais ces choses, lorsque j’étais encore chez vous? 6Et maintenant vous savez ce qui le retient, afin qu’il ne paraisse qu’en son temps. 7Car le mystère de l’iniquité agit déjà; il faut seulement que celui qui le retient encore ait disparu. 8Et alors paraîtra l’impie, #Job 4:9. És 11:4.que le Seigneur Jésus détruira par le souffle de sa bouche, et qu’il anéantira par l’éclat de son avènement. 9L’apparition de cet impie se fera, #Jn 8:41. 2 Co 4:4. Ép 2:2.par la puissance de Satan, #De 13:1. Ap 13:13.avec toutes sortes de miracles, de signes et de prodiges mensongers, 10et avec toutes les séductions de l’iniquité #2 Co 2:15; 4:3.pour ceux qui périssent parce qu’ils n’ont pas reçu l’amour de la vérité pour être sauvés. 11#Ro 1:24.Aussi Dieu leur envoie une puissance d’égarement, #1 Ti 4:1.pour qu’ils croient au mensonge, 12afin que tous ceux qui n’ont pas cru à la vérité, mais qui ont pris plaisir à l’injustice, soient condamnés.V. 13-17: cf. 1 Pi 1:2-9; 5:10, 11.  13Pour nous, frères bien-aimés du Seigneur, nous devons à votre sujet rendre continuellement grâces à Dieu, parce que Dieu vous a choisis dès le commencement pour le salut, par la sanctification de l’Esprit et par la foi en la vérité. 14C’est à quoi il vous a appelés par notre Évangile, pour que vous possédiez la gloire de notre Seigneur Jésus-Christ. 15Ainsi donc, frères, demeurez fermes, #2 Th 3:6.et retenez les instructions que vous avez reçues, soit par notre parole, soit par notre lettre. 16Que notre Seigneur Jésus-Christ lui-même, et Dieu notre Père, qui nous a aimés, et qui nous a donné par sa grâce une consolation éternelle et une bonne espérance, 17consolent vos cœurs, et vous #1 Th 3:13.affermissent en toute bonne œuvre et en toute bonne parole!"
      },
      {
        "book_name": "2 Thessalonicenzen",
        "book": 53,
        "chapter": 2,
        "verse": 1,
        "text": "Pour ce qui concerne l’avènement de notre Seigneur Jésus-Christ et notre réunion avec lui, nous vous prions, frères,"
      },
      {
        "book_name": "2 Thessalonicenzen",
        "book": 53,
        "chapter": 2,
        "verse": 2,
        "text": "#Jé 29:8. Mt 24:4. Ép 5:6. Col 2:18. 1 Jn 4:1.de ne pas vous laisser facilement ébranler dans votre bon sens, et de ne pas vous laisser troubler, soit par quelque inspiration, soit par quelque parole, ou par quelque lettre qu’on dirait venir de nous, comme si le jour du Seigneur était déjà là."
      },
      {
        "book_name": "2 Thessalonicenzen",
        "book": 53,
        "chapter": 2,
        "verse": 3,
        "text": "Que personne ne vous séduise d’aucune manière; car il faut #Mt 24:23. 1 Ti 4:1. 1 Jn 2:18.que l’apostasie soit arrivée auparavant, et qu’on ait vu paraître l’homme du péché, le fils de la perdition,"
      },
      {
        "book_name": "2 Thessalonicenzen",
        "book": 53,
        "chapter": 2,
        "verse": 4,
        "text": "l’adversaire qui s’élève au-dessus de tout ce qu’on appelle Dieu ou de ce qu’on adore, jusqu’à s’asseoir dans le temple de Dieu, #Da 11:36.se proclamant lui-même Dieu."
      },
      {
        "book_name": "2 Thessalonicenzen",
        "book": 53,
        "chapter": 2,
        "verse": 5,
        "text": "Ne vous souvenez-vous pas que je vous disais ces choses, lorsque j’étais encore chez vous?"
      },
      {
        "book_name": "2 Thessalonicenzen",
        "book": 53,
        "chapter": 2,
        "verse": 6,
        "text": "Et maintenant vous savez ce qui le retient, afin qu’il ne paraisse qu’en son temps."
      },
      {
        "book_name": "2 Thessalonicenzen",
        "book": 53,
        "chapter": 2,
        "verse": 7,
        "text": "Car le mystère de l’iniquité agit déjà; il faut seulement que celui qui le retient encore ait disparu."
      },
      {
        "book_name": "2 Thessalonicenzen",
        "book": 53,
        "chapter": 2,
        "verse": 8,
        "text": "Et alors paraîtra l’impie, #Job 4:9. És 11:4.que le Seigneur Jésus détruira par le souffle de sa bouche, et qu’il anéantira par l’éclat de son avènement."
      },
      {
        "book_name": "2 Thessalonicenzen",
        "book": 53,
        "chapter": 2,
        "verse": 9,
        "text": "L’apparition de cet impie se fera, #Jn 8:41. 2 Co 4:4. Ép 2:2.par la puissance de Satan, #De 13:1. Ap 13:13.avec toutes sortes de miracles, de signes et de prodiges mensongers,"
      },
      {
        "book_name": "2 Thessalonicenzen",
        "book": 53,
        "chapter": 2,
        "verse": 10,
        "text": "et avec toutes les séductions de l’iniquité #2 Co 2:15; 4:3.pour ceux qui périssent parce qu’ils n’ont pas reçu l’amour de la vérité pour être sauvés."
      },
      {
        "book_name": "2 Thessalonicenzen",
        "book": 53,
        "chapter": 2,
        "verse": 11,
        "text": "#Ro 1:24.Aussi Dieu leur envoie une puissance d’égarement, #1 Ti 4:1.pour qu’ils croient au mensonge,"
      },
      {
        "book_name": "2 Thessalonicenzen",
        "book": 53,
        "chapter": 2,
        "verse": 12,
        "text": "afin que tous ceux qui n’ont pas cru à la vérité, mais qui ont pris plaisir à l’injustice, soient condamnés."
      },
      {
        "book_name": "2 Thessalonicenzen",
        "book": 53,
        "chapter": 2,
        "verse": 13,
        "text": "Pour nous, frères bien-aimés du Seigneur, nous devons à votre sujet rendre continuellement grâces à Dieu, parce que Dieu vous a choisis dès le commencement pour le salut, par la sanctification de l’Esprit et par la foi en la vérité."
      },
      {
        "book_name": "2 Thessalonicenzen",
        "book": 53,
        "chapter": 2,
        "verse": 14,
        "text": "C’est à quoi il vous a appelés par notre Évangile, pour que vous possédiez la gloire de notre Seigneur Jésus-Christ."
      },
      {
        "book_name": "2 Thessalonicenzen",
        "book": 53,
        "chapter": 2,
        "verse": 15,
        "text": "Ainsi donc, frères, demeurez fermes, #2 Th 3:6.et retenez les instructions que vous avez reçues, soit par notre parole, soit par notre lettre."
      },
      {
        "book_name": "2 Thessalonicenzen",
        "book": 53,
        "chapter": 2,
        "verse": 16,
        "text": "Que notre Seigneur Jésus-Christ lui-même, et Dieu notre Père, qui nous a aimés, et qui nous a donné par sa grâce une consolation éternelle et une bonne espérance,"
      },
      {
        "book_name": "2 Thessalonicenzen",
        "book": 53,
        "chapter": 2,
        "verse": 17,
        "text": "consolent vos cœurs, et vous #1 Th 3:13.affermissent en toute bonne œuvre et en toute bonne parole!"
      }
    ],
    "3": [
      {
        "book_name": "2 Thessalonicenzen",
        "book": 53,
        "chapter": 3,
        "verse": 1,
        "text": "Exhortation à prier pour les progrès de l’Évangile, à s’éloigner de ceux qui vivent dans le désordre, et à travailler paisiblementV. 1-5: cf. (Col 4:3, 4. Ro 15:30-32.) 1 Co 1:8, 9. Ja 5:7, 8.  1Au reste, frères, #Mt 9:38. Ép 6:19. Col 4:3.priez pour nous, afin que la parole du Seigneur se répande et soit glorifiée comme elle l’est chez-vous, 2#Ro 15:31.et afin que nous soyons délivrés des hommes méchants et pervers; #Jn 6:44.car tous n’ont pas la foi. 3#1 Th 5:24.Le Seigneur est fidèle, il vous affermira #Jn 17:15.et vous préservera du malin. 4Nous avons à votre égard cette confiance dans le Seigneur que vous faites et que vous ferez les choses que nous recommandons. 5Que le Seigneur dirige vos cœurs vers l’amour de Dieu et vers la patience de Christ!V. 6-15: cf. 1 Th 2:9, 10; 4:1, 11, 12.  6  #    \n        1 Co 5:11. 2 Th 3:14. Tit 3:10.  nous vous recommandons, frères, au nom de notre Seigneur Jésus-Christ, de vous éloigner de tout frère qui vit dans le désordre, et non selon #2 Th 2:15.les instructions que vous avez reçues de nous. 7Vous savez vous-mêmes #1 Co 11:1. 1 Th 1:6, 7.comment il faut nous imiter, #1 Th 2:10.car nous n’avons pas vécu parmi vous dans le désordre. 8#Ac 18:3; 20:34. 1 Co 4:12. 2 Co 11:9; 12:13. 1 Th 2:9.Nous n’avons mangé gratuitement le pain de personne; mais, dans le travail et dans la peine, nous avons été nuit et jour à l’œuvre, pour n’être à charge à aucun de vous. 9#1 Co 9:3, 6. 1 Th 2:9.Ce n’est pas que nous n’en eussions le droit, mais nous avons voulu vous donner en nous-mêmes #1 Co 4:16; 11:1. Ph 3:17. 1 Th 1:6.un modèle à imiter. 10Car, lorsque nous étions chez vous, nous vous disions expressément: Si quelqu’un ne veut pas travailler, qu’il ne mange pas non plus. 11Nous apprenons, cependant, qu’il y en a parmi vous quelques-uns qui vivent dans le désordre, qui ne travaillent pas, mais qui s’occupent de futilités. 12#1 Th 4:11.Nous invitons ces gens-là, et nous les exhortons par le Seigneur Jésus-Christ, à manger leur propre pain, #Ép 4:28.en travaillant paisiblement. 13Pour vous, frères, #Ga 6:9.ne vous lassez pas de faire le bien. 14Et si quelqu’un n’obéit pas à ce que nous disons par cette lettre, notez-le, #Mt 18:17. 1 Co 5:9. 2 Th 3:6.et n’ayez point de communication avec lui, afin qu’il éprouve de la honte. 15Ne le regardez pas comme un ennemi, mais avertissez-le comme un frère.SalutationV. 16-18: cf. 2 Co 13:11-13.  16  #    \n        Ro 15:33; 16:20. 1 Co 14:33. 2 Co 13:11. Ph 4:9. 1 Th 5:23.  Que le Seigneur de la paix vous donne lui-même la paix en tout temps, de toute manière! Que le Seigneur soit avec vous tous! 17#1 Co 16:21. Col 4:18.Je vous salue, moi Paul, de ma propre main. C’est là ma signature dans toutes mes lettres; c’est ainsi que j’écris. 18Que la grâce de notre Seigneur Jésus-Christ soit avec vous tous!"
      },
      {
        "book_name": "2 Thessalonicenzen",
        "book": 53,
        "chapter": 3,
        "verse": 1,
        "text": "Au reste, frères, #Mt 9:38. Ép 6:19. Col 4:3.priez pour nous, afin que la parole du Seigneur se répande et soit glorifiée comme elle l’est chez-vous,"
      },
      {
        "book_name": "2 Thessalonicenzen",
        "book": 53,
        "chapter": 3,
        "verse": 2,
        "text": "#Ro 15:31.et afin que nous soyons délivrés des hommes méchants et pervers; #Jn 6:44.car tous n’ont pas la foi."
      },
      {
        "book_name": "2 Thessalonicenzen",
        "book": 53,
        "chapter": 3,
        "verse": 3,
        "text": "#1 Th 5:24.Le Seigneur est fidèle, il vous affermira #Jn 17:15.et vous préservera du malin."
      },
      {
        "book_name": "2 Thessalonicenzen",
        "book": 53,
        "chapter": 3,
        "verse": 4,
        "text": "Nous avons à votre égard cette confiance dans le Seigneur que vous faites et que vous ferez les choses que nous recommandons."
      },
      {
        "book_name": "2 Thessalonicenzen",
        "book": 53,
        "chapter": 3,
        "verse": 5,
        "text": "Que le Seigneur dirige vos cœurs vers l’amour de Dieu et vers la patience de Christ!"
      },
      {
        "book_name": "2 Thessalonicenzen",
        "book": 53,
        "chapter": 3,
        "verse": 6,
        "text": "#    \n        1 Co 5:11. 2 Th 3:14. Tit 3:10.  nous vous recommandons, frères, au nom de notre Seigneur Jésus-Christ, de vous éloigner de tout frère qui vit dans le désordre, et non selon #2 Th 2:15.les instructions que vous avez reçues de nous."
      },
      {
        "book_name": "2 Thessalonicenzen",
        "book": 53,
        "chapter": 3,
        "verse": 7,
        "text": "Vous savez vous-mêmes #1 Co 11:1. 1 Th 1:6, 7.comment il faut nous imiter, #1 Th 2:10.car nous n’avons pas vécu parmi vous dans le désordre."
      },
      {
        "book_name": "2 Thessalonicenzen",
        "book": 53,
        "chapter": 3,
        "verse": 8,
        "text": "#Ac 18:3; 20:34. 1 Co 4:12. 2 Co 11:9; 12:13. 1 Th 2:9.Nous n’avons mangé gratuitement le pain de personne; mais, dans le travail et dans la peine, nous avons été nuit et jour à l’œuvre, pour n’être à charge à aucun de vous."
      },
      {
        "book_name": "2 Thessalonicenzen",
        "book": 53,
        "chapter": 3,
        "verse": 9,
        "text": "#1 Co 9:3, 6. 1 Th 2:9.Ce n’est pas que nous n’en eussions le droit, mais nous avons voulu vous donner en nous-mêmes #1 Co 4:16; 11:1. Ph 3:17. 1 Th 1:6.un modèle à imiter."
      },
      {
        "book_name": "2 Thessalonicenzen",
        "book": 53,
        "chapter": 3,
        "verse": 10,
        "text": "Car, lorsque nous étions chez vous, nous vous disions expressément: Si quelqu’un ne veut pas travailler, qu’il ne mange pas non plus."
      },
      {
        "book_name": "2 Thessalonicenzen",
        "book": 53,
        "chapter": 3,
        "verse": 11,
        "text": "Nous apprenons, cependant, qu’il y en a parmi vous quelques-uns qui vivent dans le désordre, qui ne travaillent pas, mais qui s’occupent de futilités."
      },
      {
        "book_name": "2 Thessalonicenzen",
        "book": 53,
        "chapter": 3,
        "verse": 12,
        "text": "#1 Th 4:11.Nous invitons ces gens-là, et nous les exhortons par le Seigneur Jésus-Christ, à manger leur propre pain, #Ép 4:28.en travaillant paisiblement."
      },
      {
        "book_name": "2 Thessalonicenzen",
        "book": 53,
        "chapter": 3,
        "verse": 13,
        "text": "Pour vous, frères, #Ga 6:9.ne vous lassez pas de faire le bien."
      },
      {
        "book_name": "2 Thessalonicenzen",
        "book": 53,
        "chapter": 3,
        "verse": 14,
        "text": "Et si quelqu’un n’obéit pas à ce que nous disons par cette lettre, notez-le, #Mt 18:17. 1 Co 5:9. 2 Th 3:6.et n’ayez point de communication avec lui, afin qu’il éprouve de la honte."
      },
      {
        "book_name": "2 Thessalonicenzen",
        "book": 53,
        "chapter": 3,
        "verse": 15,
        "text": "Ne le regardez pas comme un ennemi, mais avertissez-le comme un frère."
      },
      {
        "book_name": "2 Thessalonicenzen",
        "book": 53,
        "chapter": 3,
        "verse": 16,
        "text": "#    \n        Ro 15:33; 16:20. 1 Co 14:33. 2 Co 13:11. Ph 4:9. 1 Th 5:23.  Que le Seigneur de la paix vous donne lui-même la paix en tout temps, de toute manière! Que le Seigneur soit avec vous tous!"
      },
      {
        "book_name": "2 Thessalonicenzen",
        "book": 53,
        "chapter": 3,
        "verse": 17,
        "text": "#1 Co 16:21. Col 4:18.Je vous salue, moi Paul, de ma propre main. C’est là ma signature dans toutes mes lettres; c’est ainsi que j’écris."
      },
      {
        "book_name": "2 Thessalonicenzen",
        "book": 53,
        "chapter": 3,
        "verse": 18,
        "text": "Que la grâce de notre Seigneur Jésus-Christ soit avec vous tous!"
      }
    ]
  }
}