{
  "source": "bible.com",
  "version": "Luis Segond (1910)",
  "book": "2 Timothy",
  "chapters": {
    "1": [
      {
        "book_name": "2 Timothy",
        "book": 55,
        "chapter": 1,
        "verse": 1,
        "text": "Adresse et salutationV. 1-2: cf. 1 Ti 1:1, 2.  1Paul, apôtre de Jésus-Christ, par la volonté de Dieu, pour annoncer la promesse de la vie qui est en Jésus-Christ, 2à Timothée, mon enfant bien-aimé: #Ga 1:3. 1 Ti 1:2. 1 Pi 1:2.que la grâce, la miséricorde et la paix te soient données de la part de Dieu le Père et de Jésus-Christ notre Seigneur!Affection de Paul pour Timothée. Exhortation à la fermeté dans la foi et à la constance dans les travaux du ministèreV. 3-14: cf. (Ac 16:1-3. 2 Ti 3:15.) (1 Ti 4:14. 2 Ti 2:1-12.) (Ép 1:3-7; 2:8, 9. 2 Th 2:13-15.)  3Je rends grâces à Dieu, #Ac 22:3. Ro 1:9.que mes ancêtres ont servi, et que je sers avec une conscience pure, #1 Th 1:2; 3:10.de ce que nuit et jour je me souviens continuellement de toi dans mes prières, 4me rappelant tes larmes, et désirant te voir afin d’être rempli de joie, 5gardant le souvenir de la foi sincère qui est en toi, qui habita d’abord dans ton aïeule Loïs et dans ta mère Eunice, et qui, j’en suis persuadé, habite aussi en toi. 6C’est pourquoi je t’exhorte à ranimer le don de Dieu #Ac 6:6; 8:17; 13:3; 19:6. 1 Ti 4:14; 5:22.que tu as reçu par l’imposition de mes mains. 7#Ro 8:15.Car ce n’est pas un esprit de timidité que Dieu nous a donné, mais un esprit de force, d’amour et de sagesse. 8#Ro 1:16.N’aie donc point honte du témoignage à rendre à notre Seigneur, ni de moi #Ac 21:33. Ép 3:1; 4:1. Col 4:18. Phm v. 1, 9, 13.son prisonnier. Mais souffre avec moi pour l’Évangile, par la puissance de Dieu 9qui nous a #Ép 1:3. Tit 3:4, 5, 6.sauvés, et nous a adressé une sainte vocation, non à cause de nos œuvres, mais selon son propre dessein, et selon la grâce qui nous a été donnée en Jésus-Christ avant les temps éternels, 10#Ro 16:25. Ép 1:9; 3:9. Col 1:26. Tit 1:2. 1 Pi 1:20.et qui a été manifestée maintenant par l’apparition de notre Sauveur Jésus-Christ, #És 25:8. Hé 2:14.qui a détruit la mort et a mis en évidence la vie et l’immortalité par l’Évangile. 11#Ac 9:15; 13:2; 22:21. Ga 1:15; 2:8. Ép 3:8. 1 Ti 2:7.C’est pour cet Évangile que j’ai été établi prédicateur et apôtre, chargé d’instruire les païens. 12Et c’est à cause de cela que je souffre ces choses; mais j’en ai point honte, car je sais en qui j’ai cru, et je suis persuadé qu’il a la puissance de garder mon dépôt jusqu’à ce jour-là. 13#2 Ti 3:14.Retiens dans la foi et dans la charité qui est en Jésus-Christ le modèle des saines paroles que tu as reçues de moi. 14Garde le bon dépôt, par le Saint-Esprit qui habite en nous.V. 15-18: cf. Mt 25:34-40.  15Tu sais #Ac 19:10.que tous ceux qui sont en Asie m’ont abandonné, entre autres Phygelle et Hermogène. 16Que le Seigneur répande sa miséricorde sur la maison #2 Ti 4:19.d’Onésiphore, car il m’a souvent consolé, et il n’a pas eu honte de mes chaînes; 17au contraire, lorsqu’il est venu à Rome, il m’a cherché avec beaucoup d’empressement, et il m’a trouvé. 18Que le Seigneur lui donne d’obtenir miséricorde auprès du Seigneur en ce jour-là. Tu sais mieux que personne combien de services il m’a rendus à Éphèse."
      },
      {
        "book_name": "2 Timothy",
        "book": 55,
        "chapter": 1,
        "verse": 1,
        "text": "Paul, apôtre de Jésus-Christ, par la volonté de Dieu, pour annoncer la promesse de la vie qui est en Jésus-Christ,"
      },
      {
        "book_name": "2 Timothy",
        "book": 55,
        "chapter": 1,
        "verse": 2,
        "text": "à Timothée, mon enfant bien-aimé: #Ga 1:3. 1 Ti 1:2. 1 Pi 1:2.que la grâce, la miséricorde et la paix te soient données de la part de Dieu le Père et de Jésus-Christ notre Seigneur!"
      },
      {
        "book_name": "2 Timothy",
        "book": 55,
        "chapter": 1,
        "verse": 3,
        "text": "Je rends grâces à Dieu, #Ac 22:3. Ro 1:9.que mes ancêtres ont servi, et que je sers avec une conscience pure, #1 Th 1:2; 3:10.de ce que nuit et jour je me souviens continuellement de toi dans mes prières,"
      },
      {
        "book_name": "2 Timothy",
        "book": 55,
        "chapter": 1,
        "verse": 4,
        "text": "me rappelant tes larmes, et désirant te voir afin d’être rempli de joie,"
      },
      {
        "book_name": "2 Timothy",
        "book": 55,
        "chapter": 1,
        "verse": 5,
        "text": "gardant le souvenir de la foi sincère qui est en toi, qui habita d’abord dans ton aïeule Loïs et dans ta mère Eunice, et qui, j’en suis persuadé, habite aussi en toi."
      },
      {
        "book_name": "2 Timothy",
        "book": 55,
        "chapter": 1,
        "verse": 6,
        "text": "C’est pourquoi je t’exhorte à ranimer le don de Dieu #Ac 6:6; 8:17; 13:3; 19:6. 1 Ti 4:14; 5:22.que tu as reçu par l’imposition de mes mains."
      },
      {
        "book_name": "2 Timothy",
        "book": 55,
        "chapter": 1,
        "verse": 7,
        "text": "#Ro 8:15.Car ce n’est pas un esprit de timidité que Dieu nous a donné, mais un esprit de force, d’amour et de sagesse."
      },
      {
        "book_name": "2 Timothy",
        "book": 55,
        "chapter": 1,
        "verse": 8,
        "text": "#Ro 1:16.N’aie donc point honte du témoignage à rendre à notre Seigneur, ni de moi #Ac 21:33. Ép 3:1; 4:1. Col 4:18. Phm v. 1, 9, 13.son prisonnier. Mais souffre avec moi pour l’Évangile, par la puissance de Dieu"
      },
      {
        "book_name": "2 Timothy",
        "book": 55,
        "chapter": 1,
        "verse": 9,
        "text": "qui nous a #Ép 1:3. Tit 3:4, 5, 6.sauvés, et nous a adressé une sainte vocation, non à cause de nos œuvres, mais selon son propre dessein, et selon la grâce qui nous a été donnée en Jésus-Christ avant les temps éternels,"
      },
      {
        "book_name": "2 Timothy",
        "book": 55,
        "chapter": 1,
        "verse": 10,
        "text": "#Ro 16:25. Ép 1:9; 3:9. Col 1:26. Tit 1:2. 1 Pi 1:20.et qui a été manifestée maintenant par l’apparition de notre Sauveur Jésus-Christ, #És 25:8. Hé 2:14.qui a détruit la mort et a mis en évidence la vie et l’immortalité par l’Évangile."
      },
      {
        "book_name": "2 Timothy",
        "book": 55,
        "chapter": 1,
        "verse": 11,
        "text": "#Ac 9:15; 13:2; 22:21. Ga 1:15; 2:8. Ép 3:8. 1 Ti 2:7.C’est pour cet Évangile que j’ai été établi prédicateur et apôtre, chargé d’instruire les païens."
      },
      {
        "book_name": "2 Timothy",
        "book": 55,
        "chapter": 1,
        "verse": 12,
        "text": "Et c’est à cause de cela que je souffre ces choses; mais j’en ai point honte, car je sais en qui j’ai cru, et je suis persuadé qu’il a la puissance de garder mon dépôt jusqu’à ce jour-là."
      },
      {
        "book_name": "2 Timothy",
        "book": 55,
        "chapter": 1,
        "verse": 13,
        "text": "#2 Ti 3:14.Retiens dans la foi et dans la charité qui est en Jésus-Christ le modèle des saines paroles que tu as reçues de moi."
      },
      {
        "book_name": "2 Timothy",
        "book": 55,
        "chapter": 1,
        "verse": 14,
        "text": "Garde le bon dépôt, par le Saint-Esprit qui habite en nous."
      },
      {
        "book_name": "2 Timothy",
        "book": 55,
        "chapter": 1,
        "verse": 15,
        "text": "Tu sais #Ac 19:10.que tous ceux qui sont en Asie m’ont abandonné, entre autres Phygelle et Hermogène."
      },
      {
        "book_name": "2 Timothy",
        "book": 55,
        "chapter": 1,
        "verse": 16,
        "text": "Que le Seigneur répande sa miséricorde sur la maison #2 Ti 4:19.d’Onésiphore, car il m’a souvent consolé, et il n’a pas eu honte de mes chaînes;"
      },
      {
        "book_name": "2 Timothy",
        "book": 55,
        "chapter": 1,
        "verse": 17,
        "text": "au contraire, lorsqu’il est venu à Rome, il m’a cherché avec beaucoup d’empressement, et il m’a trouvé."
      },
      {
        "book_name": "2 Timothy",
        "book": 55,
        "chapter": 1,
        "verse": 18,
        "text": "Que le Seigneur lui donne d’obtenir miséricorde auprès du Seigneur en ce jour-là. Tu sais mieux que personne combien de services il m’a rendus à Éphèse."
      }
    ],
    "2": [
      {
        "book_name": "2 Timothy",
        "book": 55,
        "chapter": 2,
        "verse": 1,
        "text": "V. 1-13: cf. 1 Co 9:24-27. (2 Ti 3:10-12; 4:5-8. Ap 2:10. Mt 10:32, 33.)  1Toi donc, mon enfant, fortifie-toi dans la grâce qui est en Jésus-Christ. 2Et ce que tu as entendu de moi en présence de beaucoup de témoins, #Tit 1:5.confie-le à des hommes fidèles, qui soient capables de l’enseigner aussi à d’autres. 3Souffre avec moi, comme un bon soldat de Jésus-Christ. 4#1 Co 9:25.Il n’est pas de soldat qui s’embarrasse des affaires de la vie, s’il veut plaire à celui qui l’a enrôlé; 5et l’athlète n’est pas couronné, s’il n’a combattu suivant les règles. 6#1 Co 9:10.Il faut que le laboureur travaille avant de recueillir les fruits. 7Comprends ce que je dis, car le Seigneur te donnera de l’intelligence en toutes choses. 8Souviens-toi de Jésus-Christ, #2 S 7:12. Ps 132:11. És 11:1. Mt 1:1. Ac 2:30; 13:23. Ro 1:3.issu de la postérité de David, ressuscité des morts, selon mon Évangile, 9#Ép 3:13. Col 1:24.pour lequel je souffre jusqu’à être #Ép 3:1; 4:1. Ph 1:7. Col 4:3, 18. 2 Ti 1:8.lié comme un malfaiteur. Mais la parole de Dieu n’est pas liée. 10C’est pourquoi je supporte tout à cause des élus, afin qu’eux aussi obtiennent le salut qui est en Jésus-Christ, avec la gloire éternelle. 11Cette parole est certaine: #Ro 6:8.Si nous sommes morts avec lui, nous vivrons aussi avec lui; 12#Ro 8:17. 2 Co 4:10. Ph 3:10. 1 Pi 4:13.si nous persévérons, nous régnerons aussi avec lui; #Mt 10:33. Mc 8:38. Lu 9:26; 12:9.si nous le renions, lui aussi nous reniera; 13#No 23:19. Ro 3:3; 9:6.si nous sommes infidèles, il demeure fidèle, car il ne peut se renier lui-même.Conduite à tenir à l’égard de ceux qui s’écartent de la saine doctrine et de la pureté chrétienneV. 14-21: cf. (1 Ti 1:3-7, 18-20; 6:20, 21.) Tit 2:1, 11-15.  14Rappelle ces choses, en conjurant devant Dieu qu’on évite les disputes de mots, qui ne servent qu’à la ruine de ceux qui écoutent. 15Efforce-toi de te présenter devant Dieu comme un homme éprouvé, un ouvrier qui n’a point à rougir, qui dispense droitement la parole de la vérité. 16#1 Ti 1:4; 4:7; 6:20. Tit 1:14; 3:9.Évite les discours vains et profanes; car ceux qui les tiennent avanceront toujours plus dans l’impiété, et leur parole rongera comme la gangrène. 17De ce nombre sont Hyménée et Philète, 18qui se sont détournés de la vérité, disant que la résurrection est déjà arrivée, et qui renversent la foi de quelques uns. 19Néanmoins, le solide fondement de Dieu reste debout, avec ces paroles qui lui servent de sceau: #Jn 10:14.Le Seigneur connaît ceux qui lui appartiennent; et: Quiconque prononce le nom du Seigneur, qu’il s’éloigne de l’iniquité. 20#Ro 9:21.Dans une grande maison, il n’y a pas seulement des vases d’or et d’argent, mais il y en a aussi de bois et de terre; les uns sont des vases d’honneur, et les autres sont d’un usage vil. 21Si donc quelqu’un se conserve pur, en s’abstenant de ces choses, il sera un vase d’honneur, sanctifié, utile à son maître, propre à toute bonne œuvre.V. 22-26: cf. Tit 1:7-9. Ja 5:19, 20.  22  #    \n        1 Ti 6:11.  Fuis les passions de la jeunesse, et recherche la justice, la foi, la charité, la paix, avec ceux qui invoquent le Seigneur d’un cœur pur. 23#1 Ti 1:4; 6:4. Tit 3:9.Repousse les discussions folles et inutiles, sachant qu’elles font naître des querelles. 24Or, il ne faut pas qu’un serviteur du Seigneur ait des querelles; il doit, au contraire, avoir de la condescendance pour tous, #1 Ti 3:2.être propre à enseigner, doué de patience; 25#Ga 6:1.il doit redresser avec douceur les adversaires, dans l’espérance que Dieu leur donnera la repentance pour arriver à la connaissance de la vérité, 26et que, revenus à leur bon sens, ils se dégageront des pièges du diable, qui s’est emparé d’eux pour les soumettre à sa volonté."
      },
      {
        "book_name": "2 Timothy",
        "book": 55,
        "chapter": 2,
        "verse": 1,
        "text": "Toi donc, mon enfant, fortifie-toi dans la grâce qui est en Jésus-Christ."
      },
      {
        "book_name": "2 Timothy",
        "book": 55,
        "chapter": 2,
        "verse": 2,
        "text": "Et ce que tu as entendu de moi en présence de beaucoup de témoins, #Tit 1:5.confie-le à des hommes fidèles, qui soient capables de l’enseigner aussi à d’autres."
      },
      {
        "book_name": "2 Timothy",
        "book": 55,
        "chapter": 2,
        "verse": 3,
        "text": "Souffre avec moi, comme un bon soldat de Jésus-Christ."
      },
      {
        "book_name": "2 Timothy",
        "book": 55,
        "chapter": 2,
        "verse": 4,
        "text": "#1 Co 9:25.Il n’est pas de soldat qui s’embarrasse des affaires de la vie, s’il veut plaire à celui qui l’a enrôlé;"
      },
      {
        "book_name": "2 Timothy",
        "book": 55,
        "chapter": 2,
        "verse": 5,
        "text": "et l’athlète n’est pas couronné, s’il n’a combattu suivant les règles."
      },
      {
        "book_name": "2 Timothy",
        "book": 55,
        "chapter": 2,
        "verse": 6,
        "text": "#1 Co 9:10.Il faut que le laboureur travaille avant de recueillir les fruits."
      },
      {
        "book_name": "2 Timothy",
        "book": 55,
        "chapter": 2,
        "verse": 7,
        "text": "Comprends ce que je dis, car le Seigneur te donnera de l’intelligence en toutes choses."
      },
      {
        "book_name": "2 Timothy",
        "book": 55,
        "chapter": 2,
        "verse": 8,
        "text": "Souviens-toi de Jésus-Christ, #2 S 7:12. Ps 132:11. És 11:1. Mt 1:1. Ac 2:30; 13:23. Ro 1:3.issu de la postérité de David, ressuscité des morts, selon mon Évangile,"
      },
      {
        "book_name": "2 Timothy",
        "book": 55,
        "chapter": 2,
        "verse": 9,
        "text": "#Ép 3:13. Col 1:24.pour lequel je souffre jusqu’à être #Ép 3:1; 4:1. Ph 1:7. Col 4:3, 18. 2 Ti 1:8.lié comme un malfaiteur. Mais la parole de Dieu n’est pas liée."
      },
      {
        "book_name": "2 Timothy",
        "book": 55,
        "chapter": 2,
        "verse": 10,
        "text": "C’est pourquoi je supporte tout à cause des élus, afin qu’eux aussi obtiennent le salut qui est en Jésus-Christ, avec la gloire éternelle."
      },
      {
        "book_name": "2 Timothy",
        "book": 55,
        "chapter": 2,
        "verse": 11,
        "text": "Cette parole est certaine: #Ro 6:8.Si nous sommes morts avec lui, nous vivrons aussi avec lui;"
      },
      {
        "book_name": "2 Timothy",
        "book": 55,
        "chapter": 2,
        "verse": 12,
        "text": "#Ro 8:17. 2 Co 4:10. Ph 3:10. 1 Pi 4:13.si nous persévérons, nous régnerons aussi avec lui; #Mt 10:33. Mc 8:38. Lu 9:26; 12:9.si nous le renions, lui aussi nous reniera;"
      },
      {
        "book_name": "2 Timothy",
        "book": 55,
        "chapter": 2,
        "verse": 13,
        "text": "#No 23:19. Ro 3:3; 9:6.si nous sommes infidèles, il demeure fidèle, car il ne peut se renier lui-même."
      },
      {
        "book_name": "2 Timothy",
        "book": 55,
        "chapter": 2,
        "verse": 14,
        "text": "Rappelle ces choses, en conjurant devant Dieu qu’on évite les disputes de mots, qui ne servent qu’à la ruine de ceux qui écoutent."
      },
      {
        "book_name": "2 Timothy",
        "book": 55,
        "chapter": 2,
        "verse": 15,
        "text": "Efforce-toi de te présenter devant Dieu comme un homme éprouvé, un ouvrier qui n’a point à rougir, qui dispense droitement la parole de la vérité."
      },
      {
        "book_name": "2 Timothy",
        "book": 55,
        "chapter": 2,
        "verse": 16,
        "text": "#1 Ti 1:4; 4:7; 6:20. Tit 1:14; 3:9.Évite les discours vains et profanes; car ceux qui les tiennent avanceront toujours plus dans l’impiété, et leur parole rongera comme la gangrène."
      },
      {
        "book_name": "2 Timothy",
        "book": 55,
        "chapter": 2,
        "verse": 17,
        "text": "De ce nombre sont Hyménée et Philète,"
      },
      {
        "book_name": "2 Timothy",
        "book": 55,
        "chapter": 2,
        "verse": 18,
        "text": "qui se sont détournés de la vérité, disant que la résurrection est déjà arrivée, et qui renversent la foi de quelques uns."
      },
      {
        "book_name": "2 Timothy",
        "book": 55,
        "chapter": 2,
        "verse": 19,
        "text": "Néanmoins, le solide fondement de Dieu reste debout, avec ces paroles qui lui servent de sceau: #Jn 10:14.Le Seigneur connaît ceux qui lui appartiennent; et: Quiconque prononce le nom du Seigneur, qu’il s’éloigne de l’iniquité."
      },
      {
        "book_name": "2 Timothy",
        "book": 55,
        "chapter": 2,
        "verse": 20,
        "text": "#Ro 9:21.Dans une grande maison, il n’y a pas seulement des vases d’or et d’argent, mais il y en a aussi de bois et de terre; les uns sont des vases d’honneur, et les autres sont d’un usage vil."
      },
      {
        "book_name": "2 Timothy",
        "book": 55,
        "chapter": 2,
        "verse": 21,
        "text": "Si donc quelqu’un se conserve pur, en s’abstenant de ces choses, il sera un vase d’honneur, sanctifié, utile à son maître, propre à toute bonne œuvre."
      },
      {
        "book_name": "2 Timothy",
        "book": 55,
        "chapter": 2,
        "verse": 22,
        "text": "#    \n        1 Ti 6:11.  Fuis les passions de la jeunesse, et recherche la justice, la foi, la charité, la paix, avec ceux qui invoquent le Seigneur d’un cœur pur."
      },
      {
        "book_name": "2 Timothy",
        "book": 55,
        "chapter": 2,
        "verse": 23,
        "text": "#1 Ti 1:4; 6:4. Tit 3:9.Repousse les discussions folles et inutiles, sachant qu’elles font naître des querelles."
      },
      {
        "book_name": "2 Timothy",
        "book": 55,
        "chapter": 2,
        "verse": 24,
        "text": "Or, il ne faut pas qu’un serviteur du Seigneur ait des querelles; il doit, au contraire, avoir de la condescendance pour tous, #1 Ti 3:2.être propre à enseigner, doué de patience;"
      },
      {
        "book_name": "2 Timothy",
        "book": 55,
        "chapter": 2,
        "verse": 25,
        "text": "#Ga 6:1.il doit redresser avec douceur les adversaires, dans l’espérance que Dieu leur donnera la repentance pour arriver à la connaissance de la vérité,"
      },
      {
        "book_name": "2 Timothy",
        "book": 55,
        "chapter": 2,
        "verse": 26,
        "text": "et que, revenus à leur bon sens, ils se dégageront des pièges du diable, qui s’est emparé d’eux pour les soumettre à sa volonté."
      }
    ],
    "3": [
      {
        "book_name": "2 Timothy",
        "book": 55,
        "chapter": 3,
        "verse": 1,
        "text": "V. 1-9: cf. (2 Pi 2:1-22. Jud 3, etc. Tit 1:10-16.)  1  #    \n        1 Ti 4:1. 2 Pi 2:3. Jud v. 18.  Sache que, dans les derniers jours, il y aura des temps difficiles. 2Car les hommes seront égoïstes, amis de l’argent, fanfarons, hautains, blasphémateurs, rebelles à leurs parents, ingrats, irréligieux, 3insensibles, déloyaux, calomniateurs, intempérants, cruels, ennemis des gens de bien, 4traîtres, emportés, enflés d’orgueil, aimant le plaisir plus que Dieu, 5ayant l’apparence de la piété, mais reniant ce qui en fait la force. #Mt 18:17. Ro 16:17. 2 Th 3:6. Tit 3:10. 2 Jn v. 10.Éloigne-toi de ces hommes-là. 6#Mt 23:14. Tit 1:11.Il en est parmi eux qui s’introduisent dans les maisons, et qui captivent des femmes d’un esprit faible et borné, chargées de péchés, agitées par des passions de toute espèce, 7apprenant toujours et ne pouvant jamais arriver à la connaissance de la vérité. 8#Ex 7:11.De même que Jannès et Jambrès s’opposèrent à Moïse, de même ces hommes s’opposent à la vérité, étant corrompus d’entendement, réprouvés en ce qui concerne la foi. 9Mais ils ne feront pas de plus grands progrès; car leur folie sera manifeste pour tous, comme le fut celle de ces deux hommes.V. 10-17: cf. 2 Co 6:3-10. (Ac 13:50; 14:1-22.) 2 Ti 1:13. 2 Pi 1:19-21.  10Pour toi, tu as suivi de près mon enseignement, ma conduite, mes résolutions, ma foi, ma douceur, ma charité, ma constance, 11#Ac 13:50.mes persécutions, mes souffrances. A quelles souffrances n’ai-je pas été exposé à Antioche, à #Ac 14:2.Icone, à #Ac 14:19.Lystre? Quelles persécutions n’ai-je pas supportées? #Ps 34:20. 2 Co 1:10.Et le Seigneur m’a délivré de toutes. 12#Mt 16:24. Lu 24:26. Jn 17:14. Ac 14:22. 1 Th 3:3.Or, tous ceux qui veulent vivre pieusement en Jésus-Christ seront persécutés. 13Mais les hommes méchants et imposteurs avanceront toujours plus dans le mal, égarant les autres et égarés eux-mêmes. 14Toi, demeure dans les choses que tu as apprises, et reconnues certaines, sachant de qui tu les as apprises; 15dès ton enfance, tu connais les saintes lettres, qui peuvent te rendre sage à salut par la foi en Jésus-Christ. 16#2 Pi 1:20.Toute Écriture est inspirée de Dieu, et utile pour enseigner, pour convaincre, pour corriger, pour instruire dans la justice, 17afin que l’homme de Dieu soit accompli et propre à toute bonne œuvre."
      },
      {
        "book_name": "2 Timothy",
        "book": 55,
        "chapter": 3,
        "verse": 1,
        "text": "#    \n        1 Ti 4:1. 2 Pi 2:3. Jud v. 18.  Sache que, dans les derniers jours, il y aura des temps difficiles."
      },
      {
        "book_name": "2 Timothy",
        "book": 55,
        "chapter": 3,
        "verse": 2,
        "text": "Car les hommes seront égoïstes, amis de l’argent, fanfarons, hautains, blasphémateurs, rebelles à leurs parents, ingrats, irréligieux,"
      },
      {
        "book_name": "2 Timothy",
        "book": 55,
        "chapter": 3,
        "verse": 3,
        "text": "insensibles, déloyaux, calomniateurs, intempérants, cruels, ennemis des gens de bien,"
      },
      {
        "book_name": "2 Timothy",
        "book": 55,
        "chapter": 3,
        "verse": 4,
        "text": "traîtres, emportés, enflés d’orgueil, aimant le plaisir plus que Dieu,"
      },
      {
        "book_name": "2 Timothy",
        "book": 55,
        "chapter": 3,
        "verse": 5,
        "text": "ayant l’apparence de la piété, mais reniant ce qui en fait la force. #Mt 18:17. Ro 16:17. 2 Th 3:6. Tit 3:10. 2 Jn v. 10.Éloigne-toi de ces hommes-là."
      },
      {
        "book_name": "2 Timothy",
        "book": 55,
        "chapter": 3,
        "verse": 6,
        "text": "#Mt 23:14. Tit 1:11.Il en est parmi eux qui s’introduisent dans les maisons, et qui captivent des femmes d’un esprit faible et borné, chargées de péchés, agitées par des passions de toute espèce,"
      },
      {
        "book_name": "2 Timothy",
        "book": 55,
        "chapter": 3,
        "verse": 7,
        "text": "apprenant toujours et ne pouvant jamais arriver à la connaissance de la vérité."
      },
      {
        "book_name": "2 Timothy",
        "book": 55,
        "chapter": 3,
        "verse": 8,
        "text": "#Ex 7:11.De même que Jannès et Jambrès s’opposèrent à Moïse, de même ces hommes s’opposent à la vérité, étant corrompus d’entendement, réprouvés en ce qui concerne la foi."
      },
      {
        "book_name": "2 Timothy",
        "book": 55,
        "chapter": 3,
        "verse": 9,
        "text": "Mais ils ne feront pas de plus grands progrès; car leur folie sera manifeste pour tous, comme le fut celle de ces deux hommes."
      },
      {
        "book_name": "2 Timothy",
        "book": 55,
        "chapter": 3,
        "verse": 10,
        "text": "Pour toi, tu as suivi de près mon enseignement, ma conduite, mes résolutions, ma foi, ma douceur, ma charité, ma constance,"
      },
      {
        "book_name": "2 Timothy",
        "book": 55,
        "chapter": 3,
        "verse": 11,
        "text": "#Ac 13:50.mes persécutions, mes souffrances. A quelles souffrances n’ai-je pas été exposé à Antioche, à #Ac 14:2.Icone, à #Ac 14:19.Lystre? Quelles persécutions n’ai-je pas supportées? #Ps 34:20. 2 Co 1:10.Et le Seigneur m’a délivré de toutes."
      },
      {
        "book_name": "2 Timothy",
        "book": 55,
        "chapter": 3,
        "verse": 12,
        "text": "#Mt 16:24. Lu 24:26. Jn 17:14. Ac 14:22. 1 Th 3:3.Or, tous ceux qui veulent vivre pieusement en Jésus-Christ seront persécutés."
      },
      {
        "book_name": "2 Timothy",
        "book": 55,
        "chapter": 3,
        "verse": 13,
        "text": "Mais les hommes méchants et imposteurs avanceront toujours plus dans le mal, égarant les autres et égarés eux-mêmes."
      },
      {
        "book_name": "2 Timothy",
        "book": 55,
        "chapter": 3,
        "verse": 14,
        "text": "Toi, demeure dans les choses que tu as apprises, et reconnues certaines, sachant de qui tu les as apprises;"
      },
      {
        "book_name": "2 Timothy",
        "book": 55,
        "chapter": 3,
        "verse": 15,
        "text": "dès ton enfance, tu connais les saintes lettres, qui peuvent te rendre sage à salut par la foi en Jésus-Christ."
      },
      {
        "book_name": "2 Timothy",
        "book": 55,
        "chapter": 3,
        "verse": 16,
        "text": "#2 Pi 1:20.Toute Écriture est inspirée de Dieu, et utile pour enseigner, pour convaincre, pour corriger, pour instruire dans la justice,"
      },
      {
        "book_name": "2 Timothy",
        "book": 55,
        "chapter": 3,
        "verse": 17,
        "text": "afin que l’homme de Dieu soit accompli et propre à toute bonne œuvre."
      }
    ],
    "4": [
      {
        "book_name": "2 Timothy",
        "book": 55,
        "chapter": 4,
        "verse": 1,
        "text": "V. 1-5: cf. Ac 20:28-31. (2 Ti 2:3-7. 1 Pi 5:1-4.)  1  #    \n        Ro 1:9; 9:1. 2 Co 1:23; 11:31. Ga 1:20. Ph 1:8. 1 Th 2:5. 1 Ti 5:21; 6:13.  Je t’en conjure devant Dieu et devant Jésus-Christ, qui doit juger les vivants et les morts, et au nom de son apparition et de son royaume, 2prêche la parole, insiste en toute occasion, favorable ou non, reprends, censure, exhorte, avec toute douceur et en instruisant. 3Car il viendra un temps où les hommes ne supporteront pas la saine doctrine; mais, ayant la démangeaison d’entendre des choses agréables, ils se donneront une foule de docteurs selon leurs propres désirs, 4détourneront l’oreille de la vérité, et se tourneront vers les fables. 5Mais toi, sois sobre en toutes choses, supporte les souffrances, fais l’œuvre d’un évangéliste, remplis bien ton ministère.Pensées de Paul à la perspective de sa mort prochaine. Timothée invité à se rendre auprès de lui. Communications sur diverses personnesV. 6-18: cf. Ph 1:20-23. 1 Jn 2:28. (1 Ti 1:19, 20. Hé 10:26, 27.) (Mt 10:18-20. Jé 15:20, 21. Jud v. 24, 25.)  6  #    \n        2 Pi 1:14.  Car pour moi, je sers déjà de libation, et le moment de mon départ approche. 7J’ai combattu le bon combat, j’ai achevé la course, j’ai gardé la foi. 8#1 Co 9:25. 1 Pi 5:4.Désormais la couronne de justice m’est réservée; le Seigneur, le juste juge, me la donnera dans ce jour-là, et non seulement à moi, mais encore à tous ceux qui auront aimé son avènement. 9Viens au plus tôt vers moi; 10car #Col 4:14. Phm v. 24.Démas m’a abandonné, par amour pour le siècle présent, et il est parti pour Thessalonique; Crescens est allé en Galatie, Tite en Dalmatie. 11#Col 4:14.Luc seul est avec moi. Prends #Ac 15:37. Col 4:10. Phm v. 24.Marc, et amène-le avec toi, car il m’est utile pour le ministère. 12#Ac 20:4. Col 4:7.J’ai envoyé Tychique à Éphèse. 13Quand tu viendras, apporte le manteau que j’ai laissé à Troas chez Carpus, et les livres, surtout les parchemins. 14#1 Ti 1:20.Alexandre, le forgeron, m’a fait beaucoup de mal. Le Seigneur lui rendra selon ses œuvres. 15Garde-toi aussi de lui, car il s’est fortement opposé à nos paroles. 16Dans ma première défense, personne ne m’a assisté, mais tous m’ont abandonné. Que cela ne leur soit point imputé! 17C’est le Seigneur qui m’a assisté et qui m’a fortifié, afin que la prédication fût accomplie par moi et que tous les païens l’entendissent. Et j’ai été délivré de la gueule du lion. 18Le Seigneur me délivrera de toute œuvre mauvaise, et il me sauvera pour me faire entrer dans son royaume céleste. A lui soit la gloire aux siècles des siècles! Amen!SalutationsV. 19-22: cf. Ro 16:3, 4. 2 Ti 1:16-18.  19Salue #Ac 18:2. Ro 16:3.Prisca et Aquilas, et la famille d’Onésiphore. 20Éraste est resté à Corinthe, et j’ai laissé Trophime malade à Milet. 21Tâche de venir avant l’hiver. Eubulus, Pudens, Linus, Claudia, et tous les frères te saluent. 22Que le Seigneur soit avec ton esprit! Que la grâce soit avec vous!"
      },
      {
        "book_name": "2 Timothy",
        "book": 55,
        "chapter": 4,
        "verse": 1,
        "text": "#    \n        Ro 1:9; 9:1. 2 Co 1:23; 11:31. Ga 1:20. Ph 1:8. 1 Th 2:5. 1 Ti 5:21; 6:13.  Je t’en conjure devant Dieu et devant Jésus-Christ, qui doit juger les vivants et les morts, et au nom de son apparition et de son royaume,"
      },
      {
        "book_name": "2 Timothy",
        "book": 55,
        "chapter": 4,
        "verse": 2,
        "text": "prêche la parole, insiste en toute occasion, favorable ou non, reprends, censure, exhorte, avec toute douceur et en instruisant."
      },
      {
        "book_name": "2 Timothy",
        "book": 55,
        "chapter": 4,
        "verse": 3,
        "text": "Car il viendra un temps où les hommes ne supporteront pas la saine doctrine; mais, ayant la démangeaison d’entendre des choses agréables, ils se donneront une foule de docteurs selon leurs propres désirs,"
      },
      {
        "book_name": "2 Timothy",
        "book": 55,
        "chapter": 4,
        "verse": 4,
        "text": "détourneront l’oreille de la vérité, et se tourneront vers les fables."
      },
      {
        "book_name": "2 Timothy",
        "book": 55,
        "chapter": 4,
        "verse": 5,
        "text": "Mais toi, sois sobre en toutes choses, supporte les souffrances, fais l’œuvre d’un évangéliste, remplis bien ton ministère."
      },
      {
        "book_name": "2 Timothy",
        "book": 55,
        "chapter": 4,
        "verse": 6,
        "text": "#    \n        2 Pi 1:14.  Car pour moi, je sers déjà de libation, et le moment de mon départ approche."
      },
      {
        "book_name": "2 Timothy",
        "book": 55,
        "chapter": 4,
        "verse": 7,
        "text": "J’ai combattu le bon combat, j’ai achevé la course, j’ai gardé la foi."
      },
      {
        "book_name": "2 Timothy",
        "book": 55,
        "chapter": 4,
        "verse": 8,
        "text": "#1 Co 9:25. 1 Pi 5:4.Désormais la couronne de justice m’est réservée; le Seigneur, le juste juge, me la donnera dans ce jour-là, et non seulement à moi, mais encore à tous ceux qui auront aimé son avènement."
      },
      {
        "book_name": "2 Timothy",
        "book": 55,
        "chapter": 4,
        "verse": 9,
        "text": "Viens au plus tôt vers moi;"
      },
      {
        "book_name": "2 Timothy",
        "book": 55,
        "chapter": 4,
        "verse": 10,
        "text": "car #Col 4:14. Phm v. 24.Démas m’a abandonné, par amour pour le siècle présent, et il est parti pour Thessalonique; Crescens est allé en Galatie, Tite en Dalmatie."
      },
      {
        "book_name": "2 Timothy",
        "book": 55,
        "chapter": 4,
        "verse": 11,
        "text": "#Col 4:14.Luc seul est avec moi. Prends #Ac 15:37. Col 4:10. Phm v. 24.Marc, et amène-le avec toi, car il m’est utile pour le ministère."
      },
      {
        "book_name": "2 Timothy",
        "book": 55,
        "chapter": 4,
        "verse": 12,
        "text": "#Ac 20:4. Col 4:7.J’ai envoyé Tychique à Éphèse."
      },
      {
        "book_name": "2 Timothy",
        "book": 55,
        "chapter": 4,
        "verse": 13,
        "text": "Quand tu viendras, apporte le manteau que j’ai laissé à Troas chez Carpus, et les livres, surtout les parchemins."
      },
      {
        "book_name": "2 Timothy",
        "book": 55,
        "chapter": 4,
        "verse": 14,
        "text": "#1 Ti 1:20.Alexandre, le forgeron, m’a fait beaucoup de mal. Le Seigneur lui rendra selon ses œuvres."
      },
      {
        "book_name": "2 Timothy",
        "book": 55,
        "chapter": 4,
        "verse": 15,
        "text": "Garde-toi aussi de lui, car il s’est fortement opposé à nos paroles."
      },
      {
        "book_name": "2 Timothy",
        "book": 55,
        "chapter": 4,
        "verse": 16,
        "text": "Dans ma première défense, personne ne m’a assisté, mais tous m’ont abandonné. Que cela ne leur soit point imputé!"
      },
      {
        "book_name": "2 Timothy",
        "book": 55,
        "chapter": 4,
        "verse": 17,
        "text": "C’est le Seigneur qui m’a assisté et qui m’a fortifié, afin que la prédication fût accomplie par moi et que tous les païens l’entendissent. Et j’ai été délivré de la gueule du lion."
      },
      {
        "book_name": "2 Timothy",
        "book": 55,
        "chapter": 4,
        "verse": 18,
        "text": "Le Seigneur me délivrera de toute œuvre mauvaise, et il me sauvera pour me faire entrer dans son royaume céleste. A lui soit la gloire aux siècles des siècles! Amen!"
      },
      {
        "book_name": "2 Timothy",
        "book": 55,
        "chapter": 4,
        "verse": 19,
        "text": "Salue #Ac 18:2. Ro 16:3.Prisca et Aquilas, et la famille d’Onésiphore."
      },
      {
        "book_name": "2 Timothy",
        "book": 55,
        "chapter": 4,
        "verse": 20,
        "text": "Éraste est resté à Corinthe, et j’ai laissé Trophime malade à Milet."
      },
      {
        "book_name": "2 Timothy",
        "book": 55,
        "chapter": 4,
        "verse": 21,
        "text": "Tâche de venir avant l’hiver. Eubulus, Pudens, Linus, Claudia, et tous les frères te saluent."
      },
      {
        "book_name": "2 Timothy",
        "book": 55,
        "chapter": 4,
        "verse": 22,
        "text": "Que le Seigneur soit avec ton esprit! Que la grâce soit avec vous!"
      }
    ]
  }
}