{
  "source": "bible.com",
  "version": "Luis Segond (1910)",
  "book": "3 Johannes",
  "chapters": {
    "1": [
      {
        "book_name": "3 Johannes",
        "book": 64,
        "chapter": 1,
        "verse": 1,
        "text": "Adresse et salutation. Éloge de GaïusV. 1-8: cf. Phm 1-7. Mt 10:40-42.  1L’ancien, à Gaïus, le bien-aimé, que j’aime dans la vérité. 2Bien-aimé, je souhaite que tu prospères à tous égards et sois en bonne santé, comme prospère l’état de ton âme. 3J’ai été fort réjoui, lorsque des frères sont arrivés et ont rendu témoignage de la vérité qui est en toi, de la manière dont tu marches dans la vérité. 4Je n’ai pas de plus grande joie que d’apprendre que mes enfants marchent dans la vérité. 5Bien-aimé, tu agis fidèlement dans ce que tu fais pour les frères, et même pour des frères étrangers, 6lesquels ont rendu témoignage de ta charité, en présence de l’Église. Tu feras bien de pourvoir à leur voyage d’une manière digne de Dieu. 7Car c’est pour le nom de Jésus-Christ qu’ils sont partis, sans rien recevoir des païens. 8Nous devons donc accueillir de tels hommes, afin d’être ouvriers avec eux pour la vérité.Plainte contre DiotrèpheV. 9-11: cf. Lu 20:46, 47. Ph 2:3. 1 Pi 5:3. 1 Co 4:18-21.  9J’ai écrit quelques mots à l’Église; mais Diotrèphe, qui aime à être le premier parmi eux, ne nous reçoit point. 10C’est pourquoi, si je vais vous voir, je rappellerai les actes qu’il commet, en tenant contre nous de méchants propos; non content de cela, il ne reçoit pas les frères, et ceux qui voudraient le faire, il les en empêche et les chasse de l’Église. 11Bien-aimé, #Ps 37:17. És 1:16. 1 Pi 3:11.n’imite pas le mal, mais le bien. Celui qui fait le bien est de Dieu; celui qui fait le mal #1 Jn 3:6.n’a point vu Dieu.Éloge de Démétrius. SalutationsV. 12-15: cf. Pr 22:1. 1 Pi 2:12.  12Tous, et la vérité elle-même, rendent un bon témoignage à Démétrius; nous aussi, nous lui rendons témoignage, et tu sais que notre témoignage est vrai. 13#2 Jn v. 12.J’aurais beaucoup de choses à t’écrire, mais je ne veux pas le faire avec l’encre et la plume. 14J’espère te voir bientôt, et nous parlerons de bouche à bouche. 15Que la paix soit avec toi! Les amis te saluent. Salue les amis, chacun en particulier."
      },
      {
        "book_name": "3 Johannes",
        "book": 64,
        "chapter": 1,
        "verse": 1,
        "text": "L’ancien, à Gaïus, le bien-aimé, que j’aime dans la vérité."
      },
      {
        "book_name": "3 Johannes",
        "book": 64,
        "chapter": 1,
        "verse": 2,
        "text": "Bien-aimé, je souhaite que tu prospères à tous égards et sois en bonne santé, comme prospère l’état de ton âme."
      },
      {
        "book_name": "3 Johannes",
        "book": 64,
        "chapter": 1,
        "verse": 3,
        "text": "J’ai été fort réjoui, lorsque des frères sont arrivés et ont rendu témoignage de la vérité qui est en toi, de la manière dont tu marches dans la vérité."
      },
      {
        "book_name": "3 Johannes",
        "book": 64,
        "chapter": 1,
        "verse": 4,
        "text": "Je n’ai pas de plus grande joie que d’apprendre que mes enfants marchent dans la vérité."
      },
      {
        "book_name": "3 Johannes",
        "book": 64,
        "chapter": 1,
        "verse": 5,
        "text": "Bien-aimé, tu agis fidèlement dans ce que tu fais pour les frères, et même pour des frères étrangers,"
      },
      {
        "book_name": "3 Johannes",
        "book": 64,
        "chapter": 1,
        "verse": 6,
        "text": "lesquels ont rendu témoignage de ta charité, en présence de l’Église. Tu feras bien de pourvoir à leur voyage d’une manière digne de Dieu."
      },
      {
        "book_name": "3 Johannes",
        "book": 64,
        "chapter": 1,
        "verse": 7,
        "text": "Car c’est pour le nom de Jésus-Christ qu’ils sont partis, sans rien recevoir des païens."
      },
      {
        "book_name": "3 Johannes",
        "book": 64,
        "chapter": 1,
        "verse": 8,
        "text": "Nous devons donc accueillir de tels hommes, afin d’être ouvriers avec eux pour la vérité."
      },
      {
        "book_name": "3 Johannes",
        "book": 64,
        "chapter": 1,
        "verse": 9,
        "text": "J’ai écrit quelques mots à l’Église; mais Diotrèphe, qui aime à être le premier parmi eux, ne nous reçoit point."
      },
      {
        "book_name": "3 Johannes",
        "book": 64,
        "chapter": 1,
        "verse": 10,
        "text": "C’est pourquoi, si je vais vous voir, je rappellerai les actes qu’il commet, en tenant contre nous de méchants propos; non content de cela, il ne reçoit pas les frères, et ceux qui voudraient le faire, il les en empêche et les chasse de l’Église."
      },
      {
        "book_name": "3 Johannes",
        "book": 64,
        "chapter": 1,
        "verse": 11,
        "text": "Bien-aimé, #Ps 37:17. És 1:16. 1 Pi 3:11.n’imite pas le mal, mais le bien. Celui qui fait le bien est de Dieu; celui qui fait le mal #1 Jn 3:6.n’a point vu Dieu."
      },
      {
        "book_name": "3 Johannes",
        "book": 64,
        "chapter": 1,
        "verse": 12,
        "text": "Tous, et la vérité elle-même, rendent un bon témoignage à Démétrius; nous aussi, nous lui rendons témoignage, et tu sais que notre témoignage est vrai."
      },
      {
        "book_name": "3 Johannes",
        "book": 64,
        "chapter": 1,
        "verse": 13,
        "text": "#2 Jn v. 12.J’aurais beaucoup de choses à t’écrire, mais je ne veux pas le faire avec l’encre et la plume."
      },
      {
        "book_name": "3 Johannes",
        "book": 64,
        "chapter": 1,
        "verse": 14,
        "text": "J’espère te voir bientôt, et nous parlerons de bouche à bouche."
      },
      {
        "book_name": "3 Johannes",
        "book": 64,
        "chapter": 1,
        "verse": 15,
        "text": "Que la paix soit avec toi! Les amis te saluent. Salue les amis, chacun en particulier."
      }
    ]
  }
}