{
  "source": "bible.com",
  "version": "Luis Segond (1910)",
  "book": "Colossians",
  "chapters": {
    "1": [
      {
        "book_name": "Colossians",
        "book": 51,
        "chapter": 1,
        "verse": 1,
        "text": "Adresse et salutationV. 1-2: cf. 2 Co 1:1, 2. Ép 1:1, 2.  1Paul, apôtre de Jésus-Christ par la volonté de Dieu, et le frère Timothée, 2aux saints et fidèles frères en Christ qui sont à Colosses; #Ro 1:7. Ga 1:3. Ép 1:2. 1 Pi 1:2.que la grâce et la paix vous soient données de la part de Dieu notre Père!Foi et charité des Colossiens. Prière de l’apôtre pour leurs progrès spirituels. Jésus-Christ, auteur de notre rédemption, image du Dieu invisible, créateur de toutes choses, et chef de l’ÉgliseV. 3-8: cf. Ph 1:3-6. 1 Th 1:2-4.  3  #    \n        Ép 1:15. Ph 1:3. 1 Th 1:2. 2 Th 1:3.  Nous rendons grâces à Dieu, le Père de notre Seigneur Jésus-Christ, et nous ne cessons de prier pour vous, 4ayant été informés de votre foi en Jésus-Christ et de votre charité pour tous les saints, 5à cause de l’espérance #1 Pi 1:4.qui vous est réservée dans les cieux, et que la parole de la vérité, la parole de l’Évangile vous a précédemment fait connaître. 6Il est au milieu de vous, et dans le monde entier; #Mc 4:8. Jn 15:16.il porte des fruits, et il va grandissant, comme c’est aussi le cas parmi vous, depuis le jour où vous avez entendu et connu la grâce de Dieu conformément à la vérité, 7d’après les instructions que vous avez reçues #Col 4:12. Phm v. 23.d’Épaphras, notre bien-aimé compagnon de service, qui est pour vous un fidèle ministre de Christ, 8et qui nous a appris de quelle charité l’Esprit vous anime.V. 9-11: cf. Ph 1:9-11.  9  #    \n        Ép 1:15.  C’est pour cela que nous aussi, depuis le jour où nous en avons été informés, nous ne cessons de prier Dieu pour vous, et de demander #1 Co 1:5.que vous soyez remplis de la connaissance de sa volonté, en toute sagesse et intelligence spirituelle, 10#Ge 17:1. 1 Co 7:20. Ép 4:1. Ph 1:27. 1 Th 2:12.pour marcher d’une manière digne du Seigneur et lui être entièrement agréables, #Jn 15:16.portant des fruits en toutes sortes de bonnes œuvres et croissant par la connaissance de Dieu, 11fortifiés à tous égards par sa puissance glorieuse, en sorte que vous soyez toujours et avec joie persévérants et patients.V. 12-23: cf. Ac 26:17, 18. (Jn 1:1-3, 14, 16. Hé 1.) 1 Co 15:20-23. (Ép 2:13-19; 5:23-27.)  12Rendez grâces au Père, qui vous a rendus capables d’avoir part à l’héritage des saints dans la lumière, 13#Ép 2:4. 1 Th 2:12.qui nous a délivrés de la puissance des ténèbres et nous a transportés dans le royaume #Mt 3:17; 17:5. 1 Pi 1:17.du Fils de son amour, 14#Ac 20:28. Ép 1:7. Hé 9:14. 1 Pi 1:19en qui nous avons la rédemption, la rémission des péchés. 15#2 Co 4:4. Ph 2:6. Hé 1:3.Il est l’image du Dieu invisible, #Ap 3:14.le premier-né de toute la création. 16#Ge 1:3. Ps 33:6. Jn 1:3. Ép 3:9. Hé 1:2.Car en lui ont été créées toutes les choses qui sont dans les cieux et sur la terre, les visibles et les invisibles, trônes, dignités, dominations, autorités. Tout a été créé par lui et pour lui. 17Il est avant toutes choses, et toutes choses subsistent en lui. 18#Ép 1:22; 4:15; 5:23.Il est la tête du corps de l’Église; il est le commencement, #1 Co 15:20. Ap 1:5.le premier-né d’entre les morts, afin d’être en tout le premier. 19Car Dieu a voulu que toute plénitude habitât #Jn 1:14, 16. Col 2:9.en lui; 20#2 Co 5:18. 1 Jn 4:10.il a voulu par lui réconcilier tout avec lui-même, tant ce qui est sur la terre que ce qui est dans les cieux, en faisant #És 9:6. Jn 16:33. Ac 10:36. Ro 5:1. Ép 2:14.la paix par lui, par le sang de sa croix. 21Et vous, qui étiez autrefois étrangers et ennemis par vos pensées et par vos mauvaises œuvres, il vous a maintenant réconciliés par sa mort dans le corps de sa chair, 22#Lu 1:75. Ép 1:4; 5:27. 2 Ti 1:9. Tit 2:12.pour vous faire paraître devant lui saints, irrépréhensibles et sans reproche, 23#Jn 15:6.si du moins vous demeurez fondés et inébranlables dans la foi, sans vous détourner de l’espérance de l’Évangile que vous avez entendu, qui a été prêché à toute créature sous le ciel, et dont moi Paul, j’ai été fait ministre.Travaux et combats de Paul dans son ministère parmi les païensV. 24-29: cf. Ép 3:1-13. 1 Co 2:7-13.  24  #    \n        2 Co 7:4.  Je me réjouis maintenant dans mes souffrances #Ép 3:13. Ph 2:17. 2 Ti 2:10.pour vous; et ce qui manque aux souffrances de Christ, je l’achève en ma chair, #Ro 12:5. 1 Co 12:27. Ép 4:12; 5:23.pour son corps, qui est l’Église. 25C’est d’elle que j’ai été fait ministre, selon la charge #Ro 16:25. Ép 1:9; 3:9. 2 Ti 1:10. Tit 1:3. 1 Pi 1:20.que Dieu m’a donnée auprès de vous, afin que j’annonçasse pleinement la parole de Dieu, 26le mystère caché de tout temps et dans tous les âges, #Mt 13:11.mais révélé maintenant à ses saints, 27#2 Co 2:14.à qui Dieu a voulu faire connaître quelle est la glorieuse richesse de ce mystère parmi les païens, savoir: Christ en vous, #1 Ti 1:1.l’espérance de la gloire. 28C’est lui que nous annonçons, exhortant tout homme, et instruisant tout homme en toute sagesse, afin de présenter à Dieu tout homme, devenu parfait en Christ. 29C’est à quoi je travaille, en combattant avec sa force, qui agit puissamment en moi."
      },
      {
        "book_name": "Colossians",
        "book": 51,
        "chapter": 1,
        "verse": 1,
        "text": "Paul, apôtre de Jésus-Christ par la volonté de Dieu, et le frère Timothée,"
      },
      {
        "book_name": "Colossians",
        "book": 51,
        "chapter": 1,
        "verse": 2,
        "text": "aux saints et fidèles frères en Christ qui sont à Colosses; #Ro 1:7. Ga 1:3. Ép 1:2. 1 Pi 1:2.que la grâce et la paix vous soient données de la part de Dieu notre Père!"
      },
      {
        "book_name": "Colossians",
        "book": 51,
        "chapter": 1,
        "verse": 3,
        "text": "#    \n        Ép 1:15. Ph 1:3. 1 Th 1:2. 2 Th 1:3.  Nous rendons grâces à Dieu, le Père de notre Seigneur Jésus-Christ, et nous ne cessons de prier pour vous,"
      },
      {
        "book_name": "Colossians",
        "book": 51,
        "chapter": 1,
        "verse": 4,
        "text": "ayant été informés de votre foi en Jésus-Christ et de votre charité pour tous les saints,"
      },
      {
        "book_name": "Colossians",
        "book": 51,
        "chapter": 1,
        "verse": 5,
        "text": "à cause de l’espérance #1 Pi 1:4.qui vous est réservée dans les cieux, et que la parole de la vérité, la parole de l’Évangile vous a précédemment fait connaître."
      },
      {
        "book_name": "Colossians",
        "book": 51,
        "chapter": 1,
        "verse": 6,
        "text": "Il est au milieu de vous, et dans le monde entier; #Mc 4:8. Jn 15:16.il porte des fruits, et il va grandissant, comme c’est aussi le cas parmi vous, depuis le jour où vous avez entendu et connu la grâce de Dieu conformément à la vérité,"
      },
      {
        "book_name": "Colossians",
        "book": 51,
        "chapter": 1,
        "verse": 7,
        "text": "d’après les instructions que vous avez reçues #Col 4:12. Phm v. 23.d’Épaphras, notre bien-aimé compagnon de service, qui est pour vous un fidèle ministre de Christ,"
      },
      {
        "book_name": "Colossians",
        "book": 51,
        "chapter": 1,
        "verse": 8,
        "text": "et qui nous a appris de quelle charité l’Esprit vous anime."
      },
      {
        "book_name": "Colossians",
        "book": 51,
        "chapter": 1,
        "verse": 9,
        "text": "#    \n        Ép 1:15.  C’est pour cela que nous aussi, depuis le jour où nous en avons été informés, nous ne cessons de prier Dieu pour vous, et de demander #1 Co 1:5.que vous soyez remplis de la connaissance de sa volonté, en toute sagesse et intelligence spirituelle,"
      },
      {
        "book_name": "Colossians",
        "book": 51,
        "chapter": 1,
        "verse": 10,
        "text": "#Ge 17:1. 1 Co 7:20. Ép 4:1. Ph 1:27. 1 Th 2:12.pour marcher d’une manière digne du Seigneur et lui être entièrement agréables, #Jn 15:16.portant des fruits en toutes sortes de bonnes œuvres et croissant par la connaissance de Dieu,"
      },
      {
        "book_name": "Colossians",
        "book": 51,
        "chapter": 1,
        "verse": 11,
        "text": "fortifiés à tous égards par sa puissance glorieuse, en sorte que vous soyez toujours et avec joie persévérants et patients."
      },
      {
        "book_name": "Colossians",
        "book": 51,
        "chapter": 1,
        "verse": 12,
        "text": "Rendez grâces au Père, qui vous a rendus capables d’avoir part à l’héritage des saints dans la lumière,"
      },
      {
        "book_name": "Colossians",
        "book": 51,
        "chapter": 1,
        "verse": 13,
        "text": "#Ép 2:4. 1 Th 2:12.qui nous a délivrés de la puissance des ténèbres et nous a transportés dans le royaume #Mt 3:17; 17:5. 1 Pi 1:17.du Fils de son amour,"
      },
      {
        "book_name": "Colossians",
        "book": 51,
        "chapter": 1,
        "verse": 14,
        "text": "#Ac 20:28. Ép 1:7. Hé 9:14. 1 Pi 1:19en qui nous avons la rédemption, la rémission des péchés."
      },
      {
        "book_name": "Colossians",
        "book": 51,
        "chapter": 1,
        "verse": 15,
        "text": "#2 Co 4:4. Ph 2:6. Hé 1:3.Il est l’image du Dieu invisible, #Ap 3:14.le premier-né de toute la création."
      },
      {
        "book_name": "Colossians",
        "book": 51,
        "chapter": 1,
        "verse": 16,
        "text": "#Ge 1:3. Ps 33:6. Jn 1:3. Ép 3:9. Hé 1:2.Car en lui ont été créées toutes les choses qui sont dans les cieux et sur la terre, les visibles et les invisibles, trônes, dignités, dominations, autorités. Tout a été créé par lui et pour lui."
      },
      {
        "book_name": "Colossians",
        "book": 51,
        "chapter": 1,
        "verse": 17,
        "text": "Il est avant toutes choses, et toutes choses subsistent en lui."
      },
      {
        "book_name": "Colossians",
        "book": 51,
        "chapter": 1,
        "verse": 18,
        "text": "#Ép 1:22; 4:15; 5:23.Il est la tête du corps de l’Église; il est le commencement, #1 Co 15:20. Ap 1:5.le premier-né d’entre les morts, afin d’être en tout le premier."
      },
      {
        "book_name": "Colossians",
        "book": 51,
        "chapter": 1,
        "verse": 19,
        "text": "Car Dieu a voulu que toute plénitude habitât #Jn 1:14, 16. Col 2:9.en lui;"
      },
      {
        "book_name": "Colossians",
        "book": 51,
        "chapter": 1,
        "verse": 20,
        "text": "#2 Co 5:18. 1 Jn 4:10.il a voulu par lui réconcilier tout avec lui-même, tant ce qui est sur la terre que ce qui est dans les cieux, en faisant #És 9:6. Jn 16:33. Ac 10:36. Ro 5:1. Ép 2:14.la paix par lui, par le sang de sa croix."
      },
      {
        "book_name": "Colossians",
        "book": 51,
        "chapter": 1,
        "verse": 21,
        "text": "Et vous, qui étiez autrefois étrangers et ennemis par vos pensées et par vos mauvaises œuvres, il vous a maintenant réconciliés par sa mort dans le corps de sa chair,"
      },
      {
        "book_name": "Colossians",
        "book": 51,
        "chapter": 1,
        "verse": 22,
        "text": "#Lu 1:75. Ép 1:4; 5:27. 2 Ti 1:9. Tit 2:12.pour vous faire paraître devant lui saints, irrépréhensibles et sans reproche,"
      },
      {
        "book_name": "Colossians",
        "book": 51,
        "chapter": 1,
        "verse": 23,
        "text": "#Jn 15:6.si du moins vous demeurez fondés et inébranlables dans la foi, sans vous détourner de l’espérance de l’Évangile que vous avez entendu, qui a été prêché à toute créature sous le ciel, et dont moi Paul, j’ai été fait ministre."
      },
      {
        "book_name": "Colossians",
        "book": 51,
        "chapter": 1,
        "verse": 24,
        "text": "#    \n        2 Co 7:4.  Je me réjouis maintenant dans mes souffrances #Ép 3:13. Ph 2:17. 2 Ti 2:10.pour vous; et ce qui manque aux souffrances de Christ, je l’achève en ma chair, #Ro 12:5. 1 Co 12:27. Ép 4:12; 5:23.pour son corps, qui est l’Église."
      },
      {
        "book_name": "Colossians",
        "book": 51,
        "chapter": 1,
        "verse": 25,
        "text": "C’est d’elle que j’ai été fait ministre, selon la charge #Ro 16:25. Ép 1:9; 3:9. 2 Ti 1:10. Tit 1:3. 1 Pi 1:20.que Dieu m’a donnée auprès de vous, afin que j’annonçasse pleinement la parole de Dieu,"
      },
      {
        "book_name": "Colossians",
        "book": 51,
        "chapter": 1,
        "verse": 26,
        "text": "le mystère caché de tout temps et dans tous les âges, #Mt 13:11.mais révélé maintenant à ses saints,"
      },
      {
        "book_name": "Colossians",
        "book": 51,
        "chapter": 1,
        "verse": 27,
        "text": "#2 Co 2:14.à qui Dieu a voulu faire connaître quelle est la glorieuse richesse de ce mystère parmi les païens, savoir: Christ en vous, #1 Ti 1:1.l’espérance de la gloire."
      },
      {
        "book_name": "Colossians",
        "book": 51,
        "chapter": 1,
        "verse": 28,
        "text": "C’est lui que nous annonçons, exhortant tout homme, et instruisant tout homme en toute sagesse, afin de présenter à Dieu tout homme, devenu parfait en Christ."
      },
      {
        "book_name": "Colossians",
        "book": 51,
        "chapter": 1,
        "verse": 29,
        "text": "C’est à quoi je travaille, en combattant avec sa force, qui agit puissamment en moi."
      }
    ],
    "2": [
      {
        "book_name": "Colossians",
        "book": 51,
        "chapter": 2,
        "verse": 1,
        "text": "V. 1-7: cf. (Col 4:12, 13. Ép 3:14-19.) Jn 15:4, 5. 1 Th 4:1, 2. 1 Pi 2:3-5.  1Je veux, en effet, que vous sachiez combien est grand le combat que je soutiens pour vous, et pour ceux qui sont à Laodicée, et pour tous ceux qui n’ont pas vu mon visage en la chair, 2#És 53:11. Jé 9:23. Jn 17:3. Ph 3:8.afin qu’ils aient le cœur rempli de consolation, qu’ils soient unis dans la charité, et enrichis d’une pleine intelligence pour connaître le mystère de Dieu, savoir Christ, 3#1 Co 1:24.mystère dans lequel sont cachés tous les trésors de la sagesse et de la science.Avertissements contre les fausses doctrines  4Je dis cela #Ép 5:6. Col 2:18.afin que personne ne vous trompe par des discours séduisants. 5Car, #1 Co 5:3.si je suis absent de corps, je suis avec vous en esprit, voyant avec joie #1 Co 14:40.le bon ordre qui règne parmi vous, et la fermeté de votre foi en Christ. 6Ainsi donc, comme vous avez reçu le Seigneur Jésus-Christ, marchez en lui, 7étant #Ép 3:17.enracinés et fondés en lui, et affermis par la foi, d’après les instructions qui vous ont été données, et #1 Co 1:5.abondez en actions de grâces.V. 8-15: cf. 1 Ti 6:20, 21. (Jn 14:9, 10. 1 Co 1:24, 30.) Ro 6:3-11. Ép 2:1-18.  8  #    \n        Ro 16:17. Hé 13:9.  Prenez garde que personne ne fasse de vous sa proie par la philosophie et par une vaine tromperie, s’appuyant sur la tradition des hommes, sur les rudiments du monde, et non sur Christ. 9#Jn 1:14. Col 1:19.Car en lui habite corporellement toute la plénitude de la divinité. 10#Jn 1:16.Vous avez tout pleinement en lui, qui est le chef de toute domination et de toute autorité. 11#De 10:16. Jé 4:4. Ro 2:29. Ph 3:3.Et c’est en lui que vous avez été circoncis d’une circoncision que la main n’a pas faite, mais de la circoncision de Christ, qui consiste dans le dépouillement du corps de la chair: 12#Ro 6:4. Ga 3:27.ayant été ensevelis avec lui par le baptême, vous êtes aussi ressuscités en lui et avec lui, #Ép 1:19; 3:7.par la foi en la puissance de Dieu, qui l’a ressuscité des morts. 13#Ép 2:1.Vous qui étiez morts par vos offenses et par l’incirconcision de votre chair, il vous a rendus à la vie avec lui, en nous faisant grâce pour toutes nos offenses; 14il a effacé l’acte dont les ordonnances nous condamnaient et qui subsistait contre nous, et il l’a détruit en le clouant à la croix; 15#Ge 3:15. Mt 12:29. Lu 11:22. Jn 12:31; 16:11.il a dépouillé les dominations et les autorités, et les a livrées publiquement en spectacle, en triomphant d’elles par la croix.V. 16-23: cf. Ro 14:1-6, 17. Ga 4:9-11. 1 Ti 4:1-8.  16  #    \n        Lé 11:2. Ro 14:2. Ga 4:10.  Que personne donc ne vous juge au sujet du manger ou du boire, #Lé 23:2, etc.ou au sujet d’une fête, d’une nouvelle lune, ou des sabbats: 17c’était #Hé 8:5; 10:1.l’ombre des choses à venir, mais le corps est en Christ. 18#Jé 29:8. Mt 24:4. Ép 5:6. 2 Th 3:2. 1 Jn 4:1.Qu’aucun homme, sous une apparence d’humilité et par un culte des anges, ne vous ravisse à son gré le prix de la course, tandis qu’il s’abandonne à ses visions et qu’il est enflé d’un vain orgueil par ses pensées charnelles, 19sans s’attacher au chef, dont tout le corps, assisté et solidement assemblé par des jointures et des liens, tire l’accroissement que Dieu donne. 20Si vous êtes morts avec Christ #Ga 4:9.aux rudiments du monde, pourquoi, comme si vous viviez dans le monde, vous impose-t-on ces préceptes: 21Ne prends pas! Ne goûte pas! Ne touche pas! 22préceptes qui tous deviennent pernicieux par l’abus, et #És 29:13. Mt 15:9. Tit 1:14.qui ne sont fondés que sur les ordonnances et les doctrines des hommes? 23#1 Ti 4:8.Ils ont, à la vérité, une apparence de sagesse, en ce qu’ils indiquent un culte volontaire, de l’humilité, et le mépris du corps, mais ils sont sans aucun mérite et contribuent #1 Ti 5:23.à la satisfaction de la chair."
      },
      {
        "book_name": "Colossians",
        "book": 51,
        "chapter": 2,
        "verse": 1,
        "text": "Je veux, en effet, que vous sachiez combien est grand le combat que je soutiens pour vous, et pour ceux qui sont à Laodicée, et pour tous ceux qui n’ont pas vu mon visage en la chair,"
      },
      {
        "book_name": "Colossians",
        "book": 51,
        "chapter": 2,
        "verse": 2,
        "text": "#És 53:11. Jé 9:23. Jn 17:3. Ph 3:8.afin qu’ils aient le cœur rempli de consolation, qu’ils soient unis dans la charité, et enrichis d’une pleine intelligence pour connaître le mystère de Dieu, savoir Christ,"
      },
      {
        "book_name": "Colossians",
        "book": 51,
        "chapter": 2,
        "verse": 3,
        "text": "#1 Co 1:24.mystère dans lequel sont cachés tous les trésors de la sagesse et de la science."
      },
      {
        "book_name": "Colossians",
        "book": 51,
        "chapter": 2,
        "verse": 4,
        "text": "Je dis cela #Ép 5:6. Col 2:18.afin que personne ne vous trompe par des discours séduisants."
      },
      {
        "book_name": "Colossians",
        "book": 51,
        "chapter": 2,
        "verse": 5,
        "text": "Car, #1 Co 5:3.si je suis absent de corps, je suis avec vous en esprit, voyant avec joie #1 Co 14:40.le bon ordre qui règne parmi vous, et la fermeté de votre foi en Christ."
      },
      {
        "book_name": "Colossians",
        "book": 51,
        "chapter": 2,
        "verse": 6,
        "text": "Ainsi donc, comme vous avez reçu le Seigneur Jésus-Christ, marchez en lui,"
      },
      {
        "book_name": "Colossians",
        "book": 51,
        "chapter": 2,
        "verse": 7,
        "text": "étant #Ép 3:17.enracinés et fondés en lui, et affermis par la foi, d’après les instructions qui vous ont été données, et #1 Co 1:5.abondez en actions de grâces."
      },
      {
        "book_name": "Colossians",
        "book": 51,
        "chapter": 2,
        "verse": 8,
        "text": "#    \n        Ro 16:17. Hé 13:9.  Prenez garde que personne ne fasse de vous sa proie par la philosophie et par une vaine tromperie, s’appuyant sur la tradition des hommes, sur les rudiments du monde, et non sur Christ."
      },
      {
        "book_name": "Colossians",
        "book": 51,
        "chapter": 2,
        "verse": 9,
        "text": "#Jn 1:14. Col 1:19.Car en lui habite corporellement toute la plénitude de la divinité."
      },
      {
        "book_name": "Colossians",
        "book": 51,
        "chapter": 2,
        "verse": 10,
        "text": "#Jn 1:16.Vous avez tout pleinement en lui, qui est le chef de toute domination et de toute autorité."
      },
      {
        "book_name": "Colossians",
        "book": 51,
        "chapter": 2,
        "verse": 11,
        "text": "#De 10:16. Jé 4:4. Ro 2:29. Ph 3:3.Et c’est en lui que vous avez été circoncis d’une circoncision que la main n’a pas faite, mais de la circoncision de Christ, qui consiste dans le dépouillement du corps de la chair:"
      },
      {
        "book_name": "Colossians",
        "book": 51,
        "chapter": 2,
        "verse": 12,
        "text": "#Ro 6:4. Ga 3:27.ayant été ensevelis avec lui par le baptême, vous êtes aussi ressuscités en lui et avec lui, #Ép 1:19; 3:7.par la foi en la puissance de Dieu, qui l’a ressuscité des morts."
      },
      {
        "book_name": "Colossians",
        "book": 51,
        "chapter": 2,
        "verse": 13,
        "text": "#Ép 2:1.Vous qui étiez morts par vos offenses et par l’incirconcision de votre chair, il vous a rendus à la vie avec lui, en nous faisant grâce pour toutes nos offenses;"
      },
      {
        "book_name": "Colossians",
        "book": 51,
        "chapter": 2,
        "verse": 14,
        "text": "il a effacé l’acte dont les ordonnances nous condamnaient et qui subsistait contre nous, et il l’a détruit en le clouant à la croix;"
      },
      {
        "book_name": "Colossians",
        "book": 51,
        "chapter": 2,
        "verse": 15,
        "text": "#Ge 3:15. Mt 12:29. Lu 11:22. Jn 12:31; 16:11.il a dépouillé les dominations et les autorités, et les a livrées publiquement en spectacle, en triomphant d’elles par la croix."
      },
      {
        "book_name": "Colossians",
        "book": 51,
        "chapter": 2,
        "verse": 16,
        "text": "#    \n        Lé 11:2. Ro 14:2. Ga 4:10.  Que personne donc ne vous juge au sujet du manger ou du boire, #Lé 23:2, etc.ou au sujet d’une fête, d’une nouvelle lune, ou des sabbats:"
      },
      {
        "book_name": "Colossians",
        "book": 51,
        "chapter": 2,
        "verse": 17,
        "text": "c’était #Hé 8:5; 10:1.l’ombre des choses à venir, mais le corps est en Christ."
      },
      {
        "book_name": "Colossians",
        "book": 51,
        "chapter": 2,
        "verse": 18,
        "text": "#Jé 29:8. Mt 24:4. Ép 5:6. 2 Th 3:2. 1 Jn 4:1.Qu’aucun homme, sous une apparence d’humilité et par un culte des anges, ne vous ravisse à son gré le prix de la course, tandis qu’il s’abandonne à ses visions et qu’il est enflé d’un vain orgueil par ses pensées charnelles,"
      },
      {
        "book_name": "Colossians",
        "book": 51,
        "chapter": 2,
        "verse": 19,
        "text": "sans s’attacher au chef, dont tout le corps, assisté et solidement assemblé par des jointures et des liens, tire l’accroissement que Dieu donne."
      },
      {
        "book_name": "Colossians",
        "book": 51,
        "chapter": 2,
        "verse": 20,
        "text": "Si vous êtes morts avec Christ #Ga 4:9.aux rudiments du monde, pourquoi, comme si vous viviez dans le monde, vous impose-t-on ces préceptes:"
      },
      {
        "book_name": "Colossians",
        "book": 51,
        "chapter": 2,
        "verse": 21,
        "text": "Ne prends pas! Ne goûte pas! Ne touche pas!"
      },
      {
        "book_name": "Colossians",
        "book": 51,
        "chapter": 2,
        "verse": 22,
        "text": "préceptes qui tous deviennent pernicieux par l’abus, et #És 29:13. Mt 15:9. Tit 1:14.qui ne sont fondés que sur les ordonnances et les doctrines des hommes?"
      },
      {
        "book_name": "Colossians",
        "book": 51,
        "chapter": 2,
        "verse": 23,
        "text": "#1 Ti 4:8.Ils ont, à la vérité, une apparence de sagesse, en ce qu’ils indiquent un culte volontaire, de l’humilité, et le mépris du corps, mais ils sont sans aucun mérite et contribuent #1 Ti 5:23.à la satisfaction de la chair."
      }
    ],
    "3": [
      {
        "book_name": "Colossians",
        "book": 51,
        "chapter": 3,
        "verse": 1,
        "text": "V. 1-4: cf. Col 2:20. Ép 2:4-6. (2 Co 4:18. Ga 2:20. Ph 3:18-21. 1 Jn 3:1-3.)  1Si donc vous êtes ressuscités avec Christ, cherchez les choses d’en haut, #Ép 1:20.où Christ est assis à la droite de Dieu. 2Affectionnez-vous aux choses d’en haut, et non à celles qui sont sur la terre. 3#Ro 6:2.Car vous êtes morts, et votre vie #Ro 8:24. 2 Co 5:7.est cachée avec Christ en Dieu. 4#Ph 3:21. 1 Jn 3:2.Quand Christ, votre vie, paraîtra, alors vous paraîtrez aussi avec lui dans la gloire.Exhortation à la sainteté, à la charité, à la piétéV. 5-17: cf. Ép 5:3-8; 4:17-31. 2 Co 5:17. (Ép 4:1, 2, 32; 5:1, 2.) (Ép 4:3, 4; 5:19, 20.)  5  #    \n        Ép 4:22; 5:5.  Faites donc mourir #Ro 7:5, 23.les membres qui sont sur la terre, l’impudicité, l’impureté, #1 Th 4:5.les passions, les mauvais désirs, et la cupidité, #Ép 5:5.qui est une idolâtrie. 6#1 Co 6:10. Ga 5:19. Ép 5:5. Ap 22:15.C’est à cause de ces choses que la colère de Dieu vient sur les fils de la rébellion, 7#1 Co 6:11. Ép 2:1. Tit 3:3.parmi lesquels vous marchiez autrefois, lorsque vous viviez dans ces péchés. 8#Ép 4:22. Hé 12:1. Ja 1:21. 1 Pi 2:1.Mais maintenant, renoncez à toutes ces choses, à la colère, à l’animosité, à la méchanceté, à la calomnie, aux paroles déshonnêtes qui pourraient sortir de votre bouche. 9#Ép 4:25.Ne mentez pas les uns aux autres, vous étant dépouillés du vieil homme et de ses œuvres, 10#Ro 6:4.et ayant revêtu l’homme nouveau, qui se renouvelle, dans la connaissance, #Ge 1:26; 5:1; 9:6. 1 Co 11:7.selon l’image de celui qui l’a créé. 11Il n’y a ici #Ga 3:28; 5:6; 6:15.ni Grec ni Juif, ni circoncis ni incirconcis, ni barbare ni Scythe, #1 Co 7:21, 22; 12:13.ni esclave ni libre; mais Christ est tout et en tous. 12#Ép 4:32; 6:11.Ainsi donc, #1 Th 1:4.comme des élus de Dieu, saints et bien-aimés, revêtez-vous d’entrailles de miséricorde, de bonté, d’humilité, de douceur, de patience. 13Supportez-vous les uns les autres, et, si l’un a sujet de se plaindre de l’autre, #Mt 6:14. Mc 11:25. Ép 4:32.pardonnez-vous réciproquement. De même que Christ vous a pardonné, pardonnez-vous aussi. 14#Jn 13:34; 15:12. Ép 5:2. 1 Th 4:9. 1 Jn 3:23; 4:21.Mais par-dessus toutes ces choses revêtez-vous de la charité, #Ép 4:3. Col 2:2.qui est le lien de la perfection. 15Et que la paix de Christ, à laquelle vous avez été appelés pour former un seul corps, règne dans vos cœurs. Et soyez reconnaissants. 16Que la parole de Christ habite parmi vous abondamment; #Ép 5:19.instruisez-vous et exhortez-vous les uns les autres en toute sagesse, par des psaumes, par des hymnes, par des cantiques spirituels, chantant à Dieu dans vos cœurs sous l’inspiration de la grâce. 17Et quoi que vous fassiez, en parole ou en œuvre, faites tout au nom du Seigneur Jésus, #Ép 5:20. 1 Th 5:18.en rendant par lui des actions de grâces à Dieu le Père.Devoirs domestiques3 v. 18 à 4 v. 1: cf. Ép 5:22-33; 6:1-9. 1 Pi 3:1-7; 2:18, etc. Tit 2:9, 10. 1 Ti 6:1, 2.  18  #    \n        Ge 3:16. 1 Co 14:34. Ép 5:22. Tit 2:5. 1 Pi 3:1.  Femmes, soyez soumises à vos maris, comme il convient dans le Seigneur. 19#Ép 5:25.Maris, aimez vos femmes, et ne vous aigrissez pas contre elles. 20#Ép 6:1.Enfants, obéissez en toutes choses à vos parents, car cela est agréable dans le Seigneur. 21Pères, n’irritez pas vos enfants, de peur qu’ils ne se découragent. 22#Ép 6:5. 1 Ti 6:1. Tit 2:9. 1 Pi 2:18.Serviteurs, obéissez en toutes choses à vos maîtres selon la chair, non pas seulement sous leurs yeux, comme pour plaire aux hommes, mais avec simplicité de cœur, dans la crainte du Seigneur. 23Tout ce que vous faites, faites-le de bon cœur, comme pour le Seigneur et non pour des hommes, 24sachant que vous recevrez du Seigneur l’héritage pour récompense. Servez Christ, le Seigneur. 25Car celui qui agit injustement recevra selon son injustice, et il n’y a point d’acception de personnes."
      },
      {
        "book_name": "Colossians",
        "book": 51,
        "chapter": 3,
        "verse": 1,
        "text": "Si donc vous êtes ressuscités avec Christ, cherchez les choses d’en haut, #Ép 1:20.où Christ est assis à la droite de Dieu."
      },
      {
        "book_name": "Colossians",
        "book": 51,
        "chapter": 3,
        "verse": 2,
        "text": "Affectionnez-vous aux choses d’en haut, et non à celles qui sont sur la terre."
      },
      {
        "book_name": "Colossians",
        "book": 51,
        "chapter": 3,
        "verse": 3,
        "text": "#Ro 6:2.Car vous êtes morts, et votre vie #Ro 8:24. 2 Co 5:7.est cachée avec Christ en Dieu."
      },
      {
        "book_name": "Colossians",
        "book": 51,
        "chapter": 3,
        "verse": 4,
        "text": "#Ph 3:21. 1 Jn 3:2.Quand Christ, votre vie, paraîtra, alors vous paraîtrez aussi avec lui dans la gloire."
      },
      {
        "book_name": "Colossians",
        "book": 51,
        "chapter": 3,
        "verse": 5,
        "text": "#    \n        Ép 4:22; 5:5.  Faites donc mourir #Ro 7:5, 23.les membres qui sont sur la terre, l’impudicité, l’impureté, #1 Th 4:5.les passions, les mauvais désirs, et la cupidité, #Ép 5:5.qui est une idolâtrie."
      },
      {
        "book_name": "Colossians",
        "book": 51,
        "chapter": 3,
        "verse": 6,
        "text": "#1 Co 6:10. Ga 5:19. Ép 5:5. Ap 22:15.C’est à cause de ces choses que la colère de Dieu vient sur les fils de la rébellion,"
      },
      {
        "book_name": "Colossians",
        "book": 51,
        "chapter": 3,
        "verse": 7,
        "text": "#1 Co 6:11. Ép 2:1. Tit 3:3.parmi lesquels vous marchiez autrefois, lorsque vous viviez dans ces péchés."
      },
      {
        "book_name": "Colossians",
        "book": 51,
        "chapter": 3,
        "verse": 8,
        "text": "#Ép 4:22. Hé 12:1. Ja 1:21. 1 Pi 2:1.Mais maintenant, renoncez à toutes ces choses, à la colère, à l’animosité, à la méchanceté, à la calomnie, aux paroles déshonnêtes qui pourraient sortir de votre bouche."
      },
      {
        "book_name": "Colossians",
        "book": 51,
        "chapter": 3,
        "verse": 9,
        "text": "#Ép 4:25.Ne mentez pas les uns aux autres, vous étant dépouillés du vieil homme et de ses œuvres,"
      },
      {
        "book_name": "Colossians",
        "book": 51,
        "chapter": 3,
        "verse": 10,
        "text": "#Ro 6:4.et ayant revêtu l’homme nouveau, qui se renouvelle, dans la connaissance, #Ge 1:26; 5:1; 9:6. 1 Co 11:7.selon l’image de celui qui l’a créé."
      },
      {
        "book_name": "Colossians",
        "book": 51,
        "chapter": 3,
        "verse": 11,
        "text": "Il n’y a ici #Ga 3:28; 5:6; 6:15.ni Grec ni Juif, ni circoncis ni incirconcis, ni barbare ni Scythe, #1 Co 7:21, 22; 12:13.ni esclave ni libre; mais Christ est tout et en tous."
      },
      {
        "book_name": "Colossians",
        "book": 51,
        "chapter": 3,
        "verse": 12,
        "text": "#Ép 4:32; 6:11.Ainsi donc, #1 Th 1:4.comme des élus de Dieu, saints et bien-aimés, revêtez-vous d’entrailles de miséricorde, de bonté, d’humilité, de douceur, de patience."
      },
      {
        "book_name": "Colossians",
        "book": 51,
        "chapter": 3,
        "verse": 13,
        "text": "Supportez-vous les uns les autres, et, si l’un a sujet de se plaindre de l’autre, #Mt 6:14. Mc 11:25. Ép 4:32.pardonnez-vous réciproquement. De même que Christ vous a pardonné, pardonnez-vous aussi."
      },
      {
        "book_name": "Colossians",
        "book": 51,
        "chapter": 3,
        "verse": 14,
        "text": "#Jn 13:34; 15:12. Ép 5:2. 1 Th 4:9. 1 Jn 3:23; 4:21.Mais par-dessus toutes ces choses revêtez-vous de la charité, #Ép 4:3. Col 2:2.qui est le lien de la perfection."
      },
      {
        "book_name": "Colossians",
        "book": 51,
        "chapter": 3,
        "verse": 15,
        "text": "Et que la paix de Christ, à laquelle vous avez été appelés pour former un seul corps, règne dans vos cœurs. Et soyez reconnaissants."
      },
      {
        "book_name": "Colossians",
        "book": 51,
        "chapter": 3,
        "verse": 16,
        "text": "Que la parole de Christ habite parmi vous abondamment; #Ép 5:19.instruisez-vous et exhortez-vous les uns les autres en toute sagesse, par des psaumes, par des hymnes, par des cantiques spirituels, chantant à Dieu dans vos cœurs sous l’inspiration de la grâce."
      },
      {
        "book_name": "Colossians",
        "book": 51,
        "chapter": 3,
        "verse": 17,
        "text": "Et quoi que vous fassiez, en parole ou en œuvre, faites tout au nom du Seigneur Jésus, #Ép 5:20. 1 Th 5:18.en rendant par lui des actions de grâces à Dieu le Père."
      },
      {
        "book_name": "Colossians",
        "book": 51,
        "chapter": 3,
        "verse": 18,
        "text": "#    \n        Ge 3:16. 1 Co 14:34. Ép 5:22. Tit 2:5. 1 Pi 3:1.  Femmes, soyez soumises à vos maris, comme il convient dans le Seigneur."
      },
      {
        "book_name": "Colossians",
        "book": 51,
        "chapter": 3,
        "verse": 19,
        "text": "#Ép 5:25.Maris, aimez vos femmes, et ne vous aigrissez pas contre elles."
      },
      {
        "book_name": "Colossians",
        "book": 51,
        "chapter": 3,
        "verse": 20,
        "text": "#Ép 6:1.Enfants, obéissez en toutes choses à vos parents, car cela est agréable dans le Seigneur."
      },
      {
        "book_name": "Colossians",
        "book": 51,
        "chapter": 3,
        "verse": 21,
        "text": "Pères, n’irritez pas vos enfants, de peur qu’ils ne se découragent."
      },
      {
        "book_name": "Colossians",
        "book": 51,
        "chapter": 3,
        "verse": 22,
        "text": "#Ép 6:5. 1 Ti 6:1. Tit 2:9. 1 Pi 2:18.Serviteurs, obéissez en toutes choses à vos maîtres selon la chair, non pas seulement sous leurs yeux, comme pour plaire aux hommes, mais avec simplicité de cœur, dans la crainte du Seigneur."
      },
      {
        "book_name": "Colossians",
        "book": 51,
        "chapter": 3,
        "verse": 23,
        "text": "Tout ce que vous faites, faites-le de bon cœur, comme pour le Seigneur et non pour des hommes,"
      },
      {
        "book_name": "Colossians",
        "book": 51,
        "chapter": 3,
        "verse": 24,
        "text": "sachant que vous recevrez du Seigneur l’héritage pour récompense. Servez Christ, le Seigneur."
      },
      {
        "book_name": "Colossians",
        "book": 51,
        "chapter": 3,
        "verse": 25,
        "text": "Car celui qui agit injustement recevra selon son injustice, et il n’y a point d’acception de personnes."
      }
    ],
    "4": [
      {
        "book_name": "Colossians",
        "book": 51,
        "chapter": 4,
        "verse": 1,
        "text": "1  #    \n        Ép 6:9.  Maîtres, accordez à vos serviteurs ce qui est juste et équitable, sachant que vous aussi vous avez un maître dans le ciel.Exhortation à la prière et à la sagesseV. 2-6: cf. Ép 8:18-20; 5:14-17; 4:27.  2  #    \n        Lu 18:1. Ro 12:12. Ép 6:18. 1 Th 5:17.  Persévérez dans la prière, veillez-y avec actions de grâces. 3Priez en même temps pour nous, afin que Dieu nous ouvre une porte pour la parole, #Ép 6:19. 2 Th 3:1.en sorte que je puisse annoncer le mystère de Christ, pour lequel je suis dans les chaînes, 4et le faire connaître comme je dois en parler. 5#Ép 5:15.Conduisez-vous avec sagesse envers ceux du dehors, #Ép 5:16.et rachetez le temps. 6#Mc 9:50.Que votre parole soit toujours accompagnée de grâce, assaisonnée de sel, afin que vous sachiez comment il faut répondre à chacun.Envoi de Tychique et d’Onésime. SalutationsV. 7-18: cf. Ép 6:21, 22. (Col 1:7, 8. Ph 2:10-25.)  7  #    \n        Ac 20:4. Ép 6:21. 2 Ti 4:12.  Tychique, le bien-aimé frère et le fidèle ministre, mon compagnon de service dans le Seigneur, vous communiquera tout ce qui me concerne. 8Je l’envoie exprès vers vous, pour que vous connaissiez notre situation, et pour qu’il console vos cœurs. 9Je l’envoie avec #Phm v. 10.Onésime, le fidèle et bien-aimé frère, qui est des vôtres. Ils vous informeront de tout ce qui se passe ici. 10#Ac 27:2.Aristarque, mon compagnon de captivité, vous salue, ainsi que #Ac 15:37. 2 Ti 4:11.Marc, le cousin de Barnabas, au sujet duquel vous avez reçu des ordres (s’il va chez vous, accueillez-le); 11Jésus, appelé Justus, vous salue aussi. Ils sont du nombre des circoncis, et les seuls qui aient travaillé avec moi pour le royaume de Dieu, et qui aient été pour moi une consolation. 12#Col 1:7. Phm v. 23.Épaphras, qui est des vôtres, vous salue: serviteur de Jésus-Christ, il ne cesse de combattre pour vous dans ses prières, afin que, parfaits et pleinement persuadés, vous persistiez dans une entière soumission à la volonté de Dieu. 13Car je lui rends le témoignage qu’il a une grande sollicitude pour vous, pour ceux de Laodicée, et pour ceux d’Hiérapolis. 14#2 Ti 4:11.Luc, le médecin bien-aimé, vous salue, ainsi que #2 Ti 4:10.Démas. 15Saluez les frères qui sont à Laodicée, et Nymphas, et l’Église qui est dans sa maison. 16Lorsque cette lettre aura été lue chez vous, faites en sorte qu’elle soit aussi lue dans l’Église des Laodicéens, et que vous lisiez à votre tour celle qui vous arrivera de Laodicée. 17Et dites à Archippe: Prends garde au ministère que tu as reçu dans le Seigneur, afin de le bien remplir. 18#2 Th 3:17.Je vous salue, moi Paul, de ma propre main. #Hé 13:3.Souvenez-vous de mes liens. Que la grâce soit avec vous!"
      },
      {
        "book_name": "Colossians",
        "book": 51,
        "chapter": 4,
        "verse": 1,
        "text": "#    \n        Ép 6:9.  Maîtres, accordez à vos serviteurs ce qui est juste et équitable, sachant que vous aussi vous avez un maître dans le ciel."
      },
      {
        "book_name": "Colossians",
        "book": 51,
        "chapter": 4,
        "verse": 2,
        "text": "#    \n        Lu 18:1. Ro 12:12. Ép 6:18. 1 Th 5:17.  Persévérez dans la prière, veillez-y avec actions de grâces."
      },
      {
        "book_name": "Colossians",
        "book": 51,
        "chapter": 4,
        "verse": 3,
        "text": "Priez en même temps pour nous, afin que Dieu nous ouvre une porte pour la parole, #Ép 6:19. 2 Th 3:1.en sorte que je puisse annoncer le mystère de Christ, pour lequel je suis dans les chaînes,"
      },
      {
        "book_name": "Colossians",
        "book": 51,
        "chapter": 4,
        "verse": 4,
        "text": "et le faire connaître comme je dois en parler."
      },
      {
        "book_name": "Colossians",
        "book": 51,
        "chapter": 4,
        "verse": 5,
        "text": "#Ép 5:15.Conduisez-vous avec sagesse envers ceux du dehors, #Ép 5:16.et rachetez le temps."
      },
      {
        "book_name": "Colossians",
        "book": 51,
        "chapter": 4,
        "verse": 6,
        "text": "#Mc 9:50.Que votre parole soit toujours accompagnée de grâce, assaisonnée de sel, afin que vous sachiez comment il faut répondre à chacun."
      },
      {
        "book_name": "Colossians",
        "book": 51,
        "chapter": 4,
        "verse": 7,
        "text": "#    \n        Ac 20:4. Ép 6:21. 2 Ti 4:12.  Tychique, le bien-aimé frère et le fidèle ministre, mon compagnon de service dans le Seigneur, vous communiquera tout ce qui me concerne."
      },
      {
        "book_name": "Colossians",
        "book": 51,
        "chapter": 4,
        "verse": 8,
        "text": "Je l’envoie exprès vers vous, pour que vous connaissiez notre situation, et pour qu’il console vos cœurs."
      },
      {
        "book_name": "Colossians",
        "book": 51,
        "chapter": 4,
        "verse": 9,
        "text": "Je l’envoie avec #Phm v. 10.Onésime, le fidèle et bien-aimé frère, qui est des vôtres. Ils vous informeront de tout ce qui se passe ici."
      },
      {
        "book_name": "Colossians",
        "book": 51,
        "chapter": 4,
        "verse": 10,
        "text": "#Ac 27:2.Aristarque, mon compagnon de captivité, vous salue, ainsi que #Ac 15:37. 2 Ti 4:11.Marc, le cousin de Barnabas, au sujet duquel vous avez reçu des ordres (s’il va chez vous, accueillez-le);"
      },
      {
        "book_name": "Colossians",
        "book": 51,
        "chapter": 4,
        "verse": 11,
        "text": "Jésus, appelé Justus, vous salue aussi. Ils sont du nombre des circoncis, et les seuls qui aient travaillé avec moi pour le royaume de Dieu, et qui aient été pour moi une consolation."
      },
      {
        "book_name": "Colossians",
        "book": 51,
        "chapter": 4,
        "verse": 12,
        "text": "#Col 1:7. Phm v. 23.Épaphras, qui est des vôtres, vous salue: serviteur de Jésus-Christ, il ne cesse de combattre pour vous dans ses prières, afin que, parfaits et pleinement persuadés, vous persistiez dans une entière soumission à la volonté de Dieu."
      },
      {
        "book_name": "Colossians",
        "book": 51,
        "chapter": 4,
        "verse": 13,
        "text": "Car je lui rends le témoignage qu’il a une grande sollicitude pour vous, pour ceux de Laodicée, et pour ceux d’Hiérapolis."
      },
      {
        "book_name": "Colossians",
        "book": 51,
        "chapter": 4,
        "verse": 14,
        "text": "#2 Ti 4:11.Luc, le médecin bien-aimé, vous salue, ainsi que #2 Ti 4:10.Démas."
      },
      {
        "book_name": "Colossians",
        "book": 51,
        "chapter": 4,
        "verse": 15,
        "text": "Saluez les frères qui sont à Laodicée, et Nymphas, et l’Église qui est dans sa maison."
      },
      {
        "book_name": "Colossians",
        "book": 51,
        "chapter": 4,
        "verse": 16,
        "text": "Lorsque cette lettre aura été lue chez vous, faites en sorte qu’elle soit aussi lue dans l’Église des Laodicéens, et que vous lisiez à votre tour celle qui vous arrivera de Laodicée."
      },
      {
        "book_name": "Colossians",
        "book": 51,
        "chapter": 4,
        "verse": 17,
        "text": "Et dites à Archippe: Prends garde au ministère que tu as reçu dans le Seigneur, afin de le bien remplir."
      },
      {
        "book_name": "Colossians",
        "book": 51,
        "chapter": 4,
        "verse": 18,
        "text": "#2 Th 3:17.Je vous salue, moi Paul, de ma propre main. #Hé 13:3.Souvenez-vous de mes liens. Que la grâce soit avec vous!"
      }
    ]
  }
}