{
  "source": "bible.com",
  "version": "Luis Segond (1910)",
  "book": "Ephesians",
  "chapters": {
    "1": [
      {
        "book_name": "Ephesians",
        "book": 49,
        "chapter": 1,
        "verse": 1,
        "text": "Adresse et salutationV. 1-2: cf. Ac 18:19-21; 19; 20:17, etc.  1Paul, apôtre de Jésus-Christ par la volonté de Dieu, #Ro 1:7. 1 Co 1:2. 2 Co 1:1.aux saints qui sont à Éphèse et aux fidèles en Jésus-Christ: 2#Ga 1:3. 1 Pi 1:2.Que la grâce et la paix vous soient données de la part de Dieu notre Père et du Seigneur Jésus-Christ!Bénédictions de Dieu en Jésus-Christ, auteur de notre rédemption et chef de l’ÉgliseV. 3-14: cf. (1 Pi 1:1, 2. 2 Th 2:13, 14. 2 Ti 1:9, 10. Ro 8:28-30.) (Ga 3:13, 14. Ro 8:15-17.)  3Béni soit #2 Co 1:3. 1 Pi 1:3.Dieu, le Père de notre Seigneur Jésus-Christ, qui nous a bénis de toutes sortes de bénédictions spirituelles dans les lieux célestes en Christ! 4#Jn 15:16. 2 Ti 1:9.En lui Dieu nous a élus avant la fondation du monde, #Lu 1:75. Ép 5:27. Col 1:22. 2 Ti 1:9. Tit 2:12.pour que nous soyons saints et irrépréhensibles devant lui, 5nous ayant prédestinés dans son amour à être ses enfants d’adoption par Jésus-Christ, selon le bon plaisir de sa volonté, 6à la louange de la gloire de sa grâce qu’il nous a accordée #Mt 3:17.en son bien-aimé. 7#Ac 20:28. Col 1:14. Hé 9:12. 1 Pi 1:18.En lui nous avons la rédemption par son sang, la rémission des péchés, selon la richesse de sa grâce, 8que Dieu a répandue abondamment sur nous par toute espèce de sagesse et d’intelligence, 9nous faisant connaître #Ro 16:25. Ép 3:9. Col 1:26. 2 Ti 1:9. Tit 1:2. 1 Pi 1:20.le mystère de sa volonté, selon le bienveillant dessein qu’il avait formé en lui-même, 10pour le mettre à exécution lorsque #Ge 49:10. Da 9:24. Ga 4:4.les temps seraient accomplis, de réunir toutes choses en Christ, celles qui sont dans les cieux et celles qui sont sur la terre. 11En lui nous sommes aussi devenus #Ro 8:17.héritiers, ayant été prédestinés suivant la résolution de celui qui opère toutes choses d’après le conseil de sa volonté, 12afin que nous servions à la louange de sa gloire, nous qui d’avance avons espéré en Christ. 13En lui vous aussi, après avoir entendu la parole de la vérité, l’Évangile de votre salut, en lui #Ro 8:15. 2 Co 1:22; 5:5. Ép 4:30.vous avez cru et vous avez été scellés du Saint-Esprit qui avait été promis, 14lequel est un gage de notre héritage, pour #Ex 19:5. De 7:6; 14:2; 26:18. Ro 8:23. 1 Pi 2:9.la rédemption de ceux que Dieu s’est acquis, à la louange de sa gloire.V. 15-23: cf. (Col 1:3-6, 9-13. 1 Pi 1:3, 4.) (Ph 2:9-11. Col 1:18, 19. Ép 2:1-7.) Ph 3:10.  15  #    \n        Ph 1:3. Col 1:3. 1 Th 1:2. 2 Th 1:3.  C’est pourquoi moi aussi, ayant entendu parler de votre foi au Seigneur Jésus et de votre charité pour tous les saints, 16je ne cesse de rendre grâces pour vous, faisant mention de vous dans mes prières, 17afin que le Dieu de notre Seigneur Jésus-Christ, le Père de gloire, vous donne un esprit de sagesse et de révélation, dans sa connaissance, 18et qu’il illumine les yeux de votre cœur, pour que vous sachiez quelle est l’espérance qui s’attache à son appel, quelle est la richesse de la gloire de son héritage qu’il réserve aux saints, 19et quelle est envers nous qui croyons l’infinie grandeur de sa puissance, se manifestant #Col 2:12.avec efficacité par la vertu de sa force. 20Il l’a déployée en Christ, en le ressuscitant des morts, #Ps 110:1. Ac 2:34. 1 Co 15:25. Col 3:1. Hé 1:3; 10:12. 1 Pi 3:22.et en le faisant asseoir à sa droite dans les lieux célestes, 21au-dessus de toute domination, de toute autorité, de toute puissance, de toute dignité, et de tout nom qui se peut nommer, non seulement dans le siècle présent, mais encore dans le siècle à venir. 22#Ps 8:7. Mt 28:18. 1 Co 15:27. Hé 2:8.Il a tout mis sous ses pieds, et il l’a donné pour chef suprême à l’Église, 23#Ro 12:5. 1 Co 12:27. Ép 4:16; 5:23.qui est son corps, la plénitude de celui qui remplit tout en tous."
      },
      {
        "book_name": "Ephesians",
        "book": 49,
        "chapter": 1,
        "verse": 1,
        "text": "Paul, apôtre de Jésus-Christ par la volonté de Dieu, #Ro 1:7. 1 Co 1:2. 2 Co 1:1.aux saints qui sont à Éphèse et aux fidèles en Jésus-Christ:"
      },
      {
        "book_name": "Ephesians",
        "book": 49,
        "chapter": 1,
        "verse": 2,
        "text": "#Ga 1:3. 1 Pi 1:2.Que la grâce et la paix vous soient données de la part de Dieu notre Père et du Seigneur Jésus-Christ!"
      },
      {
        "book_name": "Ephesians",
        "book": 49,
        "chapter": 1,
        "verse": 3,
        "text": "Béni soit #2 Co 1:3. 1 Pi 1:3.Dieu, le Père de notre Seigneur Jésus-Christ, qui nous a bénis de toutes sortes de bénédictions spirituelles dans les lieux célestes en Christ!"
      },
      {
        "book_name": "Ephesians",
        "book": 49,
        "chapter": 1,
        "verse": 4,
        "text": "#Jn 15:16. 2 Ti 1:9.En lui Dieu nous a élus avant la fondation du monde, #Lu 1:75. Ép 5:27. Col 1:22. 2 Ti 1:9. Tit 2:12.pour que nous soyons saints et irrépréhensibles devant lui,"
      },
      {
        "book_name": "Ephesians",
        "book": 49,
        "chapter": 1,
        "verse": 5,
        "text": "nous ayant prédestinés dans son amour à être ses enfants d’adoption par Jésus-Christ, selon le bon plaisir de sa volonté,"
      },
      {
        "book_name": "Ephesians",
        "book": 49,
        "chapter": 1,
        "verse": 6,
        "text": "à la louange de la gloire de sa grâce qu’il nous a accordée #Mt 3:17.en son bien-aimé."
      },
      {
        "book_name": "Ephesians",
        "book": 49,
        "chapter": 1,
        "verse": 7,
        "text": "#Ac 20:28. Col 1:14. Hé 9:12. 1 Pi 1:18.En lui nous avons la rédemption par son sang, la rémission des péchés, selon la richesse de sa grâce,"
      },
      {
        "book_name": "Ephesians",
        "book": 49,
        "chapter": 1,
        "verse": 8,
        "text": "que Dieu a répandue abondamment sur nous par toute espèce de sagesse et d’intelligence,"
      },
      {
        "book_name": "Ephesians",
        "book": 49,
        "chapter": 1,
        "verse": 9,
        "text": "nous faisant connaître #Ro 16:25. Ép 3:9. Col 1:26. 2 Ti 1:9. Tit 1:2. 1 Pi 1:20.le mystère de sa volonté, selon le bienveillant dessein qu’il avait formé en lui-même,"
      },
      {
        "book_name": "Ephesians",
        "book": 49,
        "chapter": 1,
        "verse": 10,
        "text": "pour le mettre à exécution lorsque #Ge 49:10. Da 9:24. Ga 4:4.les temps seraient accomplis, de réunir toutes choses en Christ, celles qui sont dans les cieux et celles qui sont sur la terre."
      },
      {
        "book_name": "Ephesians",
        "book": 49,
        "chapter": 1,
        "verse": 11,
        "text": "En lui nous sommes aussi devenus #Ro 8:17.héritiers, ayant été prédestinés suivant la résolution de celui qui opère toutes choses d’après le conseil de sa volonté,"
      },
      {
        "book_name": "Ephesians",
        "book": 49,
        "chapter": 1,
        "verse": 12,
        "text": "afin que nous servions à la louange de sa gloire, nous qui d’avance avons espéré en Christ."
      },
      {
        "book_name": "Ephesians",
        "book": 49,
        "chapter": 1,
        "verse": 13,
        "text": "En lui vous aussi, après avoir entendu la parole de la vérité, l’Évangile de votre salut, en lui #Ro 8:15. 2 Co 1:22; 5:5. Ép 4:30.vous avez cru et vous avez été scellés du Saint-Esprit qui avait été promis,"
      },
      {
        "book_name": "Ephesians",
        "book": 49,
        "chapter": 1,
        "verse": 14,
        "text": "lequel est un gage de notre héritage, pour #Ex 19:5. De 7:6; 14:2; 26:18. Ro 8:23. 1 Pi 2:9.la rédemption de ceux que Dieu s’est acquis, à la louange de sa gloire."
      },
      {
        "book_name": "Ephesians",
        "book": 49,
        "chapter": 1,
        "verse": 15,
        "text": "#    \n        Ph 1:3. Col 1:3. 1 Th 1:2. 2 Th 1:3.  C’est pourquoi moi aussi, ayant entendu parler de votre foi au Seigneur Jésus et de votre charité pour tous les saints,"
      },
      {
        "book_name": "Ephesians",
        "book": 49,
        "chapter": 1,
        "verse": 16,
        "text": "je ne cesse de rendre grâces pour vous, faisant mention de vous dans mes prières,"
      },
      {
        "book_name": "Ephesians",
        "book": 49,
        "chapter": 1,
        "verse": 17,
        "text": "afin que le Dieu de notre Seigneur Jésus-Christ, le Père de gloire, vous donne un esprit de sagesse et de révélation, dans sa connaissance,"
      },
      {
        "book_name": "Ephesians",
        "book": 49,
        "chapter": 1,
        "verse": 18,
        "text": "et qu’il illumine les yeux de votre cœur, pour que vous sachiez quelle est l’espérance qui s’attache à son appel, quelle est la richesse de la gloire de son héritage qu’il réserve aux saints,"
      },
      {
        "book_name": "Ephesians",
        "book": 49,
        "chapter": 1,
        "verse": 19,
        "text": "et quelle est envers nous qui croyons l’infinie grandeur de sa puissance, se manifestant #Col 2:12.avec efficacité par la vertu de sa force."
      },
      {
        "book_name": "Ephesians",
        "book": 49,
        "chapter": 1,
        "verse": 20,
        "text": "Il l’a déployée en Christ, en le ressuscitant des morts, #Ps 110:1. Ac 2:34. 1 Co 15:25. Col 3:1. Hé 1:3; 10:12. 1 Pi 3:22.et en le faisant asseoir à sa droite dans les lieux célestes,"
      },
      {
        "book_name": "Ephesians",
        "book": 49,
        "chapter": 1,
        "verse": 21,
        "text": "au-dessus de toute domination, de toute autorité, de toute puissance, de toute dignité, et de tout nom qui se peut nommer, non seulement dans le siècle présent, mais encore dans le siècle à venir."
      },
      {
        "book_name": "Ephesians",
        "book": 49,
        "chapter": 1,
        "verse": 22,
        "text": "#Ps 8:7. Mt 28:18. 1 Co 15:27. Hé 2:8.Il a tout mis sous ses pieds, et il l’a donné pour chef suprême à l’Église,"
      },
      {
        "book_name": "Ephesians",
        "book": 49,
        "chapter": 1,
        "verse": 23,
        "text": "#Ro 12:5. 1 Co 12:27. Ép 4:16; 5:23.qui est son corps, la plénitude de celui qui remplit tout en tous."
      }
    ],
    "2": [
      {
        "book_name": "Ephesians",
        "book": 49,
        "chapter": 2,
        "verse": 1,
        "text": "Le salut par la grâceV. 1-10: cf. Ép 1:19, 20. Col 2:12, 13; 3:1-3. Tit 3:3-8. 2 Co 5:17.  1  #    \n        Ro 5:6. Col 2:13.  Vous étiez morts par vos offenses et par vos péchés, 2#1 Co 6:11. Col 3:7. Tit 3:3.dans lesquels vous marchiez autrefois, selon le train de ce monde, #Jn 12:31; 14:30; 16:11. Ép 6:12.selon le prince de la puissance de l’air, de l’esprit qui agit maintenant dans les fils de la rébellion. 3Nous tous aussi, nous étions de leur nombre, et nous vivions autrefois selon les convoitises de notre chair, accomplissant les volontés de la chair et de nos pensées, et nous étions par nature des enfants de colère, comme les autres… 4Mais Dieu, qui est riche en miséricorde, à cause du grand amour dont il nous a aimés, 5nous qui étions morts par nos offenses, #Ro 6:8; 8:11. Col 3:1, 2.nous a rendus à la vie avec Christ (#Ac 15:11. Tit 3:5.c’est par grâce que vous êtes sauvés); 6il nous a ressuscités ensemble, et nous a fait asseoir ensemble dans les lieux célestes, en Jésus-Christ, 7afin de montrer dans les siècles à venir l’infinie richesse de sa grâce par sa bonté envers nous en Jésus-Christ. 8Car c’est par la grâce que vous êtes sauvés, par le moyen de la foi. Et cela ne vient pas de vous, #Mt 16:17. Ép 1:19.c’est le don de Dieu. 9Ce n’est point par les œuvres, #Ro 3:27. 1 Co 1:29.afin que personne ne se glorifie. 10Car nous sommes son ouvrage, #2 Co 5:17. Ép 1:4; 4:24. Tit 2:14.ayant été créés en Jésus-Christ pour de bonnes œuvres, que Dieu a préparées d’avance, afin que nous les pratiquions.Les païens et les Juifs unis ensemble avec Dieu par la croix de ChristV. 11-18: cf. Col 2:13, 14; 1:20-22. Ga 3:28, 29. Hé 10:19-22. Za 6:15.  11C’est pourquoi, vous autrefois païens dans la chair, appelés incirconcis par ceux qu’on appelle circoncis et qui le sont en la chair par la main de l’homme, 12souvenez-vous que vous étiez en ce temps-là sans Christ, privés du droit de cité en Israël, étrangers #Ro 9:4.aux alliances de la promesse, sans espérance et sans Dieu dans le monde. 13Mais maintenant, en Jésus-Christ, vous qui étiez jadis éloignés, vous avez été rapprochés par le sang de Christ. 14#És 9:5. Mi 5:4. Jn 16:33. Ac 10:36. Ro 5:1. Col 1:20.Car il est notre paix, lui qui des deux n’en a fait qu’un, et qui a renversé le mur de séparation, l’inimitié, 15ayant anéanti par sa chair la loi des ordonnances dans ses prescriptions, afin de créer en lui-même avec les deux un seul homme nouveau, en établissant la paix, 16et de les réconcilier, l’un et l’autre en un seul corps, avec Dieu par la croix, en détruisant par elle l’inimitié. 17#És 57:19. Ép 3:12.Il est venu annoncer la paix à vous qui étiez loin, et la paix à ceux qui étaient près; 18#Jn 10:9, 14, 6. Ro 5:2. Ép 3:12. Hé 10:19.car par lui nous avons les uns et les autres accès auprès du Père, dans un même Esprit.V. 19-22: cf. Ép 3:6. (1 Pi 2:4-7. 1 Co 3:9-11, 16, 17.)  19Ainsi donc, vous n’êtes plus des étrangers, ni des gens du dehors; mais vous êtes concitoyens des saints, #Ga 6:10.gens de la maison de Dieu. 20Vous avez été #1 Co 3:9, 10.édifiés #És 28:16. Mt 16:18. 1 Co 3:10. Ap 21:14.sur le fondement des apôtres et des prophètes, #1 Pi 2:4.Jésus-Christ lui-même étant la pierre angulaire. 21#Ép 4:16.En lui tout l’édifice, bien coordonné, s’élève pour être #1 Co 6:19. 2 Co 6:16.un temple saint dans le Seigneur. 22En lui vous êtes aussi édifiés pour être une habitation de Dieu en Esprit."
      },
      {
        "book_name": "Ephesians",
        "book": 49,
        "chapter": 2,
        "verse": 1,
        "text": "#    \n        Ro 5:6. Col 2:13.  Vous étiez morts par vos offenses et par vos péchés,"
      },
      {
        "book_name": "Ephesians",
        "book": 49,
        "chapter": 2,
        "verse": 2,
        "text": "#1 Co 6:11. Col 3:7. Tit 3:3.dans lesquels vous marchiez autrefois, selon le train de ce monde, #Jn 12:31; 14:30; 16:11. Ép 6:12.selon le prince de la puissance de l’air, de l’esprit qui agit maintenant dans les fils de la rébellion."
      },
      {
        "book_name": "Ephesians",
        "book": 49,
        "chapter": 2,
        "verse": 3,
        "text": "Nous tous aussi, nous étions de leur nombre, et nous vivions autrefois selon les convoitises de notre chair, accomplissant les volontés de la chair et de nos pensées, et nous étions par nature des enfants de colère, comme les autres…"
      },
      {
        "book_name": "Ephesians",
        "book": 49,
        "chapter": 2,
        "verse": 4,
        "text": "Mais Dieu, qui est riche en miséricorde, à cause du grand amour dont il nous a aimés,"
      },
      {
        "book_name": "Ephesians",
        "book": 49,
        "chapter": 2,
        "verse": 5,
        "text": "nous qui étions morts par nos offenses, #Ro 6:8; 8:11. Col 3:1, 2.nous a rendus à la vie avec Christ (#Ac 15:11. Tit 3:5.c’est par grâce que vous êtes sauvés);"
      },
      {
        "book_name": "Ephesians",
        "book": 49,
        "chapter": 2,
        "verse": 6,
        "text": "il nous a ressuscités ensemble, et nous a fait asseoir ensemble dans les lieux célestes, en Jésus-Christ,"
      },
      {
        "book_name": "Ephesians",
        "book": 49,
        "chapter": 2,
        "verse": 7,
        "text": "afin de montrer dans les siècles à venir l’infinie richesse de sa grâce par sa bonté envers nous en Jésus-Christ."
      },
      {
        "book_name": "Ephesians",
        "book": 49,
        "chapter": 2,
        "verse": 8,
        "text": "Car c’est par la grâce que vous êtes sauvés, par le moyen de la foi. Et cela ne vient pas de vous, #Mt 16:17. Ép 1:19.c’est le don de Dieu."
      },
      {
        "book_name": "Ephesians",
        "book": 49,
        "chapter": 2,
        "verse": 9,
        "text": "Ce n’est point par les œuvres, #Ro 3:27. 1 Co 1:29.afin que personne ne se glorifie."
      },
      {
        "book_name": "Ephesians",
        "book": 49,
        "chapter": 2,
        "verse": 10,
        "text": "Car nous sommes son ouvrage, #2 Co 5:17. Ép 1:4; 4:24. Tit 2:14.ayant été créés en Jésus-Christ pour de bonnes œuvres, que Dieu a préparées d’avance, afin que nous les pratiquions."
      },
      {
        "book_name": "Ephesians",
        "book": 49,
        "chapter": 2,
        "verse": 11,
        "text": "C’est pourquoi, vous autrefois païens dans la chair, appelés incirconcis par ceux qu’on appelle circoncis et qui le sont en la chair par la main de l’homme,"
      },
      {
        "book_name": "Ephesians",
        "book": 49,
        "chapter": 2,
        "verse": 12,
        "text": "souvenez-vous que vous étiez en ce temps-là sans Christ, privés du droit de cité en Israël, étrangers #Ro 9:4.aux alliances de la promesse, sans espérance et sans Dieu dans le monde."
      },
      {
        "book_name": "Ephesians",
        "book": 49,
        "chapter": 2,
        "verse": 13,
        "text": "Mais maintenant, en Jésus-Christ, vous qui étiez jadis éloignés, vous avez été rapprochés par le sang de Christ."
      },
      {
        "book_name": "Ephesians",
        "book": 49,
        "chapter": 2,
        "verse": 14,
        "text": "#És 9:5. Mi 5:4. Jn 16:33. Ac 10:36. Ro 5:1. Col 1:20.Car il est notre paix, lui qui des deux n’en a fait qu’un, et qui a renversé le mur de séparation, l’inimitié,"
      },
      {
        "book_name": "Ephesians",
        "book": 49,
        "chapter": 2,
        "verse": 15,
        "text": "ayant anéanti par sa chair la loi des ordonnances dans ses prescriptions, afin de créer en lui-même avec les deux un seul homme nouveau, en établissant la paix,"
      },
      {
        "book_name": "Ephesians",
        "book": 49,
        "chapter": 2,
        "verse": 16,
        "text": "et de les réconcilier, l’un et l’autre en un seul corps, avec Dieu par la croix, en détruisant par elle l’inimitié."
      },
      {
        "book_name": "Ephesians",
        "book": 49,
        "chapter": 2,
        "verse": 17,
        "text": "#És 57:19. Ép 3:12.Il est venu annoncer la paix à vous qui étiez loin, et la paix à ceux qui étaient près;"
      },
      {
        "book_name": "Ephesians",
        "book": 49,
        "chapter": 2,
        "verse": 18,
        "text": "#Jn 10:9, 14, 6. Ro 5:2. Ép 3:12. Hé 10:19.car par lui nous avons les uns et les autres accès auprès du Père, dans un même Esprit."
      },
      {
        "book_name": "Ephesians",
        "book": 49,
        "chapter": 2,
        "verse": 19,
        "text": "Ainsi donc, vous n’êtes plus des étrangers, ni des gens du dehors; mais vous êtes concitoyens des saints, #Ga 6:10.gens de la maison de Dieu."
      },
      {
        "book_name": "Ephesians",
        "book": 49,
        "chapter": 2,
        "verse": 20,
        "text": "Vous avez été #1 Co 3:9, 10.édifiés #És 28:16. Mt 16:18. 1 Co 3:10. Ap 21:14.sur le fondement des apôtres et des prophètes, #1 Pi 2:4.Jésus-Christ lui-même étant la pierre angulaire."
      },
      {
        "book_name": "Ephesians",
        "book": 49,
        "chapter": 2,
        "verse": 21,
        "text": "#Ép 4:16.En lui tout l’édifice, bien coordonné, s’élève pour être #1 Co 6:19. 2 Co 6:16.un temple saint dans le Seigneur."
      },
      {
        "book_name": "Ephesians",
        "book": 49,
        "chapter": 2,
        "verse": 22,
        "text": "En lui vous êtes aussi édifiés pour être une habitation de Dieu en Esprit."
      }
    ],
    "3": [
      {
        "book_name": "Ephesians",
        "book": 49,
        "chapter": 3,
        "verse": 1,
        "text": "Le mystère de la vocation des païens. Immensité de l’amour de ChristV. 1-13: cf. Ép 1:9, 10. Col 1:24-29. Ro 16:25, 26. 1 Pi 1:10-12.  1A cause de cela, moi Paul, #Ac 21:33. Ép 4:1. Ph 1:7, 13, 14, 16. Col 4:3. 2 Ti 1:8. Phm v. 1.le prisonnier de Christ pour vous païens… 2si du moins vous avez appris quelle est la dispensation #Ro 1:5.de la grâce de Dieu, #Ac 13:2. Ép 3:8.qui m’a été donnée pour vous. 3C’est #Ac 22:17, 21; 26:16, 17. Ga 1:11, 12.par révélation que j’ai eu connaissance du #Ro 16:25.mystère sur lequel je viens d’écrire en peu de mots. 4En les lisant, vous pouvez vous représenter l’intelligence que j’ai du mystère de Christ. 5Il n’a pas été manifesté aux fils des hommes dans les autres générations, #Ac 10:28.comme il a été révélé maintenant par l’Esprit aux saints apôtres et prophètes de Christ. 6Ce mystère, c’est que les païens sont cohéritiers, forment un même corps, et participent à la même promesse en Jésus-Christ par l’Évangile, 7dont j’ai été fait ministre selon le don de la grâce de Dieu, qui m’a été accordée #Ép 1:19. Col 2:12.par l’efficacité de sa puissance. 8A moi, #1 Co 15:9. 1 Ti 1:15.qui suis le moindre de tous les saints, cette grâce a été accordée d’annoncer #Ac 9:15; 13:2; 22:21. Ga 1:16; 2:8. 1 Ti 2:7. 2 Ti 1:11.aux païens les richesses incompréhensibles de Christ, 9et de mettre en lumière quelle est la dispensation #Ro 16:25. Ép 1:9. Col 1:26. 2 Ti 1:10. Tit 1:2. 1 Pi 1:20.du mystère caché de tout temps en Dieu qui a #Ge 1:3. Ps 33:6. Jn 1:3. Col 1:16. Hé 1:2.créé toutes choses, 10#1 Pi 1:12.afin que les dominations et les autorités dans les lieux célestes connaissent aujourd’hui par l’Église la sagesse infiniment variée de Dieu, 11selon le dessein éternel qu’il a mis à exécution par Jésus-Christ notre Seigneur, 12#Jn 10:9; 14:6. Ro 5:2. Ép 2:18. Hé 10:19.en qui nous avons, par la foi en lui, la liberté de nous approcher de Dieu avec confiance. 13#Ph 1:14. 1 Th 3:3.Aussi je vous demande de ne pas perdre courage à cause de mes tribulations #Col 1:24.pour vous: elles sont votre gloire.V. 14-21: cf. (Col 2:1-3, 9, 10. 2 Pi 3:18. Jud v. 24, 25. Ap 1:6.)  14A cause de cela, je fléchis les genoux devant le Père, 15duquel tire son nom toute famille dans les cieux et sur la terre, 16afin qu’il vous donne, selon la richesse de sa gloire, d’être puissamment #Ép 6:10.fortifiés par son Esprit dans l’homme intérieur, 17en sorte que Christ habite dans vos cœurs par la foi; afin qu’étant #Col 2:7.enracinés et fondés dans l’amour, 18vous puissiez comprendre avec tous les saints quelle est la largeur, la longueur, la profondeur et la hauteur, 19et connaître l’amour de Christ, qui surpasse toute connaissance, en sorte que vous soyez remplis jusqu’à toute la plénitude de Dieu. 20#Ro 16:25.Or, à celui qui peut faire, par la puissance qui agit en nous, infiniment au-delà de tout ce que nous demandons ou pensons, 21à lui soit la gloire dans l’Église et en Jésus-Christ, dans toutes les générations, aux siècles des siècles! Amen!"
      },
      {
        "book_name": "Ephesians",
        "book": 49,
        "chapter": 3,
        "verse": 1,
        "text": "A cause de cela, moi Paul, #Ac 21:33. Ép 4:1. Ph 1:7, 13, 14, 16. Col 4:3. 2 Ti 1:8. Phm v. 1.le prisonnier de Christ pour vous païens…"
      },
      {
        "book_name": "Ephesians",
        "book": 49,
        "chapter": 3,
        "verse": 2,
        "text": "si du moins vous avez appris quelle est la dispensation #Ro 1:5.de la grâce de Dieu, #Ac 13:2. Ép 3:8.qui m’a été donnée pour vous."
      },
      {
        "book_name": "Ephesians",
        "book": 49,
        "chapter": 3,
        "verse": 3,
        "text": "C’est #Ac 22:17, 21; 26:16, 17. Ga 1:11, 12.par révélation que j’ai eu connaissance du #Ro 16:25.mystère sur lequel je viens d’écrire en peu de mots."
      },
      {
        "book_name": "Ephesians",
        "book": 49,
        "chapter": 3,
        "verse": 4,
        "text": "En les lisant, vous pouvez vous représenter l’intelligence que j’ai du mystère de Christ."
      },
      {
        "book_name": "Ephesians",
        "book": 49,
        "chapter": 3,
        "verse": 5,
        "text": "Il n’a pas été manifesté aux fils des hommes dans les autres générations, #Ac 10:28.comme il a été révélé maintenant par l’Esprit aux saints apôtres et prophètes de Christ."
      },
      {
        "book_name": "Ephesians",
        "book": 49,
        "chapter": 3,
        "verse": 6,
        "text": "Ce mystère, c’est que les païens sont cohéritiers, forment un même corps, et participent à la même promesse en Jésus-Christ par l’Évangile,"
      },
      {
        "book_name": "Ephesians",
        "book": 49,
        "chapter": 3,
        "verse": 7,
        "text": "dont j’ai été fait ministre selon le don de la grâce de Dieu, qui m’a été accordée #Ép 1:19. Col 2:12.par l’efficacité de sa puissance."
      },
      {
        "book_name": "Ephesians",
        "book": 49,
        "chapter": 3,
        "verse": 8,
        "text": "A moi, #1 Co 15:9. 1 Ti 1:15.qui suis le moindre de tous les saints, cette grâce a été accordée d’annoncer #Ac 9:15; 13:2; 22:21. Ga 1:16; 2:8. 1 Ti 2:7. 2 Ti 1:11.aux païens les richesses incompréhensibles de Christ,"
      },
      {
        "book_name": "Ephesians",
        "book": 49,
        "chapter": 3,
        "verse": 9,
        "text": "et de mettre en lumière quelle est la dispensation #Ro 16:25. Ép 1:9. Col 1:26. 2 Ti 1:10. Tit 1:2. 1 Pi 1:20.du mystère caché de tout temps en Dieu qui a #Ge 1:3. Ps 33:6. Jn 1:3. Col 1:16. Hé 1:2.créé toutes choses,"
      },
      {
        "book_name": "Ephesians",
        "book": 49,
        "chapter": 3,
        "verse": 10,
        "text": "#1 Pi 1:12.afin que les dominations et les autorités dans les lieux célestes connaissent aujourd’hui par l’Église la sagesse infiniment variée de Dieu,"
      },
      {
        "book_name": "Ephesians",
        "book": 49,
        "chapter": 3,
        "verse": 11,
        "text": "selon le dessein éternel qu’il a mis à exécution par Jésus-Christ notre Seigneur,"
      },
      {
        "book_name": "Ephesians",
        "book": 49,
        "chapter": 3,
        "verse": 12,
        "text": "#Jn 10:9; 14:6. Ro 5:2. Ép 2:18. Hé 10:19.en qui nous avons, par la foi en lui, la liberté de nous approcher de Dieu avec confiance."
      },
      {
        "book_name": "Ephesians",
        "book": 49,
        "chapter": 3,
        "verse": 13,
        "text": "#Ph 1:14. 1 Th 3:3.Aussi je vous demande de ne pas perdre courage à cause de mes tribulations #Col 1:24.pour vous: elles sont votre gloire."
      },
      {
        "book_name": "Ephesians",
        "book": 49,
        "chapter": 3,
        "verse": 14,
        "text": "A cause de cela, je fléchis les genoux devant le Père,"
      },
      {
        "book_name": "Ephesians",
        "book": 49,
        "chapter": 3,
        "verse": 15,
        "text": "duquel tire son nom toute famille dans les cieux et sur la terre,"
      },
      {
        "book_name": "Ephesians",
        "book": 49,
        "chapter": 3,
        "verse": 16,
        "text": "afin qu’il vous donne, selon la richesse de sa gloire, d’être puissamment #Ép 6:10.fortifiés par son Esprit dans l’homme intérieur,"
      },
      {
        "book_name": "Ephesians",
        "book": 49,
        "chapter": 3,
        "verse": 17,
        "text": "en sorte que Christ habite dans vos cœurs par la foi; afin qu’étant #Col 2:7.enracinés et fondés dans l’amour,"
      },
      {
        "book_name": "Ephesians",
        "book": 49,
        "chapter": 3,
        "verse": 18,
        "text": "vous puissiez comprendre avec tous les saints quelle est la largeur, la longueur, la profondeur et la hauteur,"
      },
      {
        "book_name": "Ephesians",
        "book": 49,
        "chapter": 3,
        "verse": 19,
        "text": "et connaître l’amour de Christ, qui surpasse toute connaissance, en sorte que vous soyez remplis jusqu’à toute la plénitude de Dieu."
      },
      {
        "book_name": "Ephesians",
        "book": 49,
        "chapter": 3,
        "verse": 20,
        "text": "#Ro 16:25.Or, à celui qui peut faire, par la puissance qui agit en nous, infiniment au-delà de tout ce que nous demandons ou pensons,"
      },
      {
        "book_name": "Ephesians",
        "book": 49,
        "chapter": 3,
        "verse": 21,
        "text": "à lui soit la gloire dans l’Église et en Jésus-Christ, dans toutes les générations, aux siècles des siècles! Amen!"
      }
    ],
    "4": [
      {
        "book_name": "Ephesians",
        "book": 49,
        "chapter": 4,
        "verse": 1,
        "text": "L’unité de la foiV. 1-16: cf. Col 3:12-14. (Ro 12:4-8. 1 Co 12:4-31.)  1Je vous exhorte donc, moi, le prisonnier dans le Seigneur, #Ge 17:1. 1 Co 7:20. Ph 1:27. Col 1:10. 1 Th 2:12.à marcher d’une manière digne de la vocation qui vous a été adressée, 2#Col 1:11; 3:12. 1 Th 5:14.en toute humilité et douceur, avec patience, vous supportant les uns les autres avec charité, 3vous efforçant de conserver l’unité de l’esprit par le lien de la paix. 4Il y a un seul corps et un seul Esprit, comme aussi vous avez été appelés à une seule espérance par votre vocation; 5#De 4:39. Mal 2:10. 1 Co 8:4, 6.il y a un seul Seigneur, une seule foi, un seul baptême, 6un seul Dieu et Père de tous, qui est au-dessus de tous, et parmi tous, et en tous. 7#Ro 12:6. 1 Co 12:11. 2 Co 10:13. 1 Pi 4:10.Mais à chacun de nous la grâce a été donnée selon la mesure du don de Christ. 8C’est pourquoi il est dit:  #    \n        Ps 68:19.  Étant monté en haut, il a emmené des captifs,Et il a fait des dons aux hommes. 9#Jn 3:13; 6:62.Or, que signifie: Il est monté, sinon qu’il est aussi descendu dans les régions inférieures de la terre? 10Celui qui est descendu, c’est le même qui est monté au-dessus de tous les cieux, afin de remplir toutes choses. 11#1 Co 12:28.Et il a donné les uns comme apôtres, les autres comme prophètes, les autres comme évangélistes, les autres comme pasteurs et docteurs, 12pour le perfectionnement des saints en vue de l’œuvre du ministère et de l’édification #Ro 12:5. 1 Co 12:27. Ép 1:23. Col 1:24.du corps de Christ, 13jusqu’à ce que nous soyons tous parvenus à l’unité de la foi et de la connaissance du Fils de Dieu, à l’état d’homme fait, à la mesure de la stature parfaite de Christ, 14#1 Co 14:20.afin que nous ne soyons plus des enfants, #Mt 11:7.flottants et emportés à tout vent de doctrine, par la tromperie des hommes, par leur ruse dans les moyens de séduction, 15mais que, professant la vérité dans la charité, nous croissions à tous égards en celui qui est #Ép 5:23. Col 1:18.le chef, Christ. 16#Ro 12:5. 1 Co 12:27. Ép 2:21.C’est de lui, et grâce à tous les liens de son assistance, que tout le corps, bien coordonné et formant un solide assemblage, tire son accroissement selon la force qui convient à chacune de ses parties, et s’édifie lui-même dans la charité.La sainteté chrétienne, opposée aux mœurs corrompues des païens4 v. 17 à 5 v. 2: cf. (Col 3:1-13. Ga 5:16-25.) (1 Jn 4:7-11; 3:16-18.)  17Voici donc ce que je dis #Ro 1:9.et ce que je déclare dans le Seigneur, #Ro 1:18. 1 Pi 4:3.c’est que vous ne devez plus marcher comme les païens, qui marchent selon la vanité de leurs pensées. 18Ils ont l’intelligence obscurcie, ils sont étrangers à la vie de Dieu, #1 Th 4:5.à cause de l’ignorance qui est en eux, à cause de l’endurcissement de leur cœur. 19Ayant perdu tout sentiment, ils se sont livrés à la dissolution, pour commettre toute espèce d’impureté jointe à la cupidité. 20Mais vous, ce n’est pas ainsi que vous avez appris Christ, 21si du moins vous l’avez entendu, et si, conformément à la vérité qui est en Jésus, c’est en lui que vous avez été instruits à vous dépouiller, 22eu égard à votre vie passée, du #Col 3:9. Hé 12:1. 1 Pi 2:1.vieil homme qui se corrompt par les convoitises trompeuses, 23à être renouvelés dans l’esprit de votre intelligence, 24#Ro 6:4. Col 3:10. 1 Pi 4:2.et à revêtir l’homme nouveau, créé selon Dieu dans une justice et une sainteté que produit la vérité. 25C’est pourquoi, renoncez au mensonge, #Za 8:16.et que chacun de vous parle selon la vérité à son prochain; car nous sommes membres les uns des autres. 26#Ps 4:5.Si vous vous mettez en colère, ne péchez point; que le soleil ne se couche pas sur votre colère, 27#Ja 4:7. 1 Pi 5:9.et ne donnez pas accès au diable. 28Que celui qui dérobait ne dérobe plus; #Ac 20:35. 1 Th 4:11. 2 Th 3:8, 12.mais plutôt qu’il travaille, en faisant de ses mains ce qui est bien, pour avoir de quoi donner à celui qui est dans le besoin. 29#Mt 12:36. Ép 5:3, 4.Qu’il ne sorte de votre bouche aucune parole mauvaise, mais, s’il y a lieu, quelque bonne parole, qui serve à l’édification et communique une grâce à ceux qui l’entendent. 30N’attristez pas le Saint-Esprit de Dieu, #Ro 8:16. 2 Co 1:22; 5:5. Ép 1:13.par lequel vous avez été scellés pour le jour #Lu 21:28. Ro 8:23. Ép 1:14.de la rédemption. 31#Col 3:19.Que toute amertume, toute animosité, toute colère, toute clameur, toute calomnie, et toute espèce de méchanceté, disparaissent du milieu de vous. 32#Ph 2:1. Col 3:12.Soyez bons les uns envers les autres, compatissants, #Mt 6:14. Mc 11:25. Col 3:13.vous pardonnant réciproquement, comme Dieu vous a pardonné en Christ."
      },
      {
        "book_name": "Ephesians",
        "book": 49,
        "chapter": 4,
        "verse": 1,
        "text": "Je vous exhorte donc, moi, le prisonnier dans le Seigneur, #Ge 17:1. 1 Co 7:20. Ph 1:27. Col 1:10. 1 Th 2:12.à marcher d’une manière digne de la vocation qui vous a été adressée,"
      },
      {
        "book_name": "Ephesians",
        "book": 49,
        "chapter": 4,
        "verse": 2,
        "text": "#Col 1:11; 3:12. 1 Th 5:14.en toute humilité et douceur, avec patience, vous supportant les uns les autres avec charité,"
      },
      {
        "book_name": "Ephesians",
        "book": 49,
        "chapter": 4,
        "verse": 3,
        "text": "vous efforçant de conserver l’unité de l’esprit par le lien de la paix."
      },
      {
        "book_name": "Ephesians",
        "book": 49,
        "chapter": 4,
        "verse": 4,
        "text": "Il y a un seul corps et un seul Esprit, comme aussi vous avez été appelés à une seule espérance par votre vocation;"
      },
      {
        "book_name": "Ephesians",
        "book": 49,
        "chapter": 4,
        "verse": 5,
        "text": "#De 4:39. Mal 2:10. 1 Co 8:4, 6.il y a un seul Seigneur, une seule foi, un seul baptême,"
      },
      {
        "book_name": "Ephesians",
        "book": 49,
        "chapter": 4,
        "verse": 6,
        "text": "un seul Dieu et Père de tous, qui est au-dessus de tous, et parmi tous, et en tous."
      },
      {
        "book_name": "Ephesians",
        "book": 49,
        "chapter": 4,
        "verse": 7,
        "text": "#Ro 12:6. 1 Co 12:11. 2 Co 10:13. 1 Pi 4:10.Mais à chacun de nous la grâce a été donnée selon la mesure du don de Christ."
      },
      {
        "book_name": "Ephesians",
        "book": 49,
        "chapter": 4,
        "verse": 8,
        "text": "C’est pourquoi il est dit:"
      },
      {
        "book_name": "Ephesians",
        "book": 49,
        "chapter": 4,
        "verse": 8,
        "text": "#    \n        Ps 68:19.  Étant monté en haut, il a emmené des captifs,"
      },
      {
        "book_name": "Ephesians",
        "book": 49,
        "chapter": 4,
        "verse": 8,
        "text": "Et il a fait des dons aux hommes."
      },
      {
        "book_name": "Ephesians",
        "book": 49,
        "chapter": 4,
        "verse": 9,
        "text": "#Jn 3:13; 6:62.Or, que signifie: Il est monté, sinon qu’il est aussi descendu dans les régions inférieures de la terre?"
      },
      {
        "book_name": "Ephesians",
        "book": 49,
        "chapter": 4,
        "verse": 10,
        "text": "Celui qui est descendu, c’est le même qui est monté au-dessus de tous les cieux, afin de remplir toutes choses."
      },
      {
        "book_name": "Ephesians",
        "book": 49,
        "chapter": 4,
        "verse": 11,
        "text": "#1 Co 12:28.Et il a donné les uns comme apôtres, les autres comme prophètes, les autres comme évangélistes, les autres comme pasteurs et docteurs,"
      },
      {
        "book_name": "Ephesians",
        "book": 49,
        "chapter": 4,
        "verse": 12,
        "text": "pour le perfectionnement des saints en vue de l’œuvre du ministère et de l’édification #Ro 12:5. 1 Co 12:27. Ép 1:23. Col 1:24.du corps de Christ,"
      },
      {
        "book_name": "Ephesians",
        "book": 49,
        "chapter": 4,
        "verse": 13,
        "text": "jusqu’à ce que nous soyons tous parvenus à l’unité de la foi et de la connaissance du Fils de Dieu, à l’état d’homme fait, à la mesure de la stature parfaite de Christ,"
      },
      {
        "book_name": "Ephesians",
        "book": 49,
        "chapter": 4,
        "verse": 14,
        "text": "#1 Co 14:20.afin que nous ne soyons plus des enfants, #Mt 11:7.flottants et emportés à tout vent de doctrine, par la tromperie des hommes, par leur ruse dans les moyens de séduction,"
      },
      {
        "book_name": "Ephesians",
        "book": 49,
        "chapter": 4,
        "verse": 15,
        "text": "mais que, professant la vérité dans la charité, nous croissions à tous égards en celui qui est #Ép 5:23. Col 1:18.le chef, Christ."
      },
      {
        "book_name": "Ephesians",
        "book": 49,
        "chapter": 4,
        "verse": 16,
        "text": "#Ro 12:5. 1 Co 12:27. Ép 2:21.C’est de lui, et grâce à tous les liens de son assistance, que tout le corps, bien coordonné et formant un solide assemblage, tire son accroissement selon la force qui convient à chacune de ses parties, et s’édifie lui-même dans la charité."
      },
      {
        "book_name": "Ephesians",
        "book": 49,
        "chapter": 4,
        "verse": 17,
        "text": "Voici donc ce que je dis #Ro 1:9.et ce que je déclare dans le Seigneur, #Ro 1:18. 1 Pi 4:3.c’est que vous ne devez plus marcher comme les païens, qui marchent selon la vanité de leurs pensées."
      },
      {
        "book_name": "Ephesians",
        "book": 49,
        "chapter": 4,
        "verse": 18,
        "text": "Ils ont l’intelligence obscurcie, ils sont étrangers à la vie de Dieu, #1 Th 4:5.à cause de l’ignorance qui est en eux, à cause de l’endurcissement de leur cœur."
      },
      {
        "book_name": "Ephesians",
        "book": 49,
        "chapter": 4,
        "verse": 19,
        "text": "Ayant perdu tout sentiment, ils se sont livrés à la dissolution, pour commettre toute espèce d’impureté jointe à la cupidité."
      },
      {
        "book_name": "Ephesians",
        "book": 49,
        "chapter": 4,
        "verse": 20,
        "text": "Mais vous, ce n’est pas ainsi que vous avez appris Christ,"
      },
      {
        "book_name": "Ephesians",
        "book": 49,
        "chapter": 4,
        "verse": 21,
        "text": "si du moins vous l’avez entendu, et si, conformément à la vérité qui est en Jésus, c’est en lui que vous avez été instruits à vous dépouiller,"
      },
      {
        "book_name": "Ephesians",
        "book": 49,
        "chapter": 4,
        "verse": 22,
        "text": "eu égard à votre vie passée, du #Col 3:9. Hé 12:1. 1 Pi 2:1.vieil homme qui se corrompt par les convoitises trompeuses,"
      },
      {
        "book_name": "Ephesians",
        "book": 49,
        "chapter": 4,
        "verse": 23,
        "text": "à être renouvelés dans l’esprit de votre intelligence,"
      },
      {
        "book_name": "Ephesians",
        "book": 49,
        "chapter": 4,
        "verse": 24,
        "text": "#Ro 6:4. Col 3:10. 1 Pi 4:2.et à revêtir l’homme nouveau, créé selon Dieu dans une justice et une sainteté que produit la vérité."
      },
      {
        "book_name": "Ephesians",
        "book": 49,
        "chapter": 4,
        "verse": 25,
        "text": "C’est pourquoi, renoncez au mensonge, #Za 8:16.et que chacun de vous parle selon la vérité à son prochain; car nous sommes membres les uns des autres."
      },
      {
        "book_name": "Ephesians",
        "book": 49,
        "chapter": 4,
        "verse": 26,
        "text": "#Ps 4:5.Si vous vous mettez en colère, ne péchez point; que le soleil ne se couche pas sur votre colère,"
      },
      {
        "book_name": "Ephesians",
        "book": 49,
        "chapter": 4,
        "verse": 27,
        "text": "#Ja 4:7. 1 Pi 5:9.et ne donnez pas accès au diable."
      },
      {
        "book_name": "Ephesians",
        "book": 49,
        "chapter": 4,
        "verse": 28,
        "text": "Que celui qui dérobait ne dérobe plus; #Ac 20:35. 1 Th 4:11. 2 Th 3:8, 12.mais plutôt qu’il travaille, en faisant de ses mains ce qui est bien, pour avoir de quoi donner à celui qui est dans le besoin."
      },
      {
        "book_name": "Ephesians",
        "book": 49,
        "chapter": 4,
        "verse": 29,
        "text": "#Mt 12:36. Ép 5:3, 4.Qu’il ne sorte de votre bouche aucune parole mauvaise, mais, s’il y a lieu, quelque bonne parole, qui serve à l’édification et communique une grâce à ceux qui l’entendent."
      },
      {
        "book_name": "Ephesians",
        "book": 49,
        "chapter": 4,
        "verse": 30,
        "text": "N’attristez pas le Saint-Esprit de Dieu, #Ro 8:16. 2 Co 1:22; 5:5. Ép 1:13.par lequel vous avez été scellés pour le jour #Lu 21:28. Ro 8:23. Ép 1:14.de la rédemption."
      },
      {
        "book_name": "Ephesians",
        "book": 49,
        "chapter": 4,
        "verse": 31,
        "text": "#Col 3:19.Que toute amertume, toute animosité, toute colère, toute clameur, toute calomnie, et toute espèce de méchanceté, disparaissent du milieu de vous."
      },
      {
        "book_name": "Ephesians",
        "book": 49,
        "chapter": 4,
        "verse": 32,
        "text": "#Ph 2:1. Col 3:12.Soyez bons les uns envers les autres, compatissants, #Mt 6:14. Mc 11:25. Col 3:13.vous pardonnant réciproquement, comme Dieu vous a pardonné en Christ."
      }
    ],
    "5": [
      {
        "book_name": "Ephesians",
        "book": 49,
        "chapter": 5,
        "verse": 1,
        "text": "1Devenez donc les imitateurs de Dieu, comme des enfants bien-aimés; 2#Jn 13:34; 15:12. 1 Th 4:9. 1 Jn 3:23; 4:21.et marchez dans la charité, #Ga 3:20. Tit 2:14. 1 Pi 3:18.à l’exemple de Christ, qui nous a aimés, #Hé 8:3; 9:14.et qui s’est livré lui-même à Dieu pour nous comme une offrande et un sacrifice de bonne odeur.V. 3-14: cf. (Col 3:5-7. 1 Th 4:1-8. 1 Co 6:9-11.) (1 Pi 2:9-12. Ro 13:11-14. 1 Jn 1:5-7.)  3  #    \n        Mc 7:21. Ép 4:29. Col 3:5.  Que l’impudicité, qu’aucune espèce d’impureté, et que la cupidité, ne soient pas même nommées parmi vous, ainsi qu’il convient à des saints. 4Qu’on n’entende ni paroles déshonnêtes, ni propos insensés, ni plaisanteries, choses qui sont contraires à la bienséance; qu’on entende plutôt des actions de grâces. 5#1 Co 6:10. Ga 5:19. Col 3:5. Ap 22:15.Car, sachez-le bien, aucun impudique, ou impur, ou cupide, c’est-à-dire, idolâtre, n’a d’héritage dans le royaume de Christ et de Dieu. 6#Jé 29:8. Mt 24:4. Mc 13:5. Lu 21:8. Col 2:4, 18. 2 Th 2:3. 1 Jn 4:1.Que personne ne vous séduise par de vains discours; car c’est à cause de ces choses que la colère de Dieu vient sur les fils de la rébellion. 7N’ayez donc aucune part avec eux. 8#1 Th 5:4.Autrefois vous étiez ténèbres, et maintenant vous êtes lumière dans le Seigneur. Marchez comme des enfants de lumière! 9#Ga 5:22.Car le fruit de la lumière consiste en toute sorte de bonté, de justice et de vérité. 10Examinez ce qui est agréable au Seigneur; 11#Mt 18:17. 1 Co 5:8; 10:20. 2 Co 6:14. 2 Th 3:14.et ne prenez point part aux œuvres infructueuses des ténèbres, mais plutôt condamnez-les. 12Car il est honteux de dire ce qu’ils font en secret; 13#Jn 3:20, 21.mais tout ce qui est condamné est manifesté par la lumière, car tout ce qui est manifesté est lumière. 14C’est pour cela qu’il est dit:  #    \n        Ro 13:11. 1 Th 5:6.  Réveille-toi, toi qui dors,Relève-toi d’entre les morts,Et Christ t’éclairera.V. 15-21: cf. Col 4:5; 1:9, 10; 3:16, 17.  15  #    \n        Col 4:5.  Prenez donc garde de vous conduire avec circonspection, non comme des insensés, mais comme des sages; 16#Ro 13:11.rachetez le temps, car les jours sont mauvais. 17C’est pourquoi ne soyez pas inconsidérés, #Ro 12:2. 1 Th 4:3.mais comprenez quelle est la volonté du Seigneur. 18#Pr 23:29. És 5:11, 22. Lu 21:34.Ne vous enivrez pas de vin: c’est de la débauche. Soyez, au contraire, remplis de l’Esprit; 19#Col 3:16.entretenez-vous par des psaumes, par des hymnes, et par des cantiques spirituels, chantant et célébrant de tout votre cœur les louanges du Seigneur; 20#Col 3:17. 1 Th 5:18.rendez continuellement grâces pour toutes choses à Dieu le Père, au nom de notre Seigneur Jésus-Christ, 21vous soumettant les uns aux autres dans la crainte de Christ.Les devoirs domestiquesV. 22-33: cf. Col 3:18, 19. 1 Pi 3:1-7. Ge 2:21-24.  22  #    \n        Ge 3:16. 1 Co 14:34. Col 3:18. Tit 2:5. 1 Pi 3:1.  Femmes, soyez soumises à vos maris, comme au Seigneur; 23#1 Co 11:3.car le mari est le chef de la femme, #Ép 1:22; 4:15. Col 1:18.comme Christ est le chef de l’Église, qui est #Ro 12:5. 1 Co 12:27. Ép 1:23; 4:12. Col 1:24.son corps, et dont il est le Sauveur. 24Or, de même que l’Église est soumise à Christ, les femmes aussi doivent l’être à leurs maris en toutes choses. 25#Col 3:19.Maris, aimez vos femmes, comme Christ a aimé l’Église, #Ga 1:4. Ép 5:2.et s’est livré lui-même pour elle, 26afin de la sanctifier par la parole, après l’avoir #Tit 3:5. 1 Pi 3:21.purifiée par le baptême d’eau, 27afin de faire paraître devant lui cette Église glorieuse, sans tache, ni ride, ni rien de semblable, #Col 1:22.mais sainte et irrépréhensible. 28C’est ainsi que les maris doivent aimer leurs femmes comme leurs propres corps. Celui qui aime sa femme s’aime lui-même. 29Car jamais personne n’a haï sa propre chair; mais il la nourrit et en prend soin, comme Christ le fait pour l’Église, 30#Ro 12:5. 1 Co 12:27.parce que nous sommes membres de son corps. 31#Ge 2:24. Mt 19:5. Mc 10:7.C’est pourquoi l’homme quittera son père et sa mère, et s’attachera à sa femme, et les deux deviendront #1 Co 6:16.une seule chair. 32Ce mystère est grand; je dis cela par rapport à Christ et à l’Église. 33Du reste, que chacun de vous aime sa femme comme lui-même, et que la femme respecte son mari."
      },
      {
        "book_name": "Ephesians",
        "book": 49,
        "chapter": 5,
        "verse": 1,
        "text": "Devenez donc les imitateurs de Dieu, comme des enfants bien-aimés;"
      },
      {
        "book_name": "Ephesians",
        "book": 49,
        "chapter": 5,
        "verse": 2,
        "text": "#Jn 13:34; 15:12. 1 Th 4:9. 1 Jn 3:23; 4:21.et marchez dans la charité, #Ga 3:20. Tit 2:14. 1 Pi 3:18.à l’exemple de Christ, qui nous a aimés, #Hé 8:3; 9:14.et qui s’est livré lui-même à Dieu pour nous comme une offrande et un sacrifice de bonne odeur."
      },
      {
        "book_name": "Ephesians",
        "book": 49,
        "chapter": 5,
        "verse": 3,
        "text": "#    \n        Mc 7:21. Ép 4:29. Col 3:5.  Que l’impudicité, qu’aucune espèce d’impureté, et que la cupidité, ne soient pas même nommées parmi vous, ainsi qu’il convient à des saints."
      },
      {
        "book_name": "Ephesians",
        "book": 49,
        "chapter": 5,
        "verse": 4,
        "text": "Qu’on n’entende ni paroles déshonnêtes, ni propos insensés, ni plaisanteries, choses qui sont contraires à la bienséance; qu’on entende plutôt des actions de grâces."
      },
      {
        "book_name": "Ephesians",
        "book": 49,
        "chapter": 5,
        "verse": 5,
        "text": "#1 Co 6:10. Ga 5:19. Col 3:5. Ap 22:15.Car, sachez-le bien, aucun impudique, ou impur, ou cupide, c’est-à-dire, idolâtre, n’a d’héritage dans le royaume de Christ et de Dieu."
      },
      {
        "book_name": "Ephesians",
        "book": 49,
        "chapter": 5,
        "verse": 6,
        "text": "#Jé 29:8. Mt 24:4. Mc 13:5. Lu 21:8. Col 2:4, 18. 2 Th 2:3. 1 Jn 4:1.Que personne ne vous séduise par de vains discours; car c’est à cause de ces choses que la colère de Dieu vient sur les fils de la rébellion."
      },
      {
        "book_name": "Ephesians",
        "book": 49,
        "chapter": 5,
        "verse": 7,
        "text": "N’ayez donc aucune part avec eux."
      },
      {
        "book_name": "Ephesians",
        "book": 49,
        "chapter": 5,
        "verse": 8,
        "text": "#1 Th 5:4.Autrefois vous étiez ténèbres, et maintenant vous êtes lumière dans le Seigneur. Marchez comme des enfants de lumière!"
      },
      {
        "book_name": "Ephesians",
        "book": 49,
        "chapter": 5,
        "verse": 9,
        "text": "#Ga 5:22.Car le fruit de la lumière consiste en toute sorte de bonté, de justice et de vérité."
      },
      {
        "book_name": "Ephesians",
        "book": 49,
        "chapter": 5,
        "verse": 10,
        "text": "Examinez ce qui est agréable au Seigneur;"
      },
      {
        "book_name": "Ephesians",
        "book": 49,
        "chapter": 5,
        "verse": 11,
        "text": "#Mt 18:17. 1 Co 5:8; 10:20. 2 Co 6:14. 2 Th 3:14.et ne prenez point part aux œuvres infructueuses des ténèbres, mais plutôt condamnez-les."
      },
      {
        "book_name": "Ephesians",
        "book": 49,
        "chapter": 5,
        "verse": 12,
        "text": "Car il est honteux de dire ce qu’ils font en secret;"
      },
      {
        "book_name": "Ephesians",
        "book": 49,
        "chapter": 5,
        "verse": 13,
        "text": "#Jn 3:20, 21.mais tout ce qui est condamné est manifesté par la lumière, car tout ce qui est manifesté est lumière."
      },
      {
        "book_name": "Ephesians",
        "book": 49,
        "chapter": 5,
        "verse": 14,
        "text": "C’est pour cela qu’il est dit:"
      },
      {
        "book_name": "Ephesians",
        "book": 49,
        "chapter": 5,
        "verse": 14,
        "text": "#    \n        Ro 13:11. 1 Th 5:6.  Réveille-toi, toi qui dors,"
      },
      {
        "book_name": "Ephesians",
        "book": 49,
        "chapter": 5,
        "verse": 14,
        "text": "Relève-toi d’entre les morts,"
      },
      {
        "book_name": "Ephesians",
        "book": 49,
        "chapter": 5,
        "verse": 14,
        "text": "Et Christ t’éclairera."
      },
      {
        "book_name": "Ephesians",
        "book": 49,
        "chapter": 5,
        "verse": 15,
        "text": "#    \n        Col 4:5.  Prenez donc garde de vous conduire avec circonspection, non comme des insensés, mais comme des sages;"
      },
      {
        "book_name": "Ephesians",
        "book": 49,
        "chapter": 5,
        "verse": 16,
        "text": "#Ro 13:11.rachetez le temps, car les jours sont mauvais."
      },
      {
        "book_name": "Ephesians",
        "book": 49,
        "chapter": 5,
        "verse": 17,
        "text": "C’est pourquoi ne soyez pas inconsidérés, #Ro 12:2. 1 Th 4:3.mais comprenez quelle est la volonté du Seigneur."
      },
      {
        "book_name": "Ephesians",
        "book": 49,
        "chapter": 5,
        "verse": 18,
        "text": "#Pr 23:29. És 5:11, 22. Lu 21:34.Ne vous enivrez pas de vin: c’est de la débauche. Soyez, au contraire, remplis de l’Esprit;"
      },
      {
        "book_name": "Ephesians",
        "book": 49,
        "chapter": 5,
        "verse": 19,
        "text": "#Col 3:16.entretenez-vous par des psaumes, par des hymnes, et par des cantiques spirituels, chantant et célébrant de tout votre cœur les louanges du Seigneur;"
      },
      {
        "book_name": "Ephesians",
        "book": 49,
        "chapter": 5,
        "verse": 20,
        "text": "#Col 3:17. 1 Th 5:18.rendez continuellement grâces pour toutes choses à Dieu le Père, au nom de notre Seigneur Jésus-Christ,"
      },
      {
        "book_name": "Ephesians",
        "book": 49,
        "chapter": 5,
        "verse": 21,
        "text": "vous soumettant les uns aux autres dans la crainte de Christ."
      },
      {
        "book_name": "Ephesians",
        "book": 49,
        "chapter": 5,
        "verse": 22,
        "text": "#    \n        Ge 3:16. 1 Co 14:34. Col 3:18. Tit 2:5. 1 Pi 3:1.  Femmes, soyez soumises à vos maris, comme au Seigneur;"
      },
      {
        "book_name": "Ephesians",
        "book": 49,
        "chapter": 5,
        "verse": 23,
        "text": "#1 Co 11:3.car le mari est le chef de la femme, #Ép 1:22; 4:15. Col 1:18.comme Christ est le chef de l’Église, qui est #Ro 12:5. 1 Co 12:27. Ép 1:23; 4:12. Col 1:24.son corps, et dont il est le Sauveur."
      },
      {
        "book_name": "Ephesians",
        "book": 49,
        "chapter": 5,
        "verse": 24,
        "text": "Or, de même que l’Église est soumise à Christ, les femmes aussi doivent l’être à leurs maris en toutes choses."
      },
      {
        "book_name": "Ephesians",
        "book": 49,
        "chapter": 5,
        "verse": 25,
        "text": "#Col 3:19.Maris, aimez vos femmes, comme Christ a aimé l’Église, #Ga 1:4. Ép 5:2.et s’est livré lui-même pour elle,"
      },
      {
        "book_name": "Ephesians",
        "book": 49,
        "chapter": 5,
        "verse": 26,
        "text": "afin de la sanctifier par la parole, après l’avoir #Tit 3:5. 1 Pi 3:21.purifiée par le baptême d’eau,"
      },
      {
        "book_name": "Ephesians",
        "book": 49,
        "chapter": 5,
        "verse": 27,
        "text": "afin de faire paraître devant lui cette Église glorieuse, sans tache, ni ride, ni rien de semblable, #Col 1:22.mais sainte et irrépréhensible."
      },
      {
        "book_name": "Ephesians",
        "book": 49,
        "chapter": 5,
        "verse": 28,
        "text": "C’est ainsi que les maris doivent aimer leurs femmes comme leurs propres corps. Celui qui aime sa femme s’aime lui-même."
      },
      {
        "book_name": "Ephesians",
        "book": 49,
        "chapter": 5,
        "verse": 29,
        "text": "Car jamais personne n’a haï sa propre chair; mais il la nourrit et en prend soin, comme Christ le fait pour l’Église,"
      },
      {
        "book_name": "Ephesians",
        "book": 49,
        "chapter": 5,
        "verse": 30,
        "text": "#Ro 12:5. 1 Co 12:27.parce que nous sommes membres de son corps."
      },
      {
        "book_name": "Ephesians",
        "book": 49,
        "chapter": 5,
        "verse": 31,
        "text": "#Ge 2:24. Mt 19:5. Mc 10:7.C’est pourquoi l’homme quittera son père et sa mère, et s’attachera à sa femme, et les deux deviendront #1 Co 6:16.une seule chair."
      },
      {
        "book_name": "Ephesians",
        "book": 49,
        "chapter": 5,
        "verse": 32,
        "text": "Ce mystère est grand; je dis cela par rapport à Christ et à l’Église."
      },
      {
        "book_name": "Ephesians",
        "book": 49,
        "chapter": 5,
        "verse": 33,
        "text": "Du reste, que chacun de vous aime sa femme comme lui-même, et que la femme respecte son mari."
      }
    ],
    "6": [
      {
        "book_name": "Ephesians",
        "book": 49,
        "chapter": 6,
        "verse": 1,
        "text": "V. 1-4: cf. Col 3:20, 21. (De 5:16; 27:16. Pr 6:20.) (De 6:6, 7, 20-25. Ps 78:5-7.)  1  #    \n        Col 3:20.  Enfants, obéissez à vos parents, selon le Seigneur, car cela est juste. 2#Ex 20:12. De 5:16; 27:16. Mt 15:4. Mc 7:10.Honore ton père et ta mère (c’est le premier commandement avec une promesse), 3afin que tu sois heureux et que tu vives longtemps sur la terre. 4Et vous, pères, n’irritez pas vos enfants, #De 6:7, 20. Ps 78:4. Pr 19:18; 29:17.mais élevez-les en les corrigeant et en les instruisant selon le Seigneur.V. 5-9: cf. Col 3:22-25; 4:1. Tit 2:9, 10.  5  #    \n        Col 3:22. 1 Ti 6:1. Tit 2:9. 1 Pi 2:18.  Serviteurs, obéissez à vos maîtres selon la chair, avec crainte et tremblement, dans la simplicité de votre cœur, comme à Christ, 6non pas seulement sous leurs yeux, comme pour plaire aux hommes, mais comme des serviteurs de Christ, qui font de bon cœur la volonté de Dieu. 7Servez-les avec empressement, comme servant le Seigneur et non des hommes, 8sachant que chacun, soit esclave, soit libre, recevra du Seigneur selon ce qu’il aura fait de bien. 9#Col 4:1.Et vous, maîtres, agissez de même à leur égard, et abstenez-vous de menaces, sachant que leur maître et le vôtre est dans les cieux, #De 10:17. 2 Ch 19:7. Job 34:19. Ac 10:34. Ro 2:11. Ga 2:6. Col 3:25. 1 Pi 1:17.et que devant lui il n’y a point d’acception de personnes.Les armes spirituelles du chrétienV. 10-20: cf. 1 Pi 5:8, 9. (Ro 13:12. 1 Th 5:8.) Col 4:2-4.  10Au reste, fortifiez-vous dans le Seigneur, et par sa force toute-puissante. 11#Col 3:12. 1 Th 5:8.Revêtez-vous de toutes les armes de Dieu, afin de pouvoir tenir ferme contre les ruses du diable. 12Car nous n’avons pas à lutter contre la chair et le sang, mais contre les dominations, #Ép 2:2.contre les autorités, contre les princes de ce monde de ténèbres, contre les esprits méchants dans les lieux célestes. 13C’est pourquoi, prenez #2 Co 10:4.toutes les armes de Dieu, afin de pouvoir résister dans le mauvais jour, et tenir ferme après avoir tout surmonté. 14#Lu 12:35. 1 Pi 1:13.Tenez donc ferme: ayez à vos reins la vérité pour ceinture; #És 59:17. 2 Co 6:7.revêtez la cuirasse de la justice; 15mettez pour chaussure à vos pieds le zèle que donne l’Évangile de paix; 16prenez par-dessus tout cela le bouclier de la foi, avec lequel vous pourrez éteindre tous les traits enflammés du malin; 17#És 59:17. 1 Th 5:8.prenez aussi le casque du salut, #Hé 4:12. Ap 2:16.et l’épée de l’Esprit, qui est la parole de Dieu. 18Faites #Lu 18:1. Ro 12:12. Col 4:2. 1 Th 5:17.en tout temps par l’Esprit toutes sortes de prières et de supplications. Veillez à cela avec une entière persévérance, et priez pour tous les saints. 19Priez #Ac 4:29. 2 Th 3:1.pour moi, afin qu’il me soit donné, quand j’ouvre la bouche, de faire connaître hardiment et librement le mystère de l’Évangile, 20#2 Co 5:20.pour lequel je suis ambassadeur #Ac 28:20.dans les chaînes, et que j’en parle avec assurance comme je dois en parler.Envoi de l’épître par Tychique. SalutationV. 21-24: cf. Col 4:7-9. 1 Co 16:22-24.  21  #    \n        Col 4:7.  Afin que vous aussi, vous sachiez ce qui me concerne, ce que je fais, #Ac 20:4. Col 4:7. Tit 3:12.Tychique, le bien-aimé frère et fidèle ministre dans le Seigneur, vous informera de tout. 22Je l’envoie exprès #2 Ti 4:12.vers vous, pour que vous connaissiez notre situation, et pour qu’il console vos cœurs. 23Que la paix et la charité avec la foi soient données aux frères de la part de Dieu le Père et du Seigneur Jésus-Christ! 24Que la grâce soit avec tous ceux qui aiment notre Seigneur Jésus-Christ d’un amour inaltérable!"
      },
      {
        "book_name": "Ephesians",
        "book": 49,
        "chapter": 6,
        "verse": 1,
        "text": "#    \n        Col 3:20.  Enfants, obéissez à vos parents, selon le Seigneur, car cela est juste."
      },
      {
        "book_name": "Ephesians",
        "book": 49,
        "chapter": 6,
        "verse": 2,
        "text": "#Ex 20:12. De 5:16; 27:16. Mt 15:4. Mc 7:10.Honore ton père et ta mère (c’est le premier commandement avec une promesse),"
      },
      {
        "book_name": "Ephesians",
        "book": 49,
        "chapter": 6,
        "verse": 3,
        "text": "afin que tu sois heureux et que tu vives longtemps sur la terre."
      },
      {
        "book_name": "Ephesians",
        "book": 49,
        "chapter": 6,
        "verse": 4,
        "text": "Et vous, pères, n’irritez pas vos enfants, #De 6:7, 20. Ps 78:4. Pr 19:18; 29:17.mais élevez-les en les corrigeant et en les instruisant selon le Seigneur."
      },
      {
        "book_name": "Ephesians",
        "book": 49,
        "chapter": 6,
        "verse": 5,
        "text": "#    \n        Col 3:22. 1 Ti 6:1. Tit 2:9. 1 Pi 2:18.  Serviteurs, obéissez à vos maîtres selon la chair, avec crainte et tremblement, dans la simplicité de votre cœur, comme à Christ,"
      },
      {
        "book_name": "Ephesians",
        "book": 49,
        "chapter": 6,
        "verse": 6,
        "text": "non pas seulement sous leurs yeux, comme pour plaire aux hommes, mais comme des serviteurs de Christ, qui font de bon cœur la volonté de Dieu."
      },
      {
        "book_name": "Ephesians",
        "book": 49,
        "chapter": 6,
        "verse": 7,
        "text": "Servez-les avec empressement, comme servant le Seigneur et non des hommes,"
      },
      {
        "book_name": "Ephesians",
        "book": 49,
        "chapter": 6,
        "verse": 8,
        "text": "sachant que chacun, soit esclave, soit libre, recevra du Seigneur selon ce qu’il aura fait de bien."
      },
      {
        "book_name": "Ephesians",
        "book": 49,
        "chapter": 6,
        "verse": 9,
        "text": "#Col 4:1.Et vous, maîtres, agissez de même à leur égard, et abstenez-vous de menaces, sachant que leur maître et le vôtre est dans les cieux, #De 10:17. 2 Ch 19:7. Job 34:19. Ac 10:34. Ro 2:11. Ga 2:6. Col 3:25. 1 Pi 1:17.et que devant lui il n’y a point d’acception de personnes."
      },
      {
        "book_name": "Ephesians",
        "book": 49,
        "chapter": 6,
        "verse": 10,
        "text": "Au reste, fortifiez-vous dans le Seigneur, et par sa force toute-puissante."
      },
      {
        "book_name": "Ephesians",
        "book": 49,
        "chapter": 6,
        "verse": 11,
        "text": "#Col 3:12. 1 Th 5:8.Revêtez-vous de toutes les armes de Dieu, afin de pouvoir tenir ferme contre les ruses du diable."
      },
      {
        "book_name": "Ephesians",
        "book": 49,
        "chapter": 6,
        "verse": 12,
        "text": "Car nous n’avons pas à lutter contre la chair et le sang, mais contre les dominations, #Ép 2:2.contre les autorités, contre les princes de ce monde de ténèbres, contre les esprits méchants dans les lieux célestes."
      },
      {
        "book_name": "Ephesians",
        "book": 49,
        "chapter": 6,
        "verse": 13,
        "text": "C’est pourquoi, prenez #2 Co 10:4.toutes les armes de Dieu, afin de pouvoir résister dans le mauvais jour, et tenir ferme après avoir tout surmonté."
      },
      {
        "book_name": "Ephesians",
        "book": 49,
        "chapter": 6,
        "verse": 14,
        "text": "#Lu 12:35. 1 Pi 1:13.Tenez donc ferme: ayez à vos reins la vérité pour ceinture; #És 59:17. 2 Co 6:7.revêtez la cuirasse de la justice;"
      },
      {
        "book_name": "Ephesians",
        "book": 49,
        "chapter": 6,
        "verse": 15,
        "text": "mettez pour chaussure à vos pieds le zèle que donne l’Évangile de paix;"
      },
      {
        "book_name": "Ephesians",
        "book": 49,
        "chapter": 6,
        "verse": 16,
        "text": "prenez par-dessus tout cela le bouclier de la foi, avec lequel vous pourrez éteindre tous les traits enflammés du malin;"
      },
      {
        "book_name": "Ephesians",
        "book": 49,
        "chapter": 6,
        "verse": 17,
        "text": "#És 59:17. 1 Th 5:8.prenez aussi le casque du salut, #Hé 4:12. Ap 2:16.et l’épée de l’Esprit, qui est la parole de Dieu."
      },
      {
        "book_name": "Ephesians",
        "book": 49,
        "chapter": 6,
        "verse": 18,
        "text": "Faites #Lu 18:1. Ro 12:12. Col 4:2. 1 Th 5:17.en tout temps par l’Esprit toutes sortes de prières et de supplications. Veillez à cela avec une entière persévérance, et priez pour tous les saints."
      },
      {
        "book_name": "Ephesians",
        "book": 49,
        "chapter": 6,
        "verse": 19,
        "text": "Priez #Ac 4:29. 2 Th 3:1.pour moi, afin qu’il me soit donné, quand j’ouvre la bouche, de faire connaître hardiment et librement le mystère de l’Évangile,"
      },
      {
        "book_name": "Ephesians",
        "book": 49,
        "chapter": 6,
        "verse": 20,
        "text": "#2 Co 5:20.pour lequel je suis ambassadeur #Ac 28:20.dans les chaînes, et que j’en parle avec assurance comme je dois en parler."
      },
      {
        "book_name": "Ephesians",
        "book": 49,
        "chapter": 6,
        "verse": 21,
        "text": "#    \n        Col 4:7.  Afin que vous aussi, vous sachiez ce qui me concerne, ce que je fais, #Ac 20:4. Col 4:7. Tit 3:12.Tychique, le bien-aimé frère et fidèle ministre dans le Seigneur, vous informera de tout."
      },
      {
        "book_name": "Ephesians",
        "book": 49,
        "chapter": 6,
        "verse": 22,
        "text": "Je l’envoie exprès #2 Ti 4:12.vers vous, pour que vous connaissiez notre situation, et pour qu’il console vos cœurs."
      },
      {
        "book_name": "Ephesians",
        "book": 49,
        "chapter": 6,
        "verse": 23,
        "text": "Que la paix et la charité avec la foi soient données aux frères de la part de Dieu le Père et du Seigneur Jésus-Christ!"
      },
      {
        "book_name": "Ephesians",
        "book": 49,
        "chapter": 6,
        "verse": 24,
        "text": "Que la grâce soit avec tous ceux qui aiment notre Seigneur Jésus-Christ d’un amour inaltérable!"
      }
    ]
  }
}