{
  "source": "bible.com",
  "version": "Luis Segond (1910)",
  "book": "Galaten",
  "chapters": {
    "1": [
      {
        "book_name": "Galaten",
        "book": 48,
        "chapter": 1,
        "verse": 1,
        "text": "Adresse et salutationV. 1-5: cf. Ro 1:1-7.  1Paul, apôtre, non de la part des hommes, ni par un homme, mais #Tit 1:3.par Jésus-Christ et Dieu le Père, qui l’a ressuscité des morts, 2et tous les frères qui sont avec moi, aux Églises de la Galatie: 3que #Ro 1:7. 1 Co 1:3. Ép 1:2. 1 Pi 1:2.la grâce et la paix vous soient données de la part de Dieu le Père et de notre Seigneur Jésus-Christ, 4#Mt 20:28. Ga 2:20. Ép 5:2. Tit 2:14. Hé 9:14.qui s’est donné lui-même pour nos péchés, afin de nous arracher du présent siècle mauvais, selon la volonté de notre Dieu et Père, 5à qui soit la gloire aux siècles des siècles! Amen!Inconstance des Galates qui, entraînés par de faux docteurs, s’éloignent du pur ÉvangileV. 6-10: cf. Ga 3:1-5; 4:9-20; 5:1-12.  6Je m’étonne que vous vous détourniez si promptement de celui qui vous a appelés par la grâce de Christ, pour passer à un autre Évangile. 7Non pas qu’il y ait un autre Évangile, mais il y a des gens #Ac 15:1.qui vous troublent, et qui veulent renverser l’Évangile de Christ. 8#2 Co 11:14.Mais, quand nous-mêmes, quand un ange du ciel annoncerait un autre Évangile que celui que nous vous avons prêché, qu’il soit anathème! 9Nous l’avons dit précédemment, et je le répète à cette heure: si quelqu’un vous annonce un autre Évangile que celui que vous avez reçu, qu’il soit anathème! 10Et maintenant, #1 Th 2:4.est-ce la faveur des hommes que je désire, ou celle de Dieu? #Ja 4:4.Est-ce que je cherche à plaire aux hommes? Si je plaisais encore aux hommes, je ne serais pas serviteur de Christ.Paul annonce l’Évangile tel qu’il l’a appris par une révélation de Jésus-Christ. Sa prédication et son ministère ont été approuvés par les apôtres à Jérusalem. Résistance à Pierre, dont la conduite à Antioche lui avait paru en désaccord avec le principe de la justification sans les œuvres de la loiV. 11-24: cf. Ac 22:3-16; 26:9-20; 9:1-20, 23-30.  11  #    \n        1 Co 15:1.  Je vous déclare, frères, que l’Évangile qui a été annoncé par moi n’est pas de l’homme; 12#Ép 3:3.car je ne l’ai ni reçu ni appris d’un homme, mais par une révélation de Jésus-Christ. 13#Ac 8:3; 9:1; 22:4; 26:9. Ph 3:6. 1 Ti 1:13.Vous avez su, en effet, quelle était autrefois ma conduite dans le judaïsme, comment je persécutais à outrance et ravageais l’Église de Dieu, 14et comment j’étais plus avancé dans le judaïsme que beaucoup de ceux de mon âge et de ma nation, étant animé d’un zèle excessif pour les traditions de mes pères. 15#Ac 9:15; 13:2.Mais, lorsqu’il plut à celui qui m’avait mis à part dès le sein de ma mère, et qui m’a appelé par sa grâce, 16de révéler en moi son Fils, #Ac 9:15; 13:2; 22:21. Ga 2:8. Ép 3:8.afin que je l’annonçasse parmi les païens, aussitôt, je ne consultai #Mt 16:17.ni la chair ni le sang, 17et je ne montai point à Jérusalem vers ceux qui furent apôtres avant moi, mais je partis pour l’Arabie. Puis je revins encore à Damas. 18Trois ans plus tard, je montai à Jérusalem pour faire la connaissance de Céphas, et je demeurai quinze jours chez lui. 19Mais je ne vis aucun autre des apôtres, si ce n’est Jacques, le frère du Seigneur. 20Dans ce que je vous écris, voici, #Ro 1:9; 9:1. 2 Co 1:23; 11:41. 1 Th 2:5. 1 Ti 5:21. 2 Ti 4:1.devant Dieu, je ne mens point. 21J’allai ensuite dans les contrées de la Syrie et de la Cilicie. 22Or, j’étais inconnu de visage aux Églises de Judée qui sont en Christ; 23seulement, elles avaient entendu dire: Celui qui autrefois nous persécutait annonce maintenant la foi qu’il s’efforçait alors de détruire. 24Et elles glorifiaient Dieu à mon sujet."
      },
      {
        "book_name": "Galaten",
        "book": 48,
        "chapter": 1,
        "verse": 1,
        "text": "Paul, apôtre, non de la part des hommes, ni par un homme, mais #Tit 1:3.par Jésus-Christ et Dieu le Père, qui l’a ressuscité des morts,"
      },
      {
        "book_name": "Galaten",
        "book": 48,
        "chapter": 1,
        "verse": 2,
        "text": "et tous les frères qui sont avec moi, aux Églises de la Galatie:"
      },
      {
        "book_name": "Galaten",
        "book": 48,
        "chapter": 1,
        "verse": 3,
        "text": "que #Ro 1:7. 1 Co 1:3. Ép 1:2. 1 Pi 1:2.la grâce et la paix vous soient données de la part de Dieu le Père et de notre Seigneur Jésus-Christ,"
      },
      {
        "book_name": "Galaten",
        "book": 48,
        "chapter": 1,
        "verse": 4,
        "text": "#Mt 20:28. Ga 2:20. Ép 5:2. Tit 2:14. Hé 9:14.qui s’est donné lui-même pour nos péchés, afin de nous arracher du présent siècle mauvais, selon la volonté de notre Dieu et Père,"
      },
      {
        "book_name": "Galaten",
        "book": 48,
        "chapter": 1,
        "verse": 5,
        "text": "à qui soit la gloire aux siècles des siècles! Amen!"
      },
      {
        "book_name": "Galaten",
        "book": 48,
        "chapter": 1,
        "verse": 6,
        "text": "Je m’étonne que vous vous détourniez si promptement de celui qui vous a appelés par la grâce de Christ, pour passer à un autre Évangile."
      },
      {
        "book_name": "Galaten",
        "book": 48,
        "chapter": 1,
        "verse": 7,
        "text": "Non pas qu’il y ait un autre Évangile, mais il y a des gens #Ac 15:1.qui vous troublent, et qui veulent renverser l’Évangile de Christ."
      },
      {
        "book_name": "Galaten",
        "book": 48,
        "chapter": 1,
        "verse": 8,
        "text": "#2 Co 11:14.Mais, quand nous-mêmes, quand un ange du ciel annoncerait un autre Évangile que celui que nous vous avons prêché, qu’il soit anathème!"
      },
      {
        "book_name": "Galaten",
        "book": 48,
        "chapter": 1,
        "verse": 9,
        "text": "Nous l’avons dit précédemment, et je le répète à cette heure: si quelqu’un vous annonce un autre Évangile que celui que vous avez reçu, qu’il soit anathème!"
      },
      {
        "book_name": "Galaten",
        "book": 48,
        "chapter": 1,
        "verse": 10,
        "text": "Et maintenant, #1 Th 2:4.est-ce la faveur des hommes que je désire, ou celle de Dieu? #Ja 4:4.Est-ce que je cherche à plaire aux hommes? Si je plaisais encore aux hommes, je ne serais pas serviteur de Christ."
      },
      {
        "book_name": "Galaten",
        "book": 48,
        "chapter": 1,
        "verse": 11,
        "text": "#    \n        1 Co 15:1.  Je vous déclare, frères, que l’Évangile qui a été annoncé par moi n’est pas de l’homme;"
      },
      {
        "book_name": "Galaten",
        "book": 48,
        "chapter": 1,
        "verse": 12,
        "text": "#Ép 3:3.car je ne l’ai ni reçu ni appris d’un homme, mais par une révélation de Jésus-Christ."
      },
      {
        "book_name": "Galaten",
        "book": 48,
        "chapter": 1,
        "verse": 13,
        "text": "#Ac 8:3; 9:1; 22:4; 26:9. Ph 3:6. 1 Ti 1:13.Vous avez su, en effet, quelle était autrefois ma conduite dans le judaïsme, comment je persécutais à outrance et ravageais l’Église de Dieu,"
      },
      {
        "book_name": "Galaten",
        "book": 48,
        "chapter": 1,
        "verse": 14,
        "text": "et comment j’étais plus avancé dans le judaïsme que beaucoup de ceux de mon âge et de ma nation, étant animé d’un zèle excessif pour les traditions de mes pères."
      },
      {
        "book_name": "Galaten",
        "book": 48,
        "chapter": 1,
        "verse": 15,
        "text": "#Ac 9:15; 13:2.Mais, lorsqu’il plut à celui qui m’avait mis à part dès le sein de ma mère, et qui m’a appelé par sa grâce,"
      },
      {
        "book_name": "Galaten",
        "book": 48,
        "chapter": 1,
        "verse": 16,
        "text": "de révéler en moi son Fils, #Ac 9:15; 13:2; 22:21. Ga 2:8. Ép 3:8.afin que je l’annonçasse parmi les païens, aussitôt, je ne consultai #Mt 16:17.ni la chair ni le sang,"
      },
      {
        "book_name": "Galaten",
        "book": 48,
        "chapter": 1,
        "verse": 17,
        "text": "et je ne montai point à Jérusalem vers ceux qui furent apôtres avant moi, mais je partis pour l’Arabie. Puis je revins encore à Damas."
      },
      {
        "book_name": "Galaten",
        "book": 48,
        "chapter": 1,
        "verse": 18,
        "text": "Trois ans plus tard, je montai à Jérusalem pour faire la connaissance de Céphas, et je demeurai quinze jours chez lui."
      },
      {
        "book_name": "Galaten",
        "book": 48,
        "chapter": 1,
        "verse": 19,
        "text": "Mais je ne vis aucun autre des apôtres, si ce n’est Jacques, le frère du Seigneur."
      },
      {
        "book_name": "Galaten",
        "book": 48,
        "chapter": 1,
        "verse": 20,
        "text": "Dans ce que je vous écris, voici, #Ro 1:9; 9:1. 2 Co 1:23; 11:41. 1 Th 2:5. 1 Ti 5:21. 2 Ti 4:1.devant Dieu, je ne mens point."
      },
      {
        "book_name": "Galaten",
        "book": 48,
        "chapter": 1,
        "verse": 21,
        "text": "J’allai ensuite dans les contrées de la Syrie et de la Cilicie."
      },
      {
        "book_name": "Galaten",
        "book": 48,
        "chapter": 1,
        "verse": 22,
        "text": "Or, j’étais inconnu de visage aux Églises de Judée qui sont en Christ;"
      },
      {
        "book_name": "Galaten",
        "book": 48,
        "chapter": 1,
        "verse": 23,
        "text": "seulement, elles avaient entendu dire: Celui qui autrefois nous persécutait annonce maintenant la foi qu’il s’efforçait alors de détruire."
      },
      {
        "book_name": "Galaten",
        "book": 48,
        "chapter": 1,
        "verse": 24,
        "text": "Et elles glorifiaient Dieu à mon sujet."
      }
    ],
    "2": [
      {
        "book_name": "Galaten",
        "book": 48,
        "chapter": 2,
        "verse": 1,
        "text": "V. 1-10: cf. Ac 15:1-29.  1Quatorze ans après, je montai de nouveau #Ac 15:2.à Jérusalem avec Barnabas, ayant aussi pris Tite avec moi; 2et ce fut #Ac 19:21.d’après une révélation que j’y montai. Je leur exposai l’Évangile que je prêche parmi les païens, je l’exposai en particulier à ceux qui sont les plus considérés, afin de ne pas courir ou avoir couru en vain. 3#Ac 16:3. 1 Co 9:21.Mais Tite, qui était avec moi, et qui était Grec, ne fut pas même contraint de se faire circoncire. 4#Ac 15:24.Et cela, à cause des faux frères qui s’étaient furtivement introduits et glissés parmi nous, pour épier la liberté que nous avons en Jésus-Christ, avec l’intention de nous asservir. 5Nous ne leur cédâmes pas un instant et nous résistâmes à leurs exigences, afin que la vérité de l’Évangile fût maintenue parmi vous. 6Ceux qui sont les plus considérés-quels qu’ils aient été jadis, cela ne m’importe pas: #De 10:17. 2 Ch 19:7. Job 34:19. Ac 10:34. Ro 2:11. Ép 6:9. Col 3:25. 1 Pi 1:17.Dieu ne fait point acception de personnes, ceux qui sont les plus considérés ne m’imposèrent rien. 7Au contraire, voyant que l’Évangile m’avait été confié pour les incirconcis, comme à Pierre pour les circoncis, 8car celui qui a fait de Pierre l’apôtre des circoncis #Ac 9:15; 13:2; 22:21. Ga 1:16. Ép 3:8.a aussi fait de moi l’apôtre des païens, 9et ayant reconnu la grâce qui m’avait été accordée, Jacques, Céphas et Jean, qui sont regardés comme des colonnes, me donnèrent, à moi et à Barnabas, la main d’association, afin que nous allassions, nous vers les païens, et eux vers les circoncis. 10Ils nous recommandèrent seulement de nous souvenir des pauvres, #Ac 11:30; 24:17. Ro 15:25. 1 Co 16:1. 2 Co 8:1; 9:1.ce que j’ai bien eu soin de faire.V. 11-21: cf. (Ac 11:1-17; 15:7-11.) (Ga 3:10-14, 21-28; 5:1-6.)  11Mais lorsque Céphas vint à Antioche, je lui résistai en face, parce qu’il était répréhensible. 12En effet, avant l’arrivée de quelques personnes envoyées par Jacques, il mangeait avec les païens; et, quand elles furent venues, il s’esquiva et se tint à l’écart, par crainte des circoncis. 13Avec lui les autres Juifs usèrent aussi de dissimulation, en sorte que Barnabas même fut entraîné par leur hypocrisie. 14Voyant qu’ils ne marchaient pas droit selon la vérité de l’Évangile, je dis à Céphas, en présence de tous: #Ac 10:28.Si toi qui es Juif, tu vis à la manière des païens et non à la manière des Juifs, pourquoi forces-tu les païens à judaïser? 15Nous, nous sommes Juifs de naissance, et non pécheurs d’entre les païens. 16Néanmoins, #Ac 13:38. Ro 3:28; 8:3. Hé 7:18.sachant que ce n’est pas par les œuvres de la loi que l’homme est justifié, mais par la foi en Jésus-Christ, nous aussi nous avons cru en Jésus-Christ, afin d’être justifiés par la foi en Christ et non par les œuvres de la loi, #Ro 3:20. Ga 3:11.parce que nulle chair ne sera justifiée par les œuvres de la loi. 17Mais, tandis que nous cherchons à être justifiés par Christ, si nous étions aussi nous-mêmes trouvés pécheurs, Christ serait-il un ministre du péché? Loin de là! 18Car, si je rebâtis les choses que j’ai détruites, je me constitue moi-même un transgresseur, 19#Ro 7:4.car c’est par la loi que je suis mort à la loi, #Ro 14:7. 2 Co 5:15. 1 Th 5:10. Hé 9:14. 1 Pi 4:2.afin de vivre pour Dieu. 20J’ai été crucifié avec Christ; et si je vis, ce n’est plus moi qui vis, c’est Christ qui vit en moi; si je vis maintenant dans la chair, je vis dans la foi au Fils de Dieu, #Ga 1:4. Ép 5:2. Tit 2:14.qui m’a aimé et qui s’est livré lui-même pour moi. 21Je ne rejette pas la grâce de Dieu; #Hé 7:11.car si la justice s’obtient par la loi, Christ est donc mort en vain."
      },
      {
        "book_name": "Galaten",
        "book": 48,
        "chapter": 2,
        "verse": 1,
        "text": "Quatorze ans après, je montai de nouveau #Ac 15:2.à Jérusalem avec Barnabas, ayant aussi pris Tite avec moi;"
      },
      {
        "book_name": "Galaten",
        "book": 48,
        "chapter": 2,
        "verse": 2,
        "text": "et ce fut #Ac 19:21.d’après une révélation que j’y montai. Je leur exposai l’Évangile que je prêche parmi les païens, je l’exposai en particulier à ceux qui sont les plus considérés, afin de ne pas courir ou avoir couru en vain."
      },
      {
        "book_name": "Galaten",
        "book": 48,
        "chapter": 2,
        "verse": 3,
        "text": "#Ac 16:3. 1 Co 9:21.Mais Tite, qui était avec moi, et qui était Grec, ne fut pas même contraint de se faire circoncire."
      },
      {
        "book_name": "Galaten",
        "book": 48,
        "chapter": 2,
        "verse": 4,
        "text": "#Ac 15:24.Et cela, à cause des faux frères qui s’étaient furtivement introduits et glissés parmi nous, pour épier la liberté que nous avons en Jésus-Christ, avec l’intention de nous asservir."
      },
      {
        "book_name": "Galaten",
        "book": 48,
        "chapter": 2,
        "verse": 5,
        "text": "Nous ne leur cédâmes pas un instant et nous résistâmes à leurs exigences, afin que la vérité de l’Évangile fût maintenue parmi vous."
      },
      {
        "book_name": "Galaten",
        "book": 48,
        "chapter": 2,
        "verse": 6,
        "text": "Ceux qui sont les plus considérés-quels qu’ils aient été jadis, cela ne m’importe pas: #De 10:17. 2 Ch 19:7. Job 34:19. Ac 10:34. Ro 2:11. Ép 6:9. Col 3:25. 1 Pi 1:17.Dieu ne fait point acception de personnes, ceux qui sont les plus considérés ne m’imposèrent rien."
      },
      {
        "book_name": "Galaten",
        "book": 48,
        "chapter": 2,
        "verse": 7,
        "text": "Au contraire, voyant que l’Évangile m’avait été confié pour les incirconcis, comme à Pierre pour les circoncis,"
      },
      {
        "book_name": "Galaten",
        "book": 48,
        "chapter": 2,
        "verse": 8,
        "text": "car celui qui a fait de Pierre l’apôtre des circoncis #Ac 9:15; 13:2; 22:21. Ga 1:16. Ép 3:8.a aussi fait de moi l’apôtre des païens,"
      },
      {
        "book_name": "Galaten",
        "book": 48,
        "chapter": 2,
        "verse": 9,
        "text": "et ayant reconnu la grâce qui m’avait été accordée, Jacques, Céphas et Jean, qui sont regardés comme des colonnes, me donnèrent, à moi et à Barnabas, la main d’association, afin que nous allassions, nous vers les païens, et eux vers les circoncis."
      },
      {
        "book_name": "Galaten",
        "book": 48,
        "chapter": 2,
        "verse": 10,
        "text": "Ils nous recommandèrent seulement de nous souvenir des pauvres, #Ac 11:30; 24:17. Ro 15:25. 1 Co 16:1. 2 Co 8:1; 9:1.ce que j’ai bien eu soin de faire."
      },
      {
        "book_name": "Galaten",
        "book": 48,
        "chapter": 2,
        "verse": 11,
        "text": "Mais lorsque Céphas vint à Antioche, je lui résistai en face, parce qu’il était répréhensible."
      },
      {
        "book_name": "Galaten",
        "book": 48,
        "chapter": 2,
        "verse": 12,
        "text": "En effet, avant l’arrivée de quelques personnes envoyées par Jacques, il mangeait avec les païens; et, quand elles furent venues, il s’esquiva et se tint à l’écart, par crainte des circoncis."
      },
      {
        "book_name": "Galaten",
        "book": 48,
        "chapter": 2,
        "verse": 13,
        "text": "Avec lui les autres Juifs usèrent aussi de dissimulation, en sorte que Barnabas même fut entraîné par leur hypocrisie."
      },
      {
        "book_name": "Galaten",
        "book": 48,
        "chapter": 2,
        "verse": 14,
        "text": "Voyant qu’ils ne marchaient pas droit selon la vérité de l’Évangile, je dis à Céphas, en présence de tous: #Ac 10:28.Si toi qui es Juif, tu vis à la manière des païens et non à la manière des Juifs, pourquoi forces-tu les païens à judaïser?"
      },
      {
        "book_name": "Galaten",
        "book": 48,
        "chapter": 2,
        "verse": 15,
        "text": "Nous, nous sommes Juifs de naissance, et non pécheurs d’entre les païens."
      },
      {
        "book_name": "Galaten",
        "book": 48,
        "chapter": 2,
        "verse": 16,
        "text": "Néanmoins, #Ac 13:38. Ro 3:28; 8:3. Hé 7:18.sachant que ce n’est pas par les œuvres de la loi que l’homme est justifié, mais par la foi en Jésus-Christ, nous aussi nous avons cru en Jésus-Christ, afin d’être justifiés par la foi en Christ et non par les œuvres de la loi, #Ro 3:20. Ga 3:11.parce que nulle chair ne sera justifiée par les œuvres de la loi."
      },
      {
        "book_name": "Galaten",
        "book": 48,
        "chapter": 2,
        "verse": 17,
        "text": "Mais, tandis que nous cherchons à être justifiés par Christ, si nous étions aussi nous-mêmes trouvés pécheurs, Christ serait-il un ministre du péché? Loin de là!"
      },
      {
        "book_name": "Galaten",
        "book": 48,
        "chapter": 2,
        "verse": 18,
        "text": "Car, si je rebâtis les choses que j’ai détruites, je me constitue moi-même un transgresseur,"
      },
      {
        "book_name": "Galaten",
        "book": 48,
        "chapter": 2,
        "verse": 19,
        "text": "#Ro 7:4.car c’est par la loi que je suis mort à la loi, #Ro 14:7. 2 Co 5:15. 1 Th 5:10. Hé 9:14. 1 Pi 4:2.afin de vivre pour Dieu."
      },
      {
        "book_name": "Galaten",
        "book": 48,
        "chapter": 2,
        "verse": 20,
        "text": "J’ai été crucifié avec Christ; et si je vis, ce n’est plus moi qui vis, c’est Christ qui vit en moi; si je vis maintenant dans la chair, je vis dans la foi au Fils de Dieu, #Ga 1:4. Ép 5:2. Tit 2:14.qui m’a aimé et qui s’est livré lui-même pour moi."
      },
      {
        "book_name": "Galaten",
        "book": 48,
        "chapter": 2,
        "verse": 21,
        "text": "Je ne rejette pas la grâce de Dieu; #Hé 7:11.car si la justice s’obtient par la loi, Christ est donc mort en vain."
      }
    ],
    "3": [
      {
        "book_name": "Galaten",
        "book": 48,
        "chapter": 3,
        "verse": 1,
        "text": "La loi et la foi: la loi est impuissante pour assurer le salut, elle doit conduire à la foi. La foi affranchit de la loi, elle procure la liberté évangéliqueV. 1-14: cf. (Ga 4:9-20. 1 Th 1:5-6.) Ro 4; 3:19, etc.  1O Galates, dépourvus de sens! #Ga 5:7.qui vous a fascinés, vous, aux yeux de qui Jésus-Christ a été peint comme crucifié? 2Voici seulement ce que je veux apprendre de vous: Est-ce par les œuvres de la loi que vous avez reçu l’Esprit, ou par la prédication de la foi? 3Êtes-vous tellement dépourvus de sens? Après avoir commencé par l’Esprit, voulez-vous maintenant finir par la chair? 4Avez-vous tant souffert en vain? Si toutefois c’est en vain. 5Celui qui vous accorde l’Esprit, et qui opère des miracles parmi vous, le fait-il donc par les œuvres de la loi, ou par la prédication de la foi? 6#Ge 15:6. Ro 4:3. Ja 2:23.Comme Abraham crut à Dieu, et que cela lui fut imputé à justice, 7reconnaissez donc que ce sont ceux qui ont la foi qui sont fils d’Abraham. 8Aussi l’Écriture, prévoyant que Dieu justifierait les païens par la foi, a d’avance annoncé cette bonne nouvelle à Abraham: #Ge 12:3; 18:18; 22:18; 26:4; 49:10. Ac 3:25.Toutes les nations seront bénies en toi! 9de sorte que ceux qui croient sont bénis avec Abraham le croyant. 10Car tous ceux qui s’attachent aux œuvres de la loi sont sous la malédiction; car il est écrit: #De 27:26.Maudit est quiconque n’observe pas tout ce qui est écrit dans le livre de la loi, et ne le met pas en pratique. 11#Ro 3:20. Ga 2:16.Et que nul ne soit justifié devant Dieu par la loi, cela est évident, puisqu’il est dit: #Ha 2:4. Ro 1:17. Hé 10:38.Le juste vivra par la foi. 12Or, la loi ne procède pas de la foi; mais elle dit: #Lé 18:5. Éz 20:11. Ro 10:5.Celui qui mettra ces choses en pratique vivra par elles. 13#Ro 8:3. 2 Co 5:21.Christ nous a rachetés de la malédiction de la loi, étant devenu malédiction pour nous, car il est écrit: #De 21:23.Maudit est quiconque est pendu au bois, 14afin que la bénédiction d’Abraham eût pour les païens son accomplissement en Jésus-Christ, et que nous reçussions par la foi l’Esprit qui avait été promis.V. 15-29: cf. (Mi 7:20. Ac 3:25-26.) (Ro 4:13-17; 10:4-13. Ép 3:6.)  15Frères (je parle à la manière des hommes), #Hé 9:17.une disposition en bonne forme, bien que faite par un homme, n’est annulée par personne, et personne n’y ajoute. 16#Ga 3:8.Or les promesses ont été faites à Abraham et à sa postérité. Il n’est pas dit: et aux postérités, comme s’il s’agissait de plusieurs, mais en tant qu’il s’agit d’une seule: et à ta postérité, c’est-à-dire, à Christ. 17Voici ce que j’entends: une disposition, que Dieu a confirmée antérieurement, ne peut pas être annulée, et ainsi la promesse rendue vaine, par la loi survenue #Ge 15:13. Ex 12:40. Ac 7:6.quatre cent trente ans plus tard. 18#Ro 4:14.Car si l’héritage venait de la loi, il ne viendrait plus de la promesse; or, c’est par la promesse que Dieu a fait à Abraham ce don de sa grâce. 19Pourquoi donc la loi? #Jn 15:22. Ro 4:15; 5:20; 7:8.Elle a été donnée ensuite à cause des transgressions, jusqu’à ce que vînt la postérité à qui la promesse avait été faite; elle a été promulguée #Ac 7:38, 53.par des anges, au moyen #De 5:5. Jn 1:17. Ac 7:38.d’un médiateur. 20Or, le médiateur n’est pas médiateur d’un seul, tandis que Dieu est un seul. 21La loi est-elle donc contre les promesses de Dieu? Loin de là! S’il eût été donné une loi qui pût procurer la vie, la justice viendrait réellement de la loi. 22#Ro 3:9; 11:32.Mais l’Écriture a tout renfermé sous le péché, afin que ce qui avait été promis fût donné par la foi en Jésus-Christ à ceux qui croient. 23Avant que la foi vînt, nous étions enfermés sous la garde de la loi, en vue de la foi qui devait être révélée. 24#Mt 5:17. Ac 13:38. Ro 10:4.Ainsi la loi a été comme un pédagogue pour nous conduire à Christ, afin que nous fussions justifiés par la foi. 25La foi étant venue, nous ne sommes plus sous ce pédagogue. 26#És 56:5. Jn 1:12. Ro 8:15. Ga 4:5.Car vous êtes tous fils de Dieu par la foi en Jésus-Christ; 27#Ro 6:3.vous tous, qui avez été baptisés en Christ, vous avez revêtu Christ. 28Il n’y a plus ni Juif ni Grec, il n’y a plus ni esclave ni libre, il n’y a plus ni homme ni femme; #Jn 17:21.car tous vous êtes un en Jésus-Christ. 29#Ge 21:12. Ro 9:7. Hé 11:18.Et si vous êtes à Christ, vous êtes donc la postérité d’Abraham, héritiers selon la promesse."
      },
      {
        "book_name": "Galaten",
        "book": 48,
        "chapter": 3,
        "verse": 1,
        "text": "O Galates, dépourvus de sens! #Ga 5:7.qui vous a fascinés, vous, aux yeux de qui Jésus-Christ a été peint comme crucifié?"
      },
      {
        "book_name": "Galaten",
        "book": 48,
        "chapter": 3,
        "verse": 2,
        "text": "Voici seulement ce que je veux apprendre de vous: Est-ce par les œuvres de la loi que vous avez reçu l’Esprit, ou par la prédication de la foi?"
      },
      {
        "book_name": "Galaten",
        "book": 48,
        "chapter": 3,
        "verse": 3,
        "text": "Êtes-vous tellement dépourvus de sens? Après avoir commencé par l’Esprit, voulez-vous maintenant finir par la chair?"
      },
      {
        "book_name": "Galaten",
        "book": 48,
        "chapter": 3,
        "verse": 4,
        "text": "Avez-vous tant souffert en vain? Si toutefois c’est en vain."
      },
      {
        "book_name": "Galaten",
        "book": 48,
        "chapter": 3,
        "verse": 5,
        "text": "Celui qui vous accorde l’Esprit, et qui opère des miracles parmi vous, le fait-il donc par les œuvres de la loi, ou par la prédication de la foi?"
      },
      {
        "book_name": "Galaten",
        "book": 48,
        "chapter": 3,
        "verse": 6,
        "text": "#Ge 15:6. Ro 4:3. Ja 2:23.Comme Abraham crut à Dieu, et que cela lui fut imputé à justice,"
      },
      {
        "book_name": "Galaten",
        "book": 48,
        "chapter": 3,
        "verse": 7,
        "text": "reconnaissez donc que ce sont ceux qui ont la foi qui sont fils d’Abraham."
      },
      {
        "book_name": "Galaten",
        "book": 48,
        "chapter": 3,
        "verse": 8,
        "text": "Aussi l’Écriture, prévoyant que Dieu justifierait les païens par la foi, a d’avance annoncé cette bonne nouvelle à Abraham: #Ge 12:3; 18:18; 22:18; 26:4; 49:10. Ac 3:25.Toutes les nations seront bénies en toi!"
      },
      {
        "book_name": "Galaten",
        "book": 48,
        "chapter": 3,
        "verse": 9,
        "text": "de sorte que ceux qui croient sont bénis avec Abraham le croyant."
      },
      {
        "book_name": "Galaten",
        "book": 48,
        "chapter": 3,
        "verse": 10,
        "text": "Car tous ceux qui s’attachent aux œuvres de la loi sont sous la malédiction; car il est écrit: #De 27:26.Maudit est quiconque n’observe pas tout ce qui est écrit dans le livre de la loi, et ne le met pas en pratique."
      },
      {
        "book_name": "Galaten",
        "book": 48,
        "chapter": 3,
        "verse": 11,
        "text": "#Ro 3:20. Ga 2:16.Et que nul ne soit justifié devant Dieu par la loi, cela est évident, puisqu’il est dit: #Ha 2:4. Ro 1:17. Hé 10:38.Le juste vivra par la foi."
      },
      {
        "book_name": "Galaten",
        "book": 48,
        "chapter": 3,
        "verse": 12,
        "text": "Or, la loi ne procède pas de la foi; mais elle dit: #Lé 18:5. Éz 20:11. Ro 10:5.Celui qui mettra ces choses en pratique vivra par elles."
      },
      {
        "book_name": "Galaten",
        "book": 48,
        "chapter": 3,
        "verse": 13,
        "text": "#Ro 8:3. 2 Co 5:21.Christ nous a rachetés de la malédiction de la loi, étant devenu malédiction pour nous, car il est écrit: #De 21:23.Maudit est quiconque est pendu au bois,"
      },
      {
        "book_name": "Galaten",
        "book": 48,
        "chapter": 3,
        "verse": 14,
        "text": "afin que la bénédiction d’Abraham eût pour les païens son accomplissement en Jésus-Christ, et que nous reçussions par la foi l’Esprit qui avait été promis."
      },
      {
        "book_name": "Galaten",
        "book": 48,
        "chapter": 3,
        "verse": 15,
        "text": "Frères (je parle à la manière des hommes), #Hé 9:17.une disposition en bonne forme, bien que faite par un homme, n’est annulée par personne, et personne n’y ajoute."
      },
      {
        "book_name": "Galaten",
        "book": 48,
        "chapter": 3,
        "verse": 16,
        "text": "#Ga 3:8.Or les promesses ont été faites à Abraham et à sa postérité. Il n’est pas dit: et aux postérités, comme s’il s’agissait de plusieurs, mais en tant qu’il s’agit d’une seule: et à ta postérité, c’est-à-dire, à Christ."
      },
      {
        "book_name": "Galaten",
        "book": 48,
        "chapter": 3,
        "verse": 17,
        "text": "Voici ce que j’entends: une disposition, que Dieu a confirmée antérieurement, ne peut pas être annulée, et ainsi la promesse rendue vaine, par la loi survenue #Ge 15:13. Ex 12:40. Ac 7:6.quatre cent trente ans plus tard."
      },
      {
        "book_name": "Galaten",
        "book": 48,
        "chapter": 3,
        "verse": 18,
        "text": "#Ro 4:14.Car si l’héritage venait de la loi, il ne viendrait plus de la promesse; or, c’est par la promesse que Dieu a fait à Abraham ce don de sa grâce."
      },
      {
        "book_name": "Galaten",
        "book": 48,
        "chapter": 3,
        "verse": 19,
        "text": "Pourquoi donc la loi? #Jn 15:22. Ro 4:15; 5:20; 7:8.Elle a été donnée ensuite à cause des transgressions, jusqu’à ce que vînt la postérité à qui la promesse avait été faite; elle a été promulguée #Ac 7:38, 53.par des anges, au moyen #De 5:5. Jn 1:17. Ac 7:38.d’un médiateur."
      },
      {
        "book_name": "Galaten",
        "book": 48,
        "chapter": 3,
        "verse": 20,
        "text": "Or, le médiateur n’est pas médiateur d’un seul, tandis que Dieu est un seul."
      },
      {
        "book_name": "Galaten",
        "book": 48,
        "chapter": 3,
        "verse": 21,
        "text": "La loi est-elle donc contre les promesses de Dieu? Loin de là! S’il eût été donné une loi qui pût procurer la vie, la justice viendrait réellement de la loi."
      },
      {
        "book_name": "Galaten",
        "book": 48,
        "chapter": 3,
        "verse": 22,
        "text": "#Ro 3:9; 11:32.Mais l’Écriture a tout renfermé sous le péché, afin que ce qui avait été promis fût donné par la foi en Jésus-Christ à ceux qui croient."
      },
      {
        "book_name": "Galaten",
        "book": 48,
        "chapter": 3,
        "verse": 23,
        "text": "Avant que la foi vînt, nous étions enfermés sous la garde de la loi, en vue de la foi qui devait être révélée."
      },
      {
        "book_name": "Galaten",
        "book": 48,
        "chapter": 3,
        "verse": 24,
        "text": "#Mt 5:17. Ac 13:38. Ro 10:4.Ainsi la loi a été comme un pédagogue pour nous conduire à Christ, afin que nous fussions justifiés par la foi."
      },
      {
        "book_name": "Galaten",
        "book": 48,
        "chapter": 3,
        "verse": 25,
        "text": "La foi étant venue, nous ne sommes plus sous ce pédagogue."
      },
      {
        "book_name": "Galaten",
        "book": 48,
        "chapter": 3,
        "verse": 26,
        "text": "#És 56:5. Jn 1:12. Ro 8:15. Ga 4:5.Car vous êtes tous fils de Dieu par la foi en Jésus-Christ;"
      },
      {
        "book_name": "Galaten",
        "book": 48,
        "chapter": 3,
        "verse": 27,
        "text": "#Ro 6:3.vous tous, qui avez été baptisés en Christ, vous avez revêtu Christ."
      },
      {
        "book_name": "Galaten",
        "book": 48,
        "chapter": 3,
        "verse": 28,
        "text": "Il n’y a plus ni Juif ni Grec, il n’y a plus ni esclave ni libre, il n’y a plus ni homme ni femme; #Jn 17:21.car tous vous êtes un en Jésus-Christ."
      },
      {
        "book_name": "Galaten",
        "book": 48,
        "chapter": 3,
        "verse": 29,
        "text": "#Ge 21:12. Ro 9:7. Hé 11:18.Et si vous êtes à Christ, vous êtes donc la postérité d’Abraham, héritiers selon la promesse."
      }
    ],
    "4": [
      {
        "book_name": "Galaten",
        "book": 48,
        "chapter": 4,
        "verse": 1,
        "text": "V. 1-7: cf. Ga 3:23-26. Ro 8:14-17.  1Or, aussi longtemps que l’héritier est enfant, je dis qu’il ne diffère en rien d’un esclave, quoiqu’il soit le maître de tout; 2mais il est sous des tuteurs et des administrateurs jusqu’au temps marqué par le père. 3Nous aussi, de la même manière, lorsque nous étions enfants, nous étions sous l’esclavage des rudiments du monde; 4#Ge 49:10. Da 9:24.mais, lorsque les temps ont été accomplis, Dieu a envoyé son Fils, né d’une femme, #Mt 5:17.né sous la loi, 5afin qu’il rachetât ceux qui étaient sous la loi, #Jn 1:12. Ga 3:26.afin que nous reçussions l’adoption. 6#Ro 8:15.Et parce que vous êtes fils, Dieu a envoyé dans nos cœurs l’Esprit de son Fils, lequel crie: Abba! Père! 7Ainsi tu n’es plus esclave, mais fils; et si tu es fils, tu es aussi héritier par la grâce de Dieu.V. 8-20: cf. Ga 3:1-4; 5:1-12. 2 Co 11:2-3.  8Autrefois, ne connaissant pas Dieu, vous serviez des dieux #1 Co 8:4.qui ne le sont pas de leur nature; 9mais à présent que vous avez connu Dieu, ou plutôt que vous avez été connus de Dieu, #Col 2:20.comment retournez-vous à ces faibles et pauvres rudiments, auxquels de nouveau vous voulez vous asservir encore? 10#Ro 14:5. Col 2:16.Vous observez les jours, les mois, les temps et les années! 11Je crains d’avoir inutilement travaillé pour vous. 12Soyez comme moi, car moi aussi je suis comme vous. Frères, je vous en supplie. 13Vous ne m’avez fait aucun tort. Vous savez que ce fut à cause d’une infirmité de la chair que je vous ai pour la première fois annoncé l’Évangile. 14Et mis à l’épreuve par ma chair, vous n’avez témoigné ni mépris ni dégoût; vous m’avez, au contraire, reçu #Mal 2:7.comme un ange de Dieu, #Mt 10:40. Jn 13:20.comme Jésus-Christ. 15Où donc est l’expression de votre bonheur? Car je vous atteste que, si cela eût été possible, vous vous seriez arraché les yeux pour me les donner. 16Suis-je devenu votre ennemi en vous disant la vérité? 17#Ro 10:2. 2 Co 11:12.Le zèle qu’ils ont pour vous n’est pas pur, mais ils veulent vous détacher de nous, afin que vous soyez zélés pour eux. 18Il est beau d’avoir du zèle pour ce qui est bien et en tout temps, et non pas seulement quand je suis présent parmi vous. 19#1 Co 4:15. Phm v. 10. Ja 1:18.Mes enfants, pour qui j’éprouve de nouveau les douleurs de l’enfantement, jusqu’à ce que Christ soit formé en vous, 20je voudrais être maintenant auprès de vous, et changer de langage, car je suis dans l’inquiétude à votre sujet.4 v. 21 à 5 v. 1: cf. Ge 21:1-12. Hé 12:18-24.  21Dites-moi, vous qui voulez être sous la loi, n’entendez-vous point la loi? 22Car il est écrit qu’Abraham eut deux fils, #Ge 16:2.un de la femme esclave, #Ge 21:2. Ac 7:8. Hé 11:11.et un de la femme libre. 23#Jn 8:39. Ro 9:7.Mais celui de l’esclave naquit selon la chair, et celui de la femme libre naquit en vertu de la promesse. 24Ces choses sont allégoriques; car ces femmes sont deux alliances. L’une du mont Sinaï, enfantant pour la servitude, c’est Agar, 25car Agar, c’est le mont Sinaï en Arabie, et elle correspond à la Jérusalem actuelle, qui est dans la servitude avec ses enfants. 26#Ap 21:2.Mais la Jérusalem d’en haut est libre, c’est notre mère; 27car il est écrit:  #    \n        És 54:1.  Réjouis-toi, stérile, toi qui n’enfantes point!Éclate et pousse des cris, toi qui n’as pas éprouvé les douleurs de l’enfantement!Car les enfants de la délaissée seront plus nombreuxQue les enfants de celle qui était mariée.  28  #    \n        Ro 9:7, 8.  Pour vous, frères, comme Isaac, vous êtes enfants de la promesse; 29et de même qu’alors celui qui était né selon la chair #Ge 21:9.persécutait celui qui était né selon l’Esprit, ainsi en est-il encore maintenant. 30Mais que dit l’Écriture? #Ge 21:10.Chasse l’esclave et son fils, car le fils de l’esclave n’héritera pas avec le fils de la femme libre. 31C’est pourquoi, frères, nous ne sommes pas enfants de l’esclave, mais de la femme libre."
      },
      {
        "book_name": "Galaten",
        "book": 48,
        "chapter": 4,
        "verse": 1,
        "text": "Or, aussi longtemps que l’héritier est enfant, je dis qu’il ne diffère en rien d’un esclave, quoiqu’il soit le maître de tout;"
      },
      {
        "book_name": "Galaten",
        "book": 48,
        "chapter": 4,
        "verse": 2,
        "text": "mais il est sous des tuteurs et des administrateurs jusqu’au temps marqué par le père."
      },
      {
        "book_name": "Galaten",
        "book": 48,
        "chapter": 4,
        "verse": 3,
        "text": "Nous aussi, de la même manière, lorsque nous étions enfants, nous étions sous l’esclavage des rudiments du monde;"
      },
      {
        "book_name": "Galaten",
        "book": 48,
        "chapter": 4,
        "verse": 4,
        "text": "#Ge 49:10. Da 9:24.mais, lorsque les temps ont été accomplis, Dieu a envoyé son Fils, né d’une femme, #Mt 5:17.né sous la loi,"
      },
      {
        "book_name": "Galaten",
        "book": 48,
        "chapter": 4,
        "verse": 5,
        "text": "afin qu’il rachetât ceux qui étaient sous la loi, #Jn 1:12. Ga 3:26.afin que nous reçussions l’adoption."
      },
      {
        "book_name": "Galaten",
        "book": 48,
        "chapter": 4,
        "verse": 6,
        "text": "#Ro 8:15.Et parce que vous êtes fils, Dieu a envoyé dans nos cœurs l’Esprit de son Fils, lequel crie: Abba! Père!"
      },
      {
        "book_name": "Galaten",
        "book": 48,
        "chapter": 4,
        "verse": 7,
        "text": "Ainsi tu n’es plus esclave, mais fils; et si tu es fils, tu es aussi héritier par la grâce de Dieu."
      },
      {
        "book_name": "Galaten",
        "book": 48,
        "chapter": 4,
        "verse": 8,
        "text": "Autrefois, ne connaissant pas Dieu, vous serviez des dieux #1 Co 8:4.qui ne le sont pas de leur nature;"
      },
      {
        "book_name": "Galaten",
        "book": 48,
        "chapter": 4,
        "verse": 9,
        "text": "mais à présent que vous avez connu Dieu, ou plutôt que vous avez été connus de Dieu, #Col 2:20.comment retournez-vous à ces faibles et pauvres rudiments, auxquels de nouveau vous voulez vous asservir encore?"
      },
      {
        "book_name": "Galaten",
        "book": 48,
        "chapter": 4,
        "verse": 10,
        "text": "#Ro 14:5. Col 2:16.Vous observez les jours, les mois, les temps et les années!"
      },
      {
        "book_name": "Galaten",
        "book": 48,
        "chapter": 4,
        "verse": 11,
        "text": "Je crains d’avoir inutilement travaillé pour vous."
      },
      {
        "book_name": "Galaten",
        "book": 48,
        "chapter": 4,
        "verse": 12,
        "text": "Soyez comme moi, car moi aussi je suis comme vous. Frères, je vous en supplie."
      },
      {
        "book_name": "Galaten",
        "book": 48,
        "chapter": 4,
        "verse": 13,
        "text": "Vous ne m’avez fait aucun tort. Vous savez que ce fut à cause d’une infirmité de la chair que je vous ai pour la première fois annoncé l’Évangile."
      },
      {
        "book_name": "Galaten",
        "book": 48,
        "chapter": 4,
        "verse": 14,
        "text": "Et mis à l’épreuve par ma chair, vous n’avez témoigné ni mépris ni dégoût; vous m’avez, au contraire, reçu #Mal 2:7.comme un ange de Dieu, #Mt 10:40. Jn 13:20.comme Jésus-Christ."
      },
      {
        "book_name": "Galaten",
        "book": 48,
        "chapter": 4,
        "verse": 15,
        "text": "Où donc est l’expression de votre bonheur? Car je vous atteste que, si cela eût été possible, vous vous seriez arraché les yeux pour me les donner."
      },
      {
        "book_name": "Galaten",
        "book": 48,
        "chapter": 4,
        "verse": 16,
        "text": "Suis-je devenu votre ennemi en vous disant la vérité?"
      },
      {
        "book_name": "Galaten",
        "book": 48,
        "chapter": 4,
        "verse": 17,
        "text": "#Ro 10:2. 2 Co 11:12.Le zèle qu’ils ont pour vous n’est pas pur, mais ils veulent vous détacher de nous, afin que vous soyez zélés pour eux."
      },
      {
        "book_name": "Galaten",
        "book": 48,
        "chapter": 4,
        "verse": 18,
        "text": "Il est beau d’avoir du zèle pour ce qui est bien et en tout temps, et non pas seulement quand je suis présent parmi vous."
      },
      {
        "book_name": "Galaten",
        "book": 48,
        "chapter": 4,
        "verse": 19,
        "text": "#1 Co 4:15. Phm v. 10. Ja 1:18.Mes enfants, pour qui j’éprouve de nouveau les douleurs de l’enfantement, jusqu’à ce que Christ soit formé en vous,"
      },
      {
        "book_name": "Galaten",
        "book": 48,
        "chapter": 4,
        "verse": 20,
        "text": "je voudrais être maintenant auprès de vous, et changer de langage, car je suis dans l’inquiétude à votre sujet."
      },
      {
        "book_name": "Galaten",
        "book": 48,
        "chapter": 4,
        "verse": 21,
        "text": "Dites-moi, vous qui voulez être sous la loi, n’entendez-vous point la loi?"
      },
      {
        "book_name": "Galaten",
        "book": 48,
        "chapter": 4,
        "verse": 22,
        "text": "Car il est écrit qu’Abraham eut deux fils, #Ge 16:2.un de la femme esclave, #Ge 21:2. Ac 7:8. Hé 11:11.et un de la femme libre."
      },
      {
        "book_name": "Galaten",
        "book": 48,
        "chapter": 4,
        "verse": 23,
        "text": "#Jn 8:39. Ro 9:7.Mais celui de l’esclave naquit selon la chair, et celui de la femme libre naquit en vertu de la promesse."
      },
      {
        "book_name": "Galaten",
        "book": 48,
        "chapter": 4,
        "verse": 24,
        "text": "Ces choses sont allégoriques; car ces femmes sont deux alliances. L’une du mont Sinaï, enfantant pour la servitude, c’est Agar,"
      },
      {
        "book_name": "Galaten",
        "book": 48,
        "chapter": 4,
        "verse": 25,
        "text": "car Agar, c’est le mont Sinaï en Arabie, et elle correspond à la Jérusalem actuelle, qui est dans la servitude avec ses enfants."
      },
      {
        "book_name": "Galaten",
        "book": 48,
        "chapter": 4,
        "verse": 26,
        "text": "#Ap 21:2.Mais la Jérusalem d’en haut est libre, c’est notre mère;"
      },
      {
        "book_name": "Galaten",
        "book": 48,
        "chapter": 4,
        "verse": 27,
        "text": "car il est écrit:"
      },
      {
        "book_name": "Galaten",
        "book": 48,
        "chapter": 4,
        "verse": 27,
        "text": "#    \n        És 54:1.  Réjouis-toi, stérile, toi qui n’enfantes point!"
      },
      {
        "book_name": "Galaten",
        "book": 48,
        "chapter": 4,
        "verse": 27,
        "text": "Éclate et pousse des cris, toi qui n’as pas éprouvé les douleurs de l’enfantement!"
      },
      {
        "book_name": "Galaten",
        "book": 48,
        "chapter": 4,
        "verse": 27,
        "text": "Car les enfants de la délaissée seront plus nombreux"
      },
      {
        "book_name": "Galaten",
        "book": 48,
        "chapter": 4,
        "verse": 27,
        "text": "Que les enfants de celle qui était mariée."
      },
      {
        "book_name": "Galaten",
        "book": 48,
        "chapter": 4,
        "verse": 28,
        "text": "#    \n        Ro 9:7, 8.  Pour vous, frères, comme Isaac, vous êtes enfants de la promesse;"
      },
      {
        "book_name": "Galaten",
        "book": 48,
        "chapter": 4,
        "verse": 29,
        "text": "et de même qu’alors celui qui était né selon la chair #Ge 21:9.persécutait celui qui était né selon l’Esprit, ainsi en est-il encore maintenant."
      },
      {
        "book_name": "Galaten",
        "book": 48,
        "chapter": 4,
        "verse": 30,
        "text": "Mais que dit l’Écriture? #Ge 21:10.Chasse l’esclave et son fils, car le fils de l’esclave n’héritera pas avec le fils de la femme libre."
      },
      {
        "book_name": "Galaten",
        "book": 48,
        "chapter": 4,
        "verse": 31,
        "text": "C’est pourquoi, frères, nous ne sommes pas enfants de l’esclave, mais de la femme libre."
      }
    ],
    "5": [
      {
        "book_name": "Galaten",
        "book": 48,
        "chapter": 5,
        "verse": 1,
        "text": "1  #    \n        Jn 8:32. Ro 6:18. 1 Pi 2:16.  C’est pour la liberté que Christ nous a affranchis. Demeurez donc fermes, et ne vous laissez pas mettre de nouveau #És 9:3.sous le joug de la servitude.V. 2-12: cf. (Ga 2:3-5; 3:1-7; 4:1-11; 1:6-9). Ac 15:1-10, 24.  2Voici, moi Paul, je vous dis que, #Ac 15:1.si vous vous faites circoncire, Christ ne vous servira de rien. 3Et je proteste encore une fois à tout homme qui se fait circoncire, qu’il est tenu de pratiquer la loi tout entière. 4Vous êtes séparés de Christ, vous tous qui cherchez la justification dans la loi; vous êtes déchus de la grâce. 5Pour nous, c’est de la foi que nous attendons, par l’Esprit, l’espérance de la justice. 6#Mt 12:50. Jn 15:14. 1 Co 7:19. 2 Co 5:17. Ga 6:15. Col 3:11.Car, en Jésus-Christ, ni la circoncision ni l’incirconcision n’a de valeur, mais la foi qui est #1 Th 1:3.agissante par la charité. 7Vous couriez bien: #Ga 3:1.qui vous a arrêtés, pour vous empêcher d’obéir à la vérité? 8Cette influence ne vient pas de celui qui vous appelle. 9#1 Co 5:6.Un peu de levain fait lever toute la pâte. 10#2 Co 2:3; 8:22.J’ai cette confiance en vous, dans le Seigneur, que vous ne penserez pas autrement. Mais celui qui vous trouble, quel qu’il soit, en portera la peine. 11Pour moi, frères, si je prêche encore la circoncision, pourquoi suis-je encore persécuté? #1 Co 1:23.Le scandale de la croix a donc disparu! 12#Jos 7:25.Puissent-ils être retranchés, ceux qui mettent le trouble parmi vous!Exhortation à vivre, non selon la chair, mais selon l’EspritV. 13-15: cf. Ro 13:8-10. Ja 3:13-18.  13Frères, vous avez été appelés à la liberté, #1 Co 8:9. 1 Pi 2:16. Jud v. 4.seulement ne faites pas de cette liberté un prétexte de vivre selon la chair; mais rendez-vous, par la charité, serviteurs les uns des autres. 14#Ro 13:8.Car toute la loi est accomplie dans une seule parole, dans celle-ci:  #    \n        Lé 19:18. Mt 22:39. Mc 12:31. Ja 2:8.  Tu aimeras ton prochain comme toi-même.  15Mais #2 Co 12:20.si vous vous mordez et vous dévorez les uns les autres, prenez garde que vous ne soyez détruits les uns par les autres.V. 16-26: cf. Ro 8:1-14; 13:12-14. (Ép 5:1-12. Col 3:5-15.)  16Je dis donc: #Ro 13:14. 1 Pi 2:11.Marchez selon l’Esprit, et vous n’accomplirez pas les désirs de la chair. 17#Ro 7:15, etc.Car la chair a des désirs contraires à ceux de l’Esprit, et l’Esprit en a de contraires à ceux de la chair; ils sont opposés entre eux, afin que vous ne fassiez point ce que vous voudriez. 18Si vous êtes conduits par l’Esprit, vous n’êtes point sous la loi. 19#1 Co 3:3. Ja 3:14.Or, les œuvres de la chair sont manifestes, ce sont l’impudicité, l’impureté, la dissolution, 20l’idolâtrie, la magie, les inimitiés, les querelles, les jalousies, les animosités, les disputes, les divisions, les sectes, 21l’envie, l’ivrognerie, les excès de table, et les choses semblables. #1 Co 6:10. Ép 5:5. Col 3:6. Ap 22:15.Je vous dis d’avance, comme je l’ai déjà dit, que ceux qui commettent de telles choses n’hériteront point le royaume de Dieu. 22#Ép 5:9.Mais le fruit de l’Esprit, c’est l’amour, la joie, la paix, la patience, la bonté, la bénignité, la fidélité, la douceur, la tempérance; 23#1 Ti 1:9.la loi n’est pas contre ces choses. 24#Ro 6:6; 13:14. Ga 2:20. 1 Pi 2:11.Ceux qui sont à Jésus-Christ ont crucifié la chair avec ses passions et ses désirs. 25Si nous vivons par l’Esprit, marchons aussi selon l’Esprit. 26Ne cherchons pas une vaine gloire, en nous provoquant les uns les autres, en nous portant envie les uns aux autres."
      },
      {
        "book_name": "Galaten",
        "book": 48,
        "chapter": 5,
        "verse": 1,
        "text": "#    \n        Jn 8:32. Ro 6:18. 1 Pi 2:16.  C’est pour la liberté que Christ nous a affranchis. Demeurez donc fermes, et ne vous laissez pas mettre de nouveau #És 9:3.sous le joug de la servitude."
      },
      {
        "book_name": "Galaten",
        "book": 48,
        "chapter": 5,
        "verse": 2,
        "text": "Voici, moi Paul, je vous dis que, #Ac 15:1.si vous vous faites circoncire, Christ ne vous servira de rien."
      },
      {
        "book_name": "Galaten",
        "book": 48,
        "chapter": 5,
        "verse": 3,
        "text": "Et je proteste encore une fois à tout homme qui se fait circoncire, qu’il est tenu de pratiquer la loi tout entière."
      },
      {
        "book_name": "Galaten",
        "book": 48,
        "chapter": 5,
        "verse": 4,
        "text": "Vous êtes séparés de Christ, vous tous qui cherchez la justification dans la loi; vous êtes déchus de la grâce."
      },
      {
        "book_name": "Galaten",
        "book": 48,
        "chapter": 5,
        "verse": 5,
        "text": "Pour nous, c’est de la foi que nous attendons, par l’Esprit, l’espérance de la justice."
      },
      {
        "book_name": "Galaten",
        "book": 48,
        "chapter": 5,
        "verse": 6,
        "text": "#Mt 12:50. Jn 15:14. 1 Co 7:19. 2 Co 5:17. Ga 6:15. Col 3:11.Car, en Jésus-Christ, ni la circoncision ni l’incirconcision n’a de valeur, mais la foi qui est #1 Th 1:3.agissante par la charité."
      },
      {
        "book_name": "Galaten",
        "book": 48,
        "chapter": 5,
        "verse": 7,
        "text": "Vous couriez bien: #Ga 3:1.qui vous a arrêtés, pour vous empêcher d’obéir à la vérité?"
      },
      {
        "book_name": "Galaten",
        "book": 48,
        "chapter": 5,
        "verse": 8,
        "text": "Cette influence ne vient pas de celui qui vous appelle."
      },
      {
        "book_name": "Galaten",
        "book": 48,
        "chapter": 5,
        "verse": 9,
        "text": "#1 Co 5:6.Un peu de levain fait lever toute la pâte."
      },
      {
        "book_name": "Galaten",
        "book": 48,
        "chapter": 5,
        "verse": 10,
        "text": "#2 Co 2:3; 8:22.J’ai cette confiance en vous, dans le Seigneur, que vous ne penserez pas autrement. Mais celui qui vous trouble, quel qu’il soit, en portera la peine."
      },
      {
        "book_name": "Galaten",
        "book": 48,
        "chapter": 5,
        "verse": 11,
        "text": "Pour moi, frères, si je prêche encore la circoncision, pourquoi suis-je encore persécuté? #1 Co 1:23.Le scandale de la croix a donc disparu!"
      },
      {
        "book_name": "Galaten",
        "book": 48,
        "chapter": 5,
        "verse": 12,
        "text": "#Jos 7:25.Puissent-ils être retranchés, ceux qui mettent le trouble parmi vous!"
      },
      {
        "book_name": "Galaten",
        "book": 48,
        "chapter": 5,
        "verse": 13,
        "text": "Frères, vous avez été appelés à la liberté, #1 Co 8:9. 1 Pi 2:16. Jud v. 4.seulement ne faites pas de cette liberté un prétexte de vivre selon la chair; mais rendez-vous, par la charité, serviteurs les uns des autres."
      },
      {
        "book_name": "Galaten",
        "book": 48,
        "chapter": 5,
        "verse": 14,
        "text": "#Ro 13:8.Car toute la loi est accomplie dans une seule parole, dans celle-ci:"
      },
      {
        "book_name": "Galaten",
        "book": 48,
        "chapter": 5,
        "verse": 14,
        "text": "#    \n        Lé 19:18. Mt 22:39. Mc 12:31. Ja 2:8.  Tu aimeras ton prochain comme toi-même."
      },
      {
        "book_name": "Galaten",
        "book": 48,
        "chapter": 5,
        "verse": 15,
        "text": "Mais #2 Co 12:20.si vous vous mordez et vous dévorez les uns les autres, prenez garde que vous ne soyez détruits les uns par les autres."
      },
      {
        "book_name": "Galaten",
        "book": 48,
        "chapter": 5,
        "verse": 16,
        "text": "Je dis donc: #Ro 13:14. 1 Pi 2:11.Marchez selon l’Esprit, et vous n’accomplirez pas les désirs de la chair."
      },
      {
        "book_name": "Galaten",
        "book": 48,
        "chapter": 5,
        "verse": 17,
        "text": "#Ro 7:15, etc.Car la chair a des désirs contraires à ceux de l’Esprit, et l’Esprit en a de contraires à ceux de la chair; ils sont opposés entre eux, afin que vous ne fassiez point ce que vous voudriez."
      },
      {
        "book_name": "Galaten",
        "book": 48,
        "chapter": 5,
        "verse": 18,
        "text": "Si vous êtes conduits par l’Esprit, vous n’êtes point sous la loi."
      },
      {
        "book_name": "Galaten",
        "book": 48,
        "chapter": 5,
        "verse": 19,
        "text": "#1 Co 3:3. Ja 3:14.Or, les œuvres de la chair sont manifestes, ce sont l’impudicité, l’impureté, la dissolution,"
      },
      {
        "book_name": "Galaten",
        "book": 48,
        "chapter": 5,
        "verse": 20,
        "text": "l’idolâtrie, la magie, les inimitiés, les querelles, les jalousies, les animosités, les disputes, les divisions, les sectes,"
      },
      {
        "book_name": "Galaten",
        "book": 48,
        "chapter": 5,
        "verse": 21,
        "text": "l’envie, l’ivrognerie, les excès de table, et les choses semblables. #1 Co 6:10. Ép 5:5. Col 3:6. Ap 22:15.Je vous dis d’avance, comme je l’ai déjà dit, que ceux qui commettent de telles choses n’hériteront point le royaume de Dieu."
      },
      {
        "book_name": "Galaten",
        "book": 48,
        "chapter": 5,
        "verse": 22,
        "text": "#Ép 5:9.Mais le fruit de l’Esprit, c’est l’amour, la joie, la paix, la patience, la bonté, la bénignité, la fidélité, la douceur, la tempérance;"
      },
      {
        "book_name": "Galaten",
        "book": 48,
        "chapter": 5,
        "verse": 23,
        "text": "#1 Ti 1:9.la loi n’est pas contre ces choses."
      },
      {
        "book_name": "Galaten",
        "book": 48,
        "chapter": 5,
        "verse": 24,
        "text": "#Ro 6:6; 13:14. Ga 2:20. 1 Pi 2:11.Ceux qui sont à Jésus-Christ ont crucifié la chair avec ses passions et ses désirs."
      },
      {
        "book_name": "Galaten",
        "book": 48,
        "chapter": 5,
        "verse": 25,
        "text": "Si nous vivons par l’Esprit, marchons aussi selon l’Esprit."
      },
      {
        "book_name": "Galaten",
        "book": 48,
        "chapter": 5,
        "verse": 26,
        "text": "Ne cherchons pas une vaine gloire, en nous provoquant les uns les autres, en nous portant envie les uns aux autres."
      }
    ],
    "6": [
      {
        "book_name": "Galaten",
        "book": 48,
        "chapter": 6,
        "verse": 1,
        "text": "Exhortation au support mutuel, à la libéralité, à la pratique du bienV. 1-5: cf. 1 Th 5:14. Ro 12:3, 16; 15:1-2; 14:10-12.  1Frères, #Ro 14:1; 15:1. 1 Co 9:22.si un homme vient à être surpris en quelque faute, vous qui êtes spirituels, redressez-le avec un esprit de douceur. Prends garde à toi-même, de peur que tu ne sois aussi tenté. 2#Mt 11:29. Jn 13:14. Ro 15:1. 1 Th 5:14.Portez les fardeaux les uns des autres, et vous accomplirez ainsi la loi de Christ. 3Si quelqu’un pense être quelque chose, quoiqu’il ne soit rien, il s’abuse lui-même. 4Que chacun examine ses propres œuvres, et alors il aura sujet de se glorifier pour lui seul, et non par rapport à autrui; 5#Ps 62:13. Jé 17:10; 32:19. Mt 16:27. Ro 2:6; 14:12. 1 Co 3:8. 2 Co 5:10. Ap 2:23; 22:12.car chacun portera son propre fardeau.V. 6-10: cf. (Os 10:12-13. Ro 2:3-11; 8:13.) (Lu 6:30-36. 2 Co 9:6, etc. Hé 6:10-12.)  6  #    \n        Ro 15:27. 1 Co 9:11.  Que celui à qui l’on enseigne la parole fasse part de tous ses biens à celui qui l’enseigne. 7#1 Co 6:10.Ne vous y trompez pas: on ne se moque pas de Dieu. #Lu 16:25.Ce qu’un homme aura semé, il le moissonnera aussi. 8Celui qui sème pour sa chair moissonnera de la chair la corruption; mais celui qui sème pour l’Esprit moissonnera de l’Esprit la vie éternelle. 9#2 Th 3:13.Ne nous lassons pas de faire le bien; car nous moissonnerons au temps convenable, si nous ne nous relâchons pas. 10Ainsi donc, pendant que nous en avons l’occasion, pratiquons le bien envers tous, et #1 Ti 5:8.surtout envers les frères en la foi.Un dernier mot sur ceux qui imposent la circoncision. La croix de Christ, seul sujet de gloire pour l’apôtre. Vœux et salutationV. 11-18: cf. Ph 3:2-11. Ga 5:5-10.  11Voyez avec quelles grandes lettres je vous ai écrit de ma propre main. 12Tous ceux qui veulent se rendre agréables selon la chair vous contraignent à vous faire circoncire, uniquement afin de n’être pas persécutés pour la croix de Christ. 13Car les circoncis eux-mêmes n’observent point la loi; mais ils veulent que vous soyez circoncis, pour se glorifier dans votre chair. 14Pour ce qui me concerne, loin de moi la pensée de me glorifier d’autre chose que de la croix de notre Seigneur Jésus-Christ, par qui le monde est crucifié pour moi, comme je le suis pour le monde! 15#Mt 12:50. Jn 15:14. 2 Co 5:16. Ga 5:6. Col 3:11.Car ce n’est rien que d’être circoncis ou incirconcis; ce qui est quelque chose, c’est d’être une nouvelle créature. 16#Ps 125:5.Paix et miséricorde sur tous ceux qui suivront cette règle, et sur l’Israël de Dieu! 17Que personne désormais ne me fasse de la peine, #2 Co 4:10.car je porte sur mon corps les marques de Jésus. 18Frères, que la grâce de notre Seigneur Jésus-Christ soit avec votre esprit! Amen!"
      },
      {
        "book_name": "Galaten",
        "book": 48,
        "chapter": 6,
        "verse": 1,
        "text": "Frères, #Ro 14:1; 15:1. 1 Co 9:22.si un homme vient à être surpris en quelque faute, vous qui êtes spirituels, redressez-le avec un esprit de douceur. Prends garde à toi-même, de peur que tu ne sois aussi tenté."
      },
      {
        "book_name": "Galaten",
        "book": 48,
        "chapter": 6,
        "verse": 2,
        "text": "#Mt 11:29. Jn 13:14. Ro 15:1. 1 Th 5:14.Portez les fardeaux les uns des autres, et vous accomplirez ainsi la loi de Christ."
      },
      {
        "book_name": "Galaten",
        "book": 48,
        "chapter": 6,
        "verse": 3,
        "text": "Si quelqu’un pense être quelque chose, quoiqu’il ne soit rien, il s’abuse lui-même."
      },
      {
        "book_name": "Galaten",
        "book": 48,
        "chapter": 6,
        "verse": 4,
        "text": "Que chacun examine ses propres œuvres, et alors il aura sujet de se glorifier pour lui seul, et non par rapport à autrui;"
      },
      {
        "book_name": "Galaten",
        "book": 48,
        "chapter": 6,
        "verse": 5,
        "text": "#Ps 62:13. Jé 17:10; 32:19. Mt 16:27. Ro 2:6; 14:12. 1 Co 3:8. 2 Co 5:10. Ap 2:23; 22:12.car chacun portera son propre fardeau."
      },
      {
        "book_name": "Galaten",
        "book": 48,
        "chapter": 6,
        "verse": 6,
        "text": "#    \n        Ro 15:27. 1 Co 9:11.  Que celui à qui l’on enseigne la parole fasse part de tous ses biens à celui qui l’enseigne."
      },
      {
        "book_name": "Galaten",
        "book": 48,
        "chapter": 6,
        "verse": 7,
        "text": "#1 Co 6:10.Ne vous y trompez pas: on ne se moque pas de Dieu. #Lu 16:25.Ce qu’un homme aura semé, il le moissonnera aussi."
      },
      {
        "book_name": "Galaten",
        "book": 48,
        "chapter": 6,
        "verse": 8,
        "text": "Celui qui sème pour sa chair moissonnera de la chair la corruption; mais celui qui sème pour l’Esprit moissonnera de l’Esprit la vie éternelle."
      },
      {
        "book_name": "Galaten",
        "book": 48,
        "chapter": 6,
        "verse": 9,
        "text": "#2 Th 3:13.Ne nous lassons pas de faire le bien; car nous moissonnerons au temps convenable, si nous ne nous relâchons pas."
      },
      {
        "book_name": "Galaten",
        "book": 48,
        "chapter": 6,
        "verse": 10,
        "text": "Ainsi donc, pendant que nous en avons l’occasion, pratiquons le bien envers tous, et #1 Ti 5:8.surtout envers les frères en la foi."
      },
      {
        "book_name": "Galaten",
        "book": 48,
        "chapter": 6,
        "verse": 11,
        "text": "Voyez avec quelles grandes lettres je vous ai écrit de ma propre main."
      },
      {
        "book_name": "Galaten",
        "book": 48,
        "chapter": 6,
        "verse": 12,
        "text": "Tous ceux qui veulent se rendre agréables selon la chair vous contraignent à vous faire circoncire, uniquement afin de n’être pas persécutés pour la croix de Christ."
      },
      {
        "book_name": "Galaten",
        "book": 48,
        "chapter": 6,
        "verse": 13,
        "text": "Car les circoncis eux-mêmes n’observent point la loi; mais ils veulent que vous soyez circoncis, pour se glorifier dans votre chair."
      },
      {
        "book_name": "Galaten",
        "book": 48,
        "chapter": 6,
        "verse": 14,
        "text": "Pour ce qui me concerne, loin de moi la pensée de me glorifier d’autre chose que de la croix de notre Seigneur Jésus-Christ, par qui le monde est crucifié pour moi, comme je le suis pour le monde!"
      },
      {
        "book_name": "Galaten",
        "book": 48,
        "chapter": 6,
        "verse": 15,
        "text": "#Mt 12:50. Jn 15:14. 2 Co 5:16. Ga 5:6. Col 3:11.Car ce n’est rien que d’être circoncis ou incirconcis; ce qui est quelque chose, c’est d’être une nouvelle créature."
      },
      {
        "book_name": "Galaten",
        "book": 48,
        "chapter": 6,
        "verse": 16,
        "text": "#Ps 125:5.Paix et miséricorde sur tous ceux qui suivront cette règle, et sur l’Israël de Dieu!"
      },
      {
        "book_name": "Galaten",
        "book": 48,
        "chapter": 6,
        "verse": 17,
        "text": "Que personne désormais ne me fasse de la peine, #2 Co 4:10.car je porte sur mon corps les marques de Jésus."
      },
      {
        "book_name": "Galaten",
        "book": 48,
        "chapter": 6,
        "verse": 18,
        "text": "Frères, que la grâce de notre Seigneur Jésus-Christ soit avec votre esprit! Amen!"
      }
    ]
  }
}