{
  "source": "bible.com",
  "version": "Luis Segond (1910)",
  "book": "Habakkuk",
  "chapters": {
    "1": [
      {
        "book_name": "Habakkuk",
        "book": 35,
        "chapter": 1,
        "verse": 1,
        "text": "Dialogue du prophète avec l’ÉternelV. 1-4: cf. Jé 12:1. Ps 94.  1Oracle révélé à Habacuc, le prophète.  2Jusqu’à quand, ô Éternel?… J’ai crié,Et tu n’écoutes pas!J’ai crié vers toi à la violence,Et tu ne secours pas!  3Pourquoi me fais-tu voir l’iniquité,Et contemples-tu l’injustice?Pourquoi l’oppression et la violence sont-elles devant moi?Il y a des querelles, et la discorde s’élève.  4Aussi la loi n’a point de vie,La justice n’a point de force;Car le méchant triomphe du juste,Et l’on rend des jugements iniques.V. 5-11: cf. És 28:21,22. (Jé 5:15-17; 6:1-7, 22-24.)  5Jetez les yeux parmi les nations, regardez,Et soyez saisis d’étonnement, d’épouvante!  #    \n        Ac 13:41.  Car je vais faire en vos jours une œuvre,Que vous ne croiriez pas si on la racontait.  6Voici, je vais susciter les Chaldéens,Peuple furibond et impétueux,Qui traverse de vastes étendues de pays,Pour s’emparer de demeures qui ne sont pas à lui.  7Il est terrible et formidable;De lui seul viennent son droit et sa grandeur.  8Ses chevaux sont plus rapides que les léopards,Plus agiles que les loups du soir,Et ses cavaliers s’avancent avec orgueil;Ses cavaliers arrivent de loin,Ils volent comme l’aigle qui fond sur sa proie.  9Tout ce peuple vient pour se livrer au pillage;Ses regards avides se portent en avant,Et il assemble des prisonniers comme du sable.  10Il se moque des rois,Et les princes font l’objet de ses railleries;Il se rit de toutes les forteresses,Il amoncelle de la terre, et il les prend.  11Alors son ardeur redouble,Il poursuit sa marche, et il se rend coupable.Sa force à lui, voilà son dieu!V. 12-17: cf. Jé 25:8-14; 50:23, etc.  12N’es-tu pas de toute éternité,Éternel, mon Dieu, mon Saint?Nous ne mourrons pas!O Éternel, tu as établi ce peuple pour exercer tes jugements;O mon rocher, tu l’as suscité pour infliger tes châtiments.  13Tes yeux sont trop purs pour voir le mal,Et tu ne peux pas regarder l’iniquité.Pourquoi regarderais-tu les perfides, et te tairais-tu,Quand le méchant dévore celui qui est plus juste que lui?  14Traiterais-tu l’homme comme les poissons de la mer,Comme le reptile qui n’a point de maître?  15Il les fait tous monter avec l’hameçon,Il les attire dans son filet,Il les assemble dans ses rets:Aussi est-il dans la joie et dans l’allégresse.  16C’est pourquoi il sacrifie à son filet,Il offre de l’encens à ses rets;Car par eux sa portion est grasse,Et sa nourriture succulente.  17Videra-t-il pour cela son filet,Et toujours égorgera-t-il sans pitié les nations?"
      },
      {
        "book_name": "Habakkuk",
        "book": 35,
        "chapter": 1,
        "verse": 1,
        "text": "Oracle révélé à Habacuc, le prophète."
      },
      {
        "book_name": "Habakkuk",
        "book": 35,
        "chapter": 1,
        "verse": 2,
        "text": "Jusqu’à quand, ô Éternel?… J’ai crié,"
      },
      {
        "book_name": "Habakkuk",
        "book": 35,
        "chapter": 1,
        "verse": 2,
        "text": "Et tu n’écoutes pas!"
      },
      {
        "book_name": "Habakkuk",
        "book": 35,
        "chapter": 1,
        "verse": 2,
        "text": "J’ai crié vers toi à la violence,"
      },
      {
        "book_name": "Habakkuk",
        "book": 35,
        "chapter": 1,
        "verse": 2,
        "text": "Et tu ne secours pas!"
      },
      {
        "book_name": "Habakkuk",
        "book": 35,
        "chapter": 1,
        "verse": 3,
        "text": "Pourquoi me fais-tu voir l’iniquité,"
      },
      {
        "book_name": "Habakkuk",
        "book": 35,
        "chapter": 1,
        "verse": 3,
        "text": "Et contemples-tu l’injustice?"
      },
      {
        "book_name": "Habakkuk",
        "book": 35,
        "chapter": 1,
        "verse": 3,
        "text": "Pourquoi l’oppression et la violence sont-elles devant moi?"
      },
      {
        "book_name": "Habakkuk",
        "book": 35,
        "chapter": 1,
        "verse": 3,
        "text": "Il y a des querelles, et la discorde s’élève."
      },
      {
        "book_name": "Habakkuk",
        "book": 35,
        "chapter": 1,
        "verse": 4,
        "text": "Aussi la loi n’a point de vie,"
      },
      {
        "book_name": "Habakkuk",
        "book": 35,
        "chapter": 1,
        "verse": 4,
        "text": "La justice n’a point de force;"
      },
      {
        "book_name": "Habakkuk",
        "book": 35,
        "chapter": 1,
        "verse": 4,
        "text": "Car le méchant triomphe du juste,"
      },
      {
        "book_name": "Habakkuk",
        "book": 35,
        "chapter": 1,
        "verse": 4,
        "text": "Et l’on rend des jugements iniques."
      },
      {
        "book_name": "Habakkuk",
        "book": 35,
        "chapter": 1,
        "verse": 5,
        "text": "Jetez les yeux parmi les nations, regardez,"
      },
      {
        "book_name": "Habakkuk",
        "book": 35,
        "chapter": 1,
        "verse": 5,
        "text": "Et soyez saisis d’étonnement, d’épouvante!"
      },
      {
        "book_name": "Habakkuk",
        "book": 35,
        "chapter": 1,
        "verse": 5,
        "text": "#    \n        Ac 13:41.  Car je vais faire en vos jours une œuvre,"
      },
      {
        "book_name": "Habakkuk",
        "book": 35,
        "chapter": 1,
        "verse": 5,
        "text": "Que vous ne croiriez pas si on la racontait."
      },
      {
        "book_name": "Habakkuk",
        "book": 35,
        "chapter": 1,
        "verse": 6,
        "text": "Voici, je vais susciter les Chaldéens,"
      },
      {
        "book_name": "Habakkuk",
        "book": 35,
        "chapter": 1,
        "verse": 6,
        "text": "Peuple furibond et impétueux,"
      },
      {
        "book_name": "Habakkuk",
        "book": 35,
        "chapter": 1,
        "verse": 6,
        "text": "Qui traverse de vastes étendues de pays,"
      },
      {
        "book_name": "Habakkuk",
        "book": 35,
        "chapter": 1,
        "verse": 6,
        "text": "Pour s’emparer de demeures qui ne sont pas à lui."
      },
      {
        "book_name": "Habakkuk",
        "book": 35,
        "chapter": 1,
        "verse": 7,
        "text": "Il est terrible et formidable;"
      },
      {
        "book_name": "Habakkuk",
        "book": 35,
        "chapter": 1,
        "verse": 7,
        "text": "De lui seul viennent son droit et sa grandeur."
      },
      {
        "book_name": "Habakkuk",
        "book": 35,
        "chapter": 1,
        "verse": 8,
        "text": "Ses chevaux sont plus rapides que les léopards,"
      },
      {
        "book_name": "Habakkuk",
        "book": 35,
        "chapter": 1,
        "verse": 8,
        "text": "Plus agiles que les loups du soir,"
      },
      {
        "book_name": "Habakkuk",
        "book": 35,
        "chapter": 1,
        "verse": 8,
        "text": "Et ses cavaliers s’avancent avec orgueil;"
      },
      {
        "book_name": "Habakkuk",
        "book": 35,
        "chapter": 1,
        "verse": 8,
        "text": "Ses cavaliers arrivent de loin,"
      },
      {
        "book_name": "Habakkuk",
        "book": 35,
        "chapter": 1,
        "verse": 8,
        "text": "Ils volent comme l’aigle qui fond sur sa proie."
      },
      {
        "book_name": "Habakkuk",
        "book": 35,
        "chapter": 1,
        "verse": 9,
        "text": "Tout ce peuple vient pour se livrer au pillage;"
      },
      {
        "book_name": "Habakkuk",
        "book": 35,
        "chapter": 1,
        "verse": 9,
        "text": "Ses regards avides se portent en avant,"
      },
      {
        "book_name": "Habakkuk",
        "book": 35,
        "chapter": 1,
        "verse": 9,
        "text": "Et il assemble des prisonniers comme du sable."
      },
      {
        "book_name": "Habakkuk",
        "book": 35,
        "chapter": 1,
        "verse": 10,
        "text": "Il se moque des rois,"
      },
      {
        "book_name": "Habakkuk",
        "book": 35,
        "chapter": 1,
        "verse": 10,
        "text": "Et les princes font l’objet de ses railleries;"
      },
      {
        "book_name": "Habakkuk",
        "book": 35,
        "chapter": 1,
        "verse": 10,
        "text": "Il se rit de toutes les forteresses,"
      },
      {
        "book_name": "Habakkuk",
        "book": 35,
        "chapter": 1,
        "verse": 10,
        "text": "Il amoncelle de la terre, et il les prend."
      },
      {
        "book_name": "Habakkuk",
        "book": 35,
        "chapter": 1,
        "verse": 11,
        "text": "Alors son ardeur redouble,"
      },
      {
        "book_name": "Habakkuk",
        "book": 35,
        "chapter": 1,
        "verse": 11,
        "text": "Il poursuit sa marche, et il se rend coupable."
      },
      {
        "book_name": "Habakkuk",
        "book": 35,
        "chapter": 1,
        "verse": 11,
        "text": "Sa force à lui, voilà son dieu!"
      },
      {
        "book_name": "Habakkuk",
        "book": 35,
        "chapter": 1,
        "verse": 12,
        "text": "N’es-tu pas de toute éternité,"
      },
      {
        "book_name": "Habakkuk",
        "book": 35,
        "chapter": 1,
        "verse": 12,
        "text": "Éternel, mon Dieu, mon Saint?"
      },
      {
        "book_name": "Habakkuk",
        "book": 35,
        "chapter": 1,
        "verse": 12,
        "text": "Nous ne mourrons pas!"
      },
      {
        "book_name": "Habakkuk",
        "book": 35,
        "chapter": 1,
        "verse": 12,
        "text": "O Éternel, tu as établi ce peuple pour exercer tes jugements;"
      },
      {
        "book_name": "Habakkuk",
        "book": 35,
        "chapter": 1,
        "verse": 12,
        "text": "O mon rocher, tu l’as suscité pour infliger tes châtiments."
      },
      {
        "book_name": "Habakkuk",
        "book": 35,
        "chapter": 1,
        "verse": 13,
        "text": "Tes yeux sont trop purs pour voir le mal,"
      },
      {
        "book_name": "Habakkuk",
        "book": 35,
        "chapter": 1,
        "verse": 13,
        "text": "Et tu ne peux pas regarder l’iniquité."
      },
      {
        "book_name": "Habakkuk",
        "book": 35,
        "chapter": 1,
        "verse": 13,
        "text": "Pourquoi regarderais-tu les perfides, et te tairais-tu,"
      },
      {
        "book_name": "Habakkuk",
        "book": 35,
        "chapter": 1,
        "verse": 13,
        "text": "Quand le méchant dévore celui qui est plus juste que lui?"
      },
      {
        "book_name": "Habakkuk",
        "book": 35,
        "chapter": 1,
        "verse": 14,
        "text": "Traiterais-tu l’homme comme les poissons de la mer,"
      },
      {
        "book_name": "Habakkuk",
        "book": 35,
        "chapter": 1,
        "verse": 14,
        "text": "Comme le reptile qui n’a point de maître?"
      },
      {
        "book_name": "Habakkuk",
        "book": 35,
        "chapter": 1,
        "verse": 15,
        "text": "Il les fait tous monter avec l’hameçon,"
      },
      {
        "book_name": "Habakkuk",
        "book": 35,
        "chapter": 1,
        "verse": 15,
        "text": "Il les attire dans son filet,"
      },
      {
        "book_name": "Habakkuk",
        "book": 35,
        "chapter": 1,
        "verse": 15,
        "text": "Il les assemble dans ses rets:"
      },
      {
        "book_name": "Habakkuk",
        "book": 35,
        "chapter": 1,
        "verse": 15,
        "text": "Aussi est-il dans la joie et dans l’allégresse."
      },
      {
        "book_name": "Habakkuk",
        "book": 35,
        "chapter": 1,
        "verse": 16,
        "text": "C’est pourquoi il sacrifie à son filet,"
      },
      {
        "book_name": "Habakkuk",
        "book": 35,
        "chapter": 1,
        "verse": 16,
        "text": "Il offre de l’encens à ses rets;"
      },
      {
        "book_name": "Habakkuk",
        "book": 35,
        "chapter": 1,
        "verse": 16,
        "text": "Car par eux sa portion est grasse,"
      },
      {
        "book_name": "Habakkuk",
        "book": 35,
        "chapter": 1,
        "verse": 16,
        "text": "Et sa nourriture succulente."
      },
      {
        "book_name": "Habakkuk",
        "book": 35,
        "chapter": 1,
        "verse": 17,
        "text": "Videra-t-il pour cela son filet,"
      },
      {
        "book_name": "Habakkuk",
        "book": 35,
        "chapter": 1,
        "verse": 17,
        "text": "Et toujours égorgera-t-il sans pitié les nations?"
      }
    ],
    "2": [
      {
        "book_name": "Habakkuk",
        "book": 35,
        "chapter": 2,
        "verse": 1,
        "text": "V. 1-4: cf. Hé 10:35-39. Mi 7:7-10.  1  #    \n        És 21:8.  J’étais à mon poste,Et je me tenais sur la tour;Je veillais, pour voir ce que l’Éternel me dirait,Et ce que je répliquerais après ma plainte.  2L’Éternel m’adressa la parole, et il dit:  #    \n        És 30:8.  Écris la prophétie:Grave-la sur des tables,Afin qu’on la lise couramment.  3Car c’est une prophétie dont le temps est déjà fixé,Elle marche vers son terme, et elle ne mentira pas;Si elle tarde, attends-la,Car elle s’accomplira, elle s’accomplira certainement.  4Voici, son âme s’est enflée, elle n’est pas droite en lui;Mais le juste vivra par sa foi.MalédictionsV. 5-20: cf. Ha 1:12-17. (És 14:3-23; 47. Jé 50; 51.)  5Pareil à celui qui est ivre et arrogant,L’orgueilleux ne demeure pas tranquille;Il élargit sa bouche comme le séjour des morts,Il est insatiable comme la mort;Il attire à lui toutes les nations,Il assemble auprès de lui tous les peuples.  6Ne sera-t-il pas pour tous un sujet de sarcasme,De railleries et d’énigmes?On dira:Malheur à celui qui accumule ce qui n’est pas à lui!Jusques à quand?…Malheur à celui qui augmente le fardeau de ses dettes!  7Tes créanciers ne se lèveront-ils pas soudain?Tes oppresseurs ne se réveilleront-ils pas?Et tu deviendras leur proie.  8Parce que tu as pillé beaucoup de nations,Tout le reste des peuples te pillera;Car tu as répandu le sang des hommes,Tu as commis des violences dans le pays,Contre la ville et tous ses habitants.  9Malheur à celui qui amasse pour sa maison des gains iniques,Afin de placer son nid dans un lieu élevé,Pour se garantir de la main du malheur!  10C’est l’opprobre de ta maison que tu as résolu,En détruisant des peuples nombreux,Et c’est contre toi-même que tu as péché.  11Car la pierre crie du milieu de la muraille,Et le bois qui lie la charpente lui répond.  12Malheur à celui qui bâtit une ville avec le sang,Qui fonde une ville avec l’iniquité!  13Voici, quand l’Éternel des armées l’a résolu,Les peuples travaillent pour le feu,Les nations se fatiguent en vain.  14Car la terre sera remplie de la connaissance de la gloire de l’Éternel,Comme le fond de la mer par les eaux qui le couvrent.  15Malheur à celui qui fait boire son prochain,A toi qui verses ton outre et qui l’enivres,Afin de voir sa nudité!  16Tu seras rassasié de honte plus que de gloire;Bois aussi toi-même, et découvre-toi!La coupe de la droite de l’Éternel se tournera vers toi,Et l’ignominie souillera ta gloire.  17Car les violences contre le Liban retomberont sur toi,Et les ravages des bêtes t’effraieront,Parce que tu as répandu le sang des hommes,Et commis des violences dans le pays,Contre la ville et tous ses habitants.  18A quoi sert une image taillée, pour qu’un ouvrier la taille?A quoi sert une image en fonte et qui enseigne le mensonge,Pour que l’ouvrier qui l’a faite place en elle sa confiance,Tandis qu’il fabrique des idoles muettes?  19Malheur à celui qui dit au bois: Lève-toi!A une pierre muette: Réveille-toi!Donnera-t-elle instruction?Voici, elle est garnie d’or et d’argent,Mais il n’y a point en elle un esprit qui l’anime.  20L’Éternel est dans son saint temple.Que toute la terre fasse silence devant lui!"
      },
      {
        "book_name": "Habakkuk",
        "book": 35,
        "chapter": 2,
        "verse": 1,
        "text": "#    \n        És 21:8.  J’étais à mon poste,"
      },
      {
        "book_name": "Habakkuk",
        "book": 35,
        "chapter": 2,
        "verse": 1,
        "text": "Et je me tenais sur la tour;"
      },
      {
        "book_name": "Habakkuk",
        "book": 35,
        "chapter": 2,
        "verse": 1,
        "text": "Je veillais, pour voir ce que l’Éternel me dirait,"
      },
      {
        "book_name": "Habakkuk",
        "book": 35,
        "chapter": 2,
        "verse": 1,
        "text": "Et ce que je répliquerais après ma plainte."
      },
      {
        "book_name": "Habakkuk",
        "book": 35,
        "chapter": 2,
        "verse": 2,
        "text": "L’Éternel m’adressa la parole, et il dit:"
      },
      {
        "book_name": "Habakkuk",
        "book": 35,
        "chapter": 2,
        "verse": 2,
        "text": "#    \n        És 30:8.  Écris la prophétie:"
      },
      {
        "book_name": "Habakkuk",
        "book": 35,
        "chapter": 2,
        "verse": 2,
        "text": "Grave-la sur des tables,"
      },
      {
        "book_name": "Habakkuk",
        "book": 35,
        "chapter": 2,
        "verse": 2,
        "text": "Afin qu’on la lise couramment."
      },
      {
        "book_name": "Habakkuk",
        "book": 35,
        "chapter": 2,
        "verse": 3,
        "text": "Car c’est une prophétie dont le temps est déjà fixé,"
      },
      {
        "book_name": "Habakkuk",
        "book": 35,
        "chapter": 2,
        "verse": 3,
        "text": "Elle marche vers son terme, et elle ne mentira pas;"
      },
      {
        "book_name": "Habakkuk",
        "book": 35,
        "chapter": 2,
        "verse": 3,
        "text": "Si elle tarde, attends-la,"
      },
      {
        "book_name": "Habakkuk",
        "book": 35,
        "chapter": 2,
        "verse": 3,
        "text": "Car elle s’accomplira, elle s’accomplira certainement."
      },
      {
        "book_name": "Habakkuk",
        "book": 35,
        "chapter": 2,
        "verse": 4,
        "text": "Voici, son âme s’est enflée, elle n’est pas droite en lui;"
      },
      {
        "book_name": "Habakkuk",
        "book": 35,
        "chapter": 2,
        "verse": 4,
        "text": "Mais le juste vivra par sa foi."
      },
      {
        "book_name": "Habakkuk",
        "book": 35,
        "chapter": 2,
        "verse": 5,
        "text": "Pareil à celui qui est ivre et arrogant,"
      },
      {
        "book_name": "Habakkuk",
        "book": 35,
        "chapter": 2,
        "verse": 5,
        "text": "L’orgueilleux ne demeure pas tranquille;"
      },
      {
        "book_name": "Habakkuk",
        "book": 35,
        "chapter": 2,
        "verse": 5,
        "text": "Il élargit sa bouche comme le séjour des morts,"
      },
      {
        "book_name": "Habakkuk",
        "book": 35,
        "chapter": 2,
        "verse": 5,
        "text": "Il est insatiable comme la mort;"
      },
      {
        "book_name": "Habakkuk",
        "book": 35,
        "chapter": 2,
        "verse": 5,
        "text": "Il attire à lui toutes les nations,"
      },
      {
        "book_name": "Habakkuk",
        "book": 35,
        "chapter": 2,
        "verse": 5,
        "text": "Il assemble auprès de lui tous les peuples."
      },
      {
        "book_name": "Habakkuk",
        "book": 35,
        "chapter": 2,
        "verse": 6,
        "text": "Ne sera-t-il pas pour tous un sujet de sarcasme,"
      },
      {
        "book_name": "Habakkuk",
        "book": 35,
        "chapter": 2,
        "verse": 6,
        "text": "De railleries et d’énigmes?"
      },
      {
        "book_name": "Habakkuk",
        "book": 35,
        "chapter": 2,
        "verse": 6,
        "text": "On dira:"
      },
      {
        "book_name": "Habakkuk",
        "book": 35,
        "chapter": 2,
        "verse": 6,
        "text": "Malheur à celui qui accumule ce qui n’est pas à lui!"
      },
      {
        "book_name": "Habakkuk",
        "book": 35,
        "chapter": 2,
        "verse": 6,
        "text": "Jusques à quand?…"
      },
      {
        "book_name": "Habakkuk",
        "book": 35,
        "chapter": 2,
        "verse": 6,
        "text": "Malheur à celui qui augmente le fardeau de ses dettes!"
      },
      {
        "book_name": "Habakkuk",
        "book": 35,
        "chapter": 2,
        "verse": 7,
        "text": "Tes créanciers ne se lèveront-ils pas soudain?"
      },
      {
        "book_name": "Habakkuk",
        "book": 35,
        "chapter": 2,
        "verse": 7,
        "text": "Tes oppresseurs ne se réveilleront-ils pas?"
      },
      {
        "book_name": "Habakkuk",
        "book": 35,
        "chapter": 2,
        "verse": 7,
        "text": "Et tu deviendras leur proie."
      },
      {
        "book_name": "Habakkuk",
        "book": 35,
        "chapter": 2,
        "verse": 8,
        "text": "Parce que tu as pillé beaucoup de nations,"
      },
      {
        "book_name": "Habakkuk",
        "book": 35,
        "chapter": 2,
        "verse": 8,
        "text": "Tout le reste des peuples te pillera;"
      },
      {
        "book_name": "Habakkuk",
        "book": 35,
        "chapter": 2,
        "verse": 8,
        "text": "Car tu as répandu le sang des hommes,"
      },
      {
        "book_name": "Habakkuk",
        "book": 35,
        "chapter": 2,
        "verse": 8,
        "text": "Tu as commis des violences dans le pays,"
      },
      {
        "book_name": "Habakkuk",
        "book": 35,
        "chapter": 2,
        "verse": 8,
        "text": "Contre la ville et tous ses habitants."
      },
      {
        "book_name": "Habakkuk",
        "book": 35,
        "chapter": 2,
        "verse": 9,
        "text": "Malheur à celui qui amasse pour sa maison des gains iniques,"
      },
      {
        "book_name": "Habakkuk",
        "book": 35,
        "chapter": 2,
        "verse": 9,
        "text": "Afin de placer son nid dans un lieu élevé,"
      },
      {
        "book_name": "Habakkuk",
        "book": 35,
        "chapter": 2,
        "verse": 9,
        "text": "Pour se garantir de la main du malheur!"
      },
      {
        "book_name": "Habakkuk",
        "book": 35,
        "chapter": 2,
        "verse": 10,
        "text": "C’est l’opprobre de ta maison que tu as résolu,"
      },
      {
        "book_name": "Habakkuk",
        "book": 35,
        "chapter": 2,
        "verse": 10,
        "text": "En détruisant des peuples nombreux,"
      },
      {
        "book_name": "Habakkuk",
        "book": 35,
        "chapter": 2,
        "verse": 10,
        "text": "Et c’est contre toi-même que tu as péché."
      },
      {
        "book_name": "Habakkuk",
        "book": 35,
        "chapter": 2,
        "verse": 11,
        "text": "Car la pierre crie du milieu de la muraille,"
      },
      {
        "book_name": "Habakkuk",
        "book": 35,
        "chapter": 2,
        "verse": 11,
        "text": "Et le bois qui lie la charpente lui répond."
      },
      {
        "book_name": "Habakkuk",
        "book": 35,
        "chapter": 2,
        "verse": 12,
        "text": "Malheur à celui qui bâtit une ville avec le sang,"
      },
      {
        "book_name": "Habakkuk",
        "book": 35,
        "chapter": 2,
        "verse": 12,
        "text": "Qui fonde une ville avec l’iniquité!"
      },
      {
        "book_name": "Habakkuk",
        "book": 35,
        "chapter": 2,
        "verse": 13,
        "text": "Voici, quand l’Éternel des armées l’a résolu,"
      },
      {
        "book_name": "Habakkuk",
        "book": 35,
        "chapter": 2,
        "verse": 13,
        "text": "Les peuples travaillent pour le feu,"
      },
      {
        "book_name": "Habakkuk",
        "book": 35,
        "chapter": 2,
        "verse": 13,
        "text": "Les nations se fatiguent en vain."
      },
      {
        "book_name": "Habakkuk",
        "book": 35,
        "chapter": 2,
        "verse": 14,
        "text": "Car la terre sera remplie de la connaissance de la gloire de l’Éternel,"
      },
      {
        "book_name": "Habakkuk",
        "book": 35,
        "chapter": 2,
        "verse": 14,
        "text": "Comme le fond de la mer par les eaux qui le couvrent."
      },
      {
        "book_name": "Habakkuk",
        "book": 35,
        "chapter": 2,
        "verse": 15,
        "text": "Malheur à celui qui fait boire son prochain,"
      },
      {
        "book_name": "Habakkuk",
        "book": 35,
        "chapter": 2,
        "verse": 15,
        "text": "A toi qui verses ton outre et qui l’enivres,"
      },
      {
        "book_name": "Habakkuk",
        "book": 35,
        "chapter": 2,
        "verse": 15,
        "text": "Afin de voir sa nudité!"
      },
      {
        "book_name": "Habakkuk",
        "book": 35,
        "chapter": 2,
        "verse": 16,
        "text": "Tu seras rassasié de honte plus que de gloire;"
      },
      {
        "book_name": "Habakkuk",
        "book": 35,
        "chapter": 2,
        "verse": 16,
        "text": "Bois aussi toi-même, et découvre-toi!"
      },
      {
        "book_name": "Habakkuk",
        "book": 35,
        "chapter": 2,
        "verse": 16,
        "text": "La coupe de la droite de l’Éternel se tournera vers toi,"
      },
      {
        "book_name": "Habakkuk",
        "book": 35,
        "chapter": 2,
        "verse": 16,
        "text": "Et l’ignominie souillera ta gloire."
      },
      {
        "book_name": "Habakkuk",
        "book": 35,
        "chapter": 2,
        "verse": 17,
        "text": "Car les violences contre le Liban retomberont sur toi,"
      },
      {
        "book_name": "Habakkuk",
        "book": 35,
        "chapter": 2,
        "verse": 17,
        "text": "Et les ravages des bêtes t’effraieront,"
      },
      {
        "book_name": "Habakkuk",
        "book": 35,
        "chapter": 2,
        "verse": 17,
        "text": "Parce que tu as répandu le sang des hommes,"
      },
      {
        "book_name": "Habakkuk",
        "book": 35,
        "chapter": 2,
        "verse": 17,
        "text": "Et commis des violences dans le pays,"
      },
      {
        "book_name": "Habakkuk",
        "book": 35,
        "chapter": 2,
        "verse": 17,
        "text": "Contre la ville et tous ses habitants."
      },
      {
        "book_name": "Habakkuk",
        "book": 35,
        "chapter": 2,
        "verse": 18,
        "text": "A quoi sert une image taillée, pour qu’un ouvrier la taille?"
      },
      {
        "book_name": "Habakkuk",
        "book": 35,
        "chapter": 2,
        "verse": 18,
        "text": "A quoi sert une image en fonte et qui enseigne le mensonge,"
      },
      {
        "book_name": "Habakkuk",
        "book": 35,
        "chapter": 2,
        "verse": 18,
        "text": "Pour que l’ouvrier qui l’a faite place en elle sa confiance,"
      },
      {
        "book_name": "Habakkuk",
        "book": 35,
        "chapter": 2,
        "verse": 18,
        "text": "Tandis qu’il fabrique des idoles muettes?"
      },
      {
        "book_name": "Habakkuk",
        "book": 35,
        "chapter": 2,
        "verse": 19,
        "text": "Malheur à celui qui dit au bois: Lève-toi!"
      },
      {
        "book_name": "Habakkuk",
        "book": 35,
        "chapter": 2,
        "verse": 19,
        "text": "A une pierre muette: Réveille-toi!"
      },
      {
        "book_name": "Habakkuk",
        "book": 35,
        "chapter": 2,
        "verse": 19,
        "text": "Donnera-t-elle instruction?"
      },
      {
        "book_name": "Habakkuk",
        "book": 35,
        "chapter": 2,
        "verse": 19,
        "text": "Voici, elle est garnie d’or et d’argent,"
      },
      {
        "book_name": "Habakkuk",
        "book": 35,
        "chapter": 2,
        "verse": 19,
        "text": "Mais il n’y a point en elle un esprit qui l’anime."
      },
      {
        "book_name": "Habakkuk",
        "book": 35,
        "chapter": 2,
        "verse": 20,
        "text": "L’Éternel est dans son saint temple."
      },
      {
        "book_name": "Habakkuk",
        "book": 35,
        "chapter": 2,
        "verse": 20,
        "text": "Que toute la terre fasse silence devant lui!"
      }
    ],
    "3": [
      {
        "book_name": "Habakkuk",
        "book": 35,
        "chapter": 3,
        "verse": 1,
        "text": "Prière du prophèteV. 1-2: cf. Ha 1:5-17; 2:3.  1Prière d’Habacuc, le prophète.(Sur le mode des complaintes.)  2Éternel, j’ai entendu ce que tu as annoncé, je suis saisi de crainte.Accomplis ton œuvre dans le cours des années, ô Éternel!Dans le cours des années manifeste-la!Mais dans ta colère souviens-toi de tes compassions!V. 3-15: cf. Jg 5:4, 5. Ps 77:12-21; 44:2-5.  3Dieu vient de Théman,Le Saint vient de la montagne de Paran… — Pause.Sa majesté couvre les cieux,Et sa gloire remplit la terre.  4C’est comme l’éclat de la lumière;Des rayons partent de sa main;Là réside sa force.  5Devant lui marche la peste,Et la peste est sur ses traces.  6Il s’arrête, et de l’œil il mesure la terre;Il regarde, et il fait trembler les nations;Les montagnes éternelles se brisent,Les collines antiques s’abaissent;Les sentiers d’autrefois s’ouvrent devant lui.  7Je vois dans la détresse les tentes de l’Éthiopie,Et les tentes du pays de Madian sont dans l’épouvante.  8L’Éternel est-il irrité contre les fleuves?Est-ce contre les fleuves que s’enflamme ta colère,Contre la mer que se répand ta fureur,Pour que tu sois monté sur tes chevaux,Sur ton char de victoire?  9Ton arc est mis à nu;Les malédictions sont les traits de ta parole… — Pause.Tu fends la terre pour donner cours aux fleuves.  10A ton aspect, les montagnes tremblent;Des torrents d’eau se précipitent;L’abîme fait entendre sa voix,Il lève ses mains en haut.  11Le soleil et la lune s’arrêtent dans leur demeure,A la lumière de tes flèches qui partent,A la clarté de ta lance qui brille.  12Tu parcours la terre dans ta fureur,Tu écrases les nations dans ta colère.  13Tu sors pour délivrer ton peuple,Pour délivrer ton oint;Tu brises le faîte de la maison du méchant,Tu la détruis de fond en comble. — Pause.  14Tu perces de tes traits la tête de ses chefs,Qui se précipitent comme la tempête pour me disperser,Poussant des cris de joie,Comme s’ils dévoraient déjà le malheureux dans leur repaire.  15Avec tes chevaux tu foules la mer,La boue des grandes eaux.V. 16-19: cf. Jé 30:7-11. (Ro 12:12. 1 Pi 1:6-9.)  16J’ai entendu… Et mes entrailles sont émues.A cette voix, mes lèvres frémissent,Mes os se consument,Et mes genoux chancellent:En silence je dois attendre le jour de la détresse,Le jour où l’oppresseur marchera contre le peuple.  17Car le figuier ne fleurira pas,La vigne ne produira rien,Le fruit de l’olivier manquera,Les champs ne donneront pas de nourriture;Les brebis disparaîtront du pâturage,Et il n’y aura plus de bœufs dans les étables.  18Toutefois, je veux me réjouir en l’Éternel,Je veux me réjouir dans le Dieu de mon salut.  19L’Éternel, le Seigneur, est ma force;Il rend mes pieds semblables à ceux des biches,Et il me fait marcher sur mes lieux élevés.Au chef des chantres. Avec instruments à cordes."
      },
      {
        "book_name": "Habakkuk",
        "book": 35,
        "chapter": 3,
        "verse": 1,
        "text": "Prière d’Habacuc, le prophète."
      },
      {
        "book_name": "Habakkuk",
        "book": 35,
        "chapter": 3,
        "verse": 1,
        "text": "(Sur le mode des complaintes.)"
      },
      {
        "book_name": "Habakkuk",
        "book": 35,
        "chapter": 3,
        "verse": 2,
        "text": "Éternel, j’ai entendu ce que tu as annoncé, je suis saisi de crainte."
      },
      {
        "book_name": "Habakkuk",
        "book": 35,
        "chapter": 3,
        "verse": 2,
        "text": "Accomplis ton œuvre dans le cours des années, ô Éternel!"
      },
      {
        "book_name": "Habakkuk",
        "book": 35,
        "chapter": 3,
        "verse": 2,
        "text": "Dans le cours des années manifeste-la!"
      },
      {
        "book_name": "Habakkuk",
        "book": 35,
        "chapter": 3,
        "verse": 2,
        "text": "Mais dans ta colère souviens-toi de tes compassions!"
      },
      {
        "book_name": "Habakkuk",
        "book": 35,
        "chapter": 3,
        "verse": 3,
        "text": "Dieu vient de Théman,"
      },
      {
        "book_name": "Habakkuk",
        "book": 35,
        "chapter": 3,
        "verse": 3,
        "text": "Le Saint vient de la montagne de Paran… — Pause."
      },
      {
        "book_name": "Habakkuk",
        "book": 35,
        "chapter": 3,
        "verse": 3,
        "text": "Sa majesté couvre les cieux,"
      },
      {
        "book_name": "Habakkuk",
        "book": 35,
        "chapter": 3,
        "verse": 3,
        "text": "Et sa gloire remplit la terre."
      },
      {
        "book_name": "Habakkuk",
        "book": 35,
        "chapter": 3,
        "verse": 4,
        "text": "C’est comme l’éclat de la lumière;"
      },
      {
        "book_name": "Habakkuk",
        "book": 35,
        "chapter": 3,
        "verse": 4,
        "text": "Des rayons partent de sa main;"
      },
      {
        "book_name": "Habakkuk",
        "book": 35,
        "chapter": 3,
        "verse": 4,
        "text": "Là réside sa force."
      },
      {
        "book_name": "Habakkuk",
        "book": 35,
        "chapter": 3,
        "verse": 5,
        "text": "Devant lui marche la peste,"
      },
      {
        "book_name": "Habakkuk",
        "book": 35,
        "chapter": 3,
        "verse": 5,
        "text": "Et la peste est sur ses traces."
      },
      {
        "book_name": "Habakkuk",
        "book": 35,
        "chapter": 3,
        "verse": 6,
        "text": "Il s’arrête, et de l’œil il mesure la terre;"
      },
      {
        "book_name": "Habakkuk",
        "book": 35,
        "chapter": 3,
        "verse": 6,
        "text": "Il regarde, et il fait trembler les nations;"
      },
      {
        "book_name": "Habakkuk",
        "book": 35,
        "chapter": 3,
        "verse": 6,
        "text": "Les montagnes éternelles se brisent,"
      },
      {
        "book_name": "Habakkuk",
        "book": 35,
        "chapter": 3,
        "verse": 6,
        "text": "Les collines antiques s’abaissent;"
      },
      {
        "book_name": "Habakkuk",
        "book": 35,
        "chapter": 3,
        "verse": 6,
        "text": "Les sentiers d’autrefois s’ouvrent devant lui."
      },
      {
        "book_name": "Habakkuk",
        "book": 35,
        "chapter": 3,
        "verse": 7,
        "text": "Je vois dans la détresse les tentes de l’Éthiopie,"
      },
      {
        "book_name": "Habakkuk",
        "book": 35,
        "chapter": 3,
        "verse": 7,
        "text": "Et les tentes du pays de Madian sont dans l’épouvante."
      },
      {
        "book_name": "Habakkuk",
        "book": 35,
        "chapter": 3,
        "verse": 8,
        "text": "L’Éternel est-il irrité contre les fleuves?"
      },
      {
        "book_name": "Habakkuk",
        "book": 35,
        "chapter": 3,
        "verse": 8,
        "text": "Est-ce contre les fleuves que s’enflamme ta colère,"
      },
      {
        "book_name": "Habakkuk",
        "book": 35,
        "chapter": 3,
        "verse": 8,
        "text": "Contre la mer que se répand ta fureur,"
      },
      {
        "book_name": "Habakkuk",
        "book": 35,
        "chapter": 3,
        "verse": 8,
        "text": "Pour que tu sois monté sur tes chevaux,"
      },
      {
        "book_name": "Habakkuk",
        "book": 35,
        "chapter": 3,
        "verse": 8,
        "text": "Sur ton char de victoire?"
      },
      {
        "book_name": "Habakkuk",
        "book": 35,
        "chapter": 3,
        "verse": 9,
        "text": "Ton arc est mis à nu;"
      },
      {
        "book_name": "Habakkuk",
        "book": 35,
        "chapter": 3,
        "verse": 9,
        "text": "Les malédictions sont les traits de ta parole… — Pause."
      },
      {
        "book_name": "Habakkuk",
        "book": 35,
        "chapter": 3,
        "verse": 9,
        "text": "Tu fends la terre pour donner cours aux fleuves."
      },
      {
        "book_name": "Habakkuk",
        "book": 35,
        "chapter": 3,
        "verse": 10,
        "text": "A ton aspect, les montagnes tremblent;"
      },
      {
        "book_name": "Habakkuk",
        "book": 35,
        "chapter": 3,
        "verse": 10,
        "text": "Des torrents d’eau se précipitent;"
      },
      {
        "book_name": "Habakkuk",
        "book": 35,
        "chapter": 3,
        "verse": 10,
        "text": "L’abîme fait entendre sa voix,"
      },
      {
        "book_name": "Habakkuk",
        "book": 35,
        "chapter": 3,
        "verse": 10,
        "text": "Il lève ses mains en haut."
      },
      {
        "book_name": "Habakkuk",
        "book": 35,
        "chapter": 3,
        "verse": 11,
        "text": "Le soleil et la lune s’arrêtent dans leur demeure,"
      },
      {
        "book_name": "Habakkuk",
        "book": 35,
        "chapter": 3,
        "verse": 11,
        "text": "A la lumière de tes flèches qui partent,"
      },
      {
        "book_name": "Habakkuk",
        "book": 35,
        "chapter": 3,
        "verse": 11,
        "text": "A la clarté de ta lance qui brille."
      },
      {
        "book_name": "Habakkuk",
        "book": 35,
        "chapter": 3,
        "verse": 12,
        "text": "Tu parcours la terre dans ta fureur,"
      },
      {
        "book_name": "Habakkuk",
        "book": 35,
        "chapter": 3,
        "verse": 12,
        "text": "Tu écrases les nations dans ta colère."
      },
      {
        "book_name": "Habakkuk",
        "book": 35,
        "chapter": 3,
        "verse": 13,
        "text": "Tu sors pour délivrer ton peuple,"
      },
      {
        "book_name": "Habakkuk",
        "book": 35,
        "chapter": 3,
        "verse": 13,
        "text": "Pour délivrer ton oint;"
      },
      {
        "book_name": "Habakkuk",
        "book": 35,
        "chapter": 3,
        "verse": 13,
        "text": "Tu brises le faîte de la maison du méchant,"
      },
      {
        "book_name": "Habakkuk",
        "book": 35,
        "chapter": 3,
        "verse": 13,
        "text": "Tu la détruis de fond en comble. — Pause."
      },
      {
        "book_name": "Habakkuk",
        "book": 35,
        "chapter": 3,
        "verse": 14,
        "text": "Tu perces de tes traits la tête de ses chefs,"
      },
      {
        "book_name": "Habakkuk",
        "book": 35,
        "chapter": 3,
        "verse": 14,
        "text": "Qui se précipitent comme la tempête pour me disperser,"
      },
      {
        "book_name": "Habakkuk",
        "book": 35,
        "chapter": 3,
        "verse": 14,
        "text": "Poussant des cris de joie,"
      },
      {
        "book_name": "Habakkuk",
        "book": 35,
        "chapter": 3,
        "verse": 14,
        "text": "Comme s’ils dévoraient déjà le malheureux dans leur repaire."
      },
      {
        "book_name": "Habakkuk",
        "book": 35,
        "chapter": 3,
        "verse": 15,
        "text": "Avec tes chevaux tu foules la mer,"
      },
      {
        "book_name": "Habakkuk",
        "book": 35,
        "chapter": 3,
        "verse": 15,
        "text": "La boue des grandes eaux."
      },
      {
        "book_name": "Habakkuk",
        "book": 35,
        "chapter": 3,
        "verse": 16,
        "text": "J’ai entendu… Et mes entrailles sont émues."
      },
      {
        "book_name": "Habakkuk",
        "book": 35,
        "chapter": 3,
        "verse": 16,
        "text": "A cette voix, mes lèvres frémissent,"
      },
      {
        "book_name": "Habakkuk",
        "book": 35,
        "chapter": 3,
        "verse": 16,
        "text": "Mes os se consument,"
      },
      {
        "book_name": "Habakkuk",
        "book": 35,
        "chapter": 3,
        "verse": 16,
        "text": "Et mes genoux chancellent:"
      },
      {
        "book_name": "Habakkuk",
        "book": 35,
        "chapter": 3,
        "verse": 16,
        "text": "En silence je dois attendre le jour de la détresse,"
      },
      {
        "book_name": "Habakkuk",
        "book": 35,
        "chapter": 3,
        "verse": 16,
        "text": "Le jour où l’oppresseur marchera contre le peuple."
      },
      {
        "book_name": "Habakkuk",
        "book": 35,
        "chapter": 3,
        "verse": 17,
        "text": "Car le figuier ne fleurira pas,"
      },
      {
        "book_name": "Habakkuk",
        "book": 35,
        "chapter": 3,
        "verse": 17,
        "text": "La vigne ne produira rien,"
      },
      {
        "book_name": "Habakkuk",
        "book": 35,
        "chapter": 3,
        "verse": 17,
        "text": "Le fruit de l’olivier manquera,"
      },
      {
        "book_name": "Habakkuk",
        "book": 35,
        "chapter": 3,
        "verse": 17,
        "text": "Les champs ne donneront pas de nourriture;"
      },
      {
        "book_name": "Habakkuk",
        "book": 35,
        "chapter": 3,
        "verse": 17,
        "text": "Les brebis disparaîtront du pâturage,"
      },
      {
        "book_name": "Habakkuk",
        "book": 35,
        "chapter": 3,
        "verse": 17,
        "text": "Et il n’y aura plus de bœufs dans les étables."
      },
      {
        "book_name": "Habakkuk",
        "book": 35,
        "chapter": 3,
        "verse": 18,
        "text": "Toutefois, je veux me réjouir en l’Éternel,"
      },
      {
        "book_name": "Habakkuk",
        "book": 35,
        "chapter": 3,
        "verse": 18,
        "text": "Je veux me réjouir dans le Dieu de mon salut."
      },
      {
        "book_name": "Habakkuk",
        "book": 35,
        "chapter": 3,
        "verse": 19,
        "text": "L’Éternel, le Seigneur, est ma force;"
      },
      {
        "book_name": "Habakkuk",
        "book": 35,
        "chapter": 3,
        "verse": 19,
        "text": "Il rend mes pieds semblables à ceux des biches,"
      },
      {
        "book_name": "Habakkuk",
        "book": 35,
        "chapter": 3,
        "verse": 19,
        "text": "Et il me fait marcher sur mes lieux élevés."
      },
      {
        "book_name": "Habakkuk",
        "book": 35,
        "chapter": 3,
        "verse": 19,
        "text": "Au chef des chantres. Avec instruments à cordes."
      }
    ]
  }
}