{
  "source": "bible.com",
  "version": "Luis Segond (1910)",
  "book": "Haggai",
  "chapters": {
    "1": [
      {
        "book_name": "Haggai",
        "book": 37,
        "chapter": 1,
        "verse": 1,
        "text": "Exhortation à rebâtir le temple de JérusalemV. 1-11: cf. (Esd 4; 5:1.) (Ag 2:15-19. Za 1:1-6.)  1La seconde année du roi Darius, le premier jour du sixième mois, la parole de l’Éternel fut adressée par Aggée, le prophète, à Zorobabel, fils de Schealthiel, gouverneur de Juda, et à Josué, fils de Jotsadak, le souverain sacrificateur, en ces mots: 2Ainsi parle l’Éternel des armées: Ce peuple dit: Le temps n’est pas venu, le temps de rebâtir la maison de l’Éternel. 3C’est pourquoi la parole de l’Éternel leur fut adressée par Aggée, le prophète, en ces mots:  4Est-ce le temps pour vous d’habiter vos demeures lambrissées,Quand cette maison est détruite?  5Ainsi parle maintenant l’Éternel des armées:Considérez attentivement vos voies!  6  #    \n        De 28:38. Mi 6:14, 15.  Vous semez beaucoup, et vous recueillez peu,Vous mangez, et vous n’êtes pas rassasiés,Vous buvez, et vous n’êtes pas désaltérés,Vous êtes vêtus, et vous n’avez pas chaud;Le salaire de celui qui est à gages tombe dans un sac percé.  7Ainsi parle l’Éternel des armées:Considérez attentivement vos voies!  8Montez sur la montagne, apportez du bois,Et bâtissez la maison:J’en aurai de la joie, et je serai glorifié,Dit l’Éternel.  9Vous comptiez sur beaucoup, et voici, vous avez eu peu;Vous l’avez rentré chez vous, mais j’ai soufflé dessus.Pourquoi? Dit l’Éternel des armées.A cause de ma maison, qui est détruite,Tandis que vous vous empressez chacun pour sa maison.  10C’est pourquoi les cieux vous ont #De 28:23.refusé la rosée,Et la terre a refusé ses produits.  11J’ai appelé la sécheresse sur le pays, sur les montagnes,Sur le blé, sur le moût, sur l’huile,Sur ce que la terre peut rapporter,Sur les hommes et sur les bêtes,Et sur tout le travail des mains.V. 12-15: cf. Esd 5:1, 2.  12Zorobabel, fils de Schealthiel, Josué, fils de Jotsadak, le souverain sacrificateur, et tout le reste du peuple, entendirent la voix de l’Éternel, leur Dieu, et les paroles d’Aggée, le prophète, selon la mission que lui avait donnée l’Éternel, leur Dieu. Et le peuple fut saisi de crainte devant l’Éternel. 13Aggée, envoyé de l’Éternel, dit au peuple, d’après l’ordre de l’Éternel: Je suis avec vous, dit l’Éternel. 14L’Éternel réveilla l’esprit de Zorobabel, fils de Schealthiel, gouverneur de Juda, et l’esprit de Josué, fils de Jotsadak, le souverain sacrificateur, et l’esprit de tout le reste du peuple. Ils vinrent, et ils se mirent à l’œuvre dans la maison de l’Éternel des armées, leur Dieu, 15le vingt-quatrième jour du sixième mois, la seconde année du roi Darius."
      },
      {
        "book_name": "Haggai",
        "book": 37,
        "chapter": 1,
        "verse": 1,
        "text": "La seconde année du roi Darius, le premier jour du sixième mois, la parole de l’Éternel fut adressée par Aggée, le prophète, à Zorobabel, fils de Schealthiel, gouverneur de Juda, et à Josué, fils de Jotsadak, le souverain sacrificateur, en ces mots:"
      },
      {
        "book_name": "Haggai",
        "book": 37,
        "chapter": 1,
        "verse": 2,
        "text": "Ainsi parle l’Éternel des armées: Ce peuple dit: Le temps n’est pas venu, le temps de rebâtir la maison de l’Éternel."
      },
      {
        "book_name": "Haggai",
        "book": 37,
        "chapter": 1,
        "verse": 3,
        "text": "C’est pourquoi la parole de l’Éternel leur fut adressée par Aggée, le prophète, en ces mots:"
      },
      {
        "book_name": "Haggai",
        "book": 37,
        "chapter": 1,
        "verse": 4,
        "text": "Est-ce le temps pour vous d’habiter vos demeures lambrissées,"
      },
      {
        "book_name": "Haggai",
        "book": 37,
        "chapter": 1,
        "verse": 4,
        "text": "Quand cette maison est détruite?"
      },
      {
        "book_name": "Haggai",
        "book": 37,
        "chapter": 1,
        "verse": 5,
        "text": "Ainsi parle maintenant l’Éternel des armées:"
      },
      {
        "book_name": "Haggai",
        "book": 37,
        "chapter": 1,
        "verse": 5,
        "text": "Considérez attentivement vos voies!"
      },
      {
        "book_name": "Haggai",
        "book": 37,
        "chapter": 1,
        "verse": 6,
        "text": "#    \n        De 28:38. Mi 6:14, 15.  Vous semez beaucoup, et vous recueillez peu,"
      },
      {
        "book_name": "Haggai",
        "book": 37,
        "chapter": 1,
        "verse": 6,
        "text": "Vous mangez, et vous n’êtes pas rassasiés,"
      },
      {
        "book_name": "Haggai",
        "book": 37,
        "chapter": 1,
        "verse": 6,
        "text": "Vous buvez, et vous n’êtes pas désaltérés,"
      },
      {
        "book_name": "Haggai",
        "book": 37,
        "chapter": 1,
        "verse": 6,
        "text": "Vous êtes vêtus, et vous n’avez pas chaud;"
      },
      {
        "book_name": "Haggai",
        "book": 37,
        "chapter": 1,
        "verse": 6,
        "text": "Le salaire de celui qui est à gages tombe dans un sac percé."
      },
      {
        "book_name": "Haggai",
        "book": 37,
        "chapter": 1,
        "verse": 7,
        "text": "Ainsi parle l’Éternel des armées:"
      },
      {
        "book_name": "Haggai",
        "book": 37,
        "chapter": 1,
        "verse": 7,
        "text": "Considérez attentivement vos voies!"
      },
      {
        "book_name": "Haggai",
        "book": 37,
        "chapter": 1,
        "verse": 8,
        "text": "Montez sur la montagne, apportez du bois,"
      },
      {
        "book_name": "Haggai",
        "book": 37,
        "chapter": 1,
        "verse": 8,
        "text": "Et bâtissez la maison:"
      },
      {
        "book_name": "Haggai",
        "book": 37,
        "chapter": 1,
        "verse": 8,
        "text": "J’en aurai de la joie, et je serai glorifié,"
      },
      {
        "book_name": "Haggai",
        "book": 37,
        "chapter": 1,
        "verse": 8,
        "text": "Dit l’Éternel."
      },
      {
        "book_name": "Haggai",
        "book": 37,
        "chapter": 1,
        "verse": 9,
        "text": "Vous comptiez sur beaucoup, et voici, vous avez eu peu;"
      },
      {
        "book_name": "Haggai",
        "book": 37,
        "chapter": 1,
        "verse": 9,
        "text": "Vous l’avez rentré chez vous, mais j’ai soufflé dessus."
      },
      {
        "book_name": "Haggai",
        "book": 37,
        "chapter": 1,
        "verse": 9,
        "text": "Pourquoi? Dit l’Éternel des armées."
      },
      {
        "book_name": "Haggai",
        "book": 37,
        "chapter": 1,
        "verse": 9,
        "text": "A cause de ma maison, qui est détruite,"
      },
      {
        "book_name": "Haggai",
        "book": 37,
        "chapter": 1,
        "verse": 9,
        "text": "Tandis que vous vous empressez chacun pour sa maison."
      },
      {
        "book_name": "Haggai",
        "book": 37,
        "chapter": 1,
        "verse": 10,
        "text": "C’est pourquoi les cieux vous ont #De 28:23.refusé la rosée,"
      },
      {
        "book_name": "Haggai",
        "book": 37,
        "chapter": 1,
        "verse": 10,
        "text": "Et la terre a refusé ses produits."
      },
      {
        "book_name": "Haggai",
        "book": 37,
        "chapter": 1,
        "verse": 11,
        "text": "J’ai appelé la sécheresse sur le pays, sur les montagnes,"
      },
      {
        "book_name": "Haggai",
        "book": 37,
        "chapter": 1,
        "verse": 11,
        "text": "Sur le blé, sur le moût, sur l’huile,"
      },
      {
        "book_name": "Haggai",
        "book": 37,
        "chapter": 1,
        "verse": 11,
        "text": "Sur ce que la terre peut rapporter,"
      },
      {
        "book_name": "Haggai",
        "book": 37,
        "chapter": 1,
        "verse": 11,
        "text": "Sur les hommes et sur les bêtes,"
      },
      {
        "book_name": "Haggai",
        "book": 37,
        "chapter": 1,
        "verse": 11,
        "text": "Et sur tout le travail des mains."
      },
      {
        "book_name": "Haggai",
        "book": 37,
        "chapter": 1,
        "verse": 12,
        "text": "Zorobabel, fils de Schealthiel, Josué, fils de Jotsadak, le souverain sacrificateur, et tout le reste du peuple, entendirent la voix de l’Éternel, leur Dieu, et les paroles d’Aggée, le prophète, selon la mission que lui avait donnée l’Éternel, leur Dieu. Et le peuple fut saisi de crainte devant l’Éternel."
      },
      {
        "book_name": "Haggai",
        "book": 37,
        "chapter": 1,
        "verse": 13,
        "text": "Aggée, envoyé de l’Éternel, dit au peuple, d’après l’ordre de l’Éternel: Je suis avec vous, dit l’Éternel."
      },
      {
        "book_name": "Haggai",
        "book": 37,
        "chapter": 1,
        "verse": 14,
        "text": "L’Éternel réveilla l’esprit de Zorobabel, fils de Schealthiel, gouverneur de Juda, et l’esprit de Josué, fils de Jotsadak, le souverain sacrificateur, et l’esprit de tout le reste du peuple. Ils vinrent, et ils se mirent à l’œuvre dans la maison de l’Éternel des armées, leur Dieu,"
      },
      {
        "book_name": "Haggai",
        "book": 37,
        "chapter": 1,
        "verse": 15,
        "text": "le vingt-quatrième jour du sixième mois, la seconde année du roi Darius."
      }
    ],
    "2": [
      {
        "book_name": "Haggai",
        "book": 37,
        "chapter": 2,
        "verse": 1,
        "text": "La gloire du second templeV. 1-9: cf. (Ag 1:12-15. Za 4:6-10.) Hé 12:25-27. És 60.  1Le vingt et unième jour du septième mois, la parole de l’Éternel se révéla par Aggée, le prophète, en ces mots: 2Parle à Zorobabel, fils de Schealthiel, gouverneur de Juda, à Josué, fils de Jotsadak, le souverain sacrificateur, et au reste du peuple, et dis-leur:  3Quel est parmi vous le survivantQui ait vu cette maison dans sa gloire première?Et comment la voyez-vous maintenant?Telle qu’elle est, ne paraît-elle pas comme rien à vos yeux?  4Maintenant fortifie-toi, Zorobabel! Dit l’Éternel.Fortifie-toi, Josué, fils de Jotsadak, souverain sacrificateur!Fortifie-toi, peuple entier du pays! Dit l’Éternel.Et travaillez!Car je suis avec vous,Dit l’Éternel des armées.  5Je reste fidèle à l’alliance que j’ai faite avec vousQuand vous sortîtes de l’Égypte,Et mon esprit est au milieu de vous;Ne craignez pas!  6Car ainsi parle l’Éternel des armées:Encore un peu de temps,Et j’ébranlerai les cieux et la terre,La mer et le sec;  7J’ébranlerai toutes les nations;Les trésors de toutes les nations viendront,Et je remplirai de gloire cette maison,Dit l’Éternel des armées.  8L’argent est à moi, et l’or est à moi,Dit l’Éternel des armées.  9La gloire de cette dernière maison sera plus grandeQue celle de la première,Dit l’Éternel des armées;Et c’est dans ce lieu que je donnerai la paix,Dit l’Éternel des armées.Bénédiction promiseV. 10-19: cf. Ag 1:2-11. Za 8; 9:17.  10Le vingt-quatrième jour du neuvième mois, la seconde année de Darius, la parole de l’Éternel se révéla par Aggée, le prophète, en ces mots: 11Ainsi parle l’Éternel des armées: Propose aux sacrificateurs cette question sur la loi: 12Si quelqu’un porte dans le pan de son vêtement de la chair consacrée, et qu’il touche avec son vêtement du pain, des mets, du vin, de l’huile, ou un aliment quelconque, ces choses seront-elles sanctifiées? Les sacrificateurs répondirent: Non! 13Et Aggée dit: Si quelqu’un souillé par le contact d’un cadavre touche toutes ces choses, seront-elles souillées? Les sacrificateurs répondirent: Elles seront souillées. 14Alors Aggée, reprenant la parole, dit:Tel est ce peuple, telle est cette nation devant moi, dit l’Éternel,Telles sont toutes les œuvres de leurs mains;Ce qu’ils m’offrent là est souillé.  15Considérez donc attentivementCe qui s’est passé jusqu’à ce jour,Avant qu’on eût mis pierre sur pierre au temple de l’Éternel!  16Alors, quand on venait à un tas de vingt mesures,Il n’y en avait que dix;Quand on venait à la cuve pour puiser cinquante mesures,Il n’y en avait que vingt.  17Je vous ai frappés par la rouille et par la nielle, et par la grêle;J’ai frappé #Ag 1:11.tout le travail de vos mains.Malgré cela, vous n’êtes pas revenus à moi, dit l’Éternel.  18Considérez attentivementCe qui s’est passé jusqu’à ce jour,Jusqu’au vingt-quatrième jour du neuvième mois,Depuis le jour où le temple de l’Éternel a été fondé,Considérez-le attentivement!  19Y avait-il encore de la semence dans les greniers?Même la vigne, le figuier, le grenadier et l’olivier,N’ont rien rapporté.Mais dès ce jour je répandrai ma bénédiction.Destruction des ennemis, et élévation de ZorobabelV. 20-23: cf. Joë 2:30-32. Za 4:6, etc.  20La parole de l’Éternel fut adressée pour la seconde fois à Aggée, le vingt-quatrième jour du mois, en ces mots:  21Parle à Zorobabel, gouverneur de Juda, et dis:J’ébranlerai les cieux et la terre;  22Je renverserai le trône des royaumes,Je détruirai la force des royaumes des nations,Je renverserai les chars et ceux qui les montent;Les chevaux et leurs cavaliers seront abattus,L’un par l’épée de l’autre.  23En ce jour-là, dit l’Éternel des armées,Je te prendrai, Zorobabel, fils de Schealthiel,Mon serviteur, dit l’Éternel,Et je te garderai comme un sceau;Car je t’ai choisi, dit l’Éternel des armées."
      },
      {
        "book_name": "Haggai",
        "book": 37,
        "chapter": 2,
        "verse": 1,
        "text": "Le vingt et unième jour du septième mois, la parole de l’Éternel se révéla par Aggée, le prophète, en ces mots:"
      },
      {
        "book_name": "Haggai",
        "book": 37,
        "chapter": 2,
        "verse": 2,
        "text": "Parle à Zorobabel, fils de Schealthiel, gouverneur de Juda, à Josué, fils de Jotsadak, le souverain sacrificateur, et au reste du peuple, et dis-leur:"
      },
      {
        "book_name": "Haggai",
        "book": 37,
        "chapter": 2,
        "verse": 3,
        "text": "Quel est parmi vous le survivant"
      },
      {
        "book_name": "Haggai",
        "book": 37,
        "chapter": 2,
        "verse": 3,
        "text": "Qui ait vu cette maison dans sa gloire première?"
      },
      {
        "book_name": "Haggai",
        "book": 37,
        "chapter": 2,
        "verse": 3,
        "text": "Et comment la voyez-vous maintenant?"
      },
      {
        "book_name": "Haggai",
        "book": 37,
        "chapter": 2,
        "verse": 3,
        "text": "Telle qu’elle est, ne paraît-elle pas comme rien à vos yeux?"
      },
      {
        "book_name": "Haggai",
        "book": 37,
        "chapter": 2,
        "verse": 4,
        "text": "Maintenant fortifie-toi, Zorobabel! Dit l’Éternel."
      },
      {
        "book_name": "Haggai",
        "book": 37,
        "chapter": 2,
        "verse": 4,
        "text": "Fortifie-toi, Josué, fils de Jotsadak, souverain sacrificateur!"
      },
      {
        "book_name": "Haggai",
        "book": 37,
        "chapter": 2,
        "verse": 4,
        "text": "Fortifie-toi, peuple entier du pays! Dit l’Éternel."
      },
      {
        "book_name": "Haggai",
        "book": 37,
        "chapter": 2,
        "verse": 4,
        "text": "Et travaillez!"
      },
      {
        "book_name": "Haggai",
        "book": 37,
        "chapter": 2,
        "verse": 4,
        "text": "Car je suis avec vous,"
      },
      {
        "book_name": "Haggai",
        "book": 37,
        "chapter": 2,
        "verse": 4,
        "text": "Dit l’Éternel des armées."
      },
      {
        "book_name": "Haggai",
        "book": 37,
        "chapter": 2,
        "verse": 5,
        "text": "Je reste fidèle à l’alliance que j’ai faite avec vous"
      },
      {
        "book_name": "Haggai",
        "book": 37,
        "chapter": 2,
        "verse": 5,
        "text": "Quand vous sortîtes de l’Égypte,"
      },
      {
        "book_name": "Haggai",
        "book": 37,
        "chapter": 2,
        "verse": 5,
        "text": "Et mon esprit est au milieu de vous;"
      },
      {
        "book_name": "Haggai",
        "book": 37,
        "chapter": 2,
        "verse": 5,
        "text": "Ne craignez pas!"
      },
      {
        "book_name": "Haggai",
        "book": 37,
        "chapter": 2,
        "verse": 6,
        "text": "Car ainsi parle l’Éternel des armées:"
      },
      {
        "book_name": "Haggai",
        "book": 37,
        "chapter": 2,
        "verse": 6,
        "text": "Encore un peu de temps,"
      },
      {
        "book_name": "Haggai",
        "book": 37,
        "chapter": 2,
        "verse": 6,
        "text": "Et j’ébranlerai les cieux et la terre,"
      },
      {
        "book_name": "Haggai",
        "book": 37,
        "chapter": 2,
        "verse": 6,
        "text": "La mer et le sec;"
      },
      {
        "book_name": "Haggai",
        "book": 37,
        "chapter": 2,
        "verse": 7,
        "text": "J’ébranlerai toutes les nations;"
      },
      {
        "book_name": "Haggai",
        "book": 37,
        "chapter": 2,
        "verse": 7,
        "text": "Les trésors de toutes les nations viendront,"
      },
      {
        "book_name": "Haggai",
        "book": 37,
        "chapter": 2,
        "verse": 7,
        "text": "Et je remplirai de gloire cette maison,"
      },
      {
        "book_name": "Haggai",
        "book": 37,
        "chapter": 2,
        "verse": 7,
        "text": "Dit l’Éternel des armées."
      },
      {
        "book_name": "Haggai",
        "book": 37,
        "chapter": 2,
        "verse": 8,
        "text": "L’argent est à moi, et l’or est à moi,"
      },
      {
        "book_name": "Haggai",
        "book": 37,
        "chapter": 2,
        "verse": 8,
        "text": "Dit l’Éternel des armées."
      },
      {
        "book_name": "Haggai",
        "book": 37,
        "chapter": 2,
        "verse": 9,
        "text": "La gloire de cette dernière maison sera plus grande"
      },
      {
        "book_name": "Haggai",
        "book": 37,
        "chapter": 2,
        "verse": 9,
        "text": "Que celle de la première,"
      },
      {
        "book_name": "Haggai",
        "book": 37,
        "chapter": 2,
        "verse": 9,
        "text": "Dit l’Éternel des armées;"
      },
      {
        "book_name": "Haggai",
        "book": 37,
        "chapter": 2,
        "verse": 9,
        "text": "Et c’est dans ce lieu que je donnerai la paix,"
      },
      {
        "book_name": "Haggai",
        "book": 37,
        "chapter": 2,
        "verse": 9,
        "text": "Dit l’Éternel des armées."
      },
      {
        "book_name": "Haggai",
        "book": 37,
        "chapter": 2,
        "verse": 10,
        "text": "Le vingt-quatrième jour du neuvième mois, la seconde année de Darius, la parole de l’Éternel se révéla par Aggée, le prophète, en ces mots:"
      },
      {
        "book_name": "Haggai",
        "book": 37,
        "chapter": 2,
        "verse": 11,
        "text": "Ainsi parle l’Éternel des armées: Propose aux sacrificateurs cette question sur la loi:"
      },
      {
        "book_name": "Haggai",
        "book": 37,
        "chapter": 2,
        "verse": 12,
        "text": "Si quelqu’un porte dans le pan de son vêtement de la chair consacrée, et qu’il touche avec son vêtement du pain, des mets, du vin, de l’huile, ou un aliment quelconque, ces choses seront-elles sanctifiées? Les sacrificateurs répondirent: Non!"
      },
      {
        "book_name": "Haggai",
        "book": 37,
        "chapter": 2,
        "verse": 13,
        "text": "Et Aggée dit: Si quelqu’un souillé par le contact d’un cadavre touche toutes ces choses, seront-elles souillées? Les sacrificateurs répondirent: Elles seront souillées."
      },
      {
        "book_name": "Haggai",
        "book": 37,
        "chapter": 2,
        "verse": 14,
        "text": "Alors Aggée, reprenant la parole, dit:"
      },
      {
        "book_name": "Haggai",
        "book": 37,
        "chapter": 2,
        "verse": 14,
        "text": "Tel est ce peuple, telle est cette nation devant moi, dit l’Éternel,"
      },
      {
        "book_name": "Haggai",
        "book": 37,
        "chapter": 2,
        "verse": 14,
        "text": "Telles sont toutes les œuvres de leurs mains;"
      },
      {
        "book_name": "Haggai",
        "book": 37,
        "chapter": 2,
        "verse": 14,
        "text": "Ce qu’ils m’offrent là est souillé."
      },
      {
        "book_name": "Haggai",
        "book": 37,
        "chapter": 2,
        "verse": 15,
        "text": "Considérez donc attentivement"
      },
      {
        "book_name": "Haggai",
        "book": 37,
        "chapter": 2,
        "verse": 15,
        "text": "Ce qui s’est passé jusqu’à ce jour,"
      },
      {
        "book_name": "Haggai",
        "book": 37,
        "chapter": 2,
        "verse": 15,
        "text": "Avant qu’on eût mis pierre sur pierre au temple de l’Éternel!"
      },
      {
        "book_name": "Haggai",
        "book": 37,
        "chapter": 2,
        "verse": 16,
        "text": "Alors, quand on venait à un tas de vingt mesures,"
      },
      {
        "book_name": "Haggai",
        "book": 37,
        "chapter": 2,
        "verse": 16,
        "text": "Il n’y en avait que dix;"
      },
      {
        "book_name": "Haggai",
        "book": 37,
        "chapter": 2,
        "verse": 16,
        "text": "Quand on venait à la cuve pour puiser cinquante mesures,"
      },
      {
        "book_name": "Haggai",
        "book": 37,
        "chapter": 2,
        "verse": 16,
        "text": "Il n’y en avait que vingt."
      },
      {
        "book_name": "Haggai",
        "book": 37,
        "chapter": 2,
        "verse": 17,
        "text": "Je vous ai frappés par la rouille et par la nielle, et par la grêle;"
      },
      {
        "book_name": "Haggai",
        "book": 37,
        "chapter": 2,
        "verse": 17,
        "text": "J’ai frappé #Ag 1:11.tout le travail de vos mains."
      },
      {
        "book_name": "Haggai",
        "book": 37,
        "chapter": 2,
        "verse": 17,
        "text": "Malgré cela, vous n’êtes pas revenus à moi, dit l’Éternel."
      },
      {
        "book_name": "Haggai",
        "book": 37,
        "chapter": 2,
        "verse": 18,
        "text": "Considérez attentivement"
      },
      {
        "book_name": "Haggai",
        "book": 37,
        "chapter": 2,
        "verse": 18,
        "text": "Ce qui s’est passé jusqu’à ce jour,"
      },
      {
        "book_name": "Haggai",
        "book": 37,
        "chapter": 2,
        "verse": 18,
        "text": "Jusqu’au vingt-quatrième jour du neuvième mois,"
      },
      {
        "book_name": "Haggai",
        "book": 37,
        "chapter": 2,
        "verse": 18,
        "text": "Depuis le jour où le temple de l’Éternel a été fondé,"
      },
      {
        "book_name": "Haggai",
        "book": 37,
        "chapter": 2,
        "verse": 18,
        "text": "Considérez-le attentivement!"
      },
      {
        "book_name": "Haggai",
        "book": 37,
        "chapter": 2,
        "verse": 19,
        "text": "Y avait-il encore de la semence dans les greniers?"
      },
      {
        "book_name": "Haggai",
        "book": 37,
        "chapter": 2,
        "verse": 19,
        "text": "Même la vigne, le figuier, le grenadier et l’olivier,"
      },
      {
        "book_name": "Haggai",
        "book": 37,
        "chapter": 2,
        "verse": 19,
        "text": "N’ont rien rapporté."
      },
      {
        "book_name": "Haggai",
        "book": 37,
        "chapter": 2,
        "verse": 19,
        "text": "Mais dès ce jour je répandrai ma bénédiction."
      },
      {
        "book_name": "Haggai",
        "book": 37,
        "chapter": 2,
        "verse": 20,
        "text": "La parole de l’Éternel fut adressée pour la seconde fois à Aggée, le vingt-quatrième jour du mois, en ces mots:"
      },
      {
        "book_name": "Haggai",
        "book": 37,
        "chapter": 2,
        "verse": 21,
        "text": "Parle à Zorobabel, gouverneur de Juda, et dis:"
      },
      {
        "book_name": "Haggai",
        "book": 37,
        "chapter": 2,
        "verse": 21,
        "text": "J’ébranlerai les cieux et la terre;"
      },
      {
        "book_name": "Haggai",
        "book": 37,
        "chapter": 2,
        "verse": 22,
        "text": "Je renverserai le trône des royaumes,"
      },
      {
        "book_name": "Haggai",
        "book": 37,
        "chapter": 2,
        "verse": 22,
        "text": "Je détruirai la force des royaumes des nations,"
      },
      {
        "book_name": "Haggai",
        "book": 37,
        "chapter": 2,
        "verse": 22,
        "text": "Je renverserai les chars et ceux qui les montent;"
      },
      {
        "book_name": "Haggai",
        "book": 37,
        "chapter": 2,
        "verse": 22,
        "text": "Les chevaux et leurs cavaliers seront abattus,"
      },
      {
        "book_name": "Haggai",
        "book": 37,
        "chapter": 2,
        "verse": 22,
        "text": "L’un par l’épée de l’autre."
      },
      {
        "book_name": "Haggai",
        "book": 37,
        "chapter": 2,
        "verse": 23,
        "text": "En ce jour-là, dit l’Éternel des armées,"
      },
      {
        "book_name": "Haggai",
        "book": 37,
        "chapter": 2,
        "verse": 23,
        "text": "Je te prendrai, Zorobabel, fils de Schealthiel,"
      },
      {
        "book_name": "Haggai",
        "book": 37,
        "chapter": 2,
        "verse": 23,
        "text": "Mon serviteur, dit l’Éternel,"
      },
      {
        "book_name": "Haggai",
        "book": 37,
        "chapter": 2,
        "verse": 23,
        "text": "Et je te garderai comme un sceau;"
      },
      {
        "book_name": "Haggai",
        "book": 37,
        "chapter": 2,
        "verse": 23,
        "text": "Car je t’ai choisi, dit l’Éternel des armées."
      }
    ]
  }
}