{
  "source": "bible.com",
  "version": "Luis Segond (1910)",
  "book": "James",
  "chapters": {
    "1": [
      {
        "book_name": "James",
        "book": 59,
        "chapter": 1,
        "verse": 1,
        "text": "Adresse et salutation  1Jacques, serviteur de Dieu et du Seigneur Jésus-Christ, aux douze tribus #Ac 8:1. 1 Pi 1:1.qui sont dans la dispersion, salut!Les épreuves et les tentationsV. 2-8: cf. (Ro 5:3-5. Ja 5:7-11.) (Mt 7:7-11. Mc 11:24. Hé 11:6.)  2  #    \n        Mt 5:11. Ro 5:3. 1 Pi 1:6.  Mes frères, regardez comme un sujet de joie complète les diverses épreuves auxquelles vous pouvez être exposés, 3#Ro 5:3. 1 Pi 1:7.sachant que l’épreuve de votre foi produit la patience. 4Mais il faut que la patience accomplisse parfaitement son œuvre, afin que vous soyez parfaits et accomplis, sans faillir en rien. 5#Pr 2:3.Si quelqu’un d’entre vous manque de sagesse, qu’il la demande à Dieu, qui donne à tous simplement et sans reproche, #Jé 29:12. Mt 7:7; 21:22. Mc 11:24. Jn 16:24. 1 Jn 3:22; 5:14.et elle lui sera donnée. 6Mais qu’il la demande avec foi, sans douter; car celui qui doute est semblable au flot de la mer, agité par le vent et poussé de côté et d’autre. 7Qu’un tel homme ne s’imagine pas qu’il recevra quelque chose du Seigneur: 8c’est un homme irrésolu, inconstant dans toutes ses voies.V. 9-12: cf. Jé 9:23, 24. Éz 7:19. Ap 2:10.  9Que le frère de condition humble se glorifie de son élévation. 10Que le riche, au contraire, se glorifie de son humiliation; car il passera comme la fleur de l’herbe. 11#És 40:6. 1 Co 7:31. Ja 4:14. 1 Pi 1:24. 1 Jn 2:17.Le soleil s’est levé avec sa chaleur ardente, il a desséché l’herbe, sa fleur est tombée, et la beauté de son aspect a disparu: ainsi le riche se flétrira dans ses entreprises. 12#Job 5:17.Heureux l’homme qui supporte patiemment la tentation; car, après avoir été éprouvé, il recevra #2 Ti 4:8. 1 Pi 5:4. Ap 2:10.la couronne de vie, que le Seigneur a #Mt 10:22; 19:28, 29.promise à ceux qui l’aiment.V. 13-15: cf. Ge 3:6, etc.; 4:7.  13Que personne, lorsqu’il est tenté, ne dise: C’est Dieu qui me tente. Car Dieu ne peut être tenté par le mal, et il ne tente lui-même personne. 14Mais chacun est tenté quand il est attiré et amorcé par sa propre convoitise. 15Puis la convoitise, lorsqu’elle a conçu, enfante le péché; et le péché, étant consommé, produit la mort.Mettre en pratique la parole de DieuV. 16-27: cf. Jn 3:27. 1 Pi 1:23-25; 2:1, 2. (Mt 7:21-27. Ga 6:7-10.)  16Ne vous y trompez pas, mes frères bien-aimés: 17#Pr 2:6. 1 Co 4:7.toute grâce excellente et tout don parfait descendent d’en haut, du Père des lumières, #És 14:27; 46:10. Mal 3:6. Ro 11:29.chez lequel il n’y a ni changement ni ombre de variation. 18#1 Co 4:15. Ga 4:19. 1 Pi 1:23.Il nous a engendrés selon sa volonté, par la parole de vérité, afin que nous soyons en quelque sorte les prémices de ses créatures. 19Sachez-le, mes frères bien-aimés. #Pr 17:27. Ec 5:1.Ainsi, que tout homme soit prompt à écouter, lent à parler, lent à se mettre en colère; 20car la colère de l’homme n’accomplit pas la justice de Dieu. 21#Ro 13:12. Col 3:8.C’est pourquoi, rejetant toute souillure et tout excès de malice, recevez avec douceur la parole qui a été plantée en vous, et qui peut sauver vos âmes. 22#Mt 7:21. Lu 11:28. Ro 2:13. 1 Jn 3:7.Mettez en pratique la parole, et ne vous bornez pas à l’écouter, en vous trompant vous-mêmes par de faux raisonnements. 23#Lu 6:47.Car, si quelqu’un écoute la parole et ne la met pas en pratique, il est semblable à un homme qui regarde dans un miroir son visage naturel, 24et qui, après s’être regardé, s’en va, et oublie aussitôt quel il était. 25#Mt 5:19.Mais celui qui aura plongé les regards dans la loi parfaite, la loi de la liberté, et qui aura persévéré, n’étant pas un auditeur oublieux, mais se mettant à l’œuvre, celui-là sera heureux dans son activité. 26#Ps 34:14. Ja 3:6. 1 Pi 3:10.Si quelqu’un croit être religieux, sans tenir sa langue en bride, mais en trompant son cœur, la religion de cet homme est vaine. 27La religion pure et sans tache, devant Dieu notre Père, consiste à visiter les orphelins et les veuves dans leurs afflictions, et à se préserver des souillures du monde."
      },
      {
        "book_name": "James",
        "book": 59,
        "chapter": 1,
        "verse": 1,
        "text": "Jacques, serviteur de Dieu et du Seigneur Jésus-Christ, aux douze tribus #Ac 8:1. 1 Pi 1:1.qui sont dans la dispersion, salut!"
      },
      {
        "book_name": "James",
        "book": 59,
        "chapter": 1,
        "verse": 2,
        "text": "#    \n        Mt 5:11. Ro 5:3. 1 Pi 1:6.  Mes frères, regardez comme un sujet de joie complète les diverses épreuves auxquelles vous pouvez être exposés,"
      },
      {
        "book_name": "James",
        "book": 59,
        "chapter": 1,
        "verse": 3,
        "text": "#Ro 5:3. 1 Pi 1:7.sachant que l’épreuve de votre foi produit la patience."
      },
      {
        "book_name": "James",
        "book": 59,
        "chapter": 1,
        "verse": 4,
        "text": "Mais il faut que la patience accomplisse parfaitement son œuvre, afin que vous soyez parfaits et accomplis, sans faillir en rien."
      },
      {
        "book_name": "James",
        "book": 59,
        "chapter": 1,
        "verse": 5,
        "text": "#Pr 2:3.Si quelqu’un d’entre vous manque de sagesse, qu’il la demande à Dieu, qui donne à tous simplement et sans reproche, #Jé 29:12. Mt 7:7; 21:22. Mc 11:24. Jn 16:24. 1 Jn 3:22; 5:14.et elle lui sera donnée."
      },
      {
        "book_name": "James",
        "book": 59,
        "chapter": 1,
        "verse": 6,
        "text": "Mais qu’il la demande avec foi, sans douter; car celui qui doute est semblable au flot de la mer, agité par le vent et poussé de côté et d’autre."
      },
      {
        "book_name": "James",
        "book": 59,
        "chapter": 1,
        "verse": 7,
        "text": "Qu’un tel homme ne s’imagine pas qu’il recevra quelque chose du Seigneur:"
      },
      {
        "book_name": "James",
        "book": 59,
        "chapter": 1,
        "verse": 8,
        "text": "c’est un homme irrésolu, inconstant dans toutes ses voies."
      },
      {
        "book_name": "James",
        "book": 59,
        "chapter": 1,
        "verse": 9,
        "text": "Que le frère de condition humble se glorifie de son élévation."
      },
      {
        "book_name": "James",
        "book": 59,
        "chapter": 1,
        "verse": 10,
        "text": "Que le riche, au contraire, se glorifie de son humiliation; car il passera comme la fleur de l’herbe."
      },
      {
        "book_name": "James",
        "book": 59,
        "chapter": 1,
        "verse": 11,
        "text": "#És 40:6. 1 Co 7:31. Ja 4:14. 1 Pi 1:24. 1 Jn 2:17.Le soleil s’est levé avec sa chaleur ardente, il a desséché l’herbe, sa fleur est tombée, et la beauté de son aspect a disparu: ainsi le riche se flétrira dans ses entreprises."
      },
      {
        "book_name": "James",
        "book": 59,
        "chapter": 1,
        "verse": 12,
        "text": "#Job 5:17.Heureux l’homme qui supporte patiemment la tentation; car, après avoir été éprouvé, il recevra #2 Ti 4:8. 1 Pi 5:4. Ap 2:10.la couronne de vie, que le Seigneur a #Mt 10:22; 19:28, 29.promise à ceux qui l’aiment."
      },
      {
        "book_name": "James",
        "book": 59,
        "chapter": 1,
        "verse": 13,
        "text": "Que personne, lorsqu’il est tenté, ne dise: C’est Dieu qui me tente. Car Dieu ne peut être tenté par le mal, et il ne tente lui-même personne."
      },
      {
        "book_name": "James",
        "book": 59,
        "chapter": 1,
        "verse": 14,
        "text": "Mais chacun est tenté quand il est attiré et amorcé par sa propre convoitise."
      },
      {
        "book_name": "James",
        "book": 59,
        "chapter": 1,
        "verse": 15,
        "text": "Puis la convoitise, lorsqu’elle a conçu, enfante le péché; et le péché, étant consommé, produit la mort."
      },
      {
        "book_name": "James",
        "book": 59,
        "chapter": 1,
        "verse": 16,
        "text": "Ne vous y trompez pas, mes frères bien-aimés:"
      },
      {
        "book_name": "James",
        "book": 59,
        "chapter": 1,
        "verse": 17,
        "text": "#Pr 2:6. 1 Co 4:7.toute grâce excellente et tout don parfait descendent d’en haut, du Père des lumières, #És 14:27; 46:10. Mal 3:6. Ro 11:29.chez lequel il n’y a ni changement ni ombre de variation."
      },
      {
        "book_name": "James",
        "book": 59,
        "chapter": 1,
        "verse": 18,
        "text": "#1 Co 4:15. Ga 4:19. 1 Pi 1:23.Il nous a engendrés selon sa volonté, par la parole de vérité, afin que nous soyons en quelque sorte les prémices de ses créatures."
      },
      {
        "book_name": "James",
        "book": 59,
        "chapter": 1,
        "verse": 19,
        "text": "Sachez-le, mes frères bien-aimés. #Pr 17:27. Ec 5:1.Ainsi, que tout homme soit prompt à écouter, lent à parler, lent à se mettre en colère;"
      },
      {
        "book_name": "James",
        "book": 59,
        "chapter": 1,
        "verse": 20,
        "text": "car la colère de l’homme n’accomplit pas la justice de Dieu."
      },
      {
        "book_name": "James",
        "book": 59,
        "chapter": 1,
        "verse": 21,
        "text": "#Ro 13:12. Col 3:8.C’est pourquoi, rejetant toute souillure et tout excès de malice, recevez avec douceur la parole qui a été plantée en vous, et qui peut sauver vos âmes."
      },
      {
        "book_name": "James",
        "book": 59,
        "chapter": 1,
        "verse": 22,
        "text": "#Mt 7:21. Lu 11:28. Ro 2:13. 1 Jn 3:7.Mettez en pratique la parole, et ne vous bornez pas à l’écouter, en vous trompant vous-mêmes par de faux raisonnements."
      },
      {
        "book_name": "James",
        "book": 59,
        "chapter": 1,
        "verse": 23,
        "text": "#Lu 6:47.Car, si quelqu’un écoute la parole et ne la met pas en pratique, il est semblable à un homme qui regarde dans un miroir son visage naturel,"
      },
      {
        "book_name": "James",
        "book": 59,
        "chapter": 1,
        "verse": 24,
        "text": "et qui, après s’être regardé, s’en va, et oublie aussitôt quel il était."
      },
      {
        "book_name": "James",
        "book": 59,
        "chapter": 1,
        "verse": 25,
        "text": "#Mt 5:19.Mais celui qui aura plongé les regards dans la loi parfaite, la loi de la liberté, et qui aura persévéré, n’étant pas un auditeur oublieux, mais se mettant à l’œuvre, celui-là sera heureux dans son activité."
      },
      {
        "book_name": "James",
        "book": 59,
        "chapter": 1,
        "verse": 26,
        "text": "#Ps 34:14. Ja 3:6. 1 Pi 3:10.Si quelqu’un croit être religieux, sans tenir sa langue en bride, mais en trompant son cœur, la religion de cet homme est vaine."
      },
      {
        "book_name": "James",
        "book": 59,
        "chapter": 1,
        "verse": 27,
        "text": "La religion pure et sans tache, devant Dieu notre Père, consiste à visiter les orphelins et les veuves dans leurs afflictions, et à se préserver des souillures du monde."
      }
    ],
    "2": [
      {
        "book_name": "James",
        "book": 59,
        "chapter": 2,
        "verse": 1,
        "text": "L’acception de personnes condamnéeV. 1-13: cf. (Lé 19:15. De 25:13-15. Ps 82. Ac 10:34, 35.) (Ro 13:8-10. Mt 5:7, 19; 7:1, 2, 12.)  1Mes frères, que votre foi en notre glorieux Seigneur Jésus-Christ soit exempte #Lé 19:15. De 16:19. Pr 24:23. Mt 22:16.de toute acception de personnes. 2Supposez, en effet, qu’il entre dans votre assemblée un homme avec un anneau d’or et un habit magnifique, et qu’il y entre aussi un pauvre misérablement vêtu; 3si, tournant vos regards vers celui qui porte l’habit magnifique, vous lui dites: Toi, assieds-toi ici à cette place d’honneur! Et si vous dites au pauvre: Toi, tiens-toi là debout! Ou bien: Assieds-toi au-dessous de mon marchepied! 4ne faites-vous pas en vous-mêmes une distinction, et ne jugez-vous pas sous l’inspiration de pensées mauvaises? 5#Jn 7:48. 1 Co 1:26, etc.Écoutez, mes frères bien-aimés: Dieu n’a-t-il pas choisi les pauvres aux yeux du monde, pour qu’ils soient riches en la foi, et héritiers du royaume qu’il a #Ex 20:6. 1 S 2:30. Pr 8:17. Mt 5:3.promis à ceux qui l’aiment? 6Et vous, vous avilissez le pauvre! Ne sont-ce pas les riches qui vous oppriment, et qui vous traînent devant les tribunaux? 7Ne sont-ce pas eux qui outragent le beau nom que vous portez? 8Si vous accomplissez la loi royale, selon l’Écriture: #Lé 19:18. Mt 22:39. Mc 12:31. Ro 13:9. Ga 5:14. Ép 5:2. 1 Th 4:9.Tu aimeras ton prochain comme toi-même, vous faites bien. 9Mais si vous faites acception de personnes, vous commettez un péché, vous êtes condamnés par la loi comme des transgresseurs. 10#De 27:26. Mt 5:19. Ga 3:10.Car quiconque observe toute la loi, mais pèche contre un seul commandement, devient coupable de tous. 11En effet, celui qui a dit: #Ex 20:14. Mt 5:27.Tu ne commettras point d’adultère, a dit aussi: Tu ne tueras point. Or, si tu ne commets point d’adultère, mais que tu commettes un meurtre, tu deviens transgresseur de la loi. 12Parlez et agissez comme devant être jugés par une loi de liberté, 13#Mt 6:15; 18:35. Mc 11:25. Lu 16:25.car le jugement est sans miséricorde pour qui n’a pas fait miséricorde. La miséricorde triomphe du jugement.La foi sans les œuvresV. 14-26: cf. (Ga 5:6. Ja 1:22-27. Mt 7:21-27.) Hé 11:17-19, 31. 1 Jn 2:3-6.  14  #    \n        Mt 7:26. Ja 1:23.  Mes frères, que sert-il à quelqu’un de dire qu’il a la foi, s’il n’a pas les œuvres? La foi peut-elle le sauver? 15#Lu 3:11. 1 Jn 3:17.Si un frère ou une sœur sont nus et manquent de la nourriture de chaque jour, 16et que l’un d’entre vous leur dise: Allez en paix, chauffez-vous et vous rassasiez! Et que vous ne leur donniez pas ce qui est nécessaire au corps, à quoi cela sert-il? 17Il en est ainsi de la foi: si elle n’a pas les œuvres, elle est morte en elle-même. 18Mais quelqu’un dira: Toi, tu as la foi; et moi, j’ai les œuvres. Montre-moi ta foi sans les œuvres, et moi, je te montrerai la foi par mes œuvres. 19Tu crois qu’il y a un seul Dieu, tu fais bien; #Mc 1:24.les démons le croient aussi, et ils tremblent. 20Veux-tu savoir, ô homme vain, que la foi sans les œuvres est inutile? 21Abraham, notre père, ne fut-il pas justifié par les œuvres, #Ge 22:10.lorsqu’il offrit son fils Isaac sur l’autel? 22Tu vois que la foi agissait avec ses œuvres, et que par les œuvres la foi fut rendue parfaite. 23Ainsi s’accomplit ce que dit l’Écriture: #Ge 15:6. Ro 4:3. Ga 3:6.Abraham crut à Dieu, et cela lui fut imputé à justice; et il fut appelé ami de Dieu. 24Vous voyez que l’homme est justifié par les œuvres, et non par la foi seulement. 25#Jos 2:1; 6:23. Hé 11:31.Rahab la prostituée ne fut-elle pas également justifiée par les œuvres, lorsqu’elle reçut les messagers et qu’elle les fit partir par un autre chemin? 26Comme le corps sans âme est mort, de même la foi sans les œuvres est morte."
      },
      {
        "book_name": "James",
        "book": 59,
        "chapter": 2,
        "verse": 1,
        "text": "Mes frères, que votre foi en notre glorieux Seigneur Jésus-Christ soit exempte #Lé 19:15. De 16:19. Pr 24:23. Mt 22:16.de toute acception de personnes."
      },
      {
        "book_name": "James",
        "book": 59,
        "chapter": 2,
        "verse": 2,
        "text": "Supposez, en effet, qu’il entre dans votre assemblée un homme avec un anneau d’or et un habit magnifique, et qu’il y entre aussi un pauvre misérablement vêtu;"
      },
      {
        "book_name": "James",
        "book": 59,
        "chapter": 2,
        "verse": 3,
        "text": "si, tournant vos regards vers celui qui porte l’habit magnifique, vous lui dites: Toi, assieds-toi ici à cette place d’honneur! Et si vous dites au pauvre: Toi, tiens-toi là debout! Ou bien: Assieds-toi au-dessous de mon marchepied!"
      },
      {
        "book_name": "James",
        "book": 59,
        "chapter": 2,
        "verse": 4,
        "text": "ne faites-vous pas en vous-mêmes une distinction, et ne jugez-vous pas sous l’inspiration de pensées mauvaises?"
      },
      {
        "book_name": "James",
        "book": 59,
        "chapter": 2,
        "verse": 5,
        "text": "#Jn 7:48. 1 Co 1:26, etc.Écoutez, mes frères bien-aimés: Dieu n’a-t-il pas choisi les pauvres aux yeux du monde, pour qu’ils soient riches en la foi, et héritiers du royaume qu’il a #Ex 20:6. 1 S 2:30. Pr 8:17. Mt 5:3.promis à ceux qui l’aiment?"
      },
      {
        "book_name": "James",
        "book": 59,
        "chapter": 2,
        "verse": 6,
        "text": "Et vous, vous avilissez le pauvre! Ne sont-ce pas les riches qui vous oppriment, et qui vous traînent devant les tribunaux?"
      },
      {
        "book_name": "James",
        "book": 59,
        "chapter": 2,
        "verse": 7,
        "text": "Ne sont-ce pas eux qui outragent le beau nom que vous portez?"
      },
      {
        "book_name": "James",
        "book": 59,
        "chapter": 2,
        "verse": 8,
        "text": "Si vous accomplissez la loi royale, selon l’Écriture: #Lé 19:18. Mt 22:39. Mc 12:31. Ro 13:9. Ga 5:14. Ép 5:2. 1 Th 4:9.Tu aimeras ton prochain comme toi-même, vous faites bien."
      },
      {
        "book_name": "James",
        "book": 59,
        "chapter": 2,
        "verse": 9,
        "text": "Mais si vous faites acception de personnes, vous commettez un péché, vous êtes condamnés par la loi comme des transgresseurs."
      },
      {
        "book_name": "James",
        "book": 59,
        "chapter": 2,
        "verse": 10,
        "text": "#De 27:26. Mt 5:19. Ga 3:10.Car quiconque observe toute la loi, mais pèche contre un seul commandement, devient coupable de tous."
      },
      {
        "book_name": "James",
        "book": 59,
        "chapter": 2,
        "verse": 11,
        "text": "En effet, celui qui a dit: #Ex 20:14. Mt 5:27.Tu ne commettras point d’adultère, a dit aussi: Tu ne tueras point. Or, si tu ne commets point d’adultère, mais que tu commettes un meurtre, tu deviens transgresseur de la loi."
      },
      {
        "book_name": "James",
        "book": 59,
        "chapter": 2,
        "verse": 12,
        "text": "Parlez et agissez comme devant être jugés par une loi de liberté,"
      },
      {
        "book_name": "James",
        "book": 59,
        "chapter": 2,
        "verse": 13,
        "text": "#Mt 6:15; 18:35. Mc 11:25. Lu 16:25.car le jugement est sans miséricorde pour qui n’a pas fait miséricorde. La miséricorde triomphe du jugement."
      },
      {
        "book_name": "James",
        "book": 59,
        "chapter": 2,
        "verse": 14,
        "text": "#    \n        Mt 7:26. Ja 1:23.  Mes frères, que sert-il à quelqu’un de dire qu’il a la foi, s’il n’a pas les œuvres? La foi peut-elle le sauver?"
      },
      {
        "book_name": "James",
        "book": 59,
        "chapter": 2,
        "verse": 15,
        "text": "#Lu 3:11. 1 Jn 3:17.Si un frère ou une sœur sont nus et manquent de la nourriture de chaque jour,"
      },
      {
        "book_name": "James",
        "book": 59,
        "chapter": 2,
        "verse": 16,
        "text": "et que l’un d’entre vous leur dise: Allez en paix, chauffez-vous et vous rassasiez! Et que vous ne leur donniez pas ce qui est nécessaire au corps, à quoi cela sert-il?"
      },
      {
        "book_name": "James",
        "book": 59,
        "chapter": 2,
        "verse": 17,
        "text": "Il en est ainsi de la foi: si elle n’a pas les œuvres, elle est morte en elle-même."
      },
      {
        "book_name": "James",
        "book": 59,
        "chapter": 2,
        "verse": 18,
        "text": "Mais quelqu’un dira: Toi, tu as la foi; et moi, j’ai les œuvres. Montre-moi ta foi sans les œuvres, et moi, je te montrerai la foi par mes œuvres."
      },
      {
        "book_name": "James",
        "book": 59,
        "chapter": 2,
        "verse": 19,
        "text": "Tu crois qu’il y a un seul Dieu, tu fais bien; #Mc 1:24.les démons le croient aussi, et ils tremblent."
      },
      {
        "book_name": "James",
        "book": 59,
        "chapter": 2,
        "verse": 20,
        "text": "Veux-tu savoir, ô homme vain, que la foi sans les œuvres est inutile?"
      },
      {
        "book_name": "James",
        "book": 59,
        "chapter": 2,
        "verse": 21,
        "text": "Abraham, notre père, ne fut-il pas justifié par les œuvres, #Ge 22:10.lorsqu’il offrit son fils Isaac sur l’autel?"
      },
      {
        "book_name": "James",
        "book": 59,
        "chapter": 2,
        "verse": 22,
        "text": "Tu vois que la foi agissait avec ses œuvres, et que par les œuvres la foi fut rendue parfaite."
      },
      {
        "book_name": "James",
        "book": 59,
        "chapter": 2,
        "verse": 23,
        "text": "Ainsi s’accomplit ce que dit l’Écriture: #Ge 15:6. Ro 4:3. Ga 3:6.Abraham crut à Dieu, et cela lui fut imputé à justice; et il fut appelé ami de Dieu."
      },
      {
        "book_name": "James",
        "book": 59,
        "chapter": 2,
        "verse": 24,
        "text": "Vous voyez que l’homme est justifié par les œuvres, et non par la foi seulement."
      },
      {
        "book_name": "James",
        "book": 59,
        "chapter": 2,
        "verse": 25,
        "text": "#Jos 2:1; 6:23. Hé 11:31.Rahab la prostituée ne fut-elle pas également justifiée par les œuvres, lorsqu’elle reçut les messagers et qu’elle les fit partir par un autre chemin?"
      },
      {
        "book_name": "James",
        "book": 59,
        "chapter": 2,
        "verse": 26,
        "text": "Comme le corps sans âme est mort, de même la foi sans les œuvres est morte."
      }
    ],
    "3": [
      {
        "book_name": "James",
        "book": 59,
        "chapter": 3,
        "verse": 1,
        "text": "La modération dans l’usage de la paroleV. 1-12: cf. (Pr 10:19; 13:3; 18:21. Ro 3:13, 14.) (Mt 15:18-20; 12:33-37.)  1Mes frères, #Mt 23:8.qu’il n’y ait pas parmi vous un grand nombre de personnes qui se mettent à enseigner, #Mt 7:1. Lu 6:37.car vous savez que nous serons jugés plus sévèrement. 2Nous bronchons tous de plusieurs manières. #Ps 34:14. Ja 1:26.Si quelqu’un ne bronche point en paroles, c’est un homme parfait, capable de tenir tout son corps en bride. 3Si nous mettons le mors dans la bouche des chevaux pour qu’ils nous obéissent, nous dirigeons aussi leur corps tout entier. 4Voici, même les navires, qui sont si grands et que poussent des vents impétueux, sont dirigés par un très petit gouvernail, au gré du pilote. 5#Pr 12:18; 15:2.De même, la langue est un petit membre, et elle se vante de grandes choses. Voici, comme un petit feu peut embraser une grande forêt! 6La langue aussi est un feu; c’est le monde de l’iniquité. La langue est placée parmi nos membres, souillant tout le corps, et enflammant le cours de la vie, étant elle-même enflammée par la géhenne. 7Toutes les espèces de bêtes et d’oiseaux, de reptiles et d’animaux marins, sont domptés et ont été domptés par la nature humaine; 8mais la langue, aucun homme ne peut la dompter; c’est un mal qu’on ne peut réprimer; elle est pleine d’un venin mortel. 9Par elle nous bénissons le Seigneur notre Père, et par elle nous maudissons les hommes #Ge 1:27.faits à l’image de Dieu. 10De la même bouche sortent la bénédiction et la malédiction. Il ne faut pas, mes frères, qu’il en soit ainsi. 11La source fait-elle jaillir par la même ouverture l’eau douce et l’eau amère? 12Un figuier, mes frères, peut-il produire des olives, ou une vigne des figues? De l’eau salée ne peut pas non plus produire de l’eau douce.La sagesse qui vient d’en hautV. 13-18: cf. Ép 4:1-3. 1 Co 3:3. (1 Pi 3:4, 8-12. Ro 14:19.)  13Lequel d’entre vous est sage et intelligent? #Ép 5:8.Qu’il montre ses œuvres par une bonne conduite avec la douceur de la sagesse. 14#Ro 13:13.Mais si vous avez dans votre cœur un zèle amer et un esprit de dispute, ne vous glorifiez pas et ne mentez pas contre la vérité. 15#1 Co 2:6, 7.Cette sagesse n’est point celle qui vient d’en haut; mais elle est terrestre, charnelle, diabolique. 16#1 Co 3:3. Ga 5:20.Car là où il y a un zèle amer et un esprit de dispute, il y a du désordre et toutes sortes de mauvaises actions. 17La sagesse d’en haut est premièrement pure, ensuite pacifique, modérée, conciliante, pleine de miséricorde et de bons fruits, exempte de duplicité, d’hypocrisie. 18Le fruit de la justice est semé dans la paix par ceux qui recherchent la paix."
      },
      {
        "book_name": "James",
        "book": 59,
        "chapter": 3,
        "verse": 1,
        "text": "Mes frères, #Mt 23:8.qu’il n’y ait pas parmi vous un grand nombre de personnes qui se mettent à enseigner, #Mt 7:1. Lu 6:37.car vous savez que nous serons jugés plus sévèrement."
      },
      {
        "book_name": "James",
        "book": 59,
        "chapter": 3,
        "verse": 2,
        "text": "Nous bronchons tous de plusieurs manières. #Ps 34:14. Ja 1:26.Si quelqu’un ne bronche point en paroles, c’est un homme parfait, capable de tenir tout son corps en bride."
      },
      {
        "book_name": "James",
        "book": 59,
        "chapter": 3,
        "verse": 3,
        "text": "Si nous mettons le mors dans la bouche des chevaux pour qu’ils nous obéissent, nous dirigeons aussi leur corps tout entier."
      },
      {
        "book_name": "James",
        "book": 59,
        "chapter": 3,
        "verse": 4,
        "text": "Voici, même les navires, qui sont si grands et que poussent des vents impétueux, sont dirigés par un très petit gouvernail, au gré du pilote."
      },
      {
        "book_name": "James",
        "book": 59,
        "chapter": 3,
        "verse": 5,
        "text": "#Pr 12:18; 15:2.De même, la langue est un petit membre, et elle se vante de grandes choses. Voici, comme un petit feu peut embraser une grande forêt!"
      },
      {
        "book_name": "James",
        "book": 59,
        "chapter": 3,
        "verse": 6,
        "text": "La langue aussi est un feu; c’est le monde de l’iniquité. La langue est placée parmi nos membres, souillant tout le corps, et enflammant le cours de la vie, étant elle-même enflammée par la géhenne."
      },
      {
        "book_name": "James",
        "book": 59,
        "chapter": 3,
        "verse": 7,
        "text": "Toutes les espèces de bêtes et d’oiseaux, de reptiles et d’animaux marins, sont domptés et ont été domptés par la nature humaine;"
      },
      {
        "book_name": "James",
        "book": 59,
        "chapter": 3,
        "verse": 8,
        "text": "mais la langue, aucun homme ne peut la dompter; c’est un mal qu’on ne peut réprimer; elle est pleine d’un venin mortel."
      },
      {
        "book_name": "James",
        "book": 59,
        "chapter": 3,
        "verse": 9,
        "text": "Par elle nous bénissons le Seigneur notre Père, et par elle nous maudissons les hommes #Ge 1:27.faits à l’image de Dieu."
      },
      {
        "book_name": "James",
        "book": 59,
        "chapter": 3,
        "verse": 10,
        "text": "De la même bouche sortent la bénédiction et la malédiction. Il ne faut pas, mes frères, qu’il en soit ainsi."
      },
      {
        "book_name": "James",
        "book": 59,
        "chapter": 3,
        "verse": 11,
        "text": "La source fait-elle jaillir par la même ouverture l’eau douce et l’eau amère?"
      },
      {
        "book_name": "James",
        "book": 59,
        "chapter": 3,
        "verse": 12,
        "text": "Un figuier, mes frères, peut-il produire des olives, ou une vigne des figues? De l’eau salée ne peut pas non plus produire de l’eau douce."
      },
      {
        "book_name": "James",
        "book": 59,
        "chapter": 3,
        "verse": 13,
        "text": "Lequel d’entre vous est sage et intelligent? #Ép 5:8.Qu’il montre ses œuvres par une bonne conduite avec la douceur de la sagesse."
      },
      {
        "book_name": "James",
        "book": 59,
        "chapter": 3,
        "verse": 14,
        "text": "#Ro 13:13.Mais si vous avez dans votre cœur un zèle amer et un esprit de dispute, ne vous glorifiez pas et ne mentez pas contre la vérité."
      },
      {
        "book_name": "James",
        "book": 59,
        "chapter": 3,
        "verse": 15,
        "text": "#1 Co 2:6, 7.Cette sagesse n’est point celle qui vient d’en haut; mais elle est terrestre, charnelle, diabolique."
      },
      {
        "book_name": "James",
        "book": 59,
        "chapter": 3,
        "verse": 16,
        "text": "#1 Co 3:3. Ga 5:20.Car là où il y a un zèle amer et un esprit de dispute, il y a du désordre et toutes sortes de mauvaises actions."
      },
      {
        "book_name": "James",
        "book": 59,
        "chapter": 3,
        "verse": 17,
        "text": "La sagesse d’en haut est premièrement pure, ensuite pacifique, modérée, conciliante, pleine de miséricorde et de bons fruits, exempte de duplicité, d’hypocrisie."
      },
      {
        "book_name": "James",
        "book": 59,
        "chapter": 3,
        "verse": 18,
        "text": "Le fruit de la justice est semé dans la paix par ceux qui recherchent la paix."
      }
    ],
    "4": [
      {
        "book_name": "James",
        "book": 59,
        "chapter": 4,
        "verse": 1,
        "text": "Résister à l’entraînement des passionsV. 1-12: cf. Ja 3:14-16. (Ps 66:18. 1 Ti 2:8.) 1 Jn 2:15-17. (1 Pi 5:5-9. Lu 18:13, 14.) Lé 19:16.  1D’où viennent les luttes, et d’où viennent les querelles parmi vous? N’est-ce pas de vos passions #Ro 7:23. 1 Pi 2:11.qui combattent dans vos membres? 2Vous convoitez, et vous ne possédez pas; vous êtes meurtriers et envieux, et vous ne pouvez pas obtenir; vous avez des querelles et des luttes, et vous ne possédez pas, parce que vous ne demandez pas. 3Vous demandez, et vous ne recevez pas, #Mt 20:22. Ro 8:26.parce que vous demandez mal, dans le but de satisfaire vos passions. 4Adultères que vous êtes! Ne savez-vous pas que l’amour du monde est inimitié contre Dieu? #Jn 15:19. Ga 1:10. 1 Jn 2:15.Celui donc qui veut être ami du monde se rend ennemi de Dieu. 5Croyez-vous que l’Écriture parle en vain? #No 11:29.C’est avec jalousie que Dieu chérit l’esprit qu’il a fait habiter en nous. 6Il accorde, au contraire, une grâce plus excellente; c’est pourquoi l’Écriture dit: #Pr 3:34. 1 Pi 5:5.Dieu résiste aux orgueilleux, Mais il fait grâce aux humbles. 7Soumettez-vous donc à Dieu; #Ép 4:27. 1 Pi 5:9.résistez au diable, et il fuira loin de vous. 8Approchez-vous de Dieu, et il s’approchera de vous. #És 1:15.Nettoyez vos mains, pécheurs; purifiez vos cœurs, hommes irrésolus. 9#Mt 5:4.Sentez votre misère; soyez dans le deuil et dans les larmes; que votre rire se change en deuil, et votre joie en tristesse. 10#Job 22:29. Pr 29:23. Mt 23:12. Lu 14:11; 18:14. 1 Pi 5:6.Humiliez-vous devant le Seigneur, et il vous élèvera. 11Ne parlez point mal les uns des autres, frères. Celui qui parle mal d’un frère, ou qui juge son frère, parle mal de la loi et juge la loi. Or, si tu juges la loi, tu n’es pas observateur de la loi, mais tu en es juge. 12Un seul est législateur et juge, c’est celui qui peut sauver et perdre; #Ro 4:14.mais toi, qui es-tu, qui juges le prochain?À ceux qui forment des projetsV. 13-17: cf. Lu 12:16-20. Pr 27:1.  13A vous maintenant, qui dites: #Lu 12:18.Aujourd’hui ou demain nous irons dans telle ville, nous y passerons une année, nous trafiquerons, et nous gagnerons! 14Vous qui ne savez pas ce qui arrivera demain! #És 40:6. 1 Co 7:31. Ja 1:10. 1 Pi 1:24. 1 Jn 2:17.car, qu’est-ce que votre vie? Vous êtes une vapeur qui paraît pour un peu de temps, et qui ensuite disparaît. 15Vous devriez dire, au contraire: #Ac 18:21. 1 Co 4:19. Hé 6:3.Si Dieu le veut, nous vivrons, et nous ferons ceci ou cela. 16Mais maintenant vous vous glorifiez dans vos pensées orgueilleuses. C’est chose mauvaise que de se glorifier de la sorte. 17#Lu 12:47.Celui donc qui sait faire ce qui est bien, et qui ne le fait pas, commet un péché."
      },
      {
        "book_name": "James",
        "book": 59,
        "chapter": 4,
        "verse": 1,
        "text": "D’où viennent les luttes, et d’où viennent les querelles parmi vous? N’est-ce pas de vos passions #Ro 7:23. 1 Pi 2:11.qui combattent dans vos membres?"
      },
      {
        "book_name": "James",
        "book": 59,
        "chapter": 4,
        "verse": 2,
        "text": "Vous convoitez, et vous ne possédez pas; vous êtes meurtriers et envieux, et vous ne pouvez pas obtenir; vous avez des querelles et des luttes, et vous ne possédez pas, parce que vous ne demandez pas."
      },
      {
        "book_name": "James",
        "book": 59,
        "chapter": 4,
        "verse": 3,
        "text": "Vous demandez, et vous ne recevez pas, #Mt 20:22. Ro 8:26.parce que vous demandez mal, dans le but de satisfaire vos passions."
      },
      {
        "book_name": "James",
        "book": 59,
        "chapter": 4,
        "verse": 4,
        "text": "Adultères que vous êtes! Ne savez-vous pas que l’amour du monde est inimitié contre Dieu? #Jn 15:19. Ga 1:10. 1 Jn 2:15.Celui donc qui veut être ami du monde se rend ennemi de Dieu."
      },
      {
        "book_name": "James",
        "book": 59,
        "chapter": 4,
        "verse": 5,
        "text": "Croyez-vous que l’Écriture parle en vain? #No 11:29.C’est avec jalousie que Dieu chérit l’esprit qu’il a fait habiter en nous."
      },
      {
        "book_name": "James",
        "book": 59,
        "chapter": 4,
        "verse": 6,
        "text": "Il accorde, au contraire, une grâce plus excellente; c’est pourquoi l’Écriture dit: #Pr 3:34. 1 Pi 5:5.Dieu résiste aux orgueilleux, Mais il fait grâce aux humbles."
      },
      {
        "book_name": "James",
        "book": 59,
        "chapter": 4,
        "verse": 7,
        "text": "Soumettez-vous donc à Dieu; #Ép 4:27. 1 Pi 5:9.résistez au diable, et il fuira loin de vous."
      },
      {
        "book_name": "James",
        "book": 59,
        "chapter": 4,
        "verse": 8,
        "text": "Approchez-vous de Dieu, et il s’approchera de vous. #És 1:15.Nettoyez vos mains, pécheurs; purifiez vos cœurs, hommes irrésolus."
      },
      {
        "book_name": "James",
        "book": 59,
        "chapter": 4,
        "verse": 9,
        "text": "#Mt 5:4.Sentez votre misère; soyez dans le deuil et dans les larmes; que votre rire se change en deuil, et votre joie en tristesse."
      },
      {
        "book_name": "James",
        "book": 59,
        "chapter": 4,
        "verse": 10,
        "text": "#Job 22:29. Pr 29:23. Mt 23:12. Lu 14:11; 18:14. 1 Pi 5:6.Humiliez-vous devant le Seigneur, et il vous élèvera."
      },
      {
        "book_name": "James",
        "book": 59,
        "chapter": 4,
        "verse": 11,
        "text": "Ne parlez point mal les uns des autres, frères. Celui qui parle mal d’un frère, ou qui juge son frère, parle mal de la loi et juge la loi. Or, si tu juges la loi, tu n’es pas observateur de la loi, mais tu en es juge."
      },
      {
        "book_name": "James",
        "book": 59,
        "chapter": 4,
        "verse": 12,
        "text": "Un seul est législateur et juge, c’est celui qui peut sauver et perdre; #Ro 4:14.mais toi, qui es-tu, qui juges le prochain?"
      },
      {
        "book_name": "James",
        "book": 59,
        "chapter": 4,
        "verse": 13,
        "text": "A vous maintenant, qui dites: #Lu 12:18.Aujourd’hui ou demain nous irons dans telle ville, nous y passerons une année, nous trafiquerons, et nous gagnerons!"
      },
      {
        "book_name": "James",
        "book": 59,
        "chapter": 4,
        "verse": 14,
        "text": "Vous qui ne savez pas ce qui arrivera demain! #És 40:6. 1 Co 7:31. Ja 1:10. 1 Pi 1:24. 1 Jn 2:17.car, qu’est-ce que votre vie? Vous êtes une vapeur qui paraît pour un peu de temps, et qui ensuite disparaît."
      },
      {
        "book_name": "James",
        "book": 59,
        "chapter": 4,
        "verse": 15,
        "text": "Vous devriez dire, au contraire: #Ac 18:21. 1 Co 4:19. Hé 6:3.Si Dieu le veut, nous vivrons, et nous ferons ceci ou cela."
      },
      {
        "book_name": "James",
        "book": 59,
        "chapter": 4,
        "verse": 16,
        "text": "Mais maintenant vous vous glorifiez dans vos pensées orgueilleuses. C’est chose mauvaise que de se glorifier de la sorte."
      },
      {
        "book_name": "James",
        "book": 59,
        "chapter": 4,
        "verse": 17,
        "text": "#Lu 12:47.Celui donc qui sait faire ce qui est bien, et qui ne le fait pas, commet un péché."
      }
    ],
    "5": [
      {
        "book_name": "James",
        "book": 59,
        "chapter": 5,
        "verse": 1,
        "text": "Aux mauvais richesV. 1-6: cf. Job 20:5, etc. Am 6:1-8; 5:11, 12. Mal 3:5; 4:1.  1  #    \n        Pr 11:28. Am 6:1. Lu 6:24. 1 Ti 6:9.  A vous maintenant, riches! Pleurez et gémissez, à cause des malheurs qui viendront sur vous. 2Vos richesses sont pourries, et vos vêtements sont rongés par les teignes. 3Votre or et votre argent sont rouillés; et leur rouille s’élèvera en témoignage contre vous, et dévorera vos chairs comme un feu. #Mt 6:19. Ro 2:5.Vous avez amassé des trésors dans les derniers jours! 4Voici, le #Lé 19:13. De 24:14.salaire des ouvriers qui ont moissonné vos champs, et dont vous les avez frustrés, crie, et les cris des moissonneurs sont parvenus jusqu’aux oreilles du Seigneur des armées. 5#Job 21:13. Lu 16:19, 25.Vous avez vécu sur la terre dans les voluptés et dans les délices, vous avez rassasié vos cœurs au jour du carnage. 6Vous avez condamné, vous avez tué le juste, qui ne vous a pas résisté.Exhortations diverses: la patience, le serment, la prière, la conversion des pécheursV. 7-12: cf. Hé 10:35-37; 6:12. 1 Pi 2:19-23; 4:12-19. Ja 1:12. Mt 5:33-37.  7Soyez donc patients, frères jusqu’à l’avènement du Seigneur. Voici, le laboureur attend le précieux fruit de la terre, prenant patience à son égard, jusqu’à ce qu’il ait reçu les pluies de la première et de l’arrière-saison. 8Vous aussi, soyez patients, affermissez vos cœurs, car l’avènement du Seigneur est proche. 9Ne vous plaignez pas les uns des autres, frères, afin que vous ne soyez pas jugés: voici, le juge est à la porte. 10Prenez, mes frères, pour modèles de souffrance et de patience les prophètes qui ont parlé au nom du Seigneur. 11Voici, #Mt 5:11.nous disons bienheureux ceux qui ont souffert patiemment. Vous avez entendu parler de la #Job 1:21, 22.patience de Job, et vous avez vu la fin que le Seigneur lui accorda, #No 14:18. Ps 103:8.car le Seigneur est plein de miséricorde et de compassion. 12Avant toutes choses, mes frères, #Mt 5:34. 2 Co 1:17, 18.ne jurez ni par le ciel, ni par la terre, ni par aucun autre serment. Mais que votre oui soit oui, et que votre non soit non, afin que vous ne tombiez pas sous le jugement.V. 13-20: cf. (Ps 50:15. Mc 11:24.) (No 14:11-20. 1 R 17; 18.) Da 12:3.  13Quelqu’un parmi vous est-il dans la souffrance? Qu’il prie. Quelqu’un est-il dans la joie? #Ép 5:19. Col 3:16.Qu’il chante des cantiques. 14Quelqu’un parmi vous est-il malade? Qu’il appelle les anciens de l’Église, et que les anciens prient pour lui, #Mc 6:13.en l’oignant d’huile au nom du Seigneur; 15la prière de la foi sauvera le malade, et le Seigneur le relèvera; et s’il a commis des péchés, il lui sera pardonné. 16Confessez donc vos péchés les uns aux autres, et priez les uns pour les autres, afin que vous soyez guéris. La prière fervente du juste a une grande efficace. 17#1 R 17:1. Lu 4:25.Élie était un homme de la même nature que nous: il pria avec instance pour qu’il ne plût point, et il ne tomba point de pluie sur la terre pendant trois ans et six mois. 18#1 R 18:45.Puis il pria de nouveau, et le ciel donna de la pluie, et la terre produisit son fruit. 19Mes frères, #Mt 18:15.si quelqu’un parmi vous s’est égaré loin de la vérité, et qu’un autre l’y ramène, 20qu’il sache que celui qui ramènera un pécheur de la voie où il s’était égaré sauvera une âme de la mort et #Pr 10:12. 1 Pi 4:8.couvrira une multitude de péchés."
      },
      {
        "book_name": "James",
        "book": 59,
        "chapter": 5,
        "verse": 1,
        "text": "#    \n        Pr 11:28. Am 6:1. Lu 6:24. 1 Ti 6:9.  A vous maintenant, riches! Pleurez et gémissez, à cause des malheurs qui viendront sur vous."
      },
      {
        "book_name": "James",
        "book": 59,
        "chapter": 5,
        "verse": 2,
        "text": "Vos richesses sont pourries, et vos vêtements sont rongés par les teignes."
      },
      {
        "book_name": "James",
        "book": 59,
        "chapter": 5,
        "verse": 3,
        "text": "Votre or et votre argent sont rouillés; et leur rouille s’élèvera en témoignage contre vous, et dévorera vos chairs comme un feu. #Mt 6:19. Ro 2:5.Vous avez amassé des trésors dans les derniers jours!"
      },
      {
        "book_name": "James",
        "book": 59,
        "chapter": 5,
        "verse": 4,
        "text": "Voici, le #Lé 19:13. De 24:14.salaire des ouvriers qui ont moissonné vos champs, et dont vous les avez frustrés, crie, et les cris des moissonneurs sont parvenus jusqu’aux oreilles du Seigneur des armées."
      },
      {
        "book_name": "James",
        "book": 59,
        "chapter": 5,
        "verse": 5,
        "text": "#Job 21:13. Lu 16:19, 25.Vous avez vécu sur la terre dans les voluptés et dans les délices, vous avez rassasié vos cœurs au jour du carnage."
      },
      {
        "book_name": "James",
        "book": 59,
        "chapter": 5,
        "verse": 6,
        "text": "Vous avez condamné, vous avez tué le juste, qui ne vous a pas résisté."
      },
      {
        "book_name": "James",
        "book": 59,
        "chapter": 5,
        "verse": 7,
        "text": "Soyez donc patients, frères jusqu’à l’avènement du Seigneur. Voici, le laboureur attend le précieux fruit de la terre, prenant patience à son égard, jusqu’à ce qu’il ait reçu les pluies de la première et de l’arrière-saison."
      },
      {
        "book_name": "James",
        "book": 59,
        "chapter": 5,
        "verse": 8,
        "text": "Vous aussi, soyez patients, affermissez vos cœurs, car l’avènement du Seigneur est proche."
      },
      {
        "book_name": "James",
        "book": 59,
        "chapter": 5,
        "verse": 9,
        "text": "Ne vous plaignez pas les uns des autres, frères, afin que vous ne soyez pas jugés: voici, le juge est à la porte."
      },
      {
        "book_name": "James",
        "book": 59,
        "chapter": 5,
        "verse": 10,
        "text": "Prenez, mes frères, pour modèles de souffrance et de patience les prophètes qui ont parlé au nom du Seigneur."
      },
      {
        "book_name": "James",
        "book": 59,
        "chapter": 5,
        "verse": 11,
        "text": "Voici, #Mt 5:11.nous disons bienheureux ceux qui ont souffert patiemment. Vous avez entendu parler de la #Job 1:21, 22.patience de Job, et vous avez vu la fin que le Seigneur lui accorda, #No 14:18. Ps 103:8.car le Seigneur est plein de miséricorde et de compassion."
      },
      {
        "book_name": "James",
        "book": 59,
        "chapter": 5,
        "verse": 12,
        "text": "Avant toutes choses, mes frères, #Mt 5:34. 2 Co 1:17, 18.ne jurez ni par le ciel, ni par la terre, ni par aucun autre serment. Mais que votre oui soit oui, et que votre non soit non, afin que vous ne tombiez pas sous le jugement."
      },
      {
        "book_name": "James",
        "book": 59,
        "chapter": 5,
        "verse": 13,
        "text": "Quelqu’un parmi vous est-il dans la souffrance? Qu’il prie. Quelqu’un est-il dans la joie? #Ép 5:19. Col 3:16.Qu’il chante des cantiques."
      },
      {
        "book_name": "James",
        "book": 59,
        "chapter": 5,
        "verse": 14,
        "text": "Quelqu’un parmi vous est-il malade? Qu’il appelle les anciens de l’Église, et que les anciens prient pour lui, #Mc 6:13.en l’oignant d’huile au nom du Seigneur;"
      },
      {
        "book_name": "James",
        "book": 59,
        "chapter": 5,
        "verse": 15,
        "text": "la prière de la foi sauvera le malade, et le Seigneur le relèvera; et s’il a commis des péchés, il lui sera pardonné."
      },
      {
        "book_name": "James",
        "book": 59,
        "chapter": 5,
        "verse": 16,
        "text": "Confessez donc vos péchés les uns aux autres, et priez les uns pour les autres, afin que vous soyez guéris. La prière fervente du juste a une grande efficace."
      },
      {
        "book_name": "James",
        "book": 59,
        "chapter": 5,
        "verse": 17,
        "text": "#1 R 17:1. Lu 4:25.Élie était un homme de la même nature que nous: il pria avec instance pour qu’il ne plût point, et il ne tomba point de pluie sur la terre pendant trois ans et six mois."
      },
      {
        "book_name": "James",
        "book": 59,
        "chapter": 5,
        "verse": 18,
        "text": "#1 R 18:45.Puis il pria de nouveau, et le ciel donna de la pluie, et la terre produisit son fruit."
      },
      {
        "book_name": "James",
        "book": 59,
        "chapter": 5,
        "verse": 19,
        "text": "Mes frères, #Mt 18:15.si quelqu’un parmi vous s’est égaré loin de la vérité, et qu’un autre l’y ramène,"
      },
      {
        "book_name": "James",
        "book": 59,
        "chapter": 5,
        "verse": 20,
        "text": "qu’il sache que celui qui ramènera un pécheur de la voie où il s’était égaré sauvera une âme de la mort et #Pr 10:12. 1 Pi 4:8.couvrira une multitude de péchés."
      }
    ]
  }
}