{
  "source": "bible.com",
  "version": "Luis Segond (1910)",
  "book": "Joel",
  "chapters": {
    "1": [
      {
        "book_name": "Joel",
        "book": 29,
        "chapter": 1,
        "verse": 1,
        "text": "Une invasion de sauterelles. Exhortation à la repentanceV. 1-20: cf. Ex 10:12-15. De 28:38-42. (Jé 14:1-9. Am 4:9.)  1La parole de l’Éternel qui fut adressée à Joël, fils de Pethuel.  2Écoutez ceci, vieillards!Prêtez l’oreille, vous tous, habitants du pays!Rien de pareil est-il arrivé de votre temps,Ou du temps de vos pères?  3Racontez-le à vos enfants,Et que vos enfants le racontent à leurs enfants,Et leurs enfants à la génération qui suivra!  4Ce qu’a laissé le gazam, la sauterelle l’a dévoré;Ce qu’a laissé la sauterelle, le jélek l’a dévoré;Ce qu’a laissé le jélek, le hasil l’a dévoré.  5Réveillez-vous, ivrognes, et pleurez!Vous tous, buveurs de vin, gémissez,Parce que le moût vous est enlevé de la bouche!  6Car un peuple est venu fondre sur mon pays,Puissant et innombrable.Il a les dents d’un lion,Les mâchoires d’une lionne.  7Il a dévasté ma vigne;Il a mis en morceaux mon figuier,Il l’a dépouillé, abattu;Les rameaux de la vigne ont blanchi.  8Lamente-toi, comme la vierge qui se revêt d’un sacPour pleurer l’ami de sa jeunesse!  9Offrandes et libations disparaissent de la maison de l’Éternel;Les sacrificateurs, serviteurs de l’Éternel, sont dans le deuil.  10Les champs sont ravagés,La terre est attristée;Car les blés sont détruits,Le moût est tari, l’huile est desséchée.  11Les laboureurs sont consternés, les vignerons gémissent,A cause du froment et de l’orge,Parce que la moisson des champs est perdue.  12La vigne est confuse,Le figuier languissant;Le grenadier, le palmier, le pommier,Tous les arbres des champs sont flétris…La joie a cessé parmi les fils de l’homme!  13Sacrificateurs, ceignez-vous et pleurez!Lamentez-vous, serviteurs de l’autel!Venez, passez la nuit revêtus de sacs,Serviteurs de mon Dieu!Car offrandes et libations ont disparu de la maison de votre Dieu.  14  #    \n        Joë 2:15.  Publiez un jeûne, une convocation solennelle!Assemblez les vieillards, tous les habitants du pays,Dans la maison de l’Éternel, votre Dieu,Et criez à l’Éternel!  15Ah! Quel jour!Car #És 13:6.le jour de l’Éternel est proche:Il vient comme un ravage du Tout-Puissant.  16La nourriture n’est-elle pas enlevée sous nos yeux?La joie et l’allégresse n’ont-elles pas disparu de la maison de notre Dieu?  17Les semences ont séché sous les mottes;Les greniers sont vides,Les magasins sont en ruines,Car il n’y a point de blé.  18Comme les bêtes gémissent!Les troupeaux de bœufs sont consternés,Parce qu’ils sont sans pâturage;Et même les troupeaux de brebis sont en souffrance.  19C’est vers toi que je crie, ô Éternel!Car le feu a dévoré les plaines du désert,Et la flamme a brûlé tous les arbres des champs.  20Les bêtes des champs crient aussi vers toi;Car les torrents sont à sec,Et le feu a dévoré les plaines du désert."
      },
      {
        "book_name": "Joel",
        "book": 29,
        "chapter": 1,
        "verse": 1,
        "text": "La parole de l’Éternel qui fut adressée à Joël, fils de Pethuel."
      },
      {
        "book_name": "Joel",
        "book": 29,
        "chapter": 1,
        "verse": 2,
        "text": "Écoutez ceci, vieillards!"
      },
      {
        "book_name": "Joel",
        "book": 29,
        "chapter": 1,
        "verse": 2,
        "text": "Prêtez l’oreille, vous tous, habitants du pays!"
      },
      {
        "book_name": "Joel",
        "book": 29,
        "chapter": 1,
        "verse": 2,
        "text": "Rien de pareil est-il arrivé de votre temps,"
      },
      {
        "book_name": "Joel",
        "book": 29,
        "chapter": 1,
        "verse": 2,
        "text": "Ou du temps de vos pères?"
      },
      {
        "book_name": "Joel",
        "book": 29,
        "chapter": 1,
        "verse": 3,
        "text": "Racontez-le à vos enfants,"
      },
      {
        "book_name": "Joel",
        "book": 29,
        "chapter": 1,
        "verse": 3,
        "text": "Et que vos enfants le racontent à leurs enfants,"
      },
      {
        "book_name": "Joel",
        "book": 29,
        "chapter": 1,
        "verse": 3,
        "text": "Et leurs enfants à la génération qui suivra!"
      },
      {
        "book_name": "Joel",
        "book": 29,
        "chapter": 1,
        "verse": 4,
        "text": "Ce qu’a laissé le gazam, la sauterelle l’a dévoré;"
      },
      {
        "book_name": "Joel",
        "book": 29,
        "chapter": 1,
        "verse": 4,
        "text": "Ce qu’a laissé la sauterelle, le jélek l’a dévoré;"
      },
      {
        "book_name": "Joel",
        "book": 29,
        "chapter": 1,
        "verse": 4,
        "text": "Ce qu’a laissé le jélek, le hasil l’a dévoré."
      },
      {
        "book_name": "Joel",
        "book": 29,
        "chapter": 1,
        "verse": 5,
        "text": "Réveillez-vous, ivrognes, et pleurez!"
      },
      {
        "book_name": "Joel",
        "book": 29,
        "chapter": 1,
        "verse": 5,
        "text": "Vous tous, buveurs de vin, gémissez,"
      },
      {
        "book_name": "Joel",
        "book": 29,
        "chapter": 1,
        "verse": 5,
        "text": "Parce que le moût vous est enlevé de la bouche!"
      },
      {
        "book_name": "Joel",
        "book": 29,
        "chapter": 1,
        "verse": 6,
        "text": "Car un peuple est venu fondre sur mon pays,"
      },
      {
        "book_name": "Joel",
        "book": 29,
        "chapter": 1,
        "verse": 6,
        "text": "Puissant et innombrable."
      },
      {
        "book_name": "Joel",
        "book": 29,
        "chapter": 1,
        "verse": 6,
        "text": "Il a les dents d’un lion,"
      },
      {
        "book_name": "Joel",
        "book": 29,
        "chapter": 1,
        "verse": 6,
        "text": "Les mâchoires d’une lionne."
      },
      {
        "book_name": "Joel",
        "book": 29,
        "chapter": 1,
        "verse": 7,
        "text": "Il a dévasté ma vigne;"
      },
      {
        "book_name": "Joel",
        "book": 29,
        "chapter": 1,
        "verse": 7,
        "text": "Il a mis en morceaux mon figuier,"
      },
      {
        "book_name": "Joel",
        "book": 29,
        "chapter": 1,
        "verse": 7,
        "text": "Il l’a dépouillé, abattu;"
      },
      {
        "book_name": "Joel",
        "book": 29,
        "chapter": 1,
        "verse": 7,
        "text": "Les rameaux de la vigne ont blanchi."
      },
      {
        "book_name": "Joel",
        "book": 29,
        "chapter": 1,
        "verse": 8,
        "text": "Lamente-toi, comme la vierge qui se revêt d’un sac"
      },
      {
        "book_name": "Joel",
        "book": 29,
        "chapter": 1,
        "verse": 8,
        "text": "Pour pleurer l’ami de sa jeunesse!"
      },
      {
        "book_name": "Joel",
        "book": 29,
        "chapter": 1,
        "verse": 9,
        "text": "Offrandes et libations disparaissent de la maison de l’Éternel;"
      },
      {
        "book_name": "Joel",
        "book": 29,
        "chapter": 1,
        "verse": 9,
        "text": "Les sacrificateurs, serviteurs de l’Éternel, sont dans le deuil."
      },
      {
        "book_name": "Joel",
        "book": 29,
        "chapter": 1,
        "verse": 10,
        "text": "Les champs sont ravagés,"
      },
      {
        "book_name": "Joel",
        "book": 29,
        "chapter": 1,
        "verse": 10,
        "text": "La terre est attristée;"
      },
      {
        "book_name": "Joel",
        "book": 29,
        "chapter": 1,
        "verse": 10,
        "text": "Car les blés sont détruits,"
      },
      {
        "book_name": "Joel",
        "book": 29,
        "chapter": 1,
        "verse": 10,
        "text": "Le moût est tari, l’huile est desséchée."
      },
      {
        "book_name": "Joel",
        "book": 29,
        "chapter": 1,
        "verse": 11,
        "text": "Les laboureurs sont consternés, les vignerons gémissent,"
      },
      {
        "book_name": "Joel",
        "book": 29,
        "chapter": 1,
        "verse": 11,
        "text": "A cause du froment et de l’orge,"
      },
      {
        "book_name": "Joel",
        "book": 29,
        "chapter": 1,
        "verse": 11,
        "text": "Parce que la moisson des champs est perdue."
      },
      {
        "book_name": "Joel",
        "book": 29,
        "chapter": 1,
        "verse": 12,
        "text": "La vigne est confuse,"
      },
      {
        "book_name": "Joel",
        "book": 29,
        "chapter": 1,
        "verse": 12,
        "text": "Le figuier languissant;"
      },
      {
        "book_name": "Joel",
        "book": 29,
        "chapter": 1,
        "verse": 12,
        "text": "Le grenadier, le palmier, le pommier,"
      },
      {
        "book_name": "Joel",
        "book": 29,
        "chapter": 1,
        "verse": 12,
        "text": "Tous les arbres des champs sont flétris…"
      },
      {
        "book_name": "Joel",
        "book": 29,
        "chapter": 1,
        "verse": 12,
        "text": "La joie a cessé parmi les fils de l’homme!"
      },
      {
        "book_name": "Joel",
        "book": 29,
        "chapter": 1,
        "verse": 13,
        "text": "Sacrificateurs, ceignez-vous et pleurez!"
      },
      {
        "book_name": "Joel",
        "book": 29,
        "chapter": 1,
        "verse": 13,
        "text": "Lamentez-vous, serviteurs de l’autel!"
      },
      {
        "book_name": "Joel",
        "book": 29,
        "chapter": 1,
        "verse": 13,
        "text": "Venez, passez la nuit revêtus de sacs,"
      },
      {
        "book_name": "Joel",
        "book": 29,
        "chapter": 1,
        "verse": 13,
        "text": "Serviteurs de mon Dieu!"
      },
      {
        "book_name": "Joel",
        "book": 29,
        "chapter": 1,
        "verse": 13,
        "text": "Car offrandes et libations ont disparu de la maison de votre Dieu."
      },
      {
        "book_name": "Joel",
        "book": 29,
        "chapter": 1,
        "verse": 14,
        "text": "#    \n        Joë 2:15.  Publiez un jeûne, une convocation solennelle!"
      },
      {
        "book_name": "Joel",
        "book": 29,
        "chapter": 1,
        "verse": 14,
        "text": "Assemblez les vieillards, tous les habitants du pays,"
      },
      {
        "book_name": "Joel",
        "book": 29,
        "chapter": 1,
        "verse": 14,
        "text": "Dans la maison de l’Éternel, votre Dieu,"
      },
      {
        "book_name": "Joel",
        "book": 29,
        "chapter": 1,
        "verse": 14,
        "text": "Et criez à l’Éternel!"
      },
      {
        "book_name": "Joel",
        "book": 29,
        "chapter": 1,
        "verse": 15,
        "text": "Ah! Quel jour!"
      },
      {
        "book_name": "Joel",
        "book": 29,
        "chapter": 1,
        "verse": 15,
        "text": "Car #És 13:6.le jour de l’Éternel est proche:"
      },
      {
        "book_name": "Joel",
        "book": 29,
        "chapter": 1,
        "verse": 15,
        "text": "Il vient comme un ravage du Tout-Puissant."
      },
      {
        "book_name": "Joel",
        "book": 29,
        "chapter": 1,
        "verse": 16,
        "text": "La nourriture n’est-elle pas enlevée sous nos yeux?"
      },
      {
        "book_name": "Joel",
        "book": 29,
        "chapter": 1,
        "verse": 16,
        "text": "La joie et l’allégresse n’ont-elles pas disparu de la maison de notre Dieu?"
      },
      {
        "book_name": "Joel",
        "book": 29,
        "chapter": 1,
        "verse": 17,
        "text": "Les semences ont séché sous les mottes;"
      },
      {
        "book_name": "Joel",
        "book": 29,
        "chapter": 1,
        "verse": 17,
        "text": "Les greniers sont vides,"
      },
      {
        "book_name": "Joel",
        "book": 29,
        "chapter": 1,
        "verse": 17,
        "text": "Les magasins sont en ruines,"
      },
      {
        "book_name": "Joel",
        "book": 29,
        "chapter": 1,
        "verse": 17,
        "text": "Car il n’y a point de blé."
      },
      {
        "book_name": "Joel",
        "book": 29,
        "chapter": 1,
        "verse": 18,
        "text": "Comme les bêtes gémissent!"
      },
      {
        "book_name": "Joel",
        "book": 29,
        "chapter": 1,
        "verse": 18,
        "text": "Les troupeaux de bœufs sont consternés,"
      },
      {
        "book_name": "Joel",
        "book": 29,
        "chapter": 1,
        "verse": 18,
        "text": "Parce qu’ils sont sans pâturage;"
      },
      {
        "book_name": "Joel",
        "book": 29,
        "chapter": 1,
        "verse": 18,
        "text": "Et même les troupeaux de brebis sont en souffrance."
      },
      {
        "book_name": "Joel",
        "book": 29,
        "chapter": 1,
        "verse": 19,
        "text": "C’est vers toi que je crie, ô Éternel!"
      },
      {
        "book_name": "Joel",
        "book": 29,
        "chapter": 1,
        "verse": 19,
        "text": "Car le feu a dévoré les plaines du désert,"
      },
      {
        "book_name": "Joel",
        "book": 29,
        "chapter": 1,
        "verse": 19,
        "text": "Et la flamme a brûlé tous les arbres des champs."
      },
      {
        "book_name": "Joel",
        "book": 29,
        "chapter": 1,
        "verse": 20,
        "text": "Les bêtes des champs crient aussi vers toi;"
      },
      {
        "book_name": "Joel",
        "book": 29,
        "chapter": 1,
        "verse": 20,
        "text": "Car les torrents sont à sec,"
      },
      {
        "book_name": "Joel",
        "book": 29,
        "chapter": 1,
        "verse": 20,
        "text": "Et le feu a dévoré les plaines du désert."
      }
    ],
    "2": [
      {
        "book_name": "Joel",
        "book": 29,
        "chapter": 2,
        "verse": 1,
        "text": "Le jour de l’ÉternelV. 1-11: cf. Joë 1. Ap 9:2-11.  1Sonnez de la trompette en Sion!Faites-la retentir sur ma montagne sainte!Que tous les habitants du pays tremblent!Car #Joë 1:15. So 1:14, 15.le jour de l’Éternel vient, car il est proche,  2Jour de ténèbres et d’obscurité,Jour de nuées et de brouillards,Il vient comme l’aurore se répand sur les montagnes.Voici un peuple nombreux et puissant,Tel qu’il n’y en a jamais eu,Et qu’il n’y en aura jamais dans la suite des âges.  3Devant lui est un feu dévorant,Et derrière lui une flamme brûlante;Le pays était auparavant comme un jardin d’Éden,Et depuis, c’est un désert affreux:Rien ne lui échappe.  4A les voir, on dirait des chevaux,Et ils courent comme des cavaliers.  5A les entendre, on dirait un bruit de charsSur le sommet des montagnes où ils bondissent,On dirait un pétillement de la flamme du feu,Quand elle consume le chaume.C’est comme une armée puissanteQui se prépare au combat.  6Devant eux les peuples tremblent,Tous les visages pâlissent.  7Ils s’élancent comme des guerriers,Ils escaladent les murs comme des gens de guerre;Chacun va son chemin,Sans s’écarter de sa route.  8Ils ne se pressent point les uns les autres,Chacun garde son rang;Ils se précipitent au travers des traitsSans arrêter leur marche.  9Ils se répandent dans la ville,Courent sur les murailles,Montent sur les maisons,Entrent par les fenêtres comme un voleur.  10  #    \n        És 13:10. Éz 32:7.  Devant eux la terre tremble,Les cieux sont ébranlés,Le soleil et la lune s’obscurcissent,Et les étoiles retirent leur éclat.  11L’Éternel fait entendre sa voix devant son armée;Car son camp est immense,Et l’exécuteur de sa parole est puissant;Car #Jé 30:7. Am 5:18. So 1:15.le jour de l’Éternel est grand, il est terrible:Qui pourra le soutenir?Appel à la repentanceV. 12-17: cf. 1 R 8:37-40. (1 S 7:3-13. Jon 3.)  12Maintenant encore, dit l’Éternel,  #    \n        Jé 4:1.  Revenez à moi de tout votre cœur,Avec des jeûnes, avec des pleurs et des lamentations!  13Déchirez vos cœurs et non vos vêtements,Et revenez à l’Éternel, votre Dieu;Car il est #Ex 34:6. Ps 86:15. Jon 4:2.compatissant et miséricordieux,Lent à la colère et riche en bonté,Et il se repent des maux qu’il envoie.  14  #    \n        Jon 3:9.  Qui sait s’il ne reviendra pas et ne se repentira pas,Et s’il ne laissera pas après lui la bénédiction,Des offrandes et des libations pour l’Éternel, votre Dieu?  15Sonnez de la trompette en Sion!  #    \n        Joë 1:14.  Publiez un jeûne, une convocation solennelle!  16Assemblez le peuple, formez une sainte réunion!Assemblez les vieillards,Assemblez les enfants,Même les nourrissons à la mamelle!Que l’époux sorte de sa demeure,Et l’épouse de sa chambre!  17Qu’entre le portique et l’autelPleurent les sacrificateurs, Serviteurs de l’Éternel,Et qu’ils disent: Éternel, épargne ton peuple!Ne livre pas ton héritage à l’opprobre,Aux railleries des nations!Pourquoi dirait-on parmi les peuples:  #    \n        Ps 42:11; 79:10; 115:2.  Où est leur Dieu?PromessesV. 18-27: cf. Éz 36:6, etc. Ps 65:10, etc.  18L’Éternel est ému de jalousie pour son pays,Et il épargne son peuple.  19L’Éternel répond, il dit à son peuple:Voici, je vous enverrai du blé,Du moût et de l’huile,Et vous en serez rassasiés;Et je ne vous livrerai plus à l’opprobre parmi les nations.  20J’éloignerai de vous l’ennemi du nord,Je le chasserai vers une terre aride et déserte,Son avant-garde dans la mer orientale,Son arrière-garde dans la mer occidentale;Et son infection se répandra,Sa puanteur s’élèvera dans les airs,Parce qu’il a fait de grandes choses.  21Terre, ne crains pas,Sois dans l’allégresse et réjouis-toi,Car l’Éternel fait de grandes choses!  22Bêtes des champs, ne craignez pas,Car les plaines du désert reverdiront,Car les arbres porteront leurs fruits,Le figuier et la vigne donneront leurs richesses.  23Et vous, enfants de Sion, soyez dans l’allégresse et réjouissez-vousEn l’Éternel, votre Dieu,Car il vous donnera la pluie en son temps,Il vous enverra la pluie de la première et de l’arrière-saison,Comme autrefois.  24Les aires se rempliront de blé,Et les cuves regorgeront de moût et d’huile.  25Je vous remplacerai les annéesQu’ont dévorées la #Joë 1:14.sauterelle,Le jélek, le hasil et le gazam,Ma grande armée que j’avais envoyée contre vous.  26Vous mangerez et vous vous rassasierez,Et vous célébrerez le nom de l’Éternel, votre Dieu,Qui aura fait pour vous des prodiges;Et mon peuple ne sera plus jamais dans la confusion.  27Et vous saurez que je suis au milieu d’Israël,Que je suis l’Éternel, votre Dieu, et qu’il n’y en a point d’autre,Et mon peuple ne sera plus jamais dans la confusion.V. 28-32: cf. Ac 2:1-21. Lu 21:25-28.  28Après cela, je répandrai mon #És 44:3. Éz 39:29. Ac 2:17.esprit sur toute chair;Vos fils et vos filles prophétiseront,Vos vieillards auront des songes,Et vos jeunes gens des visions.  29Même sur les serviteurs et sur les servantes,Dans ces jours-là, je répandrai mon esprit.  30Je ferai paraître des prodiges dans les cieux et sur la terre,Du sang, du feu, et des colonnes de fumée;  31  #    \n        Joë 3:15.  Le soleil se changera en ténèbres,Et la lune en sang,Avant l’arrivée du jour de l’Éternel,De ce jour grand et terrible.  32  #    \n        Ro 10:13.  Alors quiconque invoquera le nom de l’Éternel sera sauvé;Le salut sera sur la #Ab v. 17.montagne de Sion et à Jérusalem,Comme a dit l’Éternel,Et parmi les réchappés que l’Éternel appellera."
      },
      {
        "book_name": "Joel",
        "book": 29,
        "chapter": 2,
        "verse": 1,
        "text": "Sonnez de la trompette en Sion!"
      },
      {
        "book_name": "Joel",
        "book": 29,
        "chapter": 2,
        "verse": 1,
        "text": "Faites-la retentir sur ma montagne sainte!"
      },
      {
        "book_name": "Joel",
        "book": 29,
        "chapter": 2,
        "verse": 1,
        "text": "Que tous les habitants du pays tremblent!"
      },
      {
        "book_name": "Joel",
        "book": 29,
        "chapter": 2,
        "verse": 1,
        "text": "Car #Joë 1:15. So 1:14, 15.le jour de l’Éternel vient, car il est proche,"
      },
      {
        "book_name": "Joel",
        "book": 29,
        "chapter": 2,
        "verse": 2,
        "text": "Jour de ténèbres et d’obscurité,"
      },
      {
        "book_name": "Joel",
        "book": 29,
        "chapter": 2,
        "verse": 2,
        "text": "Jour de nuées et de brouillards,"
      },
      {
        "book_name": "Joel",
        "book": 29,
        "chapter": 2,
        "verse": 2,
        "text": "Il vient comme l’aurore se répand sur les montagnes."
      },
      {
        "book_name": "Joel",
        "book": 29,
        "chapter": 2,
        "verse": 2,
        "text": "Voici un peuple nombreux et puissant,"
      },
      {
        "book_name": "Joel",
        "book": 29,
        "chapter": 2,
        "verse": 2,
        "text": "Tel qu’il n’y en a jamais eu,"
      },
      {
        "book_name": "Joel",
        "book": 29,
        "chapter": 2,
        "verse": 2,
        "text": "Et qu’il n’y en aura jamais dans la suite des âges."
      },
      {
        "book_name": "Joel",
        "book": 29,
        "chapter": 2,
        "verse": 3,
        "text": "Devant lui est un feu dévorant,"
      },
      {
        "book_name": "Joel",
        "book": 29,
        "chapter": 2,
        "verse": 3,
        "text": "Et derrière lui une flamme brûlante;"
      },
      {
        "book_name": "Joel",
        "book": 29,
        "chapter": 2,
        "verse": 3,
        "text": "Le pays était auparavant comme un jardin d’Éden,"
      },
      {
        "book_name": "Joel",
        "book": 29,
        "chapter": 2,
        "verse": 3,
        "text": "Et depuis, c’est un désert affreux:"
      },
      {
        "book_name": "Joel",
        "book": 29,
        "chapter": 2,
        "verse": 3,
        "text": "Rien ne lui échappe."
      },
      {
        "book_name": "Joel",
        "book": 29,
        "chapter": 2,
        "verse": 4,
        "text": "A les voir, on dirait des chevaux,"
      },
      {
        "book_name": "Joel",
        "book": 29,
        "chapter": 2,
        "verse": 4,
        "text": "Et ils courent comme des cavaliers."
      },
      {
        "book_name": "Joel",
        "book": 29,
        "chapter": 2,
        "verse": 5,
        "text": "A les entendre, on dirait un bruit de chars"
      },
      {
        "book_name": "Joel",
        "book": 29,
        "chapter": 2,
        "verse": 5,
        "text": "Sur le sommet des montagnes où ils bondissent,"
      },
      {
        "book_name": "Joel",
        "book": 29,
        "chapter": 2,
        "verse": 5,
        "text": "On dirait un pétillement de la flamme du feu,"
      },
      {
        "book_name": "Joel",
        "book": 29,
        "chapter": 2,
        "verse": 5,
        "text": "Quand elle consume le chaume."
      },
      {
        "book_name": "Joel",
        "book": 29,
        "chapter": 2,
        "verse": 5,
        "text": "C’est comme une armée puissante"
      },
      {
        "book_name": "Joel",
        "book": 29,
        "chapter": 2,
        "verse": 5,
        "text": "Qui se prépare au combat."
      },
      {
        "book_name": "Joel",
        "book": 29,
        "chapter": 2,
        "verse": 6,
        "text": "Devant eux les peuples tremblent,"
      },
      {
        "book_name": "Joel",
        "book": 29,
        "chapter": 2,
        "verse": 6,
        "text": "Tous les visages pâlissent."
      },
      {
        "book_name": "Joel",
        "book": 29,
        "chapter": 2,
        "verse": 7,
        "text": "Ils s’élancent comme des guerriers,"
      },
      {
        "book_name": "Joel",
        "book": 29,
        "chapter": 2,
        "verse": 7,
        "text": "Ils escaladent les murs comme des gens de guerre;"
      },
      {
        "book_name": "Joel",
        "book": 29,
        "chapter": 2,
        "verse": 7,
        "text": "Chacun va son chemin,"
      },
      {
        "book_name": "Joel",
        "book": 29,
        "chapter": 2,
        "verse": 7,
        "text": "Sans s’écarter de sa route."
      },
      {
        "book_name": "Joel",
        "book": 29,
        "chapter": 2,
        "verse": 8,
        "text": "Ils ne se pressent point les uns les autres,"
      },
      {
        "book_name": "Joel",
        "book": 29,
        "chapter": 2,
        "verse": 8,
        "text": "Chacun garde son rang;"
      },
      {
        "book_name": "Joel",
        "book": 29,
        "chapter": 2,
        "verse": 8,
        "text": "Ils se précipitent au travers des traits"
      },
      {
        "book_name": "Joel",
        "book": 29,
        "chapter": 2,
        "verse": 8,
        "text": "Sans arrêter leur marche."
      },
      {
        "book_name": "Joel",
        "book": 29,
        "chapter": 2,
        "verse": 9,
        "text": "Ils se répandent dans la ville,"
      },
      {
        "book_name": "Joel",
        "book": 29,
        "chapter": 2,
        "verse": 9,
        "text": "Courent sur les murailles,"
      },
      {
        "book_name": "Joel",
        "book": 29,
        "chapter": 2,
        "verse": 9,
        "text": "Montent sur les maisons,"
      },
      {
        "book_name": "Joel",
        "book": 29,
        "chapter": 2,
        "verse": 9,
        "text": "Entrent par les fenêtres comme un voleur."
      },
      {
        "book_name": "Joel",
        "book": 29,
        "chapter": 2,
        "verse": 10,
        "text": "#    \n        És 13:10. Éz 32:7.  Devant eux la terre tremble,"
      },
      {
        "book_name": "Joel",
        "book": 29,
        "chapter": 2,
        "verse": 10,
        "text": "Les cieux sont ébranlés,"
      },
      {
        "book_name": "Joel",
        "book": 29,
        "chapter": 2,
        "verse": 10,
        "text": "Le soleil et la lune s’obscurcissent,"
      },
      {
        "book_name": "Joel",
        "book": 29,
        "chapter": 2,
        "verse": 10,
        "text": "Et les étoiles retirent leur éclat."
      },
      {
        "book_name": "Joel",
        "book": 29,
        "chapter": 2,
        "verse": 11,
        "text": "L’Éternel fait entendre sa voix devant son armée;"
      },
      {
        "book_name": "Joel",
        "book": 29,
        "chapter": 2,
        "verse": 11,
        "text": "Car son camp est immense,"
      },
      {
        "book_name": "Joel",
        "book": 29,
        "chapter": 2,
        "verse": 11,
        "text": "Et l’exécuteur de sa parole est puissant;"
      },
      {
        "book_name": "Joel",
        "book": 29,
        "chapter": 2,
        "verse": 11,
        "text": "Car #Jé 30:7. Am 5:18. So 1:15.le jour de l’Éternel est grand, il est terrible:"
      },
      {
        "book_name": "Joel",
        "book": 29,
        "chapter": 2,
        "verse": 11,
        "text": "Qui pourra le soutenir?"
      },
      {
        "book_name": "Joel",
        "book": 29,
        "chapter": 2,
        "verse": 12,
        "text": "Maintenant encore, dit l’Éternel,"
      },
      {
        "book_name": "Joel",
        "book": 29,
        "chapter": 2,
        "verse": 12,
        "text": "#    \n        Jé 4:1.  Revenez à moi de tout votre cœur,"
      },
      {
        "book_name": "Joel",
        "book": 29,
        "chapter": 2,
        "verse": 12,
        "text": "Avec des jeûnes, avec des pleurs et des lamentations!"
      },
      {
        "book_name": "Joel",
        "book": 29,
        "chapter": 2,
        "verse": 13,
        "text": "Déchirez vos cœurs et non vos vêtements,"
      },
      {
        "book_name": "Joel",
        "book": 29,
        "chapter": 2,
        "verse": 13,
        "text": "Et revenez à l’Éternel, votre Dieu;"
      },
      {
        "book_name": "Joel",
        "book": 29,
        "chapter": 2,
        "verse": 13,
        "text": "Car il est #Ex 34:6. Ps 86:15. Jon 4:2.compatissant et miséricordieux,"
      },
      {
        "book_name": "Joel",
        "book": 29,
        "chapter": 2,
        "verse": 13,
        "text": "Lent à la colère et riche en bonté,"
      },
      {
        "book_name": "Joel",
        "book": 29,
        "chapter": 2,
        "verse": 13,
        "text": "Et il se repent des maux qu’il envoie."
      },
      {
        "book_name": "Joel",
        "book": 29,
        "chapter": 2,
        "verse": 14,
        "text": "#    \n        Jon 3:9.  Qui sait s’il ne reviendra pas et ne se repentira pas,"
      },
      {
        "book_name": "Joel",
        "book": 29,
        "chapter": 2,
        "verse": 14,
        "text": "Et s’il ne laissera pas après lui la bénédiction,"
      },
      {
        "book_name": "Joel",
        "book": 29,
        "chapter": 2,
        "verse": 14,
        "text": "Des offrandes et des libations pour l’Éternel, votre Dieu?"
      },
      {
        "book_name": "Joel",
        "book": 29,
        "chapter": 2,
        "verse": 15,
        "text": "Sonnez de la trompette en Sion!"
      },
      {
        "book_name": "Joel",
        "book": 29,
        "chapter": 2,
        "verse": 15,
        "text": "#    \n        Joë 1:14.  Publiez un jeûne, une convocation solennelle!"
      },
      {
        "book_name": "Joel",
        "book": 29,
        "chapter": 2,
        "verse": 16,
        "text": "Assemblez le peuple, formez une sainte réunion!"
      },
      {
        "book_name": "Joel",
        "book": 29,
        "chapter": 2,
        "verse": 16,
        "text": "Assemblez les vieillards,"
      },
      {
        "book_name": "Joel",
        "book": 29,
        "chapter": 2,
        "verse": 16,
        "text": "Assemblez les enfants,"
      },
      {
        "book_name": "Joel",
        "book": 29,
        "chapter": 2,
        "verse": 16,
        "text": "Même les nourrissons à la mamelle!"
      },
      {
        "book_name": "Joel",
        "book": 29,
        "chapter": 2,
        "verse": 16,
        "text": "Que l’époux sorte de sa demeure,"
      },
      {
        "book_name": "Joel",
        "book": 29,
        "chapter": 2,
        "verse": 16,
        "text": "Et l’épouse de sa chambre!"
      },
      {
        "book_name": "Joel",
        "book": 29,
        "chapter": 2,
        "verse": 17,
        "text": "Qu’entre le portique et l’autel"
      },
      {
        "book_name": "Joel",
        "book": 29,
        "chapter": 2,
        "verse": 17,
        "text": "Pleurent les sacrificateurs, Serviteurs de l’Éternel,"
      },
      {
        "book_name": "Joel",
        "book": 29,
        "chapter": 2,
        "verse": 17,
        "text": "Et qu’ils disent: Éternel, épargne ton peuple!"
      },
      {
        "book_name": "Joel",
        "book": 29,
        "chapter": 2,
        "verse": 17,
        "text": "Ne livre pas ton héritage à l’opprobre,"
      },
      {
        "book_name": "Joel",
        "book": 29,
        "chapter": 2,
        "verse": 17,
        "text": "Aux railleries des nations!"
      },
      {
        "book_name": "Joel",
        "book": 29,
        "chapter": 2,
        "verse": 17,
        "text": "Pourquoi dirait-on parmi les peuples:"
      },
      {
        "book_name": "Joel",
        "book": 29,
        "chapter": 2,
        "verse": 17,
        "text": "#    \n        Ps 42:11; 79:10; 115:2.  Où est leur Dieu?"
      },
      {
        "book_name": "Joel",
        "book": 29,
        "chapter": 2,
        "verse": 18,
        "text": "L’Éternel est ému de jalousie pour son pays,"
      },
      {
        "book_name": "Joel",
        "book": 29,
        "chapter": 2,
        "verse": 18,
        "text": "Et il épargne son peuple."
      },
      {
        "book_name": "Joel",
        "book": 29,
        "chapter": 2,
        "verse": 19,
        "text": "L’Éternel répond, il dit à son peuple:"
      },
      {
        "book_name": "Joel",
        "book": 29,
        "chapter": 2,
        "verse": 19,
        "text": "Voici, je vous enverrai du blé,"
      },
      {
        "book_name": "Joel",
        "book": 29,
        "chapter": 2,
        "verse": 19,
        "text": "Du moût et de l’huile,"
      },
      {
        "book_name": "Joel",
        "book": 29,
        "chapter": 2,
        "verse": 19,
        "text": "Et vous en serez rassasiés;"
      },
      {
        "book_name": "Joel",
        "book": 29,
        "chapter": 2,
        "verse": 19,
        "text": "Et je ne vous livrerai plus à l’opprobre parmi les nations."
      },
      {
        "book_name": "Joel",
        "book": 29,
        "chapter": 2,
        "verse": 20,
        "text": "J’éloignerai de vous l’ennemi du nord,"
      },
      {
        "book_name": "Joel",
        "book": 29,
        "chapter": 2,
        "verse": 20,
        "text": "Je le chasserai vers une terre aride et déserte,"
      },
      {
        "book_name": "Joel",
        "book": 29,
        "chapter": 2,
        "verse": 20,
        "text": "Son avant-garde dans la mer orientale,"
      },
      {
        "book_name": "Joel",
        "book": 29,
        "chapter": 2,
        "verse": 20,
        "text": "Son arrière-garde dans la mer occidentale;"
      },
      {
        "book_name": "Joel",
        "book": 29,
        "chapter": 2,
        "verse": 20,
        "text": "Et son infection se répandra,"
      },
      {
        "book_name": "Joel",
        "book": 29,
        "chapter": 2,
        "verse": 20,
        "text": "Sa puanteur s’élèvera dans les airs,"
      },
      {
        "book_name": "Joel",
        "book": 29,
        "chapter": 2,
        "verse": 20,
        "text": "Parce qu’il a fait de grandes choses."
      },
      {
        "book_name": "Joel",
        "book": 29,
        "chapter": 2,
        "verse": 21,
        "text": "Terre, ne crains pas,"
      },
      {
        "book_name": "Joel",
        "book": 29,
        "chapter": 2,
        "verse": 21,
        "text": "Sois dans l’allégresse et réjouis-toi,"
      },
      {
        "book_name": "Joel",
        "book": 29,
        "chapter": 2,
        "verse": 21,
        "text": "Car l’Éternel fait de grandes choses!"
      },
      {
        "book_name": "Joel",
        "book": 29,
        "chapter": 2,
        "verse": 22,
        "text": "Bêtes des champs, ne craignez pas,"
      },
      {
        "book_name": "Joel",
        "book": 29,
        "chapter": 2,
        "verse": 22,
        "text": "Car les plaines du désert reverdiront,"
      },
      {
        "book_name": "Joel",
        "book": 29,
        "chapter": 2,
        "verse": 22,
        "text": "Car les arbres porteront leurs fruits,"
      },
      {
        "book_name": "Joel",
        "book": 29,
        "chapter": 2,
        "verse": 22,
        "text": "Le figuier et la vigne donneront leurs richesses."
      },
      {
        "book_name": "Joel",
        "book": 29,
        "chapter": 2,
        "verse": 23,
        "text": "Et vous, enfants de Sion, soyez dans l’allégresse et réjouissez-vous"
      },
      {
        "book_name": "Joel",
        "book": 29,
        "chapter": 2,
        "verse": 23,
        "text": "En l’Éternel, votre Dieu,"
      },
      {
        "book_name": "Joel",
        "book": 29,
        "chapter": 2,
        "verse": 23,
        "text": "Car il vous donnera la pluie en son temps,"
      },
      {
        "book_name": "Joel",
        "book": 29,
        "chapter": 2,
        "verse": 23,
        "text": "Il vous enverra la pluie de la première et de l’arrière-saison,"
      },
      {
        "book_name": "Joel",
        "book": 29,
        "chapter": 2,
        "verse": 23,
        "text": "Comme autrefois."
      },
      {
        "book_name": "Joel",
        "book": 29,
        "chapter": 2,
        "verse": 24,
        "text": "Les aires se rempliront de blé,"
      },
      {
        "book_name": "Joel",
        "book": 29,
        "chapter": 2,
        "verse": 24,
        "text": "Et les cuves regorgeront de moût et d’huile."
      },
      {
        "book_name": "Joel",
        "book": 29,
        "chapter": 2,
        "verse": 25,
        "text": "Je vous remplacerai les années"
      },
      {
        "book_name": "Joel",
        "book": 29,
        "chapter": 2,
        "verse": 25,
        "text": "Qu’ont dévorées la #Joë 1:14.sauterelle,"
      },
      {
        "book_name": "Joel",
        "book": 29,
        "chapter": 2,
        "verse": 25,
        "text": "Le jélek, le hasil et le gazam,"
      },
      {
        "book_name": "Joel",
        "book": 29,
        "chapter": 2,
        "verse": 25,
        "text": "Ma grande armée que j’avais envoyée contre vous."
      },
      {
        "book_name": "Joel",
        "book": 29,
        "chapter": 2,
        "verse": 26,
        "text": "Vous mangerez et vous vous rassasierez,"
      },
      {
        "book_name": "Joel",
        "book": 29,
        "chapter": 2,
        "verse": 26,
        "text": "Et vous célébrerez le nom de l’Éternel, votre Dieu,"
      },
      {
        "book_name": "Joel",
        "book": 29,
        "chapter": 2,
        "verse": 26,
        "text": "Qui aura fait pour vous des prodiges;"
      },
      {
        "book_name": "Joel",
        "book": 29,
        "chapter": 2,
        "verse": 26,
        "text": "Et mon peuple ne sera plus jamais dans la confusion."
      },
      {
        "book_name": "Joel",
        "book": 29,
        "chapter": 2,
        "verse": 27,
        "text": "Et vous saurez que je suis au milieu d’Israël,"
      },
      {
        "book_name": "Joel",
        "book": 29,
        "chapter": 2,
        "verse": 27,
        "text": "Que je suis l’Éternel, votre Dieu, et qu’il n’y en a point d’autre,"
      },
      {
        "book_name": "Joel",
        "book": 29,
        "chapter": 2,
        "verse": 27,
        "text": "Et mon peuple ne sera plus jamais dans la confusion."
      },
      {
        "book_name": "Joel",
        "book": 29,
        "chapter": 2,
        "verse": 28,
        "text": "Après cela, je répandrai mon #És 44:3. Éz 39:29. Ac 2:17.esprit sur toute chair;"
      },
      {
        "book_name": "Joel",
        "book": 29,
        "chapter": 2,
        "verse": 28,
        "text": "Vos fils et vos filles prophétiseront,"
      },
      {
        "book_name": "Joel",
        "book": 29,
        "chapter": 2,
        "verse": 28,
        "text": "Vos vieillards auront des songes,"
      },
      {
        "book_name": "Joel",
        "book": 29,
        "chapter": 2,
        "verse": 28,
        "text": "Et vos jeunes gens des visions."
      },
      {
        "book_name": "Joel",
        "book": 29,
        "chapter": 2,
        "verse": 29,
        "text": "Même sur les serviteurs et sur les servantes,"
      },
      {
        "book_name": "Joel",
        "book": 29,
        "chapter": 2,
        "verse": 29,
        "text": "Dans ces jours-là, je répandrai mon esprit."
      },
      {
        "book_name": "Joel",
        "book": 29,
        "chapter": 2,
        "verse": 30,
        "text": "Je ferai paraître des prodiges dans les cieux et sur la terre,"
      },
      {
        "book_name": "Joel",
        "book": 29,
        "chapter": 2,
        "verse": 30,
        "text": "Du sang, du feu, et des colonnes de fumée;"
      },
      {
        "book_name": "Joel",
        "book": 29,
        "chapter": 2,
        "verse": 31,
        "text": "#    \n        Joë 3:15.  Le soleil se changera en ténèbres,"
      },
      {
        "book_name": "Joel",
        "book": 29,
        "chapter": 2,
        "verse": 31,
        "text": "Et la lune en sang,"
      },
      {
        "book_name": "Joel",
        "book": 29,
        "chapter": 2,
        "verse": 31,
        "text": "Avant l’arrivée du jour de l’Éternel,"
      },
      {
        "book_name": "Joel",
        "book": 29,
        "chapter": 2,
        "verse": 31,
        "text": "De ce jour grand et terrible."
      },
      {
        "book_name": "Joel",
        "book": 29,
        "chapter": 2,
        "verse": 32,
        "text": "#    \n        Ro 10:13.  Alors quiconque invoquera le nom de l’Éternel sera sauvé;"
      },
      {
        "book_name": "Joel",
        "book": 29,
        "chapter": 2,
        "verse": 32,
        "text": "Le salut sera sur la #Ab v. 17.montagne de Sion et à Jérusalem,"
      },
      {
        "book_name": "Joel",
        "book": 29,
        "chapter": 2,
        "verse": 32,
        "text": "Comme a dit l’Éternel,"
      },
      {
        "book_name": "Joel",
        "book": 29,
        "chapter": 2,
        "verse": 32,
        "text": "Et parmi les réchappés que l’Éternel appellera."
      }
    ],
    "3": [
      {
        "book_name": "Joel",
        "book": 29,
        "chapter": 3,
        "verse": 1,
        "text": "Le jugement des nationsV. 1-17: cf. 2 Ch 20:1-30. (Za 12:1-9, 14. Ap 14:14-20.)  1Car voici, en ces jours, en ce temps-là,Quand je ramènerai les captifs de Juda et de Jérusalem,  2Je rassemblerai toutes les nations,Et je les ferai descendre dans la vallée de Josaphat;Là, j’entrerai en jugement avec elles,Au sujet de mon peuple, d’Israël, mon héritage,Qu’elles ont dispersé parmi les nations,Et au sujet de mon pays qu’elles se sont partagé.  3Ils ont tiré mon peuple au sort;Ils ont donné le jeune garçon pour une prostituée,Ils ont vendu la jeune fille pour du vin, et ils ont bu.  4Que me voulez-vous, Tyr et Sidon,Et vous tous, districts des Philistins?Voulez-vous tirer vengeance de moi?Si vous voulez vous venger,Je ferai bien vite retomber votre vengeance sur vos têtes.  5Vous avez pris mon argent et mon or;Et ce que j’avais de plus précieux et de plus beau,Vous l’avez emporté dans vos temples.  6Vous avez vendu les enfants de Juda et de Jérusalem aux enfants de Javan,Afin de les éloigner de leur territoire.  7Voici, je les ferai revenir du lieu où vous les avez vendus,Et je ferai retomber votre vengeance sur vos têtes.  8Je vendrai vos fils et vos filles aux enfants de Juda,Et ils les vendront aux Sabéens, nation lointaine;Car l’Éternel a parlé.  9Publiez ces choses parmi les nations!Préparez la guerre!Réveillez les héros!Qu’ils s’approchent, qu’ils montent,Tous les hommes de guerre!  10De vos hoyaux forgez des épées,Et de vos serpes des lances!Que le faible dise: Je suis fort!  11Hâtez-vous et venez, vous toutes, nations d’alentour,Et rassemblez-vous!Là, ô Éternel, fais descendre tes héros!  12Que les nations se réveillent, et qu’elles montentVers la vallée de Josaphat!Car là je siégerai pour juger toutes les nations d’alentour.  13  #    \n        Ap 14:15.  Saisissez la faucille,Car la moisson est mûre!Venez, foulez,Car le pressoir est plein,Les cuves regorgent!Car grande est leur méchanceté,  14C’est une multitude, une multitude,Dans la vallée du jugement;Car le jour de l’Éternel est proche,Dans la vallée du jugement.  15  #    \n        Joë 2:10, 31.  Le soleil et la lune s’obscurcissent,Et les étoiles retirent leur éclat.  16De Sion l’Éternel rugit,De Jérusalem il fait entendre sa voix;Les cieux et la terre sont ébranlés.Mais l’Éternel est un refuge pour son peuple,Un abri pour les enfants d’Israël.  17Et vous saurez que je suis l’Éternel, votre Dieu,Résidant à Sion, ma sainte montagne.Jérusalem sera sainte,  #    \n        Ap 21:27.  Et les étrangers n’y passeront plus.V. 18-21: cf. Éz 47:1-12; 48:35. Am 9:13-15.  18En ce temps-là, #Am 9:13.le moût ruissellera des montagnes,Le lait coulera des collines,Et il y aura de l’eau dans tous les torrents de Juda;Une source sortira aussi de la maison de l’Éternel,Et arrosera la vallée de Sittim.  19L’Égypte sera dévastée,Édom sera réduit en désert,A cause des violences contre les enfants de Juda,Dont ils ont répandu le sang innocent dans leur pays.  20Mais Juda sera toujours habité,Et Jérusalem, de génération en génération.  21Je vengerai leur sang que je n’ai point encore vengé,Et L’Éternel résidera dans Sion."
      },
      {
        "book_name": "Joel",
        "book": 29,
        "chapter": 3,
        "verse": 1,
        "text": "Car voici, en ces jours, en ce temps-là,"
      },
      {
        "book_name": "Joel",
        "book": 29,
        "chapter": 3,
        "verse": 1,
        "text": "Quand je ramènerai les captifs de Juda et de Jérusalem,"
      },
      {
        "book_name": "Joel",
        "book": 29,
        "chapter": 3,
        "verse": 2,
        "text": "Je rassemblerai toutes les nations,"
      },
      {
        "book_name": "Joel",
        "book": 29,
        "chapter": 3,
        "verse": 2,
        "text": "Et je les ferai descendre dans la vallée de Josaphat;"
      },
      {
        "book_name": "Joel",
        "book": 29,
        "chapter": 3,
        "verse": 2,
        "text": "Là, j’entrerai en jugement avec elles,"
      },
      {
        "book_name": "Joel",
        "book": 29,
        "chapter": 3,
        "verse": 2,
        "text": "Au sujet de mon peuple, d’Israël, mon héritage,"
      },
      {
        "book_name": "Joel",
        "book": 29,
        "chapter": 3,
        "verse": 2,
        "text": "Qu’elles ont dispersé parmi les nations,"
      },
      {
        "book_name": "Joel",
        "book": 29,
        "chapter": 3,
        "verse": 2,
        "text": "Et au sujet de mon pays qu’elles se sont partagé."
      },
      {
        "book_name": "Joel",
        "book": 29,
        "chapter": 3,
        "verse": 3,
        "text": "Ils ont tiré mon peuple au sort;"
      },
      {
        "book_name": "Joel",
        "book": 29,
        "chapter": 3,
        "verse": 3,
        "text": "Ils ont donné le jeune garçon pour une prostituée,"
      },
      {
        "book_name": "Joel",
        "book": 29,
        "chapter": 3,
        "verse": 3,
        "text": "Ils ont vendu la jeune fille pour du vin, et ils ont bu."
      },
      {
        "book_name": "Joel",
        "book": 29,
        "chapter": 3,
        "verse": 4,
        "text": "Que me voulez-vous, Tyr et Sidon,"
      },
      {
        "book_name": "Joel",
        "book": 29,
        "chapter": 3,
        "verse": 4,
        "text": "Et vous tous, districts des Philistins?"
      },
      {
        "book_name": "Joel",
        "book": 29,
        "chapter": 3,
        "verse": 4,
        "text": "Voulez-vous tirer vengeance de moi?"
      },
      {
        "book_name": "Joel",
        "book": 29,
        "chapter": 3,
        "verse": 4,
        "text": "Si vous voulez vous venger,"
      },
      {
        "book_name": "Joel",
        "book": 29,
        "chapter": 3,
        "verse": 4,
        "text": "Je ferai bien vite retomber votre vengeance sur vos têtes."
      },
      {
        "book_name": "Joel",
        "book": 29,
        "chapter": 3,
        "verse": 5,
        "text": "Vous avez pris mon argent et mon or;"
      },
      {
        "book_name": "Joel",
        "book": 29,
        "chapter": 3,
        "verse": 5,
        "text": "Et ce que j’avais de plus précieux et de plus beau,"
      },
      {
        "book_name": "Joel",
        "book": 29,
        "chapter": 3,
        "verse": 5,
        "text": "Vous l’avez emporté dans vos temples."
      },
      {
        "book_name": "Joel",
        "book": 29,
        "chapter": 3,
        "verse": 6,
        "text": "Vous avez vendu les enfants de Juda et de Jérusalem aux enfants de Javan,"
      },
      {
        "book_name": "Joel",
        "book": 29,
        "chapter": 3,
        "verse": 6,
        "text": "Afin de les éloigner de leur territoire."
      },
      {
        "book_name": "Joel",
        "book": 29,
        "chapter": 3,
        "verse": 7,
        "text": "Voici, je les ferai revenir du lieu où vous les avez vendus,"
      },
      {
        "book_name": "Joel",
        "book": 29,
        "chapter": 3,
        "verse": 7,
        "text": "Et je ferai retomber votre vengeance sur vos têtes."
      },
      {
        "book_name": "Joel",
        "book": 29,
        "chapter": 3,
        "verse": 8,
        "text": "Je vendrai vos fils et vos filles aux enfants de Juda,"
      },
      {
        "book_name": "Joel",
        "book": 29,
        "chapter": 3,
        "verse": 8,
        "text": "Et ils les vendront aux Sabéens, nation lointaine;"
      },
      {
        "book_name": "Joel",
        "book": 29,
        "chapter": 3,
        "verse": 8,
        "text": "Car l’Éternel a parlé."
      },
      {
        "book_name": "Joel",
        "book": 29,
        "chapter": 3,
        "verse": 9,
        "text": "Publiez ces choses parmi les nations!"
      },
      {
        "book_name": "Joel",
        "book": 29,
        "chapter": 3,
        "verse": 9,
        "text": "Préparez la guerre!"
      },
      {
        "book_name": "Joel",
        "book": 29,
        "chapter": 3,
        "verse": 9,
        "text": "Réveillez les héros!"
      },
      {
        "book_name": "Joel",
        "book": 29,
        "chapter": 3,
        "verse": 9,
        "text": "Qu’ils s’approchent, qu’ils montent,"
      },
      {
        "book_name": "Joel",
        "book": 29,
        "chapter": 3,
        "verse": 9,
        "text": "Tous les hommes de guerre!"
      },
      {
        "book_name": "Joel",
        "book": 29,
        "chapter": 3,
        "verse": 10,
        "text": "De vos hoyaux forgez des épées,"
      },
      {
        "book_name": "Joel",
        "book": 29,
        "chapter": 3,
        "verse": 10,
        "text": "Et de vos serpes des lances!"
      },
      {
        "book_name": "Joel",
        "book": 29,
        "chapter": 3,
        "verse": 10,
        "text": "Que le faible dise: Je suis fort!"
      },
      {
        "book_name": "Joel",
        "book": 29,
        "chapter": 3,
        "verse": 11,
        "text": "Hâtez-vous et venez, vous toutes, nations d’alentour,"
      },
      {
        "book_name": "Joel",
        "book": 29,
        "chapter": 3,
        "verse": 11,
        "text": "Et rassemblez-vous!"
      },
      {
        "book_name": "Joel",
        "book": 29,
        "chapter": 3,
        "verse": 11,
        "text": "Là, ô Éternel, fais descendre tes héros!"
      },
      {
        "book_name": "Joel",
        "book": 29,
        "chapter": 3,
        "verse": 12,
        "text": "Que les nations se réveillent, et qu’elles montent"
      },
      {
        "book_name": "Joel",
        "book": 29,
        "chapter": 3,
        "verse": 12,
        "text": "Vers la vallée de Josaphat!"
      },
      {
        "book_name": "Joel",
        "book": 29,
        "chapter": 3,
        "verse": 12,
        "text": "Car là je siégerai pour juger toutes les nations d’alentour."
      },
      {
        "book_name": "Joel",
        "book": 29,
        "chapter": 3,
        "verse": 13,
        "text": "#    \n        Ap 14:15.  Saisissez la faucille,"
      },
      {
        "book_name": "Joel",
        "book": 29,
        "chapter": 3,
        "verse": 13,
        "text": "Car la moisson est mûre!"
      },
      {
        "book_name": "Joel",
        "book": 29,
        "chapter": 3,
        "verse": 13,
        "text": "Venez, foulez,"
      },
      {
        "book_name": "Joel",
        "book": 29,
        "chapter": 3,
        "verse": 13,
        "text": "Car le pressoir est plein,"
      },
      {
        "book_name": "Joel",
        "book": 29,
        "chapter": 3,
        "verse": 13,
        "text": "Les cuves regorgent!"
      },
      {
        "book_name": "Joel",
        "book": 29,
        "chapter": 3,
        "verse": 13,
        "text": "Car grande est leur méchanceté,"
      },
      {
        "book_name": "Joel",
        "book": 29,
        "chapter": 3,
        "verse": 14,
        "text": "C’est une multitude, une multitude,"
      },
      {
        "book_name": "Joel",
        "book": 29,
        "chapter": 3,
        "verse": 14,
        "text": "Dans la vallée du jugement;"
      },
      {
        "book_name": "Joel",
        "book": 29,
        "chapter": 3,
        "verse": 14,
        "text": "Car le jour de l’Éternel est proche,"
      },
      {
        "book_name": "Joel",
        "book": 29,
        "chapter": 3,
        "verse": 14,
        "text": "Dans la vallée du jugement."
      },
      {
        "book_name": "Joel",
        "book": 29,
        "chapter": 3,
        "verse": 15,
        "text": "#    \n        Joë 2:10, 31.  Le soleil et la lune s’obscurcissent,"
      },
      {
        "book_name": "Joel",
        "book": 29,
        "chapter": 3,
        "verse": 15,
        "text": "Et les étoiles retirent leur éclat."
      },
      {
        "book_name": "Joel",
        "book": 29,
        "chapter": 3,
        "verse": 16,
        "text": "De Sion l’Éternel rugit,"
      },
      {
        "book_name": "Joel",
        "book": 29,
        "chapter": 3,
        "verse": 16,
        "text": "De Jérusalem il fait entendre sa voix;"
      },
      {
        "book_name": "Joel",
        "book": 29,
        "chapter": 3,
        "verse": 16,
        "text": "Les cieux et la terre sont ébranlés."
      },
      {
        "book_name": "Joel",
        "book": 29,
        "chapter": 3,
        "verse": 16,
        "text": "Mais l’Éternel est un refuge pour son peuple,"
      },
      {
        "book_name": "Joel",
        "book": 29,
        "chapter": 3,
        "verse": 16,
        "text": "Un abri pour les enfants d’Israël."
      },
      {
        "book_name": "Joel",
        "book": 29,
        "chapter": 3,
        "verse": 17,
        "text": "Et vous saurez que je suis l’Éternel, votre Dieu,"
      },
      {
        "book_name": "Joel",
        "book": 29,
        "chapter": 3,
        "verse": 17,
        "text": "Résidant à Sion, ma sainte montagne."
      },
      {
        "book_name": "Joel",
        "book": 29,
        "chapter": 3,
        "verse": 17,
        "text": "Jérusalem sera sainte,"
      },
      {
        "book_name": "Joel",
        "book": 29,
        "chapter": 3,
        "verse": 17,
        "text": "#    \n        Ap 21:27.  Et les étrangers n’y passeront plus."
      },
      {
        "book_name": "Joel",
        "book": 29,
        "chapter": 3,
        "verse": 18,
        "text": "En ce temps-là, #Am 9:13.le moût ruissellera des montagnes,"
      },
      {
        "book_name": "Joel",
        "book": 29,
        "chapter": 3,
        "verse": 18,
        "text": "Le lait coulera des collines,"
      },
      {
        "book_name": "Joel",
        "book": 29,
        "chapter": 3,
        "verse": 18,
        "text": "Et il y aura de l’eau dans tous les torrents de Juda;"
      },
      {
        "book_name": "Joel",
        "book": 29,
        "chapter": 3,
        "verse": 18,
        "text": "Une source sortira aussi de la maison de l’Éternel,"
      },
      {
        "book_name": "Joel",
        "book": 29,
        "chapter": 3,
        "verse": 18,
        "text": "Et arrosera la vallée de Sittim."
      },
      {
        "book_name": "Joel",
        "book": 29,
        "chapter": 3,
        "verse": 19,
        "text": "L’Égypte sera dévastée,"
      },
      {
        "book_name": "Joel",
        "book": 29,
        "chapter": 3,
        "verse": 19,
        "text": "Édom sera réduit en désert,"
      },
      {
        "book_name": "Joel",
        "book": 29,
        "chapter": 3,
        "verse": 19,
        "text": "A cause des violences contre les enfants de Juda,"
      },
      {
        "book_name": "Joel",
        "book": 29,
        "chapter": 3,
        "verse": 19,
        "text": "Dont ils ont répandu le sang innocent dans leur pays."
      },
      {
        "book_name": "Joel",
        "book": 29,
        "chapter": 3,
        "verse": 20,
        "text": "Mais Juda sera toujours habité,"
      },
      {
        "book_name": "Joel",
        "book": 29,
        "chapter": 3,
        "verse": 20,
        "text": "Et Jérusalem, de génération en génération."
      },
      {
        "book_name": "Joel",
        "book": 29,
        "chapter": 3,
        "verse": 21,
        "text": "Je vengerai leur sang que je n’ai point encore vengé,"
      },
      {
        "book_name": "Joel",
        "book": 29,
        "chapter": 3,
        "verse": 21,
        "text": "Et L’Éternel résidera dans Sion."
      }
    ]
  }
}