{
  "source": "bible.com",
  "version": "Luis Segond (1910)",
  "book": "Jona",
  "chapters": {
    "1": [
      {
        "book_name": "Jona",
        "book": 32,
        "chapter": 1,
        "verse": 1,
        "text": "Vocation de Jonas; fuite et punitionV. 1-3: cf. 2 R 14:25. (Jon 4:2. Ps 139:7-10.)  1La parole de l’Éternel fut adressée à Jonas, fils d’Amitthaï, en ces mots: 2Lève-toi, va à #Ge 10:11, 12. Jon 3:3.Ninive, la grande ville, et crie contre elle! Car sa méchanceté est montée jusqu’à moi. 3Et Jonas se leva pour s’enfuir à Tarsis, loin de la face de l’Éternel. Il descendit à Japho, et il trouva un navire qui allait à Tarsis; il paya le prix du transport, et s’embarqua pour aller avec les passagers à Tarsis, loin de la face de l’Éternel.V. 4-16: cf. Ps 107:23-32. (Job 9:4. Ps 32:9. Ac 26:14.) Ro 2:17-24.  4Mais l’Éternel fit souffler sur la mer un vent impétueux, et il s’éleva sur la mer une grande tempête. Le navire menaçait de faire naufrage. 5Les mariniers eurent peur, ils implorèrent chacun leur dieu, et ils jetèrent dans la mer les objets qui étaient sur le navire, afin de se le rendre plus léger. Jonas descendit au fond du navire, se coucha, et s’endormit profondément. 6Le pilote s’approcha de lui, et lui dit: Pourquoi dors-tu? Lève-toi, invoque ton Dieu! Peut-être voudra-t-il penser à nous, et nous ne périrons pas. 7Et ils se dirent l’un à l’autre: Venez, et tirons au sort, pour savoir qui nous attire ce malheur. Ils tirèrent au sort, et le sort tomba sur Jonas. 8Alors ils lui dirent: Dis-nous qui nous attire ce malheur. Quelles sont tes affaires, et d’où viens-tu? Quel est ton pays, et de quel peuple es-tu? 9Il leur répondit: Je suis Hébreu, et je crains l’Éternel, le Dieu des cieux, qui a fait la mer et la terre. 10Ces hommes eurent une grande frayeur, et ils lui dirent: Pourquoi as-tu fait cela? Car ces hommes savaient qu’il fuyait loin de la face de l’Éternel, parce qu’il le leur avait déclaré. 11Ils lui dirent: Que te ferons-nous, pour que la mer se calme envers nous? Car la mer était de plus en plus orageuse. 12Il leur répondit: Prenez-moi, et jetez-moi dans la mer, et la mer se calmera envers vous; car je sais que c’est moi qui attire sur vous cette grande tempête. 13Ces hommes ramaient pour gagner la terre, mais ils ne le purent, parce que la mer s’agitait toujours plus contre eux. 14Alors ils invoquèrent l’Éternel, et dirent: O Éternel, ne nous fais pas périr à cause de la vie de cet homme, et ne nous charge pas du sang innocent! Car toi, Éternel, tu fais ce que tu veux. 15Puis ils prirent Jonas, et le jetèrent dans la mer. Et la fureur de la mer s’apaisa. 16Ces hommes furent saisis d’une grande crainte de l’Éternel, et ils offrirent un sacrifice à l’Éternel, et firent des vœux."
      },
      {
        "book_name": "Jona",
        "book": 32,
        "chapter": 1,
        "verse": 1,
        "text": "La parole de l’Éternel fut adressée à Jonas, fils d’Amitthaï, en ces mots:"
      },
      {
        "book_name": "Jona",
        "book": 32,
        "chapter": 1,
        "verse": 2,
        "text": "Lève-toi, va à #Ge 10:11, 12. Jon 3:3.Ninive, la grande ville, et crie contre elle! Car sa méchanceté est montée jusqu’à moi."
      },
      {
        "book_name": "Jona",
        "book": 32,
        "chapter": 1,
        "verse": 3,
        "text": "Et Jonas se leva pour s’enfuir à Tarsis, loin de la face de l’Éternel. Il descendit à Japho, et il trouva un navire qui allait à Tarsis; il paya le prix du transport, et s’embarqua pour aller avec les passagers à Tarsis, loin de la face de l’Éternel."
      },
      {
        "book_name": "Jona",
        "book": 32,
        "chapter": 1,
        "verse": 4,
        "text": "Mais l’Éternel fit souffler sur la mer un vent impétueux, et il s’éleva sur la mer une grande tempête. Le navire menaçait de faire naufrage."
      },
      {
        "book_name": "Jona",
        "book": 32,
        "chapter": 1,
        "verse": 5,
        "text": "Les mariniers eurent peur, ils implorèrent chacun leur dieu, et ils jetèrent dans la mer les objets qui étaient sur le navire, afin de se le rendre plus léger. Jonas descendit au fond du navire, se coucha, et s’endormit profondément."
      },
      {
        "book_name": "Jona",
        "book": 32,
        "chapter": 1,
        "verse": 6,
        "text": "Le pilote s’approcha de lui, et lui dit: Pourquoi dors-tu? Lève-toi, invoque ton Dieu! Peut-être voudra-t-il penser à nous, et nous ne périrons pas."
      },
      {
        "book_name": "Jona",
        "book": 32,
        "chapter": 1,
        "verse": 7,
        "text": "Et ils se dirent l’un à l’autre: Venez, et tirons au sort, pour savoir qui nous attire ce malheur. Ils tirèrent au sort, et le sort tomba sur Jonas."
      },
      {
        "book_name": "Jona",
        "book": 32,
        "chapter": 1,
        "verse": 8,
        "text": "Alors ils lui dirent: Dis-nous qui nous attire ce malheur. Quelles sont tes affaires, et d’où viens-tu? Quel est ton pays, et de quel peuple es-tu?"
      },
      {
        "book_name": "Jona",
        "book": 32,
        "chapter": 1,
        "verse": 9,
        "text": "Il leur répondit: Je suis Hébreu, et je crains l’Éternel, le Dieu des cieux, qui a fait la mer et la terre."
      },
      {
        "book_name": "Jona",
        "book": 32,
        "chapter": 1,
        "verse": 10,
        "text": "Ces hommes eurent une grande frayeur, et ils lui dirent: Pourquoi as-tu fait cela? Car ces hommes savaient qu’il fuyait loin de la face de l’Éternel, parce qu’il le leur avait déclaré."
      },
      {
        "book_name": "Jona",
        "book": 32,
        "chapter": 1,
        "verse": 11,
        "text": "Ils lui dirent: Que te ferons-nous, pour que la mer se calme envers nous? Car la mer était de plus en plus orageuse."
      },
      {
        "book_name": "Jona",
        "book": 32,
        "chapter": 1,
        "verse": 12,
        "text": "Il leur répondit: Prenez-moi, et jetez-moi dans la mer, et la mer se calmera envers vous; car je sais que c’est moi qui attire sur vous cette grande tempête."
      },
      {
        "book_name": "Jona",
        "book": 32,
        "chapter": 1,
        "verse": 13,
        "text": "Ces hommes ramaient pour gagner la terre, mais ils ne le purent, parce que la mer s’agitait toujours plus contre eux."
      },
      {
        "book_name": "Jona",
        "book": 32,
        "chapter": 1,
        "verse": 14,
        "text": "Alors ils invoquèrent l’Éternel, et dirent: O Éternel, ne nous fais pas périr à cause de la vie de cet homme, et ne nous charge pas du sang innocent! Car toi, Éternel, tu fais ce que tu veux."
      },
      {
        "book_name": "Jona",
        "book": 32,
        "chapter": 1,
        "verse": 15,
        "text": "Puis ils prirent Jonas, et le jetèrent dans la mer. Et la fureur de la mer s’apaisa."
      },
      {
        "book_name": "Jona",
        "book": 32,
        "chapter": 1,
        "verse": 16,
        "text": "Ces hommes furent saisis d’une grande crainte de l’Éternel, et ils offrirent un sacrifice à l’Éternel, et firent des vœux."
      }
    ],
    "2": [
      {
        "book_name": "Jona",
        "book": 32,
        "chapter": 2,
        "verse": 1,
        "text": "Jonas dans le ventre d’un poisson. Prière et délivranceV. 1-11: cf. Mt 12:38-40. És 38:9, etc. Da 4:37.  1L’Éternel fit venir un grand poisson pour engloutir Jonas, et Jonas fut dans le ventre du poisson #Mt 12:40; 16:4. Lu 11:30.trois jours et trois nuits. 2Jonas, dans le ventre du poisson, pria l’Éternel, son Dieu. 3Il dit:  #    \n        Ps 120:1.  Dans ma détresse, j’ai invoqué l’Éternel,Et il m’a exaucé;Du sein du séjour des morts j’ai crié,Et tu as entendu ma voix.  4Tu m’as jeté dans l’abîme, dans le cœur de la mer,Et les courants d’eau m’ont environné;Toutes tes #Ps 42:8.vagues et tous tes flots ont passé sur moi.  5Je disais: Je suis chassé loin de ton regard!Mais je verrai encore ton saint temple.  6Les eaux m’ont couvert jusqu’à m’ôter la vie,L’abîme m’a enveloppé,Les roseaux ont entouré ma tête.  7Je suis descendu jusqu’aux racines des montagnes,Les barres de la terre m’enfermaient pour toujours;Mais tu m’as fait remonter vivant de la fosse,Éternel, mon Dieu!  8Quand mon âme était abattue au-dedans de moi,Je me suis souvenu de l’Éternel,Et ma prière est parvenue jusqu’à toi,Dans ton saint temple.  9Ceux qui s’attachent à de vaines idolesÉloignent d’eux la miséricorde.  10Pour moi, je t’offrirai des sacrifices avec un cri d’actions de #Ps 50:14, 23; 116:17. Os 14:3. Hé 13:15.grâces,J’accomplirai les vœux que j’ai faits:  #    \n        Ps 3:9.  Le salut vient de l’Éternel.  11L’Éternel parla au poisson, et le poisson vomit Jonas sur la terre."
      },
      {
        "book_name": "Jona",
        "book": 32,
        "chapter": 2,
        "verse": 1,
        "text": "L’Éternel fit venir un grand poisson pour engloutir Jonas, et Jonas fut dans le ventre du poisson #Mt 12:40; 16:4. Lu 11:30.trois jours et trois nuits."
      },
      {
        "book_name": "Jona",
        "book": 32,
        "chapter": 2,
        "verse": 2,
        "text": "Jonas, dans le ventre du poisson, pria l’Éternel, son Dieu."
      },
      {
        "book_name": "Jona",
        "book": 32,
        "chapter": 2,
        "verse": 3,
        "text": "Il dit:"
      },
      {
        "book_name": "Jona",
        "book": 32,
        "chapter": 2,
        "verse": 3,
        "text": "#    \n        Ps 120:1.  Dans ma détresse, j’ai invoqué l’Éternel,"
      },
      {
        "book_name": "Jona",
        "book": 32,
        "chapter": 2,
        "verse": 3,
        "text": "Et il m’a exaucé;"
      },
      {
        "book_name": "Jona",
        "book": 32,
        "chapter": 2,
        "verse": 3,
        "text": "Du sein du séjour des morts j’ai crié,"
      },
      {
        "book_name": "Jona",
        "book": 32,
        "chapter": 2,
        "verse": 3,
        "text": "Et tu as entendu ma voix."
      },
      {
        "book_name": "Jona",
        "book": 32,
        "chapter": 2,
        "verse": 4,
        "text": "Tu m’as jeté dans l’abîme, dans le cœur de la mer,"
      },
      {
        "book_name": "Jona",
        "book": 32,
        "chapter": 2,
        "verse": 4,
        "text": "Et les courants d’eau m’ont environné;"
      },
      {
        "book_name": "Jona",
        "book": 32,
        "chapter": 2,
        "verse": 4,
        "text": "Toutes tes #Ps 42:8.vagues et tous tes flots ont passé sur moi."
      },
      {
        "book_name": "Jona",
        "book": 32,
        "chapter": 2,
        "verse": 5,
        "text": "Je disais: Je suis chassé loin de ton regard!"
      },
      {
        "book_name": "Jona",
        "book": 32,
        "chapter": 2,
        "verse": 5,
        "text": "Mais je verrai encore ton saint temple."
      },
      {
        "book_name": "Jona",
        "book": 32,
        "chapter": 2,
        "verse": 6,
        "text": "Les eaux m’ont couvert jusqu’à m’ôter la vie,"
      },
      {
        "book_name": "Jona",
        "book": 32,
        "chapter": 2,
        "verse": 6,
        "text": "L’abîme m’a enveloppé,"
      },
      {
        "book_name": "Jona",
        "book": 32,
        "chapter": 2,
        "verse": 6,
        "text": "Les roseaux ont entouré ma tête."
      },
      {
        "book_name": "Jona",
        "book": 32,
        "chapter": 2,
        "verse": 7,
        "text": "Je suis descendu jusqu’aux racines des montagnes,"
      },
      {
        "book_name": "Jona",
        "book": 32,
        "chapter": 2,
        "verse": 7,
        "text": "Les barres de la terre m’enfermaient pour toujours;"
      },
      {
        "book_name": "Jona",
        "book": 32,
        "chapter": 2,
        "verse": 7,
        "text": "Mais tu m’as fait remonter vivant de la fosse,"
      },
      {
        "book_name": "Jona",
        "book": 32,
        "chapter": 2,
        "verse": 7,
        "text": "Éternel, mon Dieu!"
      },
      {
        "book_name": "Jona",
        "book": 32,
        "chapter": 2,
        "verse": 8,
        "text": "Quand mon âme était abattue au-dedans de moi,"
      },
      {
        "book_name": "Jona",
        "book": 32,
        "chapter": 2,
        "verse": 8,
        "text": "Je me suis souvenu de l’Éternel,"
      },
      {
        "book_name": "Jona",
        "book": 32,
        "chapter": 2,
        "verse": 8,
        "text": "Et ma prière est parvenue jusqu’à toi,"
      },
      {
        "book_name": "Jona",
        "book": 32,
        "chapter": 2,
        "verse": 8,
        "text": "Dans ton saint temple."
      },
      {
        "book_name": "Jona",
        "book": 32,
        "chapter": 2,
        "verse": 9,
        "text": "Ceux qui s’attachent à de vaines idoles"
      },
      {
        "book_name": "Jona",
        "book": 32,
        "chapter": 2,
        "verse": 9,
        "text": "Éloignent d’eux la miséricorde."
      },
      {
        "book_name": "Jona",
        "book": 32,
        "chapter": 2,
        "verse": 10,
        "text": "Pour moi, je t’offrirai des sacrifices avec un cri d’actions de #Ps 50:14, 23; 116:17. Os 14:3. Hé 13:15.grâces,"
      },
      {
        "book_name": "Jona",
        "book": 32,
        "chapter": 2,
        "verse": 10,
        "text": "J’accomplirai les vœux que j’ai faits:"
      },
      {
        "book_name": "Jona",
        "book": 32,
        "chapter": 2,
        "verse": 10,
        "text": "#    \n        Ps 3:9.  Le salut vient de l’Éternel."
      },
      {
        "book_name": "Jona",
        "book": 32,
        "chapter": 2,
        "verse": 11,
        "text": "L’Éternel parla au poisson, et le poisson vomit Jonas sur la terre."
      }
    ],
    "3": [
      {
        "book_name": "Jona",
        "book": 32,
        "chapter": 3,
        "verse": 1,
        "text": "Prédication de Jonas à Ninive. Repentance des NinivitesV. 1-10: cf. (Lu 11:29, 30, 32. Jé 18:7, 8.) 1 R 21:27-29. Joë 2:12-20. És 55:7-11.  1La parole de l’Éternel fut adressée à Jonas une seconde fois, en ces mots: 2Lève-toi, va à Ninive, la grande ville, et proclames-y la publication que je t’ordonne! 3Et Jonas se leva, et alla à Ninive, selon la parole de l’Éternel. Or Ninive était une très grande ville, de trois jours de marche. 4Jonas fit d’abord dans la ville une journée de marche; il criait et disait: Encore quarante jours, et Ninive est détruite! 5#Mt 12:41. Lu 11:32.Les gens de Ninive crurent à Dieu, ils publièrent un jeûne, et se revêtirent de sacs, depuis les plus grands jusqu’aux plus petits. 6La chose parvint au roi de Ninive; il se leva de son trône, ôta son manteau, se couvrit d’un sac, et s’assit sur la cendre. 7Et il fit faire dans Ninive cette publication, par ordre du roi et de ses grands; Que les hommes et les bêtes, les bœufs et les brebis, ne goûtent de rien, ne paissent point, et ne boivent point d’eau! 8Que les hommes et les bêtes soient couverts de sacs, qu’ils crient à Dieu avec force, et qu’ils reviennent tous de leur mauvaise voie et des actes de violence dont leurs mains sont coupables! 9#Joë 2:14.Qui sait si Dieu ne reviendra pas et ne se repentira pas, et s’il ne renoncera pas à son ardente colère, en sorte que nous ne périssions point? 10Dieu vit qu’ils agissaient ainsi et qu’ils revenaient de leur mauvaise voie. Alors Dieu se repentit du mal qu’il avait résolu de leur faire, et il ne le fit pas."
      },
      {
        "book_name": "Jona",
        "book": 32,
        "chapter": 3,
        "verse": 1,
        "text": "La parole de l’Éternel fut adressée à Jonas une seconde fois, en ces mots:"
      },
      {
        "book_name": "Jona",
        "book": 32,
        "chapter": 3,
        "verse": 2,
        "text": "Lève-toi, va à Ninive, la grande ville, et proclames-y la publication que je t’ordonne!"
      },
      {
        "book_name": "Jona",
        "book": 32,
        "chapter": 3,
        "verse": 3,
        "text": "Et Jonas se leva, et alla à Ninive, selon la parole de l’Éternel. Or Ninive était une très grande ville, de trois jours de marche."
      },
      {
        "book_name": "Jona",
        "book": 32,
        "chapter": 3,
        "verse": 4,
        "text": "Jonas fit d’abord dans la ville une journée de marche; il criait et disait: Encore quarante jours, et Ninive est détruite!"
      },
      {
        "book_name": "Jona",
        "book": 32,
        "chapter": 3,
        "verse": 5,
        "text": "#Mt 12:41. Lu 11:32.Les gens de Ninive crurent à Dieu, ils publièrent un jeûne, et se revêtirent de sacs, depuis les plus grands jusqu’aux plus petits."
      },
      {
        "book_name": "Jona",
        "book": 32,
        "chapter": 3,
        "verse": 6,
        "text": "La chose parvint au roi de Ninive; il se leva de son trône, ôta son manteau, se couvrit d’un sac, et s’assit sur la cendre."
      },
      {
        "book_name": "Jona",
        "book": 32,
        "chapter": 3,
        "verse": 7,
        "text": "Et il fit faire dans Ninive cette publication, par ordre du roi et de ses grands; Que les hommes et les bêtes, les bœufs et les brebis, ne goûtent de rien, ne paissent point, et ne boivent point d’eau!"
      },
      {
        "book_name": "Jona",
        "book": 32,
        "chapter": 3,
        "verse": 8,
        "text": "Que les hommes et les bêtes soient couverts de sacs, qu’ils crient à Dieu avec force, et qu’ils reviennent tous de leur mauvaise voie et des actes de violence dont leurs mains sont coupables!"
      },
      {
        "book_name": "Jona",
        "book": 32,
        "chapter": 3,
        "verse": 9,
        "text": "#Joë 2:14.Qui sait si Dieu ne reviendra pas et ne se repentira pas, et s’il ne renoncera pas à son ardente colère, en sorte que nous ne périssions point?"
      },
      {
        "book_name": "Jona",
        "book": 32,
        "chapter": 3,
        "verse": 10,
        "text": "Dieu vit qu’ils agissaient ainsi et qu’ils revenaient de leur mauvaise voie. Alors Dieu se repentit du mal qu’il avait résolu de leur faire, et il ne le fit pas."
      }
    ],
    "4": [
      {
        "book_name": "Jona",
        "book": 32,
        "chapter": 4,
        "verse": 1,
        "text": "Mécontentement de Jonas, et reproches de l’ÉternelV. 1-11: cf. Jé 20:7-9, 14-18. (Ps 103:8-14; 145:8, 9.) Lu 15:28, etc.  1Cela déplut fort à Jonas, et il fut irrité. 2Il implora l’Éternel, et il dit: Ah! Éternel, n’est-ce pas ce que je disais quand j’étais encore dans mon pays? C’est ce que je voulais prévenir en fuyant à Tarsis. Car je savais que tu es un Dieu #Ex 34:6. Ps 86:5. Joë 2:13.compatissant et miséricordieux, lent à la colère et riche en bonté, et qui te repens du mal. 3Maintenant, Éternel, prends-moi donc la vie, car la mort m’est préférable à la vie. 4L’Éternel répondit: Fais-tu bien de t’irriter? 5Et Jonas sortit de la ville, et s’assit à l’orient de la ville, là il se fit une cabane, et s’y tint à l’ombre, jusqu’à ce qu’il vît ce qui arriverait dans la ville. 6L’Éternel Dieu fit croître un ricin, qui s’éleva au-dessus de Jonas, pour donner de l’ombre sur sa tête et pour lui ôter son irritation. Jonas éprouva une grande joie à cause de ce ricin. 7Mais le lendemain, à l’aurore, Dieu fit venir un ver qui piqua le ricin, et le ricin sécha. 8Au lever du soleil, Dieu fit souffler un vent chaud d’orient, et le soleil frappa la tête de Jonas, au point qu’il tomba en défaillance. Il demanda la mort, et dit: La mort m’est préférable à la vie. 9Dieu dit à Jonas: Fais-tu bien de t’irriter à cause du ricin? Il répondit: Je fais bien de m’irriter jusqu’à la mort. 10Et l’Éternel dit: Tu as pitié du ricin qui ne t’a coûté aucune peine et que tu n’as pas fait croître, qui est né dans une nuit et qui a péri dans une nuit. 11Et moi, je n’aurais pas pitié de Ninive, la grande ville, dans laquelle se trouvent plus de cent vingt mille hommes qui ne savent pas distinguer leur droite de leur gauche, et des animaux en grand nombre!"
      },
      {
        "book_name": "Jona",
        "book": 32,
        "chapter": 4,
        "verse": 1,
        "text": "Cela déplut fort à Jonas, et il fut irrité."
      },
      {
        "book_name": "Jona",
        "book": 32,
        "chapter": 4,
        "verse": 2,
        "text": "Il implora l’Éternel, et il dit: Ah! Éternel, n’est-ce pas ce que je disais quand j’étais encore dans mon pays? C’est ce que je voulais prévenir en fuyant à Tarsis. Car je savais que tu es un Dieu #Ex 34:6. Ps 86:5. Joë 2:13.compatissant et miséricordieux, lent à la colère et riche en bonté, et qui te repens du mal."
      },
      {
        "book_name": "Jona",
        "book": 32,
        "chapter": 4,
        "verse": 3,
        "text": "Maintenant, Éternel, prends-moi donc la vie, car la mort m’est préférable à la vie."
      },
      {
        "book_name": "Jona",
        "book": 32,
        "chapter": 4,
        "verse": 4,
        "text": "L’Éternel répondit: Fais-tu bien de t’irriter?"
      },
      {
        "book_name": "Jona",
        "book": 32,
        "chapter": 4,
        "verse": 5,
        "text": "Et Jonas sortit de la ville, et s’assit à l’orient de la ville, là il se fit une cabane, et s’y tint à l’ombre, jusqu’à ce qu’il vît ce qui arriverait dans la ville."
      },
      {
        "book_name": "Jona",
        "book": 32,
        "chapter": 4,
        "verse": 6,
        "text": "L’Éternel Dieu fit croître un ricin, qui s’éleva au-dessus de Jonas, pour donner de l’ombre sur sa tête et pour lui ôter son irritation. Jonas éprouva une grande joie à cause de ce ricin."
      },
      {
        "book_name": "Jona",
        "book": 32,
        "chapter": 4,
        "verse": 7,
        "text": "Mais le lendemain, à l’aurore, Dieu fit venir un ver qui piqua le ricin, et le ricin sécha."
      },
      {
        "book_name": "Jona",
        "book": 32,
        "chapter": 4,
        "verse": 8,
        "text": "Au lever du soleil, Dieu fit souffler un vent chaud d’orient, et le soleil frappa la tête de Jonas, au point qu’il tomba en défaillance. Il demanda la mort, et dit: La mort m’est préférable à la vie."
      },
      {
        "book_name": "Jona",
        "book": 32,
        "chapter": 4,
        "verse": 9,
        "text": "Dieu dit à Jonas: Fais-tu bien de t’irriter à cause du ricin? Il répondit: Je fais bien de m’irriter jusqu’à la mort."
      },
      {
        "book_name": "Jona",
        "book": 32,
        "chapter": 4,
        "verse": 10,
        "text": "Et l’Éternel dit: Tu as pitié du ricin qui ne t’a coûté aucune peine et que tu n’as pas fait croître, qui est né dans une nuit et qui a péri dans une nuit."
      },
      {
        "book_name": "Jona",
        "book": 32,
        "chapter": 4,
        "verse": 11,
        "text": "Et moi, je n’aurais pas pitié de Ninive, la grande ville, dans laquelle se trouvent plus de cent vingt mille hommes qui ne savent pas distinguer leur droite de leur gauche, et des animaux en grand nombre!"
      }
    ]
  }
}