{
  "source": "bible.com",
  "version": "Luis Segond (1910)",
  "book": "Judas",
  "chapters": {
    "1": [
      {
        "book_name": "Judas",
        "book": 65,
        "chapter": 1,
        "verse": 1,
        "text": "Adresse et salutationV. 1-2: cf. 1 Pi 1:1, 2.  1Jude, serviteur de Jésus-Christ, et frère de Jacques, à ceux qui ont été appelés, qui sont aimés en Dieu le Père, et gardés pour Jésus-Christ: 2que la miséricorde, la paix et la charité vous soient multipliées!Contre les impiesV. 3-16: cf. 2 Pi 2; 3:1-4.  3Bien-aimés, comme je désirais vivement vous écrire au sujet de notre salut commun, je me suis senti obligé de le faire afin de vous exhorter à combattre pour la foi qui a été transmise aux saints une fois pour toutes. 4#2 Pi 2:1.Car il s’est glissé parmi vous certains hommes, #1 Pi 2:8. 2 Pi 2:3.dont la condamnation est écrite depuis longtemps, des impies, qui changent la grâce de notre Dieu en dissolution, et qui renient notre seul maître et Seigneur Jésus-Christ. 5Je veux vous rappeler, à vous qui savez fort bien toutes ces choses, que le Seigneur, après avoir sauvé le peuple et l’avoir tiré du pays d’Égypte, #No 14:29; 26:64, 65. Ps 106:26. 1 Co 10:5. Hé 3:17.fit ensuite périr les incrédules; 6#2 Pi 2:4.qu’il a réservé pour le jugement du grand jour, enchaînés éternellement par les ténèbres, #2 Pi 2:4.les anges qui n’ont pas gardé leur dignité, mais qui ont abandonné leur propre demeure; 7#Ge 19:24. De 29:23. És 13:19. Jé 50:40. Éz 16:49. Os 11:8. Am 4:11. Lu 17:29. 2 Pi 2:6.que Sodome et Gomorrhe et les villes voisines, qui se livrèrent comme eux à l’impudicité et à des vices contre nature, sont données en exemple, subissant la peine d’un feu éternel. 8Malgré cela, ces hommes aussi, entraînés par leurs rêveries, souillent pareillement leur chair, méprisent l’autorité et injurient les gloires. 9Or, l’archange #Da 10:13; 12:1. Ap 12:7.Michel, lorsqu’il contestait avec le diable et lui disputait le corps de Moïse, #2 Pi 2:11.n’osa pas porter contre lui un jugement injurieux, mais il dit: #Za 3:2.Que le Seigneur te réprime! 10#2 Pi 2:12.Eux, au contraire, ils parlent d’une manière injurieuse de ce qu’ils ignorent, et ils se corrompent dans ce qu’ils savent naturellement comme les brutes. 11Malheur à eux! Car ils ont suivi la voie de #Ge 4:8. 1 Jn 3:12.Caïn, ils se sont jetés #No 22:7, 21. 2 Pi 2:15.pour un salaire dans l’égarement de Balaam, #No 16:1.ils se sont perdus par la révolte de Coré. 12Ce sont #2 Pi 2:13.des écueils dans vos agapes, faisant impudemment bonne chère, se repaissant eux-mêmes. Ce sont #2 Pi 2:17.des nuées sans eau, poussées par les vents; des arbres d’automne sans fruits, deux fois morts, déracinés; 13#És 57:20.des vagues furieuses de la mer, rejetant l’écume de leurs impuretés; des astres errants, auxquels l’obscurité des ténèbres est réservée pour l’éternité. 14C’est aussi pour eux #Ge 5:18.qu’Énoch, le septième depuis Adam, a prophétisé en ces termes: #Da 7:10. Ac 1:11. 1 Th 1:10. 2 Th 1:10. Ap 1:7.Voici, le Seigneur est venu avec ses saintes myriades, 15pour exercer un jugement contre tous, et pour faire rendre compte à tous les impies parmi eux de tous les actes d’impiété qu’ils ont commis et #Mt 12:36.de toutes les paroles injurieuses qu’ont proférées contre lui des pécheurs impies. 16Ce sont des gens qui murmurent, qui se plaignent de leur sort, qui marchent selon leurs convoitises, #2 Pi 2:18.qui ont à la bouche des paroles hautaines, qui admirent les personnes par motif d’intérêt. 17Mais vous, bien-aimés, souvenez-vous des choses annoncées d’avance par les apôtres de notre Seigneur Jésus-Christ. 18Ils vous disaient #Ac 20:29. 1 Ti 4:1. 2 Ti 3:1; 4:3. 2 Pi 2:1; 3:3.qu’au dernier temps il y aurait des moqueurs, marchant selon leurs convoitises impies; 19ce sont ceux qui provoquent des divisions, hommes sensuels, n’ayant pas l’esprit.Exhortation, et doxologie finaleV. 20-25: cf. (2 Pi 3:17, 18. Col 2:6, 7. 2 Th 3:3, 5.) Ja 5:19, 20.  20Pour vous, bien-aimés, vous édifiant vous-mêmes sur votre très sainte foi, et priant par le Saint-Esprit, 21maintenez-vous dans l’amour de Dieu, en attendant la miséricorde de notre Seigneur Jésus-Christ pour la vie éternelle. 22Reprenez les uns, ceux qui contestent; 23sauvez-en d’autres en les arrachant du feu; et pour d’autres encore, ayez une pitié mêlée de crainte, haïssant jusqu’à la tunique souillée par la chair. 24Or, à celui qui peut vous préserver de toute chute et vous faire paraître devant sa gloire irrépréhensibles et dans l’allégresse, 25#Ro 16:27. 1 Ti 1:17.à Dieu seul, notre Sauveur, par Jésus-Christ notre Seigneur, soient gloire, majesté, force et puissance, dès avant tous les temps, et maintenant, et dans tous les siècles! Amen!"
      },
      {
        "book_name": "Judas",
        "book": 65,
        "chapter": 1,
        "verse": 1,
        "text": "Jude, serviteur de Jésus-Christ, et frère de Jacques, à ceux qui ont été appelés, qui sont aimés en Dieu le Père, et gardés pour Jésus-Christ:"
      },
      {
        "book_name": "Judas",
        "book": 65,
        "chapter": 1,
        "verse": 2,
        "text": "que la miséricorde, la paix et la charité vous soient multipliées!"
      },
      {
        "book_name": "Judas",
        "book": 65,
        "chapter": 1,
        "verse": 3,
        "text": "Bien-aimés, comme je désirais vivement vous écrire au sujet de notre salut commun, je me suis senti obligé de le faire afin de vous exhorter à combattre pour la foi qui a été transmise aux saints une fois pour toutes."
      },
      {
        "book_name": "Judas",
        "book": 65,
        "chapter": 1,
        "verse": 4,
        "text": "#2 Pi 2:1.Car il s’est glissé parmi vous certains hommes, #1 Pi 2:8. 2 Pi 2:3.dont la condamnation est écrite depuis longtemps, des impies, qui changent la grâce de notre Dieu en dissolution, et qui renient notre seul maître et Seigneur Jésus-Christ."
      },
      {
        "book_name": "Judas",
        "book": 65,
        "chapter": 1,
        "verse": 5,
        "text": "Je veux vous rappeler, à vous qui savez fort bien toutes ces choses, que le Seigneur, après avoir sauvé le peuple et l’avoir tiré du pays d’Égypte, #No 14:29; 26:64, 65. Ps 106:26. 1 Co 10:5. Hé 3:17.fit ensuite périr les incrédules;"
      },
      {
        "book_name": "Judas",
        "book": 65,
        "chapter": 1,
        "verse": 6,
        "text": "#2 Pi 2:4.qu’il a réservé pour le jugement du grand jour, enchaînés éternellement par les ténèbres, #2 Pi 2:4.les anges qui n’ont pas gardé leur dignité, mais qui ont abandonné leur propre demeure;"
      },
      {
        "book_name": "Judas",
        "book": 65,
        "chapter": 1,
        "verse": 7,
        "text": "#Ge 19:24. De 29:23. És 13:19. Jé 50:40. Éz 16:49. Os 11:8. Am 4:11. Lu 17:29. 2 Pi 2:6.que Sodome et Gomorrhe et les villes voisines, qui se livrèrent comme eux à l’impudicité et à des vices contre nature, sont données en exemple, subissant la peine d’un feu éternel."
      },
      {
        "book_name": "Judas",
        "book": 65,
        "chapter": 1,
        "verse": 8,
        "text": "Malgré cela, ces hommes aussi, entraînés par leurs rêveries, souillent pareillement leur chair, méprisent l’autorité et injurient les gloires."
      },
      {
        "book_name": "Judas",
        "book": 65,
        "chapter": 1,
        "verse": 9,
        "text": "Or, l’archange #Da 10:13; 12:1. Ap 12:7.Michel, lorsqu’il contestait avec le diable et lui disputait le corps de Moïse, #2 Pi 2:11.n’osa pas porter contre lui un jugement injurieux, mais il dit: #Za 3:2.Que le Seigneur te réprime!"
      },
      {
        "book_name": "Judas",
        "book": 65,
        "chapter": 1,
        "verse": 10,
        "text": "#2 Pi 2:12.Eux, au contraire, ils parlent d’une manière injurieuse de ce qu’ils ignorent, et ils se corrompent dans ce qu’ils savent naturellement comme les brutes."
      },
      {
        "book_name": "Judas",
        "book": 65,
        "chapter": 1,
        "verse": 11,
        "text": "Malheur à eux! Car ils ont suivi la voie de #Ge 4:8. 1 Jn 3:12.Caïn, ils se sont jetés #No 22:7, 21. 2 Pi 2:15.pour un salaire dans l’égarement de Balaam, #No 16:1.ils se sont perdus par la révolte de Coré."
      },
      {
        "book_name": "Judas",
        "book": 65,
        "chapter": 1,
        "verse": 12,
        "text": "Ce sont #2 Pi 2:13.des écueils dans vos agapes, faisant impudemment bonne chère, se repaissant eux-mêmes. Ce sont #2 Pi 2:17.des nuées sans eau, poussées par les vents; des arbres d’automne sans fruits, deux fois morts, déracinés;"
      },
      {
        "book_name": "Judas",
        "book": 65,
        "chapter": 1,
        "verse": 13,
        "text": "#És 57:20.des vagues furieuses de la mer, rejetant l’écume de leurs impuretés; des astres errants, auxquels l’obscurité des ténèbres est réservée pour l’éternité."
      },
      {
        "book_name": "Judas",
        "book": 65,
        "chapter": 1,
        "verse": 14,
        "text": "C’est aussi pour eux #Ge 5:18.qu’Énoch, le septième depuis Adam, a prophétisé en ces termes: #Da 7:10. Ac 1:11. 1 Th 1:10. 2 Th 1:10. Ap 1:7.Voici, le Seigneur est venu avec ses saintes myriades,"
      },
      {
        "book_name": "Judas",
        "book": 65,
        "chapter": 1,
        "verse": 15,
        "text": "pour exercer un jugement contre tous, et pour faire rendre compte à tous les impies parmi eux de tous les actes d’impiété qu’ils ont commis et #Mt 12:36.de toutes les paroles injurieuses qu’ont proférées contre lui des pécheurs impies."
      },
      {
        "book_name": "Judas",
        "book": 65,
        "chapter": 1,
        "verse": 16,
        "text": "Ce sont des gens qui murmurent, qui se plaignent de leur sort, qui marchent selon leurs convoitises, #2 Pi 2:18.qui ont à la bouche des paroles hautaines, qui admirent les personnes par motif d’intérêt."
      },
      {
        "book_name": "Judas",
        "book": 65,
        "chapter": 1,
        "verse": 17,
        "text": "Mais vous, bien-aimés, souvenez-vous des choses annoncées d’avance par les apôtres de notre Seigneur Jésus-Christ."
      },
      {
        "book_name": "Judas",
        "book": 65,
        "chapter": 1,
        "verse": 18,
        "text": "Ils vous disaient #Ac 20:29. 1 Ti 4:1. 2 Ti 3:1; 4:3. 2 Pi 2:1; 3:3.qu’au dernier temps il y aurait des moqueurs, marchant selon leurs convoitises impies;"
      },
      {
        "book_name": "Judas",
        "book": 65,
        "chapter": 1,
        "verse": 19,
        "text": "ce sont ceux qui provoquent des divisions, hommes sensuels, n’ayant pas l’esprit."
      },
      {
        "book_name": "Judas",
        "book": 65,
        "chapter": 1,
        "verse": 20,
        "text": "Pour vous, bien-aimés, vous édifiant vous-mêmes sur votre très sainte foi, et priant par le Saint-Esprit,"
      },
      {
        "book_name": "Judas",
        "book": 65,
        "chapter": 1,
        "verse": 21,
        "text": "maintenez-vous dans l’amour de Dieu, en attendant la miséricorde de notre Seigneur Jésus-Christ pour la vie éternelle."
      },
      {
        "book_name": "Judas",
        "book": 65,
        "chapter": 1,
        "verse": 22,
        "text": "Reprenez les uns, ceux qui contestent;"
      },
      {
        "book_name": "Judas",
        "book": 65,
        "chapter": 1,
        "verse": 23,
        "text": "sauvez-en d’autres en les arrachant du feu; et pour d’autres encore, ayez une pitié mêlée de crainte, haïssant jusqu’à la tunique souillée par la chair."
      },
      {
        "book_name": "Judas",
        "book": 65,
        "chapter": 1,
        "verse": 24,
        "text": "Or, à celui qui peut vous préserver de toute chute et vous faire paraître devant sa gloire irrépréhensibles et dans l’allégresse,"
      },
      {
        "book_name": "Judas",
        "book": 65,
        "chapter": 1,
        "verse": 25,
        "text": "#Ro 16:27. 1 Ti 1:17.à Dieu seul, notre Sauveur, par Jésus-Christ notre Seigneur, soient gloire, majesté, force et puissance, dès avant tous les temps, et maintenant, et dans tous les siècles! Amen!"
      }
    ]
  }
}