{
  "source": "bible.com",
  "version": "Luis Segond (1910)",
  "book": "Lamentations",
  "chapters": {
    "1": [
      {
        "book_name": "Lamentations",
        "book": 25,
        "chapter": 1,
        "verse": 1,
        "text": "Les malheurs de JérusalemV. 1-22: cf. La 2; 4. Ps 79.  1Eh quoi! Elle est assise solitaire, cette ville si peuplée!Elle est semblable à une veuve!Grande entre les nations, souveraine parmi les états,Elle est réduite à la servitude!  2  #    \n        Ps 6:7.  Elle pleure durant la nuit, et ses joues sont couvertes de larmes;De tous ceux qui l’aimaient nul ne la console;Tous ses amis lui sont devenus infidèles,Ils sont devenus ses ennemis.  3Juda est en exil, victime de l’oppression et d’une grande servitude;Il habite au milieu des nations,Et il n’y trouve point de repos;Tous ses persécuteurs l’ont surpris dans l’angoisse.  4Les chemins de Sion sont dans le deuil, car on ne va plus aux fêtes;Toutes ses portes sont désertes,Ses sacrificateurs gémissent,Ses vierges sont affligées, et elle est remplie d’amertume.  5Ses oppresseurs triomphent, ses ennemis sont en paix;Car l’Éternel l’a humiliée,A cause de la multitude de ses péchés;Ses enfants ont marché captifs devant l’oppresseur.  6La fille de Sion a perdu toute sa gloire;Ses chefs sont comme des cerfsQui ne trouvent point de pâture,Et qui fuient sans force devant celui qui les chasse.  7Aux jours de sa détresse et de sa misère, Jérusalem s’est souvenueDe tous les biens dès longtemps son partage,Quand son peuple est tombé sans secours sous la main de l’oppresseur;Ses ennemis l’ont vue, et ils ont ri de sa chute.  8Jérusalem a multiplié ses péchés,C’est pourquoi elle est un objet d’aversion;Tous ceux qui l’honoraient la méprisent, en voyant sa #És 47:3.nudité;Elle-même soupire, et détourne la face.  9La souillure était dans les pans de sa robe, et elle ne songeait pas à sa #De 32:29.fin;Elle est tombée d’une manière étonnante, et nul ne la console.Vois ma misère, ô Éternel!Quelle arrogance chez l’ennemi!  10L’oppresseur a étendu la mainSur tout ce qu’elle avait de précieux;Elle a vu pénétrer dans son sanctuaire les nationsAuxquelles tu avais défendu d’entrer dans ton assemblée.  11Tout son peuple soupire, il cherche du #Jé 52:6.pain;Ils ont donné leurs choses précieuses pour de la nourriture,Afin de ranimer leur vie.Vois, Éternel, regarde comme je suis avilie!  12Je m’adresse à vous, à vous tous qui passez ici!Regardez et voyez s’il est une douleur pareille à ma douleur,A celle dont j’ai été frappée!L’Éternel m’a affligée au jour de son ardente colère.  13D’en haut il a lancé dans mes os un feu qui les dévore;Il a tendu un filet sous mes pieds,Il m’a fait tomber en arrière;Il m’a jetée dans la désolation, dans une langueur de tous les jours.  14Sa main a lié le joug de mes iniquités;Elles se sont entrelacées, appliquées sur mon cou;Il a brisé ma force;Le Seigneur m’a livrée à des mains auxquelles je ne puis résister.  15Le Seigneur a terrassé tous mes guerriers au milieu de moi;Il a rassemblé contre moi une armée,Pour détruire mes jeunes hommes;Le Seigneur a foulé au pressoir la vierge, fille de Juda.  16C’est pour cela que je pleure, que mes #Jé 13:17.yeux fondent en larmes;Car il s’est éloigné de moi, celui qui me consolerait,Qui ranimerait ma vie.Mes fils sont dans la désolation, parce que l’ennemi a triomphé.  17Sion a étendu les mains,Et personne ne l’a consolée;L’Éternel a envoyé contre Jacob les ennemis d’alentour;Jérusalem a été un objet d’horreur au milieu d’eux.  18L’Éternel est juste,Car j’ai été rebelle à ses ordres.Écoutez, vous tous, peuples, et voyez ma douleur!Mes vierges et mes jeunes hommes sont allés en captivité.  19J’ai appelé mes amis, et ils m’ont #Jé 30:14.trompée.Mes sacrificateurs et mes anciens ont expiré dans la ville:Ils cherchaient de la nourriture,Afin de ranimer leur vie.  20Éternel, regarde ma détresse! #És 16:11. Jé 48:36.Mes entrailles bouillonnent,Mon cœur est bouleversé au-dedans de moi,Car j’ai été rebelle.Au-dehors l’épée a fait ses ravages, au-dedans la mort.  21On a entendu mes soupirs, et personne ne m’a consolée;Tous mes ennemis ont appris mon malheur,Ils se sont réjouis de ce que tu l’as causé;Tu amèneras, tu publieras le jour où ils seront comme moi.  22Que toute leur méchanceté vienne devant toi,Et traite-les comme tu m’as traitée,A cause de toutes mes transgressions!Car mes soupirs sont nombreux, et mon cœur est souffrant."
      },
      {
        "book_name": "Lamentations",
        "book": 25,
        "chapter": 1,
        "verse": 1,
        "text": "Eh quoi! Elle est assise solitaire, cette ville si peuplée!"
      },
      {
        "book_name": "Lamentations",
        "book": 25,
        "chapter": 1,
        "verse": 1,
        "text": "Elle est semblable à une veuve!"
      },
      {
        "book_name": "Lamentations",
        "book": 25,
        "chapter": 1,
        "verse": 1,
        "text": "Grande entre les nations, souveraine parmi les états,"
      },
      {
        "book_name": "Lamentations",
        "book": 25,
        "chapter": 1,
        "verse": 1,
        "text": "Elle est réduite à la servitude!"
      },
      {
        "book_name": "Lamentations",
        "book": 25,
        "chapter": 1,
        "verse": 2,
        "text": "#    \n        Ps 6:7.  Elle pleure durant la nuit, et ses joues sont couvertes de larmes;"
      },
      {
        "book_name": "Lamentations",
        "book": 25,
        "chapter": 1,
        "verse": 2,
        "text": "De tous ceux qui l’aimaient nul ne la console;"
      },
      {
        "book_name": "Lamentations",
        "book": 25,
        "chapter": 1,
        "verse": 2,
        "text": "Tous ses amis lui sont devenus infidèles,"
      },
      {
        "book_name": "Lamentations",
        "book": 25,
        "chapter": 1,
        "verse": 2,
        "text": "Ils sont devenus ses ennemis."
      },
      {
        "book_name": "Lamentations",
        "book": 25,
        "chapter": 1,
        "verse": 3,
        "text": "Juda est en exil, victime de l’oppression et d’une grande servitude;"
      },
      {
        "book_name": "Lamentations",
        "book": 25,
        "chapter": 1,
        "verse": 3,
        "text": "Il habite au milieu des nations,"
      },
      {
        "book_name": "Lamentations",
        "book": 25,
        "chapter": 1,
        "verse": 3,
        "text": "Et il n’y trouve point de repos;"
      },
      {
        "book_name": "Lamentations",
        "book": 25,
        "chapter": 1,
        "verse": 3,
        "text": "Tous ses persécuteurs l’ont surpris dans l’angoisse."
      },
      {
        "book_name": "Lamentations",
        "book": 25,
        "chapter": 1,
        "verse": 4,
        "text": "Les chemins de Sion sont dans le deuil, car on ne va plus aux fêtes;"
      },
      {
        "book_name": "Lamentations",
        "book": 25,
        "chapter": 1,
        "verse": 4,
        "text": "Toutes ses portes sont désertes,"
      },
      {
        "book_name": "Lamentations",
        "book": 25,
        "chapter": 1,
        "verse": 4,
        "text": "Ses sacrificateurs gémissent,"
      },
      {
        "book_name": "Lamentations",
        "book": 25,
        "chapter": 1,
        "verse": 4,
        "text": "Ses vierges sont affligées, et elle est remplie d’amertume."
      },
      {
        "book_name": "Lamentations",
        "book": 25,
        "chapter": 1,
        "verse": 5,
        "text": "Ses oppresseurs triomphent, ses ennemis sont en paix;"
      },
      {
        "book_name": "Lamentations",
        "book": 25,
        "chapter": 1,
        "verse": 5,
        "text": "Car l’Éternel l’a humiliée,"
      },
      {
        "book_name": "Lamentations",
        "book": 25,
        "chapter": 1,
        "verse": 5,
        "text": "A cause de la multitude de ses péchés;"
      },
      {
        "book_name": "Lamentations",
        "book": 25,
        "chapter": 1,
        "verse": 5,
        "text": "Ses enfants ont marché captifs devant l’oppresseur."
      },
      {
        "book_name": "Lamentations",
        "book": 25,
        "chapter": 1,
        "verse": 6,
        "text": "La fille de Sion a perdu toute sa gloire;"
      },
      {
        "book_name": "Lamentations",
        "book": 25,
        "chapter": 1,
        "verse": 6,
        "text": "Ses chefs sont comme des cerfs"
      },
      {
        "book_name": "Lamentations",
        "book": 25,
        "chapter": 1,
        "verse": 6,
        "text": "Qui ne trouvent point de pâture,"
      },
      {
        "book_name": "Lamentations",
        "book": 25,
        "chapter": 1,
        "verse": 6,
        "text": "Et qui fuient sans force devant celui qui les chasse."
      },
      {
        "book_name": "Lamentations",
        "book": 25,
        "chapter": 1,
        "verse": 7,
        "text": "Aux jours de sa détresse et de sa misère, Jérusalem s’est souvenue"
      },
      {
        "book_name": "Lamentations",
        "book": 25,
        "chapter": 1,
        "verse": 7,
        "text": "De tous les biens dès longtemps son partage,"
      },
      {
        "book_name": "Lamentations",
        "book": 25,
        "chapter": 1,
        "verse": 7,
        "text": "Quand son peuple est tombé sans secours sous la main de l’oppresseur;"
      },
      {
        "book_name": "Lamentations",
        "book": 25,
        "chapter": 1,
        "verse": 7,
        "text": "Ses ennemis l’ont vue, et ils ont ri de sa chute."
      },
      {
        "book_name": "Lamentations",
        "book": 25,
        "chapter": 1,
        "verse": 8,
        "text": "Jérusalem a multiplié ses péchés,"
      },
      {
        "book_name": "Lamentations",
        "book": 25,
        "chapter": 1,
        "verse": 8,
        "text": "C’est pourquoi elle est un objet d’aversion;"
      },
      {
        "book_name": "Lamentations",
        "book": 25,
        "chapter": 1,
        "verse": 8,
        "text": "Tous ceux qui l’honoraient la méprisent, en voyant sa #És 47:3.nudité;"
      },
      {
        "book_name": "Lamentations",
        "book": 25,
        "chapter": 1,
        "verse": 8,
        "text": "Elle-même soupire, et détourne la face."
      },
      {
        "book_name": "Lamentations",
        "book": 25,
        "chapter": 1,
        "verse": 9,
        "text": "La souillure était dans les pans de sa robe, et elle ne songeait pas à sa #De 32:29.fin;"
      },
      {
        "book_name": "Lamentations",
        "book": 25,
        "chapter": 1,
        "verse": 9,
        "text": "Elle est tombée d’une manière étonnante, et nul ne la console."
      },
      {
        "book_name": "Lamentations",
        "book": 25,
        "chapter": 1,
        "verse": 9,
        "text": "Vois ma misère, ô Éternel!"
      },
      {
        "book_name": "Lamentations",
        "book": 25,
        "chapter": 1,
        "verse": 9,
        "text": "Quelle arrogance chez l’ennemi!"
      },
      {
        "book_name": "Lamentations",
        "book": 25,
        "chapter": 1,
        "verse": 10,
        "text": "L’oppresseur a étendu la main"
      },
      {
        "book_name": "Lamentations",
        "book": 25,
        "chapter": 1,
        "verse": 10,
        "text": "Sur tout ce qu’elle avait de précieux;"
      },
      {
        "book_name": "Lamentations",
        "book": 25,
        "chapter": 1,
        "verse": 10,
        "text": "Elle a vu pénétrer dans son sanctuaire les nations"
      },
      {
        "book_name": "Lamentations",
        "book": 25,
        "chapter": 1,
        "verse": 10,
        "text": "Auxquelles tu avais défendu d’entrer dans ton assemblée."
      },
      {
        "book_name": "Lamentations",
        "book": 25,
        "chapter": 1,
        "verse": 11,
        "text": "Tout son peuple soupire, il cherche du #Jé 52:6.pain;"
      },
      {
        "book_name": "Lamentations",
        "book": 25,
        "chapter": 1,
        "verse": 11,
        "text": "Ils ont donné leurs choses précieuses pour de la nourriture,"
      },
      {
        "book_name": "Lamentations",
        "book": 25,
        "chapter": 1,
        "verse": 11,
        "text": "Afin de ranimer leur vie."
      },
      {
        "book_name": "Lamentations",
        "book": 25,
        "chapter": 1,
        "verse": 11,
        "text": "Vois, Éternel, regarde comme je suis avilie!"
      },
      {
        "book_name": "Lamentations",
        "book": 25,
        "chapter": 1,
        "verse": 12,
        "text": "Je m’adresse à vous, à vous tous qui passez ici!"
      },
      {
        "book_name": "Lamentations",
        "book": 25,
        "chapter": 1,
        "verse": 12,
        "text": "Regardez et voyez s’il est une douleur pareille à ma douleur,"
      },
      {
        "book_name": "Lamentations",
        "book": 25,
        "chapter": 1,
        "verse": 12,
        "text": "A celle dont j’ai été frappée!"
      },
      {
        "book_name": "Lamentations",
        "book": 25,
        "chapter": 1,
        "verse": 12,
        "text": "L’Éternel m’a affligée au jour de son ardente colère."
      },
      {
        "book_name": "Lamentations",
        "book": 25,
        "chapter": 1,
        "verse": 13,
        "text": "D’en haut il a lancé dans mes os un feu qui les dévore;"
      },
      {
        "book_name": "Lamentations",
        "book": 25,
        "chapter": 1,
        "verse": 13,
        "text": "Il a tendu un filet sous mes pieds,"
      },
      {
        "book_name": "Lamentations",
        "book": 25,
        "chapter": 1,
        "verse": 13,
        "text": "Il m’a fait tomber en arrière;"
      },
      {
        "book_name": "Lamentations",
        "book": 25,
        "chapter": 1,
        "verse": 13,
        "text": "Il m’a jetée dans la désolation, dans une langueur de tous les jours."
      },
      {
        "book_name": "Lamentations",
        "book": 25,
        "chapter": 1,
        "verse": 14,
        "text": "Sa main a lié le joug de mes iniquités;"
      },
      {
        "book_name": "Lamentations",
        "book": 25,
        "chapter": 1,
        "verse": 14,
        "text": "Elles se sont entrelacées, appliquées sur mon cou;"
      },
      {
        "book_name": "Lamentations",
        "book": 25,
        "chapter": 1,
        "verse": 14,
        "text": "Il a brisé ma force;"
      },
      {
        "book_name": "Lamentations",
        "book": 25,
        "chapter": 1,
        "verse": 14,
        "text": "Le Seigneur m’a livrée à des mains auxquelles je ne puis résister."
      },
      {
        "book_name": "Lamentations",
        "book": 25,
        "chapter": 1,
        "verse": 15,
        "text": "Le Seigneur a terrassé tous mes guerriers au milieu de moi;"
      },
      {
        "book_name": "Lamentations",
        "book": 25,
        "chapter": 1,
        "verse": 15,
        "text": "Il a rassemblé contre moi une armée,"
      },
      {
        "book_name": "Lamentations",
        "book": 25,
        "chapter": 1,
        "verse": 15,
        "text": "Pour détruire mes jeunes hommes;"
      },
      {
        "book_name": "Lamentations",
        "book": 25,
        "chapter": 1,
        "verse": 15,
        "text": "Le Seigneur a foulé au pressoir la vierge, fille de Juda."
      },
      {
        "book_name": "Lamentations",
        "book": 25,
        "chapter": 1,
        "verse": 16,
        "text": "C’est pour cela que je pleure, que mes #Jé 13:17.yeux fondent en larmes;"
      },
      {
        "book_name": "Lamentations",
        "book": 25,
        "chapter": 1,
        "verse": 16,
        "text": "Car il s’est éloigné de moi, celui qui me consolerait,"
      },
      {
        "book_name": "Lamentations",
        "book": 25,
        "chapter": 1,
        "verse": 16,
        "text": "Qui ranimerait ma vie."
      },
      {
        "book_name": "Lamentations",
        "book": 25,
        "chapter": 1,
        "verse": 16,
        "text": "Mes fils sont dans la désolation, parce que l’ennemi a triomphé."
      },
      {
        "book_name": "Lamentations",
        "book": 25,
        "chapter": 1,
        "verse": 17,
        "text": "Sion a étendu les mains,"
      },
      {
        "book_name": "Lamentations",
        "book": 25,
        "chapter": 1,
        "verse": 17,
        "text": "Et personne ne l’a consolée;"
      },
      {
        "book_name": "Lamentations",
        "book": 25,
        "chapter": 1,
        "verse": 17,
        "text": "L’Éternel a envoyé contre Jacob les ennemis d’alentour;"
      },
      {
        "book_name": "Lamentations",
        "book": 25,
        "chapter": 1,
        "verse": 17,
        "text": "Jérusalem a été un objet d’horreur au milieu d’eux."
      },
      {
        "book_name": "Lamentations",
        "book": 25,
        "chapter": 1,
        "verse": 18,
        "text": "L’Éternel est juste,"
      },
      {
        "book_name": "Lamentations",
        "book": 25,
        "chapter": 1,
        "verse": 18,
        "text": "Car j’ai été rebelle à ses ordres."
      },
      {
        "book_name": "Lamentations",
        "book": 25,
        "chapter": 1,
        "verse": 18,
        "text": "Écoutez, vous tous, peuples, et voyez ma douleur!"
      },
      {
        "book_name": "Lamentations",
        "book": 25,
        "chapter": 1,
        "verse": 18,
        "text": "Mes vierges et mes jeunes hommes sont allés en captivité."
      },
      {
        "book_name": "Lamentations",
        "book": 25,
        "chapter": 1,
        "verse": 19,
        "text": "J’ai appelé mes amis, et ils m’ont #Jé 30:14.trompée."
      },
      {
        "book_name": "Lamentations",
        "book": 25,
        "chapter": 1,
        "verse": 19,
        "text": "Mes sacrificateurs et mes anciens ont expiré dans la ville:"
      },
      {
        "book_name": "Lamentations",
        "book": 25,
        "chapter": 1,
        "verse": 19,
        "text": "Ils cherchaient de la nourriture,"
      },
      {
        "book_name": "Lamentations",
        "book": 25,
        "chapter": 1,
        "verse": 19,
        "text": "Afin de ranimer leur vie."
      },
      {
        "book_name": "Lamentations",
        "book": 25,
        "chapter": 1,
        "verse": 20,
        "text": "Éternel, regarde ma détresse! #És 16:11. Jé 48:36.Mes entrailles bouillonnent,"
      },
      {
        "book_name": "Lamentations",
        "book": 25,
        "chapter": 1,
        "verse": 20,
        "text": "Mon cœur est bouleversé au-dedans de moi,"
      },
      {
        "book_name": "Lamentations",
        "book": 25,
        "chapter": 1,
        "verse": 20,
        "text": "Car j’ai été rebelle."
      },
      {
        "book_name": "Lamentations",
        "book": 25,
        "chapter": 1,
        "verse": 20,
        "text": "Au-dehors l’épée a fait ses ravages, au-dedans la mort."
      },
      {
        "book_name": "Lamentations",
        "book": 25,
        "chapter": 1,
        "verse": 21,
        "text": "On a entendu mes soupirs, et personne ne m’a consolée;"
      },
      {
        "book_name": "Lamentations",
        "book": 25,
        "chapter": 1,
        "verse": 21,
        "text": "Tous mes ennemis ont appris mon malheur,"
      },
      {
        "book_name": "Lamentations",
        "book": 25,
        "chapter": 1,
        "verse": 21,
        "text": "Ils se sont réjouis de ce que tu l’as causé;"
      },
      {
        "book_name": "Lamentations",
        "book": 25,
        "chapter": 1,
        "verse": 21,
        "text": "Tu amèneras, tu publieras le jour où ils seront comme moi."
      },
      {
        "book_name": "Lamentations",
        "book": 25,
        "chapter": 1,
        "verse": 22,
        "text": "Que toute leur méchanceté vienne devant toi,"
      },
      {
        "book_name": "Lamentations",
        "book": 25,
        "chapter": 1,
        "verse": 22,
        "text": "Et traite-les comme tu m’as traitée,"
      },
      {
        "book_name": "Lamentations",
        "book": 25,
        "chapter": 1,
        "verse": 22,
        "text": "A cause de toutes mes transgressions!"
      },
      {
        "book_name": "Lamentations",
        "book": 25,
        "chapter": 1,
        "verse": 22,
        "text": "Car mes soupirs sont nombreux, et mon cœur est souffrant."
      }
    ],
    "2": [
      {
        "book_name": "Lamentations",
        "book": 25,
        "chapter": 2,
        "verse": 1,
        "text": "La ruine de JérusalemV. 1-22: cf. (1 R 9:6-9. 2 R 21:12-15. Jé 19.) La 1; 4. Ap 6:17.  1Eh quoi! Le Seigneur, dans sa colère, a couvert de nuages la fille de Sion!Il a précipité du ciel sur la terre la magnificence d’Israël!Il ne s’est pas souvenu de son marchepied,Au jour de sa colère!  2Le Seigneur a détruit sans pitié toutes les demeures de Jacob;Il a, dans sa fureur, renversé les forteresses de la fille de Juda,Il les a fait rouler à terre;Il a profané le royaume et ses chefs.  3Il a, dans son ardente colère, abattu toute la force d’Israël;Il a retiré sa droite en présence de l’ennemi;Il a allumé dans Jacob des flammes de feu,Qui dévorent de tous côtés.  4Il a tendu son arc comme un ennemi;Sa droite s’est dressée comme celle d’un assaillant;Il a fait périr tout ce qui plaisait aux regards;Il a répandu sa fureur comme un feu sur la tente de la fille de Sion.  5Le Seigneur a été comme un ennemi;Il a dévoré Israël, il a dévoré tous ses palais,Il a détruit ses forteresses;Il a rempli la fille de Juda de plaintes et de gémissements.  6Il a dévasté sa tente comme un jardin,Il a détruit le lieu de son assemblée;L’Éternel a fait oublier en Sion les fêtes et le sabbat,Et, dans sa violente colère, il a rejeté le roi et le sacrificateur.  7Le Seigneur a dédaigné son autel, repoussé son sanctuaire;Il a livré entre les mains de l’ennemi les murs des palais de Sion;Les cris ont retenti dans la maison de l’Éternel,Comme en un jour de fête.  8L’Éternel avait résolu de détruire les murs de la fille de Sion;Il a tendu le cordeau, il n’a pas retiré sa main sans les avoir anéantis;Il a plongé dans le deuil rempart et murailles,Qui n’offrent plus ensemble qu’une triste ruine.  9Ses portes sont enfoncées dans la terre;Il en a détruit, rompu les barres.Son roi et ses chefs sont parmi les nations; il n’y a plus de loi.Même les prophètes ne reçoivent aucune vision de l’Éternel.  10Les anciens de la fille de Sion sont assis à terre, ils sont muets;Ils ont couvert leur tête de poussière,Ils se sont revêtus de sacs;Les vierges de Jérusalem laissent retomber leur tête vers la terre.  11Mes yeux se consument dans les larmes, mes entrailles bouillonnent,Ma bile se répand sur la terre,A cause du désastre de la fille de mon peuple,Des enfants et des nourrissons en défaillance dans les rues de la ville.  12Ils disaient à leurs mères:Où y a-t-il du blé et du vin?Et ils tombaient comme des blessés dans les rues de la ville,Ils rendaient l’âme sur le sein de leurs mères.  13Que dois-je te dire? À quoi te comparer, fille de Jérusalem?Qui trouver de semblable à toi, et quelle consolation te donner,Vierge, fille de Sion?Car ta plaie est grande comme la mer:Qui pourra te guérir?  14Tes prophètes ont eu pour toi des visions vaines et fausses;Ils n’ont pas mis à nu ton iniquité,Afin de détourner de toi la captivité;Ils t’ont donné des oracles mensongers et trompeurs.  15Tous les passants battent des mains sur toi,Ils sifflent, ils secouent la tête contre la fille de Jérusalem:Est-ce là cette ville qu’on appelait une beauté parfaite,La joie de toute la terre?  16Tous tes ennemis ouvrent la bouche contre toi,Ils sifflent, ils grincent des dents,Ils disent: Nous l’avons engloutie!C’est bien le jour que nous attendions, nous l’avons atteint, nous le voyons!  17L’Éternel a exécuté ce qu’il avait résolu,Il a accompli la parole qu’il avait dès longtemps arrêtée,Il a détruit sans pitié;Il a fait de toi la joie de l’ennemi,Il a relevé la force de tes oppresseurs.  18Leur cœur crie vers le Seigneur…  #    \n        Jé 14:17. La 1:16.  Mur de la fille de Sion, répands jour et nuit des torrents de larmes!Ne te donne aucun relâche,Et que ton œil n’ait point de repos!  19Lève-toi, pousse des gémissements à l’entrée des veilles de la nuit!Répands ton cœur comme de l’eau, en présence du Seigneur!Lève tes mains vers lui pour la vie de tes enfantsQui meurent de faim aux coins de toutes les rues!  20Vois, Éternel, regarde qui tu as ainsi traité!  #    \n        La 4:10.  Fallait-il que des femmes dévorassent le fruit de leurs entrailles,Les petits enfants objets de leur tendresse?Que sacrificateurs et prophètes fussent massacrés dans le sanctuaire du Seigneur?  21Les enfants et les vieillards sont couchés par terre dans les rues;Mes vierges et mes jeunes hommes sont tombés par l’épée;Tu as tué, au jour de ta colère,Tu as égorgé sans pitié.  22Tu as appelé de toutes parts sur moi l’épouvante, comme à un jour de fête.Au jour de la colère de l’Éternel, il n’y a eu ni réchappé ni survivant.Ceux que j’avais soignés et élevés,Mon ennemi les a consumés."
      },
      {
        "book_name": "Lamentations",
        "book": 25,
        "chapter": 2,
        "verse": 1,
        "text": "Eh quoi! Le Seigneur, dans sa colère, a couvert de nuages la fille de Sion!"
      },
      {
        "book_name": "Lamentations",
        "book": 25,
        "chapter": 2,
        "verse": 1,
        "text": "Il a précipité du ciel sur la terre la magnificence d’Israël!"
      },
      {
        "book_name": "Lamentations",
        "book": 25,
        "chapter": 2,
        "verse": 1,
        "text": "Il ne s’est pas souvenu de son marchepied,"
      },
      {
        "book_name": "Lamentations",
        "book": 25,
        "chapter": 2,
        "verse": 1,
        "text": "Au jour de sa colère!"
      },
      {
        "book_name": "Lamentations",
        "book": 25,
        "chapter": 2,
        "verse": 2,
        "text": "Le Seigneur a détruit sans pitié toutes les demeures de Jacob;"
      },
      {
        "book_name": "Lamentations",
        "book": 25,
        "chapter": 2,
        "verse": 2,
        "text": "Il a, dans sa fureur, renversé les forteresses de la fille de Juda,"
      },
      {
        "book_name": "Lamentations",
        "book": 25,
        "chapter": 2,
        "verse": 2,
        "text": "Il les a fait rouler à terre;"
      },
      {
        "book_name": "Lamentations",
        "book": 25,
        "chapter": 2,
        "verse": 2,
        "text": "Il a profané le royaume et ses chefs."
      },
      {
        "book_name": "Lamentations",
        "book": 25,
        "chapter": 2,
        "verse": 3,
        "text": "Il a, dans son ardente colère, abattu toute la force d’Israël;"
      },
      {
        "book_name": "Lamentations",
        "book": 25,
        "chapter": 2,
        "verse": 3,
        "text": "Il a retiré sa droite en présence de l’ennemi;"
      },
      {
        "book_name": "Lamentations",
        "book": 25,
        "chapter": 2,
        "verse": 3,
        "text": "Il a allumé dans Jacob des flammes de feu,"
      },
      {
        "book_name": "Lamentations",
        "book": 25,
        "chapter": 2,
        "verse": 3,
        "text": "Qui dévorent de tous côtés."
      },
      {
        "book_name": "Lamentations",
        "book": 25,
        "chapter": 2,
        "verse": 4,
        "text": "Il a tendu son arc comme un ennemi;"
      },
      {
        "book_name": "Lamentations",
        "book": 25,
        "chapter": 2,
        "verse": 4,
        "text": "Sa droite s’est dressée comme celle d’un assaillant;"
      },
      {
        "book_name": "Lamentations",
        "book": 25,
        "chapter": 2,
        "verse": 4,
        "text": "Il a fait périr tout ce qui plaisait aux regards;"
      },
      {
        "book_name": "Lamentations",
        "book": 25,
        "chapter": 2,
        "verse": 4,
        "text": "Il a répandu sa fureur comme un feu sur la tente de la fille de Sion."
      },
      {
        "book_name": "Lamentations",
        "book": 25,
        "chapter": 2,
        "verse": 5,
        "text": "Le Seigneur a été comme un ennemi;"
      },
      {
        "book_name": "Lamentations",
        "book": 25,
        "chapter": 2,
        "verse": 5,
        "text": "Il a dévoré Israël, il a dévoré tous ses palais,"
      },
      {
        "book_name": "Lamentations",
        "book": 25,
        "chapter": 2,
        "verse": 5,
        "text": "Il a détruit ses forteresses;"
      },
      {
        "book_name": "Lamentations",
        "book": 25,
        "chapter": 2,
        "verse": 5,
        "text": "Il a rempli la fille de Juda de plaintes et de gémissements."
      },
      {
        "book_name": "Lamentations",
        "book": 25,
        "chapter": 2,
        "verse": 6,
        "text": "Il a dévasté sa tente comme un jardin,"
      },
      {
        "book_name": "Lamentations",
        "book": 25,
        "chapter": 2,
        "verse": 6,
        "text": "Il a détruit le lieu de son assemblée;"
      },
      {
        "book_name": "Lamentations",
        "book": 25,
        "chapter": 2,
        "verse": 6,
        "text": "L’Éternel a fait oublier en Sion les fêtes et le sabbat,"
      },
      {
        "book_name": "Lamentations",
        "book": 25,
        "chapter": 2,
        "verse": 6,
        "text": "Et, dans sa violente colère, il a rejeté le roi et le sacrificateur."
      },
      {
        "book_name": "Lamentations",
        "book": 25,
        "chapter": 2,
        "verse": 7,
        "text": "Le Seigneur a dédaigné son autel, repoussé son sanctuaire;"
      },
      {
        "book_name": "Lamentations",
        "book": 25,
        "chapter": 2,
        "verse": 7,
        "text": "Il a livré entre les mains de l’ennemi les murs des palais de Sion;"
      },
      {
        "book_name": "Lamentations",
        "book": 25,
        "chapter": 2,
        "verse": 7,
        "text": "Les cris ont retenti dans la maison de l’Éternel,"
      },
      {
        "book_name": "Lamentations",
        "book": 25,
        "chapter": 2,
        "verse": 7,
        "text": "Comme en un jour de fête."
      },
      {
        "book_name": "Lamentations",
        "book": 25,
        "chapter": 2,
        "verse": 8,
        "text": "L’Éternel avait résolu de détruire les murs de la fille de Sion;"
      },
      {
        "book_name": "Lamentations",
        "book": 25,
        "chapter": 2,
        "verse": 8,
        "text": "Il a tendu le cordeau, il n’a pas retiré sa main sans les avoir anéantis;"
      },
      {
        "book_name": "Lamentations",
        "book": 25,
        "chapter": 2,
        "verse": 8,
        "text": "Il a plongé dans le deuil rempart et murailles,"
      },
      {
        "book_name": "Lamentations",
        "book": 25,
        "chapter": 2,
        "verse": 8,
        "text": "Qui n’offrent plus ensemble qu’une triste ruine."
      },
      {
        "book_name": "Lamentations",
        "book": 25,
        "chapter": 2,
        "verse": 9,
        "text": "Ses portes sont enfoncées dans la terre;"
      },
      {
        "book_name": "Lamentations",
        "book": 25,
        "chapter": 2,
        "verse": 9,
        "text": "Il en a détruit, rompu les barres."
      },
      {
        "book_name": "Lamentations",
        "book": 25,
        "chapter": 2,
        "verse": 9,
        "text": "Son roi et ses chefs sont parmi les nations; il n’y a plus de loi."
      },
      {
        "book_name": "Lamentations",
        "book": 25,
        "chapter": 2,
        "verse": 9,
        "text": "Même les prophètes ne reçoivent aucune vision de l’Éternel."
      },
      {
        "book_name": "Lamentations",
        "book": 25,
        "chapter": 2,
        "verse": 10,
        "text": "Les anciens de la fille de Sion sont assis à terre, ils sont muets;"
      },
      {
        "book_name": "Lamentations",
        "book": 25,
        "chapter": 2,
        "verse": 10,
        "text": "Ils ont couvert leur tête de poussière,"
      },
      {
        "book_name": "Lamentations",
        "book": 25,
        "chapter": 2,
        "verse": 10,
        "text": "Ils se sont revêtus de sacs;"
      },
      {
        "book_name": "Lamentations",
        "book": 25,
        "chapter": 2,
        "verse": 10,
        "text": "Les vierges de Jérusalem laissent retomber leur tête vers la terre."
      },
      {
        "book_name": "Lamentations",
        "book": 25,
        "chapter": 2,
        "verse": 11,
        "text": "Mes yeux se consument dans les larmes, mes entrailles bouillonnent,"
      },
      {
        "book_name": "Lamentations",
        "book": 25,
        "chapter": 2,
        "verse": 11,
        "text": "Ma bile se répand sur la terre,"
      },
      {
        "book_name": "Lamentations",
        "book": 25,
        "chapter": 2,
        "verse": 11,
        "text": "A cause du désastre de la fille de mon peuple,"
      },
      {
        "book_name": "Lamentations",
        "book": 25,
        "chapter": 2,
        "verse": 11,
        "text": "Des enfants et des nourrissons en défaillance dans les rues de la ville."
      },
      {
        "book_name": "Lamentations",
        "book": 25,
        "chapter": 2,
        "verse": 12,
        "text": "Ils disaient à leurs mères:"
      },
      {
        "book_name": "Lamentations",
        "book": 25,
        "chapter": 2,
        "verse": 12,
        "text": "Où y a-t-il du blé et du vin?"
      },
      {
        "book_name": "Lamentations",
        "book": 25,
        "chapter": 2,
        "verse": 12,
        "text": "Et ils tombaient comme des blessés dans les rues de la ville,"
      },
      {
        "book_name": "Lamentations",
        "book": 25,
        "chapter": 2,
        "verse": 12,
        "text": "Ils rendaient l’âme sur le sein de leurs mères."
      },
      {
        "book_name": "Lamentations",
        "book": 25,
        "chapter": 2,
        "verse": 13,
        "text": "Que dois-je te dire? À quoi te comparer, fille de Jérusalem?"
      },
      {
        "book_name": "Lamentations",
        "book": 25,
        "chapter": 2,
        "verse": 13,
        "text": "Qui trouver de semblable à toi, et quelle consolation te donner,"
      },
      {
        "book_name": "Lamentations",
        "book": 25,
        "chapter": 2,
        "verse": 13,
        "text": "Vierge, fille de Sion?"
      },
      {
        "book_name": "Lamentations",
        "book": 25,
        "chapter": 2,
        "verse": 13,
        "text": "Car ta plaie est grande comme la mer:"
      },
      {
        "book_name": "Lamentations",
        "book": 25,
        "chapter": 2,
        "verse": 13,
        "text": "Qui pourra te guérir?"
      },
      {
        "book_name": "Lamentations",
        "book": 25,
        "chapter": 2,
        "verse": 14,
        "text": "Tes prophètes ont eu pour toi des visions vaines et fausses;"
      },
      {
        "book_name": "Lamentations",
        "book": 25,
        "chapter": 2,
        "verse": 14,
        "text": "Ils n’ont pas mis à nu ton iniquité,"
      },
      {
        "book_name": "Lamentations",
        "book": 25,
        "chapter": 2,
        "verse": 14,
        "text": "Afin de détourner de toi la captivité;"
      },
      {
        "book_name": "Lamentations",
        "book": 25,
        "chapter": 2,
        "verse": 14,
        "text": "Ils t’ont donné des oracles mensongers et trompeurs."
      },
      {
        "book_name": "Lamentations",
        "book": 25,
        "chapter": 2,
        "verse": 15,
        "text": "Tous les passants battent des mains sur toi,"
      },
      {
        "book_name": "Lamentations",
        "book": 25,
        "chapter": 2,
        "verse": 15,
        "text": "Ils sifflent, ils secouent la tête contre la fille de Jérusalem:"
      },
      {
        "book_name": "Lamentations",
        "book": 25,
        "chapter": 2,
        "verse": 15,
        "text": "Est-ce là cette ville qu’on appelait une beauté parfaite,"
      },
      {
        "book_name": "Lamentations",
        "book": 25,
        "chapter": 2,
        "verse": 15,
        "text": "La joie de toute la terre?"
      },
      {
        "book_name": "Lamentations",
        "book": 25,
        "chapter": 2,
        "verse": 16,
        "text": "Tous tes ennemis ouvrent la bouche contre toi,"
      },
      {
        "book_name": "Lamentations",
        "book": 25,
        "chapter": 2,
        "verse": 16,
        "text": "Ils sifflent, ils grincent des dents,"
      },
      {
        "book_name": "Lamentations",
        "book": 25,
        "chapter": 2,
        "verse": 16,
        "text": "Ils disent: Nous l’avons engloutie!"
      },
      {
        "book_name": "Lamentations",
        "book": 25,
        "chapter": 2,
        "verse": 16,
        "text": "C’est bien le jour que nous attendions, nous l’avons atteint, nous le voyons!"
      },
      {
        "book_name": "Lamentations",
        "book": 25,
        "chapter": 2,
        "verse": 17,
        "text": "L’Éternel a exécuté ce qu’il avait résolu,"
      },
      {
        "book_name": "Lamentations",
        "book": 25,
        "chapter": 2,
        "verse": 17,
        "text": "Il a accompli la parole qu’il avait dès longtemps arrêtée,"
      },
      {
        "book_name": "Lamentations",
        "book": 25,
        "chapter": 2,
        "verse": 17,
        "text": "Il a détruit sans pitié;"
      },
      {
        "book_name": "Lamentations",
        "book": 25,
        "chapter": 2,
        "verse": 17,
        "text": "Il a fait de toi la joie de l’ennemi,"
      },
      {
        "book_name": "Lamentations",
        "book": 25,
        "chapter": 2,
        "verse": 17,
        "text": "Il a relevé la force de tes oppresseurs."
      },
      {
        "book_name": "Lamentations",
        "book": 25,
        "chapter": 2,
        "verse": 18,
        "text": "Leur cœur crie vers le Seigneur…"
      },
      {
        "book_name": "Lamentations",
        "book": 25,
        "chapter": 2,
        "verse": 18,
        "text": "#    \n        Jé 14:17. La 1:16.  Mur de la fille de Sion, répands jour et nuit des torrents de larmes!"
      },
      {
        "book_name": "Lamentations",
        "book": 25,
        "chapter": 2,
        "verse": 18,
        "text": "Ne te donne aucun relâche,"
      },
      {
        "book_name": "Lamentations",
        "book": 25,
        "chapter": 2,
        "verse": 18,
        "text": "Et que ton œil n’ait point de repos!"
      },
      {
        "book_name": "Lamentations",
        "book": 25,
        "chapter": 2,
        "verse": 19,
        "text": "Lève-toi, pousse des gémissements à l’entrée des veilles de la nuit!"
      },
      {
        "book_name": "Lamentations",
        "book": 25,
        "chapter": 2,
        "verse": 19,
        "text": "Répands ton cœur comme de l’eau, en présence du Seigneur!"
      },
      {
        "book_name": "Lamentations",
        "book": 25,
        "chapter": 2,
        "verse": 19,
        "text": "Lève tes mains vers lui pour la vie de tes enfants"
      },
      {
        "book_name": "Lamentations",
        "book": 25,
        "chapter": 2,
        "verse": 19,
        "text": "Qui meurent de faim aux coins de toutes les rues!"
      },
      {
        "book_name": "Lamentations",
        "book": 25,
        "chapter": 2,
        "verse": 20,
        "text": "Vois, Éternel, regarde qui tu as ainsi traité!"
      },
      {
        "book_name": "Lamentations",
        "book": 25,
        "chapter": 2,
        "verse": 20,
        "text": "#    \n        La 4:10.  Fallait-il que des femmes dévorassent le fruit de leurs entrailles,"
      },
      {
        "book_name": "Lamentations",
        "book": 25,
        "chapter": 2,
        "verse": 20,
        "text": "Les petits enfants objets de leur tendresse?"
      },
      {
        "book_name": "Lamentations",
        "book": 25,
        "chapter": 2,
        "verse": 20,
        "text": "Que sacrificateurs et prophètes fussent massacrés dans le sanctuaire du Seigneur?"
      },
      {
        "book_name": "Lamentations",
        "book": 25,
        "chapter": 2,
        "verse": 21,
        "text": "Les enfants et les vieillards sont couchés par terre dans les rues;"
      },
      {
        "book_name": "Lamentations",
        "book": 25,
        "chapter": 2,
        "verse": 21,
        "text": "Mes vierges et mes jeunes hommes sont tombés par l’épée;"
      },
      {
        "book_name": "Lamentations",
        "book": 25,
        "chapter": 2,
        "verse": 21,
        "text": "Tu as tué, au jour de ta colère,"
      },
      {
        "book_name": "Lamentations",
        "book": 25,
        "chapter": 2,
        "verse": 21,
        "text": "Tu as égorgé sans pitié."
      },
      {
        "book_name": "Lamentations",
        "book": 25,
        "chapter": 2,
        "verse": 22,
        "text": "Tu as appelé de toutes parts sur moi l’épouvante, comme à un jour de fête."
      },
      {
        "book_name": "Lamentations",
        "book": 25,
        "chapter": 2,
        "verse": 22,
        "text": "Au jour de la colère de l’Éternel, il n’y a eu ni réchappé ni survivant."
      },
      {
        "book_name": "Lamentations",
        "book": 25,
        "chapter": 2,
        "verse": 22,
        "text": "Ceux que j’avais soignés et élevés,"
      },
      {
        "book_name": "Lamentations",
        "book": 25,
        "chapter": 2,
        "verse": 22,
        "text": "Mon ennemi les a consumés."
      }
    ],
    "3": [
      {
        "book_name": "Lamentations",
        "book": 25,
        "chapter": 3,
        "verse": 1,
        "text": "Souffrances et consolationsV. 1-18: cf. (Job 16:6-16; 19:5-21.) (Ps 88; 102:1-12.)  1Je suis l’homme qui a vu la misèreSous la verge de sa fureur.  2Il m’a conduit, mené dans les ténèbres,Et non dans la lumière.  3Contre moi il tourne et retourne sa mainTout le jour.  4Il a fait dépérir ma chair et ma peau,Il a brisé mes os.  5Il a bâti autour de moi,Il m’a environné de poison et de douleur.  6Il me fait habiter dans les ténèbres,Comme ceux qui sont morts dès longtemps.  7Il m’a entouré d’un mur, pour que je ne sorte pas;Il m’a donné de pesantes chaînes.  8J’ai beau crier et implorer du secours,Il ne laisse pas accès à ma prière.  9Il a fermé mon chemin avec des pierres de taille,Il a détruit mes sentiers.  10Il a été pour moi un ours en embuscade,Un lion dans un lieu caché.  11Il a détourné mes voies, il m’a déchiré,Il m’a jeté dans la désolation.  12Il a tendu son arc, et il m’a placéComme un but pour sa flèche.  13Il a fait entrer dans mes reinsLes traits de son carquois.  14Je suis pour tout mon peuple un objet de raillerie,Chaque jour l’objet de leurs chansons.  15Il m’a rassasié d’amertume,Il m’a enivré d’absinthe.  16Il a brisé mes dents avec des cailloux,Il m’a couvert de cendre.  17Tu m’as enlevé la paix;Je ne connais plus le bonheur.  18Et j’ai dit: Ma force est perdue,Je n’ai plus d’espérance en l’Éternel!V. 19-39: cf. Mi 7:7-10. (Ps 42:7-12; 77:2-14; 130.)  19Quand je pense à ma détresse et à ma misère,A l’absinthe et au poison;  20Quand mon âme s’en souvient,Elle est abattue au-dedans de moi.  21Voici ce que je veux repasser en mon cœur,Ce qui me donnera de l’espérance.  22  #    \n        És 1:9. Ha 3:13.  Les bontés de l’Éternel ne sont pas épuisées,Ses compassions ne sont pas à leur terme;  23  #    \n        Ps 30:6.  Elles se renouvellent chaque matin.Oh! Que ta fidélité est grande!  24L’Éternel est mon partage, dit mon âme;  #    \n        Ha 2:3.  C’est pourquoi je veux espérer en lui.  25L’Éternel a de la bonté pour qui espère en lui,Pour l’âme qui le cherche.  26Il est bon d’attendre en silenceLe secours de l’Éternel.  27Il est bon pour l’hommeDe porter le joug dans sa jeunesse.  28Il se tiendra solitaire et silencieux,Parce que l’Éternel le lui impose;  29Il mettra sa bouche dans la poussière,  #    \n        Ac 8:22.  Sans perdre toute espérance;  30Il présentera la joue à celui qui le frappe,Il se rassasiera d’opprobres.  31Car le SeigneurNe rejette pas à toujours.  32Mais, lorsqu’il afflige,Il a compassion selon sa grande miséricorde;  33Car ce n’est pas volontiers qu’il humilieEt qu’il afflige les enfants des hommes.  34Quand on foule aux piedsTous les captifs du pays,  35Quand on viole la justice humaineA la face du Très-Haut,  36Quand on fait tort à autrui dans sa cause,Le Seigneur ne le voit-il pas?  37  #    \n        Ps 33:9.  Qui dira qu’une chose arrive,Sans que le Seigneur l’ait ordonnée?  38  #    \n        És 45:7. Am 3:6.  N’est-ce pas de la volonté du Très-Haut que viennentLes maux et les biens?  39Pourquoi l’homme vivant se plaindrait-il?Que chacun se plaigne de ses propres péchés.V. 40-48: cf. 1 R 8:46-51. De 4:29-31.  40Recherchons nos voies et sondons,Et retournons à l’Éternel;  41Élevons nos cœurs et nos mainsVers Dieu qui est au ciel:  42Nous avons péché, nous avons été rebelles!Tu n’as point pardonné!  43Tu t’es caché dans ta colère, et tu nous as poursuivis;Tu as tué sans miséricorde;  44Tu t’es enveloppé d’un nuage,Pour fermer accès à la prière.  45Tu nous as rendus un objet de mépris et de dédainAu milieu des peuples.  46Ils ouvrent la bouche contre nous,Tous ceux qui sont nos ennemis.  47Notre partage a été la terreur et la fosse,Le ravage et la ruine.  48Des torrents d’eau coulent de mes yeux,A cause de la ruine de la fille de mon peuple.V. 49-66: cf. (Jé 18:18-23; 38:4-13.) (Ps 69; 142.)  49Mon œil fond en larmes, sans repos,Sans relâche,  50Jusqu’à ce que l’Éternel regarde et voieDu haut des cieux;  51Mon œil me fait souffrir,A cause de toutes les filles de ma ville.  52Ils m’ont donné la chasse comme à un oiseau,Ceux qui sont à tort mes ennemis.  53Ils ont voulu anéantir ma vie dans une fosse,Et ils ont jeté des pierres sur moi.  54Les eaux ont inondé ma tête;Je disais: Je suis perdu!  55J’ai invoqué ton nom, ô Éternel,Du fond de la fosse.  56Tu as entendu ma voix:Ne ferme pas l’oreille à mes soupirs, à mes cris!  57Au jour où je t’ai invoqué, tu t’es approché,Tu as dit: Ne crains pas!  58Seigneur, tu as défendu la cause de mon âme,Tu as racheté ma vie.  59Éternel, tu as vu ce qu’on m’a fait souffrir:Rends-moi justice!  60Tu as vu toutes leurs vengeances,Tous leurs complots contre moi.  61Éternel, tu as entendu leurs outrages,Tous leurs complots contre moi,  62Les discours de mes adversaires, et les projetsQu’ils formaient chaque jour contre moi.  63Regarde quand ils sont assis et quand ils se lèvent:Je suis l’objet de leurs chansons.  64Tu leur donneras un salaire, ô Éternel,Selon l’œuvre de leurs mains;  65Tu les livreras à l’endurcissement de leur cœur,A ta malédiction contre eux;  66Tu les poursuivras dans ta colère, et tu les exterminerasDe dessous les cieux, ô Éternel!"
      },
      {
        "book_name": "Lamentations",
        "book": 25,
        "chapter": 3,
        "verse": 1,
        "text": "Je suis l’homme qui a vu la misère"
      },
      {
        "book_name": "Lamentations",
        "book": 25,
        "chapter": 3,
        "verse": 1,
        "text": "Sous la verge de sa fureur."
      },
      {
        "book_name": "Lamentations",
        "book": 25,
        "chapter": 3,
        "verse": 2,
        "text": "Il m’a conduit, mené dans les ténèbres,"
      },
      {
        "book_name": "Lamentations",
        "book": 25,
        "chapter": 3,
        "verse": 2,
        "text": "Et non dans la lumière."
      },
      {
        "book_name": "Lamentations",
        "book": 25,
        "chapter": 3,
        "verse": 3,
        "text": "Contre moi il tourne et retourne sa main"
      },
      {
        "book_name": "Lamentations",
        "book": 25,
        "chapter": 3,
        "verse": 3,
        "text": "Tout le jour."
      },
      {
        "book_name": "Lamentations",
        "book": 25,
        "chapter": 3,
        "verse": 4,
        "text": "Il a fait dépérir ma chair et ma peau,"
      },
      {
        "book_name": "Lamentations",
        "book": 25,
        "chapter": 3,
        "verse": 4,
        "text": "Il a brisé mes os."
      },
      {
        "book_name": "Lamentations",
        "book": 25,
        "chapter": 3,
        "verse": 5,
        "text": "Il a bâti autour de moi,"
      },
      {
        "book_name": "Lamentations",
        "book": 25,
        "chapter": 3,
        "verse": 5,
        "text": "Il m’a environné de poison et de douleur."
      },
      {
        "book_name": "Lamentations",
        "book": 25,
        "chapter": 3,
        "verse": 6,
        "text": "Il me fait habiter dans les ténèbres,"
      },
      {
        "book_name": "Lamentations",
        "book": 25,
        "chapter": 3,
        "verse": 6,
        "text": "Comme ceux qui sont morts dès longtemps."
      },
      {
        "book_name": "Lamentations",
        "book": 25,
        "chapter": 3,
        "verse": 7,
        "text": "Il m’a entouré d’un mur, pour que je ne sorte pas;"
      },
      {
        "book_name": "Lamentations",
        "book": 25,
        "chapter": 3,
        "verse": 7,
        "text": "Il m’a donné de pesantes chaînes."
      },
      {
        "book_name": "Lamentations",
        "book": 25,
        "chapter": 3,
        "verse": 8,
        "text": "J’ai beau crier et implorer du secours,"
      },
      {
        "book_name": "Lamentations",
        "book": 25,
        "chapter": 3,
        "verse": 8,
        "text": "Il ne laisse pas accès à ma prière."
      },
      {
        "book_name": "Lamentations",
        "book": 25,
        "chapter": 3,
        "verse": 9,
        "text": "Il a fermé mon chemin avec des pierres de taille,"
      },
      {
        "book_name": "Lamentations",
        "book": 25,
        "chapter": 3,
        "verse": 9,
        "text": "Il a détruit mes sentiers."
      },
      {
        "book_name": "Lamentations",
        "book": 25,
        "chapter": 3,
        "verse": 10,
        "text": "Il a été pour moi un ours en embuscade,"
      },
      {
        "book_name": "Lamentations",
        "book": 25,
        "chapter": 3,
        "verse": 10,
        "text": "Un lion dans un lieu caché."
      },
      {
        "book_name": "Lamentations",
        "book": 25,
        "chapter": 3,
        "verse": 11,
        "text": "Il a détourné mes voies, il m’a déchiré,"
      },
      {
        "book_name": "Lamentations",
        "book": 25,
        "chapter": 3,
        "verse": 11,
        "text": "Il m’a jeté dans la désolation."
      },
      {
        "book_name": "Lamentations",
        "book": 25,
        "chapter": 3,
        "verse": 12,
        "text": "Il a tendu son arc, et il m’a placé"
      },
      {
        "book_name": "Lamentations",
        "book": 25,
        "chapter": 3,
        "verse": 12,
        "text": "Comme un but pour sa flèche."
      },
      {
        "book_name": "Lamentations",
        "book": 25,
        "chapter": 3,
        "verse": 13,
        "text": "Il a fait entrer dans mes reins"
      },
      {
        "book_name": "Lamentations",
        "book": 25,
        "chapter": 3,
        "verse": 13,
        "text": "Les traits de son carquois."
      },
      {
        "book_name": "Lamentations",
        "book": 25,
        "chapter": 3,
        "verse": 14,
        "text": "Je suis pour tout mon peuple un objet de raillerie,"
      },
      {
        "book_name": "Lamentations",
        "book": 25,
        "chapter": 3,
        "verse": 14,
        "text": "Chaque jour l’objet de leurs chansons."
      },
      {
        "book_name": "Lamentations",
        "book": 25,
        "chapter": 3,
        "verse": 15,
        "text": "Il m’a rassasié d’amertume,"
      },
      {
        "book_name": "Lamentations",
        "book": 25,
        "chapter": 3,
        "verse": 15,
        "text": "Il m’a enivré d’absinthe."
      },
      {
        "book_name": "Lamentations",
        "book": 25,
        "chapter": 3,
        "verse": 16,
        "text": "Il a brisé mes dents avec des cailloux,"
      },
      {
        "book_name": "Lamentations",
        "book": 25,
        "chapter": 3,
        "verse": 16,
        "text": "Il m’a couvert de cendre."
      },
      {
        "book_name": "Lamentations",
        "book": 25,
        "chapter": 3,
        "verse": 17,
        "text": "Tu m’as enlevé la paix;"
      },
      {
        "book_name": "Lamentations",
        "book": 25,
        "chapter": 3,
        "verse": 17,
        "text": "Je ne connais plus le bonheur."
      },
      {
        "book_name": "Lamentations",
        "book": 25,
        "chapter": 3,
        "verse": 18,
        "text": "Et j’ai dit: Ma force est perdue,"
      },
      {
        "book_name": "Lamentations",
        "book": 25,
        "chapter": 3,
        "verse": 18,
        "text": "Je n’ai plus d’espérance en l’Éternel!"
      },
      {
        "book_name": "Lamentations",
        "book": 25,
        "chapter": 3,
        "verse": 19,
        "text": "Quand je pense à ma détresse et à ma misère,"
      },
      {
        "book_name": "Lamentations",
        "book": 25,
        "chapter": 3,
        "verse": 19,
        "text": "A l’absinthe et au poison;"
      },
      {
        "book_name": "Lamentations",
        "book": 25,
        "chapter": 3,
        "verse": 20,
        "text": "Quand mon âme s’en souvient,"
      },
      {
        "book_name": "Lamentations",
        "book": 25,
        "chapter": 3,
        "verse": 20,
        "text": "Elle est abattue au-dedans de moi."
      },
      {
        "book_name": "Lamentations",
        "book": 25,
        "chapter": 3,
        "verse": 21,
        "text": "Voici ce que je veux repasser en mon cœur,"
      },
      {
        "book_name": "Lamentations",
        "book": 25,
        "chapter": 3,
        "verse": 21,
        "text": "Ce qui me donnera de l’espérance."
      },
      {
        "book_name": "Lamentations",
        "book": 25,
        "chapter": 3,
        "verse": 22,
        "text": "#    \n        És 1:9. Ha 3:13.  Les bontés de l’Éternel ne sont pas épuisées,"
      },
      {
        "book_name": "Lamentations",
        "book": 25,
        "chapter": 3,
        "verse": 22,
        "text": "Ses compassions ne sont pas à leur terme;"
      },
      {
        "book_name": "Lamentations",
        "book": 25,
        "chapter": 3,
        "verse": 23,
        "text": "#    \n        Ps 30:6.  Elles se renouvellent chaque matin."
      },
      {
        "book_name": "Lamentations",
        "book": 25,
        "chapter": 3,
        "verse": 23,
        "text": "Oh! Que ta fidélité est grande!"
      },
      {
        "book_name": "Lamentations",
        "book": 25,
        "chapter": 3,
        "verse": 24,
        "text": "L’Éternel est mon partage, dit mon âme;"
      },
      {
        "book_name": "Lamentations",
        "book": 25,
        "chapter": 3,
        "verse": 24,
        "text": "#    \n        Ha 2:3.  C’est pourquoi je veux espérer en lui."
      },
      {
        "book_name": "Lamentations",
        "book": 25,
        "chapter": 3,
        "verse": 25,
        "text": "L’Éternel a de la bonté pour qui espère en lui,"
      },
      {
        "book_name": "Lamentations",
        "book": 25,
        "chapter": 3,
        "verse": 25,
        "text": "Pour l’âme qui le cherche."
      },
      {
        "book_name": "Lamentations",
        "book": 25,
        "chapter": 3,
        "verse": 26,
        "text": "Il est bon d’attendre en silence"
      },
      {
        "book_name": "Lamentations",
        "book": 25,
        "chapter": 3,
        "verse": 26,
        "text": "Le secours de l’Éternel."
      },
      {
        "book_name": "Lamentations",
        "book": 25,
        "chapter": 3,
        "verse": 27,
        "text": "Il est bon pour l’homme"
      },
      {
        "book_name": "Lamentations",
        "book": 25,
        "chapter": 3,
        "verse": 27,
        "text": "De porter le joug dans sa jeunesse."
      },
      {
        "book_name": "Lamentations",
        "book": 25,
        "chapter": 3,
        "verse": 28,
        "text": "Il se tiendra solitaire et silencieux,"
      },
      {
        "book_name": "Lamentations",
        "book": 25,
        "chapter": 3,
        "verse": 28,
        "text": "Parce que l’Éternel le lui impose;"
      },
      {
        "book_name": "Lamentations",
        "book": 25,
        "chapter": 3,
        "verse": 29,
        "text": "Il mettra sa bouche dans la poussière,"
      },
      {
        "book_name": "Lamentations",
        "book": 25,
        "chapter": 3,
        "verse": 29,
        "text": "#    \n        Ac 8:22.  Sans perdre toute espérance;"
      },
      {
        "book_name": "Lamentations",
        "book": 25,
        "chapter": 3,
        "verse": 30,
        "text": "Il présentera la joue à celui qui le frappe,"
      },
      {
        "book_name": "Lamentations",
        "book": 25,
        "chapter": 3,
        "verse": 30,
        "text": "Il se rassasiera d’opprobres."
      },
      {
        "book_name": "Lamentations",
        "book": 25,
        "chapter": 3,
        "verse": 31,
        "text": "Car le Seigneur"
      },
      {
        "book_name": "Lamentations",
        "book": 25,
        "chapter": 3,
        "verse": 31,
        "text": "Ne rejette pas à toujours."
      },
      {
        "book_name": "Lamentations",
        "book": 25,
        "chapter": 3,
        "verse": 32,
        "text": "Mais, lorsqu’il afflige,"
      },
      {
        "book_name": "Lamentations",
        "book": 25,
        "chapter": 3,
        "verse": 32,
        "text": "Il a compassion selon sa grande miséricorde;"
      },
      {
        "book_name": "Lamentations",
        "book": 25,
        "chapter": 3,
        "verse": 33,
        "text": "Car ce n’est pas volontiers qu’il humilie"
      },
      {
        "book_name": "Lamentations",
        "book": 25,
        "chapter": 3,
        "verse": 33,
        "text": "Et qu’il afflige les enfants des hommes."
      },
      {
        "book_name": "Lamentations",
        "book": 25,
        "chapter": 3,
        "verse": 34,
        "text": "Quand on foule aux pieds"
      },
      {
        "book_name": "Lamentations",
        "book": 25,
        "chapter": 3,
        "verse": 34,
        "text": "Tous les captifs du pays,"
      },
      {
        "book_name": "Lamentations",
        "book": 25,
        "chapter": 3,
        "verse": 35,
        "text": "Quand on viole la justice humaine"
      },
      {
        "book_name": "Lamentations",
        "book": 25,
        "chapter": 3,
        "verse": 35,
        "text": "A la face du Très-Haut,"
      },
      {
        "book_name": "Lamentations",
        "book": 25,
        "chapter": 3,
        "verse": 36,
        "text": "Quand on fait tort à autrui dans sa cause,"
      },
      {
        "book_name": "Lamentations",
        "book": 25,
        "chapter": 3,
        "verse": 36,
        "text": "Le Seigneur ne le voit-il pas?"
      },
      {
        "book_name": "Lamentations",
        "book": 25,
        "chapter": 3,
        "verse": 37,
        "text": "#    \n        Ps 33:9.  Qui dira qu’une chose arrive,"
      },
      {
        "book_name": "Lamentations",
        "book": 25,
        "chapter": 3,
        "verse": 37,
        "text": "Sans que le Seigneur l’ait ordonnée?"
      },
      {
        "book_name": "Lamentations",
        "book": 25,
        "chapter": 3,
        "verse": 38,
        "text": "#    \n        És 45:7. Am 3:6.  N’est-ce pas de la volonté du Très-Haut que viennent"
      },
      {
        "book_name": "Lamentations",
        "book": 25,
        "chapter": 3,
        "verse": 38,
        "text": "Les maux et les biens?"
      },
      {
        "book_name": "Lamentations",
        "book": 25,
        "chapter": 3,
        "verse": 39,
        "text": "Pourquoi l’homme vivant se plaindrait-il?"
      },
      {
        "book_name": "Lamentations",
        "book": 25,
        "chapter": 3,
        "verse": 39,
        "text": "Que chacun se plaigne de ses propres péchés."
      },
      {
        "book_name": "Lamentations",
        "book": 25,
        "chapter": 3,
        "verse": 40,
        "text": "Recherchons nos voies et sondons,"
      },
      {
        "book_name": "Lamentations",
        "book": 25,
        "chapter": 3,
        "verse": 40,
        "text": "Et retournons à l’Éternel;"
      },
      {
        "book_name": "Lamentations",
        "book": 25,
        "chapter": 3,
        "verse": 41,
        "text": "Élevons nos cœurs et nos mains"
      },
      {
        "book_name": "Lamentations",
        "book": 25,
        "chapter": 3,
        "verse": 41,
        "text": "Vers Dieu qui est au ciel:"
      },
      {
        "book_name": "Lamentations",
        "book": 25,
        "chapter": 3,
        "verse": 42,
        "text": "Nous avons péché, nous avons été rebelles!"
      },
      {
        "book_name": "Lamentations",
        "book": 25,
        "chapter": 3,
        "verse": 42,
        "text": "Tu n’as point pardonné!"
      },
      {
        "book_name": "Lamentations",
        "book": 25,
        "chapter": 3,
        "verse": 43,
        "text": "Tu t’es caché dans ta colère, et tu nous as poursuivis;"
      },
      {
        "book_name": "Lamentations",
        "book": 25,
        "chapter": 3,
        "verse": 43,
        "text": "Tu as tué sans miséricorde;"
      },
      {
        "book_name": "Lamentations",
        "book": 25,
        "chapter": 3,
        "verse": 44,
        "text": "Tu t’es enveloppé d’un nuage,"
      },
      {
        "book_name": "Lamentations",
        "book": 25,
        "chapter": 3,
        "verse": 44,
        "text": "Pour fermer accès à la prière."
      },
      {
        "book_name": "Lamentations",
        "book": 25,
        "chapter": 3,
        "verse": 45,
        "text": "Tu nous as rendus un objet de mépris et de dédain"
      },
      {
        "book_name": "Lamentations",
        "book": 25,
        "chapter": 3,
        "verse": 45,
        "text": "Au milieu des peuples."
      },
      {
        "book_name": "Lamentations",
        "book": 25,
        "chapter": 3,
        "verse": 46,
        "text": "Ils ouvrent la bouche contre nous,"
      },
      {
        "book_name": "Lamentations",
        "book": 25,
        "chapter": 3,
        "verse": 46,
        "text": "Tous ceux qui sont nos ennemis."
      },
      {
        "book_name": "Lamentations",
        "book": 25,
        "chapter": 3,
        "verse": 47,
        "text": "Notre partage a été la terreur et la fosse,"
      },
      {
        "book_name": "Lamentations",
        "book": 25,
        "chapter": 3,
        "verse": 47,
        "text": "Le ravage et la ruine."
      },
      {
        "book_name": "Lamentations",
        "book": 25,
        "chapter": 3,
        "verse": 48,
        "text": "Des torrents d’eau coulent de mes yeux,"
      },
      {
        "book_name": "Lamentations",
        "book": 25,
        "chapter": 3,
        "verse": 48,
        "text": "A cause de la ruine de la fille de mon peuple."
      },
      {
        "book_name": "Lamentations",
        "book": 25,
        "chapter": 3,
        "verse": 49,
        "text": "Mon œil fond en larmes, sans repos,"
      },
      {
        "book_name": "Lamentations",
        "book": 25,
        "chapter": 3,
        "verse": 49,
        "text": "Sans relâche,"
      },
      {
        "book_name": "Lamentations",
        "book": 25,
        "chapter": 3,
        "verse": 50,
        "text": "Jusqu’à ce que l’Éternel regarde et voie"
      },
      {
        "book_name": "Lamentations",
        "book": 25,
        "chapter": 3,
        "verse": 50,
        "text": "Du haut des cieux;"
      },
      {
        "book_name": "Lamentations",
        "book": 25,
        "chapter": 3,
        "verse": 51,
        "text": "Mon œil me fait souffrir,"
      },
      {
        "book_name": "Lamentations",
        "book": 25,
        "chapter": 3,
        "verse": 51,
        "text": "A cause de toutes les filles de ma ville."
      },
      {
        "book_name": "Lamentations",
        "book": 25,
        "chapter": 3,
        "verse": 52,
        "text": "Ils m’ont donné la chasse comme à un oiseau,"
      },
      {
        "book_name": "Lamentations",
        "book": 25,
        "chapter": 3,
        "verse": 52,
        "text": "Ceux qui sont à tort mes ennemis."
      },
      {
        "book_name": "Lamentations",
        "book": 25,
        "chapter": 3,
        "verse": 53,
        "text": "Ils ont voulu anéantir ma vie dans une fosse,"
      },
      {
        "book_name": "Lamentations",
        "book": 25,
        "chapter": 3,
        "verse": 53,
        "text": "Et ils ont jeté des pierres sur moi."
      },
      {
        "book_name": "Lamentations",
        "book": 25,
        "chapter": 3,
        "verse": 54,
        "text": "Les eaux ont inondé ma tête;"
      },
      {
        "book_name": "Lamentations",
        "book": 25,
        "chapter": 3,
        "verse": 54,
        "text": "Je disais: Je suis perdu!"
      },
      {
        "book_name": "Lamentations",
        "book": 25,
        "chapter": 3,
        "verse": 55,
        "text": "J’ai invoqué ton nom, ô Éternel,"
      },
      {
        "book_name": "Lamentations",
        "book": 25,
        "chapter": 3,
        "verse": 55,
        "text": "Du fond de la fosse."
      },
      {
        "book_name": "Lamentations",
        "book": 25,
        "chapter": 3,
        "verse": 56,
        "text": "Tu as entendu ma voix:"
      },
      {
        "book_name": "Lamentations",
        "book": 25,
        "chapter": 3,
        "verse": 56,
        "text": "Ne ferme pas l’oreille à mes soupirs, à mes cris!"
      },
      {
        "book_name": "Lamentations",
        "book": 25,
        "chapter": 3,
        "verse": 57,
        "text": "Au jour où je t’ai invoqué, tu t’es approché,"
      },
      {
        "book_name": "Lamentations",
        "book": 25,
        "chapter": 3,
        "verse": 57,
        "text": "Tu as dit: Ne crains pas!"
      },
      {
        "book_name": "Lamentations",
        "book": 25,
        "chapter": 3,
        "verse": 58,
        "text": "Seigneur, tu as défendu la cause de mon âme,"
      },
      {
        "book_name": "Lamentations",
        "book": 25,
        "chapter": 3,
        "verse": 58,
        "text": "Tu as racheté ma vie."
      },
      {
        "book_name": "Lamentations",
        "book": 25,
        "chapter": 3,
        "verse": 59,
        "text": "Éternel, tu as vu ce qu’on m’a fait souffrir:"
      },
      {
        "book_name": "Lamentations",
        "book": 25,
        "chapter": 3,
        "verse": 59,
        "text": "Rends-moi justice!"
      },
      {
        "book_name": "Lamentations",
        "book": 25,
        "chapter": 3,
        "verse": 60,
        "text": "Tu as vu toutes leurs vengeances,"
      },
      {
        "book_name": "Lamentations",
        "book": 25,
        "chapter": 3,
        "verse": 60,
        "text": "Tous leurs complots contre moi."
      },
      {
        "book_name": "Lamentations",
        "book": 25,
        "chapter": 3,
        "verse": 61,
        "text": "Éternel, tu as entendu leurs outrages,"
      },
      {
        "book_name": "Lamentations",
        "book": 25,
        "chapter": 3,
        "verse": 61,
        "text": "Tous leurs complots contre moi,"
      },
      {
        "book_name": "Lamentations",
        "book": 25,
        "chapter": 3,
        "verse": 62,
        "text": "Les discours de mes adversaires, et les projets"
      },
      {
        "book_name": "Lamentations",
        "book": 25,
        "chapter": 3,
        "verse": 62,
        "text": "Qu’ils formaient chaque jour contre moi."
      },
      {
        "book_name": "Lamentations",
        "book": 25,
        "chapter": 3,
        "verse": 63,
        "text": "Regarde quand ils sont assis et quand ils se lèvent:"
      },
      {
        "book_name": "Lamentations",
        "book": 25,
        "chapter": 3,
        "verse": 63,
        "text": "Je suis l’objet de leurs chansons."
      },
      {
        "book_name": "Lamentations",
        "book": 25,
        "chapter": 3,
        "verse": 64,
        "text": "Tu leur donneras un salaire, ô Éternel,"
      },
      {
        "book_name": "Lamentations",
        "book": 25,
        "chapter": 3,
        "verse": 64,
        "text": "Selon l’œuvre de leurs mains;"
      },
      {
        "book_name": "Lamentations",
        "book": 25,
        "chapter": 3,
        "verse": 65,
        "text": "Tu les livreras à l’endurcissement de leur cœur,"
      },
      {
        "book_name": "Lamentations",
        "book": 25,
        "chapter": 3,
        "verse": 65,
        "text": "A ta malédiction contre eux;"
      },
      {
        "book_name": "Lamentations",
        "book": 25,
        "chapter": 3,
        "verse": 66,
        "text": "Tu les poursuivras dans ta colère, et tu les extermineras"
      },
      {
        "book_name": "Lamentations",
        "book": 25,
        "chapter": 3,
        "verse": 66,
        "text": "De dessous les cieux, ô Éternel!"
      }
    ],
    "4": [
      {
        "book_name": "Lamentations",
        "book": 25,
        "chapter": 4,
        "verse": 1,
        "text": "Lamentations sur le sort du peupleV. 1-22: cf. La 1; 2. (Ro 2:1-6. Ga 6:7.)  1Eh quoi! L’or a perdu son éclat!L’or pur est altéré!Les pierres du sanctuaire sont disperséesAux coins de toutes les rues!  2Les nobles fils de Sion,Estimés à l’égal de l’or pur,Sont regardés, hélas! Comme des vases de terre,Ouvrage des mains du potier!  3Les chacals mêmes présentent la mamelle,Et allaitent leurs petits;Mais la fille de mon peuple est devenue cruelleComme les autruches du désert.  4La langue du nourrisson s’attache à son palais,Desséchée par la soif;Les enfants demandent du pain,Et personne ne leur en donne.  5Ceux qui se nourrissaient de mets délicatsPérissent dans les rues;Ceux qui étaient élevés dans la pourpreEmbrassent les fumiers.  6Le châtiment de la fille de mon peuple est plus grandQue celui de Sodome,Détruite en un instant,Sans que personne ait porté la main sur elle.  7Ses princes étaient plus éclatants que la neige,Plus blancs que le lait;Ils avaient le teint plus vermeil que le corail;Leur figure était comme le saphir.  8Leur aspect est plus sombre que le noir;On ne les reconnaît pas dans les rues;Ils ont la peau collée sur les os,Sèche comme du bois.  9Ceux qui périssent par l’épée sont plus heureuxQue ceux qui périssent par la faim,Qui tombent exténués,Privés du fruit des champs.  10Les femmes, malgré leur tendresse,Font cuire leurs enfants;Ils leur servent de nourriture,Au milieu du désastre de la fille de mon peuple.  11L’Éternel a épuisé sa fureur,Il a répandu son ardente colère;Il a allumé dans Sion un feuQui en dévore les fondements.  12Les rois de la terre n’auraient pas cru,Aucun des habitants du monde n’aurait cruQue l’adversaire, que l’ennemi entreraitDans les portes de Jérusalem.  13Voilà le fruit des péchés de ses prophètes,Des iniquités de ses sacrificateurs,Qui ont répandu dans son seinLe sang des justes!  14Ils erraient en aveugles dans les rues,Souillés de sang;On ne pouvaitToucher leurs vêtements.  15Éloignez-vous, impurs! Leur criait-on,Éloignez-vous, éloignez-vous, ne nous touchez pas!Ils sont en fuite, ils errent çà et là;On dit parmi les nations: Ils n’auront plus leur demeure!  16L’Éternel les a dispersés dans sa colère,Il ne tourne plus les regards vers eux;On n’a eu ni respect pour les sacrificateurs,Ni pitié pour les vieillards.  17Nos yeux se consumaient encore,Et nous attendions vainement du secours;  #    \n        Éz 29:16.  Nos regards se portaient avec espéranceVers une nation qui ne nous a pas délivrés.  18On épiait nos pas,Pour nous empêcher d’aller sur nos places;Notre fin s’approchait, nos jours étaient accomplis…Notre fin est arrivée!  19Nos persécuteurs étaient plus légersQue les aigles du ciel;Ils nous ont poursuivis sur les montagnes,Ils nous ont dressé des embûches dans le désert.  20Celui qui nous faisait respirer, l’oint de l’Éternel,A été pris dans leurs fosses,Lui de qui nous disions:Nous vivrons sous son ombre parmi les nations.  21Réjouis-toi, tressaille d’allégresse, fille d’Édom,Habitante du pays d’Uts!Vers toi aussi passera la coupe;Tu t’enivreras, et tu seras mise à nu.  22Fille de Sion, ton iniquité est expiée;Il ne t’enverra plus en captivité.Fille d’Édom, il châtiera ton iniquité,Il mettra tes péchés à découvert."
      },
      {
        "book_name": "Lamentations",
        "book": 25,
        "chapter": 4,
        "verse": 1,
        "text": "Eh quoi! L’or a perdu son éclat!"
      },
      {
        "book_name": "Lamentations",
        "book": 25,
        "chapter": 4,
        "verse": 1,
        "text": "L’or pur est altéré!"
      },
      {
        "book_name": "Lamentations",
        "book": 25,
        "chapter": 4,
        "verse": 1,
        "text": "Les pierres du sanctuaire sont dispersées"
      },
      {
        "book_name": "Lamentations",
        "book": 25,
        "chapter": 4,
        "verse": 1,
        "text": "Aux coins de toutes les rues!"
      },
      {
        "book_name": "Lamentations",
        "book": 25,
        "chapter": 4,
        "verse": 2,
        "text": "Les nobles fils de Sion,"
      },
      {
        "book_name": "Lamentations",
        "book": 25,
        "chapter": 4,
        "verse": 2,
        "text": "Estimés à l’égal de l’or pur,"
      },
      {
        "book_name": "Lamentations",
        "book": 25,
        "chapter": 4,
        "verse": 2,
        "text": "Sont regardés, hélas! Comme des vases de terre,"
      },
      {
        "book_name": "Lamentations",
        "book": 25,
        "chapter": 4,
        "verse": 2,
        "text": "Ouvrage des mains du potier!"
      },
      {
        "book_name": "Lamentations",
        "book": 25,
        "chapter": 4,
        "verse": 3,
        "text": "Les chacals mêmes présentent la mamelle,"
      },
      {
        "book_name": "Lamentations",
        "book": 25,
        "chapter": 4,
        "verse": 3,
        "text": "Et allaitent leurs petits;"
      },
      {
        "book_name": "Lamentations",
        "book": 25,
        "chapter": 4,
        "verse": 3,
        "text": "Mais la fille de mon peuple est devenue cruelle"
      },
      {
        "book_name": "Lamentations",
        "book": 25,
        "chapter": 4,
        "verse": 3,
        "text": "Comme les autruches du désert."
      },
      {
        "book_name": "Lamentations",
        "book": 25,
        "chapter": 4,
        "verse": 4,
        "text": "La langue du nourrisson s’attache à son palais,"
      },
      {
        "book_name": "Lamentations",
        "book": 25,
        "chapter": 4,
        "verse": 4,
        "text": "Desséchée par la soif;"
      },
      {
        "book_name": "Lamentations",
        "book": 25,
        "chapter": 4,
        "verse": 4,
        "text": "Les enfants demandent du pain,"
      },
      {
        "book_name": "Lamentations",
        "book": 25,
        "chapter": 4,
        "verse": 4,
        "text": "Et personne ne leur en donne."
      },
      {
        "book_name": "Lamentations",
        "book": 25,
        "chapter": 4,
        "verse": 5,
        "text": "Ceux qui se nourrissaient de mets délicats"
      },
      {
        "book_name": "Lamentations",
        "book": 25,
        "chapter": 4,
        "verse": 5,
        "text": "Périssent dans les rues;"
      },
      {
        "book_name": "Lamentations",
        "book": 25,
        "chapter": 4,
        "verse": 5,
        "text": "Ceux qui étaient élevés dans la pourpre"
      },
      {
        "book_name": "Lamentations",
        "book": 25,
        "chapter": 4,
        "verse": 5,
        "text": "Embrassent les fumiers."
      },
      {
        "book_name": "Lamentations",
        "book": 25,
        "chapter": 4,
        "verse": 6,
        "text": "Le châtiment de la fille de mon peuple est plus grand"
      },
      {
        "book_name": "Lamentations",
        "book": 25,
        "chapter": 4,
        "verse": 6,
        "text": "Que celui de Sodome,"
      },
      {
        "book_name": "Lamentations",
        "book": 25,
        "chapter": 4,
        "verse": 6,
        "text": "Détruite en un instant,"
      },
      {
        "book_name": "Lamentations",
        "book": 25,
        "chapter": 4,
        "verse": 6,
        "text": "Sans que personne ait porté la main sur elle."
      },
      {
        "book_name": "Lamentations",
        "book": 25,
        "chapter": 4,
        "verse": 7,
        "text": "Ses princes étaient plus éclatants que la neige,"
      },
      {
        "book_name": "Lamentations",
        "book": 25,
        "chapter": 4,
        "verse": 7,
        "text": "Plus blancs que le lait;"
      },
      {
        "book_name": "Lamentations",
        "book": 25,
        "chapter": 4,
        "verse": 7,
        "text": "Ils avaient le teint plus vermeil que le corail;"
      },
      {
        "book_name": "Lamentations",
        "book": 25,
        "chapter": 4,
        "verse": 7,
        "text": "Leur figure était comme le saphir."
      },
      {
        "book_name": "Lamentations",
        "book": 25,
        "chapter": 4,
        "verse": 8,
        "text": "Leur aspect est plus sombre que le noir;"
      },
      {
        "book_name": "Lamentations",
        "book": 25,
        "chapter": 4,
        "verse": 8,
        "text": "On ne les reconnaît pas dans les rues;"
      },
      {
        "book_name": "Lamentations",
        "book": 25,
        "chapter": 4,
        "verse": 8,
        "text": "Ils ont la peau collée sur les os,"
      },
      {
        "book_name": "Lamentations",
        "book": 25,
        "chapter": 4,
        "verse": 8,
        "text": "Sèche comme du bois."
      },
      {
        "book_name": "Lamentations",
        "book": 25,
        "chapter": 4,
        "verse": 9,
        "text": "Ceux qui périssent par l’épée sont plus heureux"
      },
      {
        "book_name": "Lamentations",
        "book": 25,
        "chapter": 4,
        "verse": 9,
        "text": "Que ceux qui périssent par la faim,"
      },
      {
        "book_name": "Lamentations",
        "book": 25,
        "chapter": 4,
        "verse": 9,
        "text": "Qui tombent exténués,"
      },
      {
        "book_name": "Lamentations",
        "book": 25,
        "chapter": 4,
        "verse": 9,
        "text": "Privés du fruit des champs."
      },
      {
        "book_name": "Lamentations",
        "book": 25,
        "chapter": 4,
        "verse": 10,
        "text": "Les femmes, malgré leur tendresse,"
      },
      {
        "book_name": "Lamentations",
        "book": 25,
        "chapter": 4,
        "verse": 10,
        "text": "Font cuire leurs enfants;"
      },
      {
        "book_name": "Lamentations",
        "book": 25,
        "chapter": 4,
        "verse": 10,
        "text": "Ils leur servent de nourriture,"
      },
      {
        "book_name": "Lamentations",
        "book": 25,
        "chapter": 4,
        "verse": 10,
        "text": "Au milieu du désastre de la fille de mon peuple."
      },
      {
        "book_name": "Lamentations",
        "book": 25,
        "chapter": 4,
        "verse": 11,
        "text": "L’Éternel a épuisé sa fureur,"
      },
      {
        "book_name": "Lamentations",
        "book": 25,
        "chapter": 4,
        "verse": 11,
        "text": "Il a répandu son ardente colère;"
      },
      {
        "book_name": "Lamentations",
        "book": 25,
        "chapter": 4,
        "verse": 11,
        "text": "Il a allumé dans Sion un feu"
      },
      {
        "book_name": "Lamentations",
        "book": 25,
        "chapter": 4,
        "verse": 11,
        "text": "Qui en dévore les fondements."
      },
      {
        "book_name": "Lamentations",
        "book": 25,
        "chapter": 4,
        "verse": 12,
        "text": "Les rois de la terre n’auraient pas cru,"
      },
      {
        "book_name": "Lamentations",
        "book": 25,
        "chapter": 4,
        "verse": 12,
        "text": "Aucun des habitants du monde n’aurait cru"
      },
      {
        "book_name": "Lamentations",
        "book": 25,
        "chapter": 4,
        "verse": 12,
        "text": "Que l’adversaire, que l’ennemi entrerait"
      },
      {
        "book_name": "Lamentations",
        "book": 25,
        "chapter": 4,
        "verse": 12,
        "text": "Dans les portes de Jérusalem."
      },
      {
        "book_name": "Lamentations",
        "book": 25,
        "chapter": 4,
        "verse": 13,
        "text": "Voilà le fruit des péchés de ses prophètes,"
      },
      {
        "book_name": "Lamentations",
        "book": 25,
        "chapter": 4,
        "verse": 13,
        "text": "Des iniquités de ses sacrificateurs,"
      },
      {
        "book_name": "Lamentations",
        "book": 25,
        "chapter": 4,
        "verse": 13,
        "text": "Qui ont répandu dans son sein"
      },
      {
        "book_name": "Lamentations",
        "book": 25,
        "chapter": 4,
        "verse": 13,
        "text": "Le sang des justes!"
      },
      {
        "book_name": "Lamentations",
        "book": 25,
        "chapter": 4,
        "verse": 14,
        "text": "Ils erraient en aveugles dans les rues,"
      },
      {
        "book_name": "Lamentations",
        "book": 25,
        "chapter": 4,
        "verse": 14,
        "text": "Souillés de sang;"
      },
      {
        "book_name": "Lamentations",
        "book": 25,
        "chapter": 4,
        "verse": 14,
        "text": "On ne pouvait"
      },
      {
        "book_name": "Lamentations",
        "book": 25,
        "chapter": 4,
        "verse": 14,
        "text": "Toucher leurs vêtements."
      },
      {
        "book_name": "Lamentations",
        "book": 25,
        "chapter": 4,
        "verse": 15,
        "text": "Éloignez-vous, impurs! Leur criait-on,"
      },
      {
        "book_name": "Lamentations",
        "book": 25,
        "chapter": 4,
        "verse": 15,
        "text": "Éloignez-vous, éloignez-vous, ne nous touchez pas!"
      },
      {
        "book_name": "Lamentations",
        "book": 25,
        "chapter": 4,
        "verse": 15,
        "text": "Ils sont en fuite, ils errent çà et là;"
      },
      {
        "book_name": "Lamentations",
        "book": 25,
        "chapter": 4,
        "verse": 15,
        "text": "On dit parmi les nations: Ils n’auront plus leur demeure!"
      },
      {
        "book_name": "Lamentations",
        "book": 25,
        "chapter": 4,
        "verse": 16,
        "text": "L’Éternel les a dispersés dans sa colère,"
      },
      {
        "book_name": "Lamentations",
        "book": 25,
        "chapter": 4,
        "verse": 16,
        "text": "Il ne tourne plus les regards vers eux;"
      },
      {
        "book_name": "Lamentations",
        "book": 25,
        "chapter": 4,
        "verse": 16,
        "text": "On n’a eu ni respect pour les sacrificateurs,"
      },
      {
        "book_name": "Lamentations",
        "book": 25,
        "chapter": 4,
        "verse": 16,
        "text": "Ni pitié pour les vieillards."
      },
      {
        "book_name": "Lamentations",
        "book": 25,
        "chapter": 4,
        "verse": 17,
        "text": "Nos yeux se consumaient encore,"
      },
      {
        "book_name": "Lamentations",
        "book": 25,
        "chapter": 4,
        "verse": 17,
        "text": "Et nous attendions vainement du secours;"
      },
      {
        "book_name": "Lamentations",
        "book": 25,
        "chapter": 4,
        "verse": 17,
        "text": "#    \n        Éz 29:16.  Nos regards se portaient avec espérance"
      },
      {
        "book_name": "Lamentations",
        "book": 25,
        "chapter": 4,
        "verse": 17,
        "text": "Vers une nation qui ne nous a pas délivrés."
      },
      {
        "book_name": "Lamentations",
        "book": 25,
        "chapter": 4,
        "verse": 18,
        "text": "On épiait nos pas,"
      },
      {
        "book_name": "Lamentations",
        "book": 25,
        "chapter": 4,
        "verse": 18,
        "text": "Pour nous empêcher d’aller sur nos places;"
      },
      {
        "book_name": "Lamentations",
        "book": 25,
        "chapter": 4,
        "verse": 18,
        "text": "Notre fin s’approchait, nos jours étaient accomplis…"
      },
      {
        "book_name": "Lamentations",
        "book": 25,
        "chapter": 4,
        "verse": 18,
        "text": "Notre fin est arrivée!"
      },
      {
        "book_name": "Lamentations",
        "book": 25,
        "chapter": 4,
        "verse": 19,
        "text": "Nos persécuteurs étaient plus légers"
      },
      {
        "book_name": "Lamentations",
        "book": 25,
        "chapter": 4,
        "verse": 19,
        "text": "Que les aigles du ciel;"
      },
      {
        "book_name": "Lamentations",
        "book": 25,
        "chapter": 4,
        "verse": 19,
        "text": "Ils nous ont poursuivis sur les montagnes,"
      },
      {
        "book_name": "Lamentations",
        "book": 25,
        "chapter": 4,
        "verse": 19,
        "text": "Ils nous ont dressé des embûches dans le désert."
      },
      {
        "book_name": "Lamentations",
        "book": 25,
        "chapter": 4,
        "verse": 20,
        "text": "Celui qui nous faisait respirer, l’oint de l’Éternel,"
      },
      {
        "book_name": "Lamentations",
        "book": 25,
        "chapter": 4,
        "verse": 20,
        "text": "A été pris dans leurs fosses,"
      },
      {
        "book_name": "Lamentations",
        "book": 25,
        "chapter": 4,
        "verse": 20,
        "text": "Lui de qui nous disions:"
      },
      {
        "book_name": "Lamentations",
        "book": 25,
        "chapter": 4,
        "verse": 20,
        "text": "Nous vivrons sous son ombre parmi les nations."
      },
      {
        "book_name": "Lamentations",
        "book": 25,
        "chapter": 4,
        "verse": 21,
        "text": "Réjouis-toi, tressaille d’allégresse, fille d’Édom,"
      },
      {
        "book_name": "Lamentations",
        "book": 25,
        "chapter": 4,
        "verse": 21,
        "text": "Habitante du pays d’Uts!"
      },
      {
        "book_name": "Lamentations",
        "book": 25,
        "chapter": 4,
        "verse": 21,
        "text": "Vers toi aussi passera la coupe;"
      },
      {
        "book_name": "Lamentations",
        "book": 25,
        "chapter": 4,
        "verse": 21,
        "text": "Tu t’enivreras, et tu seras mise à nu."
      },
      {
        "book_name": "Lamentations",
        "book": 25,
        "chapter": 4,
        "verse": 22,
        "text": "Fille de Sion, ton iniquité est expiée;"
      },
      {
        "book_name": "Lamentations",
        "book": 25,
        "chapter": 4,
        "verse": 22,
        "text": "Il ne t’enverra plus en captivité."
      },
      {
        "book_name": "Lamentations",
        "book": 25,
        "chapter": 4,
        "verse": 22,
        "text": "Fille d’Édom, il châtiera ton iniquité,"
      },
      {
        "book_name": "Lamentations",
        "book": 25,
        "chapter": 4,
        "verse": 22,
        "text": "Il mettra tes péchés à découvert."
      }
    ],
    "5": [
      {
        "book_name": "Lamentations",
        "book": 25,
        "chapter": 5,
        "verse": 1,
        "text": "Prière du peuple oppriméV. 1-22: cf. Ps 79. És 8:17.  1Souviens-toi, Éternel, de ce qui nous est arrivé!Regarde, vois notre opprobre!  2Notre héritage a passé à des étrangers,Nos maisons à des inconnus.  3Nous sommes orphelins, sans père;Nos mères sont comme des veuves.  4Nous buvons notre eau à prix d’argent,Nous payons notre bois.  5Nous sommes poursuivis, le joug sur le cou;Nous sommes épuisés, nous n’avons point de repos.  6Nous avons tendu la main vers l’Égypte, vers l’Assyrie,Pour nous rassasier de pain.  7Nos pères ont péché, ils ne sont plus,Et c’est nous qui portons la peine de leurs iniquités.  8Des esclaves dominent sur nous,Et personne ne nous délivre de leurs mains.  9Nous cherchons notre pain au péril de notre vie,Devant l’épée du désert.  10Notre peau est brûlante comme un four,Par l’ardeur de la faim.  11Ils ont déshonoré les femmes dans Sion,Les vierges dans les villes de Juda.  12Des chefs ont été pendus par leurs mains;La personne des vieillards n’a pas été respectée.  13Les jeunes hommes ont porté la meule,Les enfants chancelaient sous des fardeaux de bois.  14Les vieillards ne vont plus à la porte,Les jeunes hommes ont cessé leurs chants.  15La joie a disparu de nos cœurs,Le deuil a remplacé nos danses.  16La couronne de notre tête est tombée!Malheur à nous, parce que nous avons péché!  17Si notre cœur est souffrant,Si nos yeux sont obscurcis,  18C’est que la montagne de Sion est ravagée,C’est que les renards s’y promènent.  19Toi, l’Éternel, tu règnes à jamais;Ton trône subsiste de génération en génération.  20Pourquoi nous oublierais-tu pour toujours,Nous abandonnerais-tu pour de longues années?  21Fais-nous revenir vers toi, ô Éternel, et nous reviendrons!Donne-nous encore des jours comme ceux d’autrefois!  22Nous aurais-tu entièrement rejetés,Et t’irriterais-tu contre nous jusqu’à l’excès?"
      },
      {
        "book_name": "Lamentations",
        "book": 25,
        "chapter": 5,
        "verse": 1,
        "text": "Souviens-toi, Éternel, de ce qui nous est arrivé!"
      },
      {
        "book_name": "Lamentations",
        "book": 25,
        "chapter": 5,
        "verse": 1,
        "text": "Regarde, vois notre opprobre!"
      },
      {
        "book_name": "Lamentations",
        "book": 25,
        "chapter": 5,
        "verse": 2,
        "text": "Notre héritage a passé à des étrangers,"
      },
      {
        "book_name": "Lamentations",
        "book": 25,
        "chapter": 5,
        "verse": 2,
        "text": "Nos maisons à des inconnus."
      },
      {
        "book_name": "Lamentations",
        "book": 25,
        "chapter": 5,
        "verse": 3,
        "text": "Nous sommes orphelins, sans père;"
      },
      {
        "book_name": "Lamentations",
        "book": 25,
        "chapter": 5,
        "verse": 3,
        "text": "Nos mères sont comme des veuves."
      },
      {
        "book_name": "Lamentations",
        "book": 25,
        "chapter": 5,
        "verse": 4,
        "text": "Nous buvons notre eau à prix d’argent,"
      },
      {
        "book_name": "Lamentations",
        "book": 25,
        "chapter": 5,
        "verse": 4,
        "text": "Nous payons notre bois."
      },
      {
        "book_name": "Lamentations",
        "book": 25,
        "chapter": 5,
        "verse": 5,
        "text": "Nous sommes poursuivis, le joug sur le cou;"
      },
      {
        "book_name": "Lamentations",
        "book": 25,
        "chapter": 5,
        "verse": 5,
        "text": "Nous sommes épuisés, nous n’avons point de repos."
      },
      {
        "book_name": "Lamentations",
        "book": 25,
        "chapter": 5,
        "verse": 6,
        "text": "Nous avons tendu la main vers l’Égypte, vers l’Assyrie,"
      },
      {
        "book_name": "Lamentations",
        "book": 25,
        "chapter": 5,
        "verse": 6,
        "text": "Pour nous rassasier de pain."
      },
      {
        "book_name": "Lamentations",
        "book": 25,
        "chapter": 5,
        "verse": 7,
        "text": "Nos pères ont péché, ils ne sont plus,"
      },
      {
        "book_name": "Lamentations",
        "book": 25,
        "chapter": 5,
        "verse": 7,
        "text": "Et c’est nous qui portons la peine de leurs iniquités."
      },
      {
        "book_name": "Lamentations",
        "book": 25,
        "chapter": 5,
        "verse": 8,
        "text": "Des esclaves dominent sur nous,"
      },
      {
        "book_name": "Lamentations",
        "book": 25,
        "chapter": 5,
        "verse": 8,
        "text": "Et personne ne nous délivre de leurs mains."
      },
      {
        "book_name": "Lamentations",
        "book": 25,
        "chapter": 5,
        "verse": 9,
        "text": "Nous cherchons notre pain au péril de notre vie,"
      },
      {
        "book_name": "Lamentations",
        "book": 25,
        "chapter": 5,
        "verse": 9,
        "text": "Devant l’épée du désert."
      },
      {
        "book_name": "Lamentations",
        "book": 25,
        "chapter": 5,
        "verse": 10,
        "text": "Notre peau est brûlante comme un four,"
      },
      {
        "book_name": "Lamentations",
        "book": 25,
        "chapter": 5,
        "verse": 10,
        "text": "Par l’ardeur de la faim."
      },
      {
        "book_name": "Lamentations",
        "book": 25,
        "chapter": 5,
        "verse": 11,
        "text": "Ils ont déshonoré les femmes dans Sion,"
      },
      {
        "book_name": "Lamentations",
        "book": 25,
        "chapter": 5,
        "verse": 11,
        "text": "Les vierges dans les villes de Juda."
      },
      {
        "book_name": "Lamentations",
        "book": 25,
        "chapter": 5,
        "verse": 12,
        "text": "Des chefs ont été pendus par leurs mains;"
      },
      {
        "book_name": "Lamentations",
        "book": 25,
        "chapter": 5,
        "verse": 12,
        "text": "La personne des vieillards n’a pas été respectée."
      },
      {
        "book_name": "Lamentations",
        "book": 25,
        "chapter": 5,
        "verse": 13,
        "text": "Les jeunes hommes ont porté la meule,"
      },
      {
        "book_name": "Lamentations",
        "book": 25,
        "chapter": 5,
        "verse": 13,
        "text": "Les enfants chancelaient sous des fardeaux de bois."
      },
      {
        "book_name": "Lamentations",
        "book": 25,
        "chapter": 5,
        "verse": 14,
        "text": "Les vieillards ne vont plus à la porte,"
      },
      {
        "book_name": "Lamentations",
        "book": 25,
        "chapter": 5,
        "verse": 14,
        "text": "Les jeunes hommes ont cessé leurs chants."
      },
      {
        "book_name": "Lamentations",
        "book": 25,
        "chapter": 5,
        "verse": 15,
        "text": "La joie a disparu de nos cœurs,"
      },
      {
        "book_name": "Lamentations",
        "book": 25,
        "chapter": 5,
        "verse": 15,
        "text": "Le deuil a remplacé nos danses."
      },
      {
        "book_name": "Lamentations",
        "book": 25,
        "chapter": 5,
        "verse": 16,
        "text": "La couronne de notre tête est tombée!"
      },
      {
        "book_name": "Lamentations",
        "book": 25,
        "chapter": 5,
        "verse": 16,
        "text": "Malheur à nous, parce que nous avons péché!"
      },
      {
        "book_name": "Lamentations",
        "book": 25,
        "chapter": 5,
        "verse": 17,
        "text": "Si notre cœur est souffrant,"
      },
      {
        "book_name": "Lamentations",
        "book": 25,
        "chapter": 5,
        "verse": 17,
        "text": "Si nos yeux sont obscurcis,"
      },
      {
        "book_name": "Lamentations",
        "book": 25,
        "chapter": 5,
        "verse": 18,
        "text": "C’est que la montagne de Sion est ravagée,"
      },
      {
        "book_name": "Lamentations",
        "book": 25,
        "chapter": 5,
        "verse": 18,
        "text": "C’est que les renards s’y promènent."
      },
      {
        "book_name": "Lamentations",
        "book": 25,
        "chapter": 5,
        "verse": 19,
        "text": "Toi, l’Éternel, tu règnes à jamais;"
      },
      {
        "book_name": "Lamentations",
        "book": 25,
        "chapter": 5,
        "verse": 19,
        "text": "Ton trône subsiste de génération en génération."
      },
      {
        "book_name": "Lamentations",
        "book": 25,
        "chapter": 5,
        "verse": 20,
        "text": "Pourquoi nous oublierais-tu pour toujours,"
      },
      {
        "book_name": "Lamentations",
        "book": 25,
        "chapter": 5,
        "verse": 20,
        "text": "Nous abandonnerais-tu pour de longues années?"
      },
      {
        "book_name": "Lamentations",
        "book": 25,
        "chapter": 5,
        "verse": 21,
        "text": "Fais-nous revenir vers toi, ô Éternel, et nous reviendrons!"
      },
      {
        "book_name": "Lamentations",
        "book": 25,
        "chapter": 5,
        "verse": 21,
        "text": "Donne-nous encore des jours comme ceux d’autrefois!"
      },
      {
        "book_name": "Lamentations",
        "book": 25,
        "chapter": 5,
        "verse": 22,
        "text": "Nous aurais-tu entièrement rejetés,"
      },
      {
        "book_name": "Lamentations",
        "book": 25,
        "chapter": 5,
        "verse": 22,
        "text": "Et t’irriterais-tu contre nous jusqu’à l’excès?"
      }
    ]
  }
}