{
  "source": "bible.com",
  "version": "Luis Segond (1910)",
  "book": "Malachi",
  "chapters": {
    "1": [
      {
        "book_name": "Malachi",
        "book": 39,
        "chapter": 1,
        "verse": 1,
        "text": "Ingratitude du peuple, et censures contre les sacrificateursV. 1-5: cf. Ro 9:10-13. (Éz 35. Ab 1.)  1Oracle, parole de l’Éternel à Israël par Malachie.  2Je vous ai aimés, dit l’Éternel.Et vous dites: En quoi nous as-tu aimés?Ésaü n’est-il pas frère de Jacob? Dit l’Éternel.  #    \n        Ro 9:13.  Cependant j’ai aimé Jacob,  3Et j’ai eu de la haine pour Ésaü,J’ai fait de ses montagnes une solitude,J’ai livré son héritage aux chacals du désert.  4Si Édom dit: Nous sommes détruits,Nous relèverons les ruines!Ainsi parle l’Éternel des armées:Qu’ils bâtissent, je renverserai,Et on les appellera pays de la méchanceté,Peuple contre lequel l’Éternel est irrité pour toujours.  5Vos yeux le verront,Et vous direz: Grand est l’ÉternelPar delà les frontières d’Israël!V. 6-14: cf. Mal 2:1-9. Lé 22:18-25. Pr 15:8. Ps 66:18.  6Un fils honore son père, et un serviteur son maître.Si je suis père, où est l’honneur qui m’est dû?Si je suis maître, où est la crainte qu’on a de moi?Dit l’Éternel des armées à vous, sacrificateurs,Qui méprisez mon nom,Et qui dites: En quoi avons-nous méprisé ton nom?  7Vous offrez sur mon autel des aliments impurs,Et vous dites: En quoi t’avons-nous profané?C’est en disant: La table de l’Éternel est méprisable!  8Quand vous offrez en sacrifice une bête aveugle, n’est-ce pas mal?Quand vous en offrez une boiteuse ou infirme, n’est-ce pas mal?Offre-la donc à ton gouverneur!Te recevra-t-il bien, te fera-t-il bon accueil?Dit l’Éternel des armées.  9Priez Dieu maintenant, pour qu’il ait pitié de nous!C’est de vous que cela vient:Vous recevra-t-il favorablement?Dit l’Éternel des armées.  10Lequel de vous fermera les portes,Pour que vous n’allumiez pas en vain le feu sur mon autel?Je ne prends aucun plaisir en vous, dit l’Éternel des armées,  #    \n        És 1:11. Jé 6:20. Am 5:21, 22.  Et les offrandes de votre mainne me sont point agréables.  11Car depuis le lever du soleil jusqu’à son couchant,Mon nom est grand parmi les nations,Et en tout lieu on brûle de l’encens en l’honneur de mon nomEt l’on présente des offrandes pures;Car grand est mon nom parmi les nations,Dit l’Éternel des armées.  12Mais vous, vous le profanez,En disant: La table de l’Éternel est souillée,Et ce qu’elle rapporte est un aliment méprisable.  13Vous dites: Quelle fatigue! Et vous le dédaignez,Dit l’Éternel des armées;Et cependant vous amenez ce qui est dérobé, boiteux ou infirme,Et ce sont les offrandes que vous faites!Puis-je les agréer de vos mains? Dit l’Éternel.  14Maudit soit le trompeur qui a dans son troupeau un mâle,Et qui voue et sacrifie au Seigneur une bête chétive!Car je suis un grand roi, dit l’Éternel des armées,Et mon nom est redoutable parmi les nations."
      },
      {
        "book_name": "Malachi",
        "book": 39,
        "chapter": 1,
        "verse": 1,
        "text": "Oracle, parole de l’Éternel à Israël par Malachie."
      },
      {
        "book_name": "Malachi",
        "book": 39,
        "chapter": 1,
        "verse": 2,
        "text": "Je vous ai aimés, dit l’Éternel."
      },
      {
        "book_name": "Malachi",
        "book": 39,
        "chapter": 1,
        "verse": 2,
        "text": "Et vous dites: En quoi nous as-tu aimés?"
      },
      {
        "book_name": "Malachi",
        "book": 39,
        "chapter": 1,
        "verse": 2,
        "text": "Ésaü n’est-il pas frère de Jacob? Dit l’Éternel."
      },
      {
        "book_name": "Malachi",
        "book": 39,
        "chapter": 1,
        "verse": 2,
        "text": "#    \n        Ro 9:13.  Cependant j’ai aimé Jacob,"
      },
      {
        "book_name": "Malachi",
        "book": 39,
        "chapter": 1,
        "verse": 3,
        "text": "Et j’ai eu de la haine pour Ésaü,"
      },
      {
        "book_name": "Malachi",
        "book": 39,
        "chapter": 1,
        "verse": 3,
        "text": "J’ai fait de ses montagnes une solitude,"
      },
      {
        "book_name": "Malachi",
        "book": 39,
        "chapter": 1,
        "verse": 3,
        "text": "J’ai livré son héritage aux chacals du désert."
      },
      {
        "book_name": "Malachi",
        "book": 39,
        "chapter": 1,
        "verse": 4,
        "text": "Si Édom dit: Nous sommes détruits,"
      },
      {
        "book_name": "Malachi",
        "book": 39,
        "chapter": 1,
        "verse": 4,
        "text": "Nous relèverons les ruines!"
      },
      {
        "book_name": "Malachi",
        "book": 39,
        "chapter": 1,
        "verse": 4,
        "text": "Ainsi parle l’Éternel des armées:"
      },
      {
        "book_name": "Malachi",
        "book": 39,
        "chapter": 1,
        "verse": 4,
        "text": "Qu’ils bâtissent, je renverserai,"
      },
      {
        "book_name": "Malachi",
        "book": 39,
        "chapter": 1,
        "verse": 4,
        "text": "Et on les appellera pays de la méchanceté,"
      },
      {
        "book_name": "Malachi",
        "book": 39,
        "chapter": 1,
        "verse": 4,
        "text": "Peuple contre lequel l’Éternel est irrité pour toujours."
      },
      {
        "book_name": "Malachi",
        "book": 39,
        "chapter": 1,
        "verse": 5,
        "text": "Vos yeux le verront,"
      },
      {
        "book_name": "Malachi",
        "book": 39,
        "chapter": 1,
        "verse": 5,
        "text": "Et vous direz: Grand est l’Éternel"
      },
      {
        "book_name": "Malachi",
        "book": 39,
        "chapter": 1,
        "verse": 5,
        "text": "Par delà les frontières d’Israël!"
      },
      {
        "book_name": "Malachi",
        "book": 39,
        "chapter": 1,
        "verse": 6,
        "text": "Un fils honore son père, et un serviteur son maître."
      },
      {
        "book_name": "Malachi",
        "book": 39,
        "chapter": 1,
        "verse": 6,
        "text": "Si je suis père, où est l’honneur qui m’est dû?"
      },
      {
        "book_name": "Malachi",
        "book": 39,
        "chapter": 1,
        "verse": 6,
        "text": "Si je suis maître, où est la crainte qu’on a de moi?"
      },
      {
        "book_name": "Malachi",
        "book": 39,
        "chapter": 1,
        "verse": 6,
        "text": "Dit l’Éternel des armées à vous, sacrificateurs,"
      },
      {
        "book_name": "Malachi",
        "book": 39,
        "chapter": 1,
        "verse": 6,
        "text": "Qui méprisez mon nom,"
      },
      {
        "book_name": "Malachi",
        "book": 39,
        "chapter": 1,
        "verse": 6,
        "text": "Et qui dites: En quoi avons-nous méprisé ton nom?"
      },
      {
        "book_name": "Malachi",
        "book": 39,
        "chapter": 1,
        "verse": 7,
        "text": "Vous offrez sur mon autel des aliments impurs,"
      },
      {
        "book_name": "Malachi",
        "book": 39,
        "chapter": 1,
        "verse": 7,
        "text": "Et vous dites: En quoi t’avons-nous profané?"
      },
      {
        "book_name": "Malachi",
        "book": 39,
        "chapter": 1,
        "verse": 7,
        "text": "C’est en disant: La table de l’Éternel est méprisable!"
      },
      {
        "book_name": "Malachi",
        "book": 39,
        "chapter": 1,
        "verse": 8,
        "text": "Quand vous offrez en sacrifice une bête aveugle, n’est-ce pas mal?"
      },
      {
        "book_name": "Malachi",
        "book": 39,
        "chapter": 1,
        "verse": 8,
        "text": "Quand vous en offrez une boiteuse ou infirme, n’est-ce pas mal?"
      },
      {
        "book_name": "Malachi",
        "book": 39,
        "chapter": 1,
        "verse": 8,
        "text": "Offre-la donc à ton gouverneur!"
      },
      {
        "book_name": "Malachi",
        "book": 39,
        "chapter": 1,
        "verse": 8,
        "text": "Te recevra-t-il bien, te fera-t-il bon accueil?"
      },
      {
        "book_name": "Malachi",
        "book": 39,
        "chapter": 1,
        "verse": 8,
        "text": "Dit l’Éternel des armées."
      },
      {
        "book_name": "Malachi",
        "book": 39,
        "chapter": 1,
        "verse": 9,
        "text": "Priez Dieu maintenant, pour qu’il ait pitié de nous!"
      },
      {
        "book_name": "Malachi",
        "book": 39,
        "chapter": 1,
        "verse": 9,
        "text": "C’est de vous que cela vient:"
      },
      {
        "book_name": "Malachi",
        "book": 39,
        "chapter": 1,
        "verse": 9,
        "text": "Vous recevra-t-il favorablement?"
      },
      {
        "book_name": "Malachi",
        "book": 39,
        "chapter": 1,
        "verse": 9,
        "text": "Dit l’Éternel des armées."
      },
      {
        "book_name": "Malachi",
        "book": 39,
        "chapter": 1,
        "verse": 10,
        "text": "Lequel de vous fermera les portes,"
      },
      {
        "book_name": "Malachi",
        "book": 39,
        "chapter": 1,
        "verse": 10,
        "text": "Pour que vous n’allumiez pas en vain le feu sur mon autel?"
      },
      {
        "book_name": "Malachi",
        "book": 39,
        "chapter": 1,
        "verse": 10,
        "text": "Je ne prends aucun plaisir en vous, dit l’Éternel des armées,"
      },
      {
        "book_name": "Malachi",
        "book": 39,
        "chapter": 1,
        "verse": 10,
        "text": "#    \n        És 1:11. Jé 6:20. Am 5:21, 22.  Et les offrandes de votre main"
      },
      {
        "book_name": "Malachi",
        "book": 39,
        "chapter": 1,
        "verse": 10,
        "text": "ne me sont point agréables."
      },
      {
        "book_name": "Malachi",
        "book": 39,
        "chapter": 1,
        "verse": 11,
        "text": "Car depuis le lever du soleil jusqu’à son couchant,"
      },
      {
        "book_name": "Malachi",
        "book": 39,
        "chapter": 1,
        "verse": 11,
        "text": "Mon nom est grand parmi les nations,"
      },
      {
        "book_name": "Malachi",
        "book": 39,
        "chapter": 1,
        "verse": 11,
        "text": "Et en tout lieu on brûle de l’encens en l’honneur de mon nom"
      },
      {
        "book_name": "Malachi",
        "book": 39,
        "chapter": 1,
        "verse": 11,
        "text": "Et l’on présente des offrandes pures;"
      },
      {
        "book_name": "Malachi",
        "book": 39,
        "chapter": 1,
        "verse": 11,
        "text": "Car grand est mon nom parmi les nations,"
      },
      {
        "book_name": "Malachi",
        "book": 39,
        "chapter": 1,
        "verse": 11,
        "text": "Dit l’Éternel des armées."
      },
      {
        "book_name": "Malachi",
        "book": 39,
        "chapter": 1,
        "verse": 12,
        "text": "Mais vous, vous le profanez,"
      },
      {
        "book_name": "Malachi",
        "book": 39,
        "chapter": 1,
        "verse": 12,
        "text": "En disant: La table de l’Éternel est souillée,"
      },
      {
        "book_name": "Malachi",
        "book": 39,
        "chapter": 1,
        "verse": 12,
        "text": "Et ce qu’elle rapporte est un aliment méprisable."
      },
      {
        "book_name": "Malachi",
        "book": 39,
        "chapter": 1,
        "verse": 13,
        "text": "Vous dites: Quelle fatigue! Et vous le dédaignez,"
      },
      {
        "book_name": "Malachi",
        "book": 39,
        "chapter": 1,
        "verse": 13,
        "text": "Dit l’Éternel des armées;"
      },
      {
        "book_name": "Malachi",
        "book": 39,
        "chapter": 1,
        "verse": 13,
        "text": "Et cependant vous amenez ce qui est dérobé, boiteux ou infirme,"
      },
      {
        "book_name": "Malachi",
        "book": 39,
        "chapter": 1,
        "verse": 13,
        "text": "Et ce sont les offrandes que vous faites!"
      },
      {
        "book_name": "Malachi",
        "book": 39,
        "chapter": 1,
        "verse": 13,
        "text": "Puis-je les agréer de vos mains? Dit l’Éternel."
      },
      {
        "book_name": "Malachi",
        "book": 39,
        "chapter": 1,
        "verse": 14,
        "text": "Maudit soit le trompeur qui a dans son troupeau un mâle,"
      },
      {
        "book_name": "Malachi",
        "book": 39,
        "chapter": 1,
        "verse": 14,
        "text": "Et qui voue et sacrifie au Seigneur une bête chétive!"
      },
      {
        "book_name": "Malachi",
        "book": 39,
        "chapter": 1,
        "verse": 14,
        "text": "Car je suis un grand roi, dit l’Éternel des armées,"
      },
      {
        "book_name": "Malachi",
        "book": 39,
        "chapter": 1,
        "verse": 14,
        "text": "Et mon nom est redoutable parmi les nations."
      }
    ],
    "2": [
      {
        "book_name": "Malachi",
        "book": 39,
        "chapter": 2,
        "verse": 1,
        "text": "V. 1-9: cf. (De 33:8-11. No 25:11-13.) (Né 13:4-10, 28, 29. 1 S 2:12-17, 27, etc.)  1Maintenant, à vous cet ordre, sacrificateurs!  2Si vous n’écoutez pas, si vous ne prenez pas à cœurDe donner gloire à mon nom, dit l’Éternel des armées,J’enverrai parmi vous la #Lé 26:14. De 28:15.malédiction, et je maudirai vos bénédictions;Oui, je les maudirai, parce que vous ne l’avez pas à cœur.  3Voici, je détruirai vos semences,Et je vous jetterai des excréments au visage,Les excréments des victimes que vous sacrifiez,Et on vous emportera avec eux.  4Vous saurez alors que je vous ai adressé cet ordre,Afin que mon alliance avec Lévi subsiste,Dit l’Éternel des armées.  5Mon alliance avec lui était une alliance de vie et de paix,Ce que je lui accordai pour qu’il me craignît;Et il a eu pour moi de la crainte,Il a tremblé devant mon nom.  6La loi de la vérité était dans sa bouche,Et l’iniquité ne s’est point trouvée sur ses lèvres;Il a marché avec moi dans la paix et dans la droiture,Et il a détourné du mal beaucoup d’hommes.  7Car les lèvres du sacrificateur doivent garder la science,Et c’est à sa bouche qu’on demande la loi,Parce qu’il est un envoyé de l’Éternel des armées.  8Mais vous, vous vous êtes écartés de la voie,Vous avez fait de la loi une occasion de chute pour plusieurs,Vous avez violé l’alliance de Lévi,Dit l’Éternel des armées.  9Et moi, je vous rendrai méprisables et vilsAux yeux de tout le peuple,Parce que vous n’avez pas gardé mes voies,Et que vous avez égard à l’apparence des personnesQuand vous interprétez la loi.Contre les mariages avec des femmes étrangèresV. 10-16: cf. (Esd 9:1-3, 10, 14. Né 13:23-29.) Mt 19:3-9.  10N’avons-nous pas tous un seul père?N’est-ce pas un seul Dieu qui nous a créés?Pourquoi donc sommes-nous infidèles l’un envers l’autre,En profanant l’alliance de nos pères?  11Juda s’est montré infidèle,Et une abomination a été commise en Israël et à Jérusalem;Car Juda a profané ce qui est consacré à l’Éternel, ce qu’aime l’Éternel,Il s’est uni à la fille d’un dieu étranger.  12L’Éternel retranchera l’homme qui fait cela, celui qui veille et qui répond,Il le retranchera des tentes de Jacob,Et il retranchera celui qui présente une offrandeA l’Éternel des armées.  13Voici encore ce que vous faites:Vous couvrez de larmes l’autel de l’Éternel,De pleurs et de gémissements,En sorte qu’il n’a plus égard aux offrandesEt qu’il ne peut rien agréer de vos mains.  14Et vous dites: Pourquoi?…Parce que l’Éternel a été témoin entre toi et la femme de ta jeunesse,A laquelle tu es infidèle,Bien qu’elle soit ta compagne et la femme de ton alliance.  15Nul n’a fait cela, avec un reste de bon sens.Un seul l’a fait, et pourquoi?Parce qu’il cherchait la postérité que Dieu lui avait promise.Prenez donc garde en votre esprit,Et qu’aucun ne soit infidèle à la femme de sa jeunesse!  16Car je hais la répudiation,Dit l’Éternel, le Dieu d’Israël,Et celui qui couvre de violence son vêtement,Dit l’Éternel des armées.Prenez donc garde en votre esprit,Et ne soyez pas infidèles!La rétribution divine2 v. 17 à 3 v. 6: cf. Jé 12:1. Mt 11:7-12; 21:25, 37-44. (Za 13:9. 1 Pi 4:17, 18.)  17Vous fatiguez l’Éternel par vos paroles,Et vous dites: En quoi l’avons-nous fatigué?C’est en disant: Quiconque fait le mal est bon aux yeux de l’Éternel,Et c’est en lui qu’il prend plaisir!Ou bien: Où est le Dieu de la justice?"
      },
      {
        "book_name": "Malachi",
        "book": 39,
        "chapter": 2,
        "verse": 1,
        "text": "Maintenant, à vous cet ordre, sacrificateurs!"
      },
      {
        "book_name": "Malachi",
        "book": 39,
        "chapter": 2,
        "verse": 2,
        "text": "Si vous n’écoutez pas, si vous ne prenez pas à cœur"
      },
      {
        "book_name": "Malachi",
        "book": 39,
        "chapter": 2,
        "verse": 2,
        "text": "De donner gloire à mon nom, dit l’Éternel des armées,"
      },
      {
        "book_name": "Malachi",
        "book": 39,
        "chapter": 2,
        "verse": 2,
        "text": "J’enverrai parmi vous la #Lé 26:14. De 28:15.malédiction, et je maudirai vos bénédictions;"
      },
      {
        "book_name": "Malachi",
        "book": 39,
        "chapter": 2,
        "verse": 2,
        "text": "Oui, je les maudirai, parce que vous ne l’avez pas à cœur."
      },
      {
        "book_name": "Malachi",
        "book": 39,
        "chapter": 2,
        "verse": 3,
        "text": "Voici, je détruirai vos semences,"
      },
      {
        "book_name": "Malachi",
        "book": 39,
        "chapter": 2,
        "verse": 3,
        "text": "Et je vous jetterai des excréments au visage,"
      },
      {
        "book_name": "Malachi",
        "book": 39,
        "chapter": 2,
        "verse": 3,
        "text": "Les excréments des victimes que vous sacrifiez,"
      },
      {
        "book_name": "Malachi",
        "book": 39,
        "chapter": 2,
        "verse": 3,
        "text": "Et on vous emportera avec eux."
      },
      {
        "book_name": "Malachi",
        "book": 39,
        "chapter": 2,
        "verse": 4,
        "text": "Vous saurez alors que je vous ai adressé cet ordre,"
      },
      {
        "book_name": "Malachi",
        "book": 39,
        "chapter": 2,
        "verse": 4,
        "text": "Afin que mon alliance avec Lévi subsiste,"
      },
      {
        "book_name": "Malachi",
        "book": 39,
        "chapter": 2,
        "verse": 4,
        "text": "Dit l’Éternel des armées."
      },
      {
        "book_name": "Malachi",
        "book": 39,
        "chapter": 2,
        "verse": 5,
        "text": "Mon alliance avec lui était une alliance de vie et de paix,"
      },
      {
        "book_name": "Malachi",
        "book": 39,
        "chapter": 2,
        "verse": 5,
        "text": "Ce que je lui accordai pour qu’il me craignît;"
      },
      {
        "book_name": "Malachi",
        "book": 39,
        "chapter": 2,
        "verse": 5,
        "text": "Et il a eu pour moi de la crainte,"
      },
      {
        "book_name": "Malachi",
        "book": 39,
        "chapter": 2,
        "verse": 5,
        "text": "Il a tremblé devant mon nom."
      },
      {
        "book_name": "Malachi",
        "book": 39,
        "chapter": 2,
        "verse": 6,
        "text": "La loi de la vérité était dans sa bouche,"
      },
      {
        "book_name": "Malachi",
        "book": 39,
        "chapter": 2,
        "verse": 6,
        "text": "Et l’iniquité ne s’est point trouvée sur ses lèvres;"
      },
      {
        "book_name": "Malachi",
        "book": 39,
        "chapter": 2,
        "verse": 6,
        "text": "Il a marché avec moi dans la paix et dans la droiture,"
      },
      {
        "book_name": "Malachi",
        "book": 39,
        "chapter": 2,
        "verse": 6,
        "text": "Et il a détourné du mal beaucoup d’hommes."
      },
      {
        "book_name": "Malachi",
        "book": 39,
        "chapter": 2,
        "verse": 7,
        "text": "Car les lèvres du sacrificateur doivent garder la science,"
      },
      {
        "book_name": "Malachi",
        "book": 39,
        "chapter": 2,
        "verse": 7,
        "text": "Et c’est à sa bouche qu’on demande la loi,"
      },
      {
        "book_name": "Malachi",
        "book": 39,
        "chapter": 2,
        "verse": 7,
        "text": "Parce qu’il est un envoyé de l’Éternel des armées."
      },
      {
        "book_name": "Malachi",
        "book": 39,
        "chapter": 2,
        "verse": 8,
        "text": "Mais vous, vous vous êtes écartés de la voie,"
      },
      {
        "book_name": "Malachi",
        "book": 39,
        "chapter": 2,
        "verse": 8,
        "text": "Vous avez fait de la loi une occasion de chute pour plusieurs,"
      },
      {
        "book_name": "Malachi",
        "book": 39,
        "chapter": 2,
        "verse": 8,
        "text": "Vous avez violé l’alliance de Lévi,"
      },
      {
        "book_name": "Malachi",
        "book": 39,
        "chapter": 2,
        "verse": 8,
        "text": "Dit l’Éternel des armées."
      },
      {
        "book_name": "Malachi",
        "book": 39,
        "chapter": 2,
        "verse": 9,
        "text": "Et moi, je vous rendrai méprisables et vils"
      },
      {
        "book_name": "Malachi",
        "book": 39,
        "chapter": 2,
        "verse": 9,
        "text": "Aux yeux de tout le peuple,"
      },
      {
        "book_name": "Malachi",
        "book": 39,
        "chapter": 2,
        "verse": 9,
        "text": "Parce que vous n’avez pas gardé mes voies,"
      },
      {
        "book_name": "Malachi",
        "book": 39,
        "chapter": 2,
        "verse": 9,
        "text": "Et que vous avez égard à l’apparence des personnes"
      },
      {
        "book_name": "Malachi",
        "book": 39,
        "chapter": 2,
        "verse": 9,
        "text": "Quand vous interprétez la loi."
      },
      {
        "book_name": "Malachi",
        "book": 39,
        "chapter": 2,
        "verse": 10,
        "text": "N’avons-nous pas tous un seul père?"
      },
      {
        "book_name": "Malachi",
        "book": 39,
        "chapter": 2,
        "verse": 10,
        "text": "N’est-ce pas un seul Dieu qui nous a créés?"
      },
      {
        "book_name": "Malachi",
        "book": 39,
        "chapter": 2,
        "verse": 10,
        "text": "Pourquoi donc sommes-nous infidèles l’un envers l’autre,"
      },
      {
        "book_name": "Malachi",
        "book": 39,
        "chapter": 2,
        "verse": 10,
        "text": "En profanant l’alliance de nos pères?"
      },
      {
        "book_name": "Malachi",
        "book": 39,
        "chapter": 2,
        "verse": 11,
        "text": "Juda s’est montré infidèle,"
      },
      {
        "book_name": "Malachi",
        "book": 39,
        "chapter": 2,
        "verse": 11,
        "text": "Et une abomination a été commise en Israël et à Jérusalem;"
      },
      {
        "book_name": "Malachi",
        "book": 39,
        "chapter": 2,
        "verse": 11,
        "text": "Car Juda a profané ce qui est consacré à l’Éternel, ce qu’aime l’Éternel,"
      },
      {
        "book_name": "Malachi",
        "book": 39,
        "chapter": 2,
        "verse": 11,
        "text": "Il s’est uni à la fille d’un dieu étranger."
      },
      {
        "book_name": "Malachi",
        "book": 39,
        "chapter": 2,
        "verse": 12,
        "text": "L’Éternel retranchera l’homme qui fait cela, celui qui veille et qui répond,"
      },
      {
        "book_name": "Malachi",
        "book": 39,
        "chapter": 2,
        "verse": 12,
        "text": "Il le retranchera des tentes de Jacob,"
      },
      {
        "book_name": "Malachi",
        "book": 39,
        "chapter": 2,
        "verse": 12,
        "text": "Et il retranchera celui qui présente une offrande"
      },
      {
        "book_name": "Malachi",
        "book": 39,
        "chapter": 2,
        "verse": 12,
        "text": "A l’Éternel des armées."
      },
      {
        "book_name": "Malachi",
        "book": 39,
        "chapter": 2,
        "verse": 13,
        "text": "Voici encore ce que vous faites:"
      },
      {
        "book_name": "Malachi",
        "book": 39,
        "chapter": 2,
        "verse": 13,
        "text": "Vous couvrez de larmes l’autel de l’Éternel,"
      },
      {
        "book_name": "Malachi",
        "book": 39,
        "chapter": 2,
        "verse": 13,
        "text": "De pleurs et de gémissements,"
      },
      {
        "book_name": "Malachi",
        "book": 39,
        "chapter": 2,
        "verse": 13,
        "text": "En sorte qu’il n’a plus égard aux offrandes"
      },
      {
        "book_name": "Malachi",
        "book": 39,
        "chapter": 2,
        "verse": 13,
        "text": "Et qu’il ne peut rien agréer de vos mains."
      },
      {
        "book_name": "Malachi",
        "book": 39,
        "chapter": 2,
        "verse": 14,
        "text": "Et vous dites: Pourquoi?…"
      },
      {
        "book_name": "Malachi",
        "book": 39,
        "chapter": 2,
        "verse": 14,
        "text": "Parce que l’Éternel a été témoin entre toi et la femme de ta jeunesse,"
      },
      {
        "book_name": "Malachi",
        "book": 39,
        "chapter": 2,
        "verse": 14,
        "text": "A laquelle tu es infidèle,"
      },
      {
        "book_name": "Malachi",
        "book": 39,
        "chapter": 2,
        "verse": 14,
        "text": "Bien qu’elle soit ta compagne et la femme de ton alliance."
      },
      {
        "book_name": "Malachi",
        "book": 39,
        "chapter": 2,
        "verse": 15,
        "text": "Nul n’a fait cela, avec un reste de bon sens."
      },
      {
        "book_name": "Malachi",
        "book": 39,
        "chapter": 2,
        "verse": 15,
        "text": "Un seul l’a fait, et pourquoi?"
      },
      {
        "book_name": "Malachi",
        "book": 39,
        "chapter": 2,
        "verse": 15,
        "text": "Parce qu’il cherchait la postérité que Dieu lui avait promise."
      },
      {
        "book_name": "Malachi",
        "book": 39,
        "chapter": 2,
        "verse": 15,
        "text": "Prenez donc garde en votre esprit,"
      },
      {
        "book_name": "Malachi",
        "book": 39,
        "chapter": 2,
        "verse": 15,
        "text": "Et qu’aucun ne soit infidèle à la femme de sa jeunesse!"
      },
      {
        "book_name": "Malachi",
        "book": 39,
        "chapter": 2,
        "verse": 16,
        "text": "Car je hais la répudiation,"
      },
      {
        "book_name": "Malachi",
        "book": 39,
        "chapter": 2,
        "verse": 16,
        "text": "Dit l’Éternel, le Dieu d’Israël,"
      },
      {
        "book_name": "Malachi",
        "book": 39,
        "chapter": 2,
        "verse": 16,
        "text": "Et celui qui couvre de violence son vêtement,"
      },
      {
        "book_name": "Malachi",
        "book": 39,
        "chapter": 2,
        "verse": 16,
        "text": "Dit l’Éternel des armées."
      },
      {
        "book_name": "Malachi",
        "book": 39,
        "chapter": 2,
        "verse": 16,
        "text": "Prenez donc garde en votre esprit,"
      },
      {
        "book_name": "Malachi",
        "book": 39,
        "chapter": 2,
        "verse": 16,
        "text": "Et ne soyez pas infidèles!"
      },
      {
        "book_name": "Malachi",
        "book": 39,
        "chapter": 2,
        "verse": 17,
        "text": "Vous fatiguez l’Éternel par vos paroles,"
      },
      {
        "book_name": "Malachi",
        "book": 39,
        "chapter": 2,
        "verse": 17,
        "text": "Et vous dites: En quoi l’avons-nous fatigué?"
      },
      {
        "book_name": "Malachi",
        "book": 39,
        "chapter": 2,
        "verse": 17,
        "text": "C’est en disant: Quiconque fait le mal est bon aux yeux de l’Éternel,"
      },
      {
        "book_name": "Malachi",
        "book": 39,
        "chapter": 2,
        "verse": 17,
        "text": "Et c’est en lui qu’il prend plaisir!"
      },
      {
        "book_name": "Malachi",
        "book": 39,
        "chapter": 2,
        "verse": 17,
        "text": "Ou bien: Où est le Dieu de la justice?"
      }
    ],
    "3": [
      {
        "book_name": "Malachi",
        "book": 39,
        "chapter": 3,
        "verse": 1,
        "text": "1Voici, #Mt 11:10. Mc 1:2. Lu 1:76; 7:27.j’enverrai mon messager;Il préparera le chemin devant moi.Et soudain entrera dans son temple le Seigneur que vous cherchez;Et le messager de l’alliance que vous désirez, voici, il vient,Dit l’Éternel des armées.  2Qui pourra soutenir le jour de sa venue?Qui restera debout quand il paraîtra?Car il sera comme le feu du fondeur,Comme la potasse des foulons.  3Il s’assiéra, fondra et purifiera l’argent;Il purifiera les fils de Lévi,Il les épurera comme on épure l’or et l’argent,Et ils présenteront à l’Éternel des offrandes avec justice.  4Alors l’offrande de Juda et de Jérusalem sera agréable à l’Éternel,Comme aux anciens jours, comme aux années d’autrefois.  5Je m’approcherai de vous pour le jugement,Et je me hâterai de témoigner contre les enchanteurs et les adultères,Contre ceux #Ex 20:7.qui jurent faussement,Contre ceux qui retiennent le salaire du mercenaire,  #    \n        Ex 22:22. De 24:17. Am 2:7.  Qui oppriment la veuve et l’orphelin,Qui font tort à l’étranger, et ne me craignent pas,Dit l’Éternel des armées.  6Car je suis l’Éternel, #Ps 33:11. Pr 19:21. És 15:26, 27; 25:9; 46:10.je ne change pas;Et vous, enfants de Jacob, vous n’avez pas été consumés.V. 7-12: cf. (Mal 1:12-14. Né 13:10-12.) (2 Ch 31:10. Pr 3:9, 10.)  7Depuis le temps de vos pères, vous vous êtes écartés de mes ordonnances,Vous ne les avez point observées.  #    \n        Za 1:3.  Revenez à moi, et je reviendrai à vous,Dit l’Éternel des armées.Et vous dites: En quoi devons-nous revenir?  8Un homme trompe-t-il Dieu? Car vous me trompez,Et vous dites: En quoi t’avons-nous trompé?Dans les dîmes et les offrandes.  9Vous êtes frappés par la malédiction,Et vous me trompez,La nation tout entière!  10Apportez à la maison du trésor toutes les dîmes,Afin qu’il y ait de la nourriture dans ma maison;Mettez-moi de la sorte à l’épreuve,Dit l’Éternel des armées.Et vous verrez si je n’ouvre pas pour vous les écluses des cieux,Si je ne répands pas sur vous la bénédiction en abondance.  11Pour vous je menacerai celui qui dévore,Et il ne vous détruira pas les fruits de la terre,Et la vigne ne sera pas stérile dans vos campagnes,Dit l’Éternel des armées.  12Toutes les nations vous diront heureux,Car vous serez un pays de délices,Dit l’Éternel des armées.V. 13-18: cf. Job 34:7-9. Mal 2:17; 4:1-3. És 3:10, 11.  13  #    \n        Job 21:14, 15.  Vos paroles sont rudes contre moi, dit l’Éternel.Et vous dites: Qu’avons-nous dit contre toi?  14Vous avez dit: C’est en vain que l’on sert Dieu;Qu’avons-nous gagné à observer ses préceptes,Et à marcher avec tristesseA cause de l’Éternel des armées?  15Maintenant nous estimons heureux les hautains;Oui, les méchants prospèrent;Oui, ils tentent Dieu, et ils échappent!  16Alors ceux qui craignent l’Éternel se parlèrent l’un à l’autre;L’Éternel fut attentif, et il écouta;Et un livre de souvenir fut écrit devant luiPour ceux qui craignent l’ÉternelEt qui honorent son nom.  17Ils seront à moi, dit l’Éternel des armées,Ils m’appartiendront, au jour que je prépare;J’aurai compassion d’eux,Comme un homme a compassion de son fils qui le sert.  18Et vous verrez de nouveau la différenceEntre le juste et le méchant,Entre celui qui sert DieuEt celui qui ne le sert pas."
      },
      {
        "book_name": "Malachi",
        "book": 39,
        "chapter": 3,
        "verse": 1,
        "text": "Voici, #Mt 11:10. Mc 1:2. Lu 1:76; 7:27.j’enverrai mon messager;"
      },
      {
        "book_name": "Malachi",
        "book": 39,
        "chapter": 3,
        "verse": 1,
        "text": "Il préparera le chemin devant moi."
      },
      {
        "book_name": "Malachi",
        "book": 39,
        "chapter": 3,
        "verse": 1,
        "text": "Et soudain entrera dans son temple le Seigneur que vous cherchez;"
      },
      {
        "book_name": "Malachi",
        "book": 39,
        "chapter": 3,
        "verse": 1,
        "text": "Et le messager de l’alliance que vous désirez, voici, il vient,"
      },
      {
        "book_name": "Malachi",
        "book": 39,
        "chapter": 3,
        "verse": 1,
        "text": "Dit l’Éternel des armées."
      },
      {
        "book_name": "Malachi",
        "book": 39,
        "chapter": 3,
        "verse": 2,
        "text": "Qui pourra soutenir le jour de sa venue?"
      },
      {
        "book_name": "Malachi",
        "book": 39,
        "chapter": 3,
        "verse": 2,
        "text": "Qui restera debout quand il paraîtra?"
      },
      {
        "book_name": "Malachi",
        "book": 39,
        "chapter": 3,
        "verse": 2,
        "text": "Car il sera comme le feu du fondeur,"
      },
      {
        "book_name": "Malachi",
        "book": 39,
        "chapter": 3,
        "verse": 2,
        "text": "Comme la potasse des foulons."
      },
      {
        "book_name": "Malachi",
        "book": 39,
        "chapter": 3,
        "verse": 3,
        "text": "Il s’assiéra, fondra et purifiera l’argent;"
      },
      {
        "book_name": "Malachi",
        "book": 39,
        "chapter": 3,
        "verse": 3,
        "text": "Il purifiera les fils de Lévi,"
      },
      {
        "book_name": "Malachi",
        "book": 39,
        "chapter": 3,
        "verse": 3,
        "text": "Il les épurera comme on épure l’or et l’argent,"
      },
      {
        "book_name": "Malachi",
        "book": 39,
        "chapter": 3,
        "verse": 3,
        "text": "Et ils présenteront à l’Éternel des offrandes avec justice."
      },
      {
        "book_name": "Malachi",
        "book": 39,
        "chapter": 3,
        "verse": 4,
        "text": "Alors l’offrande de Juda et de Jérusalem sera agréable à l’Éternel,"
      },
      {
        "book_name": "Malachi",
        "book": 39,
        "chapter": 3,
        "verse": 4,
        "text": "Comme aux anciens jours, comme aux années d’autrefois."
      },
      {
        "book_name": "Malachi",
        "book": 39,
        "chapter": 3,
        "verse": 5,
        "text": "Je m’approcherai de vous pour le jugement,"
      },
      {
        "book_name": "Malachi",
        "book": 39,
        "chapter": 3,
        "verse": 5,
        "text": "Et je me hâterai de témoigner contre les enchanteurs et les adultères,"
      },
      {
        "book_name": "Malachi",
        "book": 39,
        "chapter": 3,
        "verse": 5,
        "text": "Contre ceux #Ex 20:7.qui jurent faussement,"
      },
      {
        "book_name": "Malachi",
        "book": 39,
        "chapter": 3,
        "verse": 5,
        "text": "Contre ceux qui retiennent le salaire du mercenaire,"
      },
      {
        "book_name": "Malachi",
        "book": 39,
        "chapter": 3,
        "verse": 5,
        "text": "#    \n        Ex 22:22. De 24:17. Am 2:7.  Qui oppriment la veuve et l’orphelin,"
      },
      {
        "book_name": "Malachi",
        "book": 39,
        "chapter": 3,
        "verse": 5,
        "text": "Qui font tort à l’étranger, et ne me craignent pas,"
      },
      {
        "book_name": "Malachi",
        "book": 39,
        "chapter": 3,
        "verse": 5,
        "text": "Dit l’Éternel des armées."
      },
      {
        "book_name": "Malachi",
        "book": 39,
        "chapter": 3,
        "verse": 6,
        "text": "Car je suis l’Éternel, #Ps 33:11. Pr 19:21. És 15:26, 27; 25:9; 46:10.je ne change pas;"
      },
      {
        "book_name": "Malachi",
        "book": 39,
        "chapter": 3,
        "verse": 6,
        "text": "Et vous, enfants de Jacob, vous n’avez pas été consumés."
      },
      {
        "book_name": "Malachi",
        "book": 39,
        "chapter": 3,
        "verse": 7,
        "text": "Depuis le temps de vos pères, vous vous êtes écartés de mes ordonnances,"
      },
      {
        "book_name": "Malachi",
        "book": 39,
        "chapter": 3,
        "verse": 7,
        "text": "Vous ne les avez point observées."
      },
      {
        "book_name": "Malachi",
        "book": 39,
        "chapter": 3,
        "verse": 7,
        "text": "#    \n        Za 1:3.  Revenez à moi, et je reviendrai à vous,"
      },
      {
        "book_name": "Malachi",
        "book": 39,
        "chapter": 3,
        "verse": 7,
        "text": "Dit l’Éternel des armées."
      },
      {
        "book_name": "Malachi",
        "book": 39,
        "chapter": 3,
        "verse": 7,
        "text": "Et vous dites: En quoi devons-nous revenir?"
      },
      {
        "book_name": "Malachi",
        "book": 39,
        "chapter": 3,
        "verse": 8,
        "text": "Un homme trompe-t-il Dieu? Car vous me trompez,"
      },
      {
        "book_name": "Malachi",
        "book": 39,
        "chapter": 3,
        "verse": 8,
        "text": "Et vous dites: En quoi t’avons-nous trompé?"
      },
      {
        "book_name": "Malachi",
        "book": 39,
        "chapter": 3,
        "verse": 8,
        "text": "Dans les dîmes et les offrandes."
      },
      {
        "book_name": "Malachi",
        "book": 39,
        "chapter": 3,
        "verse": 9,
        "text": "Vous êtes frappés par la malédiction,"
      },
      {
        "book_name": "Malachi",
        "book": 39,
        "chapter": 3,
        "verse": 9,
        "text": "Et vous me trompez,"
      },
      {
        "book_name": "Malachi",
        "book": 39,
        "chapter": 3,
        "verse": 9,
        "text": "La nation tout entière!"
      },
      {
        "book_name": "Malachi",
        "book": 39,
        "chapter": 3,
        "verse": 10,
        "text": "Apportez à la maison du trésor toutes les dîmes,"
      },
      {
        "book_name": "Malachi",
        "book": 39,
        "chapter": 3,
        "verse": 10,
        "text": "Afin qu’il y ait de la nourriture dans ma maison;"
      },
      {
        "book_name": "Malachi",
        "book": 39,
        "chapter": 3,
        "verse": 10,
        "text": "Mettez-moi de la sorte à l’épreuve,"
      },
      {
        "book_name": "Malachi",
        "book": 39,
        "chapter": 3,
        "verse": 10,
        "text": "Dit l’Éternel des armées."
      },
      {
        "book_name": "Malachi",
        "book": 39,
        "chapter": 3,
        "verse": 10,
        "text": "Et vous verrez si je n’ouvre pas pour vous les écluses des cieux,"
      },
      {
        "book_name": "Malachi",
        "book": 39,
        "chapter": 3,
        "verse": 10,
        "text": "Si je ne répands pas sur vous la bénédiction en abondance."
      },
      {
        "book_name": "Malachi",
        "book": 39,
        "chapter": 3,
        "verse": 11,
        "text": "Pour vous je menacerai celui qui dévore,"
      },
      {
        "book_name": "Malachi",
        "book": 39,
        "chapter": 3,
        "verse": 11,
        "text": "Et il ne vous détruira pas les fruits de la terre,"
      },
      {
        "book_name": "Malachi",
        "book": 39,
        "chapter": 3,
        "verse": 11,
        "text": "Et la vigne ne sera pas stérile dans vos campagnes,"
      },
      {
        "book_name": "Malachi",
        "book": 39,
        "chapter": 3,
        "verse": 11,
        "text": "Dit l’Éternel des armées."
      },
      {
        "book_name": "Malachi",
        "book": 39,
        "chapter": 3,
        "verse": 12,
        "text": "Toutes les nations vous diront heureux,"
      },
      {
        "book_name": "Malachi",
        "book": 39,
        "chapter": 3,
        "verse": 12,
        "text": "Car vous serez un pays de délices,"
      },
      {
        "book_name": "Malachi",
        "book": 39,
        "chapter": 3,
        "verse": 12,
        "text": "Dit l’Éternel des armées."
      },
      {
        "book_name": "Malachi",
        "book": 39,
        "chapter": 3,
        "verse": 13,
        "text": "#    \n        Job 21:14, 15.  Vos paroles sont rudes contre moi, dit l’Éternel."
      },
      {
        "book_name": "Malachi",
        "book": 39,
        "chapter": 3,
        "verse": 13,
        "text": "Et vous dites: Qu’avons-nous dit contre toi?"
      },
      {
        "book_name": "Malachi",
        "book": 39,
        "chapter": 3,
        "verse": 14,
        "text": "Vous avez dit: C’est en vain que l’on sert Dieu;"
      },
      {
        "book_name": "Malachi",
        "book": 39,
        "chapter": 3,
        "verse": 14,
        "text": "Qu’avons-nous gagné à observer ses préceptes,"
      },
      {
        "book_name": "Malachi",
        "book": 39,
        "chapter": 3,
        "verse": 14,
        "text": "Et à marcher avec tristesse"
      },
      {
        "book_name": "Malachi",
        "book": 39,
        "chapter": 3,
        "verse": 14,
        "text": "A cause de l’Éternel des armées?"
      },
      {
        "book_name": "Malachi",
        "book": 39,
        "chapter": 3,
        "verse": 15,
        "text": "Maintenant nous estimons heureux les hautains;"
      },
      {
        "book_name": "Malachi",
        "book": 39,
        "chapter": 3,
        "verse": 15,
        "text": "Oui, les méchants prospèrent;"
      },
      {
        "book_name": "Malachi",
        "book": 39,
        "chapter": 3,
        "verse": 15,
        "text": "Oui, ils tentent Dieu, et ils échappent!"
      },
      {
        "book_name": "Malachi",
        "book": 39,
        "chapter": 3,
        "verse": 16,
        "text": "Alors ceux qui craignent l’Éternel se parlèrent l’un à l’autre;"
      },
      {
        "book_name": "Malachi",
        "book": 39,
        "chapter": 3,
        "verse": 16,
        "text": "L’Éternel fut attentif, et il écouta;"
      },
      {
        "book_name": "Malachi",
        "book": 39,
        "chapter": 3,
        "verse": 16,
        "text": "Et un livre de souvenir fut écrit devant lui"
      },
      {
        "book_name": "Malachi",
        "book": 39,
        "chapter": 3,
        "verse": 16,
        "text": "Pour ceux qui craignent l’Éternel"
      },
      {
        "book_name": "Malachi",
        "book": 39,
        "chapter": 3,
        "verse": 16,
        "text": "Et qui honorent son nom."
      },
      {
        "book_name": "Malachi",
        "book": 39,
        "chapter": 3,
        "verse": 17,
        "text": "Ils seront à moi, dit l’Éternel des armées,"
      },
      {
        "book_name": "Malachi",
        "book": 39,
        "chapter": 3,
        "verse": 17,
        "text": "Ils m’appartiendront, au jour que je prépare;"
      },
      {
        "book_name": "Malachi",
        "book": 39,
        "chapter": 3,
        "verse": 17,
        "text": "J’aurai compassion d’eux,"
      },
      {
        "book_name": "Malachi",
        "book": 39,
        "chapter": 3,
        "verse": 17,
        "text": "Comme un homme a compassion de son fils qui le sert."
      },
      {
        "book_name": "Malachi",
        "book": 39,
        "chapter": 3,
        "verse": 18,
        "text": "Et vous verrez de nouveau la différence"
      },
      {
        "book_name": "Malachi",
        "book": 39,
        "chapter": 3,
        "verse": 18,
        "text": "Entre le juste et le méchant,"
      },
      {
        "book_name": "Malachi",
        "book": 39,
        "chapter": 3,
        "verse": 18,
        "text": "Entre celui qui sert Dieu"
      },
      {
        "book_name": "Malachi",
        "book": 39,
        "chapter": 3,
        "verse": 18,
        "text": "Et celui qui ne le sert pas."
      }
    ],
    "4": [
      {
        "book_name": "Malachi",
        "book": 39,
        "chapter": 4,
        "verse": 1,
        "text": "V. 1-3: cf. Mt 24. (2 Th 1:6-10. 2 Pi 3:7, 10-14.)  1Car voici, le jour vient,Ardent comme une fournaise.Tous les hautains et tous les méchants seront comme du #Ab v. 18.chaume;Le jour qui vient les embrasera,Dit l’Éternel des armées,Il ne leur laissera ni racine ni rameau.  2Mais pour vous qui craignez mon nom, se lèveraLe soleil de la justice,Et la guérison sera sous ses ailes;Vous sortirez, et vous sauterez comme les veaux d’une étable,  3Et vous foulerez les méchants,Car ils seront comme de la cendreSous la plante de vos pieds,Au jour que je prépare,Dit l’Éternel des armées.V. 4-6: cf. Lu 1:13-17. Mt 17:10-13.  4  #    \n        De 6:3.  Souvenez-vous de la loi de Moïse, mon serviteur,Auquel j’ai prescrit en Horeb, pour tout Israël,Des préceptes et des ordonnances.  5Voici, je vous enverrai #Mt 11:14; 17:11, 12, 13. Mc 9:11, 12, 13. Lu 1:17.Élie, le prophète,Avant que le jour de l’Éternel arrive,Ce jour grand et redoutable.  6Il ramènera le cœur des pères à leurs enfants,Et le cœur des enfants à leurs pères,De peur que je ne vienne frapper le pays d’interdit."
      },
      {
        "book_name": "Malachi",
        "book": 39,
        "chapter": 4,
        "verse": 1,
        "text": "Car voici, le jour vient,"
      },
      {
        "book_name": "Malachi",
        "book": 39,
        "chapter": 4,
        "verse": 1,
        "text": "Ardent comme une fournaise."
      },
      {
        "book_name": "Malachi",
        "book": 39,
        "chapter": 4,
        "verse": 1,
        "text": "Tous les hautains et tous les méchants seront comme du #Ab v. 18.chaume;"
      },
      {
        "book_name": "Malachi",
        "book": 39,
        "chapter": 4,
        "verse": 1,
        "text": "Le jour qui vient les embrasera,"
      },
      {
        "book_name": "Malachi",
        "book": 39,
        "chapter": 4,
        "verse": 1,
        "text": "Dit l’Éternel des armées,"
      },
      {
        "book_name": "Malachi",
        "book": 39,
        "chapter": 4,
        "verse": 1,
        "text": "Il ne leur laissera ni racine ni rameau."
      },
      {
        "book_name": "Malachi",
        "book": 39,
        "chapter": 4,
        "verse": 2,
        "text": "Mais pour vous qui craignez mon nom, se lèvera"
      },
      {
        "book_name": "Malachi",
        "book": 39,
        "chapter": 4,
        "verse": 2,
        "text": "Le soleil de la justice,"
      },
      {
        "book_name": "Malachi",
        "book": 39,
        "chapter": 4,
        "verse": 2,
        "text": "Et la guérison sera sous ses ailes;"
      },
      {
        "book_name": "Malachi",
        "book": 39,
        "chapter": 4,
        "verse": 2,
        "text": "Vous sortirez, et vous sauterez comme les veaux d’une étable,"
      },
      {
        "book_name": "Malachi",
        "book": 39,
        "chapter": 4,
        "verse": 3,
        "text": "Et vous foulerez les méchants,"
      },
      {
        "book_name": "Malachi",
        "book": 39,
        "chapter": 4,
        "verse": 3,
        "text": "Car ils seront comme de la cendre"
      },
      {
        "book_name": "Malachi",
        "book": 39,
        "chapter": 4,
        "verse": 3,
        "text": "Sous la plante de vos pieds,"
      },
      {
        "book_name": "Malachi",
        "book": 39,
        "chapter": 4,
        "verse": 3,
        "text": "Au jour que je prépare,"
      },
      {
        "book_name": "Malachi",
        "book": 39,
        "chapter": 4,
        "verse": 3,
        "text": "Dit l’Éternel des armées."
      },
      {
        "book_name": "Malachi",
        "book": 39,
        "chapter": 4,
        "verse": 4,
        "text": "#    \n        De 6:3.  Souvenez-vous de la loi de Moïse, mon serviteur,"
      },
      {
        "book_name": "Malachi",
        "book": 39,
        "chapter": 4,
        "verse": 4,
        "text": "Auquel j’ai prescrit en Horeb, pour tout Israël,"
      },
      {
        "book_name": "Malachi",
        "book": 39,
        "chapter": 4,
        "verse": 4,
        "text": "Des préceptes et des ordonnances."
      },
      {
        "book_name": "Malachi",
        "book": 39,
        "chapter": 4,
        "verse": 5,
        "text": "Voici, je vous enverrai #Mt 11:14; 17:11, 12, 13. Mc 9:11, 12, 13. Lu 1:17.Élie, le prophète,"
      },
      {
        "book_name": "Malachi",
        "book": 39,
        "chapter": 4,
        "verse": 5,
        "text": "Avant que le jour de l’Éternel arrive,"
      },
      {
        "book_name": "Malachi",
        "book": 39,
        "chapter": 4,
        "verse": 5,
        "text": "Ce jour grand et redoutable."
      },
      {
        "book_name": "Malachi",
        "book": 39,
        "chapter": 4,
        "verse": 6,
        "text": "Il ramènera le cœur des pères à leurs enfants,"
      },
      {
        "book_name": "Malachi",
        "book": 39,
        "chapter": 4,
        "verse": 6,
        "text": "Et le cœur des enfants à leurs pères,"
      },
      {
        "book_name": "Malachi",
        "book": 39,
        "chapter": 4,
        "verse": 6,
        "text": "De peur que je ne vienne frapper le pays d’interdit."
      }
    ]
  }
}