{
  "source": "bible.com",
  "version": "Luis Segond (1910)",
  "book": "Micha",
  "chapters": {
    "1": [
      {
        "book_name": "Micha",
        "book": 33,
        "chapter": 1,
        "verse": 1,
        "text": "Menaces de l’Éternel contre Israël et JudaV. 1-7: cf. Ps 50:1-4. (Os 8:1-6; 13:16. 2 R 18:9-12.)  1La parole de l’Éternel fut adressée à Michée, de Moréscheth, au temps de Jotham, d’Achaz, d’Ézéchias, rois de Juda, prophétie sur Samarie et Jérusalem.  2Écoutez, #De 32:1. És 1:2.vous tous, peuples!Sois attentive, terre, et ce qui est en toi!Que le Seigneur, l’Éternel, soit témoin contre vous,Le Seigneur qui est dans le palais de sa sainteté!  3Car voici, #És 26:21.l’Éternel sort de sa demeure,Il #Ps 115:3.descend, il marche sur les #De 32:13; 33:29.hauteurs de la terre.  4  #    \n        Ps 97:5. Am 9:5.  Sous lui les montagnes se fondent,Les vallées s’entr’ouvrent,Comme la cire devant le feu,Comme l’eau qui coule sur une pente.  5Et tout cela à cause du crime de Jacob,A cause des péchés de la maison d’Israël!Quel est le crime de Jacob? N’est-ce pas Samarie?Quels sont les hauts lieux de Juda? N’est-ce pas Jérusalem?…  6Je ferai de Samarie un monceau de pierres dans les champs,Un lieu pour planter de la vigne;Je précipiterai ses pierres dans la vallée,Je mettrai à nu ses fondements.  7Toutes ses images taillées seront brisées,Tous ses salaires impurs seront brûlés au feu,Et je ravagerai toutes ses idoles:Recueillies avec le salaire de la prostitution,Elles deviendront un salaire de prostitution…V. 8-16: cf. És 36:1, 2; 10:28, etc.  8C’est pourquoi je pleurerai, je me lamenterai,Je marcherai déchaussé et nu,Je pousserai des cris comme le #Job 30:29.chacal,Et des gémissements comme l’autruche.  9Car sa plaie est douloureuse;Elle s’étend jusqu’à Juda,Elle pénètre jusqu’à la porte de mon peuple,Jusqu’à Jérusalem.  10  #    \n        2 S 1:20.  Ne l’annoncez point dans Gath,Ne pleurez point dans Acco!  #    \n        Jé 6:26.  Je me roule dans la poussière à Beth-Leaphra.  11Passe, habitante de Schaphir, dans la #És 47:3.nudité et la honte!L’habitante de Tsaanan n’ose sortir,Le deuil de Beth-Haëtsel vous prive de son abri.  12L’habitante de Maroth tremble pour son salut,  #    \n        Am 3:6.  Car le malheur est descendu de la part de l’ÉternelJusqu’à la porte de Jérusalem.  13Attelle les coursiers à ton char,Habitante de Lakisch!Tu as été pour la fille de Sion une première cause de péché,Car en toi se sont trouvés les crimes d’Israël.  14C’est pourquoi tu renonceras à Moréschet-Gath;Les maisons d’Aczib seront une source trompeusePour les rois d’Israël.  15Je t’amènerai un nouveau maître, habitante de Maréscha;La gloire d’Israël s’en ira jusqu’à Adullam.  16Rase-toi, coupe ta chevelure,A cause de tes enfants chéris!Rends-toi chauve comme l’aigle,Car ils s’en vont en captivité loin de toi!"
      },
      {
        "book_name": "Micha",
        "book": 33,
        "chapter": 1,
        "verse": 1,
        "text": "La parole de l’Éternel fut adressée à Michée, de Moréscheth, au temps de Jotham, d’Achaz, d’Ézéchias, rois de Juda, prophétie sur Samarie et Jérusalem."
      },
      {
        "book_name": "Micha",
        "book": 33,
        "chapter": 1,
        "verse": 2,
        "text": "Écoutez, #De 32:1. És 1:2.vous tous, peuples!"
      },
      {
        "book_name": "Micha",
        "book": 33,
        "chapter": 1,
        "verse": 2,
        "text": "Sois attentive, terre, et ce qui est en toi!"
      },
      {
        "book_name": "Micha",
        "book": 33,
        "chapter": 1,
        "verse": 2,
        "text": "Que le Seigneur, l’Éternel, soit témoin contre vous,"
      },
      {
        "book_name": "Micha",
        "book": 33,
        "chapter": 1,
        "verse": 2,
        "text": "Le Seigneur qui est dans le palais de sa sainteté!"
      },
      {
        "book_name": "Micha",
        "book": 33,
        "chapter": 1,
        "verse": 3,
        "text": "Car voici, #És 26:21.l’Éternel sort de sa demeure,"
      },
      {
        "book_name": "Micha",
        "book": 33,
        "chapter": 1,
        "verse": 3,
        "text": "Il #Ps 115:3.descend, il marche sur les #De 32:13; 33:29.hauteurs de la terre."
      },
      {
        "book_name": "Micha",
        "book": 33,
        "chapter": 1,
        "verse": 4,
        "text": "#    \n        Ps 97:5. Am 9:5.  Sous lui les montagnes se fondent,"
      },
      {
        "book_name": "Micha",
        "book": 33,
        "chapter": 1,
        "verse": 4,
        "text": "Les vallées s’entr’ouvrent,"
      },
      {
        "book_name": "Micha",
        "book": 33,
        "chapter": 1,
        "verse": 4,
        "text": "Comme la cire devant le feu,"
      },
      {
        "book_name": "Micha",
        "book": 33,
        "chapter": 1,
        "verse": 4,
        "text": "Comme l’eau qui coule sur une pente."
      },
      {
        "book_name": "Micha",
        "book": 33,
        "chapter": 1,
        "verse": 5,
        "text": "Et tout cela à cause du crime de Jacob,"
      },
      {
        "book_name": "Micha",
        "book": 33,
        "chapter": 1,
        "verse": 5,
        "text": "A cause des péchés de la maison d’Israël!"
      },
      {
        "book_name": "Micha",
        "book": 33,
        "chapter": 1,
        "verse": 5,
        "text": "Quel est le crime de Jacob? N’est-ce pas Samarie?"
      },
      {
        "book_name": "Micha",
        "book": 33,
        "chapter": 1,
        "verse": 5,
        "text": "Quels sont les hauts lieux de Juda? N’est-ce pas Jérusalem?…"
      },
      {
        "book_name": "Micha",
        "book": 33,
        "chapter": 1,
        "verse": 6,
        "text": "Je ferai de Samarie un monceau de pierres dans les champs,"
      },
      {
        "book_name": "Micha",
        "book": 33,
        "chapter": 1,
        "verse": 6,
        "text": "Un lieu pour planter de la vigne;"
      },
      {
        "book_name": "Micha",
        "book": 33,
        "chapter": 1,
        "verse": 6,
        "text": "Je précipiterai ses pierres dans la vallée,"
      },
      {
        "book_name": "Micha",
        "book": 33,
        "chapter": 1,
        "verse": 6,
        "text": "Je mettrai à nu ses fondements."
      },
      {
        "book_name": "Micha",
        "book": 33,
        "chapter": 1,
        "verse": 7,
        "text": "Toutes ses images taillées seront brisées,"
      },
      {
        "book_name": "Micha",
        "book": 33,
        "chapter": 1,
        "verse": 7,
        "text": "Tous ses salaires impurs seront brûlés au feu,"
      },
      {
        "book_name": "Micha",
        "book": 33,
        "chapter": 1,
        "verse": 7,
        "text": "Et je ravagerai toutes ses idoles:"
      },
      {
        "book_name": "Micha",
        "book": 33,
        "chapter": 1,
        "verse": 7,
        "text": "Recueillies avec le salaire de la prostitution,"
      },
      {
        "book_name": "Micha",
        "book": 33,
        "chapter": 1,
        "verse": 7,
        "text": "Elles deviendront un salaire de prostitution…"
      },
      {
        "book_name": "Micha",
        "book": 33,
        "chapter": 1,
        "verse": 8,
        "text": "C’est pourquoi je pleurerai, je me lamenterai,"
      },
      {
        "book_name": "Micha",
        "book": 33,
        "chapter": 1,
        "verse": 8,
        "text": "Je marcherai déchaussé et nu,"
      },
      {
        "book_name": "Micha",
        "book": 33,
        "chapter": 1,
        "verse": 8,
        "text": "Je pousserai des cris comme le #Job 30:29.chacal,"
      },
      {
        "book_name": "Micha",
        "book": 33,
        "chapter": 1,
        "verse": 8,
        "text": "Et des gémissements comme l’autruche."
      },
      {
        "book_name": "Micha",
        "book": 33,
        "chapter": 1,
        "verse": 9,
        "text": "Car sa plaie est douloureuse;"
      },
      {
        "book_name": "Micha",
        "book": 33,
        "chapter": 1,
        "verse": 9,
        "text": "Elle s’étend jusqu’à Juda,"
      },
      {
        "book_name": "Micha",
        "book": 33,
        "chapter": 1,
        "verse": 9,
        "text": "Elle pénètre jusqu’à la porte de mon peuple,"
      },
      {
        "book_name": "Micha",
        "book": 33,
        "chapter": 1,
        "verse": 9,
        "text": "Jusqu’à Jérusalem."
      },
      {
        "book_name": "Micha",
        "book": 33,
        "chapter": 1,
        "verse": 10,
        "text": "#    \n        2 S 1:20.  Ne l’annoncez point dans Gath,"
      },
      {
        "book_name": "Micha",
        "book": 33,
        "chapter": 1,
        "verse": 10,
        "text": "Ne pleurez point dans Acco!"
      },
      {
        "book_name": "Micha",
        "book": 33,
        "chapter": 1,
        "verse": 10,
        "text": "#    \n        Jé 6:26.  Je me roule dans la poussière à Beth-Leaphra."
      },
      {
        "book_name": "Micha",
        "book": 33,
        "chapter": 1,
        "verse": 11,
        "text": "Passe, habitante de Schaphir, dans la #És 47:3.nudité et la honte!"
      },
      {
        "book_name": "Micha",
        "book": 33,
        "chapter": 1,
        "verse": 11,
        "text": "L’habitante de Tsaanan n’ose sortir,"
      },
      {
        "book_name": "Micha",
        "book": 33,
        "chapter": 1,
        "verse": 11,
        "text": "Le deuil de Beth-Haëtsel vous prive de son abri."
      },
      {
        "book_name": "Micha",
        "book": 33,
        "chapter": 1,
        "verse": 12,
        "text": "L’habitante de Maroth tremble pour son salut,"
      },
      {
        "book_name": "Micha",
        "book": 33,
        "chapter": 1,
        "verse": 12,
        "text": "#    \n        Am 3:6.  Car le malheur est descendu de la part de l’Éternel"
      },
      {
        "book_name": "Micha",
        "book": 33,
        "chapter": 1,
        "verse": 12,
        "text": "Jusqu’à la porte de Jérusalem."
      },
      {
        "book_name": "Micha",
        "book": 33,
        "chapter": 1,
        "verse": 13,
        "text": "Attelle les coursiers à ton char,"
      },
      {
        "book_name": "Micha",
        "book": 33,
        "chapter": 1,
        "verse": 13,
        "text": "Habitante de Lakisch!"
      },
      {
        "book_name": "Micha",
        "book": 33,
        "chapter": 1,
        "verse": 13,
        "text": "Tu as été pour la fille de Sion une première cause de péché,"
      },
      {
        "book_name": "Micha",
        "book": 33,
        "chapter": 1,
        "verse": 13,
        "text": "Car en toi se sont trouvés les crimes d’Israël."
      },
      {
        "book_name": "Micha",
        "book": 33,
        "chapter": 1,
        "verse": 14,
        "text": "C’est pourquoi tu renonceras à Moréschet-Gath;"
      },
      {
        "book_name": "Micha",
        "book": 33,
        "chapter": 1,
        "verse": 14,
        "text": "Les maisons d’Aczib seront une source trompeuse"
      },
      {
        "book_name": "Micha",
        "book": 33,
        "chapter": 1,
        "verse": 14,
        "text": "Pour les rois d’Israël."
      },
      {
        "book_name": "Micha",
        "book": 33,
        "chapter": 1,
        "verse": 15,
        "text": "Je t’amènerai un nouveau maître, habitante de Maréscha;"
      },
      {
        "book_name": "Micha",
        "book": 33,
        "chapter": 1,
        "verse": 15,
        "text": "La gloire d’Israël s’en ira jusqu’à Adullam."
      },
      {
        "book_name": "Micha",
        "book": 33,
        "chapter": 1,
        "verse": 16,
        "text": "Rase-toi, coupe ta chevelure,"
      },
      {
        "book_name": "Micha",
        "book": 33,
        "chapter": 1,
        "verse": 16,
        "text": "A cause de tes enfants chéris!"
      },
      {
        "book_name": "Micha",
        "book": 33,
        "chapter": 1,
        "verse": 16,
        "text": "Rends-toi chauve comme l’aigle,"
      },
      {
        "book_name": "Micha",
        "book": 33,
        "chapter": 1,
        "verse": 16,
        "text": "Car ils s’en vont en captivité loin de toi!"
      }
    ],
    "2": [
      {
        "book_name": "Micha",
        "book": 33,
        "chapter": 2,
        "verse": 1,
        "text": "V. 1-5: cf. És 3:14, 15; 5:8, etc. Am 4:1-3; 5:11-13.  1Malheur à ceux qui méditent l’iniquité et qui forgent le malSur leur couche!Au point du jour ils l’exécutent,Quand ils ont le pouvoir en main.  2  #    \n        És 5:8.  Ils convoitent des champs, et ils s’en emparent,Des maisons, et ils les enlèvent;Ils portent leur violence sur l’homme et sur sa maison,Sur l’homme et sur son héritage.  3C’est pourquoi ainsi parle l’Éternel:Voici, je médite contre cette race un malheur;Vous n’en préserverez pas vos cous,Et vous ne marcherez pas la tête levée,Car ces temps seront #Am 5:13.mauvais.  4En ce jour-là, on fera de vous un sujet de sarcasme,On poussera des cris lamentables,On dira: Nous sommes entièrement dévastés!Il donne à d’autres la part de mon peuple!Eh quoi! Il me l’enlève!Il distribue nos champs à l’ennemi!…  5C’est pourquoi tu n’auras personneQui #De 32:8, 9.étende le cordeau sur un lot,Dans l’assemblée de l’Éternel.V. 6-11: cf. És 30:9-14. (Lé 18:24-28. És 36:17-19.)  6Ne prophétisez pas! #És 30:10. Am 7:16.disent-ils.Qu’on ne prophétise pas de telles choses!Les invectives n’ont point de fin!  7Oses-tu parler ainsi, maison de Jacob?L’Éternel est-il prompt à s’irriter?Est-ce là sa manière d’agir?Mes paroles ne sont-elles pas favorablesA celui qui marche avec droiture?  8Depuis longtemps on traite mon peuple en ennemi;Vous enlevez le manteau de dessus les vêtementsDe ceux qui passent avec sécuritéEn revenant de la guerre.  9Vous chassez de leurs maisons chéries les femmes de mon peuple,Vous ôtez pour toujours ma parure à leurs enfants.  10Levez-vous, marchez! Car ce n’est point ici un lieu de repos;A cause de la souillure, il y aura des douleurs, des douleurs violentes.  11Si un homme court après le vent et débite des mensonges:Je vais te prophétiser sur le vin, sur les boissons fortes!Ce sera pour ce peuple un prophète.V. 12-13: cf. Jé 23:3, 7, 8. Za 10:8-12.  12Je te rassemblerai tout entier, ô Jacob!Je rassemblerai les restes d’Israël,Je les réunirai comme les brebis d’une bergerie,Comme le troupeau dans son pâturage;Il y aura un grand bruit d’hommes.  13Celui qui fera la brèche montera devant eux;Ils feront la brèche, franchiront la porte et en sortiront;Leur roi marchera devant eux,Et l’Éternel sera à leur tête."
      },
      {
        "book_name": "Micha",
        "book": 33,
        "chapter": 2,
        "verse": 1,
        "text": "Malheur à ceux qui méditent l’iniquité et qui forgent le mal"
      },
      {
        "book_name": "Micha",
        "book": 33,
        "chapter": 2,
        "verse": 1,
        "text": "Sur leur couche!"
      },
      {
        "book_name": "Micha",
        "book": 33,
        "chapter": 2,
        "verse": 1,
        "text": "Au point du jour ils l’exécutent,"
      },
      {
        "book_name": "Micha",
        "book": 33,
        "chapter": 2,
        "verse": 1,
        "text": "Quand ils ont le pouvoir en main."
      },
      {
        "book_name": "Micha",
        "book": 33,
        "chapter": 2,
        "verse": 2,
        "text": "#    \n        És 5:8.  Ils convoitent des champs, et ils s’en emparent,"
      },
      {
        "book_name": "Micha",
        "book": 33,
        "chapter": 2,
        "verse": 2,
        "text": "Des maisons, et ils les enlèvent;"
      },
      {
        "book_name": "Micha",
        "book": 33,
        "chapter": 2,
        "verse": 2,
        "text": "Ils portent leur violence sur l’homme et sur sa maison,"
      },
      {
        "book_name": "Micha",
        "book": 33,
        "chapter": 2,
        "verse": 2,
        "text": "Sur l’homme et sur son héritage."
      },
      {
        "book_name": "Micha",
        "book": 33,
        "chapter": 2,
        "verse": 3,
        "text": "C’est pourquoi ainsi parle l’Éternel:"
      },
      {
        "book_name": "Micha",
        "book": 33,
        "chapter": 2,
        "verse": 3,
        "text": "Voici, je médite contre cette race un malheur;"
      },
      {
        "book_name": "Micha",
        "book": 33,
        "chapter": 2,
        "verse": 3,
        "text": "Vous n’en préserverez pas vos cous,"
      },
      {
        "book_name": "Micha",
        "book": 33,
        "chapter": 2,
        "verse": 3,
        "text": "Et vous ne marcherez pas la tête levée,"
      },
      {
        "book_name": "Micha",
        "book": 33,
        "chapter": 2,
        "verse": 3,
        "text": "Car ces temps seront #Am 5:13.mauvais."
      },
      {
        "book_name": "Micha",
        "book": 33,
        "chapter": 2,
        "verse": 4,
        "text": "En ce jour-là, on fera de vous un sujet de sarcasme,"
      },
      {
        "book_name": "Micha",
        "book": 33,
        "chapter": 2,
        "verse": 4,
        "text": "On poussera des cris lamentables,"
      },
      {
        "book_name": "Micha",
        "book": 33,
        "chapter": 2,
        "verse": 4,
        "text": "On dira: Nous sommes entièrement dévastés!"
      },
      {
        "book_name": "Micha",
        "book": 33,
        "chapter": 2,
        "verse": 4,
        "text": "Il donne à d’autres la part de mon peuple!"
      },
      {
        "book_name": "Micha",
        "book": 33,
        "chapter": 2,
        "verse": 4,
        "text": "Eh quoi! Il me l’enlève!"
      },
      {
        "book_name": "Micha",
        "book": 33,
        "chapter": 2,
        "verse": 4,
        "text": "Il distribue nos champs à l’ennemi!…"
      },
      {
        "book_name": "Micha",
        "book": 33,
        "chapter": 2,
        "verse": 5,
        "text": "C’est pourquoi tu n’auras personne"
      },
      {
        "book_name": "Micha",
        "book": 33,
        "chapter": 2,
        "verse": 5,
        "text": "Qui #De 32:8, 9.étende le cordeau sur un lot,"
      },
      {
        "book_name": "Micha",
        "book": 33,
        "chapter": 2,
        "verse": 5,
        "text": "Dans l’assemblée de l’Éternel."
      },
      {
        "book_name": "Micha",
        "book": 33,
        "chapter": 2,
        "verse": 6,
        "text": "Ne prophétisez pas! #És 30:10. Am 7:16.disent-ils."
      },
      {
        "book_name": "Micha",
        "book": 33,
        "chapter": 2,
        "verse": 6,
        "text": "Qu’on ne prophétise pas de telles choses!"
      },
      {
        "book_name": "Micha",
        "book": 33,
        "chapter": 2,
        "verse": 6,
        "text": "Les invectives n’ont point de fin!"
      },
      {
        "book_name": "Micha",
        "book": 33,
        "chapter": 2,
        "verse": 7,
        "text": "Oses-tu parler ainsi, maison de Jacob?"
      },
      {
        "book_name": "Micha",
        "book": 33,
        "chapter": 2,
        "verse": 7,
        "text": "L’Éternel est-il prompt à s’irriter?"
      },
      {
        "book_name": "Micha",
        "book": 33,
        "chapter": 2,
        "verse": 7,
        "text": "Est-ce là sa manière d’agir?"
      },
      {
        "book_name": "Micha",
        "book": 33,
        "chapter": 2,
        "verse": 7,
        "text": "Mes paroles ne sont-elles pas favorables"
      },
      {
        "book_name": "Micha",
        "book": 33,
        "chapter": 2,
        "verse": 7,
        "text": "A celui qui marche avec droiture?"
      },
      {
        "book_name": "Micha",
        "book": 33,
        "chapter": 2,
        "verse": 8,
        "text": "Depuis longtemps on traite mon peuple en ennemi;"
      },
      {
        "book_name": "Micha",
        "book": 33,
        "chapter": 2,
        "verse": 8,
        "text": "Vous enlevez le manteau de dessus les vêtements"
      },
      {
        "book_name": "Micha",
        "book": 33,
        "chapter": 2,
        "verse": 8,
        "text": "De ceux qui passent avec sécurité"
      },
      {
        "book_name": "Micha",
        "book": 33,
        "chapter": 2,
        "verse": 8,
        "text": "En revenant de la guerre."
      },
      {
        "book_name": "Micha",
        "book": 33,
        "chapter": 2,
        "verse": 9,
        "text": "Vous chassez de leurs maisons chéries les femmes de mon peuple,"
      },
      {
        "book_name": "Micha",
        "book": 33,
        "chapter": 2,
        "verse": 9,
        "text": "Vous ôtez pour toujours ma parure à leurs enfants."
      },
      {
        "book_name": "Micha",
        "book": 33,
        "chapter": 2,
        "verse": 10,
        "text": "Levez-vous, marchez! Car ce n’est point ici un lieu de repos;"
      },
      {
        "book_name": "Micha",
        "book": 33,
        "chapter": 2,
        "verse": 10,
        "text": "A cause de la souillure, il y aura des douleurs, des douleurs violentes."
      },
      {
        "book_name": "Micha",
        "book": 33,
        "chapter": 2,
        "verse": 11,
        "text": "Si un homme court après le vent et débite des mensonges:"
      },
      {
        "book_name": "Micha",
        "book": 33,
        "chapter": 2,
        "verse": 11,
        "text": "Je vais te prophétiser sur le vin, sur les boissons fortes!"
      },
      {
        "book_name": "Micha",
        "book": 33,
        "chapter": 2,
        "verse": 11,
        "text": "Ce sera pour ce peuple un prophète."
      },
      {
        "book_name": "Micha",
        "book": 33,
        "chapter": 2,
        "verse": 12,
        "text": "Je te rassemblerai tout entier, ô Jacob!"
      },
      {
        "book_name": "Micha",
        "book": 33,
        "chapter": 2,
        "verse": 12,
        "text": "Je rassemblerai les restes d’Israël,"
      },
      {
        "book_name": "Micha",
        "book": 33,
        "chapter": 2,
        "verse": 12,
        "text": "Je les réunirai comme les brebis d’une bergerie,"
      },
      {
        "book_name": "Micha",
        "book": 33,
        "chapter": 2,
        "verse": 12,
        "text": "Comme le troupeau dans son pâturage;"
      },
      {
        "book_name": "Micha",
        "book": 33,
        "chapter": 2,
        "verse": 12,
        "text": "Il y aura un grand bruit d’hommes."
      },
      {
        "book_name": "Micha",
        "book": 33,
        "chapter": 2,
        "verse": 13,
        "text": "Celui qui fera la brèche montera devant eux;"
      },
      {
        "book_name": "Micha",
        "book": 33,
        "chapter": 2,
        "verse": 13,
        "text": "Ils feront la brèche, franchiront la porte et en sortiront;"
      },
      {
        "book_name": "Micha",
        "book": 33,
        "chapter": 2,
        "verse": 13,
        "text": "Leur roi marchera devant eux,"
      },
      {
        "book_name": "Micha",
        "book": 33,
        "chapter": 2,
        "verse": 13,
        "text": "Et l’Éternel sera à leur tête."
      }
    ],
    "3": [
      {
        "book_name": "Micha",
        "book": 33,
        "chapter": 3,
        "verse": 1,
        "text": "Culpabilité des chefs d’IsraëlV. 1-4: cf. És 10:1-4. Ps 82.  1Je dis: Écoutez, chefs de Jacob,Et princes de la maison d’Israël!N’est-ce pas à vous à connaître la justice?  2Vous haïssez le bien et vous aimez le mal;Vous leur arrachez la peau et la chair de dessus les os.  3Ils dévorent la chair de mon peuple,Lui arrachent la peau,Et lui brisent les os;Ils le mettent en pièces comme ce qu’on cuit dans un pot,Comme de la viande dans une chaudière.  4Alors ils crieront vers l’Éternel,Mais il ne leur répondra pas;Il leur cachera sa face en ce temps-là,Parce qu’ils ont fait de mauvaises actions.V. 5-8: cf. És 56:10-12. Jé 23:9, etc.  5Ainsi parle l’Éternel sur les prophètes qui égarent mon peuple,Qui annoncent la paix si leurs dents #Mi 2:11.ont quelque chose à mordre,Et qui publient la guerre si on ne leur met rien dans la bouche:  6A cause de cela, vous aurez la nuit…, et plus de visions!Vous aurez les ténèbres…, et plus d’oracles!  #    \n        Jé 15:9. Am 8:9.  Le soleil se couchera sur ces prophètes,Le jour #Joë 2:10.s’obscurcira sur eux.  7Les voyants seront confus, les devins rougiront,Tous se couvriront la barbe;Car Dieu ne répondra pas.  8Mais moi, je suis rempli de force, de l’esprit de l’Éternel,Je suis rempli de justice et de vigueur,Pour faire connaître à Jacob son crime,Et à Israël son péché.V. 9-12: cf. (És 1:21-24. So 3:1-4.) Jé 26:17-19.  9Écoutez donc ceci, chefs de la maison de Jacob,Et princes de la maison d’Israël,Vous qui avez en horreur la justice,Et qui #Am 5:7; 6:12.pervertissez tout ce qui est droit,  10Vous qui bâtissez Sion avec le #Éz 22:27. So 3:3.sang,Et Jérusalem avec l’iniquité!  11Ses chefs jugent pour des présents,Ses sacrificateurs enseignent pour un salaire,Et ses prophètes prédisent pour de l’argent;Et ils osent s’appuyer sur l’Éternel, ils disent:L’Éternel n’est-il pas au milieu de nous?Le malheur ne nous atteindra pas.  12C’est pourquoi, à cause de vous,Sion sera labourée comme un champ,Jérusalem deviendra un monceau de pierres,Et la montagne du temple une sommité couverte de bois."
      },
      {
        "book_name": "Micha",
        "book": 33,
        "chapter": 3,
        "verse": 1,
        "text": "Je dis: Écoutez, chefs de Jacob,"
      },
      {
        "book_name": "Micha",
        "book": 33,
        "chapter": 3,
        "verse": 1,
        "text": "Et princes de la maison d’Israël!"
      },
      {
        "book_name": "Micha",
        "book": 33,
        "chapter": 3,
        "verse": 1,
        "text": "N’est-ce pas à vous à connaître la justice?"
      },
      {
        "book_name": "Micha",
        "book": 33,
        "chapter": 3,
        "verse": 2,
        "text": "Vous haïssez le bien et vous aimez le mal;"
      },
      {
        "book_name": "Micha",
        "book": 33,
        "chapter": 3,
        "verse": 2,
        "text": "Vous leur arrachez la peau et la chair de dessus les os."
      },
      {
        "book_name": "Micha",
        "book": 33,
        "chapter": 3,
        "verse": 3,
        "text": "Ils dévorent la chair de mon peuple,"
      },
      {
        "book_name": "Micha",
        "book": 33,
        "chapter": 3,
        "verse": 3,
        "text": "Lui arrachent la peau,"
      },
      {
        "book_name": "Micha",
        "book": 33,
        "chapter": 3,
        "verse": 3,
        "text": "Et lui brisent les os;"
      },
      {
        "book_name": "Micha",
        "book": 33,
        "chapter": 3,
        "verse": 3,
        "text": "Ils le mettent en pièces comme ce qu’on cuit dans un pot,"
      },
      {
        "book_name": "Micha",
        "book": 33,
        "chapter": 3,
        "verse": 3,
        "text": "Comme de la viande dans une chaudière."
      },
      {
        "book_name": "Micha",
        "book": 33,
        "chapter": 3,
        "verse": 4,
        "text": "Alors ils crieront vers l’Éternel,"
      },
      {
        "book_name": "Micha",
        "book": 33,
        "chapter": 3,
        "verse": 4,
        "text": "Mais il ne leur répondra pas;"
      },
      {
        "book_name": "Micha",
        "book": 33,
        "chapter": 3,
        "verse": 4,
        "text": "Il leur cachera sa face en ce temps-là,"
      },
      {
        "book_name": "Micha",
        "book": 33,
        "chapter": 3,
        "verse": 4,
        "text": "Parce qu’ils ont fait de mauvaises actions."
      },
      {
        "book_name": "Micha",
        "book": 33,
        "chapter": 3,
        "verse": 5,
        "text": "Ainsi parle l’Éternel sur les prophètes qui égarent mon peuple,"
      },
      {
        "book_name": "Micha",
        "book": 33,
        "chapter": 3,
        "verse": 5,
        "text": "Qui annoncent la paix si leurs dents #Mi 2:11.ont quelque chose à mordre,"
      },
      {
        "book_name": "Micha",
        "book": 33,
        "chapter": 3,
        "verse": 5,
        "text": "Et qui publient la guerre si on ne leur met rien dans la bouche:"
      },
      {
        "book_name": "Micha",
        "book": 33,
        "chapter": 3,
        "verse": 6,
        "text": "A cause de cela, vous aurez la nuit…, et plus de visions!"
      },
      {
        "book_name": "Micha",
        "book": 33,
        "chapter": 3,
        "verse": 6,
        "text": "Vous aurez les ténèbres…, et plus d’oracles!"
      },
      {
        "book_name": "Micha",
        "book": 33,
        "chapter": 3,
        "verse": 6,
        "text": "#    \n        Jé 15:9. Am 8:9.  Le soleil se couchera sur ces prophètes,"
      },
      {
        "book_name": "Micha",
        "book": 33,
        "chapter": 3,
        "verse": 6,
        "text": "Le jour #Joë 2:10.s’obscurcira sur eux."
      },
      {
        "book_name": "Micha",
        "book": 33,
        "chapter": 3,
        "verse": 7,
        "text": "Les voyants seront confus, les devins rougiront,"
      },
      {
        "book_name": "Micha",
        "book": 33,
        "chapter": 3,
        "verse": 7,
        "text": "Tous se couvriront la barbe;"
      },
      {
        "book_name": "Micha",
        "book": 33,
        "chapter": 3,
        "verse": 7,
        "text": "Car Dieu ne répondra pas."
      },
      {
        "book_name": "Micha",
        "book": 33,
        "chapter": 3,
        "verse": 8,
        "text": "Mais moi, je suis rempli de force, de l’esprit de l’Éternel,"
      },
      {
        "book_name": "Micha",
        "book": 33,
        "chapter": 3,
        "verse": 8,
        "text": "Je suis rempli de justice et de vigueur,"
      },
      {
        "book_name": "Micha",
        "book": 33,
        "chapter": 3,
        "verse": 8,
        "text": "Pour faire connaître à Jacob son crime,"
      },
      {
        "book_name": "Micha",
        "book": 33,
        "chapter": 3,
        "verse": 8,
        "text": "Et à Israël son péché."
      },
      {
        "book_name": "Micha",
        "book": 33,
        "chapter": 3,
        "verse": 9,
        "text": "Écoutez donc ceci, chefs de la maison de Jacob,"
      },
      {
        "book_name": "Micha",
        "book": 33,
        "chapter": 3,
        "verse": 9,
        "text": "Et princes de la maison d’Israël,"
      },
      {
        "book_name": "Micha",
        "book": 33,
        "chapter": 3,
        "verse": 9,
        "text": "Vous qui avez en horreur la justice,"
      },
      {
        "book_name": "Micha",
        "book": 33,
        "chapter": 3,
        "verse": 9,
        "text": "Et qui #Am 5:7; 6:12.pervertissez tout ce qui est droit,"
      },
      {
        "book_name": "Micha",
        "book": 33,
        "chapter": 3,
        "verse": 10,
        "text": "Vous qui bâtissez Sion avec le #Éz 22:27. So 3:3.sang,"
      },
      {
        "book_name": "Micha",
        "book": 33,
        "chapter": 3,
        "verse": 10,
        "text": "Et Jérusalem avec l’iniquité!"
      },
      {
        "book_name": "Micha",
        "book": 33,
        "chapter": 3,
        "verse": 11,
        "text": "Ses chefs jugent pour des présents,"
      },
      {
        "book_name": "Micha",
        "book": 33,
        "chapter": 3,
        "verse": 11,
        "text": "Ses sacrificateurs enseignent pour un salaire,"
      },
      {
        "book_name": "Micha",
        "book": 33,
        "chapter": 3,
        "verse": 11,
        "text": "Et ses prophètes prédisent pour de l’argent;"
      },
      {
        "book_name": "Micha",
        "book": 33,
        "chapter": 3,
        "verse": 11,
        "text": "Et ils osent s’appuyer sur l’Éternel, ils disent:"
      },
      {
        "book_name": "Micha",
        "book": 33,
        "chapter": 3,
        "verse": 11,
        "text": "L’Éternel n’est-il pas au milieu de nous?"
      },
      {
        "book_name": "Micha",
        "book": 33,
        "chapter": 3,
        "verse": 11,
        "text": "Le malheur ne nous atteindra pas."
      },
      {
        "book_name": "Micha",
        "book": 33,
        "chapter": 3,
        "verse": 12,
        "text": "C’est pourquoi, à cause de vous,"
      },
      {
        "book_name": "Micha",
        "book": 33,
        "chapter": 3,
        "verse": 12,
        "text": "Sion sera labourée comme un champ,"
      },
      {
        "book_name": "Micha",
        "book": 33,
        "chapter": 3,
        "verse": 12,
        "text": "Jérusalem deviendra un monceau de pierres,"
      },
      {
        "book_name": "Micha",
        "book": 33,
        "chapter": 3,
        "verse": 12,
        "text": "Et la montagne du temple une sommité couverte de bois."
      }
    ],
    "4": [
      {
        "book_name": "Micha",
        "book": 33,
        "chapter": 4,
        "verse": 1,
        "text": "Promesses de restaurationV. 1-5: cf. És 2:2-5; 60:1, etc.  1Il arrivera, #És 2:2, etc.dans la suite des temps,Que la montagne de la maison de l’ÉternelSera fondée sur le sommet des montagnes,Qu’elle s’élèvera par-dessus les collines,Et que les peuples y afflueront.  2Des nations s’y rendront en foule, et diront:Venez, et montons à la montagne de l’Éternel,A la maison du Dieu de Jacob,Afin qu’il nous enseigne ses voies,Et que nous marchions dans ses sentiers.Car de Sion sortira la loi,Et de Jérusalem la parole de l’Éternel.  3Il sera le juge d’un grand nombre de peuples,L’arbitre de nations puissantes, lointaines.De leurs glaives ils forgeront des hoyaux,Et de leurs lances des serpes;Une nation ne tirera plus l’épée contre une autre,Et l’on n’apprendra plus la guerre.  4Ils habiteront chacun sous sa #1 R 4:25.vigne et sous son figuier,Et il n’y aura personne pour les troubler;Car la bouche de l’Éternel des armées a parlé.  5Tandis que tous les peuples marchent, chacun au nom de son dieu,Nous marcherons, nous, au nom de l’Éternel, notre Dieu,A toujours et à perpétuité.V. 6-8: cf. (Jé 30:18-22. Éz 34:12-16.) Za 9:9, 10.  6En ce jour-là, dit l’Éternel, je #De 30:3, 4, 5.recueillerai les boiteux,Je rassemblerai ceux qui étaient chassés,Ceux que j’avais maltraités.  7  #    \n        So 3:19.  Des boiteux je ferai un reste,De ceux qui étaient chassés une nation puissante;Et l’Éternel #Da 7:14. Lu 1:33.régnera sur eux, à la montagne de Sion,Dès lors et pour toujours.  8Et toi, tour du troupeau, colline de la fille de Sion,A toi viendra, à toi arrivera l’ancienne domination,Le royaume de la fille de Jérusalem.Captivité et délivranceV. 9-14: cf. Jé 29:10-14. Za 12:2-6.  9Pourquoi maintenant pousses-tu des cris?N’as-tu point de #Jé 8:19.roi, plus de conseiller,Pour que la douleur te saisisse comme une femme qui accouche?  10Fille de Sion, souffre et gémis comme une femme qui accouche!Car maintenant tu sortiras de la ville et tu habiteras dans les champs,Et tu iras jusqu’à Babylone;Là tu seras délivrée,C’est là que l’Éternel te rachètera de la main de tes ennemis.  11Maintenant plusieurs nations se sont rassemblées contre toi:Qu’elle soit profanée, disent-elles,Et que nos yeux se rassasient dans Sion!  12Mais elles ne connaissent pas les pensées de l’Éternel,Elles ne comprennent pas ses desseins,Elles ignorent qu’il les a rassemblées comme des gerbes dans #Jé 51:33.l’aire.  13Fille de Sion, lève-toi et foule!Je te ferai une corne de fer et des ongles d’airain,Et tu broieras des peuples nombreux;Tu consacreras leurs biens à l’Éternel,Leurs richesses au #Za 4:14; 6:5.Seigneur de toute la terre.  14Maintenant, fille de troupes, rassemble tes troupes!On nous assiège;Avec la verge on frappe sur la joue le juge d’Israël."
      },
      {
        "book_name": "Micha",
        "book": 33,
        "chapter": 4,
        "verse": 1,
        "text": "Il arrivera, #És 2:2, etc.dans la suite des temps,"
      },
      {
        "book_name": "Micha",
        "book": 33,
        "chapter": 4,
        "verse": 1,
        "text": "Que la montagne de la maison de l’Éternel"
      },
      {
        "book_name": "Micha",
        "book": 33,
        "chapter": 4,
        "verse": 1,
        "text": "Sera fondée sur le sommet des montagnes,"
      },
      {
        "book_name": "Micha",
        "book": 33,
        "chapter": 4,
        "verse": 1,
        "text": "Qu’elle s’élèvera par-dessus les collines,"
      },
      {
        "book_name": "Micha",
        "book": 33,
        "chapter": 4,
        "verse": 1,
        "text": "Et que les peuples y afflueront."
      },
      {
        "book_name": "Micha",
        "book": 33,
        "chapter": 4,
        "verse": 2,
        "text": "Des nations s’y rendront en foule, et diront:"
      },
      {
        "book_name": "Micha",
        "book": 33,
        "chapter": 4,
        "verse": 2,
        "text": "Venez, et montons à la montagne de l’Éternel,"
      },
      {
        "book_name": "Micha",
        "book": 33,
        "chapter": 4,
        "verse": 2,
        "text": "A la maison du Dieu de Jacob,"
      },
      {
        "book_name": "Micha",
        "book": 33,
        "chapter": 4,
        "verse": 2,
        "text": "Afin qu’il nous enseigne ses voies,"
      },
      {
        "book_name": "Micha",
        "book": 33,
        "chapter": 4,
        "verse": 2,
        "text": "Et que nous marchions dans ses sentiers."
      },
      {
        "book_name": "Micha",
        "book": 33,
        "chapter": 4,
        "verse": 2,
        "text": "Car de Sion sortira la loi,"
      },
      {
        "book_name": "Micha",
        "book": 33,
        "chapter": 4,
        "verse": 2,
        "text": "Et de Jérusalem la parole de l’Éternel."
      },
      {
        "book_name": "Micha",
        "book": 33,
        "chapter": 4,
        "verse": 3,
        "text": "Il sera le juge d’un grand nombre de peuples,"
      },
      {
        "book_name": "Micha",
        "book": 33,
        "chapter": 4,
        "verse": 3,
        "text": "L’arbitre de nations puissantes, lointaines."
      },
      {
        "book_name": "Micha",
        "book": 33,
        "chapter": 4,
        "verse": 3,
        "text": "De leurs glaives ils forgeront des hoyaux,"
      },
      {
        "book_name": "Micha",
        "book": 33,
        "chapter": 4,
        "verse": 3,
        "text": "Et de leurs lances des serpes;"
      },
      {
        "book_name": "Micha",
        "book": 33,
        "chapter": 4,
        "verse": 3,
        "text": "Une nation ne tirera plus l’épée contre une autre,"
      },
      {
        "book_name": "Micha",
        "book": 33,
        "chapter": 4,
        "verse": 3,
        "text": "Et l’on n’apprendra plus la guerre."
      },
      {
        "book_name": "Micha",
        "book": 33,
        "chapter": 4,
        "verse": 4,
        "text": "Ils habiteront chacun sous sa #1 R 4:25.vigne et sous son figuier,"
      },
      {
        "book_name": "Micha",
        "book": 33,
        "chapter": 4,
        "verse": 4,
        "text": "Et il n’y aura personne pour les troubler;"
      },
      {
        "book_name": "Micha",
        "book": 33,
        "chapter": 4,
        "verse": 4,
        "text": "Car la bouche de l’Éternel des armées a parlé."
      },
      {
        "book_name": "Micha",
        "book": 33,
        "chapter": 4,
        "verse": 5,
        "text": "Tandis que tous les peuples marchent, chacun au nom de son dieu,"
      },
      {
        "book_name": "Micha",
        "book": 33,
        "chapter": 4,
        "verse": 5,
        "text": "Nous marcherons, nous, au nom de l’Éternel, notre Dieu,"
      },
      {
        "book_name": "Micha",
        "book": 33,
        "chapter": 4,
        "verse": 5,
        "text": "A toujours et à perpétuité."
      },
      {
        "book_name": "Micha",
        "book": 33,
        "chapter": 4,
        "verse": 6,
        "text": "En ce jour-là, dit l’Éternel, je #De 30:3, 4, 5.recueillerai les boiteux,"
      },
      {
        "book_name": "Micha",
        "book": 33,
        "chapter": 4,
        "verse": 6,
        "text": "Je rassemblerai ceux qui étaient chassés,"
      },
      {
        "book_name": "Micha",
        "book": 33,
        "chapter": 4,
        "verse": 6,
        "text": "Ceux que j’avais maltraités."
      },
      {
        "book_name": "Micha",
        "book": 33,
        "chapter": 4,
        "verse": 7,
        "text": "#    \n        So 3:19.  Des boiteux je ferai un reste,"
      },
      {
        "book_name": "Micha",
        "book": 33,
        "chapter": 4,
        "verse": 7,
        "text": "De ceux qui étaient chassés une nation puissante;"
      },
      {
        "book_name": "Micha",
        "book": 33,
        "chapter": 4,
        "verse": 7,
        "text": "Et l’Éternel #Da 7:14. Lu 1:33.régnera sur eux, à la montagne de Sion,"
      },
      {
        "book_name": "Micha",
        "book": 33,
        "chapter": 4,
        "verse": 7,
        "text": "Dès lors et pour toujours."
      },
      {
        "book_name": "Micha",
        "book": 33,
        "chapter": 4,
        "verse": 8,
        "text": "Et toi, tour du troupeau, colline de la fille de Sion,"
      },
      {
        "book_name": "Micha",
        "book": 33,
        "chapter": 4,
        "verse": 8,
        "text": "A toi viendra, à toi arrivera l’ancienne domination,"
      },
      {
        "book_name": "Micha",
        "book": 33,
        "chapter": 4,
        "verse": 8,
        "text": "Le royaume de la fille de Jérusalem."
      },
      {
        "book_name": "Micha",
        "book": 33,
        "chapter": 4,
        "verse": 9,
        "text": "Pourquoi maintenant pousses-tu des cris?"
      },
      {
        "book_name": "Micha",
        "book": 33,
        "chapter": 4,
        "verse": 9,
        "text": "N’as-tu point de #Jé 8:19.roi, plus de conseiller,"
      },
      {
        "book_name": "Micha",
        "book": 33,
        "chapter": 4,
        "verse": 9,
        "text": "Pour que la douleur te saisisse comme une femme qui accouche?"
      },
      {
        "book_name": "Micha",
        "book": 33,
        "chapter": 4,
        "verse": 10,
        "text": "Fille de Sion, souffre et gémis comme une femme qui accouche!"
      },
      {
        "book_name": "Micha",
        "book": 33,
        "chapter": 4,
        "verse": 10,
        "text": "Car maintenant tu sortiras de la ville et tu habiteras dans les champs,"
      },
      {
        "book_name": "Micha",
        "book": 33,
        "chapter": 4,
        "verse": 10,
        "text": "Et tu iras jusqu’à Babylone;"
      },
      {
        "book_name": "Micha",
        "book": 33,
        "chapter": 4,
        "verse": 10,
        "text": "Là tu seras délivrée,"
      },
      {
        "book_name": "Micha",
        "book": 33,
        "chapter": 4,
        "verse": 10,
        "text": "C’est là que l’Éternel te rachètera de la main de tes ennemis."
      },
      {
        "book_name": "Micha",
        "book": 33,
        "chapter": 4,
        "verse": 11,
        "text": "Maintenant plusieurs nations se sont rassemblées contre toi:"
      },
      {
        "book_name": "Micha",
        "book": 33,
        "chapter": 4,
        "verse": 11,
        "text": "Qu’elle soit profanée, disent-elles,"
      },
      {
        "book_name": "Micha",
        "book": 33,
        "chapter": 4,
        "verse": 11,
        "text": "Et que nos yeux se rassasient dans Sion!"
      },
      {
        "book_name": "Micha",
        "book": 33,
        "chapter": 4,
        "verse": 12,
        "text": "Mais elles ne connaissent pas les pensées de l’Éternel,"
      },
      {
        "book_name": "Micha",
        "book": 33,
        "chapter": 4,
        "verse": 12,
        "text": "Elles ne comprennent pas ses desseins,"
      },
      {
        "book_name": "Micha",
        "book": 33,
        "chapter": 4,
        "verse": 12,
        "text": "Elles ignorent qu’il les a rassemblées comme des gerbes dans #Jé 51:33.l’aire."
      },
      {
        "book_name": "Micha",
        "book": 33,
        "chapter": 4,
        "verse": 13,
        "text": "Fille de Sion, lève-toi et foule!"
      },
      {
        "book_name": "Micha",
        "book": 33,
        "chapter": 4,
        "verse": 13,
        "text": "Je te ferai une corne de fer et des ongles d’airain,"
      },
      {
        "book_name": "Micha",
        "book": 33,
        "chapter": 4,
        "verse": 13,
        "text": "Et tu broieras des peuples nombreux;"
      },
      {
        "book_name": "Micha",
        "book": 33,
        "chapter": 4,
        "verse": 13,
        "text": "Tu consacreras leurs biens à l’Éternel,"
      },
      {
        "book_name": "Micha",
        "book": 33,
        "chapter": 4,
        "verse": 13,
        "text": "Leurs richesses au #Za 4:14; 6:5.Seigneur de toute la terre."
      },
      {
        "book_name": "Micha",
        "book": 33,
        "chapter": 4,
        "verse": 14,
        "text": "Maintenant, fille de troupes, rassemble tes troupes!"
      },
      {
        "book_name": "Micha",
        "book": 33,
        "chapter": 4,
        "verse": 14,
        "text": "On nous assiège;"
      },
      {
        "book_name": "Micha",
        "book": 33,
        "chapter": 4,
        "verse": 14,
        "text": "Avec la verge on frappe sur la joue le juge d’Israël."
      }
    ],
    "5": [
      {
        "book_name": "Micha",
        "book": 33,
        "chapter": 5,
        "verse": 1,
        "text": "Naissance et règne du MessieV. 1-5: cf. És 9:5, 6. (Mt 2:1-11. Lu 2:1-14; 1:30-33.) Ps 72.  1Et toi, #Mt 2:6. Jn 7:42.Bethléhem Éphrata,Petite entre les milliers de Juda,De toi sortira pour moiCelui qui dominera sur Israël,Et dont l’origine remonte aux temps anciens,Aux jours de l’éternité.  2C’est pourquoi il les livreraJusqu’au temps où enfantera celle qui doit enfanter,Et le reste de ses frèresReviendra auprès des enfants d’Israël.  3Il se présentera, et il gouvernera avec la force de l’Éternel,Avec la majesté du nom de l’Éternel, son Dieu:Et ils auront une demeure assurée,Car il sera glorifié jusqu’aux extrémités de la terre.  4C’est lui qui ramènera la paix.Lorsque l’Assyrien viendra dans notre pays,Et qu’il pénétrera dans nos palais,Nous ferons lever contre lui sept pasteursEt huit princes du peuple.  5Ils feront avec l’épée leur pâture du pays d’AssyrieEt du pays de Nimrod au-dedans de ses portes.Il nous délivrera ainsi de l’Assyrien,Lorsqu’il viendra dans notre pays,Et qu’il pénétrera sur notre territoire.V. 6-8: cf. Ro 11:11, 12, 15. És 54:15-17. 2 Co 2:15, 16.  6Le reste de Jacob sera au milieu des peuples nombreuxComme une rosée qui vient de l’Éternel,Comme des gouttes d’eau sur l’herbe:Elles ne comptent pas sur l’homme,Elles ne dépendent pas des enfants des hommes.  7Le reste de Jacob sera parmi les nations,Au milieu des peuples nombreux,Comme un lion parmi les bêtes de la forêt,Comme un lionceau parmi les troupeaux de brebis:Lorsqu’il passe, il foule et déchire,Et personne ne délivre.  8Que ta main se lève sur tes adversaires,Et que tous tes ennemis soient exterminés!V. 9-14: cf. Za 9:10; 13:2.  9En ce jour-là, dit l’Éternel,J’exterminerai du milieu de toi tes #Os 14:4.chevaux,Et je détruirai tes chars;  10J’exterminerai les villes de ton pays,Et je renverserai toutes tes forteresses;  11J’exterminerai de ta main les enchantements,Et tu n’auras plus de magiciens;  12J’exterminerai du milieu de toi tes idoles et tes statues,Et tu ne te prosterneras plus devant l’ouvrage de tes mains;  13J’exterminerai du milieu de toi tes idoles d’Astarté,Et je détruirai tes villes.  14J’exercerai ma vengeance avec colère, avec fureur, sur les nationsQui n’ont pas écouté."
      },
      {
        "book_name": "Micha",
        "book": 33,
        "chapter": 5,
        "verse": 1,
        "text": "Et toi, #Mt 2:6. Jn 7:42.Bethléhem Éphrata,"
      },
      {
        "book_name": "Micha",
        "book": 33,
        "chapter": 5,
        "verse": 1,
        "text": "Petite entre les milliers de Juda,"
      },
      {
        "book_name": "Micha",
        "book": 33,
        "chapter": 5,
        "verse": 1,
        "text": "De toi sortira pour moi"
      },
      {
        "book_name": "Micha",
        "book": 33,
        "chapter": 5,
        "verse": 1,
        "text": "Celui qui dominera sur Israël,"
      },
      {
        "book_name": "Micha",
        "book": 33,
        "chapter": 5,
        "verse": 1,
        "text": "Et dont l’origine remonte aux temps anciens,"
      },
      {
        "book_name": "Micha",
        "book": 33,
        "chapter": 5,
        "verse": 1,
        "text": "Aux jours de l’éternité."
      },
      {
        "book_name": "Micha",
        "book": 33,
        "chapter": 5,
        "verse": 2,
        "text": "C’est pourquoi il les livrera"
      },
      {
        "book_name": "Micha",
        "book": 33,
        "chapter": 5,
        "verse": 2,
        "text": "Jusqu’au temps où enfantera celle qui doit enfanter,"
      },
      {
        "book_name": "Micha",
        "book": 33,
        "chapter": 5,
        "verse": 2,
        "text": "Et le reste de ses frères"
      },
      {
        "book_name": "Micha",
        "book": 33,
        "chapter": 5,
        "verse": 2,
        "text": "Reviendra auprès des enfants d’Israël."
      },
      {
        "book_name": "Micha",
        "book": 33,
        "chapter": 5,
        "verse": 3,
        "text": "Il se présentera, et il gouvernera avec la force de l’Éternel,"
      },
      {
        "book_name": "Micha",
        "book": 33,
        "chapter": 5,
        "verse": 3,
        "text": "Avec la majesté du nom de l’Éternel, son Dieu:"
      },
      {
        "book_name": "Micha",
        "book": 33,
        "chapter": 5,
        "verse": 3,
        "text": "Et ils auront une demeure assurée,"
      },
      {
        "book_name": "Micha",
        "book": 33,
        "chapter": 5,
        "verse": 3,
        "text": "Car il sera glorifié jusqu’aux extrémités de la terre."
      },
      {
        "book_name": "Micha",
        "book": 33,
        "chapter": 5,
        "verse": 4,
        "text": "C’est lui qui ramènera la paix."
      },
      {
        "book_name": "Micha",
        "book": 33,
        "chapter": 5,
        "verse": 4,
        "text": "Lorsque l’Assyrien viendra dans notre pays,"
      },
      {
        "book_name": "Micha",
        "book": 33,
        "chapter": 5,
        "verse": 4,
        "text": "Et qu’il pénétrera dans nos palais,"
      },
      {
        "book_name": "Micha",
        "book": 33,
        "chapter": 5,
        "verse": 4,
        "text": "Nous ferons lever contre lui sept pasteurs"
      },
      {
        "book_name": "Micha",
        "book": 33,
        "chapter": 5,
        "verse": 4,
        "text": "Et huit princes du peuple."
      },
      {
        "book_name": "Micha",
        "book": 33,
        "chapter": 5,
        "verse": 5,
        "text": "Ils feront avec l’épée leur pâture du pays d’Assyrie"
      },
      {
        "book_name": "Micha",
        "book": 33,
        "chapter": 5,
        "verse": 5,
        "text": "Et du pays de Nimrod au-dedans de ses portes."
      },
      {
        "book_name": "Micha",
        "book": 33,
        "chapter": 5,
        "verse": 5,
        "text": "Il nous délivrera ainsi de l’Assyrien,"
      },
      {
        "book_name": "Micha",
        "book": 33,
        "chapter": 5,
        "verse": 5,
        "text": "Lorsqu’il viendra dans notre pays,"
      },
      {
        "book_name": "Micha",
        "book": 33,
        "chapter": 5,
        "verse": 5,
        "text": "Et qu’il pénétrera sur notre territoire."
      },
      {
        "book_name": "Micha",
        "book": 33,
        "chapter": 5,
        "verse": 6,
        "text": "Le reste de Jacob sera au milieu des peuples nombreux"
      },
      {
        "book_name": "Micha",
        "book": 33,
        "chapter": 5,
        "verse": 6,
        "text": "Comme une rosée qui vient de l’Éternel,"
      },
      {
        "book_name": "Micha",
        "book": 33,
        "chapter": 5,
        "verse": 6,
        "text": "Comme des gouttes d’eau sur l’herbe:"
      },
      {
        "book_name": "Micha",
        "book": 33,
        "chapter": 5,
        "verse": 6,
        "text": "Elles ne comptent pas sur l’homme,"
      },
      {
        "book_name": "Micha",
        "book": 33,
        "chapter": 5,
        "verse": 6,
        "text": "Elles ne dépendent pas des enfants des hommes."
      },
      {
        "book_name": "Micha",
        "book": 33,
        "chapter": 5,
        "verse": 7,
        "text": "Le reste de Jacob sera parmi les nations,"
      },
      {
        "book_name": "Micha",
        "book": 33,
        "chapter": 5,
        "verse": 7,
        "text": "Au milieu des peuples nombreux,"
      },
      {
        "book_name": "Micha",
        "book": 33,
        "chapter": 5,
        "verse": 7,
        "text": "Comme un lion parmi les bêtes de la forêt,"
      },
      {
        "book_name": "Micha",
        "book": 33,
        "chapter": 5,
        "verse": 7,
        "text": "Comme un lionceau parmi les troupeaux de brebis:"
      },
      {
        "book_name": "Micha",
        "book": 33,
        "chapter": 5,
        "verse": 7,
        "text": "Lorsqu’il passe, il foule et déchire,"
      },
      {
        "book_name": "Micha",
        "book": 33,
        "chapter": 5,
        "verse": 7,
        "text": "Et personne ne délivre."
      },
      {
        "book_name": "Micha",
        "book": 33,
        "chapter": 5,
        "verse": 8,
        "text": "Que ta main se lève sur tes adversaires,"
      },
      {
        "book_name": "Micha",
        "book": 33,
        "chapter": 5,
        "verse": 8,
        "text": "Et que tous tes ennemis soient exterminés!"
      },
      {
        "book_name": "Micha",
        "book": 33,
        "chapter": 5,
        "verse": 9,
        "text": "En ce jour-là, dit l’Éternel,"
      },
      {
        "book_name": "Micha",
        "book": 33,
        "chapter": 5,
        "verse": 9,
        "text": "J’exterminerai du milieu de toi tes #Os 14:4.chevaux,"
      },
      {
        "book_name": "Micha",
        "book": 33,
        "chapter": 5,
        "verse": 9,
        "text": "Et je détruirai tes chars;"
      },
      {
        "book_name": "Micha",
        "book": 33,
        "chapter": 5,
        "verse": 10,
        "text": "J’exterminerai les villes de ton pays,"
      },
      {
        "book_name": "Micha",
        "book": 33,
        "chapter": 5,
        "verse": 10,
        "text": "Et je renverserai toutes tes forteresses;"
      },
      {
        "book_name": "Micha",
        "book": 33,
        "chapter": 5,
        "verse": 11,
        "text": "J’exterminerai de ta main les enchantements,"
      },
      {
        "book_name": "Micha",
        "book": 33,
        "chapter": 5,
        "verse": 11,
        "text": "Et tu n’auras plus de magiciens;"
      },
      {
        "book_name": "Micha",
        "book": 33,
        "chapter": 5,
        "verse": 12,
        "text": "J’exterminerai du milieu de toi tes idoles et tes statues,"
      },
      {
        "book_name": "Micha",
        "book": 33,
        "chapter": 5,
        "verse": 12,
        "text": "Et tu ne te prosterneras plus devant l’ouvrage de tes mains;"
      },
      {
        "book_name": "Micha",
        "book": 33,
        "chapter": 5,
        "verse": 13,
        "text": "J’exterminerai du milieu de toi tes idoles d’Astarté,"
      },
      {
        "book_name": "Micha",
        "book": 33,
        "chapter": 5,
        "verse": 13,
        "text": "Et je détruirai tes villes."
      },
      {
        "book_name": "Micha",
        "book": 33,
        "chapter": 5,
        "verse": 14,
        "text": "J’exercerai ma vengeance avec colère, avec fureur, sur les nations"
      },
      {
        "book_name": "Micha",
        "book": 33,
        "chapter": 5,
        "verse": 14,
        "text": "Qui n’ont pas écouté."
      }
    ],
    "6": [
      {
        "book_name": "Micha",
        "book": 33,
        "chapter": 6,
        "verse": 1,
        "text": "Procès de l’Éternel avec son peuple. La miséricorde de l’ÉternelV. 1-5: cf. Jé 2:4-7. 1 S 12:7-12.  1Écoutez donc ce que dit l’Éternel:Lève-toi, plaide devant les montagnes,Et que les collines entendent ta voix!…  2Écoutez, montagnes, le procès de l’Éternel,Et vous, solides fondements de la terre!Car #Os 4:1.l’Éternel a un procès avec son peuple,Il veut plaider avec Israël.  3Mon peuple, que t’ai-je fait?En quoi t’ai-je fatigué?Réponds-moi!  4Car je t’ai fait monter du pays #Ex 12:51; 14:30.d’Égypte,Je t’ai délivré de la maison de servitude,Et j’ai envoyé devant toi Moïse, Aaron et Marie.  5Mon peuple, rappelle-toi ce que projetait #No 22:5; 23:7.Balak, roi de Moab,Et ce que lui répondit Balaam, fils de Beor,De #No 25.Sittim à #Jos 5.Guilgal,Afin que tu reconnaisses les bienfaits de l’Éternel.V. 6-8: cf. Ps 50:7, etc.; 51:18, 19. És 1:11-19. Os 6:6.  6Avec quoi me présenterai-je devant l’Éternel,Pour m’humilier devant le Dieu Très-Haut?Me présenterai-je avec des holocaustes,Avec des veaux d’un an?  7L’Éternel agréera-t-il des milliers de béliers,Des myriades de torrents d’huile?Donnerai-je pour mes transgressions mon premier-né,Pour le péché de mon âme le fruit de mes entrailles?  8On t’a fait connaître, ô homme, ce qui est bien;  #    \n        De 10:12.  Et ce que l’Éternel demande de toi,C’est que tu pratiques la justice,Que tu aimes la miséricorde,Et que tu marches humblement avec ton Dieu.V. 9-16: cf. (Am 8:4-8; 5:11-13.) 1 R 9:6-9.  9La voix de l’Éternel crie à la ville,Et celui qui est sage craindra ton nom.Entendez la verge et celui qui l’envoie!  10Y a-t-il encore dans la maison du méchantDes trésors iniques,Et un épha trop petit, objet de malédiction?  11Est-on pur avec des #Os 12:8.balances fausses,Et avec de faux poids dans le sac?  12Ses riches sont pleins de violence,Ses habitants profèrent le mensonge,Et leur langue n’est que #Jé 9:8.tromperie dans leur bouche.  13C’est pourquoi je te frapperai par la souffrance,Je te ravagerai à cause de tes péchés.  14Tu #Os 4:10.mangeras sans te rassasier,Et la faim sera au-dedans de toi;Tu mettras en réserve et tu ne sauveras pas,Et ce que tu sauveras, je le livrerai à l’épée.  15Tu #De 28:38. Ag 1:6.sèmeras, et tu ne moissonneras pas,Tu presseras l’olive, et tu ne feras pas d’onctions avec l’huile,Tu presseras le moût, et tu ne boiras pas le vin.  16On observe les coutumes #1 R 16:25, 26.d’OmriEt toute la manière d’agir de la maison #1 R 16:30, etc.d’Achab,Et vous marchez d’après leurs conseils;C’est pourquoi je te livrerai à la destruction,Je ferai de tes habitants un sujet de raillerie,Et vous porterez l’opprobre de mon peuple."
      },
      {
        "book_name": "Micha",
        "book": 33,
        "chapter": 6,
        "verse": 1,
        "text": "Écoutez donc ce que dit l’Éternel:"
      },
      {
        "book_name": "Micha",
        "book": 33,
        "chapter": 6,
        "verse": 1,
        "text": "Lève-toi, plaide devant les montagnes,"
      },
      {
        "book_name": "Micha",
        "book": 33,
        "chapter": 6,
        "verse": 1,
        "text": "Et que les collines entendent ta voix!…"
      },
      {
        "book_name": "Micha",
        "book": 33,
        "chapter": 6,
        "verse": 2,
        "text": "Écoutez, montagnes, le procès de l’Éternel,"
      },
      {
        "book_name": "Micha",
        "book": 33,
        "chapter": 6,
        "verse": 2,
        "text": "Et vous, solides fondements de la terre!"
      },
      {
        "book_name": "Micha",
        "book": 33,
        "chapter": 6,
        "verse": 2,
        "text": "Car #Os 4:1.l’Éternel a un procès avec son peuple,"
      },
      {
        "book_name": "Micha",
        "book": 33,
        "chapter": 6,
        "verse": 2,
        "text": "Il veut plaider avec Israël."
      },
      {
        "book_name": "Micha",
        "book": 33,
        "chapter": 6,
        "verse": 3,
        "text": "Mon peuple, que t’ai-je fait?"
      },
      {
        "book_name": "Micha",
        "book": 33,
        "chapter": 6,
        "verse": 3,
        "text": "En quoi t’ai-je fatigué?"
      },
      {
        "book_name": "Micha",
        "book": 33,
        "chapter": 6,
        "verse": 3,
        "text": "Réponds-moi!"
      },
      {
        "book_name": "Micha",
        "book": 33,
        "chapter": 6,
        "verse": 4,
        "text": "Car je t’ai fait monter du pays #Ex 12:51; 14:30.d’Égypte,"
      },
      {
        "book_name": "Micha",
        "book": 33,
        "chapter": 6,
        "verse": 4,
        "text": "Je t’ai délivré de la maison de servitude,"
      },
      {
        "book_name": "Micha",
        "book": 33,
        "chapter": 6,
        "verse": 4,
        "text": "Et j’ai envoyé devant toi Moïse, Aaron et Marie."
      },
      {
        "book_name": "Micha",
        "book": 33,
        "chapter": 6,
        "verse": 5,
        "text": "Mon peuple, rappelle-toi ce que projetait #No 22:5; 23:7.Balak, roi de Moab,"
      },
      {
        "book_name": "Micha",
        "book": 33,
        "chapter": 6,
        "verse": 5,
        "text": "Et ce que lui répondit Balaam, fils de Beor,"
      },
      {
        "book_name": "Micha",
        "book": 33,
        "chapter": 6,
        "verse": 5,
        "text": "De #No 25.Sittim à #Jos 5.Guilgal,"
      },
      {
        "book_name": "Micha",
        "book": 33,
        "chapter": 6,
        "verse": 5,
        "text": "Afin que tu reconnaisses les bienfaits de l’Éternel."
      },
      {
        "book_name": "Micha",
        "book": 33,
        "chapter": 6,
        "verse": 6,
        "text": "Avec quoi me présenterai-je devant l’Éternel,"
      },
      {
        "book_name": "Micha",
        "book": 33,
        "chapter": 6,
        "verse": 6,
        "text": "Pour m’humilier devant le Dieu Très-Haut?"
      },
      {
        "book_name": "Micha",
        "book": 33,
        "chapter": 6,
        "verse": 6,
        "text": "Me présenterai-je avec des holocaustes,"
      },
      {
        "book_name": "Micha",
        "book": 33,
        "chapter": 6,
        "verse": 6,
        "text": "Avec des veaux d’un an?"
      },
      {
        "book_name": "Micha",
        "book": 33,
        "chapter": 6,
        "verse": 7,
        "text": "L’Éternel agréera-t-il des milliers de béliers,"
      },
      {
        "book_name": "Micha",
        "book": 33,
        "chapter": 6,
        "verse": 7,
        "text": "Des myriades de torrents d’huile?"
      },
      {
        "book_name": "Micha",
        "book": 33,
        "chapter": 6,
        "verse": 7,
        "text": "Donnerai-je pour mes transgressions mon premier-né,"
      },
      {
        "book_name": "Micha",
        "book": 33,
        "chapter": 6,
        "verse": 7,
        "text": "Pour le péché de mon âme le fruit de mes entrailles?"
      },
      {
        "book_name": "Micha",
        "book": 33,
        "chapter": 6,
        "verse": 8,
        "text": "On t’a fait connaître, ô homme, ce qui est bien;"
      },
      {
        "book_name": "Micha",
        "book": 33,
        "chapter": 6,
        "verse": 8,
        "text": "#    \n        De 10:12.  Et ce que l’Éternel demande de toi,"
      },
      {
        "book_name": "Micha",
        "book": 33,
        "chapter": 6,
        "verse": 8,
        "text": "C’est que tu pratiques la justice,"
      },
      {
        "book_name": "Micha",
        "book": 33,
        "chapter": 6,
        "verse": 8,
        "text": "Que tu aimes la miséricorde,"
      },
      {
        "book_name": "Micha",
        "book": 33,
        "chapter": 6,
        "verse": 8,
        "text": "Et que tu marches humblement avec ton Dieu."
      },
      {
        "book_name": "Micha",
        "book": 33,
        "chapter": 6,
        "verse": 9,
        "text": "La voix de l’Éternel crie à la ville,"
      },
      {
        "book_name": "Micha",
        "book": 33,
        "chapter": 6,
        "verse": 9,
        "text": "Et celui qui est sage craindra ton nom."
      },
      {
        "book_name": "Micha",
        "book": 33,
        "chapter": 6,
        "verse": 9,
        "text": "Entendez la verge et celui qui l’envoie!"
      },
      {
        "book_name": "Micha",
        "book": 33,
        "chapter": 6,
        "verse": 10,
        "text": "Y a-t-il encore dans la maison du méchant"
      },
      {
        "book_name": "Micha",
        "book": 33,
        "chapter": 6,
        "verse": 10,
        "text": "Des trésors iniques,"
      },
      {
        "book_name": "Micha",
        "book": 33,
        "chapter": 6,
        "verse": 10,
        "text": "Et un épha trop petit, objet de malédiction?"
      },
      {
        "book_name": "Micha",
        "book": 33,
        "chapter": 6,
        "verse": 11,
        "text": "Est-on pur avec des #Os 12:8.balances fausses,"
      },
      {
        "book_name": "Micha",
        "book": 33,
        "chapter": 6,
        "verse": 11,
        "text": "Et avec de faux poids dans le sac?"
      },
      {
        "book_name": "Micha",
        "book": 33,
        "chapter": 6,
        "verse": 12,
        "text": "Ses riches sont pleins de violence,"
      },
      {
        "book_name": "Micha",
        "book": 33,
        "chapter": 6,
        "verse": 12,
        "text": "Ses habitants profèrent le mensonge,"
      },
      {
        "book_name": "Micha",
        "book": 33,
        "chapter": 6,
        "verse": 12,
        "text": "Et leur langue n’est que #Jé 9:8.tromperie dans leur bouche."
      },
      {
        "book_name": "Micha",
        "book": 33,
        "chapter": 6,
        "verse": 13,
        "text": "C’est pourquoi je te frapperai par la souffrance,"
      },
      {
        "book_name": "Micha",
        "book": 33,
        "chapter": 6,
        "verse": 13,
        "text": "Je te ravagerai à cause de tes péchés."
      },
      {
        "book_name": "Micha",
        "book": 33,
        "chapter": 6,
        "verse": 14,
        "text": "Tu #Os 4:10.mangeras sans te rassasier,"
      },
      {
        "book_name": "Micha",
        "book": 33,
        "chapter": 6,
        "verse": 14,
        "text": "Et la faim sera au-dedans de toi;"
      },
      {
        "book_name": "Micha",
        "book": 33,
        "chapter": 6,
        "verse": 14,
        "text": "Tu mettras en réserve et tu ne sauveras pas,"
      },
      {
        "book_name": "Micha",
        "book": 33,
        "chapter": 6,
        "verse": 14,
        "text": "Et ce que tu sauveras, je le livrerai à l’épée."
      },
      {
        "book_name": "Micha",
        "book": 33,
        "chapter": 6,
        "verse": 15,
        "text": "Tu #De 28:38. Ag 1:6.sèmeras, et tu ne moissonneras pas,"
      },
      {
        "book_name": "Micha",
        "book": 33,
        "chapter": 6,
        "verse": 15,
        "text": "Tu presseras l’olive, et tu ne feras pas d’onctions avec l’huile,"
      },
      {
        "book_name": "Micha",
        "book": 33,
        "chapter": 6,
        "verse": 15,
        "text": "Tu presseras le moût, et tu ne boiras pas le vin."
      },
      {
        "book_name": "Micha",
        "book": 33,
        "chapter": 6,
        "verse": 16,
        "text": "On observe les coutumes #1 R 16:25, 26.d’Omri"
      },
      {
        "book_name": "Micha",
        "book": 33,
        "chapter": 6,
        "verse": 16,
        "text": "Et toute la manière d’agir de la maison #1 R 16:30, etc.d’Achab,"
      },
      {
        "book_name": "Micha",
        "book": 33,
        "chapter": 6,
        "verse": 16,
        "text": "Et vous marchez d’après leurs conseils;"
      },
      {
        "book_name": "Micha",
        "book": 33,
        "chapter": 6,
        "verse": 16,
        "text": "C’est pourquoi je te livrerai à la destruction,"
      },
      {
        "book_name": "Micha",
        "book": 33,
        "chapter": 6,
        "verse": 16,
        "text": "Je ferai de tes habitants un sujet de raillerie,"
      },
      {
        "book_name": "Micha",
        "book": 33,
        "chapter": 6,
        "verse": 16,
        "text": "Et vous porterez l’opprobre de mon peuple."
      }
    ],
    "7": [
      {
        "book_name": "Micha",
        "book": 33,
        "chapter": 7,
        "verse": 1,
        "text": "V. 1-6: cf. (Ps 12:2-6. Jé 5:1, 25-31; 9:2-11.) Mt 10:21, 35, 36.  1Malheur à moi! Car je suis comme à la récolte des fruits,Comme au grappillage après la vendange:Il n’y a point de grappes à manger,Point de ces primeurs que mon âme désire.  2  #    \n        Ps 12:2. Os 4:5.  L’homme de bien a disparu du pays,Et il n’y a plus de juste parmi les hommes;Ils sont tous en embuscade pour verser le sang,Chacun tend un piège à son frère.  3Leurs mains sont habiles à faire le mal:Le prince a des exigences,Le juge réclame #Mi 3:11.un salaire,Le grand manifeste son #Mi 2:1.avidité,Et ils font ainsi cause commune.  4Le meilleur d’entre eux est comme une ronce,Le plus droit pire qu’un buisson d’épines.Le jour annoncé par tes prophètes, ton châtiment approche.C’est alors qu’ils seront dans la confusion.  5Ne crois pas à un ami,Ne te fie pas à un intime;Devant celle qui repose sur ton seinGarde les portes de ta bouche.  6  #    \n        Éz 22:7. Mt 10:21, 35, 36. Lu 12:53.  Car le fils outrage le père,La fille se soulève contre sa mère,La belle-fille contre sa belle-mère;Chacun a pour ennemis les gens de sa maison.V. 7-10: cf. La 3:21, etc.  7Pour moi, je regarderai vers l’Éternel,Je mettrai mon espérance dans le Dieu de mon salut;Mon Dieu m’exaucera.  8Ne te réjouis pas à mon sujet, mon ennemie!Car si je suis tombée, je me relèverai;Si je suis assise dans les ténèbres,L’Éternel sera ma lumière.  9Je supporterai la colère de l’Éternel,Puisque j’ai péché contre lui,Jusqu’à ce qu’il #Jé 50:34.défende ma cause et me fasse droit;Il me conduira à la lumière,Et je contemplerai sa justice.  10Mon ennemie le verra et sera couverte de honte,Elle qui me #Ps 79:10; 115:2. Joë 2:7.disait: Où est l’Éternel, ton Dieu?Mes yeux se réjouiront à sa vue;Alors elle sera foulée aux pieds comme la boue des rues.V. 11-17: cf. És 19:18-25. (Jé 50:19. Éz 34:11-15.)  11Le jour où l’on #Am 9:11, etc.rebâtira tes murs,Ce jour-là tes limites seront reculées.  12En ce jour, on viendra vers toiDe l’Assyrie et des villes d’Égypte,De l’Égypte jusqu’au fleuve,D’une mer à l’autre, et d’une montagne à l’autre.  13Le pays sera dévasté à cause de ses habitants,A cause du #Jé 21:14.fruit de leurs œuvres.  14  #    \n        Mi 5:3.  Pais ton peuple avec ta houlette, le troupeau de ton héritage,Qui habite solitaire dans la forêt au milieu du Carmel!Qu’ils paissent sur le Basan et en Galaad,Comme au jour d’autrefois.  15Comme au jour où tu sortis du pays d’Égypte,Je te ferai voir des #Joë 2:26, 30.prodiges.  16Les nations le verront, et seront confuses,Avec toute leur puissance;Elles mettront la main sur la bouche,Leurs oreilles seront assourdies.  17Elles lécheront la #Ps 72:9. És 49:23.poussière, comme le serpent,Comme les reptiles de la terre;Elles seront saisies de frayeur hors de leurs forteresses;Elles trembleront devant l’Éternel, notre Dieu,Elles te craindront.V. 18-20: cf. Ps 85. Lu 1:68-75.  18Quel Dieu est semblable à toi,Qui #Ex 34:6, 7.pardonnes l’iniquité, qui oublies les péchésDu reste de ton héritage?Il ne garde pas sa colère à toujours,Car il prend plaisir à la miséricorde.  19Il aura encore compassion de nous,Il mettra sous ses pieds nos iniquités;Tu jetteras au fond de la mer tous leurs péchés.  20Tu témoigneras de la fidélité à Jacob,De la bonté à Abraham,Comme tu l’as juré à nos pères aux jours d’autrefois."
      },
      {
        "book_name": "Micha",
        "book": 33,
        "chapter": 7,
        "verse": 1,
        "text": "Malheur à moi! Car je suis comme à la récolte des fruits,"
      },
      {
        "book_name": "Micha",
        "book": 33,
        "chapter": 7,
        "verse": 1,
        "text": "Comme au grappillage après la vendange:"
      },
      {
        "book_name": "Micha",
        "book": 33,
        "chapter": 7,
        "verse": 1,
        "text": "Il n’y a point de grappes à manger,"
      },
      {
        "book_name": "Micha",
        "book": 33,
        "chapter": 7,
        "verse": 1,
        "text": "Point de ces primeurs que mon âme désire."
      },
      {
        "book_name": "Micha",
        "book": 33,
        "chapter": 7,
        "verse": 2,
        "text": "#    \n        Ps 12:2. Os 4:5.  L’homme de bien a disparu du pays,"
      },
      {
        "book_name": "Micha",
        "book": 33,
        "chapter": 7,
        "verse": 2,
        "text": "Et il n’y a plus de juste parmi les hommes;"
      },
      {
        "book_name": "Micha",
        "book": 33,
        "chapter": 7,
        "verse": 2,
        "text": "Ils sont tous en embuscade pour verser le sang,"
      },
      {
        "book_name": "Micha",
        "book": 33,
        "chapter": 7,
        "verse": 2,
        "text": "Chacun tend un piège à son frère."
      },
      {
        "book_name": "Micha",
        "book": 33,
        "chapter": 7,
        "verse": 3,
        "text": "Leurs mains sont habiles à faire le mal:"
      },
      {
        "book_name": "Micha",
        "book": 33,
        "chapter": 7,
        "verse": 3,
        "text": "Le prince a des exigences,"
      },
      {
        "book_name": "Micha",
        "book": 33,
        "chapter": 7,
        "verse": 3,
        "text": "Le juge réclame #Mi 3:11.un salaire,"
      },
      {
        "book_name": "Micha",
        "book": 33,
        "chapter": 7,
        "verse": 3,
        "text": "Le grand manifeste son #Mi 2:1.avidité,"
      },
      {
        "book_name": "Micha",
        "book": 33,
        "chapter": 7,
        "verse": 3,
        "text": "Et ils font ainsi cause commune."
      },
      {
        "book_name": "Micha",
        "book": 33,
        "chapter": 7,
        "verse": 4,
        "text": "Le meilleur d’entre eux est comme une ronce,"
      },
      {
        "book_name": "Micha",
        "book": 33,
        "chapter": 7,
        "verse": 4,
        "text": "Le plus droit pire qu’un buisson d’épines."
      },
      {
        "book_name": "Micha",
        "book": 33,
        "chapter": 7,
        "verse": 4,
        "text": "Le jour annoncé par tes prophètes, ton châtiment approche."
      },
      {
        "book_name": "Micha",
        "book": 33,
        "chapter": 7,
        "verse": 4,
        "text": "C’est alors qu’ils seront dans la confusion."
      },
      {
        "book_name": "Micha",
        "book": 33,
        "chapter": 7,
        "verse": 5,
        "text": "Ne crois pas à un ami,"
      },
      {
        "book_name": "Micha",
        "book": 33,
        "chapter": 7,
        "verse": 5,
        "text": "Ne te fie pas à un intime;"
      },
      {
        "book_name": "Micha",
        "book": 33,
        "chapter": 7,
        "verse": 5,
        "text": "Devant celle qui repose sur ton sein"
      },
      {
        "book_name": "Micha",
        "book": 33,
        "chapter": 7,
        "verse": 5,
        "text": "Garde les portes de ta bouche."
      },
      {
        "book_name": "Micha",
        "book": 33,
        "chapter": 7,
        "verse": 6,
        "text": "#    \n        Éz 22:7. Mt 10:21, 35, 36. Lu 12:53.  Car le fils outrage le père,"
      },
      {
        "book_name": "Micha",
        "book": 33,
        "chapter": 7,
        "verse": 6,
        "text": "La fille se soulève contre sa mère,"
      },
      {
        "book_name": "Micha",
        "book": 33,
        "chapter": 7,
        "verse": 6,
        "text": "La belle-fille contre sa belle-mère;"
      },
      {
        "book_name": "Micha",
        "book": 33,
        "chapter": 7,
        "verse": 6,
        "text": "Chacun a pour ennemis les gens de sa maison."
      },
      {
        "book_name": "Micha",
        "book": 33,
        "chapter": 7,
        "verse": 7,
        "text": "Pour moi, je regarderai vers l’Éternel,"
      },
      {
        "book_name": "Micha",
        "book": 33,
        "chapter": 7,
        "verse": 7,
        "text": "Je mettrai mon espérance dans le Dieu de mon salut;"
      },
      {
        "book_name": "Micha",
        "book": 33,
        "chapter": 7,
        "verse": 7,
        "text": "Mon Dieu m’exaucera."
      },
      {
        "book_name": "Micha",
        "book": 33,
        "chapter": 7,
        "verse": 8,
        "text": "Ne te réjouis pas à mon sujet, mon ennemie!"
      },
      {
        "book_name": "Micha",
        "book": 33,
        "chapter": 7,
        "verse": 8,
        "text": "Car si je suis tombée, je me relèverai;"
      },
      {
        "book_name": "Micha",
        "book": 33,
        "chapter": 7,
        "verse": 8,
        "text": "Si je suis assise dans les ténèbres,"
      },
      {
        "book_name": "Micha",
        "book": 33,
        "chapter": 7,
        "verse": 8,
        "text": "L’Éternel sera ma lumière."
      },
      {
        "book_name": "Micha",
        "book": 33,
        "chapter": 7,
        "verse": 9,
        "text": "Je supporterai la colère de l’Éternel,"
      },
      {
        "book_name": "Micha",
        "book": 33,
        "chapter": 7,
        "verse": 9,
        "text": "Puisque j’ai péché contre lui,"
      },
      {
        "book_name": "Micha",
        "book": 33,
        "chapter": 7,
        "verse": 9,
        "text": "Jusqu’à ce qu’il #Jé 50:34.défende ma cause et me fasse droit;"
      },
      {
        "book_name": "Micha",
        "book": 33,
        "chapter": 7,
        "verse": 9,
        "text": "Il me conduira à la lumière,"
      },
      {
        "book_name": "Micha",
        "book": 33,
        "chapter": 7,
        "verse": 9,
        "text": "Et je contemplerai sa justice."
      },
      {
        "book_name": "Micha",
        "book": 33,
        "chapter": 7,
        "verse": 10,
        "text": "Mon ennemie le verra et sera couverte de honte,"
      },
      {
        "book_name": "Micha",
        "book": 33,
        "chapter": 7,
        "verse": 10,
        "text": "Elle qui me #Ps 79:10; 115:2. Joë 2:7.disait: Où est l’Éternel, ton Dieu?"
      },
      {
        "book_name": "Micha",
        "book": 33,
        "chapter": 7,
        "verse": 10,
        "text": "Mes yeux se réjouiront à sa vue;"
      },
      {
        "book_name": "Micha",
        "book": 33,
        "chapter": 7,
        "verse": 10,
        "text": "Alors elle sera foulée aux pieds comme la boue des rues."
      },
      {
        "book_name": "Micha",
        "book": 33,
        "chapter": 7,
        "verse": 11,
        "text": "Le jour où l’on #Am 9:11, etc.rebâtira tes murs,"
      },
      {
        "book_name": "Micha",
        "book": 33,
        "chapter": 7,
        "verse": 11,
        "text": "Ce jour-là tes limites seront reculées."
      },
      {
        "book_name": "Micha",
        "book": 33,
        "chapter": 7,
        "verse": 12,
        "text": "En ce jour, on viendra vers toi"
      },
      {
        "book_name": "Micha",
        "book": 33,
        "chapter": 7,
        "verse": 12,
        "text": "De l’Assyrie et des villes d’Égypte,"
      },
      {
        "book_name": "Micha",
        "book": 33,
        "chapter": 7,
        "verse": 12,
        "text": "De l’Égypte jusqu’au fleuve,"
      },
      {
        "book_name": "Micha",
        "book": 33,
        "chapter": 7,
        "verse": 12,
        "text": "D’une mer à l’autre, et d’une montagne à l’autre."
      },
      {
        "book_name": "Micha",
        "book": 33,
        "chapter": 7,
        "verse": 13,
        "text": "Le pays sera dévasté à cause de ses habitants,"
      },
      {
        "book_name": "Micha",
        "book": 33,
        "chapter": 7,
        "verse": 13,
        "text": "A cause du #Jé 21:14.fruit de leurs œuvres."
      },
      {
        "book_name": "Micha",
        "book": 33,
        "chapter": 7,
        "verse": 14,
        "text": "#    \n        Mi 5:3.  Pais ton peuple avec ta houlette, le troupeau de ton héritage,"
      },
      {
        "book_name": "Micha",
        "book": 33,
        "chapter": 7,
        "verse": 14,
        "text": "Qui habite solitaire dans la forêt au milieu du Carmel!"
      },
      {
        "book_name": "Micha",
        "book": 33,
        "chapter": 7,
        "verse": 14,
        "text": "Qu’ils paissent sur le Basan et en Galaad,"
      },
      {
        "book_name": "Micha",
        "book": 33,
        "chapter": 7,
        "verse": 14,
        "text": "Comme au jour d’autrefois."
      },
      {
        "book_name": "Micha",
        "book": 33,
        "chapter": 7,
        "verse": 15,
        "text": "Comme au jour où tu sortis du pays d’Égypte,"
      },
      {
        "book_name": "Micha",
        "book": 33,
        "chapter": 7,
        "verse": 15,
        "text": "Je te ferai voir des #Joë 2:26, 30.prodiges."
      },
      {
        "book_name": "Micha",
        "book": 33,
        "chapter": 7,
        "verse": 16,
        "text": "Les nations le verront, et seront confuses,"
      },
      {
        "book_name": "Micha",
        "book": 33,
        "chapter": 7,
        "verse": 16,
        "text": "Avec toute leur puissance;"
      },
      {
        "book_name": "Micha",
        "book": 33,
        "chapter": 7,
        "verse": 16,
        "text": "Elles mettront la main sur la bouche,"
      },
      {
        "book_name": "Micha",
        "book": 33,
        "chapter": 7,
        "verse": 16,
        "text": "Leurs oreilles seront assourdies."
      },
      {
        "book_name": "Micha",
        "book": 33,
        "chapter": 7,
        "verse": 17,
        "text": "Elles lécheront la #Ps 72:9. És 49:23.poussière, comme le serpent,"
      },
      {
        "book_name": "Micha",
        "book": 33,
        "chapter": 7,
        "verse": 17,
        "text": "Comme les reptiles de la terre;"
      },
      {
        "book_name": "Micha",
        "book": 33,
        "chapter": 7,
        "verse": 17,
        "text": "Elles seront saisies de frayeur hors de leurs forteresses;"
      },
      {
        "book_name": "Micha",
        "book": 33,
        "chapter": 7,
        "verse": 17,
        "text": "Elles trembleront devant l’Éternel, notre Dieu,"
      },
      {
        "book_name": "Micha",
        "book": 33,
        "chapter": 7,
        "verse": 17,
        "text": "Elles te craindront."
      },
      {
        "book_name": "Micha",
        "book": 33,
        "chapter": 7,
        "verse": 18,
        "text": "Quel Dieu est semblable à toi,"
      },
      {
        "book_name": "Micha",
        "book": 33,
        "chapter": 7,
        "verse": 18,
        "text": "Qui #Ex 34:6, 7.pardonnes l’iniquité, qui oublies les péchés"
      },
      {
        "book_name": "Micha",
        "book": 33,
        "chapter": 7,
        "verse": 18,
        "text": "Du reste de ton héritage?"
      },
      {
        "book_name": "Micha",
        "book": 33,
        "chapter": 7,
        "verse": 18,
        "text": "Il ne garde pas sa colère à toujours,"
      },
      {
        "book_name": "Micha",
        "book": 33,
        "chapter": 7,
        "verse": 18,
        "text": "Car il prend plaisir à la miséricorde."
      },
      {
        "book_name": "Micha",
        "book": 33,
        "chapter": 7,
        "verse": 19,
        "text": "Il aura encore compassion de nous,"
      },
      {
        "book_name": "Micha",
        "book": 33,
        "chapter": 7,
        "verse": 19,
        "text": "Il mettra sous ses pieds nos iniquités;"
      },
      {
        "book_name": "Micha",
        "book": 33,
        "chapter": 7,
        "verse": 19,
        "text": "Tu jetteras au fond de la mer tous leurs péchés."
      },
      {
        "book_name": "Micha",
        "book": 33,
        "chapter": 7,
        "verse": 20,
        "text": "Tu témoigneras de la fidélité à Jacob,"
      },
      {
        "book_name": "Micha",
        "book": 33,
        "chapter": 7,
        "verse": 20,
        "text": "De la bonté à Abraham,"
      },
      {
        "book_name": "Micha",
        "book": 33,
        "chapter": 7,
        "verse": 20,
        "text": "Comme tu l’as juré à nos pères aux jours d’autrefois."
      }
    ]
  }
}