{
  "source": "bible.com",
  "version": "Luis Segond (1910)",
  "book": "Nahum",
  "chapters": {
    "1": [
      {
        "book_name": "Nahum",
        "book": 34,
        "chapter": 1,
        "verse": 1,
        "text": "V. 1-8: cf. (De 32:35, 39-43. Ex 34:6, 7.) Ps 97:1-9.  1Oracle sur Ninive. Livre de la prophétie de Nahum, d’Elkosch.  2L’Éternel est un Dieu #Ex 20:5.jaloux, il se venge;L’Éternel se venge, il est plein de fureur;L’Éternel se venge de ses adversaires,Il garde rancune à ses ennemis.  3L’Éternel est lent à la colère, il est grand par sa force;Il ne laisse pas impuni.L’Éternel marche dans la tempête, dans le tourbillon;Les nuées sont la poussière de ses pieds.  4Il menace la mer et la dessèche,Il fait tarir tous les fleuves;Le Basan et le Carmel languissent,La fleur du Liban se flétrit.  5  #    \n        Ex 19:18. Ps 18:8; 29:5, 6; 68:8; 97:4, 5; 114:4.  Les montagnes s’ébranlent devant lui,Et les collines se fondent;La terre se soulève devant sa face,Le monde et tous ses habitants.  6Qui résistera devant sa fureur?Qui tiendra contre son ardente colère?Sa fureur se répand comme le feu,Et les rochers se brisent devant lui.  7L’Éternel est bon,  #    \n        Joë 3:16.  Il est un refuge au jour de la détresse;Il connaît ceux qui se confient en lui.  8Mais avec des flots qui déborderontIl détruira la ville,Et il poursuivra ses ennemis jusque dans les ténèbres.V. 9-14: cf. És 10:5, etc.; 36; 37.  9Que méditez-vous contre l’Éternel?C’est lui qui détruit.La détresse ne paraîtra pas deux fois.  10Car entrelacés comme des épines,Et comme ivres de leur vin,Ils seront consumésComme la paille sèche, entièrement.  11De toi est sortiCelui qui méditait le mal contre l’Éternel,Celui qui avait de méchants desseins.  12Ainsi parle l’Éternel: Quoique intacts et nombreux,Ils seront moissonnés et disparaîtront.Je veux t’humilier,Pour ne plus avoir à t’humilier…  13Je briserai maintenant son joug de dessus toi,Et je romprai tes liens…  14Voici ce qu’a ordonné sur toi l’Éternel:Tu n’auras plus de descendants qui portent ton nom;J’enlèverai de la maison de ton dieu les images taillées ou en fonte;Je préparerai ton sépulcre, car tu es trop léger."
      },
      {
        "book_name": "Nahum",
        "book": 34,
        "chapter": 1,
        "verse": 1,
        "text": "Oracle sur Ninive. Livre de la prophétie de Nahum, d’Elkosch."
      },
      {
        "book_name": "Nahum",
        "book": 34,
        "chapter": 1,
        "verse": 2,
        "text": "L’Éternel est un Dieu #Ex 20:5.jaloux, il se venge;"
      },
      {
        "book_name": "Nahum",
        "book": 34,
        "chapter": 1,
        "verse": 2,
        "text": "L’Éternel se venge, il est plein de fureur;"
      },
      {
        "book_name": "Nahum",
        "book": 34,
        "chapter": 1,
        "verse": 2,
        "text": "L’Éternel se venge de ses adversaires,"
      },
      {
        "book_name": "Nahum",
        "book": 34,
        "chapter": 1,
        "verse": 2,
        "text": "Il garde rancune à ses ennemis."
      },
      {
        "book_name": "Nahum",
        "book": 34,
        "chapter": 1,
        "verse": 3,
        "text": "L’Éternel est lent à la colère, il est grand par sa force;"
      },
      {
        "book_name": "Nahum",
        "book": 34,
        "chapter": 1,
        "verse": 3,
        "text": "Il ne laisse pas impuni."
      },
      {
        "book_name": "Nahum",
        "book": 34,
        "chapter": 1,
        "verse": 3,
        "text": "L’Éternel marche dans la tempête, dans le tourbillon;"
      },
      {
        "book_name": "Nahum",
        "book": 34,
        "chapter": 1,
        "verse": 3,
        "text": "Les nuées sont la poussière de ses pieds."
      },
      {
        "book_name": "Nahum",
        "book": 34,
        "chapter": 1,
        "verse": 4,
        "text": "Il menace la mer et la dessèche,"
      },
      {
        "book_name": "Nahum",
        "book": 34,
        "chapter": 1,
        "verse": 4,
        "text": "Il fait tarir tous les fleuves;"
      },
      {
        "book_name": "Nahum",
        "book": 34,
        "chapter": 1,
        "verse": 4,
        "text": "Le Basan et le Carmel languissent,"
      },
      {
        "book_name": "Nahum",
        "book": 34,
        "chapter": 1,
        "verse": 4,
        "text": "La fleur du Liban se flétrit."
      },
      {
        "book_name": "Nahum",
        "book": 34,
        "chapter": 1,
        "verse": 5,
        "text": "#    \n        Ex 19:18. Ps 18:8; 29:5, 6; 68:8; 97:4, 5; 114:4.  Les montagnes s’ébranlent devant lui,"
      },
      {
        "book_name": "Nahum",
        "book": 34,
        "chapter": 1,
        "verse": 5,
        "text": "Et les collines se fondent;"
      },
      {
        "book_name": "Nahum",
        "book": 34,
        "chapter": 1,
        "verse": 5,
        "text": "La terre se soulève devant sa face,"
      },
      {
        "book_name": "Nahum",
        "book": 34,
        "chapter": 1,
        "verse": 5,
        "text": "Le monde et tous ses habitants."
      },
      {
        "book_name": "Nahum",
        "book": 34,
        "chapter": 1,
        "verse": 6,
        "text": "Qui résistera devant sa fureur?"
      },
      {
        "book_name": "Nahum",
        "book": 34,
        "chapter": 1,
        "verse": 6,
        "text": "Qui tiendra contre son ardente colère?"
      },
      {
        "book_name": "Nahum",
        "book": 34,
        "chapter": 1,
        "verse": 6,
        "text": "Sa fureur se répand comme le feu,"
      },
      {
        "book_name": "Nahum",
        "book": 34,
        "chapter": 1,
        "verse": 6,
        "text": "Et les rochers se brisent devant lui."
      },
      {
        "book_name": "Nahum",
        "book": 34,
        "chapter": 1,
        "verse": 7,
        "text": "L’Éternel est bon,"
      },
      {
        "book_name": "Nahum",
        "book": 34,
        "chapter": 1,
        "verse": 7,
        "text": "#    \n        Joë 3:16.  Il est un refuge au jour de la détresse;"
      },
      {
        "book_name": "Nahum",
        "book": 34,
        "chapter": 1,
        "verse": 7,
        "text": "Il connaît ceux qui se confient en lui."
      },
      {
        "book_name": "Nahum",
        "book": 34,
        "chapter": 1,
        "verse": 8,
        "text": "Mais avec des flots qui déborderont"
      },
      {
        "book_name": "Nahum",
        "book": 34,
        "chapter": 1,
        "verse": 8,
        "text": "Il détruira la ville,"
      },
      {
        "book_name": "Nahum",
        "book": 34,
        "chapter": 1,
        "verse": 8,
        "text": "Et il poursuivra ses ennemis jusque dans les ténèbres."
      },
      {
        "book_name": "Nahum",
        "book": 34,
        "chapter": 1,
        "verse": 9,
        "text": "Que méditez-vous contre l’Éternel?"
      },
      {
        "book_name": "Nahum",
        "book": 34,
        "chapter": 1,
        "verse": 9,
        "text": "C’est lui qui détruit."
      },
      {
        "book_name": "Nahum",
        "book": 34,
        "chapter": 1,
        "verse": 9,
        "text": "La détresse ne paraîtra pas deux fois."
      },
      {
        "book_name": "Nahum",
        "book": 34,
        "chapter": 1,
        "verse": 10,
        "text": "Car entrelacés comme des épines,"
      },
      {
        "book_name": "Nahum",
        "book": 34,
        "chapter": 1,
        "verse": 10,
        "text": "Et comme ivres de leur vin,"
      },
      {
        "book_name": "Nahum",
        "book": 34,
        "chapter": 1,
        "verse": 10,
        "text": "Ils seront consumés"
      },
      {
        "book_name": "Nahum",
        "book": 34,
        "chapter": 1,
        "verse": 10,
        "text": "Comme la paille sèche, entièrement."
      },
      {
        "book_name": "Nahum",
        "book": 34,
        "chapter": 1,
        "verse": 11,
        "text": "De toi est sorti"
      },
      {
        "book_name": "Nahum",
        "book": 34,
        "chapter": 1,
        "verse": 11,
        "text": "Celui qui méditait le mal contre l’Éternel,"
      },
      {
        "book_name": "Nahum",
        "book": 34,
        "chapter": 1,
        "verse": 11,
        "text": "Celui qui avait de méchants desseins."
      },
      {
        "book_name": "Nahum",
        "book": 34,
        "chapter": 1,
        "verse": 12,
        "text": "Ainsi parle l’Éternel: Quoique intacts et nombreux,"
      },
      {
        "book_name": "Nahum",
        "book": 34,
        "chapter": 1,
        "verse": 12,
        "text": "Ils seront moissonnés et disparaîtront."
      },
      {
        "book_name": "Nahum",
        "book": 34,
        "chapter": 1,
        "verse": 12,
        "text": "Je veux t’humilier,"
      },
      {
        "book_name": "Nahum",
        "book": 34,
        "chapter": 1,
        "verse": 12,
        "text": "Pour ne plus avoir à t’humilier…"
      },
      {
        "book_name": "Nahum",
        "book": 34,
        "chapter": 1,
        "verse": 13,
        "text": "Je briserai maintenant son joug de dessus toi,"
      },
      {
        "book_name": "Nahum",
        "book": 34,
        "chapter": 1,
        "verse": 13,
        "text": "Et je romprai tes liens…"
      },
      {
        "book_name": "Nahum",
        "book": 34,
        "chapter": 1,
        "verse": 14,
        "text": "Voici ce qu’a ordonné sur toi l’Éternel:"
      },
      {
        "book_name": "Nahum",
        "book": 34,
        "chapter": 1,
        "verse": 14,
        "text": "Tu n’auras plus de descendants qui portent ton nom;"
      },
      {
        "book_name": "Nahum",
        "book": 34,
        "chapter": 1,
        "verse": 14,
        "text": "J’enlèverai de la maison de ton dieu les images taillées ou en fonte;"
      },
      {
        "book_name": "Nahum",
        "book": 34,
        "chapter": 1,
        "verse": 14,
        "text": "Je préparerai ton sépulcre, car tu es trop léger."
      }
    ],
    "2": [
      {
        "book_name": "Nahum",
        "book": 34,
        "chapter": 2,
        "verse": 1,
        "text": "V. 1-14: cf. És 33:1-4. Jos 10:25. Ps 92:10.  1  #    \n        És 52:7. Ro 10:15.  Voici sur les montagnesLes pieds du messager qui annonce la paix!Célèbre tes fêtes, Juda, accomplis tes vœux!Car le méchant ne passera plus au milieu de toi,Il est entièrement exterminé…  2Le destructeur marche contre toi.Garde la forteresse!Veille sur la route! Affermis tes reins!Recueille toute ta force!…  3Car l’Éternel rétablit la gloire de JacobEt la gloire d’Israël,Parce que les #Ps 80:13. És 10:12.pillards les ont pillésEt ont détruit leurs ceps…  4Les boucliers de ses héros sont rouges,Les guerriers sont vêtus de pourpre;Avec le fer qui étincelle apparaissent les chars,Au jour qu’il a fixé pour la bataille,Et les lances sont agitées.  5Les chars s’élancent dans la campagne,Se précipitent sur les places;A les voir, on dirait des flambeaux,Ils courent comme des éclairs…  6Il se souvient de ses vaillants hommes,Mais ils chancellent dans leur marche;On se hâte vers les murs,Et l’on se prépare à la défense…  7Les portes des fleuves sont ouvertes,Et le palais s’écroule!…  8C’en est fait: elle est mise à nu, elle est emmenée;Ses servantes gémissent comme des colombes,Et se frappent la poitrine.  9Ninive était jadis comme un réservoir plein d’eau…Les voilà qui fuient…Arrêtez! Arrêtez!…Mais nul ne se retourne…  10Pillez l’argent! Pillez l’or!Il y a des trésors sans fin,Des richesses en objets précieux de toute espèce.  11On pille, on dévaste, on ravage!Et #De 1:28; 20:8. Jos 2:11; 5:1; 7:5. És 13:7. Éz 21:7.les cœurs sont abattus,Les genoux chancellent,  #    \n        És 13:8; 21:3.  Tous les reins souffrent,Tous les visages pâlissent.  12Qu’est devenu ce repaire de lions,Ce pâturage des lionceaux,Où se retiraient le lion, la lionne, le petit du lion,Sans qu’il y eût personne pour les troubler?  13Le lion déchirait pour ses petits,Etranglait pour ses lionnes;Il remplissait de proie ses antres,De dépouilles ses repaires.  14Voici, j’en veux à toi, dit l’Éternel des armées;Je réduirai tes chars en fumée,L’épée dévorera tes lionceaux,J’arracherai du pays ta proie,Et l’on n’entendra plus la voix de tes messagers."
      },
      {
        "book_name": "Nahum",
        "book": 34,
        "chapter": 2,
        "verse": 1,
        "text": "#    \n        És 52:7. Ro 10:15.  Voici sur les montagnes"
      },
      {
        "book_name": "Nahum",
        "book": 34,
        "chapter": 2,
        "verse": 1,
        "text": "Les pieds du messager qui annonce la paix!"
      },
      {
        "book_name": "Nahum",
        "book": 34,
        "chapter": 2,
        "verse": 1,
        "text": "Célèbre tes fêtes, Juda, accomplis tes vœux!"
      },
      {
        "book_name": "Nahum",
        "book": 34,
        "chapter": 2,
        "verse": 1,
        "text": "Car le méchant ne passera plus au milieu de toi,"
      },
      {
        "book_name": "Nahum",
        "book": 34,
        "chapter": 2,
        "verse": 1,
        "text": "Il est entièrement exterminé…"
      },
      {
        "book_name": "Nahum",
        "book": 34,
        "chapter": 2,
        "verse": 2,
        "text": "Le destructeur marche contre toi."
      },
      {
        "book_name": "Nahum",
        "book": 34,
        "chapter": 2,
        "verse": 2,
        "text": "Garde la forteresse!"
      },
      {
        "book_name": "Nahum",
        "book": 34,
        "chapter": 2,
        "verse": 2,
        "text": "Veille sur la route! Affermis tes reins!"
      },
      {
        "book_name": "Nahum",
        "book": 34,
        "chapter": 2,
        "verse": 2,
        "text": "Recueille toute ta force!…"
      },
      {
        "book_name": "Nahum",
        "book": 34,
        "chapter": 2,
        "verse": 3,
        "text": "Car l’Éternel rétablit la gloire de Jacob"
      },
      {
        "book_name": "Nahum",
        "book": 34,
        "chapter": 2,
        "verse": 3,
        "text": "Et la gloire d’Israël,"
      },
      {
        "book_name": "Nahum",
        "book": 34,
        "chapter": 2,
        "verse": 3,
        "text": "Parce que les #Ps 80:13. És 10:12.pillards les ont pillés"
      },
      {
        "book_name": "Nahum",
        "book": 34,
        "chapter": 2,
        "verse": 3,
        "text": "Et ont détruit leurs ceps…"
      },
      {
        "book_name": "Nahum",
        "book": 34,
        "chapter": 2,
        "verse": 4,
        "text": "Les boucliers de ses héros sont rouges,"
      },
      {
        "book_name": "Nahum",
        "book": 34,
        "chapter": 2,
        "verse": 4,
        "text": "Les guerriers sont vêtus de pourpre;"
      },
      {
        "book_name": "Nahum",
        "book": 34,
        "chapter": 2,
        "verse": 4,
        "text": "Avec le fer qui étincelle apparaissent les chars,"
      },
      {
        "book_name": "Nahum",
        "book": 34,
        "chapter": 2,
        "verse": 4,
        "text": "Au jour qu’il a fixé pour la bataille,"
      },
      {
        "book_name": "Nahum",
        "book": 34,
        "chapter": 2,
        "verse": 4,
        "text": "Et les lances sont agitées."
      },
      {
        "book_name": "Nahum",
        "book": 34,
        "chapter": 2,
        "verse": 5,
        "text": "Les chars s’élancent dans la campagne,"
      },
      {
        "book_name": "Nahum",
        "book": 34,
        "chapter": 2,
        "verse": 5,
        "text": "Se précipitent sur les places;"
      },
      {
        "book_name": "Nahum",
        "book": 34,
        "chapter": 2,
        "verse": 5,
        "text": "A les voir, on dirait des flambeaux,"
      },
      {
        "book_name": "Nahum",
        "book": 34,
        "chapter": 2,
        "verse": 5,
        "text": "Ils courent comme des éclairs…"
      },
      {
        "book_name": "Nahum",
        "book": 34,
        "chapter": 2,
        "verse": 6,
        "text": "Il se souvient de ses vaillants hommes,"
      },
      {
        "book_name": "Nahum",
        "book": 34,
        "chapter": 2,
        "verse": 6,
        "text": "Mais ils chancellent dans leur marche;"
      },
      {
        "book_name": "Nahum",
        "book": 34,
        "chapter": 2,
        "verse": 6,
        "text": "On se hâte vers les murs,"
      },
      {
        "book_name": "Nahum",
        "book": 34,
        "chapter": 2,
        "verse": 6,
        "text": "Et l’on se prépare à la défense…"
      },
      {
        "book_name": "Nahum",
        "book": 34,
        "chapter": 2,
        "verse": 7,
        "text": "Les portes des fleuves sont ouvertes,"
      },
      {
        "book_name": "Nahum",
        "book": 34,
        "chapter": 2,
        "verse": 7,
        "text": "Et le palais s’écroule!…"
      },
      {
        "book_name": "Nahum",
        "book": 34,
        "chapter": 2,
        "verse": 8,
        "text": "C’en est fait: elle est mise à nu, elle est emmenée;"
      },
      {
        "book_name": "Nahum",
        "book": 34,
        "chapter": 2,
        "verse": 8,
        "text": "Ses servantes gémissent comme des colombes,"
      },
      {
        "book_name": "Nahum",
        "book": 34,
        "chapter": 2,
        "verse": 8,
        "text": "Et se frappent la poitrine."
      },
      {
        "book_name": "Nahum",
        "book": 34,
        "chapter": 2,
        "verse": 9,
        "text": "Ninive était jadis comme un réservoir plein d’eau…"
      },
      {
        "book_name": "Nahum",
        "book": 34,
        "chapter": 2,
        "verse": 9,
        "text": "Les voilà qui fuient…"
      },
      {
        "book_name": "Nahum",
        "book": 34,
        "chapter": 2,
        "verse": 9,
        "text": "Arrêtez! Arrêtez!…"
      },
      {
        "book_name": "Nahum",
        "book": 34,
        "chapter": 2,
        "verse": 9,
        "text": "Mais nul ne se retourne…"
      },
      {
        "book_name": "Nahum",
        "book": 34,
        "chapter": 2,
        "verse": 10,
        "text": "Pillez l’argent! Pillez l’or!"
      },
      {
        "book_name": "Nahum",
        "book": 34,
        "chapter": 2,
        "verse": 10,
        "text": "Il y a des trésors sans fin,"
      },
      {
        "book_name": "Nahum",
        "book": 34,
        "chapter": 2,
        "verse": 10,
        "text": "Des richesses en objets précieux de toute espèce."
      },
      {
        "book_name": "Nahum",
        "book": 34,
        "chapter": 2,
        "verse": 11,
        "text": "On pille, on dévaste, on ravage!"
      },
      {
        "book_name": "Nahum",
        "book": 34,
        "chapter": 2,
        "verse": 11,
        "text": "Et #De 1:28; 20:8. Jos 2:11; 5:1; 7:5. És 13:7. Éz 21:7.les cœurs sont abattus,"
      },
      {
        "book_name": "Nahum",
        "book": 34,
        "chapter": 2,
        "verse": 11,
        "text": "Les genoux chancellent,"
      },
      {
        "book_name": "Nahum",
        "book": 34,
        "chapter": 2,
        "verse": 11,
        "text": "#    \n        És 13:8; 21:3.  Tous les reins souffrent,"
      },
      {
        "book_name": "Nahum",
        "book": 34,
        "chapter": 2,
        "verse": 11,
        "text": "Tous les visages pâlissent."
      },
      {
        "book_name": "Nahum",
        "book": 34,
        "chapter": 2,
        "verse": 12,
        "text": "Qu’est devenu ce repaire de lions,"
      },
      {
        "book_name": "Nahum",
        "book": 34,
        "chapter": 2,
        "verse": 12,
        "text": "Ce pâturage des lionceaux,"
      },
      {
        "book_name": "Nahum",
        "book": 34,
        "chapter": 2,
        "verse": 12,
        "text": "Où se retiraient le lion, la lionne, le petit du lion,"
      },
      {
        "book_name": "Nahum",
        "book": 34,
        "chapter": 2,
        "verse": 12,
        "text": "Sans qu’il y eût personne pour les troubler?"
      },
      {
        "book_name": "Nahum",
        "book": 34,
        "chapter": 2,
        "verse": 13,
        "text": "Le lion déchirait pour ses petits,"
      },
      {
        "book_name": "Nahum",
        "book": 34,
        "chapter": 2,
        "verse": 13,
        "text": "Etranglait pour ses lionnes;"
      },
      {
        "book_name": "Nahum",
        "book": 34,
        "chapter": 2,
        "verse": 13,
        "text": "Il remplissait de proie ses antres,"
      },
      {
        "book_name": "Nahum",
        "book": 34,
        "chapter": 2,
        "verse": 13,
        "text": "De dépouilles ses repaires."
      },
      {
        "book_name": "Nahum",
        "book": 34,
        "chapter": 2,
        "verse": 14,
        "text": "Voici, j’en veux à toi, dit l’Éternel des armées;"
      },
      {
        "book_name": "Nahum",
        "book": 34,
        "chapter": 2,
        "verse": 14,
        "text": "Je réduirai tes chars en fumée,"
      },
      {
        "book_name": "Nahum",
        "book": 34,
        "chapter": 2,
        "verse": 14,
        "text": "L’épée dévorera tes lionceaux,"
      },
      {
        "book_name": "Nahum",
        "book": 34,
        "chapter": 2,
        "verse": 14,
        "text": "J’arracherai du pays ta proie,"
      },
      {
        "book_name": "Nahum",
        "book": 34,
        "chapter": 2,
        "verse": 14,
        "text": "Et l’on n’entendra plus la voix de tes messagers."
      }
    ],
    "3": [
      {
        "book_name": "Nahum",
        "book": 34,
        "chapter": 3,
        "verse": 1,
        "text": "V. 1-19: cf. So 2:13-15. Éz 31:3-17. Jg 5:31.  1Malheur à la ville sanguinaire,Pleine de mensonge, pleine de violence,Et qui ne cesse de se livrer à la rapine!…  2On entend le bruit du fouet,Le bruit des roues,Le galop des chevaux,Le roulement des chars.  3Les cavaliers s’élancent, l’épée étincelle, la lance brille…Une multitude de blessés!… une foule de cadavres!…Des morts à l’infini!…On tombe sur les morts!…  4C’est à cause des nombreuses prostitutions de la prostituée,Pleine d’attraits, habile enchanteresse,Qui vendait les nations par ses prostitutionsEt les peuples par ses enchantements.  5Voici, j’en veux à toi, dit l’Éternel des armées,Je relèverai tes pans jusque sur ton visage,Je montrerai ta nudité aux nations,Et ta honte aux royaumes.  6Je jetterai sur toi des impuretés, je t’avilirai,Et je te donnerai en spectacle.  7Tous ceux qui te verront fuiront loin de toi,Et l’on dira: Ninive est détruite!Qui la plaindra?Où te chercherai-je des consolateurs?  8Es-tu meilleure que No-Amon,Qui était assise au milieu des fleuves,Entourée par les eaux,Ayant la mer pour rempart,La mer pour murailles?  9L’Éthiopie et les Égyptiens innombrables faisaient sa force,Puth et les Libyens étaient ses auxiliaires.  10Et cependant elle est partie pour l’exil, elle s’en est allée captive;Ses enfants ont été écrasés au coin de toutes les rues;On a jeté le sort sur ses nobles,Et tous ses grands ont été chargés de chaînes.  11Toi aussi, tu seras enivrée, tu te cacheras;Toi aussi, tu chercheras un refuge contre l’ennemi.  12Toutes tes forteressesSont des figuiers avec les primeurs;Quand on les secoue,Elles tombent dans la bouche de qui veut les manger.  13Voici, ton peuple, ce sont des femmes au milieu de toi;Les portes de ton pays s’ouvrent à tes ennemis;Le feu consume tes verrous.  14Puise de l’eau pour le siège!Répare tes forteresses!Entre dans la boue, foule l’argile!Rétablis le four à briques!  15Là, le feu te dévorera,L’épée t’exterminera,Te dévorera comme des sauterelles.Entasse-toi comme les sauterelles!Entasse-toi comme les sauterelles!  16Tes marchands, plus nombreuxQue les étoiles du ciel,Sont comme la sauterelle qui ouvre les ailes et s’envole.  17Tes princes sont comme les sauterelles,Tes chefs comme une multitude de sauterelles,Qui se posent sur les haies au temps de la froidure:Le soleil paraît, elles s’envolent,Et l’on ne connaît plus le lieu où elles étaient.  18Tes bergers sommeillent, roi d’Assyrie,Tes vaillants hommes reposent;Ton peuple est dispersé sur les montagnes,Et nul ne le rassemble.  19Il n’y a point de remède à ta blessure,Ta plaie est mortelle.Tous ceux qui entendront parler de toiBattront des mains sur toi;Car quel est celui que ta méchanceté n’a pas atteint?"
      },
      {
        "book_name": "Nahum",
        "book": 34,
        "chapter": 3,
        "verse": 1,
        "text": "Malheur à la ville sanguinaire,"
      },
      {
        "book_name": "Nahum",
        "book": 34,
        "chapter": 3,
        "verse": 1,
        "text": "Pleine de mensonge, pleine de violence,"
      },
      {
        "book_name": "Nahum",
        "book": 34,
        "chapter": 3,
        "verse": 1,
        "text": "Et qui ne cesse de se livrer à la rapine!…"
      },
      {
        "book_name": "Nahum",
        "book": 34,
        "chapter": 3,
        "verse": 2,
        "text": "On entend le bruit du fouet,"
      },
      {
        "book_name": "Nahum",
        "book": 34,
        "chapter": 3,
        "verse": 2,
        "text": "Le bruit des roues,"
      },
      {
        "book_name": "Nahum",
        "book": 34,
        "chapter": 3,
        "verse": 2,
        "text": "Le galop des chevaux,"
      },
      {
        "book_name": "Nahum",
        "book": 34,
        "chapter": 3,
        "verse": 2,
        "text": "Le roulement des chars."
      },
      {
        "book_name": "Nahum",
        "book": 34,
        "chapter": 3,
        "verse": 3,
        "text": "Les cavaliers s’élancent, l’épée étincelle, la lance brille…"
      },
      {
        "book_name": "Nahum",
        "book": 34,
        "chapter": 3,
        "verse": 3,
        "text": "Une multitude de blessés!… une foule de cadavres!…"
      },
      {
        "book_name": "Nahum",
        "book": 34,
        "chapter": 3,
        "verse": 3,
        "text": "Des morts à l’infini!…"
      },
      {
        "book_name": "Nahum",
        "book": 34,
        "chapter": 3,
        "verse": 3,
        "text": "On tombe sur les morts!…"
      },
      {
        "book_name": "Nahum",
        "book": 34,
        "chapter": 3,
        "verse": 4,
        "text": "C’est à cause des nombreuses prostitutions de la prostituée,"
      },
      {
        "book_name": "Nahum",
        "book": 34,
        "chapter": 3,
        "verse": 4,
        "text": "Pleine d’attraits, habile enchanteresse,"
      },
      {
        "book_name": "Nahum",
        "book": 34,
        "chapter": 3,
        "verse": 4,
        "text": "Qui vendait les nations par ses prostitutions"
      },
      {
        "book_name": "Nahum",
        "book": 34,
        "chapter": 3,
        "verse": 4,
        "text": "Et les peuples par ses enchantements."
      },
      {
        "book_name": "Nahum",
        "book": 34,
        "chapter": 3,
        "verse": 5,
        "text": "Voici, j’en veux à toi, dit l’Éternel des armées,"
      },
      {
        "book_name": "Nahum",
        "book": 34,
        "chapter": 3,
        "verse": 5,
        "text": "Je relèverai tes pans jusque sur ton visage,"
      },
      {
        "book_name": "Nahum",
        "book": 34,
        "chapter": 3,
        "verse": 5,
        "text": "Je montrerai ta nudité aux nations,"
      },
      {
        "book_name": "Nahum",
        "book": 34,
        "chapter": 3,
        "verse": 5,
        "text": "Et ta honte aux royaumes."
      },
      {
        "book_name": "Nahum",
        "book": 34,
        "chapter": 3,
        "verse": 6,
        "text": "Je jetterai sur toi des impuretés, je t’avilirai,"
      },
      {
        "book_name": "Nahum",
        "book": 34,
        "chapter": 3,
        "verse": 6,
        "text": "Et je te donnerai en spectacle."
      },
      {
        "book_name": "Nahum",
        "book": 34,
        "chapter": 3,
        "verse": 7,
        "text": "Tous ceux qui te verront fuiront loin de toi,"
      },
      {
        "book_name": "Nahum",
        "book": 34,
        "chapter": 3,
        "verse": 7,
        "text": "Et l’on dira: Ninive est détruite!"
      },
      {
        "book_name": "Nahum",
        "book": 34,
        "chapter": 3,
        "verse": 7,
        "text": "Qui la plaindra?"
      },
      {
        "book_name": "Nahum",
        "book": 34,
        "chapter": 3,
        "verse": 7,
        "text": "Où te chercherai-je des consolateurs?"
      },
      {
        "book_name": "Nahum",
        "book": 34,
        "chapter": 3,
        "verse": 8,
        "text": "Es-tu meilleure que No-Amon,"
      },
      {
        "book_name": "Nahum",
        "book": 34,
        "chapter": 3,
        "verse": 8,
        "text": "Qui était assise au milieu des fleuves,"
      },
      {
        "book_name": "Nahum",
        "book": 34,
        "chapter": 3,
        "verse": 8,
        "text": "Entourée par les eaux,"
      },
      {
        "book_name": "Nahum",
        "book": 34,
        "chapter": 3,
        "verse": 8,
        "text": "Ayant la mer pour rempart,"
      },
      {
        "book_name": "Nahum",
        "book": 34,
        "chapter": 3,
        "verse": 8,
        "text": "La mer pour murailles?"
      },
      {
        "book_name": "Nahum",
        "book": 34,
        "chapter": 3,
        "verse": 9,
        "text": "L’Éthiopie et les Égyptiens innombrables faisaient sa force,"
      },
      {
        "book_name": "Nahum",
        "book": 34,
        "chapter": 3,
        "verse": 9,
        "text": "Puth et les Libyens étaient ses auxiliaires."
      },
      {
        "book_name": "Nahum",
        "book": 34,
        "chapter": 3,
        "verse": 10,
        "text": "Et cependant elle est partie pour l’exil, elle s’en est allée captive;"
      },
      {
        "book_name": "Nahum",
        "book": 34,
        "chapter": 3,
        "verse": 10,
        "text": "Ses enfants ont été écrasés au coin de toutes les rues;"
      },
      {
        "book_name": "Nahum",
        "book": 34,
        "chapter": 3,
        "verse": 10,
        "text": "On a jeté le sort sur ses nobles,"
      },
      {
        "book_name": "Nahum",
        "book": 34,
        "chapter": 3,
        "verse": 10,
        "text": "Et tous ses grands ont été chargés de chaînes."
      },
      {
        "book_name": "Nahum",
        "book": 34,
        "chapter": 3,
        "verse": 11,
        "text": "Toi aussi, tu seras enivrée, tu te cacheras;"
      },
      {
        "book_name": "Nahum",
        "book": 34,
        "chapter": 3,
        "verse": 11,
        "text": "Toi aussi, tu chercheras un refuge contre l’ennemi."
      },
      {
        "book_name": "Nahum",
        "book": 34,
        "chapter": 3,
        "verse": 12,
        "text": "Toutes tes forteresses"
      },
      {
        "book_name": "Nahum",
        "book": 34,
        "chapter": 3,
        "verse": 12,
        "text": "Sont des figuiers avec les primeurs;"
      },
      {
        "book_name": "Nahum",
        "book": 34,
        "chapter": 3,
        "verse": 12,
        "text": "Quand on les secoue,"
      },
      {
        "book_name": "Nahum",
        "book": 34,
        "chapter": 3,
        "verse": 12,
        "text": "Elles tombent dans la bouche de qui veut les manger."
      },
      {
        "book_name": "Nahum",
        "book": 34,
        "chapter": 3,
        "verse": 13,
        "text": "Voici, ton peuple, ce sont des femmes au milieu de toi;"
      },
      {
        "book_name": "Nahum",
        "book": 34,
        "chapter": 3,
        "verse": 13,
        "text": "Les portes de ton pays s’ouvrent à tes ennemis;"
      },
      {
        "book_name": "Nahum",
        "book": 34,
        "chapter": 3,
        "verse": 13,
        "text": "Le feu consume tes verrous."
      },
      {
        "book_name": "Nahum",
        "book": 34,
        "chapter": 3,
        "verse": 14,
        "text": "Puise de l’eau pour le siège!"
      },
      {
        "book_name": "Nahum",
        "book": 34,
        "chapter": 3,
        "verse": 14,
        "text": "Répare tes forteresses!"
      },
      {
        "book_name": "Nahum",
        "book": 34,
        "chapter": 3,
        "verse": 14,
        "text": "Entre dans la boue, foule l’argile!"
      },
      {
        "book_name": "Nahum",
        "book": 34,
        "chapter": 3,
        "verse": 14,
        "text": "Rétablis le four à briques!"
      },
      {
        "book_name": "Nahum",
        "book": 34,
        "chapter": 3,
        "verse": 15,
        "text": "Là, le feu te dévorera,"
      },
      {
        "book_name": "Nahum",
        "book": 34,
        "chapter": 3,
        "verse": 15,
        "text": "L’épée t’exterminera,"
      },
      {
        "book_name": "Nahum",
        "book": 34,
        "chapter": 3,
        "verse": 15,
        "text": "Te dévorera comme des sauterelles."
      },
      {
        "book_name": "Nahum",
        "book": 34,
        "chapter": 3,
        "verse": 15,
        "text": "Entasse-toi comme les sauterelles!"
      },
      {
        "book_name": "Nahum",
        "book": 34,
        "chapter": 3,
        "verse": 15,
        "text": "Entasse-toi comme les sauterelles!"
      },
      {
        "book_name": "Nahum",
        "book": 34,
        "chapter": 3,
        "verse": 16,
        "text": "Tes marchands, plus nombreux"
      },
      {
        "book_name": "Nahum",
        "book": 34,
        "chapter": 3,
        "verse": 16,
        "text": "Que les étoiles du ciel,"
      },
      {
        "book_name": "Nahum",
        "book": 34,
        "chapter": 3,
        "verse": 16,
        "text": "Sont comme la sauterelle qui ouvre les ailes et s’envole."
      },
      {
        "book_name": "Nahum",
        "book": 34,
        "chapter": 3,
        "verse": 17,
        "text": "Tes princes sont comme les sauterelles,"
      },
      {
        "book_name": "Nahum",
        "book": 34,
        "chapter": 3,
        "verse": 17,
        "text": "Tes chefs comme une multitude de sauterelles,"
      },
      {
        "book_name": "Nahum",
        "book": 34,
        "chapter": 3,
        "verse": 17,
        "text": "Qui se posent sur les haies au temps de la froidure:"
      },
      {
        "book_name": "Nahum",
        "book": 34,
        "chapter": 3,
        "verse": 17,
        "text": "Le soleil paraît, elles s’envolent,"
      },
      {
        "book_name": "Nahum",
        "book": 34,
        "chapter": 3,
        "verse": 17,
        "text": "Et l’on ne connaît plus le lieu où elles étaient."
      },
      {
        "book_name": "Nahum",
        "book": 34,
        "chapter": 3,
        "verse": 18,
        "text": "Tes bergers sommeillent, roi d’Assyrie,"
      },
      {
        "book_name": "Nahum",
        "book": 34,
        "chapter": 3,
        "verse": 18,
        "text": "Tes vaillants hommes reposent;"
      },
      {
        "book_name": "Nahum",
        "book": 34,
        "chapter": 3,
        "verse": 18,
        "text": "Ton peuple est dispersé sur les montagnes,"
      },
      {
        "book_name": "Nahum",
        "book": 34,
        "chapter": 3,
        "verse": 18,
        "text": "Et nul ne le rassemble."
      },
      {
        "book_name": "Nahum",
        "book": 34,
        "chapter": 3,
        "verse": 19,
        "text": "Il n’y a point de remède à ta blessure,"
      },
      {
        "book_name": "Nahum",
        "book": 34,
        "chapter": 3,
        "verse": 19,
        "text": "Ta plaie est mortelle."
      },
      {
        "book_name": "Nahum",
        "book": 34,
        "chapter": 3,
        "verse": 19,
        "text": "Tous ceux qui entendront parler de toi"
      },
      {
        "book_name": "Nahum",
        "book": 34,
        "chapter": 3,
        "verse": 19,
        "text": "Battront des mains sur toi;"
      },
      {
        "book_name": "Nahum",
        "book": 34,
        "chapter": 3,
        "verse": 19,
        "text": "Car quel est celui que ta méchanceté n’a pas atteint?"
      }
    ]
  }
}