{
  "source": "bible.com",
  "version": "Luis Segond (1910)",
  "book": "Obadja",
  "chapters": {
    "1": [
      {
        "book_name": "Obadja",
        "book": 31,
        "chapter": 1,
        "verse": 1,
        "text": "Prophétie sur la ruine d’ÉdomV. 1-16: cf. (Jé 49:7-22. Éz 25:12-14; 35. És 34.) Lu 14:11.  1Prophétie d’Abdias.Ainsi parle le Seigneur, l’Éternel, sur Édom:  #    \n        Jé 49:14.  Nous avons appris une nouvelle de la part de l’Éternel,Et un messager a été envoyé parmi les nations:Levez-vous, marchons contre Édom pour lui faire la guerre!  2Voici, je te rendrai petit parmi les nations,Tu seras l’objet du plus grand mépris.  3L’orgueil de ton cœur t’a égaré,Toi qui habites le creux des rochers,Qui t’assieds sur les hauteurs,Et qui dis en toi-même:Qui me précipitera jusqu’à terre?  4  #    \n        Jé 49:16.  Quand tu placerais ton nid aussi haut que celui de l’aigle,Quand tu le placerais parmi les étoiles,Je t’en précipiterai, dit l’Éternel.  5  #    \n        Jé 49:9.  Si des voleurs, des pillards, viennent de nuit chez toi,Comme te voilà dévasté!Mais enlèvent-ils plus qu’ils ne peuvent?Si des vendangeurs viennent chez toi,Ne laissent-ils rien à grappiller?…  6Ah! Comme Ésaü est fouillé!Comme ses trésors sont découverts!  7Tous tes alliés t’ont chassé jusqu’à la frontière,Tes amis t’ont joué, t’ont dominé,Ceux qui mangeaient ton pain t’ont dressé des pièges,Et tu n’as pas su t’en apercevoir!  8  #    \n        És 29:14. Jé 49:7.  N’est-ce pas en ce jour, dit l’Éternel,Que je ferai disparaître d’Édom les sages,Et de la montagne d’Ésaü l’intelligence?  9Tes #Am 2:14, 16.guerriers, ô Théman, seront dans l’épouvante,Car tous ceux de la montagne d’Ésaü périront dans le carnage.  10A cause de ta #Ge 27:41. Éz 35:5. Am 1:11.violence contre ton frère Jacob,Tu seras couvert de honte,Et tu seras exterminé pour toujours.  11Le jour où tu te tenais en face de lui,Le jour où des étrangers emmenaient captive son armée,Où des étrangers entraient dans ses portes,Et jetaient le sort sur Jérusalem,Toi aussi tu étais #Ps 137:7.comme l’un d’eux.  12Ne repais pas ta vue du jour de ton frère, du jour de son malheur,Ne te réjouis pas sur les enfants de Juda au jour de leur ruine,Et n’ouvre pas une grande bouche au jour de la détresse!  13N’entre pas dans les portes de mon peuple au jour de sa ruine,Ne repais pas ta vue de son malheur au jour de sa ruine,Et ne porte pas la main sur ses richesses au jour de sa ruine!  14Ne te tiens pas au carrefour pour exterminer ses fuyards,Et ne livre pas ses réchappés au jour de la détresse!  15Car le jour de l’Éternel est proche, pour toutes les nations;  #    \n        Éz 35:15.  Il te sera fait comme tu as fait,Tes œuvres retomberont sur ta tête.  16Car, comme vous avez bu sur ma montagne sainte,Ainsi toutes les nations boiront sans cesse;Elles boiront, elles avaleront,Et elles seront comme si elles n’avaient jamais été.V. 17-21: cf. (Joë 3:17, 19. És 11:11-14.) (Éz 37:21-28. Mi 4:6, 7.)  17Mais le salut sera sur la montagne de Sion, elle sera sainte,Et la maison de Jacob reprendra ses possessions.  18La maison de Jacob sera un feu, et la maison de Joseph une flamme;Mais la maison d’Ésaü sera du chaume,Qu’elles allumeront et consumeront;Et il ne restera rien de la maison d’Ésaü,Car l’Éternel a parlé.  19Ceux du midi posséderont la montagne d’Ésaü,Et ceux de la plaine le pays des Philistins;Ils posséderont le territoire d’Éphraïm et celui de Samarie;Et Benjamin possédera Galaad.  20Les captifs de cette armée des enfants d’IsraëlPosséderont le pays occupé par les Cananéens jusqu’à Sarepta,Et les captifs de Jérusalem qui sont à SepharadPosséderont les villes du midi.  21Des libérateurs monteront sur la montagne de Sion,Pour juger la montagne d’Ésaü;Et à l’Éternel appartiendra le règne."
      },
      {
        "book_name": "Obadja",
        "book": 31,
        "chapter": 1,
        "verse": 1,
        "text": "Prophétie d’Abdias."
      },
      {
        "book_name": "Obadja",
        "book": 31,
        "chapter": 1,
        "verse": 1,
        "text": "Ainsi parle le Seigneur, l’Éternel, sur Édom:"
      },
      {
        "book_name": "Obadja",
        "book": 31,
        "chapter": 1,
        "verse": 1,
        "text": "#    \n        Jé 49:14.  Nous avons appris une nouvelle de la part de l’Éternel,"
      },
      {
        "book_name": "Obadja",
        "book": 31,
        "chapter": 1,
        "verse": 1,
        "text": "Et un messager a été envoyé parmi les nations:"
      },
      {
        "book_name": "Obadja",
        "book": 31,
        "chapter": 1,
        "verse": 1,
        "text": "Levez-vous, marchons contre Édom pour lui faire la guerre!"
      },
      {
        "book_name": "Obadja",
        "book": 31,
        "chapter": 1,
        "verse": 2,
        "text": "Voici, je te rendrai petit parmi les nations,"
      },
      {
        "book_name": "Obadja",
        "book": 31,
        "chapter": 1,
        "verse": 2,
        "text": "Tu seras l’objet du plus grand mépris."
      },
      {
        "book_name": "Obadja",
        "book": 31,
        "chapter": 1,
        "verse": 3,
        "text": "L’orgueil de ton cœur t’a égaré,"
      },
      {
        "book_name": "Obadja",
        "book": 31,
        "chapter": 1,
        "verse": 3,
        "text": "Toi qui habites le creux des rochers,"
      },
      {
        "book_name": "Obadja",
        "book": 31,
        "chapter": 1,
        "verse": 3,
        "text": "Qui t’assieds sur les hauteurs,"
      },
      {
        "book_name": "Obadja",
        "book": 31,
        "chapter": 1,
        "verse": 3,
        "text": "Et qui dis en toi-même:"
      },
      {
        "book_name": "Obadja",
        "book": 31,
        "chapter": 1,
        "verse": 3,
        "text": "Qui me précipitera jusqu’à terre?"
      },
      {
        "book_name": "Obadja",
        "book": 31,
        "chapter": 1,
        "verse": 4,
        "text": "#    \n        Jé 49:16.  Quand tu placerais ton nid aussi haut que celui de l’aigle,"
      },
      {
        "book_name": "Obadja",
        "book": 31,
        "chapter": 1,
        "verse": 4,
        "text": "Quand tu le placerais parmi les étoiles,"
      },
      {
        "book_name": "Obadja",
        "book": 31,
        "chapter": 1,
        "verse": 4,
        "text": "Je t’en précipiterai, dit l’Éternel."
      },
      {
        "book_name": "Obadja",
        "book": 31,
        "chapter": 1,
        "verse": 5,
        "text": "#    \n        Jé 49:9.  Si des voleurs, des pillards, viennent de nuit chez toi,"
      },
      {
        "book_name": "Obadja",
        "book": 31,
        "chapter": 1,
        "verse": 5,
        "text": "Comme te voilà dévasté!"
      },
      {
        "book_name": "Obadja",
        "book": 31,
        "chapter": 1,
        "verse": 5,
        "text": "Mais enlèvent-ils plus qu’ils ne peuvent?"
      },
      {
        "book_name": "Obadja",
        "book": 31,
        "chapter": 1,
        "verse": 5,
        "text": "Si des vendangeurs viennent chez toi,"
      },
      {
        "book_name": "Obadja",
        "book": 31,
        "chapter": 1,
        "verse": 5,
        "text": "Ne laissent-ils rien à grappiller?…"
      },
      {
        "book_name": "Obadja",
        "book": 31,
        "chapter": 1,
        "verse": 6,
        "text": "Ah! Comme Ésaü est fouillé!"
      },
      {
        "book_name": "Obadja",
        "book": 31,
        "chapter": 1,
        "verse": 6,
        "text": "Comme ses trésors sont découverts!"
      },
      {
        "book_name": "Obadja",
        "book": 31,
        "chapter": 1,
        "verse": 7,
        "text": "Tous tes alliés t’ont chassé jusqu’à la frontière,"
      },
      {
        "book_name": "Obadja",
        "book": 31,
        "chapter": 1,
        "verse": 7,
        "text": "Tes amis t’ont joué, t’ont dominé,"
      },
      {
        "book_name": "Obadja",
        "book": 31,
        "chapter": 1,
        "verse": 7,
        "text": "Ceux qui mangeaient ton pain t’ont dressé des pièges,"
      },
      {
        "book_name": "Obadja",
        "book": 31,
        "chapter": 1,
        "verse": 7,
        "text": "Et tu n’as pas su t’en apercevoir!"
      },
      {
        "book_name": "Obadja",
        "book": 31,
        "chapter": 1,
        "verse": 8,
        "text": "#    \n        És 29:14. Jé 49:7.  N’est-ce pas en ce jour, dit l’Éternel,"
      },
      {
        "book_name": "Obadja",
        "book": 31,
        "chapter": 1,
        "verse": 8,
        "text": "Que je ferai disparaître d’Édom les sages,"
      },
      {
        "book_name": "Obadja",
        "book": 31,
        "chapter": 1,
        "verse": 8,
        "text": "Et de la montagne d’Ésaü l’intelligence?"
      },
      {
        "book_name": "Obadja",
        "book": 31,
        "chapter": 1,
        "verse": 9,
        "text": "Tes #Am 2:14, 16.guerriers, ô Théman, seront dans l’épouvante,"
      },
      {
        "book_name": "Obadja",
        "book": 31,
        "chapter": 1,
        "verse": 9,
        "text": "Car tous ceux de la montagne d’Ésaü périront dans le carnage."
      },
      {
        "book_name": "Obadja",
        "book": 31,
        "chapter": 1,
        "verse": 10,
        "text": "A cause de ta #Ge 27:41. Éz 35:5. Am 1:11.violence contre ton frère Jacob,"
      },
      {
        "book_name": "Obadja",
        "book": 31,
        "chapter": 1,
        "verse": 10,
        "text": "Tu seras couvert de honte,"
      },
      {
        "book_name": "Obadja",
        "book": 31,
        "chapter": 1,
        "verse": 10,
        "text": "Et tu seras exterminé pour toujours."
      },
      {
        "book_name": "Obadja",
        "book": 31,
        "chapter": 1,
        "verse": 11,
        "text": "Le jour où tu te tenais en face de lui,"
      },
      {
        "book_name": "Obadja",
        "book": 31,
        "chapter": 1,
        "verse": 11,
        "text": "Le jour où des étrangers emmenaient captive son armée,"
      },
      {
        "book_name": "Obadja",
        "book": 31,
        "chapter": 1,
        "verse": 11,
        "text": "Où des étrangers entraient dans ses portes,"
      },
      {
        "book_name": "Obadja",
        "book": 31,
        "chapter": 1,
        "verse": 11,
        "text": "Et jetaient le sort sur Jérusalem,"
      },
      {
        "book_name": "Obadja",
        "book": 31,
        "chapter": 1,
        "verse": 11,
        "text": "Toi aussi tu étais #Ps 137:7.comme l’un d’eux."
      },
      {
        "book_name": "Obadja",
        "book": 31,
        "chapter": 1,
        "verse": 12,
        "text": "Ne repais pas ta vue du jour de ton frère, du jour de son malheur,"
      },
      {
        "book_name": "Obadja",
        "book": 31,
        "chapter": 1,
        "verse": 12,
        "text": "Ne te réjouis pas sur les enfants de Juda au jour de leur ruine,"
      },
      {
        "book_name": "Obadja",
        "book": 31,
        "chapter": 1,
        "verse": 12,
        "text": "Et n’ouvre pas une grande bouche au jour de la détresse!"
      },
      {
        "book_name": "Obadja",
        "book": 31,
        "chapter": 1,
        "verse": 13,
        "text": "N’entre pas dans les portes de mon peuple au jour de sa ruine,"
      },
      {
        "book_name": "Obadja",
        "book": 31,
        "chapter": 1,
        "verse": 13,
        "text": "Ne repais pas ta vue de son malheur au jour de sa ruine,"
      },
      {
        "book_name": "Obadja",
        "book": 31,
        "chapter": 1,
        "verse": 13,
        "text": "Et ne porte pas la main sur ses richesses au jour de sa ruine!"
      },
      {
        "book_name": "Obadja",
        "book": 31,
        "chapter": 1,
        "verse": 14,
        "text": "Ne te tiens pas au carrefour pour exterminer ses fuyards,"
      },
      {
        "book_name": "Obadja",
        "book": 31,
        "chapter": 1,
        "verse": 14,
        "text": "Et ne livre pas ses réchappés au jour de la détresse!"
      },
      {
        "book_name": "Obadja",
        "book": 31,
        "chapter": 1,
        "verse": 15,
        "text": "Car le jour de l’Éternel est proche, pour toutes les nations;"
      },
      {
        "book_name": "Obadja",
        "book": 31,
        "chapter": 1,
        "verse": 15,
        "text": "#    \n        Éz 35:15.  Il te sera fait comme tu as fait,"
      },
      {
        "book_name": "Obadja",
        "book": 31,
        "chapter": 1,
        "verse": 15,
        "text": "Tes œuvres retomberont sur ta tête."
      },
      {
        "book_name": "Obadja",
        "book": 31,
        "chapter": 1,
        "verse": 16,
        "text": "Car, comme vous avez bu sur ma montagne sainte,"
      },
      {
        "book_name": "Obadja",
        "book": 31,
        "chapter": 1,
        "verse": 16,
        "text": "Ainsi toutes les nations boiront sans cesse;"
      },
      {
        "book_name": "Obadja",
        "book": 31,
        "chapter": 1,
        "verse": 16,
        "text": "Elles boiront, elles avaleront,"
      },
      {
        "book_name": "Obadja",
        "book": 31,
        "chapter": 1,
        "verse": 16,
        "text": "Et elles seront comme si elles n’avaient jamais été."
      },
      {
        "book_name": "Obadja",
        "book": 31,
        "chapter": 1,
        "verse": 17,
        "text": "Mais le salut sera sur la montagne de Sion, elle sera sainte,"
      },
      {
        "book_name": "Obadja",
        "book": 31,
        "chapter": 1,
        "verse": 17,
        "text": "Et la maison de Jacob reprendra ses possessions."
      },
      {
        "book_name": "Obadja",
        "book": 31,
        "chapter": 1,
        "verse": 18,
        "text": "La maison de Jacob sera un feu, et la maison de Joseph une flamme;"
      },
      {
        "book_name": "Obadja",
        "book": 31,
        "chapter": 1,
        "verse": 18,
        "text": "Mais la maison d’Ésaü sera du chaume,"
      },
      {
        "book_name": "Obadja",
        "book": 31,
        "chapter": 1,
        "verse": 18,
        "text": "Qu’elles allumeront et consumeront;"
      },
      {
        "book_name": "Obadja",
        "book": 31,
        "chapter": 1,
        "verse": 18,
        "text": "Et il ne restera rien de la maison d’Ésaü,"
      },
      {
        "book_name": "Obadja",
        "book": 31,
        "chapter": 1,
        "verse": 18,
        "text": "Car l’Éternel a parlé."
      },
      {
        "book_name": "Obadja",
        "book": 31,
        "chapter": 1,
        "verse": 19,
        "text": "Ceux du midi posséderont la montagne d’Ésaü,"
      },
      {
        "book_name": "Obadja",
        "book": 31,
        "chapter": 1,
        "verse": 19,
        "text": "Et ceux de la plaine le pays des Philistins;"
      },
      {
        "book_name": "Obadja",
        "book": 31,
        "chapter": 1,
        "verse": 19,
        "text": "Ils posséderont le territoire d’Éphraïm et celui de Samarie;"
      },
      {
        "book_name": "Obadja",
        "book": 31,
        "chapter": 1,
        "verse": 19,
        "text": "Et Benjamin possédera Galaad."
      },
      {
        "book_name": "Obadja",
        "book": 31,
        "chapter": 1,
        "verse": 20,
        "text": "Les captifs de cette armée des enfants d’Israël"
      },
      {
        "book_name": "Obadja",
        "book": 31,
        "chapter": 1,
        "verse": 20,
        "text": "Posséderont le pays occupé par les Cananéens jusqu’à Sarepta,"
      },
      {
        "book_name": "Obadja",
        "book": 31,
        "chapter": 1,
        "verse": 20,
        "text": "Et les captifs de Jérusalem qui sont à Sepharad"
      },
      {
        "book_name": "Obadja",
        "book": 31,
        "chapter": 1,
        "verse": 20,
        "text": "Posséderont les villes du midi."
      },
      {
        "book_name": "Obadja",
        "book": 31,
        "chapter": 1,
        "verse": 21,
        "text": "Des libérateurs monteront sur la montagne de Sion,"
      },
      {
        "book_name": "Obadja",
        "book": 31,
        "chapter": 1,
        "verse": 21,
        "text": "Pour juger la montagne d’Ésaü;"
      },
      {
        "book_name": "Obadja",
        "book": 31,
        "chapter": 1,
        "verse": 21,
        "text": "Et à l’Éternel appartiendra le règne."
      }
    ]
  }
}