{
  "source": "bible.com",
  "version": "Luis Segond (1910)",
  "book": "Philemon",
  "chapters": {
    "1": [
      {
        "book_name": "Philemon",
        "book": 57,
        "chapter": 1,
        "verse": 1,
        "text": "Adresse et salutationV. 1-3: cf. Col 1:1, 2. 3 Jn 1.  1Paul, #Ép 3:1; 4:1.prisonnier de Jésus-Christ, et le frère Timothée, à Philémon, notre bien-aimé et notre compagnon d’œuvre, 2à la sœur Apphia, à #Col 4:17.Archippe, notre compagnon de combat, et à l’Église #Ro 16:5. 1 Co 16:19. Col 4:15.qui est dans ta maison: 3que la grâce et la paix vous soient données de la part de Dieu notre Père et du Seigneur Jésus-Christ!Actions de grâces au sujet de la foi et de la charité de PhilémonV. 4-7: cf. Col 1:3-8. 2 Ti 1:3-5. 3 Jn 2-6.  4  #    \n        1 Th 1:2. 2 Th 1:3.  Je rends continuellement grâces à mon Dieu, faisant mention de toi dans mes prières, 5parce que je suis informé de la foi que tu as au Seigneur Jésus et de ta charité pour tous les saints. 6Je lui demande que ta participation à la foi soit efficace pour la cause de Christ, en faisant reconnaître en nous toute espèce de bien. 7J’ai, en effet, éprouvé beaucoup de joie et de consolation au sujet de ta charité; car par toi, frère, le cœur des saints a été tranquillisé.Intercession de Paul pour l’esclave Onésime, qui s’était enfui de chez Philémon son maîtreV. 8-21: cf. (Col 4:7-9. 1 Co 4:15.) (1 Co 13:4-7. Ga 6:9, 10.)  8C’est pourquoi, bien que j’aie en Christ toute liberté de te prescrire ce qui est convenable, 9c’est de préférence au nom de la charité que je t’adresse une prière, étant ce que je suis, Paul, vieillard, et de plus maintenant prisonnier de Jésus-Christ. 10#Col 4:9.Je te prie pour mon enfant, #1 Co 4:15. Ga 4:19.que j’ai engendré étant dans les chaînes, Onésime, 11qui autrefois t’a été inutile, mais qui maintenant est utile, et à toi et à moi. 12Je te le renvoie lui, mes propres entrailles. 13J’aurais désiré le retenir auprès de moi, pour qu’il me servît à ta place, pendant que je suis dans les chaînes pour l’Évangile. 14Toutefois, je n’ai rien voulu faire sans ton avis, afin que ton bienfait ne soit pas comme forcé, mais qu’il soit volontaire. 15Peut-être a-t-il été séparé de toi pour un temps, afin que tu le recouvres pour l’éternité, 16non plus comme un esclave, mais comme supérieur à un esclave, comme un frère bien-aimé, de moi particulièrement, et de toi à plus forte raison, soit dans la chair, soit dans le Seigneur. 17Si donc tu me tiens pour ton ami, reçois-le comme moi-même. 18Et s’il t’a fait quelque tort, ou s’il te doit quelque chose, mets-le sur mon compte. 19Moi Paul, je l’écris de ma propre main, je paierai, pour ne pas te dire que tu te dois toi-même à moi. 20Oui, frère, que j’obtienne de toi cet avantage, dans le Seigneur; tranquillise mon cœur en Christ. 21C’est en comptant sur ton obéissance que je t’écris, sachant que tu feras même au-delà de ce que je dis.Communication personnelle. SalutationV. 22-25: cf. Col 4:10-18.  22En même temps, prépare-moi #Hé 13:2.un logement, #Ph 1:25.car j’espère vous être rendu, grâce à vos prières. 23#Col 1:7; 4:12.Épaphras, mon compagnon de captivité en Jésus-Christ, 24te salue, ainsi que #Ac 12:12, 25; 15:37. Col 4:10. 2 Ti 4:11. 1 Pi 5:13.Marc, #Ac 19:29; 20:4; 27:2. Col 4:10.Aristarque, #Col 4:14. 2 Ti 4:10.Démas, #Col 4:14. 2 Ti 4:11.Luc, mes compagnons d’œuvre. 25Que la grâce de notre Seigneur Jésus-Christ soit avec votre esprit!"
      },
      {
        "book_name": "Philemon",
        "book": 57,
        "chapter": 1,
        "verse": 1,
        "text": "Paul, #Ép 3:1; 4:1.prisonnier de Jésus-Christ, et le frère Timothée, à Philémon, notre bien-aimé et notre compagnon d’œuvre,"
      },
      {
        "book_name": "Philemon",
        "book": 57,
        "chapter": 1,
        "verse": 2,
        "text": "à la sœur Apphia, à #Col 4:17.Archippe, notre compagnon de combat, et à l’Église #Ro 16:5. 1 Co 16:19. Col 4:15.qui est dans ta maison:"
      },
      {
        "book_name": "Philemon",
        "book": 57,
        "chapter": 1,
        "verse": 3,
        "text": "que la grâce et la paix vous soient données de la part de Dieu notre Père et du Seigneur Jésus-Christ!"
      },
      {
        "book_name": "Philemon",
        "book": 57,
        "chapter": 1,
        "verse": 4,
        "text": "#    \n        1 Th 1:2. 2 Th 1:3.  Je rends continuellement grâces à mon Dieu, faisant mention de toi dans mes prières,"
      },
      {
        "book_name": "Philemon",
        "book": 57,
        "chapter": 1,
        "verse": 5,
        "text": "parce que je suis informé de la foi que tu as au Seigneur Jésus et de ta charité pour tous les saints."
      },
      {
        "book_name": "Philemon",
        "book": 57,
        "chapter": 1,
        "verse": 6,
        "text": "Je lui demande que ta participation à la foi soit efficace pour la cause de Christ, en faisant reconnaître en nous toute espèce de bien."
      },
      {
        "book_name": "Philemon",
        "book": 57,
        "chapter": 1,
        "verse": 7,
        "text": "J’ai, en effet, éprouvé beaucoup de joie et de consolation au sujet de ta charité; car par toi, frère, le cœur des saints a été tranquillisé."
      },
      {
        "book_name": "Philemon",
        "book": 57,
        "chapter": 1,
        "verse": 8,
        "text": "C’est pourquoi, bien que j’aie en Christ toute liberté de te prescrire ce qui est convenable,"
      },
      {
        "book_name": "Philemon",
        "book": 57,
        "chapter": 1,
        "verse": 9,
        "text": "c’est de préférence au nom de la charité que je t’adresse une prière, étant ce que je suis, Paul, vieillard, et de plus maintenant prisonnier de Jésus-Christ."
      },
      {
        "book_name": "Philemon",
        "book": 57,
        "chapter": 1,
        "verse": 10,
        "text": "#Col 4:9.Je te prie pour mon enfant, #1 Co 4:15. Ga 4:19.que j’ai engendré étant dans les chaînes, Onésime,"
      },
      {
        "book_name": "Philemon",
        "book": 57,
        "chapter": 1,
        "verse": 11,
        "text": "qui autrefois t’a été inutile, mais qui maintenant est utile, et à toi et à moi."
      },
      {
        "book_name": "Philemon",
        "book": 57,
        "chapter": 1,
        "verse": 12,
        "text": "Je te le renvoie lui, mes propres entrailles."
      },
      {
        "book_name": "Philemon",
        "book": 57,
        "chapter": 1,
        "verse": 13,
        "text": "J’aurais désiré le retenir auprès de moi, pour qu’il me servît à ta place, pendant que je suis dans les chaînes pour l’Évangile."
      },
      {
        "book_name": "Philemon",
        "book": 57,
        "chapter": 1,
        "verse": 14,
        "text": "Toutefois, je n’ai rien voulu faire sans ton avis, afin que ton bienfait ne soit pas comme forcé, mais qu’il soit volontaire."
      },
      {
        "book_name": "Philemon",
        "book": 57,
        "chapter": 1,
        "verse": 15,
        "text": "Peut-être a-t-il été séparé de toi pour un temps, afin que tu le recouvres pour l’éternité,"
      },
      {
        "book_name": "Philemon",
        "book": 57,
        "chapter": 1,
        "verse": 16,
        "text": "non plus comme un esclave, mais comme supérieur à un esclave, comme un frère bien-aimé, de moi particulièrement, et de toi à plus forte raison, soit dans la chair, soit dans le Seigneur."
      },
      {
        "book_name": "Philemon",
        "book": 57,
        "chapter": 1,
        "verse": 17,
        "text": "Si donc tu me tiens pour ton ami, reçois-le comme moi-même."
      },
      {
        "book_name": "Philemon",
        "book": 57,
        "chapter": 1,
        "verse": 18,
        "text": "Et s’il t’a fait quelque tort, ou s’il te doit quelque chose, mets-le sur mon compte."
      },
      {
        "book_name": "Philemon",
        "book": 57,
        "chapter": 1,
        "verse": 19,
        "text": "Moi Paul, je l’écris de ma propre main, je paierai, pour ne pas te dire que tu te dois toi-même à moi."
      },
      {
        "book_name": "Philemon",
        "book": 57,
        "chapter": 1,
        "verse": 20,
        "text": "Oui, frère, que j’obtienne de toi cet avantage, dans le Seigneur; tranquillise mon cœur en Christ."
      },
      {
        "book_name": "Philemon",
        "book": 57,
        "chapter": 1,
        "verse": 21,
        "text": "C’est en comptant sur ton obéissance que je t’écris, sachant que tu feras même au-delà de ce que je dis."
      },
      {
        "book_name": "Philemon",
        "book": 57,
        "chapter": 1,
        "verse": 22,
        "text": "En même temps, prépare-moi #Hé 13:2.un logement, #Ph 1:25.car j’espère vous être rendu, grâce à vos prières."
      },
      {
        "book_name": "Philemon",
        "book": 57,
        "chapter": 1,
        "verse": 23,
        "text": "#Col 1:7; 4:12.Épaphras, mon compagnon de captivité en Jésus-Christ,"
      },
      {
        "book_name": "Philemon",
        "book": 57,
        "chapter": 1,
        "verse": 24,
        "text": "te salue, ainsi que #Ac 12:12, 25; 15:37. Col 4:10. 2 Ti 4:11. 1 Pi 5:13.Marc, #Ac 19:29; 20:4; 27:2. Col 4:10.Aristarque, #Col 4:14. 2 Ti 4:10.Démas, #Col 4:14. 2 Ti 4:11.Luc, mes compagnons d’œuvre."
      },
      {
        "book_name": "Philemon",
        "book": 57,
        "chapter": 1,
        "verse": 25,
        "text": "Que la grâce de notre Seigneur Jésus-Christ soit avec votre esprit!"
      }
    ]
  }
}