{
  "source": "bible.com",
  "version": "Luis Segond (1910)",
  "book": "Philippians",
  "chapters": {
    "1": [
      {
        "book_name": "Philippians",
        "book": 50,
        "chapter": 1,
        "verse": 1,
        "text": "Adresse et salutationV. 1-2: cf. 2 Co 1:1, 2. Col 1:1, 2. 1 Th 1:1.  1Paul et Timothée, serviteurs de Jésus-Christ, à tous les saints en Jésus-Christ qui sont à Philippes, aux évêques et aux diacres: 2#Ro 1:7. 1 Pi 1:2.que la grâce et la paix vous soient données de la part de Dieu notre Père et du Seigneur Jésus-Christ!Sentiments affectueux de Paul pour les Philippiens, à cause de leur attachement à l’ÉvangileV. 3-11: cf. Col 1:3-11.  3  #    \n        Ép 1:15. Col 1:3. 1 Th 1:2. 2 Th 1:3.  Je rends grâces à mon Dieu de tout le souvenir que je garde de vous, 4ne cessant, dans toutes mes prières pour vous tous, 5de manifester ma joie au sujet de la part que vous prenez à l’Évangile, depuis le premier jour jusqu’à maintenant. 6Je suis persuadé que celui qui a commencé en vous #Jn 6:29. 1 Th 1:3.cette bonne œuvre la rendra parfaite pour le jour de Jésus-Christ. 7Il est juste que je pense ainsi de vous tous, parce que je vous porte dans mon cœur, soit #Ép 3:1; 4:1. Col 4:3, 18. 2 Ti 1:8.dans mes liens, soit dans la défense et la confirmation de l’Évangile, vous qui tous participez à la même grâce que moi. 8#Ro 1:9; 9:1. 2 Co 1:23; 11:31. Ga 1:20. 1 Th 2:5. 1 Ti 5:21. 2 Ti 4:1.Car Dieu m’est témoin que je vous chéris tous avec la tendresse de Jésus-Christ. 9Et ce que je demande dans mes prières, c’est que votre amour augmente de plus en plus en connaissance et en pleine intelligence 10pour le discernement des choses les meilleures, afin que vous soyez purs et irréprochables pour le jour de Christ, 11remplis du fruit de justice qui est par Jésus-Christ, à la gloire et à la louange de Dieu.La captivité de l’apôtre utile aux progrès de l’ÉvangileV. 12-26: cf. Ac 8:1-5. Mc 9:38-40. (Ro 14:7, 8. 2 Co 5:1-8.)  12Je veux que vous sachiez, frères, que ce qui m’est arrivé a plutôt contribué aux progrès de l’Évangile. 13En effet, dans tout le prétoire et partout ailleurs, nul n’ignore que c’est pour Christ que je suis dans les liens, 14#Ép 3:13. 1 Th 3:3.et la plupart des frères dans le Seigneur, encouragés par mes liens, ont plus d’assurance pour annoncer sans crainte la parole. 15Quelques-uns, il est vrai, prêchent Christ par envie et par esprit de dispute; mais d’autres le prêchent avec des dispositions bienveillantes. 16Ceux-ci agissent par amour, sachant que je suis établi pour la défense de l’Évangile, 17tandis que ceux-là, animés d’un esprit de dispute, annoncent Christ par des motifs qui ne sont pas purs et avec la pensée de me susciter quelque tribulation dans mes liens. 18Qu’importe? De toute manière, que ce soit pour l’apparence, que ce soit sincèrement, Christ n’est pas moins annoncé: je m’en réjouis, et je m’en réjouirai encore. 19#2 Co 1:11.Car je sais que cela tournera à mon salut, grâce à vos prières et à l’assistance de l’Esprit de Jésus-Christ, 20selon ma ferme attente et mon espérance #Ro 5:5.que je n’aurai honte de rien, mais que, maintenant comme toujours, Christ sera glorifié dans mon corps avec une pleine assurance, soit par ma vie, soit par ma mort; 21car Christ est ma vie, et la mort m’est un gain. 22Mais s’il est utile pour mon œuvre que je vive dans la chair, je ne saurais dire ce que je dois préférer. 23Je suis pressé des deux côtés: j’ai le désir de m’en aller et d’être avec Christ, ce qui de beaucoup est le meilleur; 24mais à cause de vous il est plus nécessaire que je demeure dans la chair. 25Et je suis persuadé, je sais que je demeurerai et que je resterai avec vous tous, pour votre avancement et pour votre joie dans la foi, 26afin que, par mon retour auprès de vous, vous ayez en moi un abondant sujet de vous glorifier en Jésus-Christ.Exhortation à la persévérance, à l’union fraternelle, à l’humilité, et à la saintetéV. 27-30: cf. 1 Th 2:12-16. 2 Th 1:4-12. Ac 14:22. Hé 10:32-36. Ap 2:10.  27  #    \n        Ge 17:1. 1 Co 7:20. Ép 4:1. Col 1:10. 1 Th 2:12; 4:1.  Seulement, conduisez-vous d’une manière digne de l’Évangile de Christ, afin que, soit que je vienne vous voir, soit que je reste absent, j’entende dire de vous que vous demeurez fermes dans un même esprit, combattant d’une même âme pour la foi de l’Évangile, 28sans vous laisser aucunement effrayer par les adversaires, ce qui est pour eux une preuve de perdition, mais pour vous de salut; 29et cela de la part de Dieu, car il vous a été fait la grâce, par rapport à Christ, non seulement de croire en lui, mais encore de souffrir pour lui, 30en soutenant le même combat que vous m’avez vu soutenir, et que vous apprenez maintenant que je soutiens."
      },
      {
        "book_name": "Philippians",
        "book": 50,
        "chapter": 1,
        "verse": 1,
        "text": "Paul et Timothée, serviteurs de Jésus-Christ, à tous les saints en Jésus-Christ qui sont à Philippes, aux évêques et aux diacres:"
      },
      {
        "book_name": "Philippians",
        "book": 50,
        "chapter": 1,
        "verse": 2,
        "text": "#Ro 1:7. 1 Pi 1:2.que la grâce et la paix vous soient données de la part de Dieu notre Père et du Seigneur Jésus-Christ!"
      },
      {
        "book_name": "Philippians",
        "book": 50,
        "chapter": 1,
        "verse": 3,
        "text": "#    \n        Ép 1:15. Col 1:3. 1 Th 1:2. 2 Th 1:3.  Je rends grâces à mon Dieu de tout le souvenir que je garde de vous,"
      },
      {
        "book_name": "Philippians",
        "book": 50,
        "chapter": 1,
        "verse": 4,
        "text": "ne cessant, dans toutes mes prières pour vous tous,"
      },
      {
        "book_name": "Philippians",
        "book": 50,
        "chapter": 1,
        "verse": 5,
        "text": "de manifester ma joie au sujet de la part que vous prenez à l’Évangile, depuis le premier jour jusqu’à maintenant."
      },
      {
        "book_name": "Philippians",
        "book": 50,
        "chapter": 1,
        "verse": 6,
        "text": "Je suis persuadé que celui qui a commencé en vous #Jn 6:29. 1 Th 1:3.cette bonne œuvre la rendra parfaite pour le jour de Jésus-Christ."
      },
      {
        "book_name": "Philippians",
        "book": 50,
        "chapter": 1,
        "verse": 7,
        "text": "Il est juste que je pense ainsi de vous tous, parce que je vous porte dans mon cœur, soit #Ép 3:1; 4:1. Col 4:3, 18. 2 Ti 1:8.dans mes liens, soit dans la défense et la confirmation de l’Évangile, vous qui tous participez à la même grâce que moi."
      },
      {
        "book_name": "Philippians",
        "book": 50,
        "chapter": 1,
        "verse": 8,
        "text": "#Ro 1:9; 9:1. 2 Co 1:23; 11:31. Ga 1:20. 1 Th 2:5. 1 Ti 5:21. 2 Ti 4:1.Car Dieu m’est témoin que je vous chéris tous avec la tendresse de Jésus-Christ."
      },
      {
        "book_name": "Philippians",
        "book": 50,
        "chapter": 1,
        "verse": 9,
        "text": "Et ce que je demande dans mes prières, c’est que votre amour augmente de plus en plus en connaissance et en pleine intelligence"
      },
      {
        "book_name": "Philippians",
        "book": 50,
        "chapter": 1,
        "verse": 10,
        "text": "pour le discernement des choses les meilleures, afin que vous soyez purs et irréprochables pour le jour de Christ,"
      },
      {
        "book_name": "Philippians",
        "book": 50,
        "chapter": 1,
        "verse": 11,
        "text": "remplis du fruit de justice qui est par Jésus-Christ, à la gloire et à la louange de Dieu."
      },
      {
        "book_name": "Philippians",
        "book": 50,
        "chapter": 1,
        "verse": 12,
        "text": "Je veux que vous sachiez, frères, que ce qui m’est arrivé a plutôt contribué aux progrès de l’Évangile."
      },
      {
        "book_name": "Philippians",
        "book": 50,
        "chapter": 1,
        "verse": 13,
        "text": "En effet, dans tout le prétoire et partout ailleurs, nul n’ignore que c’est pour Christ que je suis dans les liens,"
      },
      {
        "book_name": "Philippians",
        "book": 50,
        "chapter": 1,
        "verse": 14,
        "text": "#Ép 3:13. 1 Th 3:3.et la plupart des frères dans le Seigneur, encouragés par mes liens, ont plus d’assurance pour annoncer sans crainte la parole."
      },
      {
        "book_name": "Philippians",
        "book": 50,
        "chapter": 1,
        "verse": 15,
        "text": "Quelques-uns, il est vrai, prêchent Christ par envie et par esprit de dispute; mais d’autres le prêchent avec des dispositions bienveillantes."
      },
      {
        "book_name": "Philippians",
        "book": 50,
        "chapter": 1,
        "verse": 16,
        "text": "Ceux-ci agissent par amour, sachant que je suis établi pour la défense de l’Évangile,"
      },
      {
        "book_name": "Philippians",
        "book": 50,
        "chapter": 1,
        "verse": 17,
        "text": "tandis que ceux-là, animés d’un esprit de dispute, annoncent Christ par des motifs qui ne sont pas purs et avec la pensée de me susciter quelque tribulation dans mes liens."
      },
      {
        "book_name": "Philippians",
        "book": 50,
        "chapter": 1,
        "verse": 18,
        "text": "Qu’importe? De toute manière, que ce soit pour l’apparence, que ce soit sincèrement, Christ n’est pas moins annoncé: je m’en réjouis, et je m’en réjouirai encore."
      },
      {
        "book_name": "Philippians",
        "book": 50,
        "chapter": 1,
        "verse": 19,
        "text": "#2 Co 1:11.Car je sais que cela tournera à mon salut, grâce à vos prières et à l’assistance de l’Esprit de Jésus-Christ,"
      },
      {
        "book_name": "Philippians",
        "book": 50,
        "chapter": 1,
        "verse": 20,
        "text": "selon ma ferme attente et mon espérance #Ro 5:5.que je n’aurai honte de rien, mais que, maintenant comme toujours, Christ sera glorifié dans mon corps avec une pleine assurance, soit par ma vie, soit par ma mort;"
      },
      {
        "book_name": "Philippians",
        "book": 50,
        "chapter": 1,
        "verse": 21,
        "text": "car Christ est ma vie, et la mort m’est un gain."
      },
      {
        "book_name": "Philippians",
        "book": 50,
        "chapter": 1,
        "verse": 22,
        "text": "Mais s’il est utile pour mon œuvre que je vive dans la chair, je ne saurais dire ce que je dois préférer."
      },
      {
        "book_name": "Philippians",
        "book": 50,
        "chapter": 1,
        "verse": 23,
        "text": "Je suis pressé des deux côtés: j’ai le désir de m’en aller et d’être avec Christ, ce qui de beaucoup est le meilleur;"
      },
      {
        "book_name": "Philippians",
        "book": 50,
        "chapter": 1,
        "verse": 24,
        "text": "mais à cause de vous il est plus nécessaire que je demeure dans la chair."
      },
      {
        "book_name": "Philippians",
        "book": 50,
        "chapter": 1,
        "verse": 25,
        "text": "Et je suis persuadé, je sais que je demeurerai et que je resterai avec vous tous, pour votre avancement et pour votre joie dans la foi,"
      },
      {
        "book_name": "Philippians",
        "book": 50,
        "chapter": 1,
        "verse": 26,
        "text": "afin que, par mon retour auprès de vous, vous ayez en moi un abondant sujet de vous glorifier en Jésus-Christ."
      },
      {
        "book_name": "Philippians",
        "book": 50,
        "chapter": 1,
        "verse": 27,
        "text": "#    \n        Ge 17:1. 1 Co 7:20. Ép 4:1. Col 1:10. 1 Th 2:12; 4:1.  Seulement, conduisez-vous d’une manière digne de l’Évangile de Christ, afin que, soit que je vienne vous voir, soit que je reste absent, j’entende dire de vous que vous demeurez fermes dans un même esprit, combattant d’une même âme pour la foi de l’Évangile,"
      },
      {
        "book_name": "Philippians",
        "book": 50,
        "chapter": 1,
        "verse": 28,
        "text": "sans vous laisser aucunement effrayer par les adversaires, ce qui est pour eux une preuve de perdition, mais pour vous de salut;"
      },
      {
        "book_name": "Philippians",
        "book": 50,
        "chapter": 1,
        "verse": 29,
        "text": "et cela de la part de Dieu, car il vous a été fait la grâce, par rapport à Christ, non seulement de croire en lui, mais encore de souffrir pour lui,"
      },
      {
        "book_name": "Philippians",
        "book": 50,
        "chapter": 1,
        "verse": 30,
        "text": "en soutenant le même combat que vous m’avez vu soutenir, et que vous apprenez maintenant que je soutiens."
      }
    ],
    "2": [
      {
        "book_name": "Philippians",
        "book": 50,
        "chapter": 2,
        "verse": 1,
        "text": "V. 1-11: cf. Ro 12:10, 16; 15:1-7. (Mt 20:26-28. 2 Co 8:9. Ép 5:2.) (Col 1:15-20. Hé 1:1-4.)  1Si donc il y a quelque consolation en Christ, s’il y a quelque soulagement dans la charité, s’il y a quelque union d’esprit, s’il y a quelque compassion et quelque miséricorde, 2rendez ma joie parfaite, ayant #Ro 12:16; 15:5. 1 Co 1:10. Ph 3:16. 1 Pi 3:8.un même sentiment, un même amour, une même âme, une même pensée. 3Ne faites rien par esprit de parti ou par vaine gloire, #Ro 12:10. 1 Pi 5:5.mais que l’humilité vous fasse regarder les autres comme étant au-dessus de vous-mêmes. 4#1 Co 10:24; 13:5.Que chacun de vous, au lieu de considérer ses propres intérêts, considère aussi ceux des autres. 5#Mt 11:29. Jn 13:15. 1 Pi 2:21. 1 Jn 2:6.Ayez en vous les sentiments qui étaient en Jésus-Christ, 6#2 Co 4:4. Col 1:15. Hé 1:3.lequel, existant en forme de Dieu, n’a point regardé comme une proie à arracher d’être égal avec Dieu, 7#Ps 8:6.mais s’est dépouillé lui-même, #Mt 20:28. Jn 13:14.en prenant une forme de serviteur, en devenant semblable aux hommes; #Hé 2:14, 17; 4:15.et ayant paru comme un simple homme, 8#Hé 2:9; 12:2.il s’est humilié lui-même, se rendant obéissant jusqu’à la mort, même jusqu’à la mort de la croix. 9#Ac 2:33.C’est pourquoi aussi Dieu l’a souverainement élevé, et lui a donné #Hé 1:4.le nom qui est au-dessus de tout nom, 10#És 45:23. Ro 14:11.afin qu’au nom de Jésus tout genou fléchisse dans les cieux, sur la terre et sous la terre, 11#Jn 13:13. 1 Co 8:6; 12:3.et que toute langue confesse que Jésus-Christ est Seigneur, à la gloire de Dieu le Père.V. 12-18: cf. 2 Pi 1:5-11. (1 Pi 2:9. Mt 5:14-16, 48.)  12Ainsi, mes bien-aimés, comme vous avez toujours obéi, travaillez à votre salut avec crainte et tremblement, non seulement comme en ma présence, mais bien plus encore maintenant que je suis absent; 13#2 Co 3:5.car c’est Dieu qui produit en vous le vouloir et le faire, selon son bon plaisir. 14#Ro 12:17. 1 Pi 2:12.Faites toutes choses #1 Pi 4:9.sans murmures ni hésitations, 15afin que vous soyez irréprochables et purs, des enfants de Dieu irrépréhensibles au milieu d’une génération perverse et corrompue, #Pr 4:18. Mt 5:14.parmi laquelle vous brillez comme des flambeaux dans le monde, 16portant la parole de vie; #2 Co 1:14. 1 Th 2:19.et je pourrai me glorifier, au jour de Christ, de n’avoir pas couru en vain ni travaillé en vain. 17Et même si je sers de libation pour le sacrifice et pour le service de votre foi, #2 Co 7:4.je m’en réjouis, et je me réjouis avec vous tous. 18Vous aussi, réjouissez-vous de même, et réjouissez-vous avec moi.Éloge de Timothée et d’Épaphrodite, que Paul se propose d’envoyer aux PhilippiensV. 19-24: cf. 1 Th 3:1-11.  19  #    \n        Ac 16:1. Ro 16:21. 1 Th 3:2.  J’espère dans le Seigneur Jésus vous envoyer bientôt Timothée, afin d’être encouragé moi-même en apprenant ce qui vous concerne. 20Car je n’ai personne ici qui partage mes sentiments, pour prendre sincèrement à cœur votre situation; 21#1 Co 10:24; 13:5.tous, en effet, cherchent leurs propres intérêts, et non ceux de Jésus-Christ. 22Vous savez qu’il a été mis à l’épreuve, en se consacrant au service de l’Évangile avec moi, comme un enfant avec son père. 23J’espère donc vous l’envoyer dès que j’apercevrai l’issue de l’état où je suis; 24et j’ai cette confiance dans le Seigneur que moi-même aussi j’irai bientôt.V. 25-30: cf. Ph 4:10, 18. 1 Co 16:15-18.  25J’ai estimé nécessaire de vous envoyer mon frère Épaphrodite, mon compagnon d’œuvre et de combat, par qui vous m’avez fait parvenir de quoi pourvoir à mes besoins. 26Car il désirait vous voir tous, et il était fort en peine de ce que vous aviez appris sa maladie. 27Il a été malade, en effet, et tout près de la mort; mais Dieu a eu pitié de lui, et non seulement de lui, mais aussi de moi, afin que je n’eusse pas tristesse sur tristesse. 28Je l’ai donc envoyé avec d’autant plus d’empressement, afin que vous vous réjouissiez de le revoir, et que je sois moi-même moins triste. 29Recevez-le donc dans le Seigneur avec une joie entière, #1 Co 9:14. Ga 6:6. 1 Th 5:12. 1 Ti 5:17. Hé 13:17.et honorez de tels hommes. 30Car c’est pour l’œuvre de Christ qu’il a été près de la mort, ayant exposé sa vie afin de suppléer à votre absence dans le service que vous me rendiez."
      },
      {
        "book_name": "Philippians",
        "book": 50,
        "chapter": 2,
        "verse": 1,
        "text": "Si donc il y a quelque consolation en Christ, s’il y a quelque soulagement dans la charité, s’il y a quelque union d’esprit, s’il y a quelque compassion et quelque miséricorde,"
      },
      {
        "book_name": "Philippians",
        "book": 50,
        "chapter": 2,
        "verse": 2,
        "text": "rendez ma joie parfaite, ayant #Ro 12:16; 15:5. 1 Co 1:10. Ph 3:16. 1 Pi 3:8.un même sentiment, un même amour, une même âme, une même pensée."
      },
      {
        "book_name": "Philippians",
        "book": 50,
        "chapter": 2,
        "verse": 3,
        "text": "Ne faites rien par esprit de parti ou par vaine gloire, #Ro 12:10. 1 Pi 5:5.mais que l’humilité vous fasse regarder les autres comme étant au-dessus de vous-mêmes."
      },
      {
        "book_name": "Philippians",
        "book": 50,
        "chapter": 2,
        "verse": 4,
        "text": "#1 Co 10:24; 13:5.Que chacun de vous, au lieu de considérer ses propres intérêts, considère aussi ceux des autres."
      },
      {
        "book_name": "Philippians",
        "book": 50,
        "chapter": 2,
        "verse": 5,
        "text": "#Mt 11:29. Jn 13:15. 1 Pi 2:21. 1 Jn 2:6.Ayez en vous les sentiments qui étaient en Jésus-Christ,"
      },
      {
        "book_name": "Philippians",
        "book": 50,
        "chapter": 2,
        "verse": 6,
        "text": "#2 Co 4:4. Col 1:15. Hé 1:3.lequel, existant en forme de Dieu, n’a point regardé comme une proie à arracher d’être égal avec Dieu,"
      },
      {
        "book_name": "Philippians",
        "book": 50,
        "chapter": 2,
        "verse": 7,
        "text": "#Ps 8:6.mais s’est dépouillé lui-même, #Mt 20:28. Jn 13:14.en prenant une forme de serviteur, en devenant semblable aux hommes; #Hé 2:14, 17; 4:15.et ayant paru comme un simple homme,"
      },
      {
        "book_name": "Philippians",
        "book": 50,
        "chapter": 2,
        "verse": 8,
        "text": "#Hé 2:9; 12:2.il s’est humilié lui-même, se rendant obéissant jusqu’à la mort, même jusqu’à la mort de la croix."
      },
      {
        "book_name": "Philippians",
        "book": 50,
        "chapter": 2,
        "verse": 9,
        "text": "#Ac 2:33.C’est pourquoi aussi Dieu l’a souverainement élevé, et lui a donné #Hé 1:4.le nom qui est au-dessus de tout nom,"
      },
      {
        "book_name": "Philippians",
        "book": 50,
        "chapter": 2,
        "verse": 10,
        "text": "#És 45:23. Ro 14:11.afin qu’au nom de Jésus tout genou fléchisse dans les cieux, sur la terre et sous la terre,"
      },
      {
        "book_name": "Philippians",
        "book": 50,
        "chapter": 2,
        "verse": 11,
        "text": "#Jn 13:13. 1 Co 8:6; 12:3.et que toute langue confesse que Jésus-Christ est Seigneur, à la gloire de Dieu le Père."
      },
      {
        "book_name": "Philippians",
        "book": 50,
        "chapter": 2,
        "verse": 12,
        "text": "Ainsi, mes bien-aimés, comme vous avez toujours obéi, travaillez à votre salut avec crainte et tremblement, non seulement comme en ma présence, mais bien plus encore maintenant que je suis absent;"
      },
      {
        "book_name": "Philippians",
        "book": 50,
        "chapter": 2,
        "verse": 13,
        "text": "#2 Co 3:5.car c’est Dieu qui produit en vous le vouloir et le faire, selon son bon plaisir."
      },
      {
        "book_name": "Philippians",
        "book": 50,
        "chapter": 2,
        "verse": 14,
        "text": "#Ro 12:17. 1 Pi 2:12.Faites toutes choses #1 Pi 4:9.sans murmures ni hésitations,"
      },
      {
        "book_name": "Philippians",
        "book": 50,
        "chapter": 2,
        "verse": 15,
        "text": "afin que vous soyez irréprochables et purs, des enfants de Dieu irrépréhensibles au milieu d’une génération perverse et corrompue, #Pr 4:18. Mt 5:14.parmi laquelle vous brillez comme des flambeaux dans le monde,"
      },
      {
        "book_name": "Philippians",
        "book": 50,
        "chapter": 2,
        "verse": 16,
        "text": "portant la parole de vie; #2 Co 1:14. 1 Th 2:19.et je pourrai me glorifier, au jour de Christ, de n’avoir pas couru en vain ni travaillé en vain."
      },
      {
        "book_name": "Philippians",
        "book": 50,
        "chapter": 2,
        "verse": 17,
        "text": "Et même si je sers de libation pour le sacrifice et pour le service de votre foi, #2 Co 7:4.je m’en réjouis, et je me réjouis avec vous tous."
      },
      {
        "book_name": "Philippians",
        "book": 50,
        "chapter": 2,
        "verse": 18,
        "text": "Vous aussi, réjouissez-vous de même, et réjouissez-vous avec moi."
      },
      {
        "book_name": "Philippians",
        "book": 50,
        "chapter": 2,
        "verse": 19,
        "text": "#    \n        Ac 16:1. Ro 16:21. 1 Th 3:2.  J’espère dans le Seigneur Jésus vous envoyer bientôt Timothée, afin d’être encouragé moi-même en apprenant ce qui vous concerne."
      },
      {
        "book_name": "Philippians",
        "book": 50,
        "chapter": 2,
        "verse": 20,
        "text": "Car je n’ai personne ici qui partage mes sentiments, pour prendre sincèrement à cœur votre situation;"
      },
      {
        "book_name": "Philippians",
        "book": 50,
        "chapter": 2,
        "verse": 21,
        "text": "#1 Co 10:24; 13:5.tous, en effet, cherchent leurs propres intérêts, et non ceux de Jésus-Christ."
      },
      {
        "book_name": "Philippians",
        "book": 50,
        "chapter": 2,
        "verse": 22,
        "text": "Vous savez qu’il a été mis à l’épreuve, en se consacrant au service de l’Évangile avec moi, comme un enfant avec son père."
      },
      {
        "book_name": "Philippians",
        "book": 50,
        "chapter": 2,
        "verse": 23,
        "text": "J’espère donc vous l’envoyer dès que j’apercevrai l’issue de l’état où je suis;"
      },
      {
        "book_name": "Philippians",
        "book": 50,
        "chapter": 2,
        "verse": 24,
        "text": "et j’ai cette confiance dans le Seigneur que moi-même aussi j’irai bientôt."
      },
      {
        "book_name": "Philippians",
        "book": 50,
        "chapter": 2,
        "verse": 25,
        "text": "J’ai estimé nécessaire de vous envoyer mon frère Épaphrodite, mon compagnon d’œuvre et de combat, par qui vous m’avez fait parvenir de quoi pourvoir à mes besoins."
      },
      {
        "book_name": "Philippians",
        "book": 50,
        "chapter": 2,
        "verse": 26,
        "text": "Car il désirait vous voir tous, et il était fort en peine de ce que vous aviez appris sa maladie."
      },
      {
        "book_name": "Philippians",
        "book": 50,
        "chapter": 2,
        "verse": 27,
        "text": "Il a été malade, en effet, et tout près de la mort; mais Dieu a eu pitié de lui, et non seulement de lui, mais aussi de moi, afin que je n’eusse pas tristesse sur tristesse."
      },
      {
        "book_name": "Philippians",
        "book": 50,
        "chapter": 2,
        "verse": 28,
        "text": "Je l’ai donc envoyé avec d’autant plus d’empressement, afin que vous vous réjouissiez de le revoir, et que je sois moi-même moins triste."
      },
      {
        "book_name": "Philippians",
        "book": 50,
        "chapter": 2,
        "verse": 29,
        "text": "Recevez-le donc dans le Seigneur avec une joie entière, #1 Co 9:14. Ga 6:6. 1 Th 5:12. 1 Ti 5:17. Hé 13:17.et honorez de tels hommes."
      },
      {
        "book_name": "Philippians",
        "book": 50,
        "chapter": 2,
        "verse": 30,
        "text": "Car c’est pour l’œuvre de Christ qu’il a été près de la mort, ayant exposé sa vie afin de suppléer à votre absence dans le service que vous me rendiez."
      }
    ],
    "3": [
      {
        "book_name": "Philippians",
        "book": 50,
        "chapter": 3,
        "verse": 1,
        "text": "1Au reste, mes frères, #Ph 4:4. Ja 1:2. 1 Pi 4:13.réjouissez-vous dans le Seigneur.Se tenir en garde contre les faux docteurs, et tendre à la perfection en s’attachant à Jésus-Christ. Suivre l’exemple de PaulV. 1-14: cf. Ga 5:1-6. (Ga 1:13-16; 2:15, 16, 20; 6:12-14. Mt 13:44-46.) Ro 6:3-13. (1 Co 9:24-27. 2 Pi 1:5-11.)Je ne me lasse point de vous écrire les mêmes choses, et pour vous cela est salutaire. 2#És 56:10.Prenez garde aux chiens, prenez garde aux mauvais ouvriers, prenez garde aux faux circoncis. 3#De 10:16; 30:6. Jé 4:4. Ro 2:29. Col 2:11.Car les circoncis, c’est nous, qui rendons à #Jn 4:24.Dieu notre culte par l’Esprit de Dieu, qui nous glorifions en Jésus-Christ, et qui ne mettons point notre confiance en la chair. 4Moi aussi, cependant, j’aurais sujet de mettre ma confiance en la chair. Si quelque autre croit pouvoir se confier en la chair, #2 Co 11:21.je le puis bien davantage, 5moi, circoncis le huitième jour, de la race #2 Co 11:22.d’Israël, de la tribu de #Ge 49:27.Benjamin, Hébreu né d’Hébreux; quant à la loi, #Ac 23:6.pharisien; 6quant au zèle, #Ac 8:3; 9:1; 22:3, 4. Ga 1:13. 1 Ti 1:13.persécuteur de l’Église; irréprochable, à l’égard de la justice de la loi. 7#Mt 13:44.Mais ces choses qui étaient pour moi des gains, je les ai regardées comme une perte, à cause de Christ. 8Et même je regarde toutes choses comme une perte, #És 53:11. Jé 9:23. Jn 17:3. Col 2:2.à cause de l’excellence de la connaissance de Jésus-Christ mon Seigneur, pour lequel j’ai renoncé à tout, et je les regarde comme de la boue, afin de gagner Christ, 9et d’être trouvé en lui, non avec ma justice, celle qui vient de la loi, mais avec celle qui s’obtient par la foi en Christ, la justice #Ro 1:17; 3:21.qui vient de Dieu par la foi, 10Afin de connaître Christ, et la puissance de sa résurrection, #Ro 8:17. 2 Co 4:10. 2 Ti 2:11, 12. 1 Pi 4:13.et la communion de ses souffrances, en devenant conforme à lui dans sa mort, pour parvenir, 11si je puis, à la résurrection d’entre les morts. 12Ce n’est pas que j’aie déjà remporté le prix, ou que j’aie déjà atteint la perfection; mais je cours, pour tâcher de le saisir, puisque moi aussi j’ai été saisi par Jésus-Christ. 13Frères, je ne pense pas l’avoir saisi; mais je fais une chose: oubliant ce qui est en arrière et me portant vers ce qui est en avant, 14#1 Co 9:24. 2 Ti 4:7.je cours vers le but, pour remporter le prix de la vocation céleste de Dieu en Jésus-Christ.3 v. 15 à 4 v. 1: cf. 1 Co 11:1. (Ro 16:17, 18. Ga 6:7, 8.) (Hé 13:14. Col 3:1-4. 1 Jn 3:1-3.)  15Nous tous donc qui sommes parfaits, ayons cette même pensée; et si vous êtes en quelque point d’un autre avis, Dieu vous éclairera aussi là-dessus. 16Seulement, au point où nous sommes parvenus, #Ga 6:16.marchons d’un même pas. 17Soyez tous #1 Co 4:16; 11:1. 1 Th 1:6.mes imitateurs, frères, et portez les regards sur ceux qui marchent #2 Th 3:9. 1 Pi 5:3.selon le modèle que vous avez en nous. 18#Ro 16:17.Car il en est plusieurs qui marchent en ennemis de la croix de Christ, je vous en ai souvent parlé, et j’en parle maintenant encore en pleurant. 19Leur fin sera la perdition; ils ont pour dieu leur ventre, ils mettent leur gloire dans ce qui fait leur honte, ils ne pensent qu’aux choses de la terre. 20#Hé 13:14.Mais notre cité à nous est dans les cieux, #1 Co 1:7. 1 Th 1:10. Tit 2:13.d’où nous attendons aussi comme Sauveur le Seigneur Jésus-Christ, 21#1 Co 15:51. Col 3:4. 1 Jn 3:2.qui transformera le corps de notre humiliation, en le rendant semblable au corps de sa gloire, par le pouvoir qu’il a de s’assujettir toutes choses."
      },
      {
        "book_name": "Philippians",
        "book": 50,
        "chapter": 3,
        "verse": 1,
        "text": "Au reste, mes frères, #Ph 4:4. Ja 1:2. 1 Pi 4:13.réjouissez-vous dans le Seigneur."
      },
      {
        "book_name": "Philippians",
        "book": 50,
        "chapter": 3,
        "verse": 1,
        "text": "Je ne me lasse point de vous écrire les mêmes choses, et pour vous cela est salutaire."
      },
      {
        "book_name": "Philippians",
        "book": 50,
        "chapter": 3,
        "verse": 2,
        "text": "#És 56:10.Prenez garde aux chiens, prenez garde aux mauvais ouvriers, prenez garde aux faux circoncis."
      },
      {
        "book_name": "Philippians",
        "book": 50,
        "chapter": 3,
        "verse": 3,
        "text": "#De 10:16; 30:6. Jé 4:4. Ro 2:29. Col 2:11.Car les circoncis, c’est nous, qui rendons à #Jn 4:24.Dieu notre culte par l’Esprit de Dieu, qui nous glorifions en Jésus-Christ, et qui ne mettons point notre confiance en la chair."
      },
      {
        "book_name": "Philippians",
        "book": 50,
        "chapter": 3,
        "verse": 4,
        "text": "Moi aussi, cependant, j’aurais sujet de mettre ma confiance en la chair. Si quelque autre croit pouvoir se confier en la chair, #2 Co 11:21.je le puis bien davantage,"
      },
      {
        "book_name": "Philippians",
        "book": 50,
        "chapter": 3,
        "verse": 5,
        "text": "moi, circoncis le huitième jour, de la race #2 Co 11:22.d’Israël, de la tribu de #Ge 49:27.Benjamin, Hébreu né d’Hébreux; quant à la loi, #Ac 23:6.pharisien;"
      },
      {
        "book_name": "Philippians",
        "book": 50,
        "chapter": 3,
        "verse": 6,
        "text": "quant au zèle, #Ac 8:3; 9:1; 22:3, 4. Ga 1:13. 1 Ti 1:13.persécuteur de l’Église; irréprochable, à l’égard de la justice de la loi."
      },
      {
        "book_name": "Philippians",
        "book": 50,
        "chapter": 3,
        "verse": 7,
        "text": "#Mt 13:44.Mais ces choses qui étaient pour moi des gains, je les ai regardées comme une perte, à cause de Christ."
      },
      {
        "book_name": "Philippians",
        "book": 50,
        "chapter": 3,
        "verse": 8,
        "text": "Et même je regarde toutes choses comme une perte, #És 53:11. Jé 9:23. Jn 17:3. Col 2:2.à cause de l’excellence de la connaissance de Jésus-Christ mon Seigneur, pour lequel j’ai renoncé à tout, et je les regarde comme de la boue, afin de gagner Christ,"
      },
      {
        "book_name": "Philippians",
        "book": 50,
        "chapter": 3,
        "verse": 9,
        "text": "et d’être trouvé en lui, non avec ma justice, celle qui vient de la loi, mais avec celle qui s’obtient par la foi en Christ, la justice #Ro 1:17; 3:21.qui vient de Dieu par la foi,"
      },
      {
        "book_name": "Philippians",
        "book": 50,
        "chapter": 3,
        "verse": 10,
        "text": "Afin de connaître Christ, et la puissance de sa résurrection, #Ro 8:17. 2 Co 4:10. 2 Ti 2:11, 12. 1 Pi 4:13.et la communion de ses souffrances, en devenant conforme à lui dans sa mort, pour parvenir,"
      },
      {
        "book_name": "Philippians",
        "book": 50,
        "chapter": 3,
        "verse": 11,
        "text": "si je puis, à la résurrection d’entre les morts."
      },
      {
        "book_name": "Philippians",
        "book": 50,
        "chapter": 3,
        "verse": 12,
        "text": "Ce n’est pas que j’aie déjà remporté le prix, ou que j’aie déjà atteint la perfection; mais je cours, pour tâcher de le saisir, puisque moi aussi j’ai été saisi par Jésus-Christ."
      },
      {
        "book_name": "Philippians",
        "book": 50,
        "chapter": 3,
        "verse": 13,
        "text": "Frères, je ne pense pas l’avoir saisi; mais je fais une chose: oubliant ce qui est en arrière et me portant vers ce qui est en avant,"
      },
      {
        "book_name": "Philippians",
        "book": 50,
        "chapter": 3,
        "verse": 14,
        "text": "#1 Co 9:24. 2 Ti 4:7.je cours vers le but, pour remporter le prix de la vocation céleste de Dieu en Jésus-Christ."
      },
      {
        "book_name": "Philippians",
        "book": 50,
        "chapter": 3,
        "verse": 15,
        "text": "Nous tous donc qui sommes parfaits, ayons cette même pensée; et si vous êtes en quelque point d’un autre avis, Dieu vous éclairera aussi là-dessus."
      },
      {
        "book_name": "Philippians",
        "book": 50,
        "chapter": 3,
        "verse": 16,
        "text": "Seulement, au point où nous sommes parvenus, #Ga 6:16.marchons d’un même pas."
      },
      {
        "book_name": "Philippians",
        "book": 50,
        "chapter": 3,
        "verse": 17,
        "text": "Soyez tous #1 Co 4:16; 11:1. 1 Th 1:6.mes imitateurs, frères, et portez les regards sur ceux qui marchent #2 Th 3:9. 1 Pi 5:3.selon le modèle que vous avez en nous."
      },
      {
        "book_name": "Philippians",
        "book": 50,
        "chapter": 3,
        "verse": 18,
        "text": "#Ro 16:17.Car il en est plusieurs qui marchent en ennemis de la croix de Christ, je vous en ai souvent parlé, et j’en parle maintenant encore en pleurant."
      },
      {
        "book_name": "Philippians",
        "book": 50,
        "chapter": 3,
        "verse": 19,
        "text": "Leur fin sera la perdition; ils ont pour dieu leur ventre, ils mettent leur gloire dans ce qui fait leur honte, ils ne pensent qu’aux choses de la terre."
      },
      {
        "book_name": "Philippians",
        "book": 50,
        "chapter": 3,
        "verse": 20,
        "text": "#Hé 13:14.Mais notre cité à nous est dans les cieux, #1 Co 1:7. 1 Th 1:10. Tit 2:13.d’où nous attendons aussi comme Sauveur le Seigneur Jésus-Christ,"
      },
      {
        "book_name": "Philippians",
        "book": 50,
        "chapter": 3,
        "verse": 21,
        "text": "#1 Co 15:51. Col 3:4. 1 Jn 3:2.qui transformera le corps de notre humiliation, en le rendant semblable au corps de sa gloire, par le pouvoir qu’il a de s’assujettir toutes choses."
      }
    ],
    "4": [
      {
        "book_name": "Philippians",
        "book": 50,
        "chapter": 4,
        "verse": 1,
        "text": "1C’est pourquoi, mes bien-aimés, et très chers frères, vous qui êtes ma joie et #1 Th 2:19.ma couronne, demeurez ainsi fermes dans le Seigneur, mes bien-aimés!Recommandations, exhortations diversesV. 2-3: cf. Ph 2:1-3. Ro 16:1-4.  2J’exhorte Évodie et j’exhorte Syntyche à être d’un même sentiment dans le Seigneur. 3Et toi aussi, fidèle collègue, oui, je te prie de les aider, elles qui ont combattu pour l’Évangile avec moi, et avec Clément et mes autres compagnons d’œuvre, #Ex 32:23. Ps 69:29. Ap 3:5; 20:12; 21:27.dont les noms sont dans le livre de vie.V. 4-9: cf. 1 Th 5:16. Mt 11:29. (1 Pi 5:7. Col 4:2.) Ja 3:17, 18.  4Réjouissez-vous toujours dans le Seigneur; je le répète, réjouissez-vous. 5Que votre douceur soit connue de tous les hommes. #1 Co 10:11. Hé 10:25.Le Seigneur est proche. 6#Ps 55:23. Mt 6:25. 1 Ti 6:8, 17. 1 Pi 5:7.Ne vous inquiétez de rien; mais en toute chose faites connaître vos besoins à Dieu par des prières et des supplications, avec des actions de grâces. 7#Jn 14:27. Ro 5:1. Ép 2:14.Et la paix de Dieu, qui surpasse toute intelligence, gardera vos cœurs et vos pensées en Jésus-Christ. 8Au reste, frères, que tout ce qui est vrai, #Ro 13:13.tout ce qui est honorable, tout ce qui est juste, tout ce qui est #1 Th 4:3, 4, 5.pur, tout ce qui est aimable, tout ce qui mérite l’approbation, ce qui est vertueux et digne de louange, soit l’objet de vos pensées. 9Ce que vous avez appris, reçu et entendu de moi, et ce que vous avez vu en moi, pratiquez-le. Et le Dieu de paix sera avec vous.Remerciements de Paul aux Philippiens pour les dons qu’il a reçus d’eux. SalutationsV. 10-20: cf. Hé 13:3, 5, 16. (Ph 1:7; 2:25.) (Ga 6:6, 9, 10. 2 Co 9:6-15.)  10J’ai éprouvé une grande joie dans le Seigneur de ce que vous avez pu enfin renouveler l’expression #2 Co 11:9.de vos sentiments pour moi; vous y pensiez bien, mais l’occasion vous manquait. 11Ce n’est pas en vue de mes besoins que je dis cela, car j’ai appris #1 Ti 6:6.à être content de l’état où je me trouve. 12Je sais #1 Co 4:11. 2 Co 11:27.vivre dans l’humiliation, et je sais vivre dans l’abondance. En tout et partout j’ai appris à être rassasié et à avoir faim, à être dans l’abondance et à être dans la disette. 13Je puis tout par celui qui me fortifie. 14Cependant vous avez bien fait de prendre part à ma détresse. 15#2 Co 11:9.Vous le savez vous-mêmes, Philippiens, au commencement de la prédication de l’Évangile, lorsque je partis de la Macédoine, aucune Église n’entra en compte avec moi pour ce qu’elle donnait et recevait; 16vous fûtes les seuls à le faire, car vous m’envoyâtes déjà à Thessalonique, et à deux reprises, de quoi pourvoir à mes besoins. 17Ce n’est pas que je recherche les dons; mais je recherche le fruit qui abonde pour votre compte. 18J’ai tout reçu, et je suis dans l’abondance; j’ai été comblé de biens, en recevant par Épaphrodite ce qui vient de vous #Hé 13:16.comme un parfum de bonne odeur, un sacrifice que Dieu accepte, et qui lui est agréable. 19Et mon Dieu pourvoira à tous vos besoins selon sa richesse, avec gloire, en Jésus-Christ. 20A notre Dieu et Père soit la gloire aux siècles des siècles! Amen!V. 21-23: cf. 1 Co 16:20-24.  21Saluez tous les saints en Jésus-Christ. Les frères qui sont avec moi vous saluent. 22Tous les saints vous saluent, et principalement ceux de la maison de César. 23Que la grâce du Seigneur Jésus-Christ soit avec votre esprit!"
      },
      {
        "book_name": "Philippians",
        "book": 50,
        "chapter": 4,
        "verse": 1,
        "text": "C’est pourquoi, mes bien-aimés, et très chers frères, vous qui êtes ma joie et #1 Th 2:19.ma couronne, demeurez ainsi fermes dans le Seigneur, mes bien-aimés!"
      },
      {
        "book_name": "Philippians",
        "book": 50,
        "chapter": 4,
        "verse": 2,
        "text": "J’exhorte Évodie et j’exhorte Syntyche à être d’un même sentiment dans le Seigneur."
      },
      {
        "book_name": "Philippians",
        "book": 50,
        "chapter": 4,
        "verse": 3,
        "text": "Et toi aussi, fidèle collègue, oui, je te prie de les aider, elles qui ont combattu pour l’Évangile avec moi, et avec Clément et mes autres compagnons d’œuvre, #Ex 32:23. Ps 69:29. Ap 3:5; 20:12; 21:27.dont les noms sont dans le livre de vie."
      },
      {
        "book_name": "Philippians",
        "book": 50,
        "chapter": 4,
        "verse": 4,
        "text": "Réjouissez-vous toujours dans le Seigneur; je le répète, réjouissez-vous."
      },
      {
        "book_name": "Philippians",
        "book": 50,
        "chapter": 4,
        "verse": 5,
        "text": "Que votre douceur soit connue de tous les hommes. #1 Co 10:11. Hé 10:25.Le Seigneur est proche."
      },
      {
        "book_name": "Philippians",
        "book": 50,
        "chapter": 4,
        "verse": 6,
        "text": "#Ps 55:23. Mt 6:25. 1 Ti 6:8, 17. 1 Pi 5:7.Ne vous inquiétez de rien; mais en toute chose faites connaître vos besoins à Dieu par des prières et des supplications, avec des actions de grâces."
      },
      {
        "book_name": "Philippians",
        "book": 50,
        "chapter": 4,
        "verse": 7,
        "text": "#Jn 14:27. Ro 5:1. Ép 2:14.Et la paix de Dieu, qui surpasse toute intelligence, gardera vos cœurs et vos pensées en Jésus-Christ."
      },
      {
        "book_name": "Philippians",
        "book": 50,
        "chapter": 4,
        "verse": 8,
        "text": "Au reste, frères, que tout ce qui est vrai, #Ro 13:13.tout ce qui est honorable, tout ce qui est juste, tout ce qui est #1 Th 4:3, 4, 5.pur, tout ce qui est aimable, tout ce qui mérite l’approbation, ce qui est vertueux et digne de louange, soit l’objet de vos pensées."
      },
      {
        "book_name": "Philippians",
        "book": 50,
        "chapter": 4,
        "verse": 9,
        "text": "Ce que vous avez appris, reçu et entendu de moi, et ce que vous avez vu en moi, pratiquez-le. Et le Dieu de paix sera avec vous."
      },
      {
        "book_name": "Philippians",
        "book": 50,
        "chapter": 4,
        "verse": 10,
        "text": "J’ai éprouvé une grande joie dans le Seigneur de ce que vous avez pu enfin renouveler l’expression #2 Co 11:9.de vos sentiments pour moi; vous y pensiez bien, mais l’occasion vous manquait."
      },
      {
        "book_name": "Philippians",
        "book": 50,
        "chapter": 4,
        "verse": 11,
        "text": "Ce n’est pas en vue de mes besoins que je dis cela, car j’ai appris #1 Ti 6:6.à être content de l’état où je me trouve."
      },
      {
        "book_name": "Philippians",
        "book": 50,
        "chapter": 4,
        "verse": 12,
        "text": "Je sais #1 Co 4:11. 2 Co 11:27.vivre dans l’humiliation, et je sais vivre dans l’abondance. En tout et partout j’ai appris à être rassasié et à avoir faim, à être dans l’abondance et à être dans la disette."
      },
      {
        "book_name": "Philippians",
        "book": 50,
        "chapter": 4,
        "verse": 13,
        "text": "Je puis tout par celui qui me fortifie."
      },
      {
        "book_name": "Philippians",
        "book": 50,
        "chapter": 4,
        "verse": 14,
        "text": "Cependant vous avez bien fait de prendre part à ma détresse."
      },
      {
        "book_name": "Philippians",
        "book": 50,
        "chapter": 4,
        "verse": 15,
        "text": "#2 Co 11:9.Vous le savez vous-mêmes, Philippiens, au commencement de la prédication de l’Évangile, lorsque je partis de la Macédoine, aucune Église n’entra en compte avec moi pour ce qu’elle donnait et recevait;"
      },
      {
        "book_name": "Philippians",
        "book": 50,
        "chapter": 4,
        "verse": 16,
        "text": "vous fûtes les seuls à le faire, car vous m’envoyâtes déjà à Thessalonique, et à deux reprises, de quoi pourvoir à mes besoins."
      },
      {
        "book_name": "Philippians",
        "book": 50,
        "chapter": 4,
        "verse": 17,
        "text": "Ce n’est pas que je recherche les dons; mais je recherche le fruit qui abonde pour votre compte."
      },
      {
        "book_name": "Philippians",
        "book": 50,
        "chapter": 4,
        "verse": 18,
        "text": "J’ai tout reçu, et je suis dans l’abondance; j’ai été comblé de biens, en recevant par Épaphrodite ce qui vient de vous #Hé 13:16.comme un parfum de bonne odeur, un sacrifice que Dieu accepte, et qui lui est agréable."
      },
      {
        "book_name": "Philippians",
        "book": 50,
        "chapter": 4,
        "verse": 19,
        "text": "Et mon Dieu pourvoira à tous vos besoins selon sa richesse, avec gloire, en Jésus-Christ."
      },
      {
        "book_name": "Philippians",
        "book": 50,
        "chapter": 4,
        "verse": 20,
        "text": "A notre Dieu et Père soit la gloire aux siècles des siècles! Amen!"
      },
      {
        "book_name": "Philippians",
        "book": 50,
        "chapter": 4,
        "verse": 21,
        "text": "Saluez tous les saints en Jésus-Christ. Les frères qui sont avec moi vous saluent."
      },
      {
        "book_name": "Philippians",
        "book": 50,
        "chapter": 4,
        "verse": 22,
        "text": "Tous les saints vous saluent, et principalement ceux de la maison de César."
      },
      {
        "book_name": "Philippians",
        "book": 50,
        "chapter": 4,
        "verse": 23,
        "text": "Que la grâce du Seigneur Jésus-Christ soit avec votre esprit!"
      }
    ]
  }
}