{
  "source": "bible.com",
  "version": "Luis Segond (1910)",
  "book": "Hooglied",
  "chapters": {
    "1": [
      {
        "book_name": "Hooglied",
        "book": 22,
        "chapter": 1,
        "verse": 1,
        "text": "V. 1-4: cf. (Ps 63:2-9. Ap 14:4.)  1Cantique des cantiques, de Salomon.  2Qu’il me baise des baisers de sa bouche!Car ton amour vaut #Ca 4:10.mieux que le vin,  3Tes parfums ont une odeur suave;Ton nom est un parfum qui se répand;C’est pourquoi les jeunes filles t’aiment.  4Entraîne-moi après toi!  #    \n        1 Pi 1:8.  Nous courrons!Le roi m’introduit dans ses appartements…Nous nous égaierons, nous nous réjouirons à cause de toi;Nous célébrerons ton amour plus que le vin.C’est avec raison que l’on t’aime.V. 5-8: cf. (Ca 3:1-4. Ps 73:28.) Jn 10:2-5.  5Je suis noire, mais je suis belle, filles de Jérusalem,Comme les tentes de Kédar, comme les pavillons de Salomon.  6Ne prenez pas garde à mon teint noir:C’est le soleil qui m’a brûlée.Les fils de ma mère se sont irrités contre moi,Ils m’ont faite gardienne des vignes.Ma vigne, à moi, je ne l’ai pas gardée.  7  #    \n        De 12:5.  Dis-moi, ô toi #Ca 3:1, 2, 3.que mon cœur aime,Où tu fais paître tes brebis,Où tu les fais reposer à midi;Car pourquoi serais-je comme une égaréePrès des troupeaux de tes compagnons?  8Si tu ne le sais pas, #Ca 5:9; 6:1.ô la plus belle des femmes,Sors sur les traces des brebis,Et fais paître tes chevreauxPrès des demeures des bergers.1 v. 9 à 2 v. 7: cf. (Jn 14:21-23. Ép 5:25-27. Ép 3:17-19.)  9A ma jument qu’on attelle aux chars de PharaonJe te compare, #Ca 2:2, 10, 13; 4:1, 7; 5:2; 6:4. Jn 15:14, 15.ô mon amie.  10  #    \n        Éz 16:11, 12, 13.  Tes joues sont belles au milieu des colliers,Ton cou est beau au milieu des rangées de perles.  11Nous te ferons des colliers d’or,Avec des points d’argent.  12Tandis que le roi est dans son entourage,Mon nard exhale son parfum.  13Mon bien-aimé est pour moi un bouquet de myrrhe,Qui repose entre mes seins.  14Mon bien-aimé est pour moi une grappe de troëneDes vignes d’En-Guédi.  15Que tu es belle, mon amie, que tu es belle!Tes yeux sont des colombes.  16  #    \n        Ca 4:1; 5:12.  Que tu es beau, mon bien-aimé, que tu es aimable!Notre lit, c’est la verdure.  17Les solives de nos maisons sont des cèdres,Nos lambris sont des cyprès."
      },
      {
        "book_name": "Hooglied",
        "book": 22,
        "chapter": 1,
        "verse": 1,
        "text": "Cantique des cantiques, de Salomon."
      },
      {
        "book_name": "Hooglied",
        "book": 22,
        "chapter": 1,
        "verse": 2,
        "text": "Qu’il me baise des baisers de sa bouche!"
      },
      {
        "book_name": "Hooglied",
        "book": 22,
        "chapter": 1,
        "verse": 2,
        "text": "Car ton amour vaut #Ca 4:10.mieux que le vin,"
      },
      {
        "book_name": "Hooglied",
        "book": 22,
        "chapter": 1,
        "verse": 3,
        "text": "Tes parfums ont une odeur suave;"
      },
      {
        "book_name": "Hooglied",
        "book": 22,
        "chapter": 1,
        "verse": 3,
        "text": "Ton nom est un parfum qui se répand;"
      },
      {
        "book_name": "Hooglied",
        "book": 22,
        "chapter": 1,
        "verse": 3,
        "text": "C’est pourquoi les jeunes filles t’aiment."
      },
      {
        "book_name": "Hooglied",
        "book": 22,
        "chapter": 1,
        "verse": 4,
        "text": "Entraîne-moi après toi!"
      },
      {
        "book_name": "Hooglied",
        "book": 22,
        "chapter": 1,
        "verse": 4,
        "text": "#    \n        1 Pi 1:8.  Nous courrons!"
      },
      {
        "book_name": "Hooglied",
        "book": 22,
        "chapter": 1,
        "verse": 4,
        "text": "Le roi m’introduit dans ses appartements…"
      },
      {
        "book_name": "Hooglied",
        "book": 22,
        "chapter": 1,
        "verse": 4,
        "text": "Nous nous égaierons, nous nous réjouirons à cause de toi;"
      },
      {
        "book_name": "Hooglied",
        "book": 22,
        "chapter": 1,
        "verse": 4,
        "text": "Nous célébrerons ton amour plus que le vin."
      },
      {
        "book_name": "Hooglied",
        "book": 22,
        "chapter": 1,
        "verse": 4,
        "text": "C’est avec raison que l’on t’aime."
      },
      {
        "book_name": "Hooglied",
        "book": 22,
        "chapter": 1,
        "verse": 5,
        "text": "Je suis noire, mais je suis belle, filles de Jérusalem,"
      },
      {
        "book_name": "Hooglied",
        "book": 22,
        "chapter": 1,
        "verse": 5,
        "text": "Comme les tentes de Kédar, comme les pavillons de Salomon."
      },
      {
        "book_name": "Hooglied",
        "book": 22,
        "chapter": 1,
        "verse": 6,
        "text": "Ne prenez pas garde à mon teint noir:"
      },
      {
        "book_name": "Hooglied",
        "book": 22,
        "chapter": 1,
        "verse": 6,
        "text": "C’est le soleil qui m’a brûlée."
      },
      {
        "book_name": "Hooglied",
        "book": 22,
        "chapter": 1,
        "verse": 6,
        "text": "Les fils de ma mère se sont irrités contre moi,"
      },
      {
        "book_name": "Hooglied",
        "book": 22,
        "chapter": 1,
        "verse": 6,
        "text": "Ils m’ont faite gardienne des vignes."
      },
      {
        "book_name": "Hooglied",
        "book": 22,
        "chapter": 1,
        "verse": 6,
        "text": "Ma vigne, à moi, je ne l’ai pas gardée."
      },
      {
        "book_name": "Hooglied",
        "book": 22,
        "chapter": 1,
        "verse": 7,
        "text": "#    \n        De 12:5.  Dis-moi, ô toi #Ca 3:1, 2, 3.que mon cœur aime,"
      },
      {
        "book_name": "Hooglied",
        "book": 22,
        "chapter": 1,
        "verse": 7,
        "text": "Où tu fais paître tes brebis,"
      },
      {
        "book_name": "Hooglied",
        "book": 22,
        "chapter": 1,
        "verse": 7,
        "text": "Où tu les fais reposer à midi;"
      },
      {
        "book_name": "Hooglied",
        "book": 22,
        "chapter": 1,
        "verse": 7,
        "text": "Car pourquoi serais-je comme une égarée"
      },
      {
        "book_name": "Hooglied",
        "book": 22,
        "chapter": 1,
        "verse": 7,
        "text": "Près des troupeaux de tes compagnons?"
      },
      {
        "book_name": "Hooglied",
        "book": 22,
        "chapter": 1,
        "verse": 8,
        "text": "Si tu ne le sais pas, #Ca 5:9; 6:1.ô la plus belle des femmes,"
      },
      {
        "book_name": "Hooglied",
        "book": 22,
        "chapter": 1,
        "verse": 8,
        "text": "Sors sur les traces des brebis,"
      },
      {
        "book_name": "Hooglied",
        "book": 22,
        "chapter": 1,
        "verse": 8,
        "text": "Et fais paître tes chevreaux"
      },
      {
        "book_name": "Hooglied",
        "book": 22,
        "chapter": 1,
        "verse": 8,
        "text": "Près des demeures des bergers."
      },
      {
        "book_name": "Hooglied",
        "book": 22,
        "chapter": 1,
        "verse": 9,
        "text": "A ma jument qu’on attelle aux chars de Pharaon"
      },
      {
        "book_name": "Hooglied",
        "book": 22,
        "chapter": 1,
        "verse": 9,
        "text": "Je te compare, #Ca 2:2, 10, 13; 4:1, 7; 5:2; 6:4. Jn 15:14, 15.ô mon amie."
      },
      {
        "book_name": "Hooglied",
        "book": 22,
        "chapter": 1,
        "verse": 10,
        "text": "#    \n        Éz 16:11, 12, 13.  Tes joues sont belles au milieu des colliers,"
      },
      {
        "book_name": "Hooglied",
        "book": 22,
        "chapter": 1,
        "verse": 10,
        "text": "Ton cou est beau au milieu des rangées de perles."
      },
      {
        "book_name": "Hooglied",
        "book": 22,
        "chapter": 1,
        "verse": 11,
        "text": "Nous te ferons des colliers d’or,"
      },
      {
        "book_name": "Hooglied",
        "book": 22,
        "chapter": 1,
        "verse": 11,
        "text": "Avec des points d’argent."
      },
      {
        "book_name": "Hooglied",
        "book": 22,
        "chapter": 1,
        "verse": 12,
        "text": "Tandis que le roi est dans son entourage,"
      },
      {
        "book_name": "Hooglied",
        "book": 22,
        "chapter": 1,
        "verse": 12,
        "text": "Mon nard exhale son parfum."
      },
      {
        "book_name": "Hooglied",
        "book": 22,
        "chapter": 1,
        "verse": 13,
        "text": "Mon bien-aimé est pour moi un bouquet de myrrhe,"
      },
      {
        "book_name": "Hooglied",
        "book": 22,
        "chapter": 1,
        "verse": 13,
        "text": "Qui repose entre mes seins."
      },
      {
        "book_name": "Hooglied",
        "book": 22,
        "chapter": 1,
        "verse": 14,
        "text": "Mon bien-aimé est pour moi une grappe de troëne"
      },
      {
        "book_name": "Hooglied",
        "book": 22,
        "chapter": 1,
        "verse": 14,
        "text": "Des vignes d’En-Guédi."
      },
      {
        "book_name": "Hooglied",
        "book": 22,
        "chapter": 1,
        "verse": 15,
        "text": "Que tu es belle, mon amie, que tu es belle!"
      },
      {
        "book_name": "Hooglied",
        "book": 22,
        "chapter": 1,
        "verse": 15,
        "text": "Tes yeux sont des colombes."
      },
      {
        "book_name": "Hooglied",
        "book": 22,
        "chapter": 1,
        "verse": 16,
        "text": "#    \n        Ca 4:1; 5:12.  Que tu es beau, mon bien-aimé, que tu es aimable!"
      },
      {
        "book_name": "Hooglied",
        "book": 22,
        "chapter": 1,
        "verse": 16,
        "text": "Notre lit, c’est la verdure."
      },
      {
        "book_name": "Hooglied",
        "book": 22,
        "chapter": 1,
        "verse": 17,
        "text": "Les solives de nos maisons sont des cèdres,"
      },
      {
        "book_name": "Hooglied",
        "book": 22,
        "chapter": 1,
        "verse": 17,
        "text": "Nos lambris sont des cyprès."
      }
    ],
    "2": [
      {
        "book_name": "Hooglied",
        "book": 22,
        "chapter": 2,
        "verse": 1,
        "text": "1Je suis un narcisse de Saron,Un lis des vallées.  2Comme un lis au milieu des épines,Telle est mon amie parmi les jeunes filles.  3Comme un pommier au milieu des arbres de la forêt,Tel est mon bien-aimé parmi les jeunes hommes.J’ai désiré m’asseoir à son ombre,Et son fruit est doux à mon palais.  4Il m’a fait entrer dans la maison du vin;Et la bannière qu’il déploie sur moi, c’est l’amour.  5Soutenez-moi avec des gâteaux de raisins,Fortifiez-moi avec des pommes;Car je suis malade d’amour.  6  #    \n        Ca 8:3.  Que sa main gauche soit sous ma tête,Et que sa droite m’embrasse!  7Je vous en conjure, filles de Jérusalem,Par les gazelles et les biches des champs,Ne réveillez pas, ne réveillez pas l’amour,Avant qu’elle le veuille.V. 8-17: cf. Ca 5:2, etc. Jn 10:4, 5, 27, 28.  8C’est la voix de mon bien-aimé!Le voici, il vient,Sautant sur les montagnes,Bondissant sur les collines.  9Mon bien-aimé est semblable à la gazelleOu au faon des biches.Le voici, il est derrière notre mur,Il regarde par la fenêtre,Il regarde par le treillis.  10Mon bien-aimé parle et me dit:Lève-toi, mon amie, ma belle, et viens!  11Car voici, l’hiver est passé;La pluie a cessé, elle s’en est allée.  12Les fleurs paraissent sur la terre,Le temps de chanter est arrivé,Et la voix de la tourterelle se fait entendre dans nos campagnes.  13Le figuier embaume ses fruits,Et les vignes en fleur exhalent leur parfum.Lève-toi, mon amie, ma belle, et viens!  14Ma colombe, qui te tiens dans les fentes du rocher,Qui te caches dans les parois escarpées,Fais-moi voir ta figure,Fais-moi entendre ta voix;  #    \n        Ca 5:13, 16.  Car ta voix est douce, et ta figure est agréable.  15Prenez-nous #Éz 13:4. Lu 13:52.les renards,Les petits renards qui ravagent les vignes;Car nos vignes sont en fleur.  16Mon bien-aimé est à moi, et je suis à lui;Il fait paître son troupeau parmi les lis.  17  #    \n        Ca 4:9.  Avant que le jour se rafraîchisse,Et que les ombres fuient,Reviens!… sois semblable, mon bien-aimé,A la gazelle ou au faon des biches,Sur les montagnes qui nous séparent."
      },
      {
        "book_name": "Hooglied",
        "book": 22,
        "chapter": 2,
        "verse": 1,
        "text": "Je suis un narcisse de Saron,"
      },
      {
        "book_name": "Hooglied",
        "book": 22,
        "chapter": 2,
        "verse": 1,
        "text": "Un lis des vallées."
      },
      {
        "book_name": "Hooglied",
        "book": 22,
        "chapter": 2,
        "verse": 2,
        "text": "Comme un lis au milieu des épines,"
      },
      {
        "book_name": "Hooglied",
        "book": 22,
        "chapter": 2,
        "verse": 2,
        "text": "Telle est mon amie parmi les jeunes filles."
      },
      {
        "book_name": "Hooglied",
        "book": 22,
        "chapter": 2,
        "verse": 3,
        "text": "Comme un pommier au milieu des arbres de la forêt,"
      },
      {
        "book_name": "Hooglied",
        "book": 22,
        "chapter": 2,
        "verse": 3,
        "text": "Tel est mon bien-aimé parmi les jeunes hommes."
      },
      {
        "book_name": "Hooglied",
        "book": 22,
        "chapter": 2,
        "verse": 3,
        "text": "J’ai désiré m’asseoir à son ombre,"
      },
      {
        "book_name": "Hooglied",
        "book": 22,
        "chapter": 2,
        "verse": 3,
        "text": "Et son fruit est doux à mon palais."
      },
      {
        "book_name": "Hooglied",
        "book": 22,
        "chapter": 2,
        "verse": 4,
        "text": "Il m’a fait entrer dans la maison du vin;"
      },
      {
        "book_name": "Hooglied",
        "book": 22,
        "chapter": 2,
        "verse": 4,
        "text": "Et la bannière qu’il déploie sur moi, c’est l’amour."
      },
      {
        "book_name": "Hooglied",
        "book": 22,
        "chapter": 2,
        "verse": 5,
        "text": "Soutenez-moi avec des gâteaux de raisins,"
      },
      {
        "book_name": "Hooglied",
        "book": 22,
        "chapter": 2,
        "verse": 5,
        "text": "Fortifiez-moi avec des pommes;"
      },
      {
        "book_name": "Hooglied",
        "book": 22,
        "chapter": 2,
        "verse": 5,
        "text": "Car je suis malade d’amour."
      },
      {
        "book_name": "Hooglied",
        "book": 22,
        "chapter": 2,
        "verse": 6,
        "text": "#    \n        Ca 8:3.  Que sa main gauche soit sous ma tête,"
      },
      {
        "book_name": "Hooglied",
        "book": 22,
        "chapter": 2,
        "verse": 6,
        "text": "Et que sa droite m’embrasse!"
      },
      {
        "book_name": "Hooglied",
        "book": 22,
        "chapter": 2,
        "verse": 7,
        "text": "Je vous en conjure, filles de Jérusalem,"
      },
      {
        "book_name": "Hooglied",
        "book": 22,
        "chapter": 2,
        "verse": 7,
        "text": "Par les gazelles et les biches des champs,"
      },
      {
        "book_name": "Hooglied",
        "book": 22,
        "chapter": 2,
        "verse": 7,
        "text": "Ne réveillez pas, ne réveillez pas l’amour,"
      },
      {
        "book_name": "Hooglied",
        "book": 22,
        "chapter": 2,
        "verse": 7,
        "text": "Avant qu’elle le veuille."
      },
      {
        "book_name": "Hooglied",
        "book": 22,
        "chapter": 2,
        "verse": 8,
        "text": "C’est la voix de mon bien-aimé!"
      },
      {
        "book_name": "Hooglied",
        "book": 22,
        "chapter": 2,
        "verse": 8,
        "text": "Le voici, il vient,"
      },
      {
        "book_name": "Hooglied",
        "book": 22,
        "chapter": 2,
        "verse": 8,
        "text": "Sautant sur les montagnes,"
      },
      {
        "book_name": "Hooglied",
        "book": 22,
        "chapter": 2,
        "verse": 8,
        "text": "Bondissant sur les collines."
      },
      {
        "book_name": "Hooglied",
        "book": 22,
        "chapter": 2,
        "verse": 9,
        "text": "Mon bien-aimé est semblable à la gazelle"
      },
      {
        "book_name": "Hooglied",
        "book": 22,
        "chapter": 2,
        "verse": 9,
        "text": "Ou au faon des biches."
      },
      {
        "book_name": "Hooglied",
        "book": 22,
        "chapter": 2,
        "verse": 9,
        "text": "Le voici, il est derrière notre mur,"
      },
      {
        "book_name": "Hooglied",
        "book": 22,
        "chapter": 2,
        "verse": 9,
        "text": "Il regarde par la fenêtre,"
      },
      {
        "book_name": "Hooglied",
        "book": 22,
        "chapter": 2,
        "verse": 9,
        "text": "Il regarde par le treillis."
      },
      {
        "book_name": "Hooglied",
        "book": 22,
        "chapter": 2,
        "verse": 10,
        "text": "Mon bien-aimé parle et me dit:"
      },
      {
        "book_name": "Hooglied",
        "book": 22,
        "chapter": 2,
        "verse": 10,
        "text": "Lève-toi, mon amie, ma belle, et viens!"
      },
      {
        "book_name": "Hooglied",
        "book": 22,
        "chapter": 2,
        "verse": 11,
        "text": "Car voici, l’hiver est passé;"
      },
      {
        "book_name": "Hooglied",
        "book": 22,
        "chapter": 2,
        "verse": 11,
        "text": "La pluie a cessé, elle s’en est allée."
      },
      {
        "book_name": "Hooglied",
        "book": 22,
        "chapter": 2,
        "verse": 12,
        "text": "Les fleurs paraissent sur la terre,"
      },
      {
        "book_name": "Hooglied",
        "book": 22,
        "chapter": 2,
        "verse": 12,
        "text": "Le temps de chanter est arrivé,"
      },
      {
        "book_name": "Hooglied",
        "book": 22,
        "chapter": 2,
        "verse": 12,
        "text": "Et la voix de la tourterelle se fait entendre dans nos campagnes."
      },
      {
        "book_name": "Hooglied",
        "book": 22,
        "chapter": 2,
        "verse": 13,
        "text": "Le figuier embaume ses fruits,"
      },
      {
        "book_name": "Hooglied",
        "book": 22,
        "chapter": 2,
        "verse": 13,
        "text": "Et les vignes en fleur exhalent leur parfum."
      },
      {
        "book_name": "Hooglied",
        "book": 22,
        "chapter": 2,
        "verse": 13,
        "text": "Lève-toi, mon amie, ma belle, et viens!"
      },
      {
        "book_name": "Hooglied",
        "book": 22,
        "chapter": 2,
        "verse": 14,
        "text": "Ma colombe, qui te tiens dans les fentes du rocher,"
      },
      {
        "book_name": "Hooglied",
        "book": 22,
        "chapter": 2,
        "verse": 14,
        "text": "Qui te caches dans les parois escarpées,"
      },
      {
        "book_name": "Hooglied",
        "book": 22,
        "chapter": 2,
        "verse": 14,
        "text": "Fais-moi voir ta figure,"
      },
      {
        "book_name": "Hooglied",
        "book": 22,
        "chapter": 2,
        "verse": 14,
        "text": "Fais-moi entendre ta voix;"
      },
      {
        "book_name": "Hooglied",
        "book": 22,
        "chapter": 2,
        "verse": 14,
        "text": "#    \n        Ca 5:13, 16.  Car ta voix est douce, et ta figure est agréable."
      },
      {
        "book_name": "Hooglied",
        "book": 22,
        "chapter": 2,
        "verse": 15,
        "text": "Prenez-nous #Éz 13:4. Lu 13:52.les renards,"
      },
      {
        "book_name": "Hooglied",
        "book": 22,
        "chapter": 2,
        "verse": 15,
        "text": "Les petits renards qui ravagent les vignes;"
      },
      {
        "book_name": "Hooglied",
        "book": 22,
        "chapter": 2,
        "verse": 15,
        "text": "Car nos vignes sont en fleur."
      },
      {
        "book_name": "Hooglied",
        "book": 22,
        "chapter": 2,
        "verse": 16,
        "text": "Mon bien-aimé est à moi, et je suis à lui;"
      },
      {
        "book_name": "Hooglied",
        "book": 22,
        "chapter": 2,
        "verse": 16,
        "text": "Il fait paître son troupeau parmi les lis."
      },
      {
        "book_name": "Hooglied",
        "book": 22,
        "chapter": 2,
        "verse": 17,
        "text": "#    \n        Ca 4:9.  Avant que le jour se rafraîchisse,"
      },
      {
        "book_name": "Hooglied",
        "book": 22,
        "chapter": 2,
        "verse": 17,
        "text": "Et que les ombres fuient,"
      },
      {
        "book_name": "Hooglied",
        "book": 22,
        "chapter": 2,
        "verse": 17,
        "text": "Reviens!… sois semblable, mon bien-aimé,"
      },
      {
        "book_name": "Hooglied",
        "book": 22,
        "chapter": 2,
        "verse": 17,
        "text": "A la gazelle ou au faon des biches,"
      },
      {
        "book_name": "Hooglied",
        "book": 22,
        "chapter": 2,
        "verse": 17,
        "text": "Sur les montagnes qui nous séparent."
      }
    ],
    "3": [
      {
        "book_name": "Hooglied",
        "book": 22,
        "chapter": 3,
        "verse": 1,
        "text": "V. 1-5: cf. Jé 29:12, 13. Ca 5:6-8.  1Sur ma couche, pendant les nuits,J’ai cherché celui que mon cœur aime;Je l’ai cherché, et je ne l’ai point trouvé…  2Je me lèverai, et je ferai le tour de la ville,Dans les rues et sur les places;Je chercherai celui que mon cœur aime…Je l’ai cherché, et je ne l’ai point trouvé.  3Les gardes qui font la ronde dans la ville m’ont rencontrée:Avez-vous vu celui que mon cœur aime?  4A peine les avais-je passés,Que j’ai trouvé celui que mon cœur aime;Je l’ai saisi, et je ne l’ai point lâchéJusqu’à ce que je l’aie amené dans la maison de ma mère,Dans la chambre de celle qui m’a conçue.  5Je vous en conjure, filles de Jérusalem,Par les gazelles et les biches des champs,Ne réveillez pas, ne réveillez pas l’amour,Avant qu’elle le veuille.V. 6-11: cf. 2 Co 11:3, 13, 14.  6  #    \n        Ca 8:5.  Qui est celle qui monte du désert,Comme des colonnes de fumée,Au milieu des vapeurs de myrrhe et d’encensEt de tous les aromates des marchands?  7Voici la litière de Salomon,Et autour d’elle soixante vaillants hommes,Des plus vaillants d’Israël.  8Tous sont armés de l’épée,Sont exercés au combat;Chacun porte l’épée sur sa hanche,En vue des alarmes nocturnes.  9Le roi Salomon s’est fait #Ca 6:12.une litièreDe bois du Liban.  10Il en a fait les colonnes d’argent,Le dossier d’or,Le siège de pourpre;Au milieu est une broderie, œuvre d’amourDes filles de Jérusalem.  11Sortez, filles de Sion, regardezLe roi Salomon,Avec la couronne dont sa mère l’a couronnéLe jour de ses fiançailles,Le jour de la joie de son cœur."
      },
      {
        "book_name": "Hooglied",
        "book": 22,
        "chapter": 3,
        "verse": 1,
        "text": "Sur ma couche, pendant les nuits,"
      },
      {
        "book_name": "Hooglied",
        "book": 22,
        "chapter": 3,
        "verse": 1,
        "text": "J’ai cherché celui que mon cœur aime;"
      },
      {
        "book_name": "Hooglied",
        "book": 22,
        "chapter": 3,
        "verse": 1,
        "text": "Je l’ai cherché, et je ne l’ai point trouvé…"
      },
      {
        "book_name": "Hooglied",
        "book": 22,
        "chapter": 3,
        "verse": 2,
        "text": "Je me lèverai, et je ferai le tour de la ville,"
      },
      {
        "book_name": "Hooglied",
        "book": 22,
        "chapter": 3,
        "verse": 2,
        "text": "Dans les rues et sur les places;"
      },
      {
        "book_name": "Hooglied",
        "book": 22,
        "chapter": 3,
        "verse": 2,
        "text": "Je chercherai celui que mon cœur aime…"
      },
      {
        "book_name": "Hooglied",
        "book": 22,
        "chapter": 3,
        "verse": 2,
        "text": "Je l’ai cherché, et je ne l’ai point trouvé."
      },
      {
        "book_name": "Hooglied",
        "book": 22,
        "chapter": 3,
        "verse": 3,
        "text": "Les gardes qui font la ronde dans la ville m’ont rencontrée:"
      },
      {
        "book_name": "Hooglied",
        "book": 22,
        "chapter": 3,
        "verse": 3,
        "text": "Avez-vous vu celui que mon cœur aime?"
      },
      {
        "book_name": "Hooglied",
        "book": 22,
        "chapter": 3,
        "verse": 4,
        "text": "A peine les avais-je passés,"
      },
      {
        "book_name": "Hooglied",
        "book": 22,
        "chapter": 3,
        "verse": 4,
        "text": "Que j’ai trouvé celui que mon cœur aime;"
      },
      {
        "book_name": "Hooglied",
        "book": 22,
        "chapter": 3,
        "verse": 4,
        "text": "Je l’ai saisi, et je ne l’ai point lâché"
      },
      {
        "book_name": "Hooglied",
        "book": 22,
        "chapter": 3,
        "verse": 4,
        "text": "Jusqu’à ce que je l’aie amené dans la maison de ma mère,"
      },
      {
        "book_name": "Hooglied",
        "book": 22,
        "chapter": 3,
        "verse": 4,
        "text": "Dans la chambre de celle qui m’a conçue."
      },
      {
        "book_name": "Hooglied",
        "book": 22,
        "chapter": 3,
        "verse": 5,
        "text": "Je vous en conjure, filles de Jérusalem,"
      },
      {
        "book_name": "Hooglied",
        "book": 22,
        "chapter": 3,
        "verse": 5,
        "text": "Par les gazelles et les biches des champs,"
      },
      {
        "book_name": "Hooglied",
        "book": 22,
        "chapter": 3,
        "verse": 5,
        "text": "Ne réveillez pas, ne réveillez pas l’amour,"
      },
      {
        "book_name": "Hooglied",
        "book": 22,
        "chapter": 3,
        "verse": 5,
        "text": "Avant qu’elle le veuille."
      },
      {
        "book_name": "Hooglied",
        "book": 22,
        "chapter": 3,
        "verse": 6,
        "text": "#    \n        Ca 8:5.  Qui est celle qui monte du désert,"
      },
      {
        "book_name": "Hooglied",
        "book": 22,
        "chapter": 3,
        "verse": 6,
        "text": "Comme des colonnes de fumée,"
      },
      {
        "book_name": "Hooglied",
        "book": 22,
        "chapter": 3,
        "verse": 6,
        "text": "Au milieu des vapeurs de myrrhe et d’encens"
      },
      {
        "book_name": "Hooglied",
        "book": 22,
        "chapter": 3,
        "verse": 6,
        "text": "Et de tous les aromates des marchands?"
      },
      {
        "book_name": "Hooglied",
        "book": 22,
        "chapter": 3,
        "verse": 7,
        "text": "Voici la litière de Salomon,"
      },
      {
        "book_name": "Hooglied",
        "book": 22,
        "chapter": 3,
        "verse": 7,
        "text": "Et autour d’elle soixante vaillants hommes,"
      },
      {
        "book_name": "Hooglied",
        "book": 22,
        "chapter": 3,
        "verse": 7,
        "text": "Des plus vaillants d’Israël."
      },
      {
        "book_name": "Hooglied",
        "book": 22,
        "chapter": 3,
        "verse": 8,
        "text": "Tous sont armés de l’épée,"
      },
      {
        "book_name": "Hooglied",
        "book": 22,
        "chapter": 3,
        "verse": 8,
        "text": "Sont exercés au combat;"
      },
      {
        "book_name": "Hooglied",
        "book": 22,
        "chapter": 3,
        "verse": 8,
        "text": "Chacun porte l’épée sur sa hanche,"
      },
      {
        "book_name": "Hooglied",
        "book": 22,
        "chapter": 3,
        "verse": 8,
        "text": "En vue des alarmes nocturnes."
      },
      {
        "book_name": "Hooglied",
        "book": 22,
        "chapter": 3,
        "verse": 9,
        "text": "Le roi Salomon s’est fait #Ca 6:12.une litière"
      },
      {
        "book_name": "Hooglied",
        "book": 22,
        "chapter": 3,
        "verse": 9,
        "text": "De bois du Liban."
      },
      {
        "book_name": "Hooglied",
        "book": 22,
        "chapter": 3,
        "verse": 10,
        "text": "Il en a fait les colonnes d’argent,"
      },
      {
        "book_name": "Hooglied",
        "book": 22,
        "chapter": 3,
        "verse": 10,
        "text": "Le dossier d’or,"
      },
      {
        "book_name": "Hooglied",
        "book": 22,
        "chapter": 3,
        "verse": 10,
        "text": "Le siège de pourpre;"
      },
      {
        "book_name": "Hooglied",
        "book": 22,
        "chapter": 3,
        "verse": 10,
        "text": "Au milieu est une broderie, œuvre d’amour"
      },
      {
        "book_name": "Hooglied",
        "book": 22,
        "chapter": 3,
        "verse": 10,
        "text": "Des filles de Jérusalem."
      },
      {
        "book_name": "Hooglied",
        "book": 22,
        "chapter": 3,
        "verse": 11,
        "text": "Sortez, filles de Sion, regardez"
      },
      {
        "book_name": "Hooglied",
        "book": 22,
        "chapter": 3,
        "verse": 11,
        "text": "Le roi Salomon,"
      },
      {
        "book_name": "Hooglied",
        "book": 22,
        "chapter": 3,
        "verse": 11,
        "text": "Avec la couronne dont sa mère l’a couronné"
      },
      {
        "book_name": "Hooglied",
        "book": 22,
        "chapter": 3,
        "verse": 11,
        "text": "Le jour de ses fiançailles,"
      },
      {
        "book_name": "Hooglied",
        "book": 22,
        "chapter": 3,
        "verse": 11,
        "text": "Le jour de la joie de son cœur."
      }
    ],
    "4": [
      {
        "book_name": "Hooglied",
        "book": 22,
        "chapter": 4,
        "verse": 1,
        "text": "v. 1 à 5 v. 1: cf. Ca 6:4-10; 7:7-9.  1Que tu es belle, mon amie, que tu es belle!Tes yeux sont des colombes,  #    \n        Ca 4:3; 6:7.  Derrière ton voile.  #    \n        Ca 6:5.  Tes cheveux sont comme un troupeau de chèvres,Suspendues aux flancs de la montagne de Galaad.  2Tes dents sont comme un troupeau de brebis tondues,Qui remontent de l’abreuvoir;Toutes portent des jumeaux,Aucune d’elles n’est stérile.  3Tes lèvres sont comme un fil cramoisi,  #    \n        Ps 147:1. Col 4:6.  Et ta bouche est charmante;Ta joue est comme une moitié de grenade,Derrière ton voile.  4  #    \n        Ca 7:4.  Ton cou est comme la tour de David,Bâtie pour être un arsenal;Mille boucliers y sont suspendus,Tous les boucliers des héros.  5  #    \n        Ca 7:3.  Tes deux seins sont comme deux faons,Comme les jumeaux d’une gazelle,Qui paissent au milieu des lis.  6Avant que le jour se rafraîchisse,Et que les ombres fuient,J’irai à la montagne de la myrrheEt à la colline de l’encens.  7Tu es toute belle, mon amie,Et il n’y a point en toi de défaut.  8Viens avec moi du Liban, ma fiancée,Viens avec moi du Liban!Regarde du sommet de l’Amana,Du sommet du Senir et de l’Hermon,Des tanières des lions,Des montagnes des léopards.  9Tu me ravis le cœur, ma sœur, ma fiancée,Tu me ravis le cœur par l’un de tes regards,Par l’un des colliers de ton cou.  10Que de charmes dans ton amour, ma sœur, ma fiancée!Comme ton amour vaut mieux que le vin,Et combien tes parfums sont plus suaves que tous les aromates!  11Tes lèvres distillent le miel, ma fiancée;Il y a sous ta langue du miel et du lait,Et l’odeur de tes vêtements est comme l’odeur du Liban.  12Tu es un jardin fermé, ma sœur, ma fiancée,Une source fermée, une fontaine scellée.  13Tes jets forment un jardin, où sont des grenadiers,Avec les fruits les plus excellents,Les troënes avec le nard;  14Le nard et le safran, le roseau aromatique et le cinnamome,Avec tous les arbres qui donnent l’encens;La myrrhe et l’aloès,Avec tous les principaux aromates;  15Une fontaine des jardins,Une source d’eaux vives,Des ruisseaux du Liban.  16Lève-toi, aquilon! Viens, autan!Soufflez sur mon jardin, et que les parfums s’en exhalent!Que mon bien-aimé entre dans son jardin,Et qu’il mange de ses fruits excellents!"
      },
      {
        "book_name": "Hooglied",
        "book": 22,
        "chapter": 4,
        "verse": 1,
        "text": "Que tu es belle, mon amie, que tu es belle!"
      },
      {
        "book_name": "Hooglied",
        "book": 22,
        "chapter": 4,
        "verse": 1,
        "text": "Tes yeux sont des colombes,"
      },
      {
        "book_name": "Hooglied",
        "book": 22,
        "chapter": 4,
        "verse": 1,
        "text": "#    \n        Ca 4:3; 6:7.  Derrière ton voile."
      },
      {
        "book_name": "Hooglied",
        "book": 22,
        "chapter": 4,
        "verse": 1,
        "text": "#    \n        Ca 6:5.  Tes cheveux sont comme un troupeau de chèvres,"
      },
      {
        "book_name": "Hooglied",
        "book": 22,
        "chapter": 4,
        "verse": 1,
        "text": "Suspendues aux flancs de la montagne de Galaad."
      },
      {
        "book_name": "Hooglied",
        "book": 22,
        "chapter": 4,
        "verse": 2,
        "text": "Tes dents sont comme un troupeau de brebis tondues,"
      },
      {
        "book_name": "Hooglied",
        "book": 22,
        "chapter": 4,
        "verse": 2,
        "text": "Qui remontent de l’abreuvoir;"
      },
      {
        "book_name": "Hooglied",
        "book": 22,
        "chapter": 4,
        "verse": 2,
        "text": "Toutes portent des jumeaux,"
      },
      {
        "book_name": "Hooglied",
        "book": 22,
        "chapter": 4,
        "verse": 2,
        "text": "Aucune d’elles n’est stérile."
      },
      {
        "book_name": "Hooglied",
        "book": 22,
        "chapter": 4,
        "verse": 3,
        "text": "Tes lèvres sont comme un fil cramoisi,"
      },
      {
        "book_name": "Hooglied",
        "book": 22,
        "chapter": 4,
        "verse": 3,
        "text": "#    \n        Ps 147:1. Col 4:6.  Et ta bouche est charmante;"
      },
      {
        "book_name": "Hooglied",
        "book": 22,
        "chapter": 4,
        "verse": 3,
        "text": "Ta joue est comme une moitié de grenade,"
      },
      {
        "book_name": "Hooglied",
        "book": 22,
        "chapter": 4,
        "verse": 3,
        "text": "Derrière ton voile."
      },
      {
        "book_name": "Hooglied",
        "book": 22,
        "chapter": 4,
        "verse": 4,
        "text": "#    \n        Ca 7:4.  Ton cou est comme la tour de David,"
      },
      {
        "book_name": "Hooglied",
        "book": 22,
        "chapter": 4,
        "verse": 4,
        "text": "Bâtie pour être un arsenal;"
      },
      {
        "book_name": "Hooglied",
        "book": 22,
        "chapter": 4,
        "verse": 4,
        "text": "Mille boucliers y sont suspendus,"
      },
      {
        "book_name": "Hooglied",
        "book": 22,
        "chapter": 4,
        "verse": 4,
        "text": "Tous les boucliers des héros."
      },
      {
        "book_name": "Hooglied",
        "book": 22,
        "chapter": 4,
        "verse": 5,
        "text": "#    \n        Ca 7:3.  Tes deux seins sont comme deux faons,"
      },
      {
        "book_name": "Hooglied",
        "book": 22,
        "chapter": 4,
        "verse": 5,
        "text": "Comme les jumeaux d’une gazelle,"
      },
      {
        "book_name": "Hooglied",
        "book": 22,
        "chapter": 4,
        "verse": 5,
        "text": "Qui paissent au milieu des lis."
      },
      {
        "book_name": "Hooglied",
        "book": 22,
        "chapter": 4,
        "verse": 6,
        "text": "Avant que le jour se rafraîchisse,"
      },
      {
        "book_name": "Hooglied",
        "book": 22,
        "chapter": 4,
        "verse": 6,
        "text": "Et que les ombres fuient,"
      },
      {
        "book_name": "Hooglied",
        "book": 22,
        "chapter": 4,
        "verse": 6,
        "text": "J’irai à la montagne de la myrrhe"
      },
      {
        "book_name": "Hooglied",
        "book": 22,
        "chapter": 4,
        "verse": 6,
        "text": "Et à la colline de l’encens."
      },
      {
        "book_name": "Hooglied",
        "book": 22,
        "chapter": 4,
        "verse": 7,
        "text": "Tu es toute belle, mon amie,"
      },
      {
        "book_name": "Hooglied",
        "book": 22,
        "chapter": 4,
        "verse": 7,
        "text": "Et il n’y a point en toi de défaut."
      },
      {
        "book_name": "Hooglied",
        "book": 22,
        "chapter": 4,
        "verse": 8,
        "text": "Viens avec moi du Liban, ma fiancée,"
      },
      {
        "book_name": "Hooglied",
        "book": 22,
        "chapter": 4,
        "verse": 8,
        "text": "Viens avec moi du Liban!"
      },
      {
        "book_name": "Hooglied",
        "book": 22,
        "chapter": 4,
        "verse": 8,
        "text": "Regarde du sommet de l’Amana,"
      },
      {
        "book_name": "Hooglied",
        "book": 22,
        "chapter": 4,
        "verse": 8,
        "text": "Du sommet du Senir et de l’Hermon,"
      },
      {
        "book_name": "Hooglied",
        "book": 22,
        "chapter": 4,
        "verse": 8,
        "text": "Des tanières des lions,"
      },
      {
        "book_name": "Hooglied",
        "book": 22,
        "chapter": 4,
        "verse": 8,
        "text": "Des montagnes des léopards."
      },
      {
        "book_name": "Hooglied",
        "book": 22,
        "chapter": 4,
        "verse": 9,
        "text": "Tu me ravis le cœur, ma sœur, ma fiancée,"
      },
      {
        "book_name": "Hooglied",
        "book": 22,
        "chapter": 4,
        "verse": 9,
        "text": "Tu me ravis le cœur par l’un de tes regards,"
      },
      {
        "book_name": "Hooglied",
        "book": 22,
        "chapter": 4,
        "verse": 9,
        "text": "Par l’un des colliers de ton cou."
      },
      {
        "book_name": "Hooglied",
        "book": 22,
        "chapter": 4,
        "verse": 10,
        "text": "Que de charmes dans ton amour, ma sœur, ma fiancée!"
      },
      {
        "book_name": "Hooglied",
        "book": 22,
        "chapter": 4,
        "verse": 10,
        "text": "Comme ton amour vaut mieux que le vin,"
      },
      {
        "book_name": "Hooglied",
        "book": 22,
        "chapter": 4,
        "verse": 10,
        "text": "Et combien tes parfums sont plus suaves que tous les aromates!"
      },
      {
        "book_name": "Hooglied",
        "book": 22,
        "chapter": 4,
        "verse": 11,
        "text": "Tes lèvres distillent le miel, ma fiancée;"
      },
      {
        "book_name": "Hooglied",
        "book": 22,
        "chapter": 4,
        "verse": 11,
        "text": "Il y a sous ta langue du miel et du lait,"
      },
      {
        "book_name": "Hooglied",
        "book": 22,
        "chapter": 4,
        "verse": 11,
        "text": "Et l’odeur de tes vêtements est comme l’odeur du Liban."
      },
      {
        "book_name": "Hooglied",
        "book": 22,
        "chapter": 4,
        "verse": 12,
        "text": "Tu es un jardin fermé, ma sœur, ma fiancée,"
      },
      {
        "book_name": "Hooglied",
        "book": 22,
        "chapter": 4,
        "verse": 12,
        "text": "Une source fermée, une fontaine scellée."
      },
      {
        "book_name": "Hooglied",
        "book": 22,
        "chapter": 4,
        "verse": 13,
        "text": "Tes jets forment un jardin, où sont des grenadiers,"
      },
      {
        "book_name": "Hooglied",
        "book": 22,
        "chapter": 4,
        "verse": 13,
        "text": "Avec les fruits les plus excellents,"
      },
      {
        "book_name": "Hooglied",
        "book": 22,
        "chapter": 4,
        "verse": 13,
        "text": "Les troënes avec le nard;"
      },
      {
        "book_name": "Hooglied",
        "book": 22,
        "chapter": 4,
        "verse": 14,
        "text": "Le nard et le safran, le roseau aromatique et le cinnamome,"
      },
      {
        "book_name": "Hooglied",
        "book": 22,
        "chapter": 4,
        "verse": 14,
        "text": "Avec tous les arbres qui donnent l’encens;"
      },
      {
        "book_name": "Hooglied",
        "book": 22,
        "chapter": 4,
        "verse": 14,
        "text": "La myrrhe et l’aloès,"
      },
      {
        "book_name": "Hooglied",
        "book": 22,
        "chapter": 4,
        "verse": 14,
        "text": "Avec tous les principaux aromates;"
      },
      {
        "book_name": "Hooglied",
        "book": 22,
        "chapter": 4,
        "verse": 15,
        "text": "Une fontaine des jardins,"
      },
      {
        "book_name": "Hooglied",
        "book": 22,
        "chapter": 4,
        "verse": 15,
        "text": "Une source d’eaux vives,"
      },
      {
        "book_name": "Hooglied",
        "book": 22,
        "chapter": 4,
        "verse": 15,
        "text": "Des ruisseaux du Liban."
      },
      {
        "book_name": "Hooglied",
        "book": 22,
        "chapter": 4,
        "verse": 16,
        "text": "Lève-toi, aquilon! Viens, autan!"
      },
      {
        "book_name": "Hooglied",
        "book": 22,
        "chapter": 4,
        "verse": 16,
        "text": "Soufflez sur mon jardin, et que les parfums s’en exhalent!"
      },
      {
        "book_name": "Hooglied",
        "book": 22,
        "chapter": 4,
        "verse": 16,
        "text": "Que mon bien-aimé entre dans son jardin,"
      },
      {
        "book_name": "Hooglied",
        "book": 22,
        "chapter": 4,
        "verse": 16,
        "text": "Et qu’il mange de ses fruits excellents!"
      }
    ],
    "5": [
      {
        "book_name": "Hooglied",
        "book": 22,
        "chapter": 5,
        "verse": 1,
        "text": "1J’entre dans mon jardin, ma sœur, ma fiancée;Je cueille ma myrrhe avec mes aromates,Je mange mon rayon de miel avec mon miel,Je bois mon vin avec mon lait…Mangez, #És 41:8. Ja 2:23.amis, buvez, enivrez-vous d’amour!5 v. 2 à 6 v. 3: cf. (Ap 3:20. 2 Co 7:10.) Ca 3:1-4.  2J’étais endormie, mais mon cœur veillait…C’est la voix de mon bien-aimé, qui frappe:Ouvre-moi, ma sœur, mon amie,Ma colombe, ma parfaite!Car ma tête est couverte de rosée,Mes boucles sont pleines des gouttes de la nuit.  3J’ai ôté ma tunique; comment la remettrais-je?J’ai lavé mes pieds; comment les salirais-je?  4Mon bien-aimé a passé la main par la fenêtre,Et mes entrailles se sont émues pour lui.  5Je me suis levée pour ouvrir à mon bien-aimé;Et de mes mains a dégoutté la myrrhe,De mes doigts, la myrrhe répandueSur la poignée du verrou.  6J’ai ouvert à mon bien-aimé;Mais mon bien-aimé s’en était allé, il avait disparu.J’étais hors de moi, quand il me parlait.  #    \n        Ca 3:1.  Je l’ai cherché, et je ne l’ai point trouvé;Je l’ai appelé, et il ne m’a point répondu.  7Les gardes qui font la ronde dans la ville m’ont rencontrée;Ils m’ont frappée, ils m’ont blessée;Ils m’ont enlevé mon voile, les gardes des murs.  8  #    \n        Ca 3:5.  Je vous en conjure, filles de Jérusalem,Si vous trouvez mon bien-aimé,Que lui direz-vous?…Que je suis malade d’amour.  9Qu’a ton bien-aimé de plus qu’un autre,O la plus belle des femmes?Qu’a ton bien-aimé de plus qu’un autre,Pour que tu nous conjures ainsi?  10Mon bien-aimé est blanc et vermeil;Il se distingue entre dix mille.  11Sa tête est de l’or pur;Ses boucles sont flottantes,Noires comme le corbeau.  12  #    \n        Ca 1:15; 4:1.  Ses yeux sont comme des colombes au bord des ruisseaux,Se baignant dans le lait,Reposant au sein de l’abondance.  13Ses joues sont comme un parterre d’aromates,Une couche de plantes odorantes;Ses lèvres sont des lis,D’où découle la myrrhe.  14Ses mains sont des anneaux d’or,Garnis de chrysolithes;Son corps est de l’ivoire poli,Couvert de saphirs;  15Ses jambes sont des colonnes de marbre blanc,Posées sur des bases d’or pur.Son aspect est comme le Liban,Distingué comme les cèdres.  16Son palais n’est que douceur,Et toute sa personne est pleine de charme.Tel est mon bien-aimé, tel est mon ami,Filles de Jérusalem!"
      },
      {
        "book_name": "Hooglied",
        "book": 22,
        "chapter": 5,
        "verse": 1,
        "text": "J’entre dans mon jardin, ma sœur, ma fiancée;"
      },
      {
        "book_name": "Hooglied",
        "book": 22,
        "chapter": 5,
        "verse": 1,
        "text": "Je cueille ma myrrhe avec mes aromates,"
      },
      {
        "book_name": "Hooglied",
        "book": 22,
        "chapter": 5,
        "verse": 1,
        "text": "Je mange mon rayon de miel avec mon miel,"
      },
      {
        "book_name": "Hooglied",
        "book": 22,
        "chapter": 5,
        "verse": 1,
        "text": "Je bois mon vin avec mon lait…"
      },
      {
        "book_name": "Hooglied",
        "book": 22,
        "chapter": 5,
        "verse": 1,
        "text": "Mangez, #És 41:8. Ja 2:23.amis, buvez, enivrez-vous d’amour!"
      },
      {
        "book_name": "Hooglied",
        "book": 22,
        "chapter": 5,
        "verse": 2,
        "text": "J’étais endormie, mais mon cœur veillait…"
      },
      {
        "book_name": "Hooglied",
        "book": 22,
        "chapter": 5,
        "verse": 2,
        "text": "C’est la voix de mon bien-aimé, qui frappe:"
      },
      {
        "book_name": "Hooglied",
        "book": 22,
        "chapter": 5,
        "verse": 2,
        "text": "Ouvre-moi, ma sœur, mon amie,"
      },
      {
        "book_name": "Hooglied",
        "book": 22,
        "chapter": 5,
        "verse": 2,
        "text": "Ma colombe, ma parfaite!"
      },
      {
        "book_name": "Hooglied",
        "book": 22,
        "chapter": 5,
        "verse": 2,
        "text": "Car ma tête est couverte de rosée,"
      },
      {
        "book_name": "Hooglied",
        "book": 22,
        "chapter": 5,
        "verse": 2,
        "text": "Mes boucles sont pleines des gouttes de la nuit."
      },
      {
        "book_name": "Hooglied",
        "book": 22,
        "chapter": 5,
        "verse": 3,
        "text": "J’ai ôté ma tunique; comment la remettrais-je?"
      },
      {
        "book_name": "Hooglied",
        "book": 22,
        "chapter": 5,
        "verse": 3,
        "text": "J’ai lavé mes pieds; comment les salirais-je?"
      },
      {
        "book_name": "Hooglied",
        "book": 22,
        "chapter": 5,
        "verse": 4,
        "text": "Mon bien-aimé a passé la main par la fenêtre,"
      },
      {
        "book_name": "Hooglied",
        "book": 22,
        "chapter": 5,
        "verse": 4,
        "text": "Et mes entrailles se sont émues pour lui."
      },
      {
        "book_name": "Hooglied",
        "book": 22,
        "chapter": 5,
        "verse": 5,
        "text": "Je me suis levée pour ouvrir à mon bien-aimé;"
      },
      {
        "book_name": "Hooglied",
        "book": 22,
        "chapter": 5,
        "verse": 5,
        "text": "Et de mes mains a dégoutté la myrrhe,"
      },
      {
        "book_name": "Hooglied",
        "book": 22,
        "chapter": 5,
        "verse": 5,
        "text": "De mes doigts, la myrrhe répandue"
      },
      {
        "book_name": "Hooglied",
        "book": 22,
        "chapter": 5,
        "verse": 5,
        "text": "Sur la poignée du verrou."
      },
      {
        "book_name": "Hooglied",
        "book": 22,
        "chapter": 5,
        "verse": 6,
        "text": "J’ai ouvert à mon bien-aimé;"
      },
      {
        "book_name": "Hooglied",
        "book": 22,
        "chapter": 5,
        "verse": 6,
        "text": "Mais mon bien-aimé s’en était allé, il avait disparu."
      },
      {
        "book_name": "Hooglied",
        "book": 22,
        "chapter": 5,
        "verse": 6,
        "text": "J’étais hors de moi, quand il me parlait."
      },
      {
        "book_name": "Hooglied",
        "book": 22,
        "chapter": 5,
        "verse": 6,
        "text": "#    \n        Ca 3:1.  Je l’ai cherché, et je ne l’ai point trouvé;"
      },
      {
        "book_name": "Hooglied",
        "book": 22,
        "chapter": 5,
        "verse": 6,
        "text": "Je l’ai appelé, et il ne m’a point répondu."
      },
      {
        "book_name": "Hooglied",
        "book": 22,
        "chapter": 5,
        "verse": 7,
        "text": "Les gardes qui font la ronde dans la ville m’ont rencontrée;"
      },
      {
        "book_name": "Hooglied",
        "book": 22,
        "chapter": 5,
        "verse": 7,
        "text": "Ils m’ont frappée, ils m’ont blessée;"
      },
      {
        "book_name": "Hooglied",
        "book": 22,
        "chapter": 5,
        "verse": 7,
        "text": "Ils m’ont enlevé mon voile, les gardes des murs."
      },
      {
        "book_name": "Hooglied",
        "book": 22,
        "chapter": 5,
        "verse": 8,
        "text": "#    \n        Ca 3:5.  Je vous en conjure, filles de Jérusalem,"
      },
      {
        "book_name": "Hooglied",
        "book": 22,
        "chapter": 5,
        "verse": 8,
        "text": "Si vous trouvez mon bien-aimé,"
      },
      {
        "book_name": "Hooglied",
        "book": 22,
        "chapter": 5,
        "verse": 8,
        "text": "Que lui direz-vous?…"
      },
      {
        "book_name": "Hooglied",
        "book": 22,
        "chapter": 5,
        "verse": 8,
        "text": "Que je suis malade d’amour."
      },
      {
        "book_name": "Hooglied",
        "book": 22,
        "chapter": 5,
        "verse": 9,
        "text": "Qu’a ton bien-aimé de plus qu’un autre,"
      },
      {
        "book_name": "Hooglied",
        "book": 22,
        "chapter": 5,
        "verse": 9,
        "text": "O la plus belle des femmes?"
      },
      {
        "book_name": "Hooglied",
        "book": 22,
        "chapter": 5,
        "verse": 9,
        "text": "Qu’a ton bien-aimé de plus qu’un autre,"
      },
      {
        "book_name": "Hooglied",
        "book": 22,
        "chapter": 5,
        "verse": 9,
        "text": "Pour que tu nous conjures ainsi?"
      },
      {
        "book_name": "Hooglied",
        "book": 22,
        "chapter": 5,
        "verse": 10,
        "text": "Mon bien-aimé est blanc et vermeil;"
      },
      {
        "book_name": "Hooglied",
        "book": 22,
        "chapter": 5,
        "verse": 10,
        "text": "Il se distingue entre dix mille."
      },
      {
        "book_name": "Hooglied",
        "book": 22,
        "chapter": 5,
        "verse": 11,
        "text": "Sa tête est de l’or pur;"
      },
      {
        "book_name": "Hooglied",
        "book": 22,
        "chapter": 5,
        "verse": 11,
        "text": "Ses boucles sont flottantes,"
      },
      {
        "book_name": "Hooglied",
        "book": 22,
        "chapter": 5,
        "verse": 11,
        "text": "Noires comme le corbeau."
      },
      {
        "book_name": "Hooglied",
        "book": 22,
        "chapter": 5,
        "verse": 12,
        "text": "#    \n        Ca 1:15; 4:1.  Ses yeux sont comme des colombes au bord des ruisseaux,"
      },
      {
        "book_name": "Hooglied",
        "book": 22,
        "chapter": 5,
        "verse": 12,
        "text": "Se baignant dans le lait,"
      },
      {
        "book_name": "Hooglied",
        "book": 22,
        "chapter": 5,
        "verse": 12,
        "text": "Reposant au sein de l’abondance."
      },
      {
        "book_name": "Hooglied",
        "book": 22,
        "chapter": 5,
        "verse": 13,
        "text": "Ses joues sont comme un parterre d’aromates,"
      },
      {
        "book_name": "Hooglied",
        "book": 22,
        "chapter": 5,
        "verse": 13,
        "text": "Une couche de plantes odorantes;"
      },
      {
        "book_name": "Hooglied",
        "book": 22,
        "chapter": 5,
        "verse": 13,
        "text": "Ses lèvres sont des lis,"
      },
      {
        "book_name": "Hooglied",
        "book": 22,
        "chapter": 5,
        "verse": 13,
        "text": "D’où découle la myrrhe."
      },
      {
        "book_name": "Hooglied",
        "book": 22,
        "chapter": 5,
        "verse": 14,
        "text": "Ses mains sont des anneaux d’or,"
      },
      {
        "book_name": "Hooglied",
        "book": 22,
        "chapter": 5,
        "verse": 14,
        "text": "Garnis de chrysolithes;"
      },
      {
        "book_name": "Hooglied",
        "book": 22,
        "chapter": 5,
        "verse": 14,
        "text": "Son corps est de l’ivoire poli,"
      },
      {
        "book_name": "Hooglied",
        "book": 22,
        "chapter": 5,
        "verse": 14,
        "text": "Couvert de saphirs;"
      },
      {
        "book_name": "Hooglied",
        "book": 22,
        "chapter": 5,
        "verse": 15,
        "text": "Ses jambes sont des colonnes de marbre blanc,"
      },
      {
        "book_name": "Hooglied",
        "book": 22,
        "chapter": 5,
        "verse": 15,
        "text": "Posées sur des bases d’or pur."
      },
      {
        "book_name": "Hooglied",
        "book": 22,
        "chapter": 5,
        "verse": 15,
        "text": "Son aspect est comme le Liban,"
      },
      {
        "book_name": "Hooglied",
        "book": 22,
        "chapter": 5,
        "verse": 15,
        "text": "Distingué comme les cèdres."
      },
      {
        "book_name": "Hooglied",
        "book": 22,
        "chapter": 5,
        "verse": 16,
        "text": "Son palais n’est que douceur,"
      },
      {
        "book_name": "Hooglied",
        "book": 22,
        "chapter": 5,
        "verse": 16,
        "text": "Et toute sa personne est pleine de charme."
      },
      {
        "book_name": "Hooglied",
        "book": 22,
        "chapter": 5,
        "verse": 16,
        "text": "Tel est mon bien-aimé, tel est mon ami,"
      },
      {
        "book_name": "Hooglied",
        "book": 22,
        "chapter": 5,
        "verse": 16,
        "text": "Filles de Jérusalem!"
      }
    ],
    "6": [
      {
        "book_name": "Hooglied",
        "book": 22,
        "chapter": 6,
        "verse": 1,
        "text": "1Où est allé ton bien-aimé,O la plus belle des femmes?De quel côté ton bien-aimé s’est-il dirigé?Nous le chercherons avec toi.  2Mon bien-aimé est descendu à son jardin,Au parterre d’aromates,Pour faire paître son troupeau dans les jardins,Et pour cueillir des lis.  3Je suis à mon bien-aimé, et mon bien-aimé est à moi;Il fait paître son troupeau parmi les lis.6 v. 4 à 7 v. 1: cf. Ca 4:1-11; 8:10.  4  #    \n        Ps 45:12. Ca 1:15; 4:1.  Tu es belle, mon amie, comme Thirtsa,Agréable comme Jérusalem,Mais terrible comme des troupes sous leurs bannières.  5Détourne de moi tes yeux, car ils me troublent.Tes cheveux sont comme un troupeau de chèvres,Suspendues aux flancs de Galaad.  6Tes dents sont comme un troupeau de brebis,Qui remontent de l’abreuvoir;Toutes portent des jumeaux,Aucune d’elles n’est stérile.  7Ta joue est comme une moitié de grenade,Derrière ton voile…  8Il y a soixante reines, quatre-vingts concubines,Et des jeunes filles sans nombre.  9Une seule est ma colombe, ma parfaite;Elle est l’unique de sa mère,La préférée de celle qui lui donna le jour.Les jeunes filles la voient, et la disent heureuse;Les reines et les concubines aussi, et elles la louent.  10Qui est celle qui apparaît comme l’aurore,Belle comme la lune, pure comme le soleil,Mais terrible comme des troupes sous leurs bannières?  11Je suis descendue au jardin des noyers,Pour voir la verdure de la vallée,Pour voir si la vigne pousse,Si les grenadiers fleurissent.  12Je ne sais, mais mon désir m’a rendue semblableAux chars de mon #Ps 110:3.noble peuple."
      },
      {
        "book_name": "Hooglied",
        "book": 22,
        "chapter": 6,
        "verse": 1,
        "text": "Où est allé ton bien-aimé,"
      },
      {
        "book_name": "Hooglied",
        "book": 22,
        "chapter": 6,
        "verse": 1,
        "text": "O la plus belle des femmes?"
      },
      {
        "book_name": "Hooglied",
        "book": 22,
        "chapter": 6,
        "verse": 1,
        "text": "De quel côté ton bien-aimé s’est-il dirigé?"
      },
      {
        "book_name": "Hooglied",
        "book": 22,
        "chapter": 6,
        "verse": 1,
        "text": "Nous le chercherons avec toi."
      },
      {
        "book_name": "Hooglied",
        "book": 22,
        "chapter": 6,
        "verse": 2,
        "text": "Mon bien-aimé est descendu à son jardin,"
      },
      {
        "book_name": "Hooglied",
        "book": 22,
        "chapter": 6,
        "verse": 2,
        "text": "Au parterre d’aromates,"
      },
      {
        "book_name": "Hooglied",
        "book": 22,
        "chapter": 6,
        "verse": 2,
        "text": "Pour faire paître son troupeau dans les jardins,"
      },
      {
        "book_name": "Hooglied",
        "book": 22,
        "chapter": 6,
        "verse": 2,
        "text": "Et pour cueillir des lis."
      },
      {
        "book_name": "Hooglied",
        "book": 22,
        "chapter": 6,
        "verse": 3,
        "text": "Je suis à mon bien-aimé, et mon bien-aimé est à moi;"
      },
      {
        "book_name": "Hooglied",
        "book": 22,
        "chapter": 6,
        "verse": 3,
        "text": "Il fait paître son troupeau parmi les lis."
      },
      {
        "book_name": "Hooglied",
        "book": 22,
        "chapter": 6,
        "verse": 4,
        "text": "#    \n        Ps 45:12. Ca 1:15; 4:1.  Tu es belle, mon amie, comme Thirtsa,"
      },
      {
        "book_name": "Hooglied",
        "book": 22,
        "chapter": 6,
        "verse": 4,
        "text": "Agréable comme Jérusalem,"
      },
      {
        "book_name": "Hooglied",
        "book": 22,
        "chapter": 6,
        "verse": 4,
        "text": "Mais terrible comme des troupes sous leurs bannières."
      },
      {
        "book_name": "Hooglied",
        "book": 22,
        "chapter": 6,
        "verse": 5,
        "text": "Détourne de moi tes yeux, car ils me troublent."
      },
      {
        "book_name": "Hooglied",
        "book": 22,
        "chapter": 6,
        "verse": 5,
        "text": "Tes cheveux sont comme un troupeau de chèvres,"
      },
      {
        "book_name": "Hooglied",
        "book": 22,
        "chapter": 6,
        "verse": 5,
        "text": "Suspendues aux flancs de Galaad."
      },
      {
        "book_name": "Hooglied",
        "book": 22,
        "chapter": 6,
        "verse": 6,
        "text": "Tes dents sont comme un troupeau de brebis,"
      },
      {
        "book_name": "Hooglied",
        "book": 22,
        "chapter": 6,
        "verse": 6,
        "text": "Qui remontent de l’abreuvoir;"
      },
      {
        "book_name": "Hooglied",
        "book": 22,
        "chapter": 6,
        "verse": 6,
        "text": "Toutes portent des jumeaux,"
      },
      {
        "book_name": "Hooglied",
        "book": 22,
        "chapter": 6,
        "verse": 6,
        "text": "Aucune d’elles n’est stérile."
      },
      {
        "book_name": "Hooglied",
        "book": 22,
        "chapter": 6,
        "verse": 7,
        "text": "Ta joue est comme une moitié de grenade,"
      },
      {
        "book_name": "Hooglied",
        "book": 22,
        "chapter": 6,
        "verse": 7,
        "text": "Derrière ton voile…"
      },
      {
        "book_name": "Hooglied",
        "book": 22,
        "chapter": 6,
        "verse": 8,
        "text": "Il y a soixante reines, quatre-vingts concubines,"
      },
      {
        "book_name": "Hooglied",
        "book": 22,
        "chapter": 6,
        "verse": 8,
        "text": "Et des jeunes filles sans nombre."
      },
      {
        "book_name": "Hooglied",
        "book": 22,
        "chapter": 6,
        "verse": 9,
        "text": "Une seule est ma colombe, ma parfaite;"
      },
      {
        "book_name": "Hooglied",
        "book": 22,
        "chapter": 6,
        "verse": 9,
        "text": "Elle est l’unique de sa mère,"
      },
      {
        "book_name": "Hooglied",
        "book": 22,
        "chapter": 6,
        "verse": 9,
        "text": "La préférée de celle qui lui donna le jour."
      },
      {
        "book_name": "Hooglied",
        "book": 22,
        "chapter": 6,
        "verse": 9,
        "text": "Les jeunes filles la voient, et la disent heureuse;"
      },
      {
        "book_name": "Hooglied",
        "book": 22,
        "chapter": 6,
        "verse": 9,
        "text": "Les reines et les concubines aussi, et elles la louent."
      },
      {
        "book_name": "Hooglied",
        "book": 22,
        "chapter": 6,
        "verse": 10,
        "text": "Qui est celle qui apparaît comme l’aurore,"
      },
      {
        "book_name": "Hooglied",
        "book": 22,
        "chapter": 6,
        "verse": 10,
        "text": "Belle comme la lune, pure comme le soleil,"
      },
      {
        "book_name": "Hooglied",
        "book": 22,
        "chapter": 6,
        "verse": 10,
        "text": "Mais terrible comme des troupes sous leurs bannières?"
      },
      {
        "book_name": "Hooglied",
        "book": 22,
        "chapter": 6,
        "verse": 11,
        "text": "Je suis descendue au jardin des noyers,"
      },
      {
        "book_name": "Hooglied",
        "book": 22,
        "chapter": 6,
        "verse": 11,
        "text": "Pour voir la verdure de la vallée,"
      },
      {
        "book_name": "Hooglied",
        "book": 22,
        "chapter": 6,
        "verse": 11,
        "text": "Pour voir si la vigne pousse,"
      },
      {
        "book_name": "Hooglied",
        "book": 22,
        "chapter": 6,
        "verse": 11,
        "text": "Si les grenadiers fleurissent."
      },
      {
        "book_name": "Hooglied",
        "book": 22,
        "chapter": 6,
        "verse": 12,
        "text": "Je ne sais, mais mon désir m’a rendue semblable"
      },
      {
        "book_name": "Hooglied",
        "book": 22,
        "chapter": 6,
        "verse": 12,
        "text": "Aux chars de mon #Ps 110:3.noble peuple."
      }
    ],
    "7": [
      {
        "book_name": "Hooglied",
        "book": 22,
        "chapter": 7,
        "verse": 1,
        "text": "1Reviens, reviens, Sulamithe!Reviens, reviens, afin que nous te regardions.Qu’avez-vous à regarder la SulamitheComme une danse de deux chœurs?V. 2-10: cf. Ca 4:1-11; 6:4-10.  2Que tes pieds sont beaux dans ta chaussure, fille de prince!Les contours de ta hanche sont comme des colliers,Œuvre des mains d’un artiste.  3Ton sein est une coupe arrondie,Où le vin parfumé ne manque pas;Ton corps est un tas de froment,Entouré de lis.  4  #    \n        Ca 4:5.  Tes deux seins sont comme deux faons,Comme les jumeaux d’une gazelle.  5Ton cou est comme une tour d’ivoire;Tes yeux sont comme les étangs de Hesbon,Près de la porte de Bath-Rabbim;Ton nez est comme la tour du Liban,Qui regarde du côté de Damas.  6Ta tête est élevée comme le Carmel,Et les cheveux de ta tête sont comme la pourpre;Un roi est enchaîné par des boucles!…  7  #    \n        Ps 45:12. Ca 1:15; 4:1.  Que tu es belle, que tu es agréable,O mon amour, au milieu des délices!  8Ta taille ressemble au palmier,Et tes seins à des grappes.  9Je me dis: Je monterai sur le palmier,J’en saisirai les rameaux!Que tes seins soient comme les grappes de la vigne,Le parfum de ton souffle comme celui des pommes,  10Et ta bouche comme un vin excellent,…Qui coule aisément pour mon bien-aimé,Et glisse sur les lèvres de ceux qui s’endorment!7 v. 11 à 8 v. 4: cf. Ca 2:16, 3-7.  11  #    \n        Ca 2:16; 6:3.  Je suis à mon bien-aimé,Et ses désirs se portent vers moi.  12Viens, mon bien-aimé, sortons dans les champs,Demeurons dans les villages!  13Dès le matin nous irons aux vignes,Nous verrons si la vigne pousse, si la fleur s’ouvre,Si les grenadiers fleurissent.Là je te donnerai mon amour.  14Les mandragores répandent leur parfum,Et nous avons à nos portes tous les meilleurs fruits,Nouveaux et anciens:Mon bien-aimé, je les ai gardés pour toi."
      },
      {
        "book_name": "Hooglied",
        "book": 22,
        "chapter": 7,
        "verse": 1,
        "text": "Reviens, reviens, Sulamithe!"
      },
      {
        "book_name": "Hooglied",
        "book": 22,
        "chapter": 7,
        "verse": 1,
        "text": "Reviens, reviens, afin que nous te regardions."
      },
      {
        "book_name": "Hooglied",
        "book": 22,
        "chapter": 7,
        "verse": 1,
        "text": "Qu’avez-vous à regarder la Sulamithe"
      },
      {
        "book_name": "Hooglied",
        "book": 22,
        "chapter": 7,
        "verse": 1,
        "text": "Comme une danse de deux chœurs?"
      },
      {
        "book_name": "Hooglied",
        "book": 22,
        "chapter": 7,
        "verse": 2,
        "text": "Que tes pieds sont beaux dans ta chaussure, fille de prince!"
      },
      {
        "book_name": "Hooglied",
        "book": 22,
        "chapter": 7,
        "verse": 2,
        "text": "Les contours de ta hanche sont comme des colliers,"
      },
      {
        "book_name": "Hooglied",
        "book": 22,
        "chapter": 7,
        "verse": 2,
        "text": "Œuvre des mains d’un artiste."
      },
      {
        "book_name": "Hooglied",
        "book": 22,
        "chapter": 7,
        "verse": 3,
        "text": "Ton sein est une coupe arrondie,"
      },
      {
        "book_name": "Hooglied",
        "book": 22,
        "chapter": 7,
        "verse": 3,
        "text": "Où le vin parfumé ne manque pas;"
      },
      {
        "book_name": "Hooglied",
        "book": 22,
        "chapter": 7,
        "verse": 3,
        "text": "Ton corps est un tas de froment,"
      },
      {
        "book_name": "Hooglied",
        "book": 22,
        "chapter": 7,
        "verse": 3,
        "text": "Entouré de lis."
      },
      {
        "book_name": "Hooglied",
        "book": 22,
        "chapter": 7,
        "verse": 4,
        "text": "#    \n        Ca 4:5.  Tes deux seins sont comme deux faons,"
      },
      {
        "book_name": "Hooglied",
        "book": 22,
        "chapter": 7,
        "verse": 4,
        "text": "Comme les jumeaux d’une gazelle."
      },
      {
        "book_name": "Hooglied",
        "book": 22,
        "chapter": 7,
        "verse": 5,
        "text": "Ton cou est comme une tour d’ivoire;"
      },
      {
        "book_name": "Hooglied",
        "book": 22,
        "chapter": 7,
        "verse": 5,
        "text": "Tes yeux sont comme les étangs de Hesbon,"
      },
      {
        "book_name": "Hooglied",
        "book": 22,
        "chapter": 7,
        "verse": 5,
        "text": "Près de la porte de Bath-Rabbim;"
      },
      {
        "book_name": "Hooglied",
        "book": 22,
        "chapter": 7,
        "verse": 5,
        "text": "Ton nez est comme la tour du Liban,"
      },
      {
        "book_name": "Hooglied",
        "book": 22,
        "chapter": 7,
        "verse": 5,
        "text": "Qui regarde du côté de Damas."
      },
      {
        "book_name": "Hooglied",
        "book": 22,
        "chapter": 7,
        "verse": 6,
        "text": "Ta tête est élevée comme le Carmel,"
      },
      {
        "book_name": "Hooglied",
        "book": 22,
        "chapter": 7,
        "verse": 6,
        "text": "Et les cheveux de ta tête sont comme la pourpre;"
      },
      {
        "book_name": "Hooglied",
        "book": 22,
        "chapter": 7,
        "verse": 6,
        "text": "Un roi est enchaîné par des boucles!…"
      },
      {
        "book_name": "Hooglied",
        "book": 22,
        "chapter": 7,
        "verse": 7,
        "text": "#    \n        Ps 45:12. Ca 1:15; 4:1.  Que tu es belle, que tu es agréable,"
      },
      {
        "book_name": "Hooglied",
        "book": 22,
        "chapter": 7,
        "verse": 7,
        "text": "O mon amour, au milieu des délices!"
      },
      {
        "book_name": "Hooglied",
        "book": 22,
        "chapter": 7,
        "verse": 8,
        "text": "Ta taille ressemble au palmier,"
      },
      {
        "book_name": "Hooglied",
        "book": 22,
        "chapter": 7,
        "verse": 8,
        "text": "Et tes seins à des grappes."
      },
      {
        "book_name": "Hooglied",
        "book": 22,
        "chapter": 7,
        "verse": 9,
        "text": "Je me dis: Je monterai sur le palmier,"
      },
      {
        "book_name": "Hooglied",
        "book": 22,
        "chapter": 7,
        "verse": 9,
        "text": "J’en saisirai les rameaux!"
      },
      {
        "book_name": "Hooglied",
        "book": 22,
        "chapter": 7,
        "verse": 9,
        "text": "Que tes seins soient comme les grappes de la vigne,"
      },
      {
        "book_name": "Hooglied",
        "book": 22,
        "chapter": 7,
        "verse": 9,
        "text": "Le parfum de ton souffle comme celui des pommes,"
      },
      {
        "book_name": "Hooglied",
        "book": 22,
        "chapter": 7,
        "verse": 10,
        "text": "Et ta bouche comme un vin excellent,…"
      },
      {
        "book_name": "Hooglied",
        "book": 22,
        "chapter": 7,
        "verse": 10,
        "text": "Qui coule aisément pour mon bien-aimé,"
      },
      {
        "book_name": "Hooglied",
        "book": 22,
        "chapter": 7,
        "verse": 10,
        "text": "Et glisse sur les lèvres de ceux qui s’endorment!"
      },
      {
        "book_name": "Hooglied",
        "book": 22,
        "chapter": 7,
        "verse": 11,
        "text": "#    \n        Ca 2:16; 6:3.  Je suis à mon bien-aimé,"
      },
      {
        "book_name": "Hooglied",
        "book": 22,
        "chapter": 7,
        "verse": 11,
        "text": "Et ses désirs se portent vers moi."
      },
      {
        "book_name": "Hooglied",
        "book": 22,
        "chapter": 7,
        "verse": 12,
        "text": "Viens, mon bien-aimé, sortons dans les champs,"
      },
      {
        "book_name": "Hooglied",
        "book": 22,
        "chapter": 7,
        "verse": 12,
        "text": "Demeurons dans les villages!"
      },
      {
        "book_name": "Hooglied",
        "book": 22,
        "chapter": 7,
        "verse": 13,
        "text": "Dès le matin nous irons aux vignes,"
      },
      {
        "book_name": "Hooglied",
        "book": 22,
        "chapter": 7,
        "verse": 13,
        "text": "Nous verrons si la vigne pousse, si la fleur s’ouvre,"
      },
      {
        "book_name": "Hooglied",
        "book": 22,
        "chapter": 7,
        "verse": 13,
        "text": "Si les grenadiers fleurissent."
      },
      {
        "book_name": "Hooglied",
        "book": 22,
        "chapter": 7,
        "verse": 13,
        "text": "Là je te donnerai mon amour."
      },
      {
        "book_name": "Hooglied",
        "book": 22,
        "chapter": 7,
        "verse": 14,
        "text": "Les mandragores répandent leur parfum,"
      },
      {
        "book_name": "Hooglied",
        "book": 22,
        "chapter": 7,
        "verse": 14,
        "text": "Et nous avons à nos portes tous les meilleurs fruits,"
      },
      {
        "book_name": "Hooglied",
        "book": 22,
        "chapter": 7,
        "verse": 14,
        "text": "Nouveaux et anciens:"
      },
      {
        "book_name": "Hooglied",
        "book": 22,
        "chapter": 7,
        "verse": 14,
        "text": "Mon bien-aimé, je les ai gardés pour toi."
      }
    ],
    "8": [
      {
        "book_name": "Hooglied",
        "book": 22,
        "chapter": 8,
        "verse": 1,
        "text": "1Oh! Que n’es-tu mon frère,Allaité des mamelles de ma mère!Je te rencontrerais dehors, je t’embrasserais,Et l’on ne me mépriserait pas.  2Je veux te conduire, t’amener à la maison de ma mère;Tu me donneras tes instructions,Et je te ferai boire du vin parfumé,Du moût de mes grenades.  3  #    \n        Ca 2:6.  Que sa main gauche soit sous ma tête,Et que sa droite m’embrasse!  4  #    \n        Ca 2:7; 3:5.  Je vous en conjure, filles de Jérusalem,Ne réveillez pas, ne réveillez pas l’amour,Avant qu’elle le veuille.V. 5-7: cf. (Ex 28:29, 30. Ro 8:35-39.) 1 Co 13:8.  5Qui est celle qui monte du désert,Appuyée sur son bien-aimé?Je t’ai réveillée sous le pommier;Là ta mère t’a enfantée,C’est là qu’elle t’a enfantée, qu’elle t’a donné le jour.  6Mets-moi comme un sceau sur ton cœur,Comme un sceau sur ton bras;Car l’amour est fort comme la mort,La jalousie est inflexible comme le séjour des morts;Ses ardeurs sont des ardeurs de feu,Une flamme de l’Éternel.  7  #    Ro 8:38, etc.  Les grandes eaux ne peuvent éteindre l’amour,Et les fleuves ne le submergeraient pas;Quand un homme offrirait tous les biens de sa maison contre l’amour,Il ne s’attirerait que le mépris.V. 8-14: cf. (Ru 2:11-13; 3:1, 10, 11.) Ca 2:14, 17.  8Nous avons une petite sœur,Qui n’a point encore de mamelles;Que ferons-nous de notre sœur,Le jour où on la recherchera?  9Si elle est un mur,Nous bâtirons sur elle des créneaux d’argent;Si elle est une porte,Nous la fermerons avec une planche de cèdre.  10Je suis un mur,Et mes seins sont comme des tours;J’ai été à ses yeux comme celle qui trouve la paix.  11Salomon avait une vigne à Baal-Hamon;Il remit la vigne à des gardiens;Chacun apportait pour son fruit mille sicles d’argent.  12Ma vigne, qui est à moi, je la garde.A toi, Salomon, les mille sicles,Et deux cents à ceux qui gardent le fruit!  13Habitante des jardins!Des amis prêtent l’oreille à ta voix.Daigne me la faire entendre!  14  #    \n        Ap 22:17, 20.  Fuis, mon bien-aimé!Sois semblable à la gazelle ou au faon des biches,Sur les montagnes des aromates!"
      },
      {
        "book_name": "Hooglied",
        "book": 22,
        "chapter": 8,
        "verse": 1,
        "text": "Oh! Que n’es-tu mon frère,"
      },
      {
        "book_name": "Hooglied",
        "book": 22,
        "chapter": 8,
        "verse": 1,
        "text": "Allaité des mamelles de ma mère!"
      },
      {
        "book_name": "Hooglied",
        "book": 22,
        "chapter": 8,
        "verse": 1,
        "text": "Je te rencontrerais dehors, je t’embrasserais,"
      },
      {
        "book_name": "Hooglied",
        "book": 22,
        "chapter": 8,
        "verse": 1,
        "text": "Et l’on ne me mépriserait pas."
      },
      {
        "book_name": "Hooglied",
        "book": 22,
        "chapter": 8,
        "verse": 2,
        "text": "Je veux te conduire, t’amener à la maison de ma mère;"
      },
      {
        "book_name": "Hooglied",
        "book": 22,
        "chapter": 8,
        "verse": 2,
        "text": "Tu me donneras tes instructions,"
      },
      {
        "book_name": "Hooglied",
        "book": 22,
        "chapter": 8,
        "verse": 2,
        "text": "Et je te ferai boire du vin parfumé,"
      },
      {
        "book_name": "Hooglied",
        "book": 22,
        "chapter": 8,
        "verse": 2,
        "text": "Du moût de mes grenades."
      },
      {
        "book_name": "Hooglied",
        "book": 22,
        "chapter": 8,
        "verse": 3,
        "text": "#    \n        Ca 2:6.  Que sa main gauche soit sous ma tête,"
      },
      {
        "book_name": "Hooglied",
        "book": 22,
        "chapter": 8,
        "verse": 3,
        "text": "Et que sa droite m’embrasse!"
      },
      {
        "book_name": "Hooglied",
        "book": 22,
        "chapter": 8,
        "verse": 4,
        "text": "#    \n        Ca 2:7; 3:5.  Je vous en conjure, filles de Jérusalem,"
      },
      {
        "book_name": "Hooglied",
        "book": 22,
        "chapter": 8,
        "verse": 4,
        "text": "Ne réveillez pas, ne réveillez pas l’amour,"
      },
      {
        "book_name": "Hooglied",
        "book": 22,
        "chapter": 8,
        "verse": 4,
        "text": "Avant qu’elle le veuille."
      },
      {
        "book_name": "Hooglied",
        "book": 22,
        "chapter": 8,
        "verse": 5,
        "text": "Qui est celle qui monte du désert,"
      },
      {
        "book_name": "Hooglied",
        "book": 22,
        "chapter": 8,
        "verse": 5,
        "text": "Appuyée sur son bien-aimé?"
      },
      {
        "book_name": "Hooglied",
        "book": 22,
        "chapter": 8,
        "verse": 5,
        "text": "Je t’ai réveillée sous le pommier;"
      },
      {
        "book_name": "Hooglied",
        "book": 22,
        "chapter": 8,
        "verse": 5,
        "text": "Là ta mère t’a enfantée,"
      },
      {
        "book_name": "Hooglied",
        "book": 22,
        "chapter": 8,
        "verse": 5,
        "text": "C’est là qu’elle t’a enfantée, qu’elle t’a donné le jour."
      },
      {
        "book_name": "Hooglied",
        "book": 22,
        "chapter": 8,
        "verse": 6,
        "text": "Mets-moi comme un sceau sur ton cœur,"
      },
      {
        "book_name": "Hooglied",
        "book": 22,
        "chapter": 8,
        "verse": 6,
        "text": "Comme un sceau sur ton bras;"
      },
      {
        "book_name": "Hooglied",
        "book": 22,
        "chapter": 8,
        "verse": 6,
        "text": "Car l’amour est fort comme la mort,"
      },
      {
        "book_name": "Hooglied",
        "book": 22,
        "chapter": 8,
        "verse": 6,
        "text": "La jalousie est inflexible comme le séjour des morts;"
      },
      {
        "book_name": "Hooglied",
        "book": 22,
        "chapter": 8,
        "verse": 6,
        "text": "Ses ardeurs sont des ardeurs de feu,"
      },
      {
        "book_name": "Hooglied",
        "book": 22,
        "chapter": 8,
        "verse": 6,
        "text": "Une flamme de l’Éternel."
      },
      {
        "book_name": "Hooglied",
        "book": 22,
        "chapter": 8,
        "verse": 7,
        "text": "#    Ro 8:38, etc.  Les grandes eaux ne peuvent éteindre l’amour,"
      },
      {
        "book_name": "Hooglied",
        "book": 22,
        "chapter": 8,
        "verse": 7,
        "text": "Et les fleuves ne le submergeraient pas;"
      },
      {
        "book_name": "Hooglied",
        "book": 22,
        "chapter": 8,
        "verse": 7,
        "text": "Quand un homme offrirait tous les biens de sa maison contre l’amour,"
      },
      {
        "book_name": "Hooglied",
        "book": 22,
        "chapter": 8,
        "verse": 7,
        "text": "Il ne s’attirerait que le mépris."
      },
      {
        "book_name": "Hooglied",
        "book": 22,
        "chapter": 8,
        "verse": 8,
        "text": "Nous avons une petite sœur,"
      },
      {
        "book_name": "Hooglied",
        "book": 22,
        "chapter": 8,
        "verse": 8,
        "text": "Qui n’a point encore de mamelles;"
      },
      {
        "book_name": "Hooglied",
        "book": 22,
        "chapter": 8,
        "verse": 8,
        "text": "Que ferons-nous de notre sœur,"
      },
      {
        "book_name": "Hooglied",
        "book": 22,
        "chapter": 8,
        "verse": 8,
        "text": "Le jour où on la recherchera?"
      },
      {
        "book_name": "Hooglied",
        "book": 22,
        "chapter": 8,
        "verse": 9,
        "text": "Si elle est un mur,"
      },
      {
        "book_name": "Hooglied",
        "book": 22,
        "chapter": 8,
        "verse": 9,
        "text": "Nous bâtirons sur elle des créneaux d’argent;"
      },
      {
        "book_name": "Hooglied",
        "book": 22,
        "chapter": 8,
        "verse": 9,
        "text": "Si elle est une porte,"
      },
      {
        "book_name": "Hooglied",
        "book": 22,
        "chapter": 8,
        "verse": 9,
        "text": "Nous la fermerons avec une planche de cèdre."
      },
      {
        "book_name": "Hooglied",
        "book": 22,
        "chapter": 8,
        "verse": 10,
        "text": "Je suis un mur,"
      },
      {
        "book_name": "Hooglied",
        "book": 22,
        "chapter": 8,
        "verse": 10,
        "text": "Et mes seins sont comme des tours;"
      },
      {
        "book_name": "Hooglied",
        "book": 22,
        "chapter": 8,
        "verse": 10,
        "text": "J’ai été à ses yeux comme celle qui trouve la paix."
      },
      {
        "book_name": "Hooglied",
        "book": 22,
        "chapter": 8,
        "verse": 11,
        "text": "Salomon avait une vigne à Baal-Hamon;"
      },
      {
        "book_name": "Hooglied",
        "book": 22,
        "chapter": 8,
        "verse": 11,
        "text": "Il remit la vigne à des gardiens;"
      },
      {
        "book_name": "Hooglied",
        "book": 22,
        "chapter": 8,
        "verse": 11,
        "text": "Chacun apportait pour son fruit mille sicles d’argent."
      },
      {
        "book_name": "Hooglied",
        "book": 22,
        "chapter": 8,
        "verse": 12,
        "text": "Ma vigne, qui est à moi, je la garde."
      },
      {
        "book_name": "Hooglied",
        "book": 22,
        "chapter": 8,
        "verse": 12,
        "text": "A toi, Salomon, les mille sicles,"
      },
      {
        "book_name": "Hooglied",
        "book": 22,
        "chapter": 8,
        "verse": 12,
        "text": "Et deux cents à ceux qui gardent le fruit!"
      },
      {
        "book_name": "Hooglied",
        "book": 22,
        "chapter": 8,
        "verse": 13,
        "text": "Habitante des jardins!"
      },
      {
        "book_name": "Hooglied",
        "book": 22,
        "chapter": 8,
        "verse": 13,
        "text": "Des amis prêtent l’oreille à ta voix."
      },
      {
        "book_name": "Hooglied",
        "book": 22,
        "chapter": 8,
        "verse": 13,
        "text": "Daigne me la faire entendre!"
      },
      {
        "book_name": "Hooglied",
        "book": 22,
        "chapter": 8,
        "verse": 14,
        "text": "#    \n        Ap 22:17, 20.  Fuis, mon bien-aimé!"
      },
      {
        "book_name": "Hooglied",
        "book": 22,
        "chapter": 8,
        "verse": 14,
        "text": "Sois semblable à la gazelle ou au faon des biches,"
      },
      {
        "book_name": "Hooglied",
        "book": 22,
        "chapter": 8,
        "verse": 14,
        "text": "Sur les montagnes des aromates!"
      }
    ]
  }
}