{
  "source": "bible.com",
  "version": "Luis Segond (1910)",
  "book": "Titus",
  "chapters": {
    "1": [
      {
        "book_name": "Titus",
        "book": 56,
        "chapter": 1,
        "verse": 1,
        "text": "Adresse et salutationV. 1-4: cf. 1 Ti 1:1, 2. 2 Pi 1:1-4.  1Paul, serviteur de Dieu, et apôtre de Jésus-Christ pour la foi des élus de Dieu et la connaissance de la vérité qui est selon la piété, 2lesquelles reposent sur l’espérance de la vie éternelle, promise #No 23:19. 2 Ti 2:13.dès les plus anciens temps par le Dieu #Ro 16:25. Ép 1:9; 3:9. Col 1:26. 1 Pi 1:20.qui ne ment point, 3et qui a manifesté sa parole en son temps par la prédication #Ac 20:24. Ga 1:1.qui m’a été confiée d’après l’ordre de Dieu notre Sauveur, 4#2 Co 2:12; 7:14; 8:6, 16. Ga 2:3.à Tite, mon enfant légitime en notre commune foi: #Ép 1:2. Col 1:2. 2 Ti 1:2. 1 Pi 1:2.que la grâce et la paix te soient données de la part de Dieu le Père et de Jésus-Christ notre Sauveur!Tite chargé d’organiser l’Église de Crète, d’établir des conducteurs fidèles, et de lutter contre ceux qui enseignent de fausses doctrinesV. 5-9: cf. 1 Ti 3:1-7. 1 Pi 5:1-4.  5Je t’ai laissé en Crète, afin que tu mettes en ordre ce qui reste à régler, et que, selon mes instructions, #2 Ti 2:2.tu établisses des anciens dans chaque ville, 6#1 Ti 3:2.s’il s’y trouve quelque homme irréprochable, mari d’une seule femme, ayant des enfants fidèles, qui ne soient ni accusés de débauche ni rebelles. 7Car il faut que l’évêque soit irréprochable, #Mt 24:45. 1 Co 4:1. 1 Ti 3:15.comme économe de Dieu; qu’il ne soit ni arrogant, #Lé 10:9. Ép 5:18.ni colère, ni adonné au vin, ni violent, #1 Ti 3:3. 1 Pi 5:2.ni porté à un gain déshonnête; 8mais #1 Ti 3:2.qu’il soit hospitalier, ami des gens de bien, modéré, juste, saint, tempérant, 9attaché à la vraie parole telle qu’elle a été enseignée, afin d’être capable d’exhorter selon la saine doctrine et de réfuter les contradicteurs.V. 10-16: cf. Ro 16:17, 18. 1 Ti 1:3-7. 2 Ti 2:16-18, 23-26; 3:5-9.  10  #    \n        Ac 15:1.  Il y a, en effet, surtout parmi les circoncis, beaucoup de gens rebelles, de vains discoureurs et de séducteurs, 11auxquels il faut fermer la bouche. Ils bouleversent #Mt 23:14. 2 Ti 3:6.des familles entières, enseignant pour un gain honteux ce qu’on ne doit pas enseigner. 12L’un d’entre eux, leur propre prophète, a dit: Crétois toujours menteurs, méchantes bêtes, ventres paresseux. 13Ce témoignage est vrai. C’est pourquoi reprends-les sévèrement, afin qu’ils aient une foi saine, 14#És 29:13. Mt 15:9. Col 2:22. 1 Ti 1:4; 4:7; 6:20.et qu’ils ne s’attachent pas à des fables judaïques et à des commandements d’hommes qui se détournent de la vérité. 15#Mt 15:11. Ac 10:15. Ro 14:20.Tout est pur pour ceux qui sont purs; #Mt 23:25. Ro 14:23.mais rien n’est pur pour ceux qui sont souillés et incrédules, leur intelligence et leur conscience sont souillées. 16Ils font profession de connaître Dieu, mais ils le renient par leurs œuvres, étant abominables, rebelles, et incapables d’aucune bonne œuvre."
      },
      {
        "book_name": "Titus",
        "book": 56,
        "chapter": 1,
        "verse": 1,
        "text": "Paul, serviteur de Dieu, et apôtre de Jésus-Christ pour la foi des élus de Dieu et la connaissance de la vérité qui est selon la piété,"
      },
      {
        "book_name": "Titus",
        "book": 56,
        "chapter": 1,
        "verse": 2,
        "text": "lesquelles reposent sur l’espérance de la vie éternelle, promise #No 23:19. 2 Ti 2:13.dès les plus anciens temps par le Dieu #Ro 16:25. Ép 1:9; 3:9. Col 1:26. 1 Pi 1:20.qui ne ment point,"
      },
      {
        "book_name": "Titus",
        "book": 56,
        "chapter": 1,
        "verse": 3,
        "text": "et qui a manifesté sa parole en son temps par la prédication #Ac 20:24. Ga 1:1.qui m’a été confiée d’après l’ordre de Dieu notre Sauveur,"
      },
      {
        "book_name": "Titus",
        "book": 56,
        "chapter": 1,
        "verse": 4,
        "text": "#2 Co 2:12; 7:14; 8:6, 16. Ga 2:3.à Tite, mon enfant légitime en notre commune foi: #Ép 1:2. Col 1:2. 2 Ti 1:2. 1 Pi 1:2.que la grâce et la paix te soient données de la part de Dieu le Père et de Jésus-Christ notre Sauveur!"
      },
      {
        "book_name": "Titus",
        "book": 56,
        "chapter": 1,
        "verse": 5,
        "text": "Je t’ai laissé en Crète, afin que tu mettes en ordre ce qui reste à régler, et que, selon mes instructions, #2 Ti 2:2.tu établisses des anciens dans chaque ville,"
      },
      {
        "book_name": "Titus",
        "book": 56,
        "chapter": 1,
        "verse": 6,
        "text": "#1 Ti 3:2.s’il s’y trouve quelque homme irréprochable, mari d’une seule femme, ayant des enfants fidèles, qui ne soient ni accusés de débauche ni rebelles."
      },
      {
        "book_name": "Titus",
        "book": 56,
        "chapter": 1,
        "verse": 7,
        "text": "Car il faut que l’évêque soit irréprochable, #Mt 24:45. 1 Co 4:1. 1 Ti 3:15.comme économe de Dieu; qu’il ne soit ni arrogant, #Lé 10:9. Ép 5:18.ni colère, ni adonné au vin, ni violent, #1 Ti 3:3. 1 Pi 5:2.ni porté à un gain déshonnête;"
      },
      {
        "book_name": "Titus",
        "book": 56,
        "chapter": 1,
        "verse": 8,
        "text": "mais #1 Ti 3:2.qu’il soit hospitalier, ami des gens de bien, modéré, juste, saint, tempérant,"
      },
      {
        "book_name": "Titus",
        "book": 56,
        "chapter": 1,
        "verse": 9,
        "text": "attaché à la vraie parole telle qu’elle a été enseignée, afin d’être capable d’exhorter selon la saine doctrine et de réfuter les contradicteurs."
      },
      {
        "book_name": "Titus",
        "book": 56,
        "chapter": 1,
        "verse": 10,
        "text": "#    \n        Ac 15:1.  Il y a, en effet, surtout parmi les circoncis, beaucoup de gens rebelles, de vains discoureurs et de séducteurs,"
      },
      {
        "book_name": "Titus",
        "book": 56,
        "chapter": 1,
        "verse": 11,
        "text": "auxquels il faut fermer la bouche. Ils bouleversent #Mt 23:14. 2 Ti 3:6.des familles entières, enseignant pour un gain honteux ce qu’on ne doit pas enseigner."
      },
      {
        "book_name": "Titus",
        "book": 56,
        "chapter": 1,
        "verse": 12,
        "text": "L’un d’entre eux, leur propre prophète, a dit: Crétois toujours menteurs, méchantes bêtes, ventres paresseux."
      },
      {
        "book_name": "Titus",
        "book": 56,
        "chapter": 1,
        "verse": 13,
        "text": "Ce témoignage est vrai. C’est pourquoi reprends-les sévèrement, afin qu’ils aient une foi saine,"
      },
      {
        "book_name": "Titus",
        "book": 56,
        "chapter": 1,
        "verse": 14,
        "text": "#És 29:13. Mt 15:9. Col 2:22. 1 Ti 1:4; 4:7; 6:20.et qu’ils ne s’attachent pas à des fables judaïques et à des commandements d’hommes qui se détournent de la vérité."
      },
      {
        "book_name": "Titus",
        "book": 56,
        "chapter": 1,
        "verse": 15,
        "text": "#Mt 15:11. Ac 10:15. Ro 14:20.Tout est pur pour ceux qui sont purs; #Mt 23:25. Ro 14:23.mais rien n’est pur pour ceux qui sont souillés et incrédules, leur intelligence et leur conscience sont souillées."
      },
      {
        "book_name": "Titus",
        "book": 56,
        "chapter": 1,
        "verse": 16,
        "text": "Ils font profession de connaître Dieu, mais ils le renient par leurs œuvres, étant abominables, rebelles, et incapables d’aucune bonne œuvre."
      }
    ],
    "2": [
      {
        "book_name": "Titus",
        "book": 56,
        "chapter": 2,
        "verse": 1,
        "text": "Comment Tite doit exhorter les vieillards, les femmes, les jeunes hommes, les serviteurs, et quel exemple il doit donner lui-mêmeV. 1-10: cf. (1 Ti 2:9-15. 1 Pi 3:1-6.) Ps 119:9. (Ép 6:5-8. 1 Pi 2:18-20.)  1Pour toi, dis les choses qui sont conformes à la saine doctrine. 2Dis que les vieillards doivent être sobres, honnêtes, modérés, sains dans la foi, dans la charité, dans la patience. 3Dis que les femmes âgées #1 Ti 2:9. 1 Pi 3:3.doivent aussi avoir l’extérieur qui convient à la sainteté, #1 Ti 5:13.n’être ni médisantes, ni adonnées au vin; qu’elles doivent donner de bonnes instructions, 4dans le but d’apprendre aux jeunes femmes à aimer leurs maris et leurs enfants, 5à être retenues, chastes, occupées aux soins domestiques, bonnes, #Ge 3:16. 1 Co 14:34. Ép 5:22. Col 3:18. 1 Pi 3:1.soumises à leurs maris, afin que la parole de Dieu ne soit pas blasphémée. 6Exhorte de même les jeunes gens à être modérés, 7#1 Ti 4:12. 1 Pi 5:3.te montrant toi-même à tous égards un modèle de bonnes œuvres, et donnant un enseignement pur, digne, 8une parole saine, irréprochable, #1 Pi 2:12, 15; 3:16.afin que l’adversaire soit confus, n’ayant aucun mal à dire de nous. 9#Ép 6:5. Col 3:22. 1 Ti 6:1, 2. 1 Pi 2:18.Exhorte les serviteurs à être soumis à leurs maîtres, à leur plaire en toutes choses, à n’être point contredisants, 10à ne rien dérober, mais à montrer toujours une parfaite fidélité, afin de faire honorer en tout la doctrine de Dieu notre Sauveur.La grâce de Dieu manifestée: ce qu’elle enseigne, et ce que Tite doit enseignerV. 11-15: cf. 1 Pi 1:10-21. (Ro 12:1, 2. 1 Co 6:20. 1 Jn 3:1-3.)  11Car la grâce de Dieu, source de salut pour tous les hommes, a été manifestée. 12Elle nous enseigne à renoncer à #Ép 1:4. Col 1:22. 2 Ti 1:9.l’impiété et aux #1 Jn 2:16.convoitises mondaines, et à vivre dans le siècle présent selon la sagesse, la justice et la piété, 13#1 Co 1:7. Ph 3:20.en attendant la bienheureuse espérance, et la manifestation de la gloire du grand Dieu et de notre Sauveur Jésus-Christ, 14#Ga 1:4; 2:20. Ép 5:2. Hé 9:14.qui s’est donné lui-même pour nous, afin de nous racheter de toute iniquité, et de se faire un peuple qui lui appartienne, purifié par lui et #Ép 2:10.zélé pour les bonnes œuvres. 15Dis ces choses, exhorte, et reprends, avec une pleine autorité. #1 Ti 4:12.Que personne ne te méprise."
      },
      {
        "book_name": "Titus",
        "book": 56,
        "chapter": 2,
        "verse": 1,
        "text": "Pour toi, dis les choses qui sont conformes à la saine doctrine."
      },
      {
        "book_name": "Titus",
        "book": 56,
        "chapter": 2,
        "verse": 2,
        "text": "Dis que les vieillards doivent être sobres, honnêtes, modérés, sains dans la foi, dans la charité, dans la patience."
      },
      {
        "book_name": "Titus",
        "book": 56,
        "chapter": 2,
        "verse": 3,
        "text": "Dis que les femmes âgées #1 Ti 2:9. 1 Pi 3:3.doivent aussi avoir l’extérieur qui convient à la sainteté, #1 Ti 5:13.n’être ni médisantes, ni adonnées au vin; qu’elles doivent donner de bonnes instructions,"
      },
      {
        "book_name": "Titus",
        "book": 56,
        "chapter": 2,
        "verse": 4,
        "text": "dans le but d’apprendre aux jeunes femmes à aimer leurs maris et leurs enfants,"
      },
      {
        "book_name": "Titus",
        "book": 56,
        "chapter": 2,
        "verse": 5,
        "text": "à être retenues, chastes, occupées aux soins domestiques, bonnes, #Ge 3:16. 1 Co 14:34. Ép 5:22. Col 3:18. 1 Pi 3:1.soumises à leurs maris, afin que la parole de Dieu ne soit pas blasphémée."
      },
      {
        "book_name": "Titus",
        "book": 56,
        "chapter": 2,
        "verse": 6,
        "text": "Exhorte de même les jeunes gens à être modérés,"
      },
      {
        "book_name": "Titus",
        "book": 56,
        "chapter": 2,
        "verse": 7,
        "text": "#1 Ti 4:12. 1 Pi 5:3.te montrant toi-même à tous égards un modèle de bonnes œuvres, et donnant un enseignement pur, digne,"
      },
      {
        "book_name": "Titus",
        "book": 56,
        "chapter": 2,
        "verse": 8,
        "text": "une parole saine, irréprochable, #1 Pi 2:12, 15; 3:16.afin que l’adversaire soit confus, n’ayant aucun mal à dire de nous."
      },
      {
        "book_name": "Titus",
        "book": 56,
        "chapter": 2,
        "verse": 9,
        "text": "#Ép 6:5. Col 3:22. 1 Ti 6:1, 2. 1 Pi 2:18.Exhorte les serviteurs à être soumis à leurs maîtres, à leur plaire en toutes choses, à n’être point contredisants,"
      },
      {
        "book_name": "Titus",
        "book": 56,
        "chapter": 2,
        "verse": 10,
        "text": "à ne rien dérober, mais à montrer toujours une parfaite fidélité, afin de faire honorer en tout la doctrine de Dieu notre Sauveur."
      },
      {
        "book_name": "Titus",
        "book": 56,
        "chapter": 2,
        "verse": 11,
        "text": "Car la grâce de Dieu, source de salut pour tous les hommes, a été manifestée."
      },
      {
        "book_name": "Titus",
        "book": 56,
        "chapter": 2,
        "verse": 12,
        "text": "Elle nous enseigne à renoncer à #Ép 1:4. Col 1:22. 2 Ti 1:9.l’impiété et aux #1 Jn 2:16.convoitises mondaines, et à vivre dans le siècle présent selon la sagesse, la justice et la piété,"
      },
      {
        "book_name": "Titus",
        "book": 56,
        "chapter": 2,
        "verse": 13,
        "text": "#1 Co 1:7. Ph 3:20.en attendant la bienheureuse espérance, et la manifestation de la gloire du grand Dieu et de notre Sauveur Jésus-Christ,"
      },
      {
        "book_name": "Titus",
        "book": 56,
        "chapter": 2,
        "verse": 14,
        "text": "#Ga 1:4; 2:20. Ép 5:2. Hé 9:14.qui s’est donné lui-même pour nous, afin de nous racheter de toute iniquité, et de se faire un peuple qui lui appartienne, purifié par lui et #Ép 2:10.zélé pour les bonnes œuvres."
      },
      {
        "book_name": "Titus",
        "book": 56,
        "chapter": 2,
        "verse": 15,
        "text": "Dis ces choses, exhorte, et reprends, avec une pleine autorité. #1 Ti 4:12.Que personne ne te méprise."
      }
    ],
    "3": [
      {
        "book_name": "Titus",
        "book": 56,
        "chapter": 3,
        "verse": 1,
        "text": "V. 1-11: cf. 1 Pi 2:13-16. (Ép 2:1-10. Tit 2:11-15.) Ro 16:17, 18.  1  #    Ro 13:1, etc. 1 Pi 2:13.  Rappelle-leur d’être soumis aux magistrats et aux autorités, d’obéir, d’être prêts à toute bonne œuvre, 2de ne médire de personne, d’être pacifiques, #Ph 4:5.modérés, #2 Ti 2:24, 25.pleins de douceur envers tous les hommes. 3#1 Co 6:11. Ép 2:1. Col 3:7. 1 Pi 4:3.Car nous aussi, nous étions autrefois insensés, désobéissants, égarés, asservis à toute espèce de convoitises et de voluptés, vivant dans la méchanceté et dans l’envie, dignes d’être haïs, et nous haïssant les uns les autres. 4Mais, lorsque la bonté de Dieu notre Sauveur et son amour pour les hommes ont été manifestés, 5#Ép 1:4. 2 Ti 1:9.il nous a sauvés, #Ro 3:20, 28; 4:2, 6; 9:11; 11:6. Ga 2:16. Ép 2:9.non à cause des œuvres de justice que nous aurions faites, #Ac 15:11. Ép 2:4.mais selon sa miséricorde, par le baptême de la régénération et le renouvellement du Saint-Esprit, 6#Éz 36:25.qu’il a répandu sur nous avec abondance par Jésus-Christ notre Sauveur, 7afin que, justifiés par sa grâce, nous devenions, en espérance, héritiers de la vie éternelle. 8Cette parole est certaine, et je veux que tu affirmes ces choses, afin que ceux qui ont cru en Dieu s’appliquent à pratiquer de bonnes œuvres. #1 Ti 1:4; 4:7; 6:20. Tit 1:14.Voilà ce qui est bon et utile aux hommes. 9Mais évite les discussions folles, les généalogies, les querelles, les disputes relatives à la loi; car elles sont inutiles et vaines. 10#Mt 18:17. Ro 16:17. 2 Th 3:6. 2 Ti 3:5. 2 Jn v. 10.Éloigne de toi, après un premier et un second avertissement, celui qui provoque des divisions, 11sachant qu’un homme de cette espèce est perverti, et qu’il pèche, en se condamnant lui-même.Recommandations particulières. SalutationsV. 12-15: cf. Jn 15:8. 1 Co 16:20-24.  12Lorsque je t’enverrai Artémas ou #Ac 20:4. Ép 6:21. 2 Ti 4:12.Tychique, hâte-toi de venir me rejoindre à Nicopolis; car c’est là que j’ai résolu de passer l’hiver. 13Aie soin de pourvoir au voyage de Zénas, le docteur de la loi, et #Ac 18:24. 1 Co 1:12.d’Apollos, en sorte que rien ne leur manque. 14Il faut que les nôtres aussi apprennent à pratiquer de bonnes œuvres pour subvenir aux besoins pressants, afin qu’ils ne soient pas sans produire des fruits. 15Tous ceux qui sont avec moi te saluent. Salue ceux qui nous aiment dans la foi. Que la grâce soit avec vous tous!"
      },
      {
        "book_name": "Titus",
        "book": 56,
        "chapter": 3,
        "verse": 1,
        "text": "#    Ro 13:1, etc. 1 Pi 2:13.  Rappelle-leur d’être soumis aux magistrats et aux autorités, d’obéir, d’être prêts à toute bonne œuvre,"
      },
      {
        "book_name": "Titus",
        "book": 56,
        "chapter": 3,
        "verse": 2,
        "text": "de ne médire de personne, d’être pacifiques, #Ph 4:5.modérés, #2 Ti 2:24, 25.pleins de douceur envers tous les hommes."
      },
      {
        "book_name": "Titus",
        "book": 56,
        "chapter": 3,
        "verse": 3,
        "text": "#1 Co 6:11. Ép 2:1. Col 3:7. 1 Pi 4:3.Car nous aussi, nous étions autrefois insensés, désobéissants, égarés, asservis à toute espèce de convoitises et de voluptés, vivant dans la méchanceté et dans l’envie, dignes d’être haïs, et nous haïssant les uns les autres."
      },
      {
        "book_name": "Titus",
        "book": 56,
        "chapter": 3,
        "verse": 4,
        "text": "Mais, lorsque la bonté de Dieu notre Sauveur et son amour pour les hommes ont été manifestés,"
      },
      {
        "book_name": "Titus",
        "book": 56,
        "chapter": 3,
        "verse": 5,
        "text": "#Ép 1:4. 2 Ti 1:9.il nous a sauvés, #Ro 3:20, 28; 4:2, 6; 9:11; 11:6. Ga 2:16. Ép 2:9.non à cause des œuvres de justice que nous aurions faites, #Ac 15:11. Ép 2:4.mais selon sa miséricorde, par le baptême de la régénération et le renouvellement du Saint-Esprit,"
      },
      {
        "book_name": "Titus",
        "book": 56,
        "chapter": 3,
        "verse": 6,
        "text": "#Éz 36:25.qu’il a répandu sur nous avec abondance par Jésus-Christ notre Sauveur,"
      },
      {
        "book_name": "Titus",
        "book": 56,
        "chapter": 3,
        "verse": 7,
        "text": "afin que, justifiés par sa grâce, nous devenions, en espérance, héritiers de la vie éternelle."
      },
      {
        "book_name": "Titus",
        "book": 56,
        "chapter": 3,
        "verse": 8,
        "text": "Cette parole est certaine, et je veux que tu affirmes ces choses, afin que ceux qui ont cru en Dieu s’appliquent à pratiquer de bonnes œuvres. #1 Ti 1:4; 4:7; 6:20. Tit 1:14.Voilà ce qui est bon et utile aux hommes."
      },
      {
        "book_name": "Titus",
        "book": 56,
        "chapter": 3,
        "verse": 9,
        "text": "Mais évite les discussions folles, les généalogies, les querelles, les disputes relatives à la loi; car elles sont inutiles et vaines."
      },
      {
        "book_name": "Titus",
        "book": 56,
        "chapter": 3,
        "verse": 10,
        "text": "#Mt 18:17. Ro 16:17. 2 Th 3:6. 2 Ti 3:5. 2 Jn v. 10.Éloigne de toi, après un premier et un second avertissement, celui qui provoque des divisions,"
      },
      {
        "book_name": "Titus",
        "book": 56,
        "chapter": 3,
        "verse": 11,
        "text": "sachant qu’un homme de cette espèce est perverti, et qu’il pèche, en se condamnant lui-même."
      },
      {
        "book_name": "Titus",
        "book": 56,
        "chapter": 3,
        "verse": 12,
        "text": "Lorsque je t’enverrai Artémas ou #Ac 20:4. Ép 6:21. 2 Ti 4:12.Tychique, hâte-toi de venir me rejoindre à Nicopolis; car c’est là que j’ai résolu de passer l’hiver."
      },
      {
        "book_name": "Titus",
        "book": 56,
        "chapter": 3,
        "verse": 13,
        "text": "Aie soin de pourvoir au voyage de Zénas, le docteur de la loi, et #Ac 18:24. 1 Co 1:12.d’Apollos, en sorte que rien ne leur manque."
      },
      {
        "book_name": "Titus",
        "book": 56,
        "chapter": 3,
        "verse": 14,
        "text": "Il faut que les nôtres aussi apprennent à pratiquer de bonnes œuvres pour subvenir aux besoins pressants, afin qu’ils ne soient pas sans produire des fruits."
      },
      {
        "book_name": "Titus",
        "book": 56,
        "chapter": 3,
        "verse": 15,
        "text": "Tous ceux qui sont avec moi te saluent. Salue ceux qui nous aiment dans la foi. Que la grâce soit avec vous tous!"
      }
    ]
  }
}