{
  "source": "bible.com",
  "version": "Luis Segond (1910)",
  "book": "Zephaniah",
  "chapters": {
    "1": [
      {
        "book_name": "Zephaniah",
        "book": 36,
        "chapter": 1,
        "verse": 1,
        "text": "Menaces contre Juda et JérusalemV. 1-6: cf. 2 Ch 34. (Jé 4:23, etc.; 7:8-20.)  1La parole de l’Éternel qui fut adressée à Sophonie, fils de Cuschi, fils de Guedalia, fils d’Amaria, fils d’Ézéchias, au temps de Josias, fils d’Amon, roi de Juda.  2Je détruirai tout sur la face de la terre,Dit l’Éternel.  3Je détruirai les hommes et les bêtes,Les oiseaux du ciel et les poissons de la mer,Les objets de scandale, et les méchants avec eux;J’exterminerai les hommes de la face de la terre,Dit l’Éternel.  4J’étendrai ma main sur Juda,Et sur tous les habitants de Jérusalem;J’exterminerai de ce lieu les restes de Baal,Le nom de ses ministres et les prêtres avec eux,  5Ceux qui se prosternent sur les toits devant l’armée des cieux,Ceux qui se prosternent en jurant par l’ÉternelEt en jurant par leur roi,  6  #    \n        És 1:4; 59:13. Jé 15:6.  Ceux qui se sont détournés de l’Éternel,Et ceux qui ne cherchent pas l’Éternel,Qui ne le consultent pas.Le jour de l’ÉternelV. 7-13: cf. Am 8:2-8. Jé 5:15-17, 26-29. Mi 6:9-16.  7Silence devant le Seigneur, l’Éternel!Car le jour de l’Éternel est proche,Car l’Éternel a préparé le sacrifice,Il a choisi ses conviés.  8Au jour du sacrifice de l’Éternel,Je châtierai les princes et les fils du roi,Et tous ceux qui portent des vêtements étrangers.  9En ce jour-là, je châtierai tous ceux qui sautent par-dessus le seuil,Ceux qui remplissent de violence et de fraude la maison de leur maître.  10En ce jour-là, dit l’Éternel,Il y aura des cris à la porte des poissons,Des lamentations dans l’autre quartier de la ville,Et un grand désastre sur les collines.  11Gémissez, habitants de Macthesch!Car tous ceux qui trafiquent sont détruits,Tous les hommes chargés d’argent sont exterminés.  12En ce temps-là, je fouillerai Jérusalem avec des lampes,Et je châtierai les hommes qui reposent sur leurs lies,Et qui disent dans leur cœur: L’Éternel ne fait ni bien ni mal.  13Leurs biens seront au pillage,Et leurs maisons seront dévastées;Ils auront bâti des maisons, qu’ils n’habiteront plus,Ils auront planté des vignes, dont ils ne boiront plus le vin.V. 14-18: cf. Éz 7. Joë 2:1-11. Lu 21:22, 34-36.  14Le grand jour de l’Éternel est proche,Il est proche, il arrive en toute hâte;Le jour de l’Éternel fait entendre sa voix,Et le héros pousse des cris amers.  15  #    \n        Joë 2:1, 2.  Ce jour est un jour de fureur,Un jour de détresse et d’angoisse,Un jour de ravage et de destruction,Un jour de ténèbres et d’obscurité,Un jour de nuées et de brouillards,  16Un jour où retentiront la trompette et les cris de guerreContre les villes fortes et les tours élevées.  17Je mettrai les hommes dans la détresse,Et ils marcheront comme des aveugles,Parce qu’ils ont péché contre l’Éternel;Je répandrai leur sang comme de la poussière,Et leur chair comme de l’ordure.  18Ni leur #Pr 11:4. Éz 7:19.argent ni leur or ne pourront les délivrer,  #    v. 14, 15, 16.  Au jour de la fureur de l’Éternel;Par le feu de sa jalousie tout le pays sera consumé;Car il détruira soudain tous les habitants du pays."
      },
      {
        "book_name": "Zephaniah",
        "book": 36,
        "chapter": 1,
        "verse": 1,
        "text": "La parole de l’Éternel qui fut adressée à Sophonie, fils de Cuschi, fils de Guedalia, fils d’Amaria, fils d’Ézéchias, au temps de Josias, fils d’Amon, roi de Juda."
      },
      {
        "book_name": "Zephaniah",
        "book": 36,
        "chapter": 1,
        "verse": 2,
        "text": "Je détruirai tout sur la face de la terre,"
      },
      {
        "book_name": "Zephaniah",
        "book": 36,
        "chapter": 1,
        "verse": 2,
        "text": "Dit l’Éternel."
      },
      {
        "book_name": "Zephaniah",
        "book": 36,
        "chapter": 1,
        "verse": 3,
        "text": "Je détruirai les hommes et les bêtes,"
      },
      {
        "book_name": "Zephaniah",
        "book": 36,
        "chapter": 1,
        "verse": 3,
        "text": "Les oiseaux du ciel et les poissons de la mer,"
      },
      {
        "book_name": "Zephaniah",
        "book": 36,
        "chapter": 1,
        "verse": 3,
        "text": "Les objets de scandale, et les méchants avec eux;"
      },
      {
        "book_name": "Zephaniah",
        "book": 36,
        "chapter": 1,
        "verse": 3,
        "text": "J’exterminerai les hommes de la face de la terre,"
      },
      {
        "book_name": "Zephaniah",
        "book": 36,
        "chapter": 1,
        "verse": 3,
        "text": "Dit l’Éternel."
      },
      {
        "book_name": "Zephaniah",
        "book": 36,
        "chapter": 1,
        "verse": 4,
        "text": "J’étendrai ma main sur Juda,"
      },
      {
        "book_name": "Zephaniah",
        "book": 36,
        "chapter": 1,
        "verse": 4,
        "text": "Et sur tous les habitants de Jérusalem;"
      },
      {
        "book_name": "Zephaniah",
        "book": 36,
        "chapter": 1,
        "verse": 4,
        "text": "J’exterminerai de ce lieu les restes de Baal,"
      },
      {
        "book_name": "Zephaniah",
        "book": 36,
        "chapter": 1,
        "verse": 4,
        "text": "Le nom de ses ministres et les prêtres avec eux,"
      },
      {
        "book_name": "Zephaniah",
        "book": 36,
        "chapter": 1,
        "verse": 5,
        "text": "Ceux qui se prosternent sur les toits devant l’armée des cieux,"
      },
      {
        "book_name": "Zephaniah",
        "book": 36,
        "chapter": 1,
        "verse": 5,
        "text": "Ceux qui se prosternent en jurant par l’Éternel"
      },
      {
        "book_name": "Zephaniah",
        "book": 36,
        "chapter": 1,
        "verse": 5,
        "text": "Et en jurant par leur roi,"
      },
      {
        "book_name": "Zephaniah",
        "book": 36,
        "chapter": 1,
        "verse": 6,
        "text": "#    \n        És 1:4; 59:13. Jé 15:6.  Ceux qui se sont détournés de l’Éternel,"
      },
      {
        "book_name": "Zephaniah",
        "book": 36,
        "chapter": 1,
        "verse": 6,
        "text": "Et ceux qui ne cherchent pas l’Éternel,"
      },
      {
        "book_name": "Zephaniah",
        "book": 36,
        "chapter": 1,
        "verse": 6,
        "text": "Qui ne le consultent pas."
      },
      {
        "book_name": "Zephaniah",
        "book": 36,
        "chapter": 1,
        "verse": 7,
        "text": "Silence devant le Seigneur, l’Éternel!"
      },
      {
        "book_name": "Zephaniah",
        "book": 36,
        "chapter": 1,
        "verse": 7,
        "text": "Car le jour de l’Éternel est proche,"
      },
      {
        "book_name": "Zephaniah",
        "book": 36,
        "chapter": 1,
        "verse": 7,
        "text": "Car l’Éternel a préparé le sacrifice,"
      },
      {
        "book_name": "Zephaniah",
        "book": 36,
        "chapter": 1,
        "verse": 7,
        "text": "Il a choisi ses conviés."
      },
      {
        "book_name": "Zephaniah",
        "book": 36,
        "chapter": 1,
        "verse": 8,
        "text": "Au jour du sacrifice de l’Éternel,"
      },
      {
        "book_name": "Zephaniah",
        "book": 36,
        "chapter": 1,
        "verse": 8,
        "text": "Je châtierai les princes et les fils du roi,"
      },
      {
        "book_name": "Zephaniah",
        "book": 36,
        "chapter": 1,
        "verse": 8,
        "text": "Et tous ceux qui portent des vêtements étrangers."
      },
      {
        "book_name": "Zephaniah",
        "book": 36,
        "chapter": 1,
        "verse": 9,
        "text": "En ce jour-là, je châtierai tous ceux qui sautent par-dessus le seuil,"
      },
      {
        "book_name": "Zephaniah",
        "book": 36,
        "chapter": 1,
        "verse": 9,
        "text": "Ceux qui remplissent de violence et de fraude la maison de leur maître."
      },
      {
        "book_name": "Zephaniah",
        "book": 36,
        "chapter": 1,
        "verse": 10,
        "text": "En ce jour-là, dit l’Éternel,"
      },
      {
        "book_name": "Zephaniah",
        "book": 36,
        "chapter": 1,
        "verse": 10,
        "text": "Il y aura des cris à la porte des poissons,"
      },
      {
        "book_name": "Zephaniah",
        "book": 36,
        "chapter": 1,
        "verse": 10,
        "text": "Des lamentations dans l’autre quartier de la ville,"
      },
      {
        "book_name": "Zephaniah",
        "book": 36,
        "chapter": 1,
        "verse": 10,
        "text": "Et un grand désastre sur les collines."
      },
      {
        "book_name": "Zephaniah",
        "book": 36,
        "chapter": 1,
        "verse": 11,
        "text": "Gémissez, habitants de Macthesch!"
      },
      {
        "book_name": "Zephaniah",
        "book": 36,
        "chapter": 1,
        "verse": 11,
        "text": "Car tous ceux qui trafiquent sont détruits,"
      },
      {
        "book_name": "Zephaniah",
        "book": 36,
        "chapter": 1,
        "verse": 11,
        "text": "Tous les hommes chargés d’argent sont exterminés."
      },
      {
        "book_name": "Zephaniah",
        "book": 36,
        "chapter": 1,
        "verse": 12,
        "text": "En ce temps-là, je fouillerai Jérusalem avec des lampes,"
      },
      {
        "book_name": "Zephaniah",
        "book": 36,
        "chapter": 1,
        "verse": 12,
        "text": "Et je châtierai les hommes qui reposent sur leurs lies,"
      },
      {
        "book_name": "Zephaniah",
        "book": 36,
        "chapter": 1,
        "verse": 12,
        "text": "Et qui disent dans leur cœur: L’Éternel ne fait ni bien ni mal."
      },
      {
        "book_name": "Zephaniah",
        "book": 36,
        "chapter": 1,
        "verse": 13,
        "text": "Leurs biens seront au pillage,"
      },
      {
        "book_name": "Zephaniah",
        "book": 36,
        "chapter": 1,
        "verse": 13,
        "text": "Et leurs maisons seront dévastées;"
      },
      {
        "book_name": "Zephaniah",
        "book": 36,
        "chapter": 1,
        "verse": 13,
        "text": "Ils auront bâti des maisons, qu’ils n’habiteront plus,"
      },
      {
        "book_name": "Zephaniah",
        "book": 36,
        "chapter": 1,
        "verse": 13,
        "text": "Ils auront planté des vignes, dont ils ne boiront plus le vin."
      },
      {
        "book_name": "Zephaniah",
        "book": 36,
        "chapter": 1,
        "verse": 14,
        "text": "Le grand jour de l’Éternel est proche,"
      },
      {
        "book_name": "Zephaniah",
        "book": 36,
        "chapter": 1,
        "verse": 14,
        "text": "Il est proche, il arrive en toute hâte;"
      },
      {
        "book_name": "Zephaniah",
        "book": 36,
        "chapter": 1,
        "verse": 14,
        "text": "Le jour de l’Éternel fait entendre sa voix,"
      },
      {
        "book_name": "Zephaniah",
        "book": 36,
        "chapter": 1,
        "verse": 14,
        "text": "Et le héros pousse des cris amers."
      },
      {
        "book_name": "Zephaniah",
        "book": 36,
        "chapter": 1,
        "verse": 15,
        "text": "#    \n        Joë 2:1, 2.  Ce jour est un jour de fureur,"
      },
      {
        "book_name": "Zephaniah",
        "book": 36,
        "chapter": 1,
        "verse": 15,
        "text": "Un jour de détresse et d’angoisse,"
      },
      {
        "book_name": "Zephaniah",
        "book": 36,
        "chapter": 1,
        "verse": 15,
        "text": "Un jour de ravage et de destruction,"
      },
      {
        "book_name": "Zephaniah",
        "book": 36,
        "chapter": 1,
        "verse": 15,
        "text": "Un jour de ténèbres et d’obscurité,"
      },
      {
        "book_name": "Zephaniah",
        "book": 36,
        "chapter": 1,
        "verse": 15,
        "text": "Un jour de nuées et de brouillards,"
      },
      {
        "book_name": "Zephaniah",
        "book": 36,
        "chapter": 1,
        "verse": 16,
        "text": "Un jour où retentiront la trompette et les cris de guerre"
      },
      {
        "book_name": "Zephaniah",
        "book": 36,
        "chapter": 1,
        "verse": 16,
        "text": "Contre les villes fortes et les tours élevées."
      },
      {
        "book_name": "Zephaniah",
        "book": 36,
        "chapter": 1,
        "verse": 17,
        "text": "Je mettrai les hommes dans la détresse,"
      },
      {
        "book_name": "Zephaniah",
        "book": 36,
        "chapter": 1,
        "verse": 17,
        "text": "Et ils marcheront comme des aveugles,"
      },
      {
        "book_name": "Zephaniah",
        "book": 36,
        "chapter": 1,
        "verse": 17,
        "text": "Parce qu’ils ont péché contre l’Éternel;"
      },
      {
        "book_name": "Zephaniah",
        "book": 36,
        "chapter": 1,
        "verse": 17,
        "text": "Je répandrai leur sang comme de la poussière,"
      },
      {
        "book_name": "Zephaniah",
        "book": 36,
        "chapter": 1,
        "verse": 17,
        "text": "Et leur chair comme de l’ordure."
      },
      {
        "book_name": "Zephaniah",
        "book": 36,
        "chapter": 1,
        "verse": 18,
        "text": "Ni leur #Pr 11:4. Éz 7:19.argent ni leur or ne pourront les délivrer,"
      },
      {
        "book_name": "Zephaniah",
        "book": 36,
        "chapter": 1,
        "verse": 18,
        "text": "#    v. 14, 15, 16.  Au jour de la fureur de l’Éternel;"
      },
      {
        "book_name": "Zephaniah",
        "book": 36,
        "chapter": 1,
        "verse": 18,
        "text": "Par le feu de sa jalousie tout le pays sera consumé;"
      },
      {
        "book_name": "Zephaniah",
        "book": 36,
        "chapter": 1,
        "verse": 18,
        "text": "Car il détruira soudain tous les habitants du pays."
      }
    ],
    "2": [
      {
        "book_name": "Zephaniah",
        "book": 36,
        "chapter": 2,
        "verse": 1,
        "text": "Menaces contre les peuples étrangersV. 1-3: cf. Am 5:4, 14, 15. Éz 9:4-6. Joë 2:12-14. Mt 3:2.  1Rentrez en vous-mêmes, examinez-vous,Nation sans pudeur,  2Avant que le décret s’exécuteEt que ce jour passe comme la balle,Avant que la colère ardente de l’Éternel fonde sur vous,Avant que le jour de la colère de l’Éternel fonde sur vous!  3Cherchez l’Éternel, vous tous, humbles du pays,Qui pratiquez ses ordonnances!Recherchez la justice, recherchez l’humilité!Peut-être serez-vous épargnés au jour de la colère de l’Éternel.V. 4-7: cf. Jé 47. Éz 25:15-17. Am 1:6-8.  4Car Gaza sera délaissée,Askalon sera réduite en désert,Asdod sera chassée en plein midi,Ékron sera déracinée.  5Malheur aux habitants des côtes de la mer, à la nation des Kéréthiens!L’Éternel a parlé contre toi, Canaan, pays des Philistins!Je te détruirai, tu n’auras plus d’habitants.  6Les côtes de la mer seront des pâturages, des demeures pour les bergers,Et des parcs pour les troupeaux.  7Ces côtes seront pour les restes de la maison de Juda;C’est là qu’ils paîtront;Ils reposeront le soir dans les maisons d’Askalon;Car l’Éternel, leur Dieu, ne les oubliera pas,Et il ramènera leurs captifs.V. 8-11: cf. Jé 48; 49:1-6. Éz 25:1-11.  8J’ai entendu les injures de MoabEt les outrages des enfants d’Ammon,Quand ils insultaient mon peupleEt s’élevaient avec arrogance contre ses frontières.  9C’est pourquoi, je suis vivant! Dit l’Éternel des armées, le Dieu d’Israël,Moab sera comme Sodome, et les enfants d’Ammon comme Gomorrhe,Un lieu couvert de ronces, une mine de sel, un désert pour toujours;Le reste de mon peuple les pillera,Le reste de ma nation les possédera.  10Cela leur arrivera pour leur orgueil,Parce qu’ils ont insulté et traité avec arroganceLe peuple de l’Éternel des armées.  11L’Éternel sera terrible contre eux,Car il anéantira tous les dieux de la terre;Et chacun se prosternera devant lui dans son pays,Dans toutes les îles des nations.V. 12-15: cf. Éz 30:5, 9. (Na 1 à 3.)  12Vous aussi, Éthiopiens,Vous serez frappés par mon épée.  13Il étendra sa main sur le septentrion,Il détruira l’Assyrie,Et il fera de Ninive une solitude,Une terre aride comme le désert.  14Des troupeaux se coucheront au milieu d’elle,Des animaux de toute espèce;Le pélican et le hérissonHabiteront parmi les chapiteaux de ses colonnes;Des cris retentiront aux fenêtres;La dévastation sera sur le seuil,Car les lambris de cèdre seront arrachés.  15Voilà donc cette ville joyeuse,Qui s’assied avec assurance,Et qui dit en son cœur:Moi, et rien que moi!Eh quoi! Elle est en ruines,C’est un repaire pour les bêtes!Tous ceux qui passeront près d’elleSiffleront et agiteront la main."
      },
      {
        "book_name": "Zephaniah",
        "book": 36,
        "chapter": 2,
        "verse": 1,
        "text": "Rentrez en vous-mêmes, examinez-vous,"
      },
      {
        "book_name": "Zephaniah",
        "book": 36,
        "chapter": 2,
        "verse": 1,
        "text": "Nation sans pudeur,"
      },
      {
        "book_name": "Zephaniah",
        "book": 36,
        "chapter": 2,
        "verse": 2,
        "text": "Avant que le décret s’exécute"
      },
      {
        "book_name": "Zephaniah",
        "book": 36,
        "chapter": 2,
        "verse": 2,
        "text": "Et que ce jour passe comme la balle,"
      },
      {
        "book_name": "Zephaniah",
        "book": 36,
        "chapter": 2,
        "verse": 2,
        "text": "Avant que la colère ardente de l’Éternel fonde sur vous,"
      },
      {
        "book_name": "Zephaniah",
        "book": 36,
        "chapter": 2,
        "verse": 2,
        "text": "Avant que le jour de la colère de l’Éternel fonde sur vous!"
      },
      {
        "book_name": "Zephaniah",
        "book": 36,
        "chapter": 2,
        "verse": 3,
        "text": "Cherchez l’Éternel, vous tous, humbles du pays,"
      },
      {
        "book_name": "Zephaniah",
        "book": 36,
        "chapter": 2,
        "verse": 3,
        "text": "Qui pratiquez ses ordonnances!"
      },
      {
        "book_name": "Zephaniah",
        "book": 36,
        "chapter": 2,
        "verse": 3,
        "text": "Recherchez la justice, recherchez l’humilité!"
      },
      {
        "book_name": "Zephaniah",
        "book": 36,
        "chapter": 2,
        "verse": 3,
        "text": "Peut-être serez-vous épargnés au jour de la colère de l’Éternel."
      },
      {
        "book_name": "Zephaniah",
        "book": 36,
        "chapter": 2,
        "verse": 4,
        "text": "Car Gaza sera délaissée,"
      },
      {
        "book_name": "Zephaniah",
        "book": 36,
        "chapter": 2,
        "verse": 4,
        "text": "Askalon sera réduite en désert,"
      },
      {
        "book_name": "Zephaniah",
        "book": 36,
        "chapter": 2,
        "verse": 4,
        "text": "Asdod sera chassée en plein midi,"
      },
      {
        "book_name": "Zephaniah",
        "book": 36,
        "chapter": 2,
        "verse": 4,
        "text": "Ékron sera déracinée."
      },
      {
        "book_name": "Zephaniah",
        "book": 36,
        "chapter": 2,
        "verse": 5,
        "text": "Malheur aux habitants des côtes de la mer, à la nation des Kéréthiens!"
      },
      {
        "book_name": "Zephaniah",
        "book": 36,
        "chapter": 2,
        "verse": 5,
        "text": "L’Éternel a parlé contre toi, Canaan, pays des Philistins!"
      },
      {
        "book_name": "Zephaniah",
        "book": 36,
        "chapter": 2,
        "verse": 5,
        "text": "Je te détruirai, tu n’auras plus d’habitants."
      },
      {
        "book_name": "Zephaniah",
        "book": 36,
        "chapter": 2,
        "verse": 6,
        "text": "Les côtes de la mer seront des pâturages, des demeures pour les bergers,"
      },
      {
        "book_name": "Zephaniah",
        "book": 36,
        "chapter": 2,
        "verse": 6,
        "text": "Et des parcs pour les troupeaux."
      },
      {
        "book_name": "Zephaniah",
        "book": 36,
        "chapter": 2,
        "verse": 7,
        "text": "Ces côtes seront pour les restes de la maison de Juda;"
      },
      {
        "book_name": "Zephaniah",
        "book": 36,
        "chapter": 2,
        "verse": 7,
        "text": "C’est là qu’ils paîtront;"
      },
      {
        "book_name": "Zephaniah",
        "book": 36,
        "chapter": 2,
        "verse": 7,
        "text": "Ils reposeront le soir dans les maisons d’Askalon;"
      },
      {
        "book_name": "Zephaniah",
        "book": 36,
        "chapter": 2,
        "verse": 7,
        "text": "Car l’Éternel, leur Dieu, ne les oubliera pas,"
      },
      {
        "book_name": "Zephaniah",
        "book": 36,
        "chapter": 2,
        "verse": 7,
        "text": "Et il ramènera leurs captifs."
      },
      {
        "book_name": "Zephaniah",
        "book": 36,
        "chapter": 2,
        "verse": 8,
        "text": "J’ai entendu les injures de Moab"
      },
      {
        "book_name": "Zephaniah",
        "book": 36,
        "chapter": 2,
        "verse": 8,
        "text": "Et les outrages des enfants d’Ammon,"
      },
      {
        "book_name": "Zephaniah",
        "book": 36,
        "chapter": 2,
        "verse": 8,
        "text": "Quand ils insultaient mon peuple"
      },
      {
        "book_name": "Zephaniah",
        "book": 36,
        "chapter": 2,
        "verse": 8,
        "text": "Et s’élevaient avec arrogance contre ses frontières."
      },
      {
        "book_name": "Zephaniah",
        "book": 36,
        "chapter": 2,
        "verse": 9,
        "text": "C’est pourquoi, je suis vivant! Dit l’Éternel des armées, le Dieu d’Israël,"
      },
      {
        "book_name": "Zephaniah",
        "book": 36,
        "chapter": 2,
        "verse": 9,
        "text": "Moab sera comme Sodome, et les enfants d’Ammon comme Gomorrhe,"
      },
      {
        "book_name": "Zephaniah",
        "book": 36,
        "chapter": 2,
        "verse": 9,
        "text": "Un lieu couvert de ronces, une mine de sel, un désert pour toujours;"
      },
      {
        "book_name": "Zephaniah",
        "book": 36,
        "chapter": 2,
        "verse": 9,
        "text": "Le reste de mon peuple les pillera,"
      },
      {
        "book_name": "Zephaniah",
        "book": 36,
        "chapter": 2,
        "verse": 9,
        "text": "Le reste de ma nation les possédera."
      },
      {
        "book_name": "Zephaniah",
        "book": 36,
        "chapter": 2,
        "verse": 10,
        "text": "Cela leur arrivera pour leur orgueil,"
      },
      {
        "book_name": "Zephaniah",
        "book": 36,
        "chapter": 2,
        "verse": 10,
        "text": "Parce qu’ils ont insulté et traité avec arrogance"
      },
      {
        "book_name": "Zephaniah",
        "book": 36,
        "chapter": 2,
        "verse": 10,
        "text": "Le peuple de l’Éternel des armées."
      },
      {
        "book_name": "Zephaniah",
        "book": 36,
        "chapter": 2,
        "verse": 11,
        "text": "L’Éternel sera terrible contre eux,"
      },
      {
        "book_name": "Zephaniah",
        "book": 36,
        "chapter": 2,
        "verse": 11,
        "text": "Car il anéantira tous les dieux de la terre;"
      },
      {
        "book_name": "Zephaniah",
        "book": 36,
        "chapter": 2,
        "verse": 11,
        "text": "Et chacun se prosternera devant lui dans son pays,"
      },
      {
        "book_name": "Zephaniah",
        "book": 36,
        "chapter": 2,
        "verse": 11,
        "text": "Dans toutes les îles des nations."
      },
      {
        "book_name": "Zephaniah",
        "book": 36,
        "chapter": 2,
        "verse": 12,
        "text": "Vous aussi, Éthiopiens,"
      },
      {
        "book_name": "Zephaniah",
        "book": 36,
        "chapter": 2,
        "verse": 12,
        "text": "Vous serez frappés par mon épée."
      },
      {
        "book_name": "Zephaniah",
        "book": 36,
        "chapter": 2,
        "verse": 13,
        "text": "Il étendra sa main sur le septentrion,"
      },
      {
        "book_name": "Zephaniah",
        "book": 36,
        "chapter": 2,
        "verse": 13,
        "text": "Il détruira l’Assyrie,"
      },
      {
        "book_name": "Zephaniah",
        "book": 36,
        "chapter": 2,
        "verse": 13,
        "text": "Et il fera de Ninive une solitude,"
      },
      {
        "book_name": "Zephaniah",
        "book": 36,
        "chapter": 2,
        "verse": 13,
        "text": "Une terre aride comme le désert."
      },
      {
        "book_name": "Zephaniah",
        "book": 36,
        "chapter": 2,
        "verse": 14,
        "text": "Des troupeaux se coucheront au milieu d’elle,"
      },
      {
        "book_name": "Zephaniah",
        "book": 36,
        "chapter": 2,
        "verse": 14,
        "text": "Des animaux de toute espèce;"
      },
      {
        "book_name": "Zephaniah",
        "book": 36,
        "chapter": 2,
        "verse": 14,
        "text": "Le pélican et le hérisson"
      },
      {
        "book_name": "Zephaniah",
        "book": 36,
        "chapter": 2,
        "verse": 14,
        "text": "Habiteront parmi les chapiteaux de ses colonnes;"
      },
      {
        "book_name": "Zephaniah",
        "book": 36,
        "chapter": 2,
        "verse": 14,
        "text": "Des cris retentiront aux fenêtres;"
      },
      {
        "book_name": "Zephaniah",
        "book": 36,
        "chapter": 2,
        "verse": 14,
        "text": "La dévastation sera sur le seuil,"
      },
      {
        "book_name": "Zephaniah",
        "book": 36,
        "chapter": 2,
        "verse": 14,
        "text": "Car les lambris de cèdre seront arrachés."
      },
      {
        "book_name": "Zephaniah",
        "book": 36,
        "chapter": 2,
        "verse": 15,
        "text": "Voilà donc cette ville joyeuse,"
      },
      {
        "book_name": "Zephaniah",
        "book": 36,
        "chapter": 2,
        "verse": 15,
        "text": "Qui s’assied avec assurance,"
      },
      {
        "book_name": "Zephaniah",
        "book": 36,
        "chapter": 2,
        "verse": 15,
        "text": "Et qui dit en son cœur:"
      },
      {
        "book_name": "Zephaniah",
        "book": 36,
        "chapter": 2,
        "verse": 15,
        "text": "Moi, et rien que moi!"
      },
      {
        "book_name": "Zephaniah",
        "book": 36,
        "chapter": 2,
        "verse": 15,
        "text": "Eh quoi! Elle est en ruines,"
      },
      {
        "book_name": "Zephaniah",
        "book": 36,
        "chapter": 2,
        "verse": 15,
        "text": "C’est un repaire pour les bêtes!"
      },
      {
        "book_name": "Zephaniah",
        "book": 36,
        "chapter": 2,
        "verse": 15,
        "text": "Tous ceux qui passeront près d’elle"
      },
      {
        "book_name": "Zephaniah",
        "book": 36,
        "chapter": 2,
        "verse": 15,
        "text": "Siffleront et agiteront la main."
      }
    ],
    "3": [
      {
        "book_name": "Zephaniah",
        "book": 36,
        "chapter": 3,
        "verse": 1,
        "text": "Châtiment de JérusalemV. 1-8: cf. Éz 22. Jé 25:4, etc. Mt 23:37-39.  1Malheur à la ville rebelle et souillée,A la ville pleine d’oppresseurs!  2Elle n’écoute aucune voix,Elle n’a point égard à la correction,Elle ne se confie pas en l’Éternel,Elle ne s’approche pas de son Dieu.  3  #    \n        Pr 28:15. Éz 22:27.  Ses chefs au milieu d’elle sont des lions rugissants;Ses juges sont des loups du soir qui ne gardent rien pour le matin.  4  #    \n        Jé 23:11, 32. Os 9:7.  Ses prophètes sont téméraires, infidèles;Ses sacrificateurs profanent les choses saintes, violent la loi.  5L’Éternel est juste au milieu d’elle,  #    \n        De 32:4.  Il ne commet point d’iniquité;Chaque matin il produit à la lumière ses jugements,Sans jamais y manquer;Mais celui qui est inique ne connaît pas la honte.  6J’ai exterminé des nations; leurs tours sont détruites;J’ai dévasté leurs rues, plus de passants!Leurs villes sont ravagées, plus d’hommes, plus d’habitants!  7Je disais: Si du moins tu voulais me craindre,Avoir égard à la correction,Ta demeure ne serait pas détruite,Tous les châtiments dont je t’ai menacée n’arriveraient pas;Mais ils se sont hâtés de pervertir toutes leurs actions.  8Attendez-moi donc, dit l’Éternel,Au jour où je me lèverai pour le butin,Car j’ai résolu de rassembler les nations,De rassembler les royaumes,Pour répandre sur eux ma fureur,Toute l’ardeur de ma colère;Car par le feu de ma jalousie tout le pays sera consumé.PromessesV. 9-20: cf. (De 4:29-31; 30:1-10. (Za 2:10-12. És 12; 62.) (Jé 23:3-8.) Éz 37:21-28.)  9Alors je donnerai aux peuples des lèvres pures,Afin qu’ils invoquent tous le nom de l’Éternel,Pour le servir d’un commun accord.  10D’au-delà des fleuves de l’ÉthiopieMes adorateurs, mes dispersés, m’apporteront des offrandes.  11En ce jour-là, tu n’auras plus à rougir de toutes tes actionsPar lesquelles tu as péché contre moi;Car alors j’ôterai du milieu de toi ceux qui triomphaient avec arrogance,Et tu ne t’enorgueilliras plus sur ma montagne sainte.  12Je laisserai au milieu de toi un peuple humble et petit,Qui trouvera son refuge dans le nom de l’Éternel.  13Les restes d’Israël ne commettront point d’iniquité,Ils ne diront point de mensonges,Et il ne se trouvera pas dans leur bouche une langue trompeuse;Mais ils paîtront, ils se reposeront, et personne ne les troublera.  14Pousse des cris de joie, #Za 9:9.fille de Sion!Pousse des cris d’allégresse, Israël!Réjouis-toi et triomphe de tout ton cœur, #Za 9:9.fille de Jérusalem!  15L’Éternel a détourné tes châtiments,Il a éloigné ton ennemi;Le roi d’Israël, l’Éternel, est au milieu de toi;Tu n’as plus de malheur à éprouver.  16En ce jour-là, on dira à Jérusalem: Ne crains rien!Sion, que tes mains ne s’affaiblissent pas!  17L’Éternel, ton Dieu, est au milieu de toi, comme un héros qui sauve;Il fera de toi sa plus grande joie;Il gardera le silence dans son amour;Il aura pour toi des transports d’allégresse.  18Je rassemblerai ceux qui sont dans la tristesse, loin des fêtes solennelles,Ceux qui sont sortis de ton sein;L’opprobre pèse sur eux.  19Voici, en ce temps-là, j’agirai contre tous tes oppresseurs;Je délivrerai les boiteux et je recueillerai ceux qui ont été chassés,Je ferai d’eux un sujet de louange et de gloireDans tous les pays où ils sont en opprobre.  20En ce temps-là, je vous ramènerai;En ce temps-là, je vous rassemblerai;Car je ferai de vous un sujet de gloire et de louangeParmi tous les peuples de la terre,Quand je ramènerai vos captifs sous vos yeux,Dit l’Éternel."
      },
      {
        "book_name": "Zephaniah",
        "book": 36,
        "chapter": 3,
        "verse": 1,
        "text": "Malheur à la ville rebelle et souillée,"
      },
      {
        "book_name": "Zephaniah",
        "book": 36,
        "chapter": 3,
        "verse": 1,
        "text": "A la ville pleine d’oppresseurs!"
      },
      {
        "book_name": "Zephaniah",
        "book": 36,
        "chapter": 3,
        "verse": 2,
        "text": "Elle n’écoute aucune voix,"
      },
      {
        "book_name": "Zephaniah",
        "book": 36,
        "chapter": 3,
        "verse": 2,
        "text": "Elle n’a point égard à la correction,"
      },
      {
        "book_name": "Zephaniah",
        "book": 36,
        "chapter": 3,
        "verse": 2,
        "text": "Elle ne se confie pas en l’Éternel,"
      },
      {
        "book_name": "Zephaniah",
        "book": 36,
        "chapter": 3,
        "verse": 2,
        "text": "Elle ne s’approche pas de son Dieu."
      },
      {
        "book_name": "Zephaniah",
        "book": 36,
        "chapter": 3,
        "verse": 3,
        "text": "#    \n        Pr 28:15. Éz 22:27.  Ses chefs au milieu d’elle sont des lions rugissants;"
      },
      {
        "book_name": "Zephaniah",
        "book": 36,
        "chapter": 3,
        "verse": 3,
        "text": "Ses juges sont des loups du soir qui ne gardent rien pour le matin."
      },
      {
        "book_name": "Zephaniah",
        "book": 36,
        "chapter": 3,
        "verse": 4,
        "text": "#    \n        Jé 23:11, 32. Os 9:7.  Ses prophètes sont téméraires, infidèles;"
      },
      {
        "book_name": "Zephaniah",
        "book": 36,
        "chapter": 3,
        "verse": 4,
        "text": "Ses sacrificateurs profanent les choses saintes, violent la loi."
      },
      {
        "book_name": "Zephaniah",
        "book": 36,
        "chapter": 3,
        "verse": 5,
        "text": "L’Éternel est juste au milieu d’elle,"
      },
      {
        "book_name": "Zephaniah",
        "book": 36,
        "chapter": 3,
        "verse": 5,
        "text": "#    \n        De 32:4.  Il ne commet point d’iniquité;"
      },
      {
        "book_name": "Zephaniah",
        "book": 36,
        "chapter": 3,
        "verse": 5,
        "text": "Chaque matin il produit à la lumière ses jugements,"
      },
      {
        "book_name": "Zephaniah",
        "book": 36,
        "chapter": 3,
        "verse": 5,
        "text": "Sans jamais y manquer;"
      },
      {
        "book_name": "Zephaniah",
        "book": 36,
        "chapter": 3,
        "verse": 5,
        "text": "Mais celui qui est inique ne connaît pas la honte."
      },
      {
        "book_name": "Zephaniah",
        "book": 36,
        "chapter": 3,
        "verse": 6,
        "text": "J’ai exterminé des nations; leurs tours sont détruites;"
      },
      {
        "book_name": "Zephaniah",
        "book": 36,
        "chapter": 3,
        "verse": 6,
        "text": "J’ai dévasté leurs rues, plus de passants!"
      },
      {
        "book_name": "Zephaniah",
        "book": 36,
        "chapter": 3,
        "verse": 6,
        "text": "Leurs villes sont ravagées, plus d’hommes, plus d’habitants!"
      },
      {
        "book_name": "Zephaniah",
        "book": 36,
        "chapter": 3,
        "verse": 7,
        "text": "Je disais: Si du moins tu voulais me craindre,"
      },
      {
        "book_name": "Zephaniah",
        "book": 36,
        "chapter": 3,
        "verse": 7,
        "text": "Avoir égard à la correction,"
      },
      {
        "book_name": "Zephaniah",
        "book": 36,
        "chapter": 3,
        "verse": 7,
        "text": "Ta demeure ne serait pas détruite,"
      },
      {
        "book_name": "Zephaniah",
        "book": 36,
        "chapter": 3,
        "verse": 7,
        "text": "Tous les châtiments dont je t’ai menacée n’arriveraient pas;"
      },
      {
        "book_name": "Zephaniah",
        "book": 36,
        "chapter": 3,
        "verse": 7,
        "text": "Mais ils se sont hâtés de pervertir toutes leurs actions."
      },
      {
        "book_name": "Zephaniah",
        "book": 36,
        "chapter": 3,
        "verse": 8,
        "text": "Attendez-moi donc, dit l’Éternel,"
      },
      {
        "book_name": "Zephaniah",
        "book": 36,
        "chapter": 3,
        "verse": 8,
        "text": "Au jour où je me lèverai pour le butin,"
      },
      {
        "book_name": "Zephaniah",
        "book": 36,
        "chapter": 3,
        "verse": 8,
        "text": "Car j’ai résolu de rassembler les nations,"
      },
      {
        "book_name": "Zephaniah",
        "book": 36,
        "chapter": 3,
        "verse": 8,
        "text": "De rassembler les royaumes,"
      },
      {
        "book_name": "Zephaniah",
        "book": 36,
        "chapter": 3,
        "verse": 8,
        "text": "Pour répandre sur eux ma fureur,"
      },
      {
        "book_name": "Zephaniah",
        "book": 36,
        "chapter": 3,
        "verse": 8,
        "text": "Toute l’ardeur de ma colère;"
      },
      {
        "book_name": "Zephaniah",
        "book": 36,
        "chapter": 3,
        "verse": 8,
        "text": "Car par le feu de ma jalousie tout le pays sera consumé."
      },
      {
        "book_name": "Zephaniah",
        "book": 36,
        "chapter": 3,
        "verse": 9,
        "text": "Alors je donnerai aux peuples des lèvres pures,"
      },
      {
        "book_name": "Zephaniah",
        "book": 36,
        "chapter": 3,
        "verse": 9,
        "text": "Afin qu’ils invoquent tous le nom de l’Éternel,"
      },
      {
        "book_name": "Zephaniah",
        "book": 36,
        "chapter": 3,
        "verse": 9,
        "text": "Pour le servir d’un commun accord."
      },
      {
        "book_name": "Zephaniah",
        "book": 36,
        "chapter": 3,
        "verse": 10,
        "text": "D’au-delà des fleuves de l’Éthiopie"
      },
      {
        "book_name": "Zephaniah",
        "book": 36,
        "chapter": 3,
        "verse": 10,
        "text": "Mes adorateurs, mes dispersés, m’apporteront des offrandes."
      },
      {
        "book_name": "Zephaniah",
        "book": 36,
        "chapter": 3,
        "verse": 11,
        "text": "En ce jour-là, tu n’auras plus à rougir de toutes tes actions"
      },
      {
        "book_name": "Zephaniah",
        "book": 36,
        "chapter": 3,
        "verse": 11,
        "text": "Par lesquelles tu as péché contre moi;"
      },
      {
        "book_name": "Zephaniah",
        "book": 36,
        "chapter": 3,
        "verse": 11,
        "text": "Car alors j’ôterai du milieu de toi ceux qui triomphaient avec arrogance,"
      },
      {
        "book_name": "Zephaniah",
        "book": 36,
        "chapter": 3,
        "verse": 11,
        "text": "Et tu ne t’enorgueilliras plus sur ma montagne sainte."
      },
      {
        "book_name": "Zephaniah",
        "book": 36,
        "chapter": 3,
        "verse": 12,
        "text": "Je laisserai au milieu de toi un peuple humble et petit,"
      },
      {
        "book_name": "Zephaniah",
        "book": 36,
        "chapter": 3,
        "verse": 12,
        "text": "Qui trouvera son refuge dans le nom de l’Éternel."
      },
      {
        "book_name": "Zephaniah",
        "book": 36,
        "chapter": 3,
        "verse": 13,
        "text": "Les restes d’Israël ne commettront point d’iniquité,"
      },
      {
        "book_name": "Zephaniah",
        "book": 36,
        "chapter": 3,
        "verse": 13,
        "text": "Ils ne diront point de mensonges,"
      },
      {
        "book_name": "Zephaniah",
        "book": 36,
        "chapter": 3,
        "verse": 13,
        "text": "Et il ne se trouvera pas dans leur bouche une langue trompeuse;"
      },
      {
        "book_name": "Zephaniah",
        "book": 36,
        "chapter": 3,
        "verse": 13,
        "text": "Mais ils paîtront, ils se reposeront, et personne ne les troublera."
      },
      {
        "book_name": "Zephaniah",
        "book": 36,
        "chapter": 3,
        "verse": 14,
        "text": "Pousse des cris de joie, #Za 9:9.fille de Sion!"
      },
      {
        "book_name": "Zephaniah",
        "book": 36,
        "chapter": 3,
        "verse": 14,
        "text": "Pousse des cris d’allégresse, Israël!"
      },
      {
        "book_name": "Zephaniah",
        "book": 36,
        "chapter": 3,
        "verse": 14,
        "text": "Réjouis-toi et triomphe de tout ton cœur, #Za 9:9.fille de Jérusalem!"
      },
      {
        "book_name": "Zephaniah",
        "book": 36,
        "chapter": 3,
        "verse": 15,
        "text": "L’Éternel a détourné tes châtiments,"
      },
      {
        "book_name": "Zephaniah",
        "book": 36,
        "chapter": 3,
        "verse": 15,
        "text": "Il a éloigné ton ennemi;"
      },
      {
        "book_name": "Zephaniah",
        "book": 36,
        "chapter": 3,
        "verse": 15,
        "text": "Le roi d’Israël, l’Éternel, est au milieu de toi;"
      },
      {
        "book_name": "Zephaniah",
        "book": 36,
        "chapter": 3,
        "verse": 15,
        "text": "Tu n’as plus de malheur à éprouver."
      },
      {
        "book_name": "Zephaniah",
        "book": 36,
        "chapter": 3,
        "verse": 16,
        "text": "En ce jour-là, on dira à Jérusalem: Ne crains rien!"
      },
      {
        "book_name": "Zephaniah",
        "book": 36,
        "chapter": 3,
        "verse": 16,
        "text": "Sion, que tes mains ne s’affaiblissent pas!"
      },
      {
        "book_name": "Zephaniah",
        "book": 36,
        "chapter": 3,
        "verse": 17,
        "text": "L’Éternel, ton Dieu, est au milieu de toi, comme un héros qui sauve;"
      },
      {
        "book_name": "Zephaniah",
        "book": 36,
        "chapter": 3,
        "verse": 17,
        "text": "Il fera de toi sa plus grande joie;"
      },
      {
        "book_name": "Zephaniah",
        "book": 36,
        "chapter": 3,
        "verse": 17,
        "text": "Il gardera le silence dans son amour;"
      },
      {
        "book_name": "Zephaniah",
        "book": 36,
        "chapter": 3,
        "verse": 17,
        "text": "Il aura pour toi des transports d’allégresse."
      },
      {
        "book_name": "Zephaniah",
        "book": 36,
        "chapter": 3,
        "verse": 18,
        "text": "Je rassemblerai ceux qui sont dans la tristesse, loin des fêtes solennelles,"
      },
      {
        "book_name": "Zephaniah",
        "book": 36,
        "chapter": 3,
        "verse": 18,
        "text": "Ceux qui sont sortis de ton sein;"
      },
      {
        "book_name": "Zephaniah",
        "book": 36,
        "chapter": 3,
        "verse": 18,
        "text": "L’opprobre pèse sur eux."
      },
      {
        "book_name": "Zephaniah",
        "book": 36,
        "chapter": 3,
        "verse": 19,
        "text": "Voici, en ce temps-là, j’agirai contre tous tes oppresseurs;"
      },
      {
        "book_name": "Zephaniah",
        "book": 36,
        "chapter": 3,
        "verse": 19,
        "text": "Je délivrerai les boiteux et je recueillerai ceux qui ont été chassés,"
      },
      {
        "book_name": "Zephaniah",
        "book": 36,
        "chapter": 3,
        "verse": 19,
        "text": "Je ferai d’eux un sujet de louange et de gloire"
      },
      {
        "book_name": "Zephaniah",
        "book": 36,
        "chapter": 3,
        "verse": 19,
        "text": "Dans tous les pays où ils sont en opprobre."
      },
      {
        "book_name": "Zephaniah",
        "book": 36,
        "chapter": 3,
        "verse": 20,
        "text": "En ce temps-là, je vous ramènerai;"
      },
      {
        "book_name": "Zephaniah",
        "book": 36,
        "chapter": 3,
        "verse": 20,
        "text": "En ce temps-là, je vous rassemblerai;"
      },
      {
        "book_name": "Zephaniah",
        "book": 36,
        "chapter": 3,
        "verse": 20,
        "text": "Car je ferai de vous un sujet de gloire et de louange"
      },
      {
        "book_name": "Zephaniah",
        "book": 36,
        "chapter": 3,
        "verse": 20,
        "text": "Parmi tous les peuples de la terre,"
      },
      {
        "book_name": "Zephaniah",
        "book": 36,
        "chapter": 3,
        "verse": 20,
        "text": "Quand je ramènerai vos captifs sous vos yeux,"
      },
      {
        "book_name": "Zephaniah",
        "book": 36,
        "chapter": 3,
        "verse": 20,
        "text": "Dit l’Éternel."
      }
    ]
  }
}