{
  "source": "bible.com",
  "version": "American Standard Version",
  "book": "1 John",
  "chapters": {
    "1": [
      {
        "book_name": "1 John",
        "book": 62,
        "chapter": 1,
        "verse": 1,
        "text": "1That which was from the beginning, that which we have heard, that which we have seen with our eyes, that which we beheld, and our hands handled, concerning the Word of life 2(and the life was manifested, and we have seen, and bear witness, and declare unto you the life, the eternal life, which was with the Father, and was manifested unto us); 3that which we have seen and heard declare we unto you also, that ye also may have fellowship with us: yea, and our fellowship is with the Father, and with his Son Jesus Christ: 4and these things we write, that our joy may be made full.  5And this is the message which we have heard from him and announce unto you, that God is light, and in him is no darkness at all. 6If we say that we have fellowship with him and walk in the darkness, we lie, and do not the truth: 7but if we walk in the light, as he is in the light, we have fellowship one with another, and the blood of Jesus his Son cleanseth us from all sin. 8If we say that we have no sin, we deceive ourselves, and the truth is not in us. 9If we confess our sins, he is faithful and righteous to forgive us our sins, and to cleanse us from all unrighteousness. 10If we say that we have not sinned, we make him a liar, and his word is not in us."
      },
      {
        "book_name": "1 John",
        "book": 62,
        "chapter": 1,
        "verse": 1,
        "text": "That which was from the beginning, that which we have heard, that which we have seen with our eyes, that which we beheld, and our hands handled, concerning the Word of life"
      },
      {
        "book_name": "1 John",
        "book": 62,
        "chapter": 1,
        "verse": 2,
        "text": "(and the life was manifested, and we have seen, and bear witness, and declare unto you the life, the eternal life, which was with the Father, and was manifested unto us);"
      },
      {
        "book_name": "1 John",
        "book": 62,
        "chapter": 1,
        "verse": 3,
        "text": "that which we have seen and heard declare we unto you also, that ye also may have fellowship with us: yea, and our fellowship is with the Father, and with his Son Jesus Christ:"
      },
      {
        "book_name": "1 John",
        "book": 62,
        "chapter": 1,
        "verse": 4,
        "text": "and these things we write, that our joy may be made full."
      },
      {
        "book_name": "1 John",
        "book": 62,
        "chapter": 1,
        "verse": 5,
        "text": "And this is the message which we have heard from him and announce unto you, that God is light, and in him is no darkness at all."
      },
      {
        "book_name": "1 John",
        "book": 62,
        "chapter": 1,
        "verse": 6,
        "text": "If we say that we have fellowship with him and walk in the darkness, we lie, and do not the truth:"
      },
      {
        "book_name": "1 John",
        "book": 62,
        "chapter": 1,
        "verse": 7,
        "text": "but if we walk in the light, as he is in the light, we have fellowship one with another, and the blood of Jesus his Son cleanseth us from all sin."
      },
      {
        "book_name": "1 John",
        "book": 62,
        "chapter": 1,
        "verse": 8,
        "text": "If we say that we have no sin, we deceive ourselves, and the truth is not in us."
      },
      {
        "book_name": "1 John",
        "book": 62,
        "chapter": 1,
        "verse": 9,
        "text": "If we confess our sins, he is faithful and righteous to forgive us our sins, and to cleanse us from all unrighteousness."
      },
      {
        "book_name": "1 John",
        "book": 62,
        "chapter": 1,
        "verse": 10,
        "text": "If we say that we have not sinned, we make him a liar, and his word is not in us."
      }
    ],
    "2": [
      {
        "book_name": "1 John",
        "book": 62,
        "chapter": 2,
        "verse": 1,
        "text": "1My little children, these things write I unto you that ye may not sin. And if any man sin, we have an Advocate with the Father, Jesus Christ the righteous: 2and he is the propitiation for our sins; and not for ours only, but also for the whole world. 3And hereby we know that we know him, if we keep his commandments. 4He that saith, I know him, and keepeth not his commandments, is a liar, and the truth is not in him; 5but whoso keepeth his word, in him verily hath the love of God been perfected. Hereby we know that we are in him: 6he that saith he abideth in him ought himself also to walk even as he walked.  7Beloved, no new commandment write I unto you, but an old commandment which ye had from the beginning: the old commandment is the word which ye heard. 8Again, a new commandment write I unto you, which thing is true in him and in you; because the darkness is passing away, and the true light already shineth. 9He that saith he is in the light and hateth his brother, is in the darkness even until now. 10He that loveth his brother abideth in the light, and there is no occasion of stumbling in him. 11But he that hateth his brother is in the darkness, and walketh in the darkness, and knoweth not whither he goeth, because the darkness hath blinded his eyes.  12I write unto you, my little children, because your sins are forgiven you for his name’s sake. 13I write unto you, fathers, because ye know him who is from the beginning. I write unto you, young men, because ye have overcome the evil one. I have written unto you, little children, because ye know the Father. 14I have written unto you, fathers, because ye know him who is from the beginning. I have written unto you, young men, because ye are strong, and the word of God abideth in you, and ye have overcome the evil one. 15Love not the world, neither the things that are in the world. If any man love the world, the love of the Father is not in him. 16For all that is in the world, the lust of the flesh and the lust of the eyes and the vainglory of life, is not of the Father, but is of the world. 17And the world passeth away, and the lust thereof: but he that doeth the will of God abideth for ever.  18Little children, it is the last hour: and as ye heard that antichrist cometh, even now have there arisen many antichrists; whereby we know that it is the last hour. 19They went out from us, but they were not of us; for if they had been of us, they would have continued with us: but they went out, that they might be made manifest that they all are not of us. 20And ye have an anointing from the Holy One, and ye know all things. 21I have not written unto you because ye know not the truth, but because ye know it, and because no lie is of the truth. 22Who is the liar but he that denieth that Jesus is the Christ? This is the antichrist, even he that denieth the Father and the Son. 23Whosoever denieth the Son, the same hath not the Father: he that confesseth the Son hath the Father also. 24As for you, let that abide in you which ye heard from the beginning. If that which ye heard from the beginning abide in you, ye also shall abide in the Son, and in the Father. 25And this is the promise which he promised us, even the life eternal. 26These things have I written unto you concerning them that would lead you astray. 27And as for you, the anointing which ye received of him abideth in you, and ye need not that any one teach you; but as his anointing teacheth you concerning all things, and is true, and is no lie, and even as it taught you, ye abide in him. 28And now, my little children, abide in him; that, if he shall be manifested, we may have boldness, and not be ashamed before him at his coming. 29If ye know that he is righteous, ye know that every one also that doeth righteousness is begotten of him."
      },
      {
        "book_name": "1 John",
        "book": 62,
        "chapter": 2,
        "verse": 1,
        "text": "My little children, these things write I unto you that ye may not sin. And if any man sin, we have an Advocate with the Father, Jesus Christ the righteous:"
      },
      {
        "book_name": "1 John",
        "book": 62,
        "chapter": 2,
        "verse": 2,
        "text": "and he is the propitiation for our sins; and not for ours only, but also for the whole world."
      },
      {
        "book_name": "1 John",
        "book": 62,
        "chapter": 2,
        "verse": 3,
        "text": "And hereby we know that we know him, if we keep his commandments."
      },
      {
        "book_name": "1 John",
        "book": 62,
        "chapter": 2,
        "verse": 4,
        "text": "He that saith, I know him, and keepeth not his commandments, is a liar, and the truth is not in him;"
      },
      {
        "book_name": "1 John",
        "book": 62,
        "chapter": 2,
        "verse": 5,
        "text": "but whoso keepeth his word, in him verily hath the love of God been perfected. Hereby we know that we are in him:"
      },
      {
        "book_name": "1 John",
        "book": 62,
        "chapter": 2,
        "verse": 6,
        "text": "he that saith he abideth in him ought himself also to walk even as he walked."
      },
      {
        "book_name": "1 John",
        "book": 62,
        "chapter": 2,
        "verse": 7,
        "text": "Beloved, no new commandment write I unto you, but an old commandment which ye had from the beginning: the old commandment is the word which ye heard."
      },
      {
        "book_name": "1 John",
        "book": 62,
        "chapter": 2,
        "verse": 8,
        "text": "Again, a new commandment write I unto you, which thing is true in him and in you; because the darkness is passing away, and the true light already shineth."
      },
      {
        "book_name": "1 John",
        "book": 62,
        "chapter": 2,
        "verse": 9,
        "text": "He that saith he is in the light and hateth his brother, is in the darkness even until now."
      },
      {
        "book_name": "1 John",
        "book": 62,
        "chapter": 2,
        "verse": 10,
        "text": "He that loveth his brother abideth in the light, and there is no occasion of stumbling in him."
      },
      {
        "book_name": "1 John",
        "book": 62,
        "chapter": 2,
        "verse": 11,
        "text": "But he that hateth his brother is in the darkness, and walketh in the darkness, and knoweth not whither he goeth, because the darkness hath blinded his eyes."
      },
      {
        "book_name": "1 John",
        "book": 62,
        "chapter": 2,
        "verse": 12,
        "text": "I write unto you, my little children, because your sins are forgiven you for his name’s sake."
      },
      {
        "book_name": "1 John",
        "book": 62,
        "chapter": 2,
        "verse": 13,
        "text": "I write unto you, fathers, because ye know him who is from the beginning. I write unto you, young men, because ye have overcome the evil one. I have written unto you, little children, because ye know the Father."
      },
      {
        "book_name": "1 John",
        "book": 62,
        "chapter": 2,
        "verse": 14,
        "text": "I have written unto you, fathers, because ye know him who is from the beginning. I have written unto you, young men, because ye are strong, and the word of God abideth in you, and ye have overcome the evil one."
      },
      {
        "book_name": "1 John",
        "book": 62,
        "chapter": 2,
        "verse": 15,
        "text": "Love not the world, neither the things that are in the world. If any man love the world, the love of the Father is not in him."
      },
      {
        "book_name": "1 John",
        "book": 62,
        "chapter": 2,
        "verse": 16,
        "text": "For all that is in the world, the lust of the flesh and the lust of the eyes and the vainglory of life, is not of the Father, but is of the world."
      },
      {
        "book_name": "1 John",
        "book": 62,
        "chapter": 2,
        "verse": 17,
        "text": "And the world passeth away, and the lust thereof: but he that doeth the will of God abideth for ever."
      },
      {
        "book_name": "1 John",
        "book": 62,
        "chapter": 2,
        "verse": 18,
        "text": "Little children, it is the last hour: and as ye heard that antichrist cometh, even now have there arisen many antichrists; whereby we know that it is the last hour."
      },
      {
        "book_name": "1 John",
        "book": 62,
        "chapter": 2,
        "verse": 19,
        "text": "They went out from us, but they were not of us; for if they had been of us, they would have continued with us: but they went out, that they might be made manifest that they all are not of us."
      },
      {
        "book_name": "1 John",
        "book": 62,
        "chapter": 2,
        "verse": 20,
        "text": "And ye have an anointing from the Holy One, and ye know all things."
      },
      {
        "book_name": "1 John",
        "book": 62,
        "chapter": 2,
        "verse": 21,
        "text": "I have not written unto you because ye know not the truth, but because ye know it, and because no lie is of the truth."
      },
      {
        "book_name": "1 John",
        "book": 62,
        "chapter": 2,
        "verse": 22,
        "text": "Who is the liar but he that denieth that Jesus is the Christ? This is the antichrist, even he that denieth the Father and the Son."
      },
      {
        "book_name": "1 John",
        "book": 62,
        "chapter": 2,
        "verse": 23,
        "text": "Whosoever denieth the Son, the same hath not the Father: he that confesseth the Son hath the Father also."
      },
      {
        "book_name": "1 John",
        "book": 62,
        "chapter": 2,
        "verse": 24,
        "text": "As for you, let that abide in you which ye heard from the beginning. If that which ye heard from the beginning abide in you, ye also shall abide in the Son, and in the Father."
      },
      {
        "book_name": "1 John",
        "book": 62,
        "chapter": 2,
        "verse": 25,
        "text": "And this is the promise which he promised us, even the life eternal."
      },
      {
        "book_name": "1 John",
        "book": 62,
        "chapter": 2,
        "verse": 26,
        "text": "These things have I written unto you concerning them that would lead you astray."
      },
      {
        "book_name": "1 John",
        "book": 62,
        "chapter": 2,
        "verse": 27,
        "text": "And as for you, the anointing which ye received of him abideth in you, and ye need not that any one teach you; but as his anointing teacheth you concerning all things, and is true, and is no lie, and even as it taught you, ye abide in him."
      },
      {
        "book_name": "1 John",
        "book": 62,
        "chapter": 2,
        "verse": 28,
        "text": "And now, my little children, abide in him; that, if he shall be manifested, we may have boldness, and not be ashamed before him at his coming."
      },
      {
        "book_name": "1 John",
        "book": 62,
        "chapter": 2,
        "verse": 29,
        "text": "If ye know that he is righteous, ye know that every one also that doeth righteousness is begotten of him."
      }
    ],
    "3": [
      {
        "book_name": "1 John",
        "book": 62,
        "chapter": 3,
        "verse": 1,
        "text": "1Behold what manner of love the Father hath bestowed upon us, that we should be called children of God; and such we are. For this cause the world knoweth us not, because it knew him not. 2Beloved, now are we children of God, and it is not yet made manifest what we shall be. We know that, if he shall be manifested, we shall be like him; for we shall see him even as he is. 3And every one that hath this hope set on him purifieth himself, even as he is pure. 4Every one that doeth sin doeth also lawlessness; and sin is lawlessness. 5And ye know that he was manifested to take away sins; and in him is no sin. 6Whosoever abideth in him sinneth not: whosoever sinneth hath not seen him, neither knoweth him. 7My little children, let no man lead you astray: he that doeth righteousness is righteous, even as he is righteous: 8he that doeth sin is of the devil; for the devil sinneth from the beginning. To this end was the Son of God manifested, that he might destroy the works of the devil. 9Whosoever is begotten of God doeth no sin, because his seed abideth in him: and he cannot sin, because he is begotten of God. 10In this the children of God are manifest, and the children of the devil: whosoever doeth not righteousness is not of God, neither he that loveth not his brother. 11For this is the message which ye heard from the beginning, that we should love one another: 12not as Cain was of the evil one, and slew his brother. And wherefore slew he him? Because his works were evil, and his brother’s righteous.  13Marvel not, brethren, if the world hateth you. 14We know that we have passed out of death into life, because we love the brethren. He that loveth not abideth in death. 15Whosoever hateth his brother is a murderer: and ye know that no murderer hath eternal life abiding in him. 16Hereby know we love, because he laid down his life for us: and we ought to lay down our lives for the brethren. 17But whoso hath the world’s goods, and beholdeth his brother in need, and shutteth up his compassion from him, how doth the love of God abide in him? 18My little children, let us not love in word, neither with the tongue; but in deed and truth. 19Hereby shall we know that we are of the truth, and shall assure our heart before him: 20because if our heart condemn us, God is greater than our heart, and knoweth all things. 21Beloved, if our heart condemn us not, we have boldness toward God; 22and whatsoever we ask we receive of him, because we keep his commandments and do the things that are pleasing in his sight. 23And this is his commandment, that we should believe in the name of his Son Jesus Christ, and love one another, even as he gave us commandment. 24And he that keepeth his commandments abideth in him, and he in him. And hereby we know that he abideth in us, by the Spirit which he gave us."
      },
      {
        "book_name": "1 John",
        "book": 62,
        "chapter": 3,
        "verse": 1,
        "text": "Behold what manner of love the Father hath bestowed upon us, that we should be called children of God; and such we are. For this cause the world knoweth us not, because it knew him not."
      },
      {
        "book_name": "1 John",
        "book": 62,
        "chapter": 3,
        "verse": 2,
        "text": "Beloved, now are we children of God, and it is not yet made manifest what we shall be. We know that, if he shall be manifested, we shall be like him; for we shall see him even as he is."
      },
      {
        "book_name": "1 John",
        "book": 62,
        "chapter": 3,
        "verse": 3,
        "text": "And every one that hath this hope set on him purifieth himself, even as he is pure."
      },
      {
        "book_name": "1 John",
        "book": 62,
        "chapter": 3,
        "verse": 4,
        "text": "Every one that doeth sin doeth also lawlessness; and sin is lawlessness."
      },
      {
        "book_name": "1 John",
        "book": 62,
        "chapter": 3,
        "verse": 5,
        "text": "And ye know that he was manifested to take away sins; and in him is no sin."
      },
      {
        "book_name": "1 John",
        "book": 62,
        "chapter": 3,
        "verse": 6,
        "text": "Whosoever abideth in him sinneth not: whosoever sinneth hath not seen him, neither knoweth him."
      },
      {
        "book_name": "1 John",
        "book": 62,
        "chapter": 3,
        "verse": 7,
        "text": "My little children, let no man lead you astray: he that doeth righteousness is righteous, even as he is righteous:"
      },
      {
        "book_name": "1 John",
        "book": 62,
        "chapter": 3,
        "verse": 8,
        "text": "he that doeth sin is of the devil; for the devil sinneth from the beginning. To this end was the Son of God manifested, that he might destroy the works of the devil."
      },
      {
        "book_name": "1 John",
        "book": 62,
        "chapter": 3,
        "verse": 9,
        "text": "Whosoever is begotten of God doeth no sin, because his seed abideth in him: and he cannot sin, because he is begotten of God."
      },
      {
        "book_name": "1 John",
        "book": 62,
        "chapter": 3,
        "verse": 10,
        "text": "In this the children of God are manifest, and the children of the devil: whosoever doeth not righteousness is not of God, neither he that loveth not his brother."
      },
      {
        "book_name": "1 John",
        "book": 62,
        "chapter": 3,
        "verse": 11,
        "text": "For this is the message which ye heard from the beginning, that we should love one another:"
      },
      {
        "book_name": "1 John",
        "book": 62,
        "chapter": 3,
        "verse": 12,
        "text": "not as Cain was of the evil one, and slew his brother. And wherefore slew he him? Because his works were evil, and his brother’s righteous."
      },
      {
        "book_name": "1 John",
        "book": 62,
        "chapter": 3,
        "verse": 13,
        "text": "Marvel not, brethren, if the world hateth you."
      },
      {
        "book_name": "1 John",
        "book": 62,
        "chapter": 3,
        "verse": 14,
        "text": "We know that we have passed out of death into life, because we love the brethren. He that loveth not abideth in death."
      },
      {
        "book_name": "1 John",
        "book": 62,
        "chapter": 3,
        "verse": 15,
        "text": "Whosoever hateth his brother is a murderer: and ye know that no murderer hath eternal life abiding in him."
      },
      {
        "book_name": "1 John",
        "book": 62,
        "chapter": 3,
        "verse": 16,
        "text": "Hereby know we love, because he laid down his life for us: and we ought to lay down our lives for the brethren."
      },
      {
        "book_name": "1 John",
        "book": 62,
        "chapter": 3,
        "verse": 17,
        "text": "But whoso hath the world’s goods, and beholdeth his brother in need, and shutteth up his compassion from him, how doth the love of God abide in him?"
      },
      {
        "book_name": "1 John",
        "book": 62,
        "chapter": 3,
        "verse": 18,
        "text": "My little children, let us not love in word, neither with the tongue; but in deed and truth."
      },
      {
        "book_name": "1 John",
        "book": 62,
        "chapter": 3,
        "verse": 19,
        "text": "Hereby shall we know that we are of the truth, and shall assure our heart before him:"
      },
      {
        "book_name": "1 John",
        "book": 62,
        "chapter": 3,
        "verse": 20,
        "text": "because if our heart condemn us, God is greater than our heart, and knoweth all things."
      },
      {
        "book_name": "1 John",
        "book": 62,
        "chapter": 3,
        "verse": 21,
        "text": "Beloved, if our heart condemn us not, we have boldness toward God;"
      },
      {
        "book_name": "1 John",
        "book": 62,
        "chapter": 3,
        "verse": 22,
        "text": "and whatsoever we ask we receive of him, because we keep his commandments and do the things that are pleasing in his sight."
      },
      {
        "book_name": "1 John",
        "book": 62,
        "chapter": 3,
        "verse": 23,
        "text": "And this is his commandment, that we should believe in the name of his Son Jesus Christ, and love one another, even as he gave us commandment."
      },
      {
        "book_name": "1 John",
        "book": 62,
        "chapter": 3,
        "verse": 24,
        "text": "And he that keepeth his commandments abideth in him, and he in him. And hereby we know that he abideth in us, by the Spirit which he gave us."
      }
    ],
    "4": [
      {
        "book_name": "1 John",
        "book": 62,
        "chapter": 4,
        "verse": 1,
        "text": "1Beloved, believe not every spirit, but prove the spirits, whether they are of God; because many false prophets are gone out into the world. 2Hereby know ye the Spirit of God: every spirit that confesseth that Jesus Christ is come in the flesh is of God: 3and every spirit that confesseth not Jesus is not of God: and this is the spirit of the antichrist, whereof ye have heard that it cometh; and now it is in the world already. 4Ye are of God, my little children, and have overcome them: because greater is he that is in you than he that is in the world. 5They are of the world: therefore speak they as of the world, and the world heareth them. 6We are of God: he that knoweth God heareth us; he who is not of God heareth us not. By this we know the spirit of truth, and the spirit of error.  7Beloved, let us love one another: for love is of God; and every one that loveth is begotten of God, and knoweth God. 8He that loveth not knoweth not God; for God is love. 9Herein was the love of God manifested in us, that God hath sent his only begotten Son into the world that we might live through him. 10Herein is love, not that we loved God, but that he loved us, and sent his Son to be the propitiation for our sins. 11Beloved, if God so loved us, we also ought to love one another. 12No man hath beheld God at any time: if we love one another, God abideth in us, and his love is perfected in us: 13hereby we know that we abide in him and he in us, because he hath given us of his Spirit. 14And we have beheld and bear witness that the Father hath sent the Son to be the Saviour of the world. 15Whosoever shall confess that Jesus is the Son of God, God abideth in him, and he in God. 16And we know and have believed the love which God hath in us. God is love; and he that abideth in love abideth in God, and God abideth in him. 17Herein is love made perfect with us, that we may have boldness in the day of judgment; because as he is, even so are we in this world. 18There is no fear in love: but perfect love casteth out fear, because fear hath punishment; and he that feareth is not made perfect in love. 19We love, because he first loved us. 20If a man say, I love God, and hateth his brother, he is a liar: for he that loveth not his brother whom he hath seen, cannot love God whom he hath not seen. 21And this commandment have we from him, that he who loveth God love his brother also."
      },
      {
        "book_name": "1 John",
        "book": 62,
        "chapter": 4,
        "verse": 1,
        "text": "Beloved, believe not every spirit, but prove the spirits, whether they are of God; because many false prophets are gone out into the world."
      },
      {
        "book_name": "1 John",
        "book": 62,
        "chapter": 4,
        "verse": 2,
        "text": "Hereby know ye the Spirit of God: every spirit that confesseth that Jesus Christ is come in the flesh is of God:"
      },
      {
        "book_name": "1 John",
        "book": 62,
        "chapter": 4,
        "verse": 3,
        "text": "and every spirit that confesseth not Jesus is not of God: and this is the spirit of the antichrist, whereof ye have heard that it cometh; and now it is in the world already."
      },
      {
        "book_name": "1 John",
        "book": 62,
        "chapter": 4,
        "verse": 4,
        "text": "Ye are of God, my little children, and have overcome them: because greater is he that is in you than he that is in the world."
      },
      {
        "book_name": "1 John",
        "book": 62,
        "chapter": 4,
        "verse": 5,
        "text": "They are of the world: therefore speak they as of the world, and the world heareth them."
      },
      {
        "book_name": "1 John",
        "book": 62,
        "chapter": 4,
        "verse": 6,
        "text": "We are of God: he that knoweth God heareth us; he who is not of God heareth us not. By this we know the spirit of truth, and the spirit of error."
      },
      {
        "book_name": "1 John",
        "book": 62,
        "chapter": 4,
        "verse": 7,
        "text": "Beloved, let us love one another: for love is of God; and every one that loveth is begotten of God, and knoweth God."
      },
      {
        "book_name": "1 John",
        "book": 62,
        "chapter": 4,
        "verse": 8,
        "text": "He that loveth not knoweth not God; for God is love."
      },
      {
        "book_name": "1 John",
        "book": 62,
        "chapter": 4,
        "verse": 9,
        "text": "Herein was the love of God manifested in us, that God hath sent his only begotten Son into the world that we might live through him."
      },
      {
        "book_name": "1 John",
        "book": 62,
        "chapter": 4,
        "verse": 10,
        "text": "Herein is love, not that we loved God, but that he loved us, and sent his Son to be the propitiation for our sins."
      },
      {
        "book_name": "1 John",
        "book": 62,
        "chapter": 4,
        "verse": 11,
        "text": "Beloved, if God so loved us, we also ought to love one another."
      },
      {
        "book_name": "1 John",
        "book": 62,
        "chapter": 4,
        "verse": 12,
        "text": "No man hath beheld God at any time: if we love one another, God abideth in us, and his love is perfected in us:"
      },
      {
        "book_name": "1 John",
        "book": 62,
        "chapter": 4,
        "verse": 13,
        "text": "hereby we know that we abide in him and he in us, because he hath given us of his Spirit."
      },
      {
        "book_name": "1 John",
        "book": 62,
        "chapter": 4,
        "verse": 14,
        "text": "And we have beheld and bear witness that the Father hath sent the Son to be the Saviour of the world."
      },
      {
        "book_name": "1 John",
        "book": 62,
        "chapter": 4,
        "verse": 15,
        "text": "Whosoever shall confess that Jesus is the Son of God, God abideth in him, and he in God."
      },
      {
        "book_name": "1 John",
        "book": 62,
        "chapter": 4,
        "verse": 16,
        "text": "And we know and have believed the love which God hath in us. God is love; and he that abideth in love abideth in God, and God abideth in him."
      },
      {
        "book_name": "1 John",
        "book": 62,
        "chapter": 4,
        "verse": 17,
        "text": "Herein is love made perfect with us, that we may have boldness in the day of judgment; because as he is, even so are we in this world."
      },
      {
        "book_name": "1 John",
        "book": 62,
        "chapter": 4,
        "verse": 18,
        "text": "There is no fear in love: but perfect love casteth out fear, because fear hath punishment; and he that feareth is not made perfect in love."
      },
      {
        "book_name": "1 John",
        "book": 62,
        "chapter": 4,
        "verse": 19,
        "text": "We love, because he first loved us."
      },
      {
        "book_name": "1 John",
        "book": 62,
        "chapter": 4,
        "verse": 20,
        "text": "If a man say, I love God, and hateth his brother, he is a liar: for he that loveth not his brother whom he hath seen, cannot love God whom he hath not seen."
      },
      {
        "book_name": "1 John",
        "book": 62,
        "chapter": 4,
        "verse": 21,
        "text": "And this commandment have we from him, that he who loveth God love his brother also."
      }
    ],
    "5": [
      {
        "book_name": "1 John",
        "book": 62,
        "chapter": 5,
        "verse": 1,
        "text": "1Whosoever believeth that Jesus is the Christ is begotten of God: and whosoever loveth him that begat loveth him also that is begotten of him. 2Hereby we know that we love the children of God, when we love God and do his commandments. 3For this is the love of God, that we keep his commandments: and his commandments are not grievous. 4For whatsoever is begotten of God overcometh the world: and this is the victory that hath overcome the world, even our faith. 5And who is he that overcometh the world, but he that believeth that Jesus is the Son of God? 6This is he that came by water and blood, even Jesus Christ; not with the water only, but with the water and with the blood. 7And it is the Spirit that beareth witness, because the Spirit is the truth. 8For there are three who bear witness, the Spirit, and the water, and the blood: and the three agree in one. 9If we receive the witness of men, the witness of God is greater: for the witness of God is this, that he hath borne witness concerning his Son. 10He that believeth on the Son of God hath the witness in him: he that believeth not God hath made him a liar; because he hath not believed in the witness that God hath borne concerning his Son. 11And the witness is this, that God gave unto us eternal life, and this life is in his Son. 12He that hath the Son hath the life; he that hath not the Son of God hath not the life.  13These things have I written unto you, that ye may know that ye have eternal life, even unto you that believe on the name of the Son of God. 14And this is the boldness which we have toward him, that, if we ask anything according to his will, he heareth us: 15and if we know that he heareth us whatsoever we ask, we know that we have the petitions which we have asked of him. 16If any man see his brother sinning a sin not unto death, he shall ask, and God will give him life for them that sin not unto death. There is a sin unto death: not concerning this do I say that he should make request. 17All unrighteousness is sin: and there is a sin not unto death.  18We know that whosoever is begotten of God sinneth not; but he that was begotten of God keepeth himself, and the evil one toucheth him not. 19We know that we are of God, and the whole world lieth in the evil one. 20And we know that the Son of God is come, and hath given us an understanding, that we know him that is true, and we are in him that is true, even in his Son Jesus Christ. This is the true God, and eternal life. 21My little children, guard yourselves from idols."
      },
      {
        "book_name": "1 John",
        "book": 62,
        "chapter": 5,
        "verse": 1,
        "text": "Whosoever believeth that Jesus is the Christ is begotten of God: and whosoever loveth him that begat loveth him also that is begotten of him."
      },
      {
        "book_name": "1 John",
        "book": 62,
        "chapter": 5,
        "verse": 2,
        "text": "Hereby we know that we love the children of God, when we love God and do his commandments."
      },
      {
        "book_name": "1 John",
        "book": 62,
        "chapter": 5,
        "verse": 3,
        "text": "For this is the love of God, that we keep his commandments: and his commandments are not grievous."
      },
      {
        "book_name": "1 John",
        "book": 62,
        "chapter": 5,
        "verse": 4,
        "text": "For whatsoever is begotten of God overcometh the world: and this is the victory that hath overcome the world, even our faith."
      },
      {
        "book_name": "1 John",
        "book": 62,
        "chapter": 5,
        "verse": 5,
        "text": "And who is he that overcometh the world, but he that believeth that Jesus is the Son of God?"
      },
      {
        "book_name": "1 John",
        "book": 62,
        "chapter": 5,
        "verse": 6,
        "text": "This is he that came by water and blood, even Jesus Christ; not with the water only, but with the water and with the blood."
      },
      {
        "book_name": "1 John",
        "book": 62,
        "chapter": 5,
        "verse": 7,
        "text": "And it is the Spirit that beareth witness, because the Spirit is the truth."
      },
      {
        "book_name": "1 John",
        "book": 62,
        "chapter": 5,
        "verse": 8,
        "text": "For there are three who bear witness, the Spirit, and the water, and the blood: and the three agree in one."
      },
      {
        "book_name": "1 John",
        "book": 62,
        "chapter": 5,
        "verse": 9,
        "text": "If we receive the witness of men, the witness of God is greater: for the witness of God is this, that he hath borne witness concerning his Son."
      },
      {
        "book_name": "1 John",
        "book": 62,
        "chapter": 5,
        "verse": 10,
        "text": "He that believeth on the Son of God hath the witness in him: he that believeth not God hath made him a liar; because he hath not believed in the witness that God hath borne concerning his Son."
      },
      {
        "book_name": "1 John",
        "book": 62,
        "chapter": 5,
        "verse": 11,
        "text": "And the witness is this, that God gave unto us eternal life, and this life is in his Son."
      },
      {
        "book_name": "1 John",
        "book": 62,
        "chapter": 5,
        "verse": 12,
        "text": "He that hath the Son hath the life; he that hath not the Son of God hath not the life."
      },
      {
        "book_name": "1 John",
        "book": 62,
        "chapter": 5,
        "verse": 13,
        "text": "These things have I written unto you, that ye may know that ye have eternal life, even unto you that believe on the name of the Son of God."
      },
      {
        "book_name": "1 John",
        "book": 62,
        "chapter": 5,
        "verse": 14,
        "text": "And this is the boldness which we have toward him, that, if we ask anything according to his will, he heareth us:"
      },
      {
        "book_name": "1 John",
        "book": 62,
        "chapter": 5,
        "verse": 15,
        "text": "and if we know that he heareth us whatsoever we ask, we know that we have the petitions which we have asked of him."
      },
      {
        "book_name": "1 John",
        "book": 62,
        "chapter": 5,
        "verse": 16,
        "text": "If any man see his brother sinning a sin not unto death, he shall ask, and God will give him life for them that sin not unto death. There is a sin unto death: not concerning this do I say that he should make request."
      },
      {
        "book_name": "1 John",
        "book": 62,
        "chapter": 5,
        "verse": 17,
        "text": "All unrighteousness is sin: and there is a sin not unto death."
      },
      {
        "book_name": "1 John",
        "book": 62,
        "chapter": 5,
        "verse": 18,
        "text": "We know that whosoever is begotten of God sinneth not; but he that was begotten of God keepeth himself, and the evil one toucheth him not."
      },
      {
        "book_name": "1 John",
        "book": 62,
        "chapter": 5,
        "verse": 19,
        "text": "We know that we are of God, and the whole world lieth in the evil one."
      },
      {
        "book_name": "1 John",
        "book": 62,
        "chapter": 5,
        "verse": 20,
        "text": "And we know that the Son of God is come, and hath given us an understanding, that we know him that is true, and we are in him that is true, even in his Son Jesus Christ. This is the true God, and eternal life."
      },
      {
        "book_name": "1 John",
        "book": 62,
        "chapter": 5,
        "verse": 21,
        "text": "My little children, guard yourselves from idols."
      }
    ]
  }
}