{
  "source": "bible.com",
  "version": "American Standard Version",
  "book": "2 Thessalonians",
  "chapters": {
    "1": [
      {
        "book_name": "2 Thessalonians",
        "book": 53,
        "chapter": 1,
        "verse": 1,
        "text": "1Paul, and Silvanus, and Timothy, unto the church of the Thessalonians in God our Father and the Lord Jesus Christ; 2Grace to you and peace from God the Father and the Lord Jesus Christ.  3We are bound to give thanks to God always for you, brethren, even as it is meet, for that your faith groweth exceedingly, and the love of each one of you all toward one another aboundeth; 4so that we ourselves glory in you in the churches of God for your patience and faith in all your persecutions and in the afflictions which ye endure; 5which is a manifest token of the righteous judgment of God; to the end that ye may be counted worthy of the kingdom of God, for which ye also suffer: 6if so be that it is a righteous thing with God to recompense affliction to them that afflict you, 7and to you that are afflicted rest with us, at the revelation of the Lord Jesus from heaven with the angels of his power in flaming fire, 8rendering vengeance to them that know not God, and to them that obey not the gospel of our Lord Jesus: 9who shall suffer punishment, even eternal destruction from the face of the Lord and from the glory of his might, 10when he shall come to be glorified in his saints, and to be marvelled at in all them that believed (because our testimony unto you was believed) in that day. 11To which end we also pray always for you, that our God may count you worthy of your calling, and fulfil every desire of goodness and every work of faith, with power; 12that the name of our Lord Jesus may be glorified in you, and ye in him, according to the grace of our God and the Lord Jesus Christ."
      },
      {
        "book_name": "2 Thessalonians",
        "book": 53,
        "chapter": 1,
        "verse": 1,
        "text": "Paul, and Silvanus, and Timothy, unto the church of the Thessalonians in God our Father and the Lord Jesus Christ;"
      },
      {
        "book_name": "2 Thessalonians",
        "book": 53,
        "chapter": 1,
        "verse": 2,
        "text": "Grace to you and peace from God the Father and the Lord Jesus Christ."
      },
      {
        "book_name": "2 Thessalonians",
        "book": 53,
        "chapter": 1,
        "verse": 3,
        "text": "We are bound to give thanks to God always for you, brethren, even as it is meet, for that your faith groweth exceedingly, and the love of each one of you all toward one another aboundeth;"
      },
      {
        "book_name": "2 Thessalonians",
        "book": 53,
        "chapter": 1,
        "verse": 4,
        "text": "so that we ourselves glory in you in the churches of God for your patience and faith in all your persecutions and in the afflictions which ye endure;"
      },
      {
        "book_name": "2 Thessalonians",
        "book": 53,
        "chapter": 1,
        "verse": 5,
        "text": "which is a manifest token of the righteous judgment of God; to the end that ye may be counted worthy of the kingdom of God, for which ye also suffer:"
      },
      {
        "book_name": "2 Thessalonians",
        "book": 53,
        "chapter": 1,
        "verse": 6,
        "text": "if so be that it is a righteous thing with God to recompense affliction to them that afflict you,"
      },
      {
        "book_name": "2 Thessalonians",
        "book": 53,
        "chapter": 1,
        "verse": 7,
        "text": "and to you that are afflicted rest with us, at the revelation of the Lord Jesus from heaven with the angels of his power in flaming fire,"
      },
      {
        "book_name": "2 Thessalonians",
        "book": 53,
        "chapter": 1,
        "verse": 8,
        "text": "rendering vengeance to them that know not God, and to them that obey not the gospel of our Lord Jesus:"
      },
      {
        "book_name": "2 Thessalonians",
        "book": 53,
        "chapter": 1,
        "verse": 9,
        "text": "who shall suffer punishment, even eternal destruction from the face of the Lord and from the glory of his might,"
      },
      {
        "book_name": "2 Thessalonians",
        "book": 53,
        "chapter": 1,
        "verse": 10,
        "text": "when he shall come to be glorified in his saints, and to be marvelled at in all them that believed (because our testimony unto you was believed) in that day."
      },
      {
        "book_name": "2 Thessalonians",
        "book": 53,
        "chapter": 1,
        "verse": 11,
        "text": "To which end we also pray always for you, that our God may count you worthy of your calling, and fulfil every desire of goodness and every work of faith, with power;"
      },
      {
        "book_name": "2 Thessalonians",
        "book": 53,
        "chapter": 1,
        "verse": 12,
        "text": "that the name of our Lord Jesus may be glorified in you, and ye in him, according to the grace of our God and the Lord Jesus Christ."
      }
    ],
    "2": [
      {
        "book_name": "2 Thessalonians",
        "book": 53,
        "chapter": 2,
        "verse": 1,
        "text": "1Now we beseech you, brethren, touching the coming of our Lord Jesus Christ, and our gathering together unto him; 2to the end that ye be not quickly shaken from your mind, nor yet be troubled, either by spirit, or by word, or by epistle as from us, as that the day of the Lord is just at hand; 3let no man beguile you in any wise: for it will not be, except the falling away come first, and the man of sin be revealed, the son of perdition, 4he that opposeth and exalteth himself against all that is called God or that is worshipped; so that he sitteth in the temple of God, setting himself forth as God. 5Remember ye not, that, when I was yet with you, I told you these things? 6And now ye know that which restraineth, to the end that he may be revealed in his own season. 7For the mystery of lawlessness doth already work: only there is one that restraineth now, until he be taken out of the way. 8And then shall be revealed the lawless one, whom the Lord Jesus shall slay with the breath of his mouth, and bring to nought by the manifestation of his coming; 9even he, whose coming is according to the working of Satan with all power and signs and lying wonders, 10and with all deceit of unrighteousness for them that perish; because they received not the love of the truth, that they might be saved. 11And for this cause God sendeth them a working of error, that they should believe a lie: 12that they all might be judged who believed not the truth, but had pleasure in unrighteousness.  13But we are bound to give thanks to God always for you, brethren beloved of the Lord, for that God chose you from the beginning unto salvation in sanctification of the Spirit and belief of the truth: 14whereunto he called you through our gospel, to the obtaining of the glory of our Lord Jesus Christ. 15So then, brethren, stand fast, and hold the traditions which ye were taught, whether by word, or by epistle of ours.  16Now our Lord Jesus Christ himself, and God our Father who loved us and gave us eternal comfort and good hope through grace, 17comfort your hearts and establish them in every good work and word."
      },
      {
        "book_name": "2 Thessalonians",
        "book": 53,
        "chapter": 2,
        "verse": 1,
        "text": "Now we beseech you, brethren, touching the coming of our Lord Jesus Christ, and our gathering together unto him;"
      },
      {
        "book_name": "2 Thessalonians",
        "book": 53,
        "chapter": 2,
        "verse": 2,
        "text": "to the end that ye be not quickly shaken from your mind, nor yet be troubled, either by spirit, or by word, or by epistle as from us, as that the day of the Lord is just at hand;"
      },
      {
        "book_name": "2 Thessalonians",
        "book": 53,
        "chapter": 2,
        "verse": 3,
        "text": "let no man beguile you in any wise: for it will not be, except the falling away come first, and the man of sin be revealed, the son of perdition,"
      },
      {
        "book_name": "2 Thessalonians",
        "book": 53,
        "chapter": 2,
        "verse": 4,
        "text": "he that opposeth and exalteth himself against all that is called God or that is worshipped; so that he sitteth in the temple of God, setting himself forth as God."
      },
      {
        "book_name": "2 Thessalonians",
        "book": 53,
        "chapter": 2,
        "verse": 5,
        "text": "Remember ye not, that, when I was yet with you, I told you these things?"
      },
      {
        "book_name": "2 Thessalonians",
        "book": 53,
        "chapter": 2,
        "verse": 6,
        "text": "And now ye know that which restraineth, to the end that he may be revealed in his own season."
      },
      {
        "book_name": "2 Thessalonians",
        "book": 53,
        "chapter": 2,
        "verse": 7,
        "text": "For the mystery of lawlessness doth already work: only there is one that restraineth now, until he be taken out of the way."
      },
      {
        "book_name": "2 Thessalonians",
        "book": 53,
        "chapter": 2,
        "verse": 8,
        "text": "And then shall be revealed the lawless one, whom the Lord Jesus shall slay with the breath of his mouth, and bring to nought by the manifestation of his coming;"
      },
      {
        "book_name": "2 Thessalonians",
        "book": 53,
        "chapter": 2,
        "verse": 9,
        "text": "even he, whose coming is according to the working of Satan with all power and signs and lying wonders,"
      },
      {
        "book_name": "2 Thessalonians",
        "book": 53,
        "chapter": 2,
        "verse": 10,
        "text": "and with all deceit of unrighteousness for them that perish; because they received not the love of the truth, that they might be saved."
      },
      {
        "book_name": "2 Thessalonians",
        "book": 53,
        "chapter": 2,
        "verse": 11,
        "text": "And for this cause God sendeth them a working of error, that they should believe a lie:"
      },
      {
        "book_name": "2 Thessalonians",
        "book": 53,
        "chapter": 2,
        "verse": 12,
        "text": "that they all might be judged who believed not the truth, but had pleasure in unrighteousness."
      },
      {
        "book_name": "2 Thessalonians",
        "book": 53,
        "chapter": 2,
        "verse": 13,
        "text": "But we are bound to give thanks to God always for you, brethren beloved of the Lord, for that God chose you from the beginning unto salvation in sanctification of the Spirit and belief of the truth:"
      },
      {
        "book_name": "2 Thessalonians",
        "book": 53,
        "chapter": 2,
        "verse": 14,
        "text": "whereunto he called you through our gospel, to the obtaining of the glory of our Lord Jesus Christ."
      },
      {
        "book_name": "2 Thessalonians",
        "book": 53,
        "chapter": 2,
        "verse": 15,
        "text": "So then, brethren, stand fast, and hold the traditions which ye were taught, whether by word, or by epistle of ours."
      },
      {
        "book_name": "2 Thessalonians",
        "book": 53,
        "chapter": 2,
        "verse": 16,
        "text": "Now our Lord Jesus Christ himself, and God our Father who loved us and gave us eternal comfort and good hope through grace,"
      },
      {
        "book_name": "2 Thessalonians",
        "book": 53,
        "chapter": 2,
        "verse": 17,
        "text": "comfort your hearts and establish them in every good work and word."
      }
    ],
    "3": [
      {
        "book_name": "2 Thessalonians",
        "book": 53,
        "chapter": 3,
        "verse": 1,
        "text": "1Finally, brethren, pray for us, that the word of the Lord may run and be glorified, even as also it is with you; 2and that we may be delivered from unreasonable and evil men; for all have not faith. 3But the Lord is faithful, who shall establish you, and guard you from the evil one. 4And we have confidence in the Lord touching you, that ye both do and will do the things which we command. 5And the Lord direct your hearts into the love of God, and into the patience of Christ.  6Now we command you, brethren, in the name of our Lord Jesus Christ, that ye withdraw yourselves from every brother that walketh disorderly, and not after the tradition which they received of us. 7For yourselves know how ye ought to imitate us: for we behaved not ourselves disorderly among you; 8neither did we eat bread for nought at any man’s hand, but in labor and travail, working night and day, that we might not burden any of you: 9not because we have not the right, but to make ourselves an ensample unto you, that ye should imitate us. 10For even when we were with you, this we commanded you, If any will not work, neither let him eat. 11For we hear of some that walk among you disorderly, that work not at all, but are busybodies. 12Now them that are such we command and exhort in the Lord Jesus Christ, that with quietness they work, and eat their own bread. 13But ye, brethren, be not weary in well-doing. 14And if any man obeyeth not our word by this epistle, note that man, that ye have no company with him, to the end that he may be ashamed. 15And yet count him not as an enemy, but admonish him as a brother.  16Now the Lord of peace himself give you peace at all times in all ways. The Lord be with you all.  17The salutation of me Paul with mine own hand, which is the token in every epistle: so I write. 18The grace of our Lord Jesus Christ be with you all."
      },
      {
        "book_name": "2 Thessalonians",
        "book": 53,
        "chapter": 3,
        "verse": 1,
        "text": "Finally, brethren, pray for us, that the word of the Lord may run and be glorified, even as also it is with you;"
      },
      {
        "book_name": "2 Thessalonians",
        "book": 53,
        "chapter": 3,
        "verse": 2,
        "text": "and that we may be delivered from unreasonable and evil men; for all have not faith."
      },
      {
        "book_name": "2 Thessalonians",
        "book": 53,
        "chapter": 3,
        "verse": 3,
        "text": "But the Lord is faithful, who shall establish you, and guard you from the evil one."
      },
      {
        "book_name": "2 Thessalonians",
        "book": 53,
        "chapter": 3,
        "verse": 4,
        "text": "And we have confidence in the Lord touching you, that ye both do and will do the things which we command."
      },
      {
        "book_name": "2 Thessalonians",
        "book": 53,
        "chapter": 3,
        "verse": 5,
        "text": "And the Lord direct your hearts into the love of God, and into the patience of Christ."
      },
      {
        "book_name": "2 Thessalonians",
        "book": 53,
        "chapter": 3,
        "verse": 6,
        "text": "Now we command you, brethren, in the name of our Lord Jesus Christ, that ye withdraw yourselves from every brother that walketh disorderly, and not after the tradition which they received of us."
      },
      {
        "book_name": "2 Thessalonians",
        "book": 53,
        "chapter": 3,
        "verse": 7,
        "text": "For yourselves know how ye ought to imitate us: for we behaved not ourselves disorderly among you;"
      },
      {
        "book_name": "2 Thessalonians",
        "book": 53,
        "chapter": 3,
        "verse": 8,
        "text": "neither did we eat bread for nought at any man’s hand, but in labor and travail, working night and day, that we might not burden any of you:"
      },
      {
        "book_name": "2 Thessalonians",
        "book": 53,
        "chapter": 3,
        "verse": 9,
        "text": "not because we have not the right, but to make ourselves an ensample unto you, that ye should imitate us."
      },
      {
        "book_name": "2 Thessalonians",
        "book": 53,
        "chapter": 3,
        "verse": 10,
        "text": "For even when we were with you, this we commanded you, If any will not work, neither let him eat."
      },
      {
        "book_name": "2 Thessalonians",
        "book": 53,
        "chapter": 3,
        "verse": 11,
        "text": "For we hear of some that walk among you disorderly, that work not at all, but are busybodies."
      },
      {
        "book_name": "2 Thessalonians",
        "book": 53,
        "chapter": 3,
        "verse": 12,
        "text": "Now them that are such we command and exhort in the Lord Jesus Christ, that with quietness they work, and eat their own bread."
      },
      {
        "book_name": "2 Thessalonians",
        "book": 53,
        "chapter": 3,
        "verse": 13,
        "text": "But ye, brethren, be not weary in well-doing."
      },
      {
        "book_name": "2 Thessalonians",
        "book": 53,
        "chapter": 3,
        "verse": 14,
        "text": "And if any man obeyeth not our word by this epistle, note that man, that ye have no company with him, to the end that he may be ashamed."
      },
      {
        "book_name": "2 Thessalonians",
        "book": 53,
        "chapter": 3,
        "verse": 15,
        "text": "And yet count him not as an enemy, but admonish him as a brother."
      },
      {
        "book_name": "2 Thessalonians",
        "book": 53,
        "chapter": 3,
        "verse": 16,
        "text": "Now the Lord of peace himself give you peace at all times in all ways. The Lord be with you all."
      },
      {
        "book_name": "2 Thessalonians",
        "book": 53,
        "chapter": 3,
        "verse": 17,
        "text": "The salutation of me Paul with mine own hand, which is the token in every epistle: so I write."
      },
      {
        "book_name": "2 Thessalonians",
        "book": 53,
        "chapter": 3,
        "verse": 18,
        "text": "The grace of our Lord Jesus Christ be with you all."
      }
    ]
  }
}