{
  "source": "bible.com",
  "version": "American Standard Version",
  "book": "2 Timothy",
  "chapters": {
    "1": [
      {
        "book_name": "2 Timothy",
        "book": 55,
        "chapter": 1,
        "verse": 1,
        "text": "1Paul, an apostle of Christ Jesus through the will of God, according to the promise of the life which is in Christ Jesus, 2to Timothy, my beloved child: Grace, mercy, peace, from God the Father and Christ Jesus our Lord.  3I thank God, whom I serve from my forefathers in a pure conscience, how unceasing is my remembrance of thee in my supplications, night and day 4longing to see thee, remembering thy tears, that I may be filled with joy; 5having been reminded of the unfeigned faith that is in thee; which dwelt first in thy grandmother Lois, and thy mother Eunice; and, I am persuaded, in thee also. 6For which cause I put thee in remembrance that thou stir up the gift of God, which is in thee through the laying on of my hands. 7For God gave us not a spirit of fearfulness; but of power and love and discipline. 8Be not ashamed therefore of the testimony of our Lord, nor of me his prisoner: but suffer hardship with the gospel according to the power of God; 9who saved us, and called us with a holy calling, not according to our works, but according to his own purpose and grace, which was given us in Christ Jesus before times eternal, 10but hath now been manifested by the appearing of our Saviour Christ Jesus, who abolished death, and brought life and immortality to light through the gospel, 11whereunto I was appointed a preacher, and an apostle, and a teacher. 12For which cause I suffer also these things: yet I am not ashamed; for I know him whom I have believed, and I am persuaded that he is able to guard that which I have committed unto him against that day. 13Hold the pattern of sound words which thou hast heard from me, in faith and love which is in Christ Jesus. 14That good thing which was committed unto thee guard through the Holy Spirit which dwelleth in us.  15This thou knowest, that all that are in Asia turned away from me; of whom are Phygelus and Hermogenes. 16The Lord grant mercy unto the house of Onesiphorus: for he oft refreshed me, and was not ashamed of my chain; 17but, when he was in Rome, he sought me diligently, and found me 18(the Lord grant unto him to find mercy of the Lord in that day); and in how many things he ministered at Ephesus, thou knowest very well."
      },
      {
        "book_name": "2 Timothy",
        "book": 55,
        "chapter": 1,
        "verse": 1,
        "text": "Paul, an apostle of Christ Jesus through the will of God, according to the promise of the life which is in Christ Jesus,"
      },
      {
        "book_name": "2 Timothy",
        "book": 55,
        "chapter": 1,
        "verse": 2,
        "text": "to Timothy, my beloved child: Grace, mercy, peace, from God the Father and Christ Jesus our Lord."
      },
      {
        "book_name": "2 Timothy",
        "book": 55,
        "chapter": 1,
        "verse": 3,
        "text": "I thank God, whom I serve from my forefathers in a pure conscience, how unceasing is my remembrance of thee in my supplications, night and day"
      },
      {
        "book_name": "2 Timothy",
        "book": 55,
        "chapter": 1,
        "verse": 4,
        "text": "longing to see thee, remembering thy tears, that I may be filled with joy;"
      },
      {
        "book_name": "2 Timothy",
        "book": 55,
        "chapter": 1,
        "verse": 5,
        "text": "having been reminded of the unfeigned faith that is in thee; which dwelt first in thy grandmother Lois, and thy mother Eunice; and, I am persuaded, in thee also."
      },
      {
        "book_name": "2 Timothy",
        "book": 55,
        "chapter": 1,
        "verse": 6,
        "text": "For which cause I put thee in remembrance that thou stir up the gift of God, which is in thee through the laying on of my hands."
      },
      {
        "book_name": "2 Timothy",
        "book": 55,
        "chapter": 1,
        "verse": 7,
        "text": "For God gave us not a spirit of fearfulness; but of power and love and discipline."
      },
      {
        "book_name": "2 Timothy",
        "book": 55,
        "chapter": 1,
        "verse": 8,
        "text": "Be not ashamed therefore of the testimony of our Lord, nor of me his prisoner: but suffer hardship with the gospel according to the power of God;"
      },
      {
        "book_name": "2 Timothy",
        "book": 55,
        "chapter": 1,
        "verse": 9,
        "text": "who saved us, and called us with a holy calling, not according to our works, but according to his own purpose and grace, which was given us in Christ Jesus before times eternal,"
      },
      {
        "book_name": "2 Timothy",
        "book": 55,
        "chapter": 1,
        "verse": 10,
        "text": "but hath now been manifested by the appearing of our Saviour Christ Jesus, who abolished death, and brought life and immortality to light through the gospel,"
      },
      {
        "book_name": "2 Timothy",
        "book": 55,
        "chapter": 1,
        "verse": 11,
        "text": "whereunto I was appointed a preacher, and an apostle, and a teacher."
      },
      {
        "book_name": "2 Timothy",
        "book": 55,
        "chapter": 1,
        "verse": 12,
        "text": "For which cause I suffer also these things: yet I am not ashamed; for I know him whom I have believed, and I am persuaded that he is able to guard that which I have committed unto him against that day."
      },
      {
        "book_name": "2 Timothy",
        "book": 55,
        "chapter": 1,
        "verse": 13,
        "text": "Hold the pattern of sound words which thou hast heard from me, in faith and love which is in Christ Jesus."
      },
      {
        "book_name": "2 Timothy",
        "book": 55,
        "chapter": 1,
        "verse": 14,
        "text": "That good thing which was committed unto thee guard through the Holy Spirit which dwelleth in us."
      },
      {
        "book_name": "2 Timothy",
        "book": 55,
        "chapter": 1,
        "verse": 15,
        "text": "This thou knowest, that all that are in Asia turned away from me; of whom are Phygelus and Hermogenes."
      },
      {
        "book_name": "2 Timothy",
        "book": 55,
        "chapter": 1,
        "verse": 16,
        "text": "The Lord grant mercy unto the house of Onesiphorus: for he oft refreshed me, and was not ashamed of my chain;"
      },
      {
        "book_name": "2 Timothy",
        "book": 55,
        "chapter": 1,
        "verse": 17,
        "text": "but, when he was in Rome, he sought me diligently, and found me"
      },
      {
        "book_name": "2 Timothy",
        "book": 55,
        "chapter": 1,
        "verse": 18,
        "text": "(the Lord grant unto him to find mercy of the Lord in that day); and in how many things he ministered at Ephesus, thou knowest very well."
      }
    ],
    "2": [
      {
        "book_name": "2 Timothy",
        "book": 55,
        "chapter": 2,
        "verse": 1,
        "text": "1Thou therefore, my child, be strengthened in the grace that is in Christ Jesus. 2And the things which thou hast heard from me among many witnesses, the same commit thou to faithful men, who shall be able to teach others also. 3Suffer hardship with me, as a good soldier of Christ Jesus. 4No soldier on service entangleth himself in the affairs of this life; that he may please him who enrolled him as a soldier. 5And if also a man contend in the games, he is not crowned, except he have contended lawfully. 6The husbandman that laboreth must be the first to partake of the fruits. 7Consider what I say; for the Lord shall give thee understanding in all things. 8Remember Jesus Christ, risen from the dead, of the seed of David, according to my gospel: 9wherein I suffer hardship unto bonds, as a malefactor; but the word of God is not bound. 10Therefore I endure all things for the elect’s sake, that they also may obtain the salvation which is in Christ Jesus with eternal glory. 11Faithful is the saying: For if we died with him, we shall also live with him: 12if we endure, we shall also reign with him: if we shall deny him, he also will deny us: 13if we are faithless, he abideth faithful; for he cannot deny himself.  14Of these things put them in remembrance, charging them in the sight of the Lord, that they strive not about words, to no profit, to the subverting of them that hear. 15Give diligence to present thyself approved unto God, a workman that needeth not to be ashamed, handling aright the word of truth. 16But shun profane babblings: for they will proceed further in ungodliness, 17and their word will eat as doth a gangrene: of whom is Hymenæus and Philetus; 18men who concerning the truth have erred, saying that the resurrection is past already, and overthrow the faith of some. 19Howbeit the firm foundation of God standeth, having this seal, The Lord knoweth them that are his: and, Let every one that nameth the name of the Lord depart from unrighteousness. 20Now in a great house there are not only vessels of gold and of silver, but also of wood and of earth; and some unto honor, and some unto dishonor. 21If a man therefore purge himself from these, he shall be a vessel unto honor, sanctified, meet for the master’s use, prepared unto every good work. 22But flee youthful lusts, and follow after righteousness, faith, love, peace, with them that call on the Lord out of a pure heart. 23But foolish and ignorant questionings refuse, knowing that they gender strifes. 24And the Lord’s servant must not strive, but be gentle towards all, apt to teach, forbearing, 25in meekness correcting them that oppose themselves; if peradventure God may give them repentance unto the knowledge of the truth, 26and they may recover themselves out of the snare of the devil, having been taken captive by him unto his will."
      },
      {
        "book_name": "2 Timothy",
        "book": 55,
        "chapter": 2,
        "verse": 1,
        "text": "Thou therefore, my child, be strengthened in the grace that is in Christ Jesus."
      },
      {
        "book_name": "2 Timothy",
        "book": 55,
        "chapter": 2,
        "verse": 2,
        "text": "And the things which thou hast heard from me among many witnesses, the same commit thou to faithful men, who shall be able to teach others also."
      },
      {
        "book_name": "2 Timothy",
        "book": 55,
        "chapter": 2,
        "verse": 3,
        "text": "Suffer hardship with me, as a good soldier of Christ Jesus."
      },
      {
        "book_name": "2 Timothy",
        "book": 55,
        "chapter": 2,
        "verse": 4,
        "text": "No soldier on service entangleth himself in the affairs of this life; that he may please him who enrolled him as a soldier."
      },
      {
        "book_name": "2 Timothy",
        "book": 55,
        "chapter": 2,
        "verse": 5,
        "text": "And if also a man contend in the games, he is not crowned, except he have contended lawfully."
      },
      {
        "book_name": "2 Timothy",
        "book": 55,
        "chapter": 2,
        "verse": 6,
        "text": "The husbandman that laboreth must be the first to partake of the fruits."
      },
      {
        "book_name": "2 Timothy",
        "book": 55,
        "chapter": 2,
        "verse": 7,
        "text": "Consider what I say; for the Lord shall give thee understanding in all things."
      },
      {
        "book_name": "2 Timothy",
        "book": 55,
        "chapter": 2,
        "verse": 8,
        "text": "Remember Jesus Christ, risen from the dead, of the seed of David, according to my gospel:"
      },
      {
        "book_name": "2 Timothy",
        "book": 55,
        "chapter": 2,
        "verse": 9,
        "text": "wherein I suffer hardship unto bonds, as a malefactor; but the word of God is not bound."
      },
      {
        "book_name": "2 Timothy",
        "book": 55,
        "chapter": 2,
        "verse": 10,
        "text": "Therefore I endure all things for the elect’s sake, that they also may obtain the salvation which is in Christ Jesus with eternal glory."
      },
      {
        "book_name": "2 Timothy",
        "book": 55,
        "chapter": 2,
        "verse": 11,
        "text": "Faithful is the saying: For if we died with him, we shall also live with him:"
      },
      {
        "book_name": "2 Timothy",
        "book": 55,
        "chapter": 2,
        "verse": 12,
        "text": "if we endure, we shall also reign with him: if we shall deny him, he also will deny us:"
      },
      {
        "book_name": "2 Timothy",
        "book": 55,
        "chapter": 2,
        "verse": 13,
        "text": "if we are faithless, he abideth faithful; for he cannot deny himself."
      },
      {
        "book_name": "2 Timothy",
        "book": 55,
        "chapter": 2,
        "verse": 14,
        "text": "Of these things put them in remembrance, charging them in the sight of the Lord, that they strive not about words, to no profit, to the subverting of them that hear."
      },
      {
        "book_name": "2 Timothy",
        "book": 55,
        "chapter": 2,
        "verse": 15,
        "text": "Give diligence to present thyself approved unto God, a workman that needeth not to be ashamed, handling aright the word of truth."
      },
      {
        "book_name": "2 Timothy",
        "book": 55,
        "chapter": 2,
        "verse": 16,
        "text": "But shun profane babblings: for they will proceed further in ungodliness,"
      },
      {
        "book_name": "2 Timothy",
        "book": 55,
        "chapter": 2,
        "verse": 17,
        "text": "and their word will eat as doth a gangrene: of whom is Hymenæus and Philetus;"
      },
      {
        "book_name": "2 Timothy",
        "book": 55,
        "chapter": 2,
        "verse": 18,
        "text": "men who concerning the truth have erred, saying that the resurrection is past already, and overthrow the faith of some."
      },
      {
        "book_name": "2 Timothy",
        "book": 55,
        "chapter": 2,
        "verse": 19,
        "text": "Howbeit the firm foundation of God standeth, having this seal, The Lord knoweth them that are his: and, Let every one that nameth the name of the Lord depart from unrighteousness."
      },
      {
        "book_name": "2 Timothy",
        "book": 55,
        "chapter": 2,
        "verse": 20,
        "text": "Now in a great house there are not only vessels of gold and of silver, but also of wood and of earth; and some unto honor, and some unto dishonor."
      },
      {
        "book_name": "2 Timothy",
        "book": 55,
        "chapter": 2,
        "verse": 21,
        "text": "If a man therefore purge himself from these, he shall be a vessel unto honor, sanctified, meet for the master’s use, prepared unto every good work."
      },
      {
        "book_name": "2 Timothy",
        "book": 55,
        "chapter": 2,
        "verse": 22,
        "text": "But flee youthful lusts, and follow after righteousness, faith, love, peace, with them that call on the Lord out of a pure heart."
      },
      {
        "book_name": "2 Timothy",
        "book": 55,
        "chapter": 2,
        "verse": 23,
        "text": "But foolish and ignorant questionings refuse, knowing that they gender strifes."
      },
      {
        "book_name": "2 Timothy",
        "book": 55,
        "chapter": 2,
        "verse": 24,
        "text": "And the Lord’s servant must not strive, but be gentle towards all, apt to teach, forbearing,"
      },
      {
        "book_name": "2 Timothy",
        "book": 55,
        "chapter": 2,
        "verse": 25,
        "text": "in meekness correcting them that oppose themselves; if peradventure God may give them repentance unto the knowledge of the truth,"
      },
      {
        "book_name": "2 Timothy",
        "book": 55,
        "chapter": 2,
        "verse": 26,
        "text": "and they may recover themselves out of the snare of the devil, having been taken captive by him unto his will."
      }
    ],
    "3": [
      {
        "book_name": "2 Timothy",
        "book": 55,
        "chapter": 3,
        "verse": 1,
        "text": "1But know this, that in the last days grievous times shall come. 2For men shall be lovers of self, lovers of money, boastful, haughty, railers, disobedient to parents, unthankful, unholy, 3without natural affection, implacable, slanderers, without self-control, fierce, no lovers of good, 4traitors, headstrong, puffed up, lovers of pleasure rather than lovers of God; 5holding a form of godliness, but having denied the power thereof: from these also turn away. 6For of these are they that creep into houses, and take captive silly women laden with sins, led away by divers lusts, 7ever learning, and never able to come to the knowledge of the truth. 8And even as Jannes and Jambres withstood Moses, so do these also withstand the truth; men corrupted in mind, reprobate concerning the faith. 9But they shall proceed no further: for their folly shall be evident unto all men, as theirs also came to be. 10But thou didst follow my teaching, conduct, purpose, faith, longsuffering, love, patience, 11persecutions, sufferings; what things befell me at Antioch, at Iconium, at Lystra; what persecutions I endured: and out of them all the Lord delivered me. 12Yea, and all that would live godly in Christ Jesus shall suffer persecution. 13But evil men and impostors shall wax worse and worse, deceiving and being deceived. 14But abide thou in the things which thou hast learned and hast been assured of, knowing of whom thou hast learned them; 15and that from a babe thou hast known the sacred writings which are able to make thee wise unto salvation through faith which is in Christ Jesus. 16Every scripture inspired of God is also profitable for teaching, for reproof, for correction, for instruction which is in righteousness: 17that the man of God may be complete, furnished completely unto every good work."
      },
      {
        "book_name": "2 Timothy",
        "book": 55,
        "chapter": 3,
        "verse": 1,
        "text": "But know this, that in the last days grievous times shall come."
      },
      {
        "book_name": "2 Timothy",
        "book": 55,
        "chapter": 3,
        "verse": 2,
        "text": "For men shall be lovers of self, lovers of money, boastful, haughty, railers, disobedient to parents, unthankful, unholy,"
      },
      {
        "book_name": "2 Timothy",
        "book": 55,
        "chapter": 3,
        "verse": 3,
        "text": "without natural affection, implacable, slanderers, without self-control, fierce, no lovers of good,"
      },
      {
        "book_name": "2 Timothy",
        "book": 55,
        "chapter": 3,
        "verse": 4,
        "text": "traitors, headstrong, puffed up, lovers of pleasure rather than lovers of God;"
      },
      {
        "book_name": "2 Timothy",
        "book": 55,
        "chapter": 3,
        "verse": 5,
        "text": "holding a form of godliness, but having denied the power thereof: from these also turn away."
      },
      {
        "book_name": "2 Timothy",
        "book": 55,
        "chapter": 3,
        "verse": 6,
        "text": "For of these are they that creep into houses, and take captive silly women laden with sins, led away by divers lusts,"
      },
      {
        "book_name": "2 Timothy",
        "book": 55,
        "chapter": 3,
        "verse": 7,
        "text": "ever learning, and never able to come to the knowledge of the truth."
      },
      {
        "book_name": "2 Timothy",
        "book": 55,
        "chapter": 3,
        "verse": 8,
        "text": "And even as Jannes and Jambres withstood Moses, so do these also withstand the truth; men corrupted in mind, reprobate concerning the faith."
      },
      {
        "book_name": "2 Timothy",
        "book": 55,
        "chapter": 3,
        "verse": 9,
        "text": "But they shall proceed no further: for their folly shall be evident unto all men, as theirs also came to be."
      },
      {
        "book_name": "2 Timothy",
        "book": 55,
        "chapter": 3,
        "verse": 10,
        "text": "But thou didst follow my teaching, conduct, purpose, faith, longsuffering, love, patience,"
      },
      {
        "book_name": "2 Timothy",
        "book": 55,
        "chapter": 3,
        "verse": 11,
        "text": "persecutions, sufferings; what things befell me at Antioch, at Iconium, at Lystra; what persecutions I endured: and out of them all the Lord delivered me."
      },
      {
        "book_name": "2 Timothy",
        "book": 55,
        "chapter": 3,
        "verse": 12,
        "text": "Yea, and all that would live godly in Christ Jesus shall suffer persecution."
      },
      {
        "book_name": "2 Timothy",
        "book": 55,
        "chapter": 3,
        "verse": 13,
        "text": "But evil men and impostors shall wax worse and worse, deceiving and being deceived."
      },
      {
        "book_name": "2 Timothy",
        "book": 55,
        "chapter": 3,
        "verse": 14,
        "text": "But abide thou in the things which thou hast learned and hast been assured of, knowing of whom thou hast learned them;"
      },
      {
        "book_name": "2 Timothy",
        "book": 55,
        "chapter": 3,
        "verse": 15,
        "text": "and that from a babe thou hast known the sacred writings which are able to make thee wise unto salvation through faith which is in Christ Jesus."
      },
      {
        "book_name": "2 Timothy",
        "book": 55,
        "chapter": 3,
        "verse": 16,
        "text": "Every scripture inspired of God is also profitable for teaching, for reproof, for correction, for instruction which is in righteousness:"
      },
      {
        "book_name": "2 Timothy",
        "book": 55,
        "chapter": 3,
        "verse": 17,
        "text": "that the man of God may be complete, furnished completely unto every good work."
      }
    ],
    "4": [
      {
        "book_name": "2 Timothy",
        "book": 55,
        "chapter": 4,
        "verse": 1,
        "text": "1I charge thee in the sight of God, and of Christ Jesus, who shall judge the living and the dead, and by his appearing and his kingdom: 2preach the word; be urgent in season, out of season; reprove, rebuke, exhort, with all longsuffering and teaching. 3For the time will come when they will not endure the sound doctrine; but, having itching ears, will heap to themselves teachers after their own lusts; 4and will turn away their ears from the truth, and turn aside unto fables. 5But be thou sober in all things, suffer hardship, do the work of an evangelist, fulfil thy ministry. 6For I am already being offered, and the time of my departure is come. 7I have fought the good fight, I have finished the course, I have kept the faith: 8henceforth there is laid up for me the crown of righteousness, which the Lord, the righteous judge, shall give to me at that day; and not to me only, but also to all them that have loved his appearing.  9Give diligence to come shortly unto me: 10for Demas forsook me, having loved this present world, and went to Thessalonica; Crescens to Galatia, Titus to Dalmatia. 11Only Luke is with me. Take Mark, and bring him with thee; for he is useful to me for ministering. 12But Tychicus I sent to Ephesus. 13The cloak that I left at Troas with Carpus, bring when thou comest, and the books, especially the parchments. 14Alexander the coppersmith did me much evil: the Lord will render to him according to his works: 15of whom do thou also beware; for he greatly withstood our words. 16At my first defence no one took my part, but all forsook me: may it not be laid to their account. 17But the Lord stood by me, and strengthened me; that through me the message might be fully proclaimed, and that all the Gentiles might hear: and I was delivered out of the mouth of the lion. 18The Lord will deliver me from every evil work, and will save me unto his heavenly kingdom: to whom be the glory for ever and ever. Amen.  19Salute Prisca and Aquila, and the house of Onesiphorus. 20Erastus remained at Corinth: but Trophimus I left at Miletus sick. 21Give diligence to come before winter. Eubulus saluteth thee, and Pudens, and Linus, and Claudia, and all the brethren.  22The Lord be with thy spirit. Grace be with you."
      },
      {
        "book_name": "2 Timothy",
        "book": 55,
        "chapter": 4,
        "verse": 1,
        "text": "I charge thee in the sight of God, and of Christ Jesus, who shall judge the living and the dead, and by his appearing and his kingdom:"
      },
      {
        "book_name": "2 Timothy",
        "book": 55,
        "chapter": 4,
        "verse": 2,
        "text": "preach the word; be urgent in season, out of season; reprove, rebuke, exhort, with all longsuffering and teaching."
      },
      {
        "book_name": "2 Timothy",
        "book": 55,
        "chapter": 4,
        "verse": 3,
        "text": "For the time will come when they will not endure the sound doctrine; but, having itching ears, will heap to themselves teachers after their own lusts;"
      },
      {
        "book_name": "2 Timothy",
        "book": 55,
        "chapter": 4,
        "verse": 4,
        "text": "and will turn away their ears from the truth, and turn aside unto fables."
      },
      {
        "book_name": "2 Timothy",
        "book": 55,
        "chapter": 4,
        "verse": 5,
        "text": "But be thou sober in all things, suffer hardship, do the work of an evangelist, fulfil thy ministry."
      },
      {
        "book_name": "2 Timothy",
        "book": 55,
        "chapter": 4,
        "verse": 6,
        "text": "For I am already being offered, and the time of my departure is come."
      },
      {
        "book_name": "2 Timothy",
        "book": 55,
        "chapter": 4,
        "verse": 7,
        "text": "I have fought the good fight, I have finished the course, I have kept the faith:"
      },
      {
        "book_name": "2 Timothy",
        "book": 55,
        "chapter": 4,
        "verse": 8,
        "text": "henceforth there is laid up for me the crown of righteousness, which the Lord, the righteous judge, shall give to me at that day; and not to me only, but also to all them that have loved his appearing."
      },
      {
        "book_name": "2 Timothy",
        "book": 55,
        "chapter": 4,
        "verse": 9,
        "text": "Give diligence to come shortly unto me:"
      },
      {
        "book_name": "2 Timothy",
        "book": 55,
        "chapter": 4,
        "verse": 10,
        "text": "for Demas forsook me, having loved this present world, and went to Thessalonica; Crescens to Galatia, Titus to Dalmatia."
      },
      {
        "book_name": "2 Timothy",
        "book": 55,
        "chapter": 4,
        "verse": 11,
        "text": "Only Luke is with me. Take Mark, and bring him with thee; for he is useful to me for ministering."
      },
      {
        "book_name": "2 Timothy",
        "book": 55,
        "chapter": 4,
        "verse": 12,
        "text": "But Tychicus I sent to Ephesus."
      },
      {
        "book_name": "2 Timothy",
        "book": 55,
        "chapter": 4,
        "verse": 13,
        "text": "The cloak that I left at Troas with Carpus, bring when thou comest, and the books, especially the parchments."
      },
      {
        "book_name": "2 Timothy",
        "book": 55,
        "chapter": 4,
        "verse": 14,
        "text": "Alexander the coppersmith did me much evil: the Lord will render to him according to his works:"
      },
      {
        "book_name": "2 Timothy",
        "book": 55,
        "chapter": 4,
        "verse": 15,
        "text": "of whom do thou also beware; for he greatly withstood our words."
      },
      {
        "book_name": "2 Timothy",
        "book": 55,
        "chapter": 4,
        "verse": 16,
        "text": "At my first defence no one took my part, but all forsook me: may it not be laid to their account."
      },
      {
        "book_name": "2 Timothy",
        "book": 55,
        "chapter": 4,
        "verse": 17,
        "text": "But the Lord stood by me, and strengthened me; that through me the message might be fully proclaimed, and that all the Gentiles might hear: and I was delivered out of the mouth of the lion."
      },
      {
        "book_name": "2 Timothy",
        "book": 55,
        "chapter": 4,
        "verse": 18,
        "text": "The Lord will deliver me from every evil work, and will save me unto his heavenly kingdom: to whom be the glory for ever and ever. Amen."
      },
      {
        "book_name": "2 Timothy",
        "book": 55,
        "chapter": 4,
        "verse": 19,
        "text": "Salute Prisca and Aquila, and the house of Onesiphorus."
      },
      {
        "book_name": "2 Timothy",
        "book": 55,
        "chapter": 4,
        "verse": 20,
        "text": "Erastus remained at Corinth: but Trophimus I left at Miletus sick."
      },
      {
        "book_name": "2 Timothy",
        "book": 55,
        "chapter": 4,
        "verse": 21,
        "text": "Give diligence to come before winter. Eubulus saluteth thee, and Pudens, and Linus, and Claudia, and all the brethren."
      },
      {
        "book_name": "2 Timothy",
        "book": 55,
        "chapter": 4,
        "verse": 22,
        "text": "The Lord be with thy spirit. Grace be with you."
      }
    ]
  }
}