{
  "source": "bible.com",
  "version": "American Standard Version",
  "book": "3 John",
  "chapters": {
    "1": [
      {
        "book_name": "3 John",
        "book": 64,
        "chapter": 1,
        "verse": 1,
        "text": "1The elder unto Gaius the beloved, whom I love in truth.  2Beloved, I pray that in all things thou mayest prosper and be in health, even as thy soul prospereth. 3For I rejoiced greatly, when brethren came and bare witness unto thy truth, even as thou walkest in truth. 4Greater joy have I none than this, to hear of my children walking in the truth.  5Beloved, thou doest a faithful work in whatsoever thou doest toward them that are brethren and strangers withal; 6who bare witness to thy love before the church: whom thou wilt do well to set forward on their journey worthily of God: 7because that for the sake of the Name they went forth, taking nothing of the Gentiles. 8We therefore ought to welcome such, that we may be fellow-workers for the truth.  9I wrote somewhat unto the church: but Diotrephes, who loveth to have the preeminence among them, receiveth us not. 10Therefore, if I come, I will bring to remembrance his works which he doeth, prating against us with wicked words: and not content therewith, neither doth he himself receive the brethren, and them that would he forbiddeth and casteth them out of the church. 11Beloved, imitate not that which is evil, but that which is good. He that doeth good is of God: he that doeth evil hath not seen God. 12Demetrius hath the witness of all men, and of the truth itself: yea, we also bear witness; and thou knowest that our witness is true.  13I had many things to write unto thee, but I am unwilling to write them to thee with ink and pen: 14but I hope shortly to see thee, and we shall speak face to face. Peace be unto thee. The friends salute thee. Salute the friends by name."
      },
      {
        "book_name": "3 John",
        "book": 64,
        "chapter": 1,
        "verse": 1,
        "text": "The elder unto Gaius the beloved, whom I love in truth."
      },
      {
        "book_name": "3 John",
        "book": 64,
        "chapter": 1,
        "verse": 2,
        "text": "Beloved, I pray that in all things thou mayest prosper and be in health, even as thy soul prospereth."
      },
      {
        "book_name": "3 John",
        "book": 64,
        "chapter": 1,
        "verse": 3,
        "text": "For I rejoiced greatly, when brethren came and bare witness unto thy truth, even as thou walkest in truth."
      },
      {
        "book_name": "3 John",
        "book": 64,
        "chapter": 1,
        "verse": 4,
        "text": "Greater joy have I none than this, to hear of my children walking in the truth."
      },
      {
        "book_name": "3 John",
        "book": 64,
        "chapter": 1,
        "verse": 5,
        "text": "Beloved, thou doest a faithful work in whatsoever thou doest toward them that are brethren and strangers withal;"
      },
      {
        "book_name": "3 John",
        "book": 64,
        "chapter": 1,
        "verse": 6,
        "text": "who bare witness to thy love before the church: whom thou wilt do well to set forward on their journey worthily of God:"
      },
      {
        "book_name": "3 John",
        "book": 64,
        "chapter": 1,
        "verse": 7,
        "text": "because that for the sake of the Name they went forth, taking nothing of the Gentiles."
      },
      {
        "book_name": "3 John",
        "book": 64,
        "chapter": 1,
        "verse": 8,
        "text": "We therefore ought to welcome such, that we may be fellow-workers for the truth."
      },
      {
        "book_name": "3 John",
        "book": 64,
        "chapter": 1,
        "verse": 9,
        "text": "I wrote somewhat unto the church: but Diotrephes, who loveth to have the preeminence among them, receiveth us not."
      },
      {
        "book_name": "3 John",
        "book": 64,
        "chapter": 1,
        "verse": 10,
        "text": "Therefore, if I come, I will bring to remembrance his works which he doeth, prating against us with wicked words: and not content therewith, neither doth he himself receive the brethren, and them that would he forbiddeth and casteth them out of the church."
      },
      {
        "book_name": "3 John",
        "book": 64,
        "chapter": 1,
        "verse": 11,
        "text": "Beloved, imitate not that which is evil, but that which is good. He that doeth good is of God: he that doeth evil hath not seen God."
      },
      {
        "book_name": "3 John",
        "book": 64,
        "chapter": 1,
        "verse": 12,
        "text": "Demetrius hath the witness of all men, and of the truth itself: yea, we also bear witness; and thou knowest that our witness is true."
      },
      {
        "book_name": "3 John",
        "book": 64,
        "chapter": 1,
        "verse": 13,
        "text": "I had many things to write unto thee, but I am unwilling to write them to thee with ink and pen:"
      },
      {
        "book_name": "3 John",
        "book": 64,
        "chapter": 1,
        "verse": 14,
        "text": "but I hope shortly to see thee, and we shall speak face to face. Peace be unto thee. The friends salute thee. Salute the friends by name."
      }
    ]
  }
}