{
  "source": "bible.com",
  "version": "American Standard Version",
  "book": "Colossians",
  "chapters": {
    "1": [
      {
        "book_name": "Colossians",
        "book": 51,
        "chapter": 1,
        "verse": 1,
        "text": "1Paul, an apostle of Christ Jesus through the will of God, and Timothy our brother, 2to the saints and faithful brethren in Christ that are at Colossæ: Grace to you and peace from God our Father.  3We give thanks to God the Father of our Lord Jesus Christ, praying always for you, 4having heard of your faith in Christ Jesus, and of the love which ye have toward all the saints, 5because of the hope which is laid up for you in the heavens, whereof ye heard before in the word of the truth of the gospel, 6which is come unto you; even as it is also in all the world bearing fruit and increasing, as it doth in you also, since the day ye heard and knew the grace of God in truth; 7even as ye learned of Epaphras our beloved fellow-servant, who is a faithful minister of Christ on our behalf, 8who also declared unto us your love in the Spirit.  9For this cause we also, since the day we heard it, do not cease to pray and make request for you, that ye may be filled with the knowledge of his will in all spiritual wisdom and understanding, 10to walk worthily of the Lord unto all pleasing, bearing fruit in every good work, and increasing in the knowledge of God; 11strengthened with all power, according to the might of his glory, unto all patience and longsuffering with joy; 12giving thanks unto the Father, who made us meet to be partakers of the inheritance of the saints in light; 13who delivered us out of the power of darkness, and translated us into the kingdom of the Son of his love; 14in whom we have our redemption, the forgiveness of our sins: 15who is the image of the invisible God, the firstborn of all creation; 16for in him were all things created, in the heavens and upon the earth, things visible and things invisible, whether thrones or dominions or principalities or powers; all things have been created through him, and unto him; 17and he is before all things, and in him all things consist. 18And he is the head of the body, the church: who is the beginning, the firstborn from the dead; that in all things he might have the preeminence. 19For it was the good pleasure of the Father that in him should all the fulness dwell; 20and through him to reconcile all things unto himself, having made peace through the blood of his cross; through him, I say, whether things upon the earth, or things in the heavens. 21And you, being in time past alienated and enemies in your mind in your evil works, 22yet now hath he reconciled in the body of his flesh through death, to present you holy and without blemish and unreproveable before him: 23if so be that ye continue in the faith, grounded and stedfast, and not moved away from the hope of the gospel which ye heard, which was preached in all creation under heaven; whereof I Paul was made a minister.  24Now I rejoice in my sufferings for your sake, and fill up on my part that which is lacking of the afflictions of Christ in my flesh for his body’s sake, which is the church; 25whereof I was made a minister, according to the dispensation of God which was given me to you-ward, to fulfil the word of God, 26even the mystery which hath been hid for ages and generations: but now hath it been manifested to his saints, 27to whom God was pleased to make known what is the riches of the glory of this mystery among the Gentiles, which is Christ in you, the hope of glory: 28whom we proclaim, admonishing every man and teaching every man in all wisdom, that we may present every man perfect in Christ; 29whereunto I labor also, striving according to his working, which worketh in me mightily."
      },
      {
        "book_name": "Colossians",
        "book": 51,
        "chapter": 1,
        "verse": 1,
        "text": "Paul, an apostle of Christ Jesus through the will of God, and Timothy our brother,"
      },
      {
        "book_name": "Colossians",
        "book": 51,
        "chapter": 1,
        "verse": 2,
        "text": "to the saints and faithful brethren in Christ that are at Colossæ: Grace to you and peace from God our Father."
      },
      {
        "book_name": "Colossians",
        "book": 51,
        "chapter": 1,
        "verse": 3,
        "text": "We give thanks to God the Father of our Lord Jesus Christ, praying always for you,"
      },
      {
        "book_name": "Colossians",
        "book": 51,
        "chapter": 1,
        "verse": 4,
        "text": "having heard of your faith in Christ Jesus, and of the love which ye have toward all the saints,"
      },
      {
        "book_name": "Colossians",
        "book": 51,
        "chapter": 1,
        "verse": 5,
        "text": "because of the hope which is laid up for you in the heavens, whereof ye heard before in the word of the truth of the gospel,"
      },
      {
        "book_name": "Colossians",
        "book": 51,
        "chapter": 1,
        "verse": 6,
        "text": "which is come unto you; even as it is also in all the world bearing fruit and increasing, as it doth in you also, since the day ye heard and knew the grace of God in truth;"
      },
      {
        "book_name": "Colossians",
        "book": 51,
        "chapter": 1,
        "verse": 7,
        "text": "even as ye learned of Epaphras our beloved fellow-servant, who is a faithful minister of Christ on our behalf,"
      },
      {
        "book_name": "Colossians",
        "book": 51,
        "chapter": 1,
        "verse": 8,
        "text": "who also declared unto us your love in the Spirit."
      },
      {
        "book_name": "Colossians",
        "book": 51,
        "chapter": 1,
        "verse": 9,
        "text": "For this cause we also, since the day we heard it, do not cease to pray and make request for you, that ye may be filled with the knowledge of his will in all spiritual wisdom and understanding,"
      },
      {
        "book_name": "Colossians",
        "book": 51,
        "chapter": 1,
        "verse": 10,
        "text": "to walk worthily of the Lord unto all pleasing, bearing fruit in every good work, and increasing in the knowledge of God;"
      },
      {
        "book_name": "Colossians",
        "book": 51,
        "chapter": 1,
        "verse": 11,
        "text": "strengthened with all power, according to the might of his glory, unto all patience and longsuffering with joy;"
      },
      {
        "book_name": "Colossians",
        "book": 51,
        "chapter": 1,
        "verse": 12,
        "text": "giving thanks unto the Father, who made us meet to be partakers of the inheritance of the saints in light;"
      },
      {
        "book_name": "Colossians",
        "book": 51,
        "chapter": 1,
        "verse": 13,
        "text": "who delivered us out of the power of darkness, and translated us into the kingdom of the Son of his love;"
      },
      {
        "book_name": "Colossians",
        "book": 51,
        "chapter": 1,
        "verse": 14,
        "text": "in whom we have our redemption, the forgiveness of our sins:"
      },
      {
        "book_name": "Colossians",
        "book": 51,
        "chapter": 1,
        "verse": 15,
        "text": "who is the image of the invisible God, the firstborn of all creation;"
      },
      {
        "book_name": "Colossians",
        "book": 51,
        "chapter": 1,
        "verse": 16,
        "text": "for in him were all things created, in the heavens and upon the earth, things visible and things invisible, whether thrones or dominions or principalities or powers; all things have been created through him, and unto him;"
      },
      {
        "book_name": "Colossians",
        "book": 51,
        "chapter": 1,
        "verse": 17,
        "text": "and he is before all things, and in him all things consist."
      },
      {
        "book_name": "Colossians",
        "book": 51,
        "chapter": 1,
        "verse": 18,
        "text": "And he is the head of the body, the church: who is the beginning, the firstborn from the dead; that in all things he might have the preeminence."
      },
      {
        "book_name": "Colossians",
        "book": 51,
        "chapter": 1,
        "verse": 19,
        "text": "For it was the good pleasure of the Father that in him should all the fulness dwell;"
      },
      {
        "book_name": "Colossians",
        "book": 51,
        "chapter": 1,
        "verse": 20,
        "text": "and through him to reconcile all things unto himself, having made peace through the blood of his cross; through him, I say, whether things upon the earth, or things in the heavens."
      },
      {
        "book_name": "Colossians",
        "book": 51,
        "chapter": 1,
        "verse": 21,
        "text": "And you, being in time past alienated and enemies in your mind in your evil works,"
      },
      {
        "book_name": "Colossians",
        "book": 51,
        "chapter": 1,
        "verse": 22,
        "text": "yet now hath he reconciled in the body of his flesh through death, to present you holy and without blemish and unreproveable before him:"
      },
      {
        "book_name": "Colossians",
        "book": 51,
        "chapter": 1,
        "verse": 23,
        "text": "if so be that ye continue in the faith, grounded and stedfast, and not moved away from the hope of the gospel which ye heard, which was preached in all creation under heaven; whereof I Paul was made a minister."
      },
      {
        "book_name": "Colossians",
        "book": 51,
        "chapter": 1,
        "verse": 24,
        "text": "Now I rejoice in my sufferings for your sake, and fill up on my part that which is lacking of the afflictions of Christ in my flesh for his body’s sake, which is the church;"
      },
      {
        "book_name": "Colossians",
        "book": 51,
        "chapter": 1,
        "verse": 25,
        "text": "whereof I was made a minister, according to the dispensation of God which was given me to you-ward, to fulfil the word of God,"
      },
      {
        "book_name": "Colossians",
        "book": 51,
        "chapter": 1,
        "verse": 26,
        "text": "even the mystery which hath been hid for ages and generations: but now hath it been manifested to his saints,"
      },
      {
        "book_name": "Colossians",
        "book": 51,
        "chapter": 1,
        "verse": 27,
        "text": "to whom God was pleased to make known what is the riches of the glory of this mystery among the Gentiles, which is Christ in you, the hope of glory:"
      },
      {
        "book_name": "Colossians",
        "book": 51,
        "chapter": 1,
        "verse": 28,
        "text": "whom we proclaim, admonishing every man and teaching every man in all wisdom, that we may present every man perfect in Christ;"
      },
      {
        "book_name": "Colossians",
        "book": 51,
        "chapter": 1,
        "verse": 29,
        "text": "whereunto I labor also, striving according to his working, which worketh in me mightily."
      }
    ],
    "2": [
      {
        "book_name": "Colossians",
        "book": 51,
        "chapter": 2,
        "verse": 1,
        "text": "1For I would have you know how greatly I strive for you, and for them at Laodicea, and for as many as have not seen my face in the flesh; 2that their hearts may be comforted, they being knit together in love, and unto all riches of the full assurance of understanding, that they may know the mystery of God, even Christ, 3in whom are all the treasures of wisdom and knowledge hidden. 4This I say, that no one may delude you with persuasiveness of speech. 5For though I am absent in the flesh, yet am I with you in the spirit, joying and beholding your order, and the stedfastness of your faith in Christ.  6As therefore ye received Christ Jesus the Lord, so walk in him, 7rooted and builded up in him, and established in your faith, even as ye were taught, abounding in thanksgiving.  8Take heed lest there shall be any one that maketh spoil of you through his philosophy and vain deceit, after the tradition of men, after the rudiments of the world, and not after Christ: 9for in him dwelleth all the fulness of the Godhead bodily, 10and in him ye are made full, who is the head of all principality and power: 11in whom ye were also circumcised with a circumcision not made with hands, in the putting off of the body of the flesh, in the circumcision of Christ; 12having been buried with him in baptism, wherein ye were also raised with him through faith in the working of God, who raised him from the dead. 13And you, being dead through your trespasses and the uncircumcision of your flesh, you, I say, did he make alive together with him, having forgiven us all our trespasses; 14having blotted out the bond written in ordinances that was against us, which was contrary to us: and he hath taken it out of the way, nailing it to the cross; 15having despoiled the principalities and the powers, he made a show of them openly, triumphing over them in it.  16Let no man therefore judge you in meat, or in drink, or in respect of a feast day or a new moon or a sabbath day: 17which are a shadow of the things to come; but the body is Christ’s. 18Let no man rob you of your prize by a voluntary humility and worshipping of the angels, dwelling in the things which he hath seen, vainly puffed up by his fleshly mind, 19and not holding fast the Head, from whom all the body, being supplied and knit together through the joints and bands, increaseth with the increase of God.  20If ye died with Christ from the rudiments of the world, why, as though living in the world, do ye subject yourselves to ordinances, 21Handle not, nor taste, nor touch 22(all which things are to perish with the using), after the precepts and doctrines of men? 23Which things have indeed a show of wisdom in will-worship, and humility, and severity to the body; but are not of any value against the indulgence of the flesh."
      },
      {
        "book_name": "Colossians",
        "book": 51,
        "chapter": 2,
        "verse": 1,
        "text": "For I would have you know how greatly I strive for you, and for them at Laodicea, and for as many as have not seen my face in the flesh;"
      },
      {
        "book_name": "Colossians",
        "book": 51,
        "chapter": 2,
        "verse": 2,
        "text": "that their hearts may be comforted, they being knit together in love, and unto all riches of the full assurance of understanding, that they may know the mystery of God, even Christ,"
      },
      {
        "book_name": "Colossians",
        "book": 51,
        "chapter": 2,
        "verse": 3,
        "text": "in whom are all the treasures of wisdom and knowledge hidden."
      },
      {
        "book_name": "Colossians",
        "book": 51,
        "chapter": 2,
        "verse": 4,
        "text": "This I say, that no one may delude you with persuasiveness of speech."
      },
      {
        "book_name": "Colossians",
        "book": 51,
        "chapter": 2,
        "verse": 5,
        "text": "For though I am absent in the flesh, yet am I with you in the spirit, joying and beholding your order, and the stedfastness of your faith in Christ."
      },
      {
        "book_name": "Colossians",
        "book": 51,
        "chapter": 2,
        "verse": 6,
        "text": "As therefore ye received Christ Jesus the Lord, so walk in him,"
      },
      {
        "book_name": "Colossians",
        "book": 51,
        "chapter": 2,
        "verse": 7,
        "text": "rooted and builded up in him, and established in your faith, even as ye were taught, abounding in thanksgiving."
      },
      {
        "book_name": "Colossians",
        "book": 51,
        "chapter": 2,
        "verse": 8,
        "text": "Take heed lest there shall be any one that maketh spoil of you through his philosophy and vain deceit, after the tradition of men, after the rudiments of the world, and not after Christ:"
      },
      {
        "book_name": "Colossians",
        "book": 51,
        "chapter": 2,
        "verse": 9,
        "text": "for in him dwelleth all the fulness of the Godhead bodily,"
      },
      {
        "book_name": "Colossians",
        "book": 51,
        "chapter": 2,
        "verse": 10,
        "text": "and in him ye are made full, who is the head of all principality and power:"
      },
      {
        "book_name": "Colossians",
        "book": 51,
        "chapter": 2,
        "verse": 11,
        "text": "in whom ye were also circumcised with a circumcision not made with hands, in the putting off of the body of the flesh, in the circumcision of Christ;"
      },
      {
        "book_name": "Colossians",
        "book": 51,
        "chapter": 2,
        "verse": 12,
        "text": "having been buried with him in baptism, wherein ye were also raised with him through faith in the working of God, who raised him from the dead."
      },
      {
        "book_name": "Colossians",
        "book": 51,
        "chapter": 2,
        "verse": 13,
        "text": "And you, being dead through your trespasses and the uncircumcision of your flesh, you, I say, did he make alive together with him, having forgiven us all our trespasses;"
      },
      {
        "book_name": "Colossians",
        "book": 51,
        "chapter": 2,
        "verse": 14,
        "text": "having blotted out the bond written in ordinances that was against us, which was contrary to us: and he hath taken it out of the way, nailing it to the cross;"
      },
      {
        "book_name": "Colossians",
        "book": 51,
        "chapter": 2,
        "verse": 15,
        "text": "having despoiled the principalities and the powers, he made a show of them openly, triumphing over them in it."
      },
      {
        "book_name": "Colossians",
        "book": 51,
        "chapter": 2,
        "verse": 16,
        "text": "Let no man therefore judge you in meat, or in drink, or in respect of a feast day or a new moon or a sabbath day:"
      },
      {
        "book_name": "Colossians",
        "book": 51,
        "chapter": 2,
        "verse": 17,
        "text": "which are a shadow of the things to come; but the body is Christ’s."
      },
      {
        "book_name": "Colossians",
        "book": 51,
        "chapter": 2,
        "verse": 18,
        "text": "Let no man rob you of your prize by a voluntary humility and worshipping of the angels, dwelling in the things which he hath seen, vainly puffed up by his fleshly mind,"
      },
      {
        "book_name": "Colossians",
        "book": 51,
        "chapter": 2,
        "verse": 19,
        "text": "and not holding fast the Head, from whom all the body, being supplied and knit together through the joints and bands, increaseth with the increase of God."
      },
      {
        "book_name": "Colossians",
        "book": 51,
        "chapter": 2,
        "verse": 20,
        "text": "If ye died with Christ from the rudiments of the world, why, as though living in the world, do ye subject yourselves to ordinances,"
      },
      {
        "book_name": "Colossians",
        "book": 51,
        "chapter": 2,
        "verse": 21,
        "text": "Handle not, nor taste, nor touch"
      },
      {
        "book_name": "Colossians",
        "book": 51,
        "chapter": 2,
        "verse": 22,
        "text": "(all which things are to perish with the using), after the precepts and doctrines of men?"
      },
      {
        "book_name": "Colossians",
        "book": 51,
        "chapter": 2,
        "verse": 23,
        "text": "Which things have indeed a show of wisdom in will-worship, and humility, and severity to the body; but are not of any value against the indulgence of the flesh."
      }
    ],
    "3": [
      {
        "book_name": "Colossians",
        "book": 51,
        "chapter": 3,
        "verse": 1,
        "text": "1If then ye were raised together with Christ, seek the things that are above, where Christ is, seated on the right hand of God. 2Set your mind on the things that are above, not on the things that are upon the earth. 3For ye died, and your life is hid with Christ in God. 4When Christ, who is our life, shall be manifested, then shall ye also with him be manifested in glory.  5Put to death therefore your members which are upon the earth: fornication, uncleanness, passion, evil desire, and covetousness, which is idolatry; 6for which things’ sake cometh the wrath of God upon the sons of disobedience: 7wherein ye also once walked, when ye lived in these things; 8but now do ye also put them all away: anger, wrath, malice, railing, shameful speaking out of your mouth: 9lie not one to another; seeing that ye have put off the old man with his doings, 10and have put on the new man, that is being renewed unto knowledge after the image of him that created him: 11where there cannot be Greek and Jew, circumcision and uncircumcision, barbarian, Scythian, bondman, freeman; but Christ is all, and in all.  12Put on therefore, as God’s elect, holy and beloved, a heart of compassion, kindness, lowliness, meekness, longsuffering; 13forbearing one another, and forgiving each other, if any man have a complaint against any; even as the Lord forgave you, so also do ye: 14and above all these things put on love, which is the bond of perfectness. 15And let the peace of Christ rule in your hearts, to the which also ye were called in one body; and be ye thankful. 16Let the word of Christ dwell in you richly; in all wisdom teaching and admonishing one another with psalms and hymns and spiritual songs, singing with grace in your hearts unto God. 17And whatsoever ye do, in word or in deed, do all in the name of the Lord Jesus, giving thanks to God the Father through him.  18Wives, be in subjection to your husbands, as is fitting in the Lord. 19Husbands, love your wives, and be not bitter against them. 20Children, obey your parents in all things, for this is well-pleasing in the Lord. 21Fathers, provoke not your children, that they be not discouraged. 22Servants, obey in all things them that are your masters according to the flesh; not with eye-service, as men-pleasers, but in singleness of heart, fearing the Lord: 23whatsoever ye do, work heartily, as unto the Lord, and not unto men; 24knowing that from the Lord ye shall receive the recompense of the inheritance: ye serve the Lord Christ. 25For he that doeth wrong shall receive again for the wrong that he hath done: and there is no respect of persons."
      },
      {
        "book_name": "Colossians",
        "book": 51,
        "chapter": 3,
        "verse": 1,
        "text": "If then ye were raised together with Christ, seek the things that are above, where Christ is, seated on the right hand of God."
      },
      {
        "book_name": "Colossians",
        "book": 51,
        "chapter": 3,
        "verse": 2,
        "text": "Set your mind on the things that are above, not on the things that are upon the earth."
      },
      {
        "book_name": "Colossians",
        "book": 51,
        "chapter": 3,
        "verse": 3,
        "text": "For ye died, and your life is hid with Christ in God."
      },
      {
        "book_name": "Colossians",
        "book": 51,
        "chapter": 3,
        "verse": 4,
        "text": "When Christ, who is our life, shall be manifested, then shall ye also with him be manifested in glory."
      },
      {
        "book_name": "Colossians",
        "book": 51,
        "chapter": 3,
        "verse": 5,
        "text": "Put to death therefore your members which are upon the earth: fornication, uncleanness, passion, evil desire, and covetousness, which is idolatry;"
      },
      {
        "book_name": "Colossians",
        "book": 51,
        "chapter": 3,
        "verse": 6,
        "text": "for which things’ sake cometh the wrath of God upon the sons of disobedience:"
      },
      {
        "book_name": "Colossians",
        "book": 51,
        "chapter": 3,
        "verse": 7,
        "text": "wherein ye also once walked, when ye lived in these things;"
      },
      {
        "book_name": "Colossians",
        "book": 51,
        "chapter": 3,
        "verse": 8,
        "text": "but now do ye also put them all away: anger, wrath, malice, railing, shameful speaking out of your mouth:"
      },
      {
        "book_name": "Colossians",
        "book": 51,
        "chapter": 3,
        "verse": 9,
        "text": "lie not one to another; seeing that ye have put off the old man with his doings,"
      },
      {
        "book_name": "Colossians",
        "book": 51,
        "chapter": 3,
        "verse": 10,
        "text": "and have put on the new man, that is being renewed unto knowledge after the image of him that created him:"
      },
      {
        "book_name": "Colossians",
        "book": 51,
        "chapter": 3,
        "verse": 11,
        "text": "where there cannot be Greek and Jew, circumcision and uncircumcision, barbarian, Scythian, bondman, freeman; but Christ is all, and in all."
      },
      {
        "book_name": "Colossians",
        "book": 51,
        "chapter": 3,
        "verse": 12,
        "text": "Put on therefore, as God’s elect, holy and beloved, a heart of compassion, kindness, lowliness, meekness, longsuffering;"
      },
      {
        "book_name": "Colossians",
        "book": 51,
        "chapter": 3,
        "verse": 13,
        "text": "forbearing one another, and forgiving each other, if any man have a complaint against any; even as the Lord forgave you, so also do ye:"
      },
      {
        "book_name": "Colossians",
        "book": 51,
        "chapter": 3,
        "verse": 14,
        "text": "and above all these things put on love, which is the bond of perfectness."
      },
      {
        "book_name": "Colossians",
        "book": 51,
        "chapter": 3,
        "verse": 15,
        "text": "And let the peace of Christ rule in your hearts, to the which also ye were called in one body; and be ye thankful."
      },
      {
        "book_name": "Colossians",
        "book": 51,
        "chapter": 3,
        "verse": 16,
        "text": "Let the word of Christ dwell in you richly; in all wisdom teaching and admonishing one another with psalms and hymns and spiritual songs, singing with grace in your hearts unto God."
      },
      {
        "book_name": "Colossians",
        "book": 51,
        "chapter": 3,
        "verse": 17,
        "text": "And whatsoever ye do, in word or in deed, do all in the name of the Lord Jesus, giving thanks to God the Father through him."
      },
      {
        "book_name": "Colossians",
        "book": 51,
        "chapter": 3,
        "verse": 18,
        "text": "Wives, be in subjection to your husbands, as is fitting in the Lord."
      },
      {
        "book_name": "Colossians",
        "book": 51,
        "chapter": 3,
        "verse": 19,
        "text": "Husbands, love your wives, and be not bitter against them."
      },
      {
        "book_name": "Colossians",
        "book": 51,
        "chapter": 3,
        "verse": 20,
        "text": "Children, obey your parents in all things, for this is well-pleasing in the Lord."
      },
      {
        "book_name": "Colossians",
        "book": 51,
        "chapter": 3,
        "verse": 21,
        "text": "Fathers, provoke not your children, that they be not discouraged."
      },
      {
        "book_name": "Colossians",
        "book": 51,
        "chapter": 3,
        "verse": 22,
        "text": "Servants, obey in all things them that are your masters according to the flesh; not with eye-service, as men-pleasers, but in singleness of heart, fearing the Lord:"
      },
      {
        "book_name": "Colossians",
        "book": 51,
        "chapter": 3,
        "verse": 23,
        "text": "whatsoever ye do, work heartily, as unto the Lord, and not unto men;"
      },
      {
        "book_name": "Colossians",
        "book": 51,
        "chapter": 3,
        "verse": 24,
        "text": "knowing that from the Lord ye shall receive the recompense of the inheritance: ye serve the Lord Christ."
      },
      {
        "book_name": "Colossians",
        "book": 51,
        "chapter": 3,
        "verse": 25,
        "text": "For he that doeth wrong shall receive again for the wrong that he hath done: and there is no respect of persons."
      }
    ],
    "4": [
      {
        "book_name": "Colossians",
        "book": 51,
        "chapter": 4,
        "verse": 1,
        "text": "1Masters, render unto your servants that which is just and equal; knowing that ye also have a Master in heaven.  2Continue stedfastly in prayer, watching therein with thanksgiving; 3withal praying for us also, that God may open unto us a door for the word, to speak the mystery of Christ, for which I am also in bonds; 4that I may make it manifest, as I ought to speak. 5Walk in wisdom toward them that are without, redeeming the time. 6Let your speech be always with grace, seasoned with salt, that ye may know how ye ought to answer each one.  7All my affairs shall Tychicus make known unto you, the beloved brother and faithful minister and fellow-servant in the Lord: 8whom I have sent unto you for this very purpose, that ye may know our state, and that he may comfort your hearts; 9together with Onesimus, the faithful and beloved brother, who is one of you. They shall make known unto you all things that are done here.  10Aristarchus my fellow-prisoner saluteth you, and Mark, the cousin of Barnabas (touching whom ye received commandments; if he come unto you, receive him), 11and Jesus that is called Justus, who are of the circumcision: these only are my fellow-workers unto the kingdom of God, men that have been a comfort unto me. 12Epaphras, who is one of you, a servant of Christ Jesus, saluteth you, always striving for you in his prayers, that ye may stand perfect and fully assured in all the will of God. 13For I bear him witness, that he hath much labor for you, and for them in Laodicea, and for them in Hierapolis. 14Luke, the beloved physician, and Demas salute you. 15Salute the brethren that are in Laodicea, and Nymphas, and the church that is in their house. 16And when this epistle hath been read among you, cause that it be read also in the church of the Laodiceans; and that ye also read the epistle from Laodicea. 17And say to Archippus, Take heed to the ministry which thou hast received in the Lord, that thou fulfil it.  18The salutation of me Paul with mine own hand. Remember my bonds. Grace be with you."
      },
      {
        "book_name": "Colossians",
        "book": 51,
        "chapter": 4,
        "verse": 1,
        "text": "Masters, render unto your servants that which is just and equal; knowing that ye also have a Master in heaven."
      },
      {
        "book_name": "Colossians",
        "book": 51,
        "chapter": 4,
        "verse": 2,
        "text": "Continue stedfastly in prayer, watching therein with thanksgiving;"
      },
      {
        "book_name": "Colossians",
        "book": 51,
        "chapter": 4,
        "verse": 3,
        "text": "withal praying for us also, that God may open unto us a door for the word, to speak the mystery of Christ, for which I am also in bonds;"
      },
      {
        "book_name": "Colossians",
        "book": 51,
        "chapter": 4,
        "verse": 4,
        "text": "that I may make it manifest, as I ought to speak."
      },
      {
        "book_name": "Colossians",
        "book": 51,
        "chapter": 4,
        "verse": 5,
        "text": "Walk in wisdom toward them that are without, redeeming the time."
      },
      {
        "book_name": "Colossians",
        "book": 51,
        "chapter": 4,
        "verse": 6,
        "text": "Let your speech be always with grace, seasoned with salt, that ye may know how ye ought to answer each one."
      },
      {
        "book_name": "Colossians",
        "book": 51,
        "chapter": 4,
        "verse": 7,
        "text": "All my affairs shall Tychicus make known unto you, the beloved brother and faithful minister and fellow-servant in the Lord:"
      },
      {
        "book_name": "Colossians",
        "book": 51,
        "chapter": 4,
        "verse": 8,
        "text": "whom I have sent unto you for this very purpose, that ye may know our state, and that he may comfort your hearts;"
      },
      {
        "book_name": "Colossians",
        "book": 51,
        "chapter": 4,
        "verse": 9,
        "text": "together with Onesimus, the faithful and beloved brother, who is one of you. They shall make known unto you all things that are done here."
      },
      {
        "book_name": "Colossians",
        "book": 51,
        "chapter": 4,
        "verse": 10,
        "text": "Aristarchus my fellow-prisoner saluteth you, and Mark, the cousin of Barnabas (touching whom ye received commandments; if he come unto you, receive him),"
      },
      {
        "book_name": "Colossians",
        "book": 51,
        "chapter": 4,
        "verse": 11,
        "text": "and Jesus that is called Justus, who are of the circumcision: these only are my fellow-workers unto the kingdom of God, men that have been a comfort unto me."
      },
      {
        "book_name": "Colossians",
        "book": 51,
        "chapter": 4,
        "verse": 12,
        "text": "Epaphras, who is one of you, a servant of Christ Jesus, saluteth you, always striving for you in his prayers, that ye may stand perfect and fully assured in all the will of God."
      },
      {
        "book_name": "Colossians",
        "book": 51,
        "chapter": 4,
        "verse": 13,
        "text": "For I bear him witness, that he hath much labor for you, and for them in Laodicea, and for them in Hierapolis."
      },
      {
        "book_name": "Colossians",
        "book": 51,
        "chapter": 4,
        "verse": 14,
        "text": "Luke, the beloved physician, and Demas salute you."
      },
      {
        "book_name": "Colossians",
        "book": 51,
        "chapter": 4,
        "verse": 15,
        "text": "Salute the brethren that are in Laodicea, and Nymphas, and the church that is in their house."
      },
      {
        "book_name": "Colossians",
        "book": 51,
        "chapter": 4,
        "verse": 16,
        "text": "And when this epistle hath been read among you, cause that it be read also in the church of the Laodiceans; and that ye also read the epistle from Laodicea."
      },
      {
        "book_name": "Colossians",
        "book": 51,
        "chapter": 4,
        "verse": 17,
        "text": "And say to Archippus, Take heed to the ministry which thou hast received in the Lord, that thou fulfil it."
      },
      {
        "book_name": "Colossians",
        "book": 51,
        "chapter": 4,
        "verse": 18,
        "text": "The salutation of me Paul with mine own hand. Remember my bonds. Grace be with you."
      }
    ]
  }
}