{
  "source": "bible.com",
  "version": "American Standard Version",
  "book": "Ecclesiastes",
  "chapters": {
    "1": [
      {
        "book_name": "Ecclesiastes",
        "book": 21,
        "chapter": 1,
        "verse": 1,
        "text": "1The words of the Preacher, the son of David, king in Jerusalem.  2Vanity of vanities, saith the Preacher; vanity of vanities, all is vanity. 3What profit hath man of all his labor wherein he laboreth under the sun? 4One generation goeth, and another generation cometh; but the earth abideth for ever. 5The sun also ariseth, and the sun goeth down, and hasteth to its place where it ariseth. 6The wind goeth toward the south, and turneth about unto the north; it turneth about continually in its course, and the wind returneth again to its circuits. 7All the rivers run into the sea, yet the sea is not full; unto the place whither the rivers go, thither they go again. 8All things are full of weariness; man cannot utter it: the eye is not satisfied with seeing, nor the ear filled with hearing. 9That which hath been is that which shall be; and that which hath been done is that which shall be done: and there is no new thing under the sun. 10Is there a thing whereof it may be said, See, this is new? it hath been long ago, in the ages which were before us. 11There is no remembrance of the former generations; neither shall there be any remembrance of the latter generations that are to come, among those that shall come after.  12I the Preacher was king over Israel in Jerusalem. 13And I applied my heart to seek and to search out by wisdom concerning all that is done under heaven: it is a sore travail that God hath given to the sons of men to be exercised therewith. 14I have seen all the works that are done under the sun; and, behold, all is vanity and a striving after wind. 15That which is crooked cannot be made straight; and that which is wanting cannot be numbered. 16I communed with mine own heart, saying, Lo, I have gotten me great wisdom above all that were before me in Jerusalem; yea, my heart hath had great experience of wisdom and knowledge. 17And I applied my heart to know wisdom, and to know madness and folly: I perceived that this also was a striving after wind. 18For in much wisdom is much grief; and he that increaseth knowledge increaseth sorrow."
      },
      {
        "book_name": "Ecclesiastes",
        "book": 21,
        "chapter": 1,
        "verse": 1,
        "text": "The words of the Preacher, the son of David, king in Jerusalem."
      },
      {
        "book_name": "Ecclesiastes",
        "book": 21,
        "chapter": 1,
        "verse": 2,
        "text": "Vanity of vanities, saith the Preacher; vanity of vanities, all is vanity."
      },
      {
        "book_name": "Ecclesiastes",
        "book": 21,
        "chapter": 1,
        "verse": 3,
        "text": "What profit hath man of all his labor wherein he laboreth under the sun?"
      },
      {
        "book_name": "Ecclesiastes",
        "book": 21,
        "chapter": 1,
        "verse": 4,
        "text": "One generation goeth, and another generation cometh; but the earth abideth for ever."
      },
      {
        "book_name": "Ecclesiastes",
        "book": 21,
        "chapter": 1,
        "verse": 5,
        "text": "The sun also ariseth, and the sun goeth down, and hasteth to its place where it ariseth."
      },
      {
        "book_name": "Ecclesiastes",
        "book": 21,
        "chapter": 1,
        "verse": 6,
        "text": "The wind goeth toward the south, and turneth about unto the north; it turneth about continually in its course, and the wind returneth again to its circuits."
      },
      {
        "book_name": "Ecclesiastes",
        "book": 21,
        "chapter": 1,
        "verse": 7,
        "text": "All the rivers run into the sea, yet the sea is not full; unto the place whither the rivers go, thither they go again."
      },
      {
        "book_name": "Ecclesiastes",
        "book": 21,
        "chapter": 1,
        "verse": 8,
        "text": "All things are full of weariness; man cannot utter it: the eye is not satisfied with seeing, nor the ear filled with hearing."
      },
      {
        "book_name": "Ecclesiastes",
        "book": 21,
        "chapter": 1,
        "verse": 9,
        "text": "That which hath been is that which shall be; and that which hath been done is that which shall be done: and there is no new thing under the sun."
      },
      {
        "book_name": "Ecclesiastes",
        "book": 21,
        "chapter": 1,
        "verse": 10,
        "text": "Is there a thing whereof it may be said, See, this is new? it hath been long ago, in the ages which were before us."
      },
      {
        "book_name": "Ecclesiastes",
        "book": 21,
        "chapter": 1,
        "verse": 11,
        "text": "There is no remembrance of the former generations; neither shall there be any remembrance of the latter generations that are to come, among those that shall come after."
      },
      {
        "book_name": "Ecclesiastes",
        "book": 21,
        "chapter": 1,
        "verse": 12,
        "text": "I the Preacher was king over Israel in Jerusalem."
      },
      {
        "book_name": "Ecclesiastes",
        "book": 21,
        "chapter": 1,
        "verse": 13,
        "text": "And I applied my heart to seek and to search out by wisdom concerning all that is done under heaven: it is a sore travail that God hath given to the sons of men to be exercised therewith."
      },
      {
        "book_name": "Ecclesiastes",
        "book": 21,
        "chapter": 1,
        "verse": 14,
        "text": "I have seen all the works that are done under the sun; and, behold, all is vanity and a striving after wind."
      },
      {
        "book_name": "Ecclesiastes",
        "book": 21,
        "chapter": 1,
        "verse": 15,
        "text": "That which is crooked cannot be made straight; and that which is wanting cannot be numbered."
      },
      {
        "book_name": "Ecclesiastes",
        "book": 21,
        "chapter": 1,
        "verse": 16,
        "text": "I communed with mine own heart, saying, Lo, I have gotten me great wisdom above all that were before me in Jerusalem; yea, my heart hath had great experience of wisdom and knowledge."
      },
      {
        "book_name": "Ecclesiastes",
        "book": 21,
        "chapter": 1,
        "verse": 17,
        "text": "And I applied my heart to know wisdom, and to know madness and folly: I perceived that this also was a striving after wind."
      },
      {
        "book_name": "Ecclesiastes",
        "book": 21,
        "chapter": 1,
        "verse": 18,
        "text": "For in much wisdom is much grief; and he that increaseth knowledge increaseth sorrow."
      }
    ],
    "2": [
      {
        "book_name": "Ecclesiastes",
        "book": 21,
        "chapter": 2,
        "verse": 1,
        "text": "1I said in my heart, Come now, I will prove thee with mirth; therefore enjoy pleasure: and, behold, this also was vanity. 2I said of laughter, It is mad; and of mirth, What doeth it? 3I searched in my heart how to cheer my flesh with wine, my heart yet guiding me with wisdom, and how to lay hold on folly, till I might see what it was good for the sons of men that they should do under heaven all the days of their life. 4I made me great works; I builded me houses; I planted me vineyards; 5I made me gardens and parks, and I planted trees in them of all kinds of fruit; 6I made me pools of water, to water therefrom the forest where trees were reared; 7I bought men-servants and maid-servants, and had servants born in my house; also I had great possessions of herds and flocks, above all that were before me in Jerusalem; 8I gathered me also silver and gold, and the treasure of kings and of the provinces; I gat me men-singers and women-singers, and the delights of the sons of men, musical instruments, and that of all sorts. 9So I was great, and increased more than all that were before me in Jerusalem: also my wisdom remained with me. 10And whatsoever mine eyes desired I kept not from them; I withheld not my heart from any joy; for my heart rejoiced because of all my labor; and this was my portion from all my labor. 11Then I looked on all the works that my hands had wrought, and on the labor that I had labored to do; and, behold, all was vanity and a striving after wind, and there was no profit under the sun.  12And I turned myself to behold wisdom, and madness, and folly: for what can the man do that cometh after the king? even that which hath been done long ago. 13Then I saw that wisdom excelleth folly, as far as light excelleth darkness. 14The wise man’s eyes are in his head, and the fool walketh in darkness: and yet I perceived that one event happeneth to them all. 15Then said I in my heart, As it happeneth to the fool, so will it happen even to me; and why was I then more wise? Then said I in my heart, that this also is vanity. 16For of the wise man, even as of the fool, there is no remembrance for ever; seeing that in the days to come all will have been long forgotten. And how doth the wise man die even as the fool! 17So I hated life, because the work that is wrought under the sun was grievous unto me; for all is vanity and a striving after wind.  18And I hated all my labor wherein I labored under the sun, seeing that I must leave it unto the man that shall be after me. 19And who knoweth whether he will be a wise man or a fool? yet will he have rule over all my labor wherein I have labored, and wherein I have showed myself wise under the sun. This also is vanity. 20Therefore I turned about to cause my heart to despair concerning all the labor wherein I had labored under the sun. 21For there is a man whose labor is with wisdom, and with knowledge, and with skilfulness; yet to a man that hath not labored therein shall he leave it for his portion. This also is vanity and a great evil. 22For what hath a man of all his labor, and of the striving of his heart, wherein he laboreth under the sun? 23For all his days are but sorrows, and his travail is grief; yea, even in the night his heart taketh no rest. This also is vanity.  24There is nothing better for a man than that he should eat and drink, and make his soul enjoy good in his labor. This also I saw, that it is from the hand of God. 25For who can eat, or who can have enjoyment, more than I? 26For to the man that pleaseth him God giveth wisdom, and knowledge, and joy; but to the sinner he giveth travail, to gather and to heap up, that he may give to him that pleaseth God. This also is vanity and a striving after wind."
      },
      {
        "book_name": "Ecclesiastes",
        "book": 21,
        "chapter": 2,
        "verse": 1,
        "text": "I said in my heart, Come now, I will prove thee with mirth; therefore enjoy pleasure: and, behold, this also was vanity."
      },
      {
        "book_name": "Ecclesiastes",
        "book": 21,
        "chapter": 2,
        "verse": 2,
        "text": "I said of laughter, It is mad; and of mirth, What doeth it?"
      },
      {
        "book_name": "Ecclesiastes",
        "book": 21,
        "chapter": 2,
        "verse": 3,
        "text": "I searched in my heart how to cheer my flesh with wine, my heart yet guiding me with wisdom, and how to lay hold on folly, till I might see what it was good for the sons of men that they should do under heaven all the days of their life."
      },
      {
        "book_name": "Ecclesiastes",
        "book": 21,
        "chapter": 2,
        "verse": 4,
        "text": "I made me great works; I builded me houses; I planted me vineyards;"
      },
      {
        "book_name": "Ecclesiastes",
        "book": 21,
        "chapter": 2,
        "verse": 5,
        "text": "I made me gardens and parks, and I planted trees in them of all kinds of fruit;"
      },
      {
        "book_name": "Ecclesiastes",
        "book": 21,
        "chapter": 2,
        "verse": 6,
        "text": "I made me pools of water, to water therefrom the forest where trees were reared;"
      },
      {
        "book_name": "Ecclesiastes",
        "book": 21,
        "chapter": 2,
        "verse": 7,
        "text": "I bought men-servants and maid-servants, and had servants born in my house; also I had great possessions of herds and flocks, above all that were before me in Jerusalem;"
      },
      {
        "book_name": "Ecclesiastes",
        "book": 21,
        "chapter": 2,
        "verse": 8,
        "text": "I gathered me also silver and gold, and the treasure of kings and of the provinces; I gat me men-singers and women-singers, and the delights of the sons of men, musical instruments, and that of all sorts."
      },
      {
        "book_name": "Ecclesiastes",
        "book": 21,
        "chapter": 2,
        "verse": 9,
        "text": "So I was great, and increased more than all that were before me in Jerusalem: also my wisdom remained with me."
      },
      {
        "book_name": "Ecclesiastes",
        "book": 21,
        "chapter": 2,
        "verse": 10,
        "text": "And whatsoever mine eyes desired I kept not from them; I withheld not my heart from any joy; for my heart rejoiced because of all my labor; and this was my portion from all my labor."
      },
      {
        "book_name": "Ecclesiastes",
        "book": 21,
        "chapter": 2,
        "verse": 11,
        "text": "Then I looked on all the works that my hands had wrought, and on the labor that I had labored to do; and, behold, all was vanity and a striving after wind, and there was no profit under the sun."
      },
      {
        "book_name": "Ecclesiastes",
        "book": 21,
        "chapter": 2,
        "verse": 12,
        "text": "And I turned myself to behold wisdom, and madness, and folly: for what can the man do that cometh after the king? even that which hath been done long ago."
      },
      {
        "book_name": "Ecclesiastes",
        "book": 21,
        "chapter": 2,
        "verse": 13,
        "text": "Then I saw that wisdom excelleth folly, as far as light excelleth darkness."
      },
      {
        "book_name": "Ecclesiastes",
        "book": 21,
        "chapter": 2,
        "verse": 14,
        "text": "The wise man’s eyes are in his head, and the fool walketh in darkness: and yet I perceived that one event happeneth to them all."
      },
      {
        "book_name": "Ecclesiastes",
        "book": 21,
        "chapter": 2,
        "verse": 15,
        "text": "Then said I in my heart, As it happeneth to the fool, so will it happen even to me; and why was I then more wise? Then said I in my heart, that this also is vanity."
      },
      {
        "book_name": "Ecclesiastes",
        "book": 21,
        "chapter": 2,
        "verse": 16,
        "text": "For of the wise man, even as of the fool, there is no remembrance for ever; seeing that in the days to come all will have been long forgotten. And how doth the wise man die even as the fool!"
      },
      {
        "book_name": "Ecclesiastes",
        "book": 21,
        "chapter": 2,
        "verse": 17,
        "text": "So I hated life, because the work that is wrought under the sun was grievous unto me; for all is vanity and a striving after wind."
      },
      {
        "book_name": "Ecclesiastes",
        "book": 21,
        "chapter": 2,
        "verse": 18,
        "text": "And I hated all my labor wherein I labored under the sun, seeing that I must leave it unto the man that shall be after me."
      },
      {
        "book_name": "Ecclesiastes",
        "book": 21,
        "chapter": 2,
        "verse": 19,
        "text": "And who knoweth whether he will be a wise man or a fool? yet will he have rule over all my labor wherein I have labored, and wherein I have showed myself wise under the sun. This also is vanity."
      },
      {
        "book_name": "Ecclesiastes",
        "book": 21,
        "chapter": 2,
        "verse": 20,
        "text": "Therefore I turned about to cause my heart to despair concerning all the labor wherein I had labored under the sun."
      },
      {
        "book_name": "Ecclesiastes",
        "book": 21,
        "chapter": 2,
        "verse": 21,
        "text": "For there is a man whose labor is with wisdom, and with knowledge, and with skilfulness; yet to a man that hath not labored therein shall he leave it for his portion. This also is vanity and a great evil."
      },
      {
        "book_name": "Ecclesiastes",
        "book": 21,
        "chapter": 2,
        "verse": 22,
        "text": "For what hath a man of all his labor, and of the striving of his heart, wherein he laboreth under the sun?"
      },
      {
        "book_name": "Ecclesiastes",
        "book": 21,
        "chapter": 2,
        "verse": 23,
        "text": "For all his days are but sorrows, and his travail is grief; yea, even in the night his heart taketh no rest. This also is vanity."
      },
      {
        "book_name": "Ecclesiastes",
        "book": 21,
        "chapter": 2,
        "verse": 24,
        "text": "There is nothing better for a man than that he should eat and drink, and make his soul enjoy good in his labor. This also I saw, that it is from the hand of God."
      },
      {
        "book_name": "Ecclesiastes",
        "book": 21,
        "chapter": 2,
        "verse": 25,
        "text": "For who can eat, or who can have enjoyment, more than I?"
      },
      {
        "book_name": "Ecclesiastes",
        "book": 21,
        "chapter": 2,
        "verse": 26,
        "text": "For to the man that pleaseth him God giveth wisdom, and knowledge, and joy; but to the sinner he giveth travail, to gather and to heap up, that he may give to him that pleaseth God. This also is vanity and a striving after wind."
      }
    ],
    "3": [
      {
        "book_name": "Ecclesiastes",
        "book": 21,
        "chapter": 3,
        "verse": 1,
        "text": "1For everything there is a season, and a time for every purpose under heaven: 2a time to be born, and a time to die; a time to plant, and a time to pluck up that which is planted; 3a time to kill, and a time to heal; a time to break down, and a time to build up; 4a time to weep, and a time to laugh; a time to mourn, and a time to dance; 5a time to cast away stones, and a time to gather stones together; a time to embrace, and a time to refrain from embracing; 6a time to seek, and a time to lose; a time to keep, and a time to cast away; 7a time to rend, and a time to sew; a time to keep silence, and a time to speak; 8a time to love, and a time to hate; a time for war, and a time for peace. 9What profit hath he that worketh in that wherein he laboreth? 10I have seen the travail which God hath given to the sons of men to be exercised therewith. 11He hath made everything beautiful in its time: also he hath set eternity in their heart, yet so that man cannot find out the work that God hath done from the beginning even to the end. 12I know that there is nothing better for them, than to rejoice, and to do good so long as they live. 13And also that every man should eat and drink, and enjoy good in all his labor, is the gift of God. 14I know that, whatsoever God doeth, it shall be for ever: nothing can be put to it, nor anything taken from it; and God hath done it, that men should fear before him. 15That which is hath been long ago; and that which is to be hath long ago been: and God seeketh again that which is passed away.  16And moreover I saw under the sun, in the place of justice, that wickedness was there; and in the place of righteousness, that wickedness was there. 17I said in my heart, God will judge the righteous and the wicked; for there is a time there for every purpose and for every work. 18I said in my heart, It is because of the sons of men, that God may prove them, and that they may see that they themselves are but as beasts. 19For that which befalleth the sons of men befalleth beasts; even one thing befalleth them: as the one dieth, so dieth the other; yea, they have all one breath; and man hath no preeminence above the beasts: for all is vanity. 20All go unto one place; all are of the dust, and all turn to dust again. 21Who knoweth the spirit of man, whether it goeth upward, and the spirit of the beast, whether it goeth downward to the earth? 22Wherefore I saw that there is nothing better, than that a man should rejoice in his works; for that is his portion: for who shall bring him back to see what shall be after him?"
      },
      {
        "book_name": "Ecclesiastes",
        "book": 21,
        "chapter": 3,
        "verse": 1,
        "text": "For everything there is a season, and a time for every purpose under heaven:"
      },
      {
        "book_name": "Ecclesiastes",
        "book": 21,
        "chapter": 3,
        "verse": 2,
        "text": "a time to be born, and a time to die; a time to plant, and a time to pluck up that which is planted;"
      },
      {
        "book_name": "Ecclesiastes",
        "book": 21,
        "chapter": 3,
        "verse": 3,
        "text": "a time to kill, and a time to heal; a time to break down, and a time to build up;"
      },
      {
        "book_name": "Ecclesiastes",
        "book": 21,
        "chapter": 3,
        "verse": 4,
        "text": "a time to weep, and a time to laugh; a time to mourn, and a time to dance;"
      },
      {
        "book_name": "Ecclesiastes",
        "book": 21,
        "chapter": 3,
        "verse": 5,
        "text": "a time to cast away stones, and a time to gather stones together; a time to embrace, and a time to refrain from embracing;"
      },
      {
        "book_name": "Ecclesiastes",
        "book": 21,
        "chapter": 3,
        "verse": 6,
        "text": "a time to seek, and a time to lose; a time to keep, and a time to cast away;"
      },
      {
        "book_name": "Ecclesiastes",
        "book": 21,
        "chapter": 3,
        "verse": 7,
        "text": "a time to rend, and a time to sew; a time to keep silence, and a time to speak;"
      },
      {
        "book_name": "Ecclesiastes",
        "book": 21,
        "chapter": 3,
        "verse": 8,
        "text": "a time to love, and a time to hate; a time for war, and a time for peace."
      },
      {
        "book_name": "Ecclesiastes",
        "book": 21,
        "chapter": 3,
        "verse": 9,
        "text": "What profit hath he that worketh in that wherein he laboreth?"
      },
      {
        "book_name": "Ecclesiastes",
        "book": 21,
        "chapter": 3,
        "verse": 10,
        "text": "I have seen the travail which God hath given to the sons of men to be exercised therewith."
      },
      {
        "book_name": "Ecclesiastes",
        "book": 21,
        "chapter": 3,
        "verse": 11,
        "text": "He hath made everything beautiful in its time: also he hath set eternity in their heart, yet so that man cannot find out the work that God hath done from the beginning even to the end."
      },
      {
        "book_name": "Ecclesiastes",
        "book": 21,
        "chapter": 3,
        "verse": 12,
        "text": "I know that there is nothing better for them, than to rejoice, and to do good so long as they live."
      },
      {
        "book_name": "Ecclesiastes",
        "book": 21,
        "chapter": 3,
        "verse": 13,
        "text": "And also that every man should eat and drink, and enjoy good in all his labor, is the gift of God."
      },
      {
        "book_name": "Ecclesiastes",
        "book": 21,
        "chapter": 3,
        "verse": 14,
        "text": "I know that, whatsoever God doeth, it shall be for ever: nothing can be put to it, nor anything taken from it; and God hath done it, that men should fear before him."
      },
      {
        "book_name": "Ecclesiastes",
        "book": 21,
        "chapter": 3,
        "verse": 15,
        "text": "That which is hath been long ago; and that which is to be hath long ago been: and God seeketh again that which is passed away."
      },
      {
        "book_name": "Ecclesiastes",
        "book": 21,
        "chapter": 3,
        "verse": 16,
        "text": "And moreover I saw under the sun, in the place of justice, that wickedness was there; and in the place of righteousness, that wickedness was there."
      },
      {
        "book_name": "Ecclesiastes",
        "book": 21,
        "chapter": 3,
        "verse": 17,
        "text": "I said in my heart, God will judge the righteous and the wicked; for there is a time there for every purpose and for every work."
      },
      {
        "book_name": "Ecclesiastes",
        "book": 21,
        "chapter": 3,
        "verse": 18,
        "text": "I said in my heart, It is because of the sons of men, that God may prove them, and that they may see that they themselves are but as beasts."
      },
      {
        "book_name": "Ecclesiastes",
        "book": 21,
        "chapter": 3,
        "verse": 19,
        "text": "For that which befalleth the sons of men befalleth beasts; even one thing befalleth them: as the one dieth, so dieth the other; yea, they have all one breath; and man hath no preeminence above the beasts: for all is vanity."
      },
      {
        "book_name": "Ecclesiastes",
        "book": 21,
        "chapter": 3,
        "verse": 20,
        "text": "All go unto one place; all are of the dust, and all turn to dust again."
      },
      {
        "book_name": "Ecclesiastes",
        "book": 21,
        "chapter": 3,
        "verse": 21,
        "text": "Who knoweth the spirit of man, whether it goeth upward, and the spirit of the beast, whether it goeth downward to the earth?"
      },
      {
        "book_name": "Ecclesiastes",
        "book": 21,
        "chapter": 3,
        "verse": 22,
        "text": "Wherefore I saw that there is nothing better, than that a man should rejoice in his works; for that is his portion: for who shall bring him back to see what shall be after him?"
      }
    ],
    "4": [
      {
        "book_name": "Ecclesiastes",
        "book": 21,
        "chapter": 4,
        "verse": 1,
        "text": "1Then I returned and saw all the oppressions that are done under the sun: and, behold, the tears of such as were oppressed, and they had no comforter; and on the side of their oppressors there was power; but they had no comforter. 2Wherefore I praised the dead that have been long dead more than the living that are yet alive; 3yea, better than them both did I esteem him that hath not yet been, who hath not seen the evil work that is done under the sun.  4Then I saw all labor and every skilful work, that for this a man is envied of his neighbor. This also is vanity and a striving after wind. 5The fool foldeth his hands together, and eateth his own flesh. 6Better is a handful, with quietness, than two handfuls with labor and striving after wind.  7Then I returned and saw vanity under the sun. 8There is one that is alone, and he hath not a second; yea, he hath neither son nor brother; yet is there no end of all his labor, neither are his eyes satisfied with riches. For whom then, saith he, do I labor, and deprive my soul of good? This also is vanity, yea, it is a sore travail. 9Two are better than one, because they have a good reward for their labor. 10For if they fall, the one will lift up his fellow; but woe to him that is alone when he falleth, and hath not another to lift him up. 11Again, if two lie together, then they have warmth; but how can one be warm alone? 12And if a man prevail against him that is alone, two shall withstand him; and a threefold cord is not quickly broken.  13Better is a poor and wise youth than an old and foolish king, who knoweth not how to receive admonition any more. 14For out of prison he came forth to be king; yea, even in his kingdom he was born poor. 15I saw all the living that walk under the sun, that they were with the youth, the second, that stood up in his stead. 16There was no end of all the people, even of all them over whom he was: yet they that come after shall not rejoice in him. Surely this also is vanity and a striving after wind."
      },
      {
        "book_name": "Ecclesiastes",
        "book": 21,
        "chapter": 4,
        "verse": 1,
        "text": "Then I returned and saw all the oppressions that are done under the sun: and, behold, the tears of such as were oppressed, and they had no comforter; and on the side of their oppressors there was power; but they had no comforter."
      },
      {
        "book_name": "Ecclesiastes",
        "book": 21,
        "chapter": 4,
        "verse": 2,
        "text": "Wherefore I praised the dead that have been long dead more than the living that are yet alive;"
      },
      {
        "book_name": "Ecclesiastes",
        "book": 21,
        "chapter": 4,
        "verse": 3,
        "text": "yea, better than them both did I esteem him that hath not yet been, who hath not seen the evil work that is done under the sun."
      },
      {
        "book_name": "Ecclesiastes",
        "book": 21,
        "chapter": 4,
        "verse": 4,
        "text": "Then I saw all labor and every skilful work, that for this a man is envied of his neighbor. This also is vanity and a striving after wind."
      },
      {
        "book_name": "Ecclesiastes",
        "book": 21,
        "chapter": 4,
        "verse": 5,
        "text": "The fool foldeth his hands together, and eateth his own flesh."
      },
      {
        "book_name": "Ecclesiastes",
        "book": 21,
        "chapter": 4,
        "verse": 6,
        "text": "Better is a handful, with quietness, than two handfuls with labor and striving after wind."
      },
      {
        "book_name": "Ecclesiastes",
        "book": 21,
        "chapter": 4,
        "verse": 7,
        "text": "Then I returned and saw vanity under the sun."
      },
      {
        "book_name": "Ecclesiastes",
        "book": 21,
        "chapter": 4,
        "verse": 8,
        "text": "There is one that is alone, and he hath not a second; yea, he hath neither son nor brother; yet is there no end of all his labor, neither are his eyes satisfied with riches. For whom then, saith he, do I labor, and deprive my soul of good? This also is vanity, yea, it is a sore travail."
      },
      {
        "book_name": "Ecclesiastes",
        "book": 21,
        "chapter": 4,
        "verse": 9,
        "text": "Two are better than one, because they have a good reward for their labor."
      },
      {
        "book_name": "Ecclesiastes",
        "book": 21,
        "chapter": 4,
        "verse": 10,
        "text": "For if they fall, the one will lift up his fellow; but woe to him that is alone when he falleth, and hath not another to lift him up."
      },
      {
        "book_name": "Ecclesiastes",
        "book": 21,
        "chapter": 4,
        "verse": 11,
        "text": "Again, if two lie together, then they have warmth; but how can one be warm alone?"
      },
      {
        "book_name": "Ecclesiastes",
        "book": 21,
        "chapter": 4,
        "verse": 12,
        "text": "And if a man prevail against him that is alone, two shall withstand him; and a threefold cord is not quickly broken."
      },
      {
        "book_name": "Ecclesiastes",
        "book": 21,
        "chapter": 4,
        "verse": 13,
        "text": "Better is a poor and wise youth than an old and foolish king, who knoweth not how to receive admonition any more."
      },
      {
        "book_name": "Ecclesiastes",
        "book": 21,
        "chapter": 4,
        "verse": 14,
        "text": "For out of prison he came forth to be king; yea, even in his kingdom he was born poor."
      },
      {
        "book_name": "Ecclesiastes",
        "book": 21,
        "chapter": 4,
        "verse": 15,
        "text": "I saw all the living that walk under the sun, that they were with the youth, the second, that stood up in his stead."
      },
      {
        "book_name": "Ecclesiastes",
        "book": 21,
        "chapter": 4,
        "verse": 16,
        "text": "There was no end of all the people, even of all them over whom he was: yet they that come after shall not rejoice in him. Surely this also is vanity and a striving after wind."
      }
    ],
    "5": [
      {
        "book_name": "Ecclesiastes",
        "book": 21,
        "chapter": 5,
        "verse": 1,
        "text": "1Keep thy foot when thou goest to the house of God; for to draw nigh to hear is better than to give the sacrifice of fools: for they know not that they do evil. 2Be not rash with thy mouth, and let not thy heart be hasty to utter anything before God; for God is in heaven, and thou upon earth: therefore let thy words be few. 3For a dream cometh with a multitude of business, and a fool’s voice with a multitude of words. 4When thou vowest a vow unto God, defer not to pay it; for he hath no pleasure in fools: pay that which thou vowest. 5Better is it that thou shouldest not vow, than that thou shouldest vow and not pay. 6Suffer not thy mouth to cause thy flesh to sin; neither say thou before the angel, that it was an error: wherefore should God be angry at thy voice, and destroy the work of thy hands? 7For in the multitude of dreams there are vanities, and in many words: but fear thou God.  8If thou seest the oppression of the poor, and the violent taking away of justice and righteousness in a province, marvel not at the matter: for one higher than the high regardeth; and there are higher than they. 9Moreover the profit of the earth is for all: the king himself is served by the field.  10He that loveth silver shall not be satisfied with silver; nor he that loveth abundance, with increase: this also is vanity. 11When goods increase, they are increased that eat them; and what advantage is there to the owner thereof, save the beholding of them with his eyes? 12The sleep of a laboring man is sweet, whether he eat little or much; but the fulness of the rich will not suffer him to sleep.  13There is a grievous evil which I have seen under the sun, namely, riches kept by the owner thereof to his hurt: 14and those riches perish by evil adventure; and if he hath begotten a son, there is nothing in his hand. 15As he came forth from his mother’s womb, naked shall he go again as he came, and shall take nothing for his labor, which he may carry away in his hand. 16And this also is a grievous evil, that in all points as he came, so shall he go: and what profit hath he that he laboreth for the wind? 17All his days also he eateth in darkness, and he is sore vexed, and hath sickness and wrath.  18Behold, that which I have seen to be good and to be comely is for one to eat and to drink, and to enjoy good in all his labor, wherein he laboreth under the sun, all the days of his life which God hath given him: for this is his portion. 19Every man also to whom God hath given riches and wealth, and hath given him power to eat thereof, and to take his portion, and to rejoice in his labor—this is the gift of God. 20For he shall not much remember the days of his life; because God answereth him in the joy of his heart."
      },
      {
        "book_name": "Ecclesiastes",
        "book": 21,
        "chapter": 5,
        "verse": 1,
        "text": "Keep thy foot when thou goest to the house of God; for to draw nigh to hear is better than to give the sacrifice of fools: for they know not that they do evil."
      },
      {
        "book_name": "Ecclesiastes",
        "book": 21,
        "chapter": 5,
        "verse": 2,
        "text": "Be not rash with thy mouth, and let not thy heart be hasty to utter anything before God; for God is in heaven, and thou upon earth: therefore let thy words be few."
      },
      {
        "book_name": "Ecclesiastes",
        "book": 21,
        "chapter": 5,
        "verse": 3,
        "text": "For a dream cometh with a multitude of business, and a fool’s voice with a multitude of words."
      },
      {
        "book_name": "Ecclesiastes",
        "book": 21,
        "chapter": 5,
        "verse": 4,
        "text": "When thou vowest a vow unto God, defer not to pay it; for he hath no pleasure in fools: pay that which thou vowest."
      },
      {
        "book_name": "Ecclesiastes",
        "book": 21,
        "chapter": 5,
        "verse": 5,
        "text": "Better is it that thou shouldest not vow, than that thou shouldest vow and not pay."
      },
      {
        "book_name": "Ecclesiastes",
        "book": 21,
        "chapter": 5,
        "verse": 6,
        "text": "Suffer not thy mouth to cause thy flesh to sin; neither say thou before the angel, that it was an error: wherefore should God be angry at thy voice, and destroy the work of thy hands?"
      },
      {
        "book_name": "Ecclesiastes",
        "book": 21,
        "chapter": 5,
        "verse": 7,
        "text": "For in the multitude of dreams there are vanities, and in many words: but fear thou God."
      },
      {
        "book_name": "Ecclesiastes",
        "book": 21,
        "chapter": 5,
        "verse": 8,
        "text": "If thou seest the oppression of the poor, and the violent taking away of justice and righteousness in a province, marvel not at the matter: for one higher than the high regardeth; and there are higher than they."
      },
      {
        "book_name": "Ecclesiastes",
        "book": 21,
        "chapter": 5,
        "verse": 9,
        "text": "Moreover the profit of the earth is for all: the king himself is served by the field."
      },
      {
        "book_name": "Ecclesiastes",
        "book": 21,
        "chapter": 5,
        "verse": 10,
        "text": "He that loveth silver shall not be satisfied with silver; nor he that loveth abundance, with increase: this also is vanity."
      },
      {
        "book_name": "Ecclesiastes",
        "book": 21,
        "chapter": 5,
        "verse": 11,
        "text": "When goods increase, they are increased that eat them; and what advantage is there to the owner thereof, save the beholding of them with his eyes?"
      },
      {
        "book_name": "Ecclesiastes",
        "book": 21,
        "chapter": 5,
        "verse": 12,
        "text": "The sleep of a laboring man is sweet, whether he eat little or much; but the fulness of the rich will not suffer him to sleep."
      },
      {
        "book_name": "Ecclesiastes",
        "book": 21,
        "chapter": 5,
        "verse": 13,
        "text": "There is a grievous evil which I have seen under the sun, namely, riches kept by the owner thereof to his hurt:"
      },
      {
        "book_name": "Ecclesiastes",
        "book": 21,
        "chapter": 5,
        "verse": 14,
        "text": "and those riches perish by evil adventure; and if he hath begotten a son, there is nothing in his hand."
      },
      {
        "book_name": "Ecclesiastes",
        "book": 21,
        "chapter": 5,
        "verse": 15,
        "text": "As he came forth from his mother’s womb, naked shall he go again as he came, and shall take nothing for his labor, which he may carry away in his hand."
      },
      {
        "book_name": "Ecclesiastes",
        "book": 21,
        "chapter": 5,
        "verse": 16,
        "text": "And this also is a grievous evil, that in all points as he came, so shall he go: and what profit hath he that he laboreth for the wind?"
      },
      {
        "book_name": "Ecclesiastes",
        "book": 21,
        "chapter": 5,
        "verse": 17,
        "text": "All his days also he eateth in darkness, and he is sore vexed, and hath sickness and wrath."
      },
      {
        "book_name": "Ecclesiastes",
        "book": 21,
        "chapter": 5,
        "verse": 18,
        "text": "Behold, that which I have seen to be good and to be comely is for one to eat and to drink, and to enjoy good in all his labor, wherein he laboreth under the sun, all the days of his life which God hath given him: for this is his portion."
      },
      {
        "book_name": "Ecclesiastes",
        "book": 21,
        "chapter": 5,
        "verse": 19,
        "text": "Every man also to whom God hath given riches and wealth, and hath given him power to eat thereof, and to take his portion, and to rejoice in his labor—this is the gift of God."
      },
      {
        "book_name": "Ecclesiastes",
        "book": 21,
        "chapter": 5,
        "verse": 20,
        "text": "For he shall not much remember the days of his life; because God answereth him in the joy of his heart."
      }
    ],
    "6": [
      {
        "book_name": "Ecclesiastes",
        "book": 21,
        "chapter": 6,
        "verse": 1,
        "text": "1There is an evil which I have seen under the sun, and it is heavy upon men: 2a man to whom God giveth riches, wealth, and honor, so that he lacketh nothing for his soul of all that he desireth, yet God giveth him not power to eat thereof, but an alien eateth it; this is vanity, and it is an evil disease. 3If a man beget a hundred children, and live many years, so that the days of his years are many, but his soul be not filled with good, and moreover he have no burial; I say, that an untimely birth is better than he: 4for it cometh in vanity, and departeth in darkness, and the name thereof is covered with darkness; 5moreover it hath not seen the sun nor known it; this hath rest rather than the other: 6yea, though he live a thousand years twice told, and yet enjoy no good, do not all go to one place?  7All the labor of man is for his mouth, and yet the appetite is not filled. 8For what advantage hath the wise more than the fool? or what hath the poor man, that knoweth how to walk before the living? 9Better is the sight of the eyes than the wandering of the desire: this also is vanity and a striving after wind.  10Whatsoever hath been, the name thereof was given long ago; and it is known what man is; neither can he contend with him that is mightier than he. 11Seeing there are many things that increase vanity, what is man the better? 12For who knoweth what is good for man in his life, all the days of his vain life which he spendeth as a shadow? for who can tell a man what shall be after him under the sun?"
      },
      {
        "book_name": "Ecclesiastes",
        "book": 21,
        "chapter": 6,
        "verse": 1,
        "text": "There is an evil which I have seen under the sun, and it is heavy upon men:"
      },
      {
        "book_name": "Ecclesiastes",
        "book": 21,
        "chapter": 6,
        "verse": 2,
        "text": "a man to whom God giveth riches, wealth, and honor, so that he lacketh nothing for his soul of all that he desireth, yet God giveth him not power to eat thereof, but an alien eateth it; this is vanity, and it is an evil disease."
      },
      {
        "book_name": "Ecclesiastes",
        "book": 21,
        "chapter": 6,
        "verse": 3,
        "text": "If a man beget a hundred children, and live many years, so that the days of his years are many, but his soul be not filled with good, and moreover he have no burial; I say, that an untimely birth is better than he:"
      },
      {
        "book_name": "Ecclesiastes",
        "book": 21,
        "chapter": 6,
        "verse": 4,
        "text": "for it cometh in vanity, and departeth in darkness, and the name thereof is covered with darkness;"
      },
      {
        "book_name": "Ecclesiastes",
        "book": 21,
        "chapter": 6,
        "verse": 5,
        "text": "moreover it hath not seen the sun nor known it; this hath rest rather than the other:"
      },
      {
        "book_name": "Ecclesiastes",
        "book": 21,
        "chapter": 6,
        "verse": 6,
        "text": "yea, though he live a thousand years twice told, and yet enjoy no good, do not all go to one place?"
      },
      {
        "book_name": "Ecclesiastes",
        "book": 21,
        "chapter": 6,
        "verse": 7,
        "text": "All the labor of man is for his mouth, and yet the appetite is not filled."
      },
      {
        "book_name": "Ecclesiastes",
        "book": 21,
        "chapter": 6,
        "verse": 8,
        "text": "For what advantage hath the wise more than the fool? or what hath the poor man, that knoweth how to walk before the living?"
      },
      {
        "book_name": "Ecclesiastes",
        "book": 21,
        "chapter": 6,
        "verse": 9,
        "text": "Better is the sight of the eyes than the wandering of the desire: this also is vanity and a striving after wind."
      },
      {
        "book_name": "Ecclesiastes",
        "book": 21,
        "chapter": 6,
        "verse": 10,
        "text": "Whatsoever hath been, the name thereof was given long ago; and it is known what man is; neither can he contend with him that is mightier than he."
      },
      {
        "book_name": "Ecclesiastes",
        "book": 21,
        "chapter": 6,
        "verse": 11,
        "text": "Seeing there are many things that increase vanity, what is man the better?"
      },
      {
        "book_name": "Ecclesiastes",
        "book": 21,
        "chapter": 6,
        "verse": 12,
        "text": "For who knoweth what is good for man in his life, all the days of his vain life which he spendeth as a shadow? for who can tell a man what shall be after him under the sun?"
      }
    ],
    "7": [
      {
        "book_name": "Ecclesiastes",
        "book": 21,
        "chapter": 7,
        "verse": 1,
        "text": "1A good name is better than precious oil; and the day of death, than the day of one’s birth. 2It is better to go to the house of mourning than to go to the house of feasting: for that is the end of all men; and the living will lay it to his heart. 3Sorrow is better than laughter; for by the sadness of the countenance the heart is made glad. 4The heart of the wise is in the house of mourning; but the heart of fools is in the house of mirth.  5It is better to hear the rebuke of the wise, than for a man to hear the song of fools. 6For as the crackling of thorns under a pot, so is the laughter of the fool: this also is vanity. 7Surely extortion maketh the wise man foolish; and a bribe destroyeth the understanding.  8Better is the end of a thing than the beginning thereof; and the patient in spirit is better than the proud in spirit. 9Be not hasty in thy spirit to be angry; for anger resteth in the bosom of fools. 10Say not thou, What is the cause that the former days were better than these? for thou dost not inquire wisely concerning this.  11Wisdom is as good as an inheritance; yea, more excellent is it for them that see the sun. 12For wisdom is a defence, even as money is a defence; but the excellency of knowledge is, that wisdom preserveth the life of him that hath it. 13Consider the work of God: for who can make that straight, which he hath made crooked? 14In the day of prosperity be joyful, and in the day of adversity consider; yea, God hath made the one side by side with the other, to the end that man should not find out anything that shall be after him.  15All this have I seen in my days of vanity: there is a righteous man that perisheth in his righteousness, and there is a wicked man that prolongeth his life in his evil-doing. 16Be not righteous overmuch; neither make thyself overwise: why shouldest thou destroy thyself? 17Be not overmuch wicked, neither be thou foolish: why shouldest thou die before thy time? 18It is good that thou shouldest take hold of this; yea, also from that withdraw not thy hand: for he that feareth God shall come forth from them all.  19Wisdom is a strength to the wise man more than ten rulers that are in a city. 20Surely there is not a righteous man upon earth, that doeth good, and sinneth not. 21Also take not heed unto all words that are spoken, lest thou hear thy servant curse thee; 22for oftentimes also thine own heart knoweth that thou thyself likewise hast cursed others.  23All this have I proved in wisdom: I said, I will be wise; but it was far from me. 24That which is, is far off and exceeding deep; who can find it out? 25I turned about, and my heart was set to know and to search out, and to seek wisdom and the reason of things, and to know that wickedness is folly, and that foolishness is madness. 26And I find more bitter than death the woman whose heart is snares and nets, and whose hands are bands: whoso pleaseth God shall escape from her; but the sinner shall be taken by her. 27Behold, this have I found, saith the Preacher, laying one thing to another, to find out the account; 28which my soul still seeketh, but I have not found: one man among a thousand have I found; but a woman among all those have I not found. 29Behold, this only have I found: that God made man upright; but they have sought out many inventions."
      },
      {
        "book_name": "Ecclesiastes",
        "book": 21,
        "chapter": 7,
        "verse": 1,
        "text": "A good name is better than precious oil; and the day of death, than the day of one’s birth."
      },
      {
        "book_name": "Ecclesiastes",
        "book": 21,
        "chapter": 7,
        "verse": 2,
        "text": "It is better to go to the house of mourning than to go to the house of feasting: for that is the end of all men; and the living will lay it to his heart."
      },
      {
        "book_name": "Ecclesiastes",
        "book": 21,
        "chapter": 7,
        "verse": 3,
        "text": "Sorrow is better than laughter; for by the sadness of the countenance the heart is made glad."
      },
      {
        "book_name": "Ecclesiastes",
        "book": 21,
        "chapter": 7,
        "verse": 4,
        "text": "The heart of the wise is in the house of mourning; but the heart of fools is in the house of mirth."
      },
      {
        "book_name": "Ecclesiastes",
        "book": 21,
        "chapter": 7,
        "verse": 5,
        "text": "It is better to hear the rebuke of the wise, than for a man to hear the song of fools."
      },
      {
        "book_name": "Ecclesiastes",
        "book": 21,
        "chapter": 7,
        "verse": 6,
        "text": "For as the crackling of thorns under a pot, so is the laughter of the fool: this also is vanity."
      },
      {
        "book_name": "Ecclesiastes",
        "book": 21,
        "chapter": 7,
        "verse": 7,
        "text": "Surely extortion maketh the wise man foolish; and a bribe destroyeth the understanding."
      },
      {
        "book_name": "Ecclesiastes",
        "book": 21,
        "chapter": 7,
        "verse": 8,
        "text": "Better is the end of a thing than the beginning thereof; and the patient in spirit is better than the proud in spirit."
      },
      {
        "book_name": "Ecclesiastes",
        "book": 21,
        "chapter": 7,
        "verse": 9,
        "text": "Be not hasty in thy spirit to be angry; for anger resteth in the bosom of fools."
      },
      {
        "book_name": "Ecclesiastes",
        "book": 21,
        "chapter": 7,
        "verse": 10,
        "text": "Say not thou, What is the cause that the former days were better than these? for thou dost not inquire wisely concerning this."
      },
      {
        "book_name": "Ecclesiastes",
        "book": 21,
        "chapter": 7,
        "verse": 11,
        "text": "Wisdom is as good as an inheritance; yea, more excellent is it for them that see the sun."
      },
      {
        "book_name": "Ecclesiastes",
        "book": 21,
        "chapter": 7,
        "verse": 12,
        "text": "For wisdom is a defence, even as money is a defence; but the excellency of knowledge is, that wisdom preserveth the life of him that hath it."
      },
      {
        "book_name": "Ecclesiastes",
        "book": 21,
        "chapter": 7,
        "verse": 13,
        "text": "Consider the work of God: for who can make that straight, which he hath made crooked?"
      },
      {
        "book_name": "Ecclesiastes",
        "book": 21,
        "chapter": 7,
        "verse": 14,
        "text": "In the day of prosperity be joyful, and in the day of adversity consider; yea, God hath made the one side by side with the other, to the end that man should not find out anything that shall be after him."
      },
      {
        "book_name": "Ecclesiastes",
        "book": 21,
        "chapter": 7,
        "verse": 15,
        "text": "All this have I seen in my days of vanity: there is a righteous man that perisheth in his righteousness, and there is a wicked man that prolongeth his life in his evil-doing."
      },
      {
        "book_name": "Ecclesiastes",
        "book": 21,
        "chapter": 7,
        "verse": 16,
        "text": "Be not righteous overmuch; neither make thyself overwise: why shouldest thou destroy thyself?"
      },
      {
        "book_name": "Ecclesiastes",
        "book": 21,
        "chapter": 7,
        "verse": 17,
        "text": "Be not overmuch wicked, neither be thou foolish: why shouldest thou die before thy time?"
      },
      {
        "book_name": "Ecclesiastes",
        "book": 21,
        "chapter": 7,
        "verse": 18,
        "text": "It is good that thou shouldest take hold of this; yea, also from that withdraw not thy hand: for he that feareth God shall come forth from them all."
      },
      {
        "book_name": "Ecclesiastes",
        "book": 21,
        "chapter": 7,
        "verse": 19,
        "text": "Wisdom is a strength to the wise man more than ten rulers that are in a city."
      },
      {
        "book_name": "Ecclesiastes",
        "book": 21,
        "chapter": 7,
        "verse": 20,
        "text": "Surely there is not a righteous man upon earth, that doeth good, and sinneth not."
      },
      {
        "book_name": "Ecclesiastes",
        "book": 21,
        "chapter": 7,
        "verse": 21,
        "text": "Also take not heed unto all words that are spoken, lest thou hear thy servant curse thee;"
      },
      {
        "book_name": "Ecclesiastes",
        "book": 21,
        "chapter": 7,
        "verse": 22,
        "text": "for oftentimes also thine own heart knoweth that thou thyself likewise hast cursed others."
      },
      {
        "book_name": "Ecclesiastes",
        "book": 21,
        "chapter": 7,
        "verse": 23,
        "text": "All this have I proved in wisdom: I said, I will be wise; but it was far from me."
      },
      {
        "book_name": "Ecclesiastes",
        "book": 21,
        "chapter": 7,
        "verse": 24,
        "text": "That which is, is far off and exceeding deep; who can find it out?"
      },
      {
        "book_name": "Ecclesiastes",
        "book": 21,
        "chapter": 7,
        "verse": 25,
        "text": "I turned about, and my heart was set to know and to search out, and to seek wisdom and the reason of things, and to know that wickedness is folly, and that foolishness is madness."
      },
      {
        "book_name": "Ecclesiastes",
        "book": 21,
        "chapter": 7,
        "verse": 26,
        "text": "And I find more bitter than death the woman whose heart is snares and nets, and whose hands are bands: whoso pleaseth God shall escape from her; but the sinner shall be taken by her."
      },
      {
        "book_name": "Ecclesiastes",
        "book": 21,
        "chapter": 7,
        "verse": 27,
        "text": "Behold, this have I found, saith the Preacher, laying one thing to another, to find out the account;"
      },
      {
        "book_name": "Ecclesiastes",
        "book": 21,
        "chapter": 7,
        "verse": 28,
        "text": "which my soul still seeketh, but I have not found: one man among a thousand have I found; but a woman among all those have I not found."
      },
      {
        "book_name": "Ecclesiastes",
        "book": 21,
        "chapter": 7,
        "verse": 29,
        "text": "Behold, this only have I found: that God made man upright; but they have sought out many inventions."
      }
    ],
    "8": [
      {
        "book_name": "Ecclesiastes",
        "book": 21,
        "chapter": 8,
        "verse": 1,
        "text": "1Who is as the wise man? and who knoweth the interpretation of a thing? A man’s wisdom maketh his face to shine, and the hardness of his face is changed. 2I counsel thee, Keep the king’s command, and that in regard of the oath of God. 3Be not hasty to go out of his presence; persist not in an evil thing: for he doeth whatsoever pleaseth him. 4For the king’s word hath power; and who may say unto him, What doest thou? 5Whoso keepeth the commandment shall know no evil thing; and a wise man’s heart discerneth time and judgment: 6for to every purpose there is a time and judgment; because the misery of man is great upon him: 7for he knoweth not that which shall be; for who can tell him how it shall be? 8There is no man that hath power over the spirit to retain the spirit; neither hath he power over the day of death; and there is no discharge in war: neither shall wickedness deliver him that is given to it.  9All this have I seen, and applied my heart unto every work that is done under the sun: there is a time wherein one man hath power over another to his hurt. 10So I saw the wicked buried, and they came to the grave; and they that had done right went away from the holy place, and were forgotten in the city: this also is vanity. 11Because sentence against an evil work is not executed speedily, therefore the heart of the sons of men is fully set in them to do evil. 12Though a sinner do evil a hundred times, and prolong his days, yet surely I know that it shall be well with them that fear God, that fear before him: 13but it shall not be well with the wicked, neither shall he prolong his days, which are as a shadow; because he feareth not before God.  14There is a vanity which is done upon the earth, that there are righteous men unto whom it happeneth according to the work of the wicked; again, there are wicked men to whom it happeneth according to the work of the righteous: I said that this also is vanity. 15Then I commended mirth, because a man hath no better thing under the sun, than to eat, and to drink, and to be joyful: for that shall abide with him in his labor all the days of his life which God hath given him under the sun.  16When I applied my heart to know wisdom, and to see the business that is done upon the earth (for also there is that neither day nor night seeth sleep with his eyes), 17then I beheld all the work of God, that man cannot find out the work that is done under the sun: because however much a man labor to seek it out, yet he shall not find it; yea moreover, though a wise man think to know it, yet shall he not be able to find it."
      },
      {
        "book_name": "Ecclesiastes",
        "book": 21,
        "chapter": 8,
        "verse": 1,
        "text": "Who is as the wise man? and who knoweth the interpretation of a thing? A man’s wisdom maketh his face to shine, and the hardness of his face is changed."
      },
      {
        "book_name": "Ecclesiastes",
        "book": 21,
        "chapter": 8,
        "verse": 2,
        "text": "I counsel thee, Keep the king’s command, and that in regard of the oath of God."
      },
      {
        "book_name": "Ecclesiastes",
        "book": 21,
        "chapter": 8,
        "verse": 3,
        "text": "Be not hasty to go out of his presence; persist not in an evil thing: for he doeth whatsoever pleaseth him."
      },
      {
        "book_name": "Ecclesiastes",
        "book": 21,
        "chapter": 8,
        "verse": 4,
        "text": "For the king’s word hath power; and who may say unto him, What doest thou?"
      },
      {
        "book_name": "Ecclesiastes",
        "book": 21,
        "chapter": 8,
        "verse": 5,
        "text": "Whoso keepeth the commandment shall know no evil thing; and a wise man’s heart discerneth time and judgment:"
      },
      {
        "book_name": "Ecclesiastes",
        "book": 21,
        "chapter": 8,
        "verse": 6,
        "text": "for to every purpose there is a time and judgment; because the misery of man is great upon him:"
      },
      {
        "book_name": "Ecclesiastes",
        "book": 21,
        "chapter": 8,
        "verse": 7,
        "text": "for he knoweth not that which shall be; for who can tell him how it shall be?"
      },
      {
        "book_name": "Ecclesiastes",
        "book": 21,
        "chapter": 8,
        "verse": 8,
        "text": "There is no man that hath power over the spirit to retain the spirit; neither hath he power over the day of death; and there is no discharge in war: neither shall wickedness deliver him that is given to it."
      },
      {
        "book_name": "Ecclesiastes",
        "book": 21,
        "chapter": 8,
        "verse": 9,
        "text": "All this have I seen, and applied my heart unto every work that is done under the sun: there is a time wherein one man hath power over another to his hurt."
      },
      {
        "book_name": "Ecclesiastes",
        "book": 21,
        "chapter": 8,
        "verse": 10,
        "text": "So I saw the wicked buried, and they came to the grave; and they that had done right went away from the holy place, and were forgotten in the city: this also is vanity."
      },
      {
        "book_name": "Ecclesiastes",
        "book": 21,
        "chapter": 8,
        "verse": 11,
        "text": "Because sentence against an evil work is not executed speedily, therefore the heart of the sons of men is fully set in them to do evil."
      },
      {
        "book_name": "Ecclesiastes",
        "book": 21,
        "chapter": 8,
        "verse": 12,
        "text": "Though a sinner do evil a hundred times, and prolong his days, yet surely I know that it shall be well with them that fear God, that fear before him:"
      },
      {
        "book_name": "Ecclesiastes",
        "book": 21,
        "chapter": 8,
        "verse": 13,
        "text": "but it shall not be well with the wicked, neither shall he prolong his days, which are as a shadow; because he feareth not before God."
      },
      {
        "book_name": "Ecclesiastes",
        "book": 21,
        "chapter": 8,
        "verse": 14,
        "text": "There is a vanity which is done upon the earth, that there are righteous men unto whom it happeneth according to the work of the wicked; again, there are wicked men to whom it happeneth according to the work of the righteous: I said that this also is vanity."
      },
      {
        "book_name": "Ecclesiastes",
        "book": 21,
        "chapter": 8,
        "verse": 15,
        "text": "Then I commended mirth, because a man hath no better thing under the sun, than to eat, and to drink, and to be joyful: for that shall abide with him in his labor all the days of his life which God hath given him under the sun."
      },
      {
        "book_name": "Ecclesiastes",
        "book": 21,
        "chapter": 8,
        "verse": 16,
        "text": "When I applied my heart to know wisdom, and to see the business that is done upon the earth (for also there is that neither day nor night seeth sleep with his eyes),"
      },
      {
        "book_name": "Ecclesiastes",
        "book": 21,
        "chapter": 8,
        "verse": 17,
        "text": "then I beheld all the work of God, that man cannot find out the work that is done under the sun: because however much a man labor to seek it out, yet he shall not find it; yea moreover, though a wise man think to know it, yet shall he not be able to find it."
      }
    ],
    "9": [
      {
        "book_name": "Ecclesiastes",
        "book": 21,
        "chapter": 9,
        "verse": 1,
        "text": "1For all this I laid to my heart, even to explore all this: that the righteous, and the wise, and their works, are in the hand of God; whether it be love or hatred, man knoweth it not; all is before them.  2All things come alike to all: there is one event to the righteous and to the wicked; to the good and to the clean and to the unclean; to him that sacrificeth and to him that sacrificeth not; as is the good, so is the sinner; and he that sweareth, as he that feareth an oath. 3This is an evil in all that is done under the sun, that there is one event unto all: yea also, the heart of the sons of men is full of evil, and madness is in their heart while they live, and after that they go to the dead. 4For to him that is joined with all the living there is hope; for a living dog is better than a dead lion. 5For the living know that they shall die: but the dead know not anything, neither have they any more a reward; for the memory of them is forgotten. 6As well their love, as their hatred and their envy, is perished long ago; neither have they any more a portion for ever in anything that is done under the sun.  7Go thy way, eat thy bread with joy, and drink thy wine with a merry heart; for God hath already accepted thy works. 8Let thy garments be always white; and let not thy head lack oil. 9Live joyfully with the wife whom thou lovest all the days of thy life of vanity, which he hath given thee under the sun, all thy days of vanity: for that is thy portion in life, and in thy labor wherein thou laborest under the sun. 10Whatsoever thy hand findeth to do, do it with thy might; for there is no work, nor device, nor knowledge, nor wisdom, in Sheol, whither thou goest.  11I returned, and saw under the sun, that the race is not to the swift, nor the battle to the strong, neither yet bread to the wise, nor yet riches to men of understanding, nor yet favor to men of skill; but time and chance happeneth to them all. 12For man also knoweth not his time: as the fishes that are taken in an evil net, and as the birds that are caught in the snare, even so are the sons of men snared in an evil time, when it falleth suddenly upon them.  13I have also seen wisdom under the sun on this wise, and it seemed great unto me: 14There was a little city, and few men within it; and there came a great king against it, and besieged it, and built great bulwarks against it. 15Now there was found in it a poor wise man, and he by his wisdom delivered the city; yet no man remembered that same poor man. 16Then said I, Wisdom is better than strength: nevertheless the poor man’s wisdom is despised, and his words are not heard. 17The words of the wise heard in quiet are better than the cry of him that ruleth among fools. 18Wisdom is better than weapons of war; but one sinner destroyeth much good."
      },
      {
        "book_name": "Ecclesiastes",
        "book": 21,
        "chapter": 9,
        "verse": 1,
        "text": "For all this I laid to my heart, even to explore all this: that the righteous, and the wise, and their works, are in the hand of God; whether it be love or hatred, man knoweth it not; all is before them."
      },
      {
        "book_name": "Ecclesiastes",
        "book": 21,
        "chapter": 9,
        "verse": 2,
        "text": "All things come alike to all: there is one event to the righteous and to the wicked; to the good and to the clean and to the unclean; to him that sacrificeth and to him that sacrificeth not; as is the good, so is the sinner; and he that sweareth, as he that feareth an oath."
      },
      {
        "book_name": "Ecclesiastes",
        "book": 21,
        "chapter": 9,
        "verse": 3,
        "text": "This is an evil in all that is done under the sun, that there is one event unto all: yea also, the heart of the sons of men is full of evil, and madness is in their heart while they live, and after that they go to the dead."
      },
      {
        "book_name": "Ecclesiastes",
        "book": 21,
        "chapter": 9,
        "verse": 4,
        "text": "For to him that is joined with all the living there is hope; for a living dog is better than a dead lion."
      },
      {
        "book_name": "Ecclesiastes",
        "book": 21,
        "chapter": 9,
        "verse": 5,
        "text": "For the living know that they shall die: but the dead know not anything, neither have they any more a reward; for the memory of them is forgotten."
      },
      {
        "book_name": "Ecclesiastes",
        "book": 21,
        "chapter": 9,
        "verse": 6,
        "text": "As well their love, as their hatred and their envy, is perished long ago; neither have they any more a portion for ever in anything that is done under the sun."
      },
      {
        "book_name": "Ecclesiastes",
        "book": 21,
        "chapter": 9,
        "verse": 7,
        "text": "Go thy way, eat thy bread with joy, and drink thy wine with a merry heart; for God hath already accepted thy works."
      },
      {
        "book_name": "Ecclesiastes",
        "book": 21,
        "chapter": 9,
        "verse": 8,
        "text": "Let thy garments be always white; and let not thy head lack oil."
      },
      {
        "book_name": "Ecclesiastes",
        "book": 21,
        "chapter": 9,
        "verse": 9,
        "text": "Live joyfully with the wife whom thou lovest all the days of thy life of vanity, which he hath given thee under the sun, all thy days of vanity: for that is thy portion in life, and in thy labor wherein thou laborest under the sun."
      },
      {
        "book_name": "Ecclesiastes",
        "book": 21,
        "chapter": 9,
        "verse": 10,
        "text": "Whatsoever thy hand findeth to do, do it with thy might; for there is no work, nor device, nor knowledge, nor wisdom, in Sheol, whither thou goest."
      },
      {
        "book_name": "Ecclesiastes",
        "book": 21,
        "chapter": 9,
        "verse": 11,
        "text": "I returned, and saw under the sun, that the race is not to the swift, nor the battle to the strong, neither yet bread to the wise, nor yet riches to men of understanding, nor yet favor to men of skill; but time and chance happeneth to them all."
      },
      {
        "book_name": "Ecclesiastes",
        "book": 21,
        "chapter": 9,
        "verse": 12,
        "text": "For man also knoweth not his time: as the fishes that are taken in an evil net, and as the birds that are caught in the snare, even so are the sons of men snared in an evil time, when it falleth suddenly upon them."
      },
      {
        "book_name": "Ecclesiastes",
        "book": 21,
        "chapter": 9,
        "verse": 13,
        "text": "I have also seen wisdom under the sun on this wise, and it seemed great unto me:"
      },
      {
        "book_name": "Ecclesiastes",
        "book": 21,
        "chapter": 9,
        "verse": 14,
        "text": "There was a little city, and few men within it; and there came a great king against it, and besieged it, and built great bulwarks against it."
      },
      {
        "book_name": "Ecclesiastes",
        "book": 21,
        "chapter": 9,
        "verse": 15,
        "text": "Now there was found in it a poor wise man, and he by his wisdom delivered the city; yet no man remembered that same poor man."
      },
      {
        "book_name": "Ecclesiastes",
        "book": 21,
        "chapter": 9,
        "verse": 16,
        "text": "Then said I, Wisdom is better than strength: nevertheless the poor man’s wisdom is despised, and his words are not heard."
      },
      {
        "book_name": "Ecclesiastes",
        "book": 21,
        "chapter": 9,
        "verse": 17,
        "text": "The words of the wise heard in quiet are better than the cry of him that ruleth among fools."
      },
      {
        "book_name": "Ecclesiastes",
        "book": 21,
        "chapter": 9,
        "verse": 18,
        "text": "Wisdom is better than weapons of war; but one sinner destroyeth much good."
      }
    ],
    "10": [
      {
        "book_name": "Ecclesiastes",
        "book": 21,
        "chapter": 10,
        "verse": 1,
        "text": "1Dead flies cause the oil of the perfumer to send forth an evil odor; so doth a little folly outweigh wisdom and honor. 2A wise man’s heart is at his right hand; but a fool’s heart at his left. 3Yea also, when the fool walketh by the way, his understanding faileth him, and he saith to every one that he is a fool. 4If the spirit of the ruler rise up against thee, leave not thy place; for gentleness allayeth great offences.  5There is an evil which I have seen under the sun, as it were an error which proceedeth from the ruler: 6folly is set in great dignity, and the rich sit in a low place. 7I have seen servants upon horses, and princes walking like servants upon the earth.  8He that diggeth a pit shall fall into it; and whoso breaketh through a wall, a serpent shall bite him. 9Whoso heweth out stones shall be hurt therewith; and he that cleaveth wood is endangered thereby. 10If the iron be blunt, and one do not whet the edge, then must he put to more strength: but wisdom is profitable to direct. 11If the serpent bite before it is charmed, then is there no advantage in the charmer.  12The words of a wise man’s mouth are gracious; but the lips of a fool will swallow up himself. 13The beginning of the words of his mouth is foolishness; and the end of his talk is mischievous madness. 14A fool also multiplieth words: yet man knoweth not what shall be; and that which shall be after him, who can tell him? 15The labor of fools wearieth every one of them; for he knoweth not how to go to the city.  16Woe to thee, O land, when thy king is a child, and thy princes eat in the morning! 17Happy art thou, O land, when thy king is the son of nobles, and thy princes eat in due season, for strength, and not for drunkenness! 18By slothfulness the roof sinketh in; and through idleness of the hands the house leaketh. 19A feast is made for laughter, and wine maketh glad the life; and money answereth all things. 20Revile not the king, no, not in thy thought; and revile not the rich in thy bedchamber: for a bird of the heavens shall carry the voice, and that which hath wings shall tell the matter."
      },
      {
        "book_name": "Ecclesiastes",
        "book": 21,
        "chapter": 10,
        "verse": 1,
        "text": "Dead flies cause the oil of the perfumer to send forth an evil odor; so doth a little folly outweigh wisdom and honor."
      },
      {
        "book_name": "Ecclesiastes",
        "book": 21,
        "chapter": 10,
        "verse": 2,
        "text": "A wise man’s heart is at his right hand; but a fool’s heart at his left."
      },
      {
        "book_name": "Ecclesiastes",
        "book": 21,
        "chapter": 10,
        "verse": 3,
        "text": "Yea also, when the fool walketh by the way, his understanding faileth him, and he saith to every one that he is a fool."
      },
      {
        "book_name": "Ecclesiastes",
        "book": 21,
        "chapter": 10,
        "verse": 4,
        "text": "If the spirit of the ruler rise up against thee, leave not thy place; for gentleness allayeth great offences."
      },
      {
        "book_name": "Ecclesiastes",
        "book": 21,
        "chapter": 10,
        "verse": 5,
        "text": "There is an evil which I have seen under the sun, as it were an error which proceedeth from the ruler:"
      },
      {
        "book_name": "Ecclesiastes",
        "book": 21,
        "chapter": 10,
        "verse": 6,
        "text": "folly is set in great dignity, and the rich sit in a low place."
      },
      {
        "book_name": "Ecclesiastes",
        "book": 21,
        "chapter": 10,
        "verse": 7,
        "text": "I have seen servants upon horses, and princes walking like servants upon the earth."
      },
      {
        "book_name": "Ecclesiastes",
        "book": 21,
        "chapter": 10,
        "verse": 8,
        "text": "He that diggeth a pit shall fall into it; and whoso breaketh through a wall, a serpent shall bite him."
      },
      {
        "book_name": "Ecclesiastes",
        "book": 21,
        "chapter": 10,
        "verse": 9,
        "text": "Whoso heweth out stones shall be hurt therewith; and he that cleaveth wood is endangered thereby."
      },
      {
        "book_name": "Ecclesiastes",
        "book": 21,
        "chapter": 10,
        "verse": 10,
        "text": "If the iron be blunt, and one do not whet the edge, then must he put to more strength: but wisdom is profitable to direct."
      },
      {
        "book_name": "Ecclesiastes",
        "book": 21,
        "chapter": 10,
        "verse": 11,
        "text": "If the serpent bite before it is charmed, then is there no advantage in the charmer."
      },
      {
        "book_name": "Ecclesiastes",
        "book": 21,
        "chapter": 10,
        "verse": 12,
        "text": "The words of a wise man’s mouth are gracious; but the lips of a fool will swallow up himself."
      },
      {
        "book_name": "Ecclesiastes",
        "book": 21,
        "chapter": 10,
        "verse": 13,
        "text": "The beginning of the words of his mouth is foolishness; and the end of his talk is mischievous madness."
      },
      {
        "book_name": "Ecclesiastes",
        "book": 21,
        "chapter": 10,
        "verse": 14,
        "text": "A fool also multiplieth words: yet man knoweth not what shall be; and that which shall be after him, who can tell him?"
      },
      {
        "book_name": "Ecclesiastes",
        "book": 21,
        "chapter": 10,
        "verse": 15,
        "text": "The labor of fools wearieth every one of them; for he knoweth not how to go to the city."
      },
      {
        "book_name": "Ecclesiastes",
        "book": 21,
        "chapter": 10,
        "verse": 16,
        "text": "Woe to thee, O land, when thy king is a child, and thy princes eat in the morning!"
      },
      {
        "book_name": "Ecclesiastes",
        "book": 21,
        "chapter": 10,
        "verse": 17,
        "text": "Happy art thou, O land, when thy king is the son of nobles, and thy princes eat in due season, for strength, and not for drunkenness!"
      },
      {
        "book_name": "Ecclesiastes",
        "book": 21,
        "chapter": 10,
        "verse": 18,
        "text": "By slothfulness the roof sinketh in; and through idleness of the hands the house leaketh."
      },
      {
        "book_name": "Ecclesiastes",
        "book": 21,
        "chapter": 10,
        "verse": 19,
        "text": "A feast is made for laughter, and wine maketh glad the life; and money answereth all things."
      },
      {
        "book_name": "Ecclesiastes",
        "book": 21,
        "chapter": 10,
        "verse": 20,
        "text": "Revile not the king, no, not in thy thought; and revile not the rich in thy bedchamber: for a bird of the heavens shall carry the voice, and that which hath wings shall tell the matter."
      }
    ],
    "11": [
      {
        "book_name": "Ecclesiastes",
        "book": 21,
        "chapter": 11,
        "verse": 1,
        "text": "1Cast thy bread upon the waters; for thou shalt find it after many days. 2Give a portion to seven, yea, even unto eight; for thou knowest not what evil shall be upon the earth. 3If the clouds be full of rain, they empty themselves upon the earth; and if a tree fall toward the south, or toward the north, in the place where the tree falleth, there shall it be. 4He that observeth the wind shall not sow; and he that regardeth the clouds shall not reap. 5As thou knowest not what is the way of the wind, nor how the bones do grow in the womb of her that is with child; even so thou knowest not the work of God who doeth all. 6In the morning sow thy seed, and in the evening withhold not thy hand; for thou knowest not which shall prosper, whether this or that, or whether they both shall be alike good. 7Truly the light is sweet, and a pleasant thing it is for the eyes to behold the sun. 8Yea, if a man live many years, let him rejoice in them all; but let him remember the days of darkness, for they shall be many. All that cometh is vanity.  9Rejoice, O young man, in thy youth, and let thy heart cheer thee in the days of thy youth, and walk in the ways of thy heart, and in the sight of thine eyes; but know thou, that for all these things God will bring thee into judgment. 10Therefore remove sorrow from thy heart, and put away evil from thy flesh; for youth and the dawn of life are vanity."
      },
      {
        "book_name": "Ecclesiastes",
        "book": 21,
        "chapter": 11,
        "verse": 1,
        "text": "Cast thy bread upon the waters; for thou shalt find it after many days."
      },
      {
        "book_name": "Ecclesiastes",
        "book": 21,
        "chapter": 11,
        "verse": 2,
        "text": "Give a portion to seven, yea, even unto eight; for thou knowest not what evil shall be upon the earth."
      },
      {
        "book_name": "Ecclesiastes",
        "book": 21,
        "chapter": 11,
        "verse": 3,
        "text": "If the clouds be full of rain, they empty themselves upon the earth; and if a tree fall toward the south, or toward the north, in the place where the tree falleth, there shall it be."
      },
      {
        "book_name": "Ecclesiastes",
        "book": 21,
        "chapter": 11,
        "verse": 4,
        "text": "He that observeth the wind shall not sow; and he that regardeth the clouds shall not reap."
      },
      {
        "book_name": "Ecclesiastes",
        "book": 21,
        "chapter": 11,
        "verse": 5,
        "text": "As thou knowest not what is the way of the wind, nor how the bones do grow in the womb of her that is with child; even so thou knowest not the work of God who doeth all."
      },
      {
        "book_name": "Ecclesiastes",
        "book": 21,
        "chapter": 11,
        "verse": 6,
        "text": "In the morning sow thy seed, and in the evening withhold not thy hand; for thou knowest not which shall prosper, whether this or that, or whether they both shall be alike good."
      },
      {
        "book_name": "Ecclesiastes",
        "book": 21,
        "chapter": 11,
        "verse": 7,
        "text": "Truly the light is sweet, and a pleasant thing it is for the eyes to behold the sun."
      },
      {
        "book_name": "Ecclesiastes",
        "book": 21,
        "chapter": 11,
        "verse": 8,
        "text": "Yea, if a man live many years, let him rejoice in them all; but let him remember the days of darkness, for they shall be many. All that cometh is vanity."
      },
      {
        "book_name": "Ecclesiastes",
        "book": 21,
        "chapter": 11,
        "verse": 9,
        "text": "Rejoice, O young man, in thy youth, and let thy heart cheer thee in the days of thy youth, and walk in the ways of thy heart, and in the sight of thine eyes; but know thou, that for all these things God will bring thee into judgment."
      },
      {
        "book_name": "Ecclesiastes",
        "book": 21,
        "chapter": 11,
        "verse": 10,
        "text": "Therefore remove sorrow from thy heart, and put away evil from thy flesh; for youth and the dawn of life are vanity."
      }
    ],
    "12": [
      {
        "book_name": "Ecclesiastes",
        "book": 21,
        "chapter": 12,
        "verse": 1,
        "text": "1Remember also thy Creator in the days of thy youth, before the evil days come, and the years draw nigh, when thou shalt say, I have no pleasure in them; 2before the sun, and the light, and the moon, and the stars, are darkened, and the clouds return after the rain; 3in the day when the keepers of the house shall tremble, and the strong men shall bow themselves, and the grinders cease because they are few, and those that look out of the windows shall be darkened, 4and the doors shall be shut in the street; when the sound of the grinding is low, and one shall rise up at the voice of a bird, and all the daughters of music shall be brought low; 5yea, they shall be afraid of that which is high, and terrors shall be in the way; and the almond-tree shall blossom, and the grasshopper shall be a burden, and desire shall fail; because man goeth to his everlasting home, and the mourners go about the streets: 6before the silver cord is loosed, or the golden bowl is broken, or the pitcher is broken at the fountain, or the wheel broken at the cistern, 7and the dust returneth to the earth as it was, and the spirit returneth unto God who gave it. 8Vanity of vanities, saith the Preacher; all is vanity.  9And further, because the Preacher was wise, he still taught the people knowledge; yea, he pondered, and sought out, and set in order many proverbs. 10The Preacher sought to find out acceptable words, and that which was written uprightly, even words of truth.  11The words of the wise are as goads; and as nails well fastened are the words of the masters of assemblies, which are given from one shepherd. 12And furthermore, my son, be admonished: of making many books there is no end; and much study is a weariness of the flesh.  13  This is the end of the matter; all hath been heard: Fear God, and keep his commandments; for this is the whole duty of man. 14For God will bring every work into judgment, with every hidden thing, whether it be good, or whether it be evil."
      },
      {
        "book_name": "Ecclesiastes",
        "book": 21,
        "chapter": 12,
        "verse": 1,
        "text": "Remember also thy Creator in the days of thy youth, before the evil days come, and the years draw nigh, when thou shalt say, I have no pleasure in them;"
      },
      {
        "book_name": "Ecclesiastes",
        "book": 21,
        "chapter": 12,
        "verse": 2,
        "text": "before the sun, and the light, and the moon, and the stars, are darkened, and the clouds return after the rain;"
      },
      {
        "book_name": "Ecclesiastes",
        "book": 21,
        "chapter": 12,
        "verse": 3,
        "text": "in the day when the keepers of the house shall tremble, and the strong men shall bow themselves, and the grinders cease because they are few, and those that look out of the windows shall be darkened,"
      },
      {
        "book_name": "Ecclesiastes",
        "book": 21,
        "chapter": 12,
        "verse": 4,
        "text": "and the doors shall be shut in the street; when the sound of the grinding is low, and one shall rise up at the voice of a bird, and all the daughters of music shall be brought low;"
      },
      {
        "book_name": "Ecclesiastes",
        "book": 21,
        "chapter": 12,
        "verse": 5,
        "text": "yea, they shall be afraid of that which is high, and terrors shall be in the way; and the almond-tree shall blossom, and the grasshopper shall be a burden, and desire shall fail; because man goeth to his everlasting home, and the mourners go about the streets:"
      },
      {
        "book_name": "Ecclesiastes",
        "book": 21,
        "chapter": 12,
        "verse": 6,
        "text": "before the silver cord is loosed, or the golden bowl is broken, or the pitcher is broken at the fountain, or the wheel broken at the cistern,"
      },
      {
        "book_name": "Ecclesiastes",
        "book": 21,
        "chapter": 12,
        "verse": 7,
        "text": "and the dust returneth to the earth as it was, and the spirit returneth unto God who gave it."
      },
      {
        "book_name": "Ecclesiastes",
        "book": 21,
        "chapter": 12,
        "verse": 8,
        "text": "Vanity of vanities, saith the Preacher; all is vanity."
      },
      {
        "book_name": "Ecclesiastes",
        "book": 21,
        "chapter": 12,
        "verse": 9,
        "text": "And further, because the Preacher was wise, he still taught the people knowledge; yea, he pondered, and sought out, and set in order many proverbs."
      },
      {
        "book_name": "Ecclesiastes",
        "book": 21,
        "chapter": 12,
        "verse": 10,
        "text": "The Preacher sought to find out acceptable words, and that which was written uprightly, even words of truth."
      },
      {
        "book_name": "Ecclesiastes",
        "book": 21,
        "chapter": 12,
        "verse": 11,
        "text": "The words of the wise are as goads; and as nails well fastened are the words of the masters of assemblies, which are given from one shepherd."
      },
      {
        "book_name": "Ecclesiastes",
        "book": 21,
        "chapter": 12,
        "verse": 12,
        "text": "And furthermore, my son, be admonished: of making many books there is no end; and much study is a weariness of the flesh."
      },
      {
        "book_name": "Ecclesiastes",
        "book": 21,
        "chapter": 12,
        "verse": 13,
        "text": "This is the end of the matter; all hath been heard: Fear God, and keep his commandments; for this is the whole duty of man."
      },
      {
        "book_name": "Ecclesiastes",
        "book": 21,
        "chapter": 12,
        "verse": 14,
        "text": "For God will bring every work into judgment, with every hidden thing, whether it be good, or whether it be evil."
      }
    ]
  }
}