{
  "source": "bible.com",
  "version": "American Standard Version",
  "book": "Esther",
  "chapters": {
    "1": [
      {
        "book_name": "Esther",
        "book": 17,
        "chapter": 1,
        "verse": 1,
        "text": "1Now it came to pass in the days of Ahasuerus (this is Ahasuerus who reigned from India even unto Ethiopia, over a hundred and seven and twenty provinces), 2that in those days, when the king Ahasuerus sat on the throne of his kingdom, which was in Shushan the palace, 3in the third year of his reign, he made a feast unto all his princes and his servants; the power of Persia and Media, the nobles and princes of the provinces, being before him; 4when he showed the riches of his glorious kingdom and the honor of his excellent majesty many days, even a hundred and fourscore days. 5And when these days were fulfilled, the king made a feast unto all the people that were present in Shushan the palace, both great and small, seven days, in the court of the garden of the king’s palace. 6There were hangings of white cloth, of green, and of blue, fastened with cords of fine linen and purple to silver rings and pillars of marble: the couches were of gold and silver, upon a pavement of red, and white, and yellow, and black marble. 7And they gave them drink in vessels of gold (the vessels being diverse one from another), and royal wine in abundance, according to the bounty of the king. 8And the drinking was according to the law; none could compel: for so the king had appointed to all the officers of his house, that they should do according to every man’s pleasure.  9Also Vashti the queen made a feast for the women in the royal house which belonged to king Ahasuerus. 10On the seventh day, when the heart of the king was merry with wine, he commanded Mehuman, Biztha, Harbona, Bigtha, and Abagtha, Zethar, and Carcas, the seven chamberlains that ministered in the presence of Ahasuerus the king, 11to bring Vashti the queen before the king with the crown royal, to show the peoples and the princes her beauty; for she was fair to look on. 12But the queen Vashti refused to come at the king’s commandment by the chamberlains: therefore was the king very wroth, and his anger burned in him.  13Then the king said to the wise men, who knew the times (for so was the king’s manner toward all that knew law and judgment; 14and the next unto him were Carshena, Shethar, Admatha, Tarshish, Meres, Marsena, and Memucan, the seven princes of Persia and Media, who saw the king’s face, and sat first in the kingdom), 15What shall we do unto the queen Vashti according to law, because she hath not done the bidding of the king Ahasuerus by the chamberlains? 16And Memucan answered before the king and the princes, Vashti the queen hath not done wrong to the king only, but also to all the princes, and to all the peoples that are in all the provinces of the king Ahasuerus. 17For this deed of the queen will come abroad unto all women, to make their husbands contemptible in their eyes, when it shall be reported, The king Ahasuerus commanded Vashti the queen to be brought in before him, but she came not. 18And this day will the princesses of Persia and Media who have heard of the deed of the queen say the like unto all the king’s princes. So will there arise much contempt and wrath. 19If it please the king, let there go forth a royal commandment from him, and let it be written among the laws of the Persians and the Medes, that it be not altered, that Vashti come no more before king Ahasuerus; and let the king give her royal estate unto another that is better than she. 20And when the king’s decree which he shall make shall be published throughout all his kingdom (for it is great), all the wives will give to their husbands honor, both to great and small. 21And the saying pleased the king and the princes; and the king did according to the word of Memucan: 22for he sent letters into all the king’s provinces, into every province according to the writing thereof, and to every people after their language, that every man should bear rule in his own house, and should speak according to the language of his people."
      },
      {
        "book_name": "Esther",
        "book": 17,
        "chapter": 1,
        "verse": 1,
        "text": "Now it came to pass in the days of Ahasuerus (this is Ahasuerus who reigned from India even unto Ethiopia, over a hundred and seven and twenty provinces),"
      },
      {
        "book_name": "Esther",
        "book": 17,
        "chapter": 1,
        "verse": 2,
        "text": "that in those days, when the king Ahasuerus sat on the throne of his kingdom, which was in Shushan the palace,"
      },
      {
        "book_name": "Esther",
        "book": 17,
        "chapter": 1,
        "verse": 3,
        "text": "in the third year of his reign, he made a feast unto all his princes and his servants; the power of Persia and Media, the nobles and princes of the provinces, being before him;"
      },
      {
        "book_name": "Esther",
        "book": 17,
        "chapter": 1,
        "verse": 4,
        "text": "when he showed the riches of his glorious kingdom and the honor of his excellent majesty many days, even a hundred and fourscore days."
      },
      {
        "book_name": "Esther",
        "book": 17,
        "chapter": 1,
        "verse": 5,
        "text": "And when these days were fulfilled, the king made a feast unto all the people that were present in Shushan the palace, both great and small, seven days, in the court of the garden of the king’s palace."
      },
      {
        "book_name": "Esther",
        "book": 17,
        "chapter": 1,
        "verse": 6,
        "text": "There were hangings of white cloth, of green, and of blue, fastened with cords of fine linen and purple to silver rings and pillars of marble: the couches were of gold and silver, upon a pavement of red, and white, and yellow, and black marble."
      },
      {
        "book_name": "Esther",
        "book": 17,
        "chapter": 1,
        "verse": 7,
        "text": "And they gave them drink in vessels of gold (the vessels being diverse one from another), and royal wine in abundance, according to the bounty of the king."
      },
      {
        "book_name": "Esther",
        "book": 17,
        "chapter": 1,
        "verse": 8,
        "text": "And the drinking was according to the law; none could compel: for so the king had appointed to all the officers of his house, that they should do according to every man’s pleasure."
      },
      {
        "book_name": "Esther",
        "book": 17,
        "chapter": 1,
        "verse": 9,
        "text": "Also Vashti the queen made a feast for the women in the royal house which belonged to king Ahasuerus."
      },
      {
        "book_name": "Esther",
        "book": 17,
        "chapter": 1,
        "verse": 10,
        "text": "On the seventh day, when the heart of the king was merry with wine, he commanded Mehuman, Biztha, Harbona, Bigtha, and Abagtha, Zethar, and Carcas, the seven chamberlains that ministered in the presence of Ahasuerus the king,"
      },
      {
        "book_name": "Esther",
        "book": 17,
        "chapter": 1,
        "verse": 11,
        "text": "to bring Vashti the queen before the king with the crown royal, to show the peoples and the princes her beauty; for she was fair to look on."
      },
      {
        "book_name": "Esther",
        "book": 17,
        "chapter": 1,
        "verse": 12,
        "text": "But the queen Vashti refused to come at the king’s commandment by the chamberlains: therefore was the king very wroth, and his anger burned in him."
      },
      {
        "book_name": "Esther",
        "book": 17,
        "chapter": 1,
        "verse": 13,
        "text": "Then the king said to the wise men, who knew the times (for so was the king’s manner toward all that knew law and judgment;"
      },
      {
        "book_name": "Esther",
        "book": 17,
        "chapter": 1,
        "verse": 14,
        "text": "and the next unto him were Carshena, Shethar, Admatha, Tarshish, Meres, Marsena, and Memucan, the seven princes of Persia and Media, who saw the king’s face, and sat first in the kingdom),"
      },
      {
        "book_name": "Esther",
        "book": 17,
        "chapter": 1,
        "verse": 15,
        "text": "What shall we do unto the queen Vashti according to law, because she hath not done the bidding of the king Ahasuerus by the chamberlains?"
      },
      {
        "book_name": "Esther",
        "book": 17,
        "chapter": 1,
        "verse": 16,
        "text": "And Memucan answered before the king and the princes, Vashti the queen hath not done wrong to the king only, but also to all the princes, and to all the peoples that are in all the provinces of the king Ahasuerus."
      },
      {
        "book_name": "Esther",
        "book": 17,
        "chapter": 1,
        "verse": 17,
        "text": "For this deed of the queen will come abroad unto all women, to make their husbands contemptible in their eyes, when it shall be reported, The king Ahasuerus commanded Vashti the queen to be brought in before him, but she came not."
      },
      {
        "book_name": "Esther",
        "book": 17,
        "chapter": 1,
        "verse": 18,
        "text": "And this day will the princesses of Persia and Media who have heard of the deed of the queen say the like unto all the king’s princes. So will there arise much contempt and wrath."
      },
      {
        "book_name": "Esther",
        "book": 17,
        "chapter": 1,
        "verse": 19,
        "text": "If it please the king, let there go forth a royal commandment from him, and let it be written among the laws of the Persians and the Medes, that it be not altered, that Vashti come no more before king Ahasuerus; and let the king give her royal estate unto another that is better than she."
      },
      {
        "book_name": "Esther",
        "book": 17,
        "chapter": 1,
        "verse": 20,
        "text": "And when the king’s decree which he shall make shall be published throughout all his kingdom (for it is great), all the wives will give to their husbands honor, both to great and small."
      },
      {
        "book_name": "Esther",
        "book": 17,
        "chapter": 1,
        "verse": 21,
        "text": "And the saying pleased the king and the princes; and the king did according to the word of Memucan:"
      },
      {
        "book_name": "Esther",
        "book": 17,
        "chapter": 1,
        "verse": 22,
        "text": "for he sent letters into all the king’s provinces, into every province according to the writing thereof, and to every people after their language, that every man should bear rule in his own house, and should speak according to the language of his people."
      }
    ],
    "2": [
      {
        "book_name": "Esther",
        "book": 17,
        "chapter": 2,
        "verse": 1,
        "text": "1After these things, when the wrath of king Ahasuerus was pacified, he remembered Vashti, and what she had done, and what was decreed against her. 2Then said the king’s servants that ministered unto him, Let there be fair young virgins sought for the king: 3and let the king appoint officers in all the provinces of his kingdom, that they may gather together all the fair young virgins unto Shushan the palace, to the house of the women, unto the custody of Hegai the king’s chamberlain, keeper of the women; and let their things for purification be given them; 4and let the maiden that pleaseth the king be queen instead of Vashti. And the thing pleased the king; and he did so.  5There was a certain Jew in Shushan the palace, whose name was Mordecai, the son of Jair, the son of Shimei, the son of Kish, a Benjamite, 6who had been carried away from Jerusalem with the captives that had been carried away with Jeconiah king of Judah, whom Nebuchadnezzar the king of Babylon had carried away. 7And he brought up Hadassah, that is, Esther, his uncle’s daughter: for she had neither father nor mother, and the maiden was fair and beautiful; and when her father and mother were dead, Mordecai took her for his own daughter.  8So it came to pass, when the king’s commandment and his decree was heard, and when many maidens were gathered together unto Shushan the palace, to the custody of Hegai, that Esther was taken into the king’s house, to the custody of Hegai, keeper of the women. 9And the maiden pleased him, and she obtained kindness of him; and he speedily gave her her things for purification, with her portions, and the seven maidens who were meet to be given her out of the king’s house: and he removed her and her maidens to the best place of the house of the women. 10Esther had not made known her people nor her kindred; for Mordecai had charged her that she should not make it known. 11And Mordecai walked every day before the court of the women’s house, to know how Esther did, and what would become of her.  12Now when the turn of every maiden was come to go in to king Ahasuerus, after that it had been done to her according to the law for the women twelve months (for so were the days of their purifications accomplished, to wit, six months with oil of myrrh, and six months with sweet odors and with the things for the purifying of the women), 13then in this wise came the maiden unto the king: Whatsoever she desired was given her to go with her out of the house of the women unto the king’s house. 14In the evening she went, and on the morrow she returned into the second house of the women, to the custody of Shaashgaz, the king’s chamberlain, who kept the concubines: she came in unto the king no more, except the king delighted in her, and she were called by name. 15Now when the turn of Esther, the daughter of Abihail the uncle of Mordecai, who had taken her for his daughter, was come to go in unto the king, she required nothing but what Hegai the king’s chamberlain, the keeper of the women, appointed. And Esther obtained favor in the sight of all them that looked upon her.  16So Esther was taken unto king Ahasuerus into his house royal in the tenth month, which is the month Tebeth, in the seventh year of his reign. 17And the king loved Esther above all the women, and she obtained favor and kindness in his sight more than all the virgins; so that he set the royal crown upon her head, and made her queen instead of Vashti. 18Then the king made a great feast unto all his princes and his servants, even Esther’s feast; and he made a release to the provinces, and gave gifts, according to the bounty of the king.  19And when the virgins were gathered together the second time, then Mordecai was sitting in the king’s gate. 20Esther had not yet made known her kindred nor her people; as Mordecai had charged her: for Esther did the commandment of Mordecai, like as when she was brought up with him. 21In those days, while Mordecai was sitting in the king’s gate, two of the king’s chamberlains, Bigthan and Teresh, of those that kept the threshold, were wroth, and sought to lay hands on the king Ahasuerus. 22And the thing became known to Mordecai, who showed it unto Esther the queen; and Esther told the king thereof in Mordecai’s name. 23And when inquisition was made of the matter, and it was found to be so, they were both hanged on a tree: and it was written in the book of the chronicles before the king."
      },
      {
        "book_name": "Esther",
        "book": 17,
        "chapter": 2,
        "verse": 1,
        "text": "After these things, when the wrath of king Ahasuerus was pacified, he remembered Vashti, and what she had done, and what was decreed against her."
      },
      {
        "book_name": "Esther",
        "book": 17,
        "chapter": 2,
        "verse": 2,
        "text": "Then said the king’s servants that ministered unto him, Let there be fair young virgins sought for the king:"
      },
      {
        "book_name": "Esther",
        "book": 17,
        "chapter": 2,
        "verse": 3,
        "text": "and let the king appoint officers in all the provinces of his kingdom, that they may gather together all the fair young virgins unto Shushan the palace, to the house of the women, unto the custody of Hegai the king’s chamberlain, keeper of the women; and let their things for purification be given them;"
      },
      {
        "book_name": "Esther",
        "book": 17,
        "chapter": 2,
        "verse": 4,
        "text": "and let the maiden that pleaseth the king be queen instead of Vashti. And the thing pleased the king; and he did so."
      },
      {
        "book_name": "Esther",
        "book": 17,
        "chapter": 2,
        "verse": 5,
        "text": "There was a certain Jew in Shushan the palace, whose name was Mordecai, the son of Jair, the son of Shimei, the son of Kish, a Benjamite,"
      },
      {
        "book_name": "Esther",
        "book": 17,
        "chapter": 2,
        "verse": 6,
        "text": "who had been carried away from Jerusalem with the captives that had been carried away with Jeconiah king of Judah, whom Nebuchadnezzar the king of Babylon had carried away."
      },
      {
        "book_name": "Esther",
        "book": 17,
        "chapter": 2,
        "verse": 7,
        "text": "And he brought up Hadassah, that is, Esther, his uncle’s daughter: for she had neither father nor mother, and the maiden was fair and beautiful; and when her father and mother were dead, Mordecai took her for his own daughter."
      },
      {
        "book_name": "Esther",
        "book": 17,
        "chapter": 2,
        "verse": 8,
        "text": "So it came to pass, when the king’s commandment and his decree was heard, and when many maidens were gathered together unto Shushan the palace, to the custody of Hegai, that Esther was taken into the king’s house, to the custody of Hegai, keeper of the women."
      },
      {
        "book_name": "Esther",
        "book": 17,
        "chapter": 2,
        "verse": 9,
        "text": "And the maiden pleased him, and she obtained kindness of him; and he speedily gave her her things for purification, with her portions, and the seven maidens who were meet to be given her out of the king’s house: and he removed her and her maidens to the best place of the house of the women."
      },
      {
        "book_name": "Esther",
        "book": 17,
        "chapter": 2,
        "verse": 10,
        "text": "Esther had not made known her people nor her kindred; for Mordecai had charged her that she should not make it known."
      },
      {
        "book_name": "Esther",
        "book": 17,
        "chapter": 2,
        "verse": 11,
        "text": "And Mordecai walked every day before the court of the women’s house, to know how Esther did, and what would become of her."
      },
      {
        "book_name": "Esther",
        "book": 17,
        "chapter": 2,
        "verse": 12,
        "text": "Now when the turn of every maiden was come to go in to king Ahasuerus, after that it had been done to her according to the law for the women twelve months (for so were the days of their purifications accomplished, to wit, six months with oil of myrrh, and six months with sweet odors and with the things for the purifying of the women),"
      },
      {
        "book_name": "Esther",
        "book": 17,
        "chapter": 2,
        "verse": 13,
        "text": "then in this wise came the maiden unto the king: Whatsoever she desired was given her to go with her out of the house of the women unto the king’s house."
      },
      {
        "book_name": "Esther",
        "book": 17,
        "chapter": 2,
        "verse": 14,
        "text": "In the evening she went, and on the morrow she returned into the second house of the women, to the custody of Shaashgaz, the king’s chamberlain, who kept the concubines: she came in unto the king no more, except the king delighted in her, and she were called by name."
      },
      {
        "book_name": "Esther",
        "book": 17,
        "chapter": 2,
        "verse": 15,
        "text": "Now when the turn of Esther, the daughter of Abihail the uncle of Mordecai, who had taken her for his daughter, was come to go in unto the king, she required nothing but what Hegai the king’s chamberlain, the keeper of the women, appointed. And Esther obtained favor in the sight of all them that looked upon her."
      },
      {
        "book_name": "Esther",
        "book": 17,
        "chapter": 2,
        "verse": 16,
        "text": "So Esther was taken unto king Ahasuerus into his house royal in the tenth month, which is the month Tebeth, in the seventh year of his reign."
      },
      {
        "book_name": "Esther",
        "book": 17,
        "chapter": 2,
        "verse": 17,
        "text": "And the king loved Esther above all the women, and she obtained favor and kindness in his sight more than all the virgins; so that he set the royal crown upon her head, and made her queen instead of Vashti."
      },
      {
        "book_name": "Esther",
        "book": 17,
        "chapter": 2,
        "verse": 18,
        "text": "Then the king made a great feast unto all his princes and his servants, even Esther’s feast; and he made a release to the provinces, and gave gifts, according to the bounty of the king."
      },
      {
        "book_name": "Esther",
        "book": 17,
        "chapter": 2,
        "verse": 19,
        "text": "And when the virgins were gathered together the second time, then Mordecai was sitting in the king’s gate."
      },
      {
        "book_name": "Esther",
        "book": 17,
        "chapter": 2,
        "verse": 20,
        "text": "Esther had not yet made known her kindred nor her people; as Mordecai had charged her: for Esther did the commandment of Mordecai, like as when she was brought up with him."
      },
      {
        "book_name": "Esther",
        "book": 17,
        "chapter": 2,
        "verse": 21,
        "text": "In those days, while Mordecai was sitting in the king’s gate, two of the king’s chamberlains, Bigthan and Teresh, of those that kept the threshold, were wroth, and sought to lay hands on the king Ahasuerus."
      },
      {
        "book_name": "Esther",
        "book": 17,
        "chapter": 2,
        "verse": 22,
        "text": "And the thing became known to Mordecai, who showed it unto Esther the queen; and Esther told the king thereof in Mordecai’s name."
      },
      {
        "book_name": "Esther",
        "book": 17,
        "chapter": 2,
        "verse": 23,
        "text": "And when inquisition was made of the matter, and it was found to be so, they were both hanged on a tree: and it was written in the book of the chronicles before the king."
      }
    ],
    "3": [
      {
        "book_name": "Esther",
        "book": 17,
        "chapter": 3,
        "verse": 1,
        "text": "1After these things did king Ahasuerus promote Haman the son of Hammedatha the Agagite, and advanced him, and set his seat above all the princes that were with him. 2And all the king’s servants, that were in the king’s gate, bowed down, and did reverence to Haman; for the king had so commanded concerning him. But Mordecai bowed not down, nor did him reverence. 3Then the king’s servants, that were in the king’s gate, said unto Mordecai, Why transgressest thou the king’s commandment? 4Now it came to pass, when they spake daily unto him, and he hearkened not unto them, that they told Haman, to see whether Mordecai’s matters would stand: for he had told them that he was a Jew. 5And when Haman saw that Mordecai bowed not down, nor did him reverence, then was Haman full of wrath. 6But he thought scorn to lay hands on Mordecai alone; for they had made known to him the people of Mordecai: wherefore Haman sought to destroy all the Jews that were throughout the whole kingdom of Ahasuerus, even the people of Mordecai.  7In the first month, which is the month Nisan, in the twelfth year of king Ahasuerus, they cast Pur, that is, the lot, before Haman from day to day, and from month to month, to the twelfth month, which is the month Adar. 8And Haman said unto king Ahasuerus, There is a certain people scattered abroad and dispersed among the peoples in all the provinces of thy kingdom; and their laws are diverse from those of every people; neither keep they the king’s laws: therefore it is not for the king’s profit to suffer them. 9If it please the king, let it be written that they be destroyed: and I will pay ten thousand talents of silver into the hands of those that have the charge of the king’s business, to bring it into the king’s treasuries. 10And the king took his ring from his hand, and gave it unto Haman the son of Hammedatha the Agagite, the Jews’ enemy. 11And the king said unto Haman, The silver is given to thee, the people also, to do with them as it seemeth good to thee.  12Then were the king’s scribes called in the first month, on the thirteenth day thereof; and there was written according to all that Haman commanded unto the king’s satraps, and to the governors that were over every province, and to the princes of every people, to every province according to the writing thereof, and to every people after their language; in the name of king Ahasuerus was it written, and it was sealed with the king’s ring. 13And letters were sent by posts into all the king’s provinces, to destroy, to slay, and to cause to perish, all Jews, both young and old, little children and women, in one day, even upon the thirteenth day of the twelfth month, which is the month Adar, and to take the spoil of them for a prey. 14A copy of the writing, that the decree should be given out in every province, was published unto all the peoples, that they should be ready against that day. 15The posts went forth in haste by the king’s commandment, and the decree was given out in Shushan the palace. And the king and Haman sat down to drink; but the city of Shushan was perplexed."
      },
      {
        "book_name": "Esther",
        "book": 17,
        "chapter": 3,
        "verse": 1,
        "text": "After these things did king Ahasuerus promote Haman the son of Hammedatha the Agagite, and advanced him, and set his seat above all the princes that were with him."
      },
      {
        "book_name": "Esther",
        "book": 17,
        "chapter": 3,
        "verse": 2,
        "text": "And all the king’s servants, that were in the king’s gate, bowed down, and did reverence to Haman; for the king had so commanded concerning him. But Mordecai bowed not down, nor did him reverence."
      },
      {
        "book_name": "Esther",
        "book": 17,
        "chapter": 3,
        "verse": 3,
        "text": "Then the king’s servants, that were in the king’s gate, said unto Mordecai, Why transgressest thou the king’s commandment?"
      },
      {
        "book_name": "Esther",
        "book": 17,
        "chapter": 3,
        "verse": 4,
        "text": "Now it came to pass, when they spake daily unto him, and he hearkened not unto them, that they told Haman, to see whether Mordecai’s matters would stand: for he had told them that he was a Jew."
      },
      {
        "book_name": "Esther",
        "book": 17,
        "chapter": 3,
        "verse": 5,
        "text": "And when Haman saw that Mordecai bowed not down, nor did him reverence, then was Haman full of wrath."
      },
      {
        "book_name": "Esther",
        "book": 17,
        "chapter": 3,
        "verse": 6,
        "text": "But he thought scorn to lay hands on Mordecai alone; for they had made known to him the people of Mordecai: wherefore Haman sought to destroy all the Jews that were throughout the whole kingdom of Ahasuerus, even the people of Mordecai."
      },
      {
        "book_name": "Esther",
        "book": 17,
        "chapter": 3,
        "verse": 7,
        "text": "In the first month, which is the month Nisan, in the twelfth year of king Ahasuerus, they cast Pur, that is, the lot, before Haman from day to day, and from month to month, to the twelfth month, which is the month Adar."
      },
      {
        "book_name": "Esther",
        "book": 17,
        "chapter": 3,
        "verse": 8,
        "text": "And Haman said unto king Ahasuerus, There is a certain people scattered abroad and dispersed among the peoples in all the provinces of thy kingdom; and their laws are diverse from those of every people; neither keep they the king’s laws: therefore it is not for the king’s profit to suffer them."
      },
      {
        "book_name": "Esther",
        "book": 17,
        "chapter": 3,
        "verse": 9,
        "text": "If it please the king, let it be written that they be destroyed: and I will pay ten thousand talents of silver into the hands of those that have the charge of the king’s business, to bring it into the king’s treasuries."
      },
      {
        "book_name": "Esther",
        "book": 17,
        "chapter": 3,
        "verse": 10,
        "text": "And the king took his ring from his hand, and gave it unto Haman the son of Hammedatha the Agagite, the Jews’ enemy."
      },
      {
        "book_name": "Esther",
        "book": 17,
        "chapter": 3,
        "verse": 11,
        "text": "And the king said unto Haman, The silver is given to thee, the people also, to do with them as it seemeth good to thee."
      },
      {
        "book_name": "Esther",
        "book": 17,
        "chapter": 3,
        "verse": 12,
        "text": "Then were the king’s scribes called in the first month, on the thirteenth day thereof; and there was written according to all that Haman commanded unto the king’s satraps, and to the governors that were over every province, and to the princes of every people, to every province according to the writing thereof, and to every people after their language; in the name of king Ahasuerus was it written, and it was sealed with the king’s ring."
      },
      {
        "book_name": "Esther",
        "book": 17,
        "chapter": 3,
        "verse": 13,
        "text": "And letters were sent by posts into all the king’s provinces, to destroy, to slay, and to cause to perish, all Jews, both young and old, little children and women, in one day, even upon the thirteenth day of the twelfth month, which is the month Adar, and to take the spoil of them for a prey."
      },
      {
        "book_name": "Esther",
        "book": 17,
        "chapter": 3,
        "verse": 14,
        "text": "A copy of the writing, that the decree should be given out in every province, was published unto all the peoples, that they should be ready against that day."
      },
      {
        "book_name": "Esther",
        "book": 17,
        "chapter": 3,
        "verse": 15,
        "text": "The posts went forth in haste by the king’s commandment, and the decree was given out in Shushan the palace. And the king and Haman sat down to drink; but the city of Shushan was perplexed."
      }
    ],
    "4": [
      {
        "book_name": "Esther",
        "book": 17,
        "chapter": 4,
        "verse": 1,
        "text": "1Now when Mordecai knew all that was done, Mordecai rent his clothes, and put on sackcloth with ashes, and went out into the midst of the city, and cried with a loud and a bitter cry; 2and he came even before the king’s gate: for none might enter within the king’s gate clothed with sackcloth. 3And in every province, whithersoever the king’s commandment and his decree came, there was great mourning among the Jews, and fasting, and weeping, and wailing; and many lay in sackcloth and ashes.  4And Esther’s maidens and her chamberlains came and told it her; and the queen was exceedingly grieved: and she sent raiment to clothe Mordecai, and to take his sackcloth from off him; but he received it not. 5Then called Esther for Hathach, one of the king’s chamberlains, whom he had appointed to attend upon her, and charged him to go to Mordecai, to know what this was, and why it was. 6So Hathach went forth to Mordecai unto the broad place of the city, which was before the king’s gate. 7And Mordecai told him of all that had happened unto him, and the exact sum of the money that Haman had promised to pay to the king’s treasuries for the Jews, to destroy them. 8Also he gave him the copy of the writing of the decree that was given out in Shushan to destroy them, to show it unto Esther, and to declare it unto her, and to charge her that she should go in unto the king, to make supplication unto him, and to make request before him, for her people.  9And Hathach came and told Esther the words of Mordecai. 10Then Esther spake unto Hathach, and gave him a message unto Mordecai, saying: 11All the king’s servants, and the people of the king’s provinces, do know, that whosoever, whether man or woman, shall come unto the king into the inner court, who is not called, there is one law for him, that he be put to death, except those to whom the king shall hold out the golden sceptre, that he may live: but I have not been called to come in unto the king these thirty days. 12And they told to Mordecai Esther’s words.  13Then Mordecai bade them return answer unto Esther, Think not with thyself that thou shalt escape in the king’s house, more than all the Jews. 14For if thou altogether holdest thy peace at this time, then will relief and deliverance arise to the Jews from another place, but thou and thy father’s house will perish: and who knoweth whether thou art not come to the kingdom for such a time as this? 15Then Esther bade them return answer unto Mordecai, 16Go, gather together all the Jews that are present in Shushan, and fast ye for me, and neither eat nor drink three days, night or day: I also and my maidens will fast in like manner; and so will I go in unto the king, which is not according to the law: and if I perish, I perish. 17So Mordecai went his way, and did according to all that Esther had commanded him."
      },
      {
        "book_name": "Esther",
        "book": 17,
        "chapter": 4,
        "verse": 1,
        "text": "Now when Mordecai knew all that was done, Mordecai rent his clothes, and put on sackcloth with ashes, and went out into the midst of the city, and cried with a loud and a bitter cry;"
      },
      {
        "book_name": "Esther",
        "book": 17,
        "chapter": 4,
        "verse": 2,
        "text": "and he came even before the king’s gate: for none might enter within the king’s gate clothed with sackcloth."
      },
      {
        "book_name": "Esther",
        "book": 17,
        "chapter": 4,
        "verse": 3,
        "text": "And in every province, whithersoever the king’s commandment and his decree came, there was great mourning among the Jews, and fasting, and weeping, and wailing; and many lay in sackcloth and ashes."
      },
      {
        "book_name": "Esther",
        "book": 17,
        "chapter": 4,
        "verse": 4,
        "text": "And Esther’s maidens and her chamberlains came and told it her; and the queen was exceedingly grieved: and she sent raiment to clothe Mordecai, and to take his sackcloth from off him; but he received it not."
      },
      {
        "book_name": "Esther",
        "book": 17,
        "chapter": 4,
        "verse": 5,
        "text": "Then called Esther for Hathach, one of the king’s chamberlains, whom he had appointed to attend upon her, and charged him to go to Mordecai, to know what this was, and why it was."
      },
      {
        "book_name": "Esther",
        "book": 17,
        "chapter": 4,
        "verse": 6,
        "text": "So Hathach went forth to Mordecai unto the broad place of the city, which was before the king’s gate."
      },
      {
        "book_name": "Esther",
        "book": 17,
        "chapter": 4,
        "verse": 7,
        "text": "And Mordecai told him of all that had happened unto him, and the exact sum of the money that Haman had promised to pay to the king’s treasuries for the Jews, to destroy them."
      },
      {
        "book_name": "Esther",
        "book": 17,
        "chapter": 4,
        "verse": 8,
        "text": "Also he gave him the copy of the writing of the decree that was given out in Shushan to destroy them, to show it unto Esther, and to declare it unto her, and to charge her that she should go in unto the king, to make supplication unto him, and to make request before him, for her people."
      },
      {
        "book_name": "Esther",
        "book": 17,
        "chapter": 4,
        "verse": 9,
        "text": "And Hathach came and told Esther the words of Mordecai."
      },
      {
        "book_name": "Esther",
        "book": 17,
        "chapter": 4,
        "verse": 10,
        "text": "Then Esther spake unto Hathach, and gave him a message unto Mordecai, saying:"
      },
      {
        "book_name": "Esther",
        "book": 17,
        "chapter": 4,
        "verse": 11,
        "text": "All the king’s servants, and the people of the king’s provinces, do know, that whosoever, whether man or woman, shall come unto the king into the inner court, who is not called, there is one law for him, that he be put to death, except those to whom the king shall hold out the golden sceptre, that he may live: but I have not been called to come in unto the king these thirty days."
      },
      {
        "book_name": "Esther",
        "book": 17,
        "chapter": 4,
        "verse": 12,
        "text": "And they told to Mordecai Esther’s words."
      },
      {
        "book_name": "Esther",
        "book": 17,
        "chapter": 4,
        "verse": 13,
        "text": "Then Mordecai bade them return answer unto Esther, Think not with thyself that thou shalt escape in the king’s house, more than all the Jews."
      },
      {
        "book_name": "Esther",
        "book": 17,
        "chapter": 4,
        "verse": 14,
        "text": "For if thou altogether holdest thy peace at this time, then will relief and deliverance arise to the Jews from another place, but thou and thy father’s house will perish: and who knoweth whether thou art not come to the kingdom for such a time as this?"
      },
      {
        "book_name": "Esther",
        "book": 17,
        "chapter": 4,
        "verse": 15,
        "text": "Then Esther bade them return answer unto Mordecai,"
      },
      {
        "book_name": "Esther",
        "book": 17,
        "chapter": 4,
        "verse": 16,
        "text": "Go, gather together all the Jews that are present in Shushan, and fast ye for me, and neither eat nor drink three days, night or day: I also and my maidens will fast in like manner; and so will I go in unto the king, which is not according to the law: and if I perish, I perish."
      },
      {
        "book_name": "Esther",
        "book": 17,
        "chapter": 4,
        "verse": 17,
        "text": "So Mordecai went his way, and did according to all that Esther had commanded him."
      }
    ],
    "5": [
      {
        "book_name": "Esther",
        "book": 17,
        "chapter": 5,
        "verse": 1,
        "text": "1Now it came to pass on the third day, that Esther put on her royal apparel, and stood in the inner court of the king’s house, over against the king’s house: and the king sat upon his royal throne in the royal house, over against the entrance of the house. 2And it was so, when the king saw Esther the queen standing in the court, that she obtained favor in his sight; and the king held out to Esther the golden sceptre that was in his hand. So Esther drew near, and touched the top of the sceptre. 3Then said the king unto her, What wilt thou, queen Esther? and what is thy request? it shall be given thee even to the half of the kingdom. 4And Esther said, If it seem good unto the king, let the king and Haman come this day unto the banquet that I have prepared for him.  5Then the king said, Cause Haman to make haste, that it may be done as Esther hath said. So the king and Haman came to the banquet that Esther had prepared. 6And the king said unto Esther at the banquet of wine, What is thy petition? and it shall be granted thee: and what is thy request? even to the half of the kingdom it shall be performed. 7Then answered Esther, and said, My petition and my request is: 8If I have found favor in the sight of the king, and if it please the king to grant my petition, and to perform my request, let the king and Haman come to the banquet that I shall prepare for them, and I will do to-morrow as the king hath said.  9Then went Haman forth that day joyful and glad of heart: but when Haman saw Mordecai in the king’s gate, that he stood not up nor moved for him, he was filled with wrath against Mordecai. 10Nevertheless Haman refrained himself, and went home; and he sent and fetched his friends and Zeresh his wife. 11And Haman recounted unto them the glory of his riches, and the multitude of his children, and all the things wherein the king had promoted him, and how he had advanced him above the princes and servants of the king. 12Haman said moreover, Yea, Esther the queen did let no man come in with the king unto the banquet that she had prepared but myself; and to-morrow also am I invited by her together with the king. 13Yet all this availeth me nothing, so long as I see Mordecai the Jew sitting at the king’s gate. 14Then said Zeresh his wife and all his friends unto him, Let a gallows be made fifty cubits high, and in the morning speak thou unto the king that Mordecai may be hanged thereon: then go thou in merrily with the king unto the banquet. And the thing pleased Haman; and he caused the gallows to be made."
      },
      {
        "book_name": "Esther",
        "book": 17,
        "chapter": 5,
        "verse": 1,
        "text": "Now it came to pass on the third day, that Esther put on her royal apparel, and stood in the inner court of the king’s house, over against the king’s house: and the king sat upon his royal throne in the royal house, over against the entrance of the house."
      },
      {
        "book_name": "Esther",
        "book": 17,
        "chapter": 5,
        "verse": 2,
        "text": "And it was so, when the king saw Esther the queen standing in the court, that she obtained favor in his sight; and the king held out to Esther the golden sceptre that was in his hand. So Esther drew near, and touched the top of the sceptre."
      },
      {
        "book_name": "Esther",
        "book": 17,
        "chapter": 5,
        "verse": 3,
        "text": "Then said the king unto her, What wilt thou, queen Esther? and what is thy request? it shall be given thee even to the half of the kingdom."
      },
      {
        "book_name": "Esther",
        "book": 17,
        "chapter": 5,
        "verse": 4,
        "text": "And Esther said, If it seem good unto the king, let the king and Haman come this day unto the banquet that I have prepared for him."
      },
      {
        "book_name": "Esther",
        "book": 17,
        "chapter": 5,
        "verse": 5,
        "text": "Then the king said, Cause Haman to make haste, that it may be done as Esther hath said. So the king and Haman came to the banquet that Esther had prepared."
      },
      {
        "book_name": "Esther",
        "book": 17,
        "chapter": 5,
        "verse": 6,
        "text": "And the king said unto Esther at the banquet of wine, What is thy petition? and it shall be granted thee: and what is thy request? even to the half of the kingdom it shall be performed."
      },
      {
        "book_name": "Esther",
        "book": 17,
        "chapter": 5,
        "verse": 7,
        "text": "Then answered Esther, and said, My petition and my request is:"
      },
      {
        "book_name": "Esther",
        "book": 17,
        "chapter": 5,
        "verse": 8,
        "text": "If I have found favor in the sight of the king, and if it please the king to grant my petition, and to perform my request, let the king and Haman come to the banquet that I shall prepare for them, and I will do to-morrow as the king hath said."
      },
      {
        "book_name": "Esther",
        "book": 17,
        "chapter": 5,
        "verse": 9,
        "text": "Then went Haman forth that day joyful and glad of heart: but when Haman saw Mordecai in the king’s gate, that he stood not up nor moved for him, he was filled with wrath against Mordecai."
      },
      {
        "book_name": "Esther",
        "book": 17,
        "chapter": 5,
        "verse": 10,
        "text": "Nevertheless Haman refrained himself, and went home; and he sent and fetched his friends and Zeresh his wife."
      },
      {
        "book_name": "Esther",
        "book": 17,
        "chapter": 5,
        "verse": 11,
        "text": "And Haman recounted unto them the glory of his riches, and the multitude of his children, and all the things wherein the king had promoted him, and how he had advanced him above the princes and servants of the king."
      },
      {
        "book_name": "Esther",
        "book": 17,
        "chapter": 5,
        "verse": 12,
        "text": "Haman said moreover, Yea, Esther the queen did let no man come in with the king unto the banquet that she had prepared but myself; and to-morrow also am I invited by her together with the king."
      },
      {
        "book_name": "Esther",
        "book": 17,
        "chapter": 5,
        "verse": 13,
        "text": "Yet all this availeth me nothing, so long as I see Mordecai the Jew sitting at the king’s gate."
      },
      {
        "book_name": "Esther",
        "book": 17,
        "chapter": 5,
        "verse": 14,
        "text": "Then said Zeresh his wife and all his friends unto him, Let a gallows be made fifty cubits high, and in the morning speak thou unto the king that Mordecai may be hanged thereon: then go thou in merrily with the king unto the banquet. And the thing pleased Haman; and he caused the gallows to be made."
      }
    ],
    "6": [
      {
        "book_name": "Esther",
        "book": 17,
        "chapter": 6,
        "verse": 1,
        "text": "1On that night could not the king sleep; and he commanded to bring the book of records of the chronicles, and they were read before the king. 2And it was found written, that Mordecai had told of Bigthana and Teresh, two of the king’s chamberlains, of those that kept the threshold, who had sought to lay hands on the king Ahasuerus. 3And the king said, What honor and dignity hath been bestowed on Mordecai for this? Then said the king’s servants that ministered unto him, There is nothing done for him. 4And the king said, Who is in the court? Now Haman was come into the outward court of the king’s house, to speak unto the king to hang Mordecai on the gallows that he had prepared for him. 5And the king’s servants said unto him, Behold, Haman standeth in the court. And the king said, Let him come in. 6So Haman came in. And the king said unto him, What shall be done unto the man whom the king delighteth to honor? Now Haman said in his heart, To whom would the king delight to do honor more than to myself? 7And Haman said unto the king, For the man whom the king delighteth to honor, 8let royal apparel be brought which the king useth to wear, and the horse that the king rideth upon, and on the head of which a crown royal is set: 9and let the apparel and the horse be delivered to the hand of one of the king’s most noble princes, that they may array the man therewith whom the king delighteth to honor, and cause him to ride on horseback through the street of the city, and proclaim before him, Thus shall it be done to the man whom the king delighteth to honor.  10Then the king said to Haman, Make haste, and take the apparel and the horse, as thou hast said, and do even so to Mordecai the Jew, that sitteth at the king’s gate: let nothing fail of all that thou hast spoken. 11Then took Haman the apparel and the horse, and arrayed Mordecai, and caused him to ride through the street of the city, and proclaimed before him, Thus shall it be done unto the man whom the king delighteth to honor. 12And Mordecai came again to the king’s gate. But Haman hasted to his house, mourning and having his head covered. 13And Haman recounted unto Zeresh his wife and all his friends everything that had befallen him. Then said his wise men and Zeresh his wife unto him, If Mordecai, before whom thou hast begun to fall, be of the seed of the Jews, thou shalt not prevail against him, but shalt surely fall before him. 14While they were yet talking with him, came the king’s chamberlains, and hasted to bring Haman unto the banquet that Esther had prepared."
      },
      {
        "book_name": "Esther",
        "book": 17,
        "chapter": 6,
        "verse": 1,
        "text": "On that night could not the king sleep; and he commanded to bring the book of records of the chronicles, and they were read before the king."
      },
      {
        "book_name": "Esther",
        "book": 17,
        "chapter": 6,
        "verse": 2,
        "text": "And it was found written, that Mordecai had told of Bigthana and Teresh, two of the king’s chamberlains, of those that kept the threshold, who had sought to lay hands on the king Ahasuerus."
      },
      {
        "book_name": "Esther",
        "book": 17,
        "chapter": 6,
        "verse": 3,
        "text": "And the king said, What honor and dignity hath been bestowed on Mordecai for this? Then said the king’s servants that ministered unto him, There is nothing done for him."
      },
      {
        "book_name": "Esther",
        "book": 17,
        "chapter": 6,
        "verse": 4,
        "text": "And the king said, Who is in the court? Now Haman was come into the outward court of the king’s house, to speak unto the king to hang Mordecai on the gallows that he had prepared for him."
      },
      {
        "book_name": "Esther",
        "book": 17,
        "chapter": 6,
        "verse": 5,
        "text": "And the king’s servants said unto him, Behold, Haman standeth in the court. And the king said, Let him come in."
      },
      {
        "book_name": "Esther",
        "book": 17,
        "chapter": 6,
        "verse": 6,
        "text": "So Haman came in. And the king said unto him, What shall be done unto the man whom the king delighteth to honor? Now Haman said in his heart, To whom would the king delight to do honor more than to myself?"
      },
      {
        "book_name": "Esther",
        "book": 17,
        "chapter": 6,
        "verse": 7,
        "text": "And Haman said unto the king, For the man whom the king delighteth to honor,"
      },
      {
        "book_name": "Esther",
        "book": 17,
        "chapter": 6,
        "verse": 8,
        "text": "let royal apparel be brought which the king useth to wear, and the horse that the king rideth upon, and on the head of which a crown royal is set:"
      },
      {
        "book_name": "Esther",
        "book": 17,
        "chapter": 6,
        "verse": 9,
        "text": "and let the apparel and the horse be delivered to the hand of one of the king’s most noble princes, that they may array the man therewith whom the king delighteth to honor, and cause him to ride on horseback through the street of the city, and proclaim before him, Thus shall it be done to the man whom the king delighteth to honor."
      },
      {
        "book_name": "Esther",
        "book": 17,
        "chapter": 6,
        "verse": 10,
        "text": "Then the king said to Haman, Make haste, and take the apparel and the horse, as thou hast said, and do even so to Mordecai the Jew, that sitteth at the king’s gate: let nothing fail of all that thou hast spoken."
      },
      {
        "book_name": "Esther",
        "book": 17,
        "chapter": 6,
        "verse": 11,
        "text": "Then took Haman the apparel and the horse, and arrayed Mordecai, and caused him to ride through the street of the city, and proclaimed before him, Thus shall it be done unto the man whom the king delighteth to honor."
      },
      {
        "book_name": "Esther",
        "book": 17,
        "chapter": 6,
        "verse": 12,
        "text": "And Mordecai came again to the king’s gate. But Haman hasted to his house, mourning and having his head covered."
      },
      {
        "book_name": "Esther",
        "book": 17,
        "chapter": 6,
        "verse": 13,
        "text": "And Haman recounted unto Zeresh his wife and all his friends everything that had befallen him. Then said his wise men and Zeresh his wife unto him, If Mordecai, before whom thou hast begun to fall, be of the seed of the Jews, thou shalt not prevail against him, but shalt surely fall before him."
      },
      {
        "book_name": "Esther",
        "book": 17,
        "chapter": 6,
        "verse": 14,
        "text": "While they were yet talking with him, came the king’s chamberlains, and hasted to bring Haman unto the banquet that Esther had prepared."
      }
    ],
    "7": [
      {
        "book_name": "Esther",
        "book": 17,
        "chapter": 7,
        "verse": 1,
        "text": "1So the king and Haman came to banquet with Esther the queen. 2And the king said again unto Esther on the second day at the banquet of wine, What is thy petition, queen Esther? and it shall be granted thee: and what is thy request? even to the half of the kingdom it shall be performed. 3Then Esther the queen answered and said, If I have found favor in thy sight, O king, and if it please the king, let my life be given me at my petition, and my people at my request: 4for we are sold, I and my people, to be destroyed, to be slain, and to perish. But if we had been sold for bondmen and bondwomen, I had held my peace, although the adversary could not have compensated for the king’s damage. 5Then spake the king Ahasuerus and said unto Esther the queen, Who is he, and where is he, that durst presume in his heart to do so? 6And Esther said, An adversary and an enemy, even this wicked Haman. Then Haman was afraid before the king and the queen. 7And the king arose in his wrath from the banquet of wine and went into the palace garden: and Haman stood up to make request for his life to Esther the queen; for he saw that there was evil determined against him by the king. 8Then the king returned out of the palace garden into the place of the banquet of wine; and Haman was fallen upon the couch whereon Esther was. Then said the king, Will he even force the queen before me in the house? As the word went out of the king’s mouth, they covered Haman’s face. 9Then said Harbonah, one of the chamberlains that were before the king, Behold also, the gallows fifty cubits high, which Haman hath made for Mordecai, who spake good for the king, standeth in the house of Haman. And the king said, Hang him thereon. 10So they hanged Haman on the gallows that he had prepared for Mordecai. Then was the king’s wrath pacified."
      },
      {
        "book_name": "Esther",
        "book": 17,
        "chapter": 7,
        "verse": 1,
        "text": "So the king and Haman came to banquet with Esther the queen."
      },
      {
        "book_name": "Esther",
        "book": 17,
        "chapter": 7,
        "verse": 2,
        "text": "And the king said again unto Esther on the second day at the banquet of wine, What is thy petition, queen Esther? and it shall be granted thee: and what is thy request? even to the half of the kingdom it shall be performed."
      },
      {
        "book_name": "Esther",
        "book": 17,
        "chapter": 7,
        "verse": 3,
        "text": "Then Esther the queen answered and said, If I have found favor in thy sight, O king, and if it please the king, let my life be given me at my petition, and my people at my request:"
      },
      {
        "book_name": "Esther",
        "book": 17,
        "chapter": 7,
        "verse": 4,
        "text": "for we are sold, I and my people, to be destroyed, to be slain, and to perish. But if we had been sold for bondmen and bondwomen, I had held my peace, although the adversary could not have compensated for the king’s damage."
      },
      {
        "book_name": "Esther",
        "book": 17,
        "chapter": 7,
        "verse": 5,
        "text": "Then spake the king Ahasuerus and said unto Esther the queen, Who is he, and where is he, that durst presume in his heart to do so?"
      },
      {
        "book_name": "Esther",
        "book": 17,
        "chapter": 7,
        "verse": 6,
        "text": "And Esther said, An adversary and an enemy, even this wicked Haman. Then Haman was afraid before the king and the queen."
      },
      {
        "book_name": "Esther",
        "book": 17,
        "chapter": 7,
        "verse": 7,
        "text": "And the king arose in his wrath from the banquet of wine and went into the palace garden: and Haman stood up to make request for his life to Esther the queen; for he saw that there was evil determined against him by the king."
      },
      {
        "book_name": "Esther",
        "book": 17,
        "chapter": 7,
        "verse": 8,
        "text": "Then the king returned out of the palace garden into the place of the banquet of wine; and Haman was fallen upon the couch whereon Esther was. Then said the king, Will he even force the queen before me in the house? As the word went out of the king’s mouth, they covered Haman’s face."
      },
      {
        "book_name": "Esther",
        "book": 17,
        "chapter": 7,
        "verse": 9,
        "text": "Then said Harbonah, one of the chamberlains that were before the king, Behold also, the gallows fifty cubits high, which Haman hath made for Mordecai, who spake good for the king, standeth in the house of Haman. And the king said, Hang him thereon."
      },
      {
        "book_name": "Esther",
        "book": 17,
        "chapter": 7,
        "verse": 10,
        "text": "So they hanged Haman on the gallows that he had prepared for Mordecai. Then was the king’s wrath pacified."
      }
    ],
    "8": [
      {
        "book_name": "Esther",
        "book": 17,
        "chapter": 8,
        "verse": 1,
        "text": "1On that day did the king Ahasuerus give the house of Haman the Jews’ enemy unto Esther the queen. And Mordecai came before the king; for Esther had told what he was unto her. 2And the king took off his ring, which he had taken from Haman, and gave it unto Mordecai. And Esther set Mordecai over the house of Haman.  3And Esther spake yet again before the king, and fell down at his feet, and besought him with tears to put away the mischief of Haman the Agagite, and his device that he had devised against the Jews. 4Then the king held out to Esther the golden sceptre. So Esther arose, and stood before the king. 5And she said, If it please the king, and if I have found favor in his sight, and the thing seem right before the king, and I be pleasing in his eyes, let it be written to reverse the letters devised by Haman, the son of Hammedatha the Agagite, which he wrote to destroy the Jews that are in all the king’s provinces: 6for how can I endure to see the evil that shall come unto my people? or how can I endure to see the destruction of my kindred? 7Then the king Ahasuerus said unto Esther the queen and to Mordecai the Jew, Behold, I have given Esther the house of Haman, and him they have hanged upon the gallows, because he laid his hand upon the Jews. 8Write ye also to the Jews, as it pleaseth you, in the king’s name, and seal it with the king’s ring; for the writing which is written in the king’s name, and sealed with the king’s ring, may no man reverse.  9Then were the king’s scribes called at that time, in the third month, which is the month Sivan, on the three and twentieth day thereof; and it was written according to all that Mordecai commanded unto the Jews, and to the satraps, and the governors and princes of the provinces which are from India unto Ethiopia, a hundred twenty and seven provinces, unto every province according to the writing thereof, and unto every people after their language, and to the Jews according to their writing, and according to their language. 10And he wrote in the name of king Ahasuerus, and sealed it with the king’s ring, and sent letters by posts on horseback, riding on swift steeds that were used in the king’s service, bred of the stud: 11wherein the king granted the Jews that were in every city to gather themselves together, and to stand for their life, to destroy, to slay, and to cause to perish, all the power of the people and province that would assault them, their little ones and women, and to take the spoil of them for a prey, 12upon one day in all the provinces of king Ahasuerus, namely, upon the thirteenth day of the twelfth month, which is the month Adar. 13A copy of the writing, that the decree should be given out in every province, was published unto all the peoples, and that the Jews should be ready against that day to avenge themselves on their enemies. 14So the posts that rode upon swift steeds that were used in the king’s service went out, being hastened and pressed on by the king’s commandment; and the decree was given out in Shushan the palace.  15And Mordecai went forth from the presence of the king in royal apparel of blue and white, and with a great crown of gold, and with a robe of fine linen and purple: and the city of Shushan shouted and was glad. 16The Jews had light and gladness, and joy and honor. 17And in every province, and in every city, whithersoever the king’s commandment and his decree came, the Jews had gladness and joy, a feast and a good day. And many from among the peoples of the land became Jews; for the fear of the Jews was fallen upon them."
      },
      {
        "book_name": "Esther",
        "book": 17,
        "chapter": 8,
        "verse": 1,
        "text": "On that day did the king Ahasuerus give the house of Haman the Jews’ enemy unto Esther the queen. And Mordecai came before the king; for Esther had told what he was unto her."
      },
      {
        "book_name": "Esther",
        "book": 17,
        "chapter": 8,
        "verse": 2,
        "text": "And the king took off his ring, which he had taken from Haman, and gave it unto Mordecai. And Esther set Mordecai over the house of Haman."
      },
      {
        "book_name": "Esther",
        "book": 17,
        "chapter": 8,
        "verse": 3,
        "text": "And Esther spake yet again before the king, and fell down at his feet, and besought him with tears to put away the mischief of Haman the Agagite, and his device that he had devised against the Jews."
      },
      {
        "book_name": "Esther",
        "book": 17,
        "chapter": 8,
        "verse": 4,
        "text": "Then the king held out to Esther the golden sceptre. So Esther arose, and stood before the king."
      },
      {
        "book_name": "Esther",
        "book": 17,
        "chapter": 8,
        "verse": 5,
        "text": "And she said, If it please the king, and if I have found favor in his sight, and the thing seem right before the king, and I be pleasing in his eyes, let it be written to reverse the letters devised by Haman, the son of Hammedatha the Agagite, which he wrote to destroy the Jews that are in all the king’s provinces:"
      },
      {
        "book_name": "Esther",
        "book": 17,
        "chapter": 8,
        "verse": 6,
        "text": "for how can I endure to see the evil that shall come unto my people? or how can I endure to see the destruction of my kindred?"
      },
      {
        "book_name": "Esther",
        "book": 17,
        "chapter": 8,
        "verse": 7,
        "text": "Then the king Ahasuerus said unto Esther the queen and to Mordecai the Jew, Behold, I have given Esther the house of Haman, and him they have hanged upon the gallows, because he laid his hand upon the Jews."
      },
      {
        "book_name": "Esther",
        "book": 17,
        "chapter": 8,
        "verse": 8,
        "text": "Write ye also to the Jews, as it pleaseth you, in the king’s name, and seal it with the king’s ring; for the writing which is written in the king’s name, and sealed with the king’s ring, may no man reverse."
      },
      {
        "book_name": "Esther",
        "book": 17,
        "chapter": 8,
        "verse": 9,
        "text": "Then were the king’s scribes called at that time, in the third month, which is the month Sivan, on the three and twentieth day thereof; and it was written according to all that Mordecai commanded unto the Jews, and to the satraps, and the governors and princes of the provinces which are from India unto Ethiopia, a hundred twenty and seven provinces, unto every province according to the writing thereof, and unto every people after their language, and to the Jews according to their writing, and according to their language."
      },
      {
        "book_name": "Esther",
        "book": 17,
        "chapter": 8,
        "verse": 10,
        "text": "And he wrote in the name of king Ahasuerus, and sealed it with the king’s ring, and sent letters by posts on horseback, riding on swift steeds that were used in the king’s service, bred of the stud:"
      },
      {
        "book_name": "Esther",
        "book": 17,
        "chapter": 8,
        "verse": 11,
        "text": "wherein the king granted the Jews that were in every city to gather themselves together, and to stand for their life, to destroy, to slay, and to cause to perish, all the power of the people and province that would assault them, their little ones and women, and to take the spoil of them for a prey,"
      },
      {
        "book_name": "Esther",
        "book": 17,
        "chapter": 8,
        "verse": 12,
        "text": "upon one day in all the provinces of king Ahasuerus, namely, upon the thirteenth day of the twelfth month, which is the month Adar."
      },
      {
        "book_name": "Esther",
        "book": 17,
        "chapter": 8,
        "verse": 13,
        "text": "A copy of the writing, that the decree should be given out in every province, was published unto all the peoples, and that the Jews should be ready against that day to avenge themselves on their enemies."
      },
      {
        "book_name": "Esther",
        "book": 17,
        "chapter": 8,
        "verse": 14,
        "text": "So the posts that rode upon swift steeds that were used in the king’s service went out, being hastened and pressed on by the king’s commandment; and the decree was given out in Shushan the palace."
      },
      {
        "book_name": "Esther",
        "book": 17,
        "chapter": 8,
        "verse": 15,
        "text": "And Mordecai went forth from the presence of the king in royal apparel of blue and white, and with a great crown of gold, and with a robe of fine linen and purple: and the city of Shushan shouted and was glad."
      },
      {
        "book_name": "Esther",
        "book": 17,
        "chapter": 8,
        "verse": 16,
        "text": "The Jews had light and gladness, and joy and honor."
      },
      {
        "book_name": "Esther",
        "book": 17,
        "chapter": 8,
        "verse": 17,
        "text": "And in every province, and in every city, whithersoever the king’s commandment and his decree came, the Jews had gladness and joy, a feast and a good day. And many from among the peoples of the land became Jews; for the fear of the Jews was fallen upon them."
      }
    ],
    "9": [
      {
        "book_name": "Esther",
        "book": 17,
        "chapter": 9,
        "verse": 1,
        "text": "1Now in the twelfth month, which is the month Adar, on the thirteenth day of the same, when the king’s commandment and his decree drew near to be put in execution, on the day that the enemies of the Jews hoped to have rule over them (whereas it was turned to the contrary, that the Jews had rule over them that hated them), 2the Jews gathered themselves together in their cities throughout all the provinces of the king Ahasuerus, to lay hand on such as sought their hurt: and no man could withstand them; for the fear of them was fallen upon all the peoples. 3And all the princes of the provinces, and the satraps, and the governors, and they that did the king’s business, helped the Jews; because the fear of Mordecai was fallen upon them. 4For Mordecai was great in the king’s house, and his fame went forth throughout all the provinces; for the man Mordecai waxed greater and greater. 5And the Jews smote all their enemies with the stroke of the sword, and with slaughter and destruction, and did what they would unto them that hated them. 6And in Shushan the palace the Jews slew and destroyed five hundred men. 7And Parshandatha, and Dalphon, and Aspatha, 8and Poratha, and Adalia, and Aridatha, 9and Parmashta, and Arisai, and Aridai, and Vaizatha, 10the ten sons of Haman the son of Hammedatha, the Jews’ enemy, slew they; but on the spoil they laid not their hand.  11On that day the number of those that were slain in Shushan the palace was brought before the king. 12And the king said unto Esther the queen, The Jews have slain and destroyed five hundred men in Shushan the palace, and the ten sons of Haman; what then have they done in the rest of the king’s provinces! Now what is thy petition? and it shall be granted thee: or what is thy request further? and it shall be done. 13Then said Esther, If it please the king, let it be granted to the Jews that are in Shushan to do to-morrow also according unto this day’s decree, and let Haman’s ten sons be hanged upon the gallows. 14And the king commanded it so to be done: and a decree was given out in Shushan; and they hanged Haman’s ten sons. 15And the Jews that were in Shushan gathered themselves together on the fourteenth day also of the month Adar, and slew three hundred men in Shushan; but on the spoil they laid not their hand. 16And the other Jews that were in the king’s provinces gathered themselves together, and stood for their lives, and had rest from their enemies, and slew of them that hated them seventy and five thousand; but on the spoil they laid not their hand.  17  This was done on the thirteenth day of the month Adar; and on the fourteenth day of the same they rested, and made it a day of feasting and gladness. 18But the Jews that were in Shushan assembled together on the thirteenth day thereof, and on the fourteenth thereof; and on the fifteenth day of the same they rested, and made it a day of feasting and gladness. 19Therefore do the Jews of the villages, that dwell in the unwalled towns, make the fourteenth day of the month Adar a day of gladness and feasting, and a good day, and of sending portions one to another.  20And Mordecai wrote these things, and sent letters unto all the Jews that were in all the provinces of the king Ahasuerus, both nigh and far, 21to enjoin them that they should keep the fourteenth day of the month Adar, and the fifteenth day of the same, yearly, 22as the days wherein the Jews had rest from their enemies, and the month which was turned unto them from sorrow to gladness, and from mourning into a good day; that they should make them days of feasting and gladness, and of sending portions one to another, and gifts to the poor. 23And the Jews undertook to do as they had begun, and as Mordecai had written unto them; 24because Haman the son of Hammedatha, the Agagite, the enemy of all the Jews, had plotted against the Jews to destroy them, and had cast Pur, that is the lot, to consume them, and to destroy them; 25but when the matter came before the king, he commanded by letters that his wicked device, which he had devised against the Jews, should return upon his own head, and that he and his sons should be hanged on the gallows.  26Wherefore they called these days Purim, after the name of Pur. Therefore because of all the words of this letter, and of that which they had seen concerning this matter, and that which had come unto them, 27the Jews ordained, and took upon them, and upon their seed, and upon all such as joined themselves unto them, so that it should not fail, that they would keep these two days according to the writing thereof, and according to the appointed time thereof, every year; 28and that these days should be remembered and kept throughout every generation, every family, every province, and every city; and that these days of Purim should not fail from among the Jews, nor the remembrance of them perish from their seed.  29Then Esther the queen, the daughter of Abihail, and Mordecai the Jew, wrote with all authority to confirm this second letter of Purim. 30And he sent letters unto all the Jews, to the hundred twenty and seven provinces of the kingdom of Ahasuerus, with words of peace and truth, 31to confirm these days of Purim in their appointed times, according as Mordecai the Jew and Esther the queen had enjoined them, and as they had ordained for themselves and for their seed, in the matter of the fastings and their cry. 32And the commandment of Esther confirmed these matters of Purim; and it was written in the book."
      },
      {
        "book_name": "Esther",
        "book": 17,
        "chapter": 9,
        "verse": 1,
        "text": "Now in the twelfth month, which is the month Adar, on the thirteenth day of the same, when the king’s commandment and his decree drew near to be put in execution, on the day that the enemies of the Jews hoped to have rule over them (whereas it was turned to the contrary, that the Jews had rule over them that hated them),"
      },
      {
        "book_name": "Esther",
        "book": 17,
        "chapter": 9,
        "verse": 2,
        "text": "the Jews gathered themselves together in their cities throughout all the provinces of the king Ahasuerus, to lay hand on such as sought their hurt: and no man could withstand them; for the fear of them was fallen upon all the peoples."
      },
      {
        "book_name": "Esther",
        "book": 17,
        "chapter": 9,
        "verse": 3,
        "text": "And all the princes of the provinces, and the satraps, and the governors, and they that did the king’s business, helped the Jews; because the fear of Mordecai was fallen upon them."
      },
      {
        "book_name": "Esther",
        "book": 17,
        "chapter": 9,
        "verse": 4,
        "text": "For Mordecai was great in the king’s house, and his fame went forth throughout all the provinces; for the man Mordecai waxed greater and greater."
      },
      {
        "book_name": "Esther",
        "book": 17,
        "chapter": 9,
        "verse": 5,
        "text": "And the Jews smote all their enemies with the stroke of the sword, and with slaughter and destruction, and did what they would unto them that hated them."
      },
      {
        "book_name": "Esther",
        "book": 17,
        "chapter": 9,
        "verse": 6,
        "text": "And in Shushan the palace the Jews slew and destroyed five hundred men."
      },
      {
        "book_name": "Esther",
        "book": 17,
        "chapter": 9,
        "verse": 7,
        "text": "And Parshandatha, and Dalphon, and Aspatha,"
      },
      {
        "book_name": "Esther",
        "book": 17,
        "chapter": 9,
        "verse": 8,
        "text": "and Poratha, and Adalia, and Aridatha,"
      },
      {
        "book_name": "Esther",
        "book": 17,
        "chapter": 9,
        "verse": 9,
        "text": "and Parmashta, and Arisai, and Aridai, and Vaizatha,"
      },
      {
        "book_name": "Esther",
        "book": 17,
        "chapter": 9,
        "verse": 10,
        "text": "the ten sons of Haman the son of Hammedatha, the Jews’ enemy, slew they; but on the spoil they laid not their hand."
      },
      {
        "book_name": "Esther",
        "book": 17,
        "chapter": 9,
        "verse": 11,
        "text": "On that day the number of those that were slain in Shushan the palace was brought before the king."
      },
      {
        "book_name": "Esther",
        "book": 17,
        "chapter": 9,
        "verse": 12,
        "text": "And the king said unto Esther the queen, The Jews have slain and destroyed five hundred men in Shushan the palace, and the ten sons of Haman; what then have they done in the rest of the king’s provinces! Now what is thy petition? and it shall be granted thee: or what is thy request further? and it shall be done."
      },
      {
        "book_name": "Esther",
        "book": 17,
        "chapter": 9,
        "verse": 13,
        "text": "Then said Esther, If it please the king, let it be granted to the Jews that are in Shushan to do to-morrow also according unto this day’s decree, and let Haman’s ten sons be hanged upon the gallows."
      },
      {
        "book_name": "Esther",
        "book": 17,
        "chapter": 9,
        "verse": 14,
        "text": "And the king commanded it so to be done: and a decree was given out in Shushan; and they hanged Haman’s ten sons."
      },
      {
        "book_name": "Esther",
        "book": 17,
        "chapter": 9,
        "verse": 15,
        "text": "And the Jews that were in Shushan gathered themselves together on the fourteenth day also of the month Adar, and slew three hundred men in Shushan; but on the spoil they laid not their hand."
      },
      {
        "book_name": "Esther",
        "book": 17,
        "chapter": 9,
        "verse": 16,
        "text": "And the other Jews that were in the king’s provinces gathered themselves together, and stood for their lives, and had rest from their enemies, and slew of them that hated them seventy and five thousand; but on the spoil they laid not their hand."
      },
      {
        "book_name": "Esther",
        "book": 17,
        "chapter": 9,
        "verse": 17,
        "text": "This was done on the thirteenth day of the month Adar; and on the fourteenth day of the same they rested, and made it a day of feasting and gladness."
      },
      {
        "book_name": "Esther",
        "book": 17,
        "chapter": 9,
        "verse": 18,
        "text": "But the Jews that were in Shushan assembled together on the thirteenth day thereof, and on the fourteenth thereof; and on the fifteenth day of the same they rested, and made it a day of feasting and gladness."
      },
      {
        "book_name": "Esther",
        "book": 17,
        "chapter": 9,
        "verse": 19,
        "text": "Therefore do the Jews of the villages, that dwell in the unwalled towns, make the fourteenth day of the month Adar a day of gladness and feasting, and a good day, and of sending portions one to another."
      },
      {
        "book_name": "Esther",
        "book": 17,
        "chapter": 9,
        "verse": 20,
        "text": "And Mordecai wrote these things, and sent letters unto all the Jews that were in all the provinces of the king Ahasuerus, both nigh and far,"
      },
      {
        "book_name": "Esther",
        "book": 17,
        "chapter": 9,
        "verse": 21,
        "text": "to enjoin them that they should keep the fourteenth day of the month Adar, and the fifteenth day of the same, yearly,"
      },
      {
        "book_name": "Esther",
        "book": 17,
        "chapter": 9,
        "verse": 22,
        "text": "as the days wherein the Jews had rest from their enemies, and the month which was turned unto them from sorrow to gladness, and from mourning into a good day; that they should make them days of feasting and gladness, and of sending portions one to another, and gifts to the poor."
      },
      {
        "book_name": "Esther",
        "book": 17,
        "chapter": 9,
        "verse": 23,
        "text": "And the Jews undertook to do as they had begun, and as Mordecai had written unto them;"
      },
      {
        "book_name": "Esther",
        "book": 17,
        "chapter": 9,
        "verse": 24,
        "text": "because Haman the son of Hammedatha, the Agagite, the enemy of all the Jews, had plotted against the Jews to destroy them, and had cast Pur, that is the lot, to consume them, and to destroy them;"
      },
      {
        "book_name": "Esther",
        "book": 17,
        "chapter": 9,
        "verse": 25,
        "text": "but when the matter came before the king, he commanded by letters that his wicked device, which he had devised against the Jews, should return upon his own head, and that he and his sons should be hanged on the gallows."
      },
      {
        "book_name": "Esther",
        "book": 17,
        "chapter": 9,
        "verse": 26,
        "text": "Wherefore they called these days Purim, after the name of Pur. Therefore because of all the words of this letter, and of that which they had seen concerning this matter, and that which had come unto them,"
      },
      {
        "book_name": "Esther",
        "book": 17,
        "chapter": 9,
        "verse": 27,
        "text": "the Jews ordained, and took upon them, and upon their seed, and upon all such as joined themselves unto them, so that it should not fail, that they would keep these two days according to the writing thereof, and according to the appointed time thereof, every year;"
      },
      {
        "book_name": "Esther",
        "book": 17,
        "chapter": 9,
        "verse": 28,
        "text": "and that these days should be remembered and kept throughout every generation, every family, every province, and every city; and that these days of Purim should not fail from among the Jews, nor the remembrance of them perish from their seed."
      },
      {
        "book_name": "Esther",
        "book": 17,
        "chapter": 9,
        "verse": 29,
        "text": "Then Esther the queen, the daughter of Abihail, and Mordecai the Jew, wrote with all authority to confirm this second letter of Purim."
      },
      {
        "book_name": "Esther",
        "book": 17,
        "chapter": 9,
        "verse": 30,
        "text": "And he sent letters unto all the Jews, to the hundred twenty and seven provinces of the kingdom of Ahasuerus, with words of peace and truth,"
      },
      {
        "book_name": "Esther",
        "book": 17,
        "chapter": 9,
        "verse": 31,
        "text": "to confirm these days of Purim in their appointed times, according as Mordecai the Jew and Esther the queen had enjoined them, and as they had ordained for themselves and for their seed, in the matter of the fastings and their cry."
      },
      {
        "book_name": "Esther",
        "book": 17,
        "chapter": 9,
        "verse": 32,
        "text": "And the commandment of Esther confirmed these matters of Purim; and it was written in the book."
      }
    ],
    "10": [
      {
        "book_name": "Esther",
        "book": 17,
        "chapter": 10,
        "verse": 1,
        "text": "1And the king Ahasuerus laid a tribute upon the land, and upon the isles of the sea. 2And all the acts of his power and of his might, and the full account of the greatness of Mordecai, whereunto the king advanced him, are they not written in the book of the chronicles of the kings of Media and Persia? 3For Mordecai the Jew was next unto king Ahasuerus, and great among the Jews, and accepted of the multitude of his brethren, seeking the good of his people, and speaking peace to all his seed."
      },
      {
        "book_name": "Esther",
        "book": 17,
        "chapter": 10,
        "verse": 1,
        "text": "And the king Ahasuerus laid a tribute upon the land, and upon the isles of the sea."
      },
      {
        "book_name": "Esther",
        "book": 17,
        "chapter": 10,
        "verse": 2,
        "text": "And all the acts of his power and of his might, and the full account of the greatness of Mordecai, whereunto the king advanced him, are they not written in the book of the chronicles of the kings of Media and Persia?"
      },
      {
        "book_name": "Esther",
        "book": 17,
        "chapter": 10,
        "verse": 3,
        "text": "For Mordecai the Jew was next unto king Ahasuerus, and great among the Jews, and accepted of the multitude of his brethren, seeking the good of his people, and speaking peace to all his seed."
      }
    ]
  }
}