{
  "source": "bible.com",
  "version": "American Standard Version",
  "book": "James",
  "chapters": {
    "1": [
      {
        "book_name": "James",
        "book": 59,
        "chapter": 1,
        "verse": 1,
        "text": "1James, a servant of God and of the Lord Jesus Christ, to the twelve tribes which are of the Dispersion, greeting.  2Count it all joy, my brethren, when ye fall into manifold temptations; 3knowing that the proving of your faith worketh patience. 4And let patience have its perfect work, that ye may be perfect and entire, lacking in nothing.  5But if any of you lacketh wisdom, let him ask of God, who giveth to all liberally and upbraideth not; and it shall be given him. 6But let him ask in faith, nothing doubting: for he that doubteth is like the surge of the sea driven by the wind and tossed. 7For let not that man think that he shall receive anything of the Lord; 8a doubleminded man, unstable in all his ways.  9But let the brother of low degree glory in his high estate: 10and the rich, in that he is made low: because as the flower of the grass he shall pass away. 11For the sun ariseth with the scorching wind, and withereth the grass; and the flower thereof falleth, and the grace of the fashion of it perisheth: so also shall the rich man fade away in his goings.  12Blessed is the man that endureth temptation; for when he hath been approved, he shall receive the crown of life, which the Lord promised to them that love him. 13Let no man say when he is tempted, I am tempted of God; for God cannot be tempted with evil, and he himself tempteth no man: 14but each man is tempted, when he is drawn away by his own lust, and enticed. 15Then the lust, when it hath conceived, beareth sin: and the sin, when it is fullgrown, bringeth forth death. 16Be not deceived, my beloved brethren. 17Every good gift and every perfect gift is from above, coming down from the Father of lights, with whom can be no variation, neither shadow that is cast by turning. 18Of his own will he brought us forth by the word of truth, that we should be a kind of firstfruits of his creatures.  19Ye know this, my beloved brethren. But let every man be swift to hear, slow to speak, slow to wrath: 20for the wrath of man worketh not the righteousness of God. 21Wherefore putting away all filthiness and overflowing of wickedness, receive with meekness the implanted word, which is able to save your souls. 22But be ye doers of the word, and not hearers only, deluding your own selves. 23For if any one is a hearer of the word and not a doer, he is like unto a man beholding his natural face in a mirror: 24for he beholdeth himself, and goeth away, and straightway forgetteth what manner of man he was. 25But he that looketh into the perfect law, the law of liberty, and so continueth, being not a hearer that forgetteth but a doer that worketh, this man shall be blessed in his doing. 26If any man thinketh himself to be religious, while he bridleth not his tongue but deceiveth his heart, this man’s religion is vain. 27Pure religion and undefiled before our God and Father is this, to visit the fatherless and widows in their affliction, and to keep oneself unspotted from the world."
      },
      {
        "book_name": "James",
        "book": 59,
        "chapter": 1,
        "verse": 1,
        "text": "James, a servant of God and of the Lord Jesus Christ, to the twelve tribes which are of the Dispersion, greeting."
      },
      {
        "book_name": "James",
        "book": 59,
        "chapter": 1,
        "verse": 2,
        "text": "Count it all joy, my brethren, when ye fall into manifold temptations;"
      },
      {
        "book_name": "James",
        "book": 59,
        "chapter": 1,
        "verse": 3,
        "text": "knowing that the proving of your faith worketh patience."
      },
      {
        "book_name": "James",
        "book": 59,
        "chapter": 1,
        "verse": 4,
        "text": "And let patience have its perfect work, that ye may be perfect and entire, lacking in nothing."
      },
      {
        "book_name": "James",
        "book": 59,
        "chapter": 1,
        "verse": 5,
        "text": "But if any of you lacketh wisdom, let him ask of God, who giveth to all liberally and upbraideth not; and it shall be given him."
      },
      {
        "book_name": "James",
        "book": 59,
        "chapter": 1,
        "verse": 6,
        "text": "But let him ask in faith, nothing doubting: for he that doubteth is like the surge of the sea driven by the wind and tossed."
      },
      {
        "book_name": "James",
        "book": 59,
        "chapter": 1,
        "verse": 7,
        "text": "For let not that man think that he shall receive anything of the Lord;"
      },
      {
        "book_name": "James",
        "book": 59,
        "chapter": 1,
        "verse": 8,
        "text": "a doubleminded man, unstable in all his ways."
      },
      {
        "book_name": "James",
        "book": 59,
        "chapter": 1,
        "verse": 9,
        "text": "But let the brother of low degree glory in his high estate:"
      },
      {
        "book_name": "James",
        "book": 59,
        "chapter": 1,
        "verse": 10,
        "text": "and the rich, in that he is made low: because as the flower of the grass he shall pass away."
      },
      {
        "book_name": "James",
        "book": 59,
        "chapter": 1,
        "verse": 11,
        "text": "For the sun ariseth with the scorching wind, and withereth the grass; and the flower thereof falleth, and the grace of the fashion of it perisheth: so also shall the rich man fade away in his goings."
      },
      {
        "book_name": "James",
        "book": 59,
        "chapter": 1,
        "verse": 12,
        "text": "Blessed is the man that endureth temptation; for when he hath been approved, he shall receive the crown of life, which the Lord promised to them that love him."
      },
      {
        "book_name": "James",
        "book": 59,
        "chapter": 1,
        "verse": 13,
        "text": "Let no man say when he is tempted, I am tempted of God; for God cannot be tempted with evil, and he himself tempteth no man:"
      },
      {
        "book_name": "James",
        "book": 59,
        "chapter": 1,
        "verse": 14,
        "text": "but each man is tempted, when he is drawn away by his own lust, and enticed."
      },
      {
        "book_name": "James",
        "book": 59,
        "chapter": 1,
        "verse": 15,
        "text": "Then the lust, when it hath conceived, beareth sin: and the sin, when it is fullgrown, bringeth forth death."
      },
      {
        "book_name": "James",
        "book": 59,
        "chapter": 1,
        "verse": 16,
        "text": "Be not deceived, my beloved brethren."
      },
      {
        "book_name": "James",
        "book": 59,
        "chapter": 1,
        "verse": 17,
        "text": "Every good gift and every perfect gift is from above, coming down from the Father of lights, with whom can be no variation, neither shadow that is cast by turning."
      },
      {
        "book_name": "James",
        "book": 59,
        "chapter": 1,
        "verse": 18,
        "text": "Of his own will he brought us forth by the word of truth, that we should be a kind of firstfruits of his creatures."
      },
      {
        "book_name": "James",
        "book": 59,
        "chapter": 1,
        "verse": 19,
        "text": "Ye know this, my beloved brethren. But let every man be swift to hear, slow to speak, slow to wrath:"
      },
      {
        "book_name": "James",
        "book": 59,
        "chapter": 1,
        "verse": 20,
        "text": "for the wrath of man worketh not the righteousness of God."
      },
      {
        "book_name": "James",
        "book": 59,
        "chapter": 1,
        "verse": 21,
        "text": "Wherefore putting away all filthiness and overflowing of wickedness, receive with meekness the implanted word, which is able to save your souls."
      },
      {
        "book_name": "James",
        "book": 59,
        "chapter": 1,
        "verse": 22,
        "text": "But be ye doers of the word, and not hearers only, deluding your own selves."
      },
      {
        "book_name": "James",
        "book": 59,
        "chapter": 1,
        "verse": 23,
        "text": "For if any one is a hearer of the word and not a doer, he is like unto a man beholding his natural face in a mirror:"
      },
      {
        "book_name": "James",
        "book": 59,
        "chapter": 1,
        "verse": 24,
        "text": "for he beholdeth himself, and goeth away, and straightway forgetteth what manner of man he was."
      },
      {
        "book_name": "James",
        "book": 59,
        "chapter": 1,
        "verse": 25,
        "text": "But he that looketh into the perfect law, the law of liberty, and so continueth, being not a hearer that forgetteth but a doer that worketh, this man shall be blessed in his doing."
      },
      {
        "book_name": "James",
        "book": 59,
        "chapter": 1,
        "verse": 26,
        "text": "If any man thinketh himself to be religious, while he bridleth not his tongue but deceiveth his heart, this man’s religion is vain."
      },
      {
        "book_name": "James",
        "book": 59,
        "chapter": 1,
        "verse": 27,
        "text": "Pure religion and undefiled before our God and Father is this, to visit the fatherless and widows in their affliction, and to keep oneself unspotted from the world."
      }
    ],
    "2": [
      {
        "book_name": "James",
        "book": 59,
        "chapter": 2,
        "verse": 1,
        "text": "1My brethren, hold not the faith of our Lord Jesus Christ, the Lord of glory, with respect of persons. 2For if there come into your synagogue a man with a gold ring, in fine clothing, and there come in also a poor man in vile clothing; 3and ye have regard to him that weareth the fine clothing, and say, Sit thou here in a good place; and ye say to the poor man, Stand thou there, or sit under my footstool; 4do ye not make distinctions among yourselves, and become judges with evil thoughts? 5Hearken, my beloved brethren; did not God choose them that are poor as to the world to be rich in faith, and heirs of the kingdom which he promised to them that love him? 6But ye have dishonored the poor man. Do not the rich oppress you, and themselves drag you before the judgment-seats? 7Do not they blaspheme the honorable name by which ye are called? 8Howbeit if ye fulfil the royal law, according to the scripture, Thou shalt love thy neighbor as thyself, ye do well: 9but if ye have respect of persons, ye commit sin, being convicted by the law as transgressors. 10For whosoever shall keep the whole law, and yet stumble in one point, he is become guilty of all. 11For he that said, Do not commit adultery, said also, Do not kill. Now if thou dost not commit adultery, but killest, thou art become a transgressor of the law. 12So speak ye, and so do, as men that are to be judged by a law of liberty. 13For judgment is without mercy to him that hath showed no mercy: mercy glorieth against judgment.  14What doth it profit, my brethren, if a man say he hath faith, but have not works? can that faith save him? 15If a brother or sister be naked and in lack of daily food, 16and one of you say unto them, Go in peace, be ye warmed and filled; and yet ye give them not the things needful to the body; what doth it profit? 17Even so faith, if it have not works, is dead in itself. 18Yea, a man will say, Thou hast faith, and I have works: show me thy faith apart from thy works, and I by my works will show thee my faith. 19Thou believest that God is one; thou doest well: the demons also believe, and shudder. 20But wilt thou know, O vain man, that faith apart from works is barren? 21Was not Abraham our father justified by works, in that he offered up Isaac his son upon the altar? 22Thou seest that faith wrought with his works, and by works was faith made perfect; 23and the scripture was fulfilled which saith, And Abraham believed God, and it was reckoned unto him for righteousness; and he was called the friend of God. 24Ye see that by works a man is justified, and not only by faith. 25And in like manner was not also Rahab the harlot justified by works, in that she received the messengers, and sent them out another way? 26For as the body apart from the spirit is dead, even so faith apart from works is dead."
      },
      {
        "book_name": "James",
        "book": 59,
        "chapter": 2,
        "verse": 1,
        "text": "My brethren, hold not the faith of our Lord Jesus Christ, the Lord of glory, with respect of persons."
      },
      {
        "book_name": "James",
        "book": 59,
        "chapter": 2,
        "verse": 2,
        "text": "For if there come into your synagogue a man with a gold ring, in fine clothing, and there come in also a poor man in vile clothing;"
      },
      {
        "book_name": "James",
        "book": 59,
        "chapter": 2,
        "verse": 3,
        "text": "and ye have regard to him that weareth the fine clothing, and say, Sit thou here in a good place; and ye say to the poor man, Stand thou there, or sit under my footstool;"
      },
      {
        "book_name": "James",
        "book": 59,
        "chapter": 2,
        "verse": 4,
        "text": "do ye not make distinctions among yourselves, and become judges with evil thoughts?"
      },
      {
        "book_name": "James",
        "book": 59,
        "chapter": 2,
        "verse": 5,
        "text": "Hearken, my beloved brethren; did not God choose them that are poor as to the world to be rich in faith, and heirs of the kingdom which he promised to them that love him?"
      },
      {
        "book_name": "James",
        "book": 59,
        "chapter": 2,
        "verse": 6,
        "text": "But ye have dishonored the poor man. Do not the rich oppress you, and themselves drag you before the judgment-seats?"
      },
      {
        "book_name": "James",
        "book": 59,
        "chapter": 2,
        "verse": 7,
        "text": "Do not they blaspheme the honorable name by which ye are called?"
      },
      {
        "book_name": "James",
        "book": 59,
        "chapter": 2,
        "verse": 8,
        "text": "Howbeit if ye fulfil the royal law, according to the scripture, Thou shalt love thy neighbor as thyself, ye do well:"
      },
      {
        "book_name": "James",
        "book": 59,
        "chapter": 2,
        "verse": 9,
        "text": "but if ye have respect of persons, ye commit sin, being convicted by the law as transgressors."
      },
      {
        "book_name": "James",
        "book": 59,
        "chapter": 2,
        "verse": 10,
        "text": "For whosoever shall keep the whole law, and yet stumble in one point, he is become guilty of all."
      },
      {
        "book_name": "James",
        "book": 59,
        "chapter": 2,
        "verse": 11,
        "text": "For he that said, Do not commit adultery, said also, Do not kill. Now if thou dost not commit adultery, but killest, thou art become a transgressor of the law."
      },
      {
        "book_name": "James",
        "book": 59,
        "chapter": 2,
        "verse": 12,
        "text": "So speak ye, and so do, as men that are to be judged by a law of liberty."
      },
      {
        "book_name": "James",
        "book": 59,
        "chapter": 2,
        "verse": 13,
        "text": "For judgment is without mercy to him that hath showed no mercy: mercy glorieth against judgment."
      },
      {
        "book_name": "James",
        "book": 59,
        "chapter": 2,
        "verse": 14,
        "text": "What doth it profit, my brethren, if a man say he hath faith, but have not works? can that faith save him?"
      },
      {
        "book_name": "James",
        "book": 59,
        "chapter": 2,
        "verse": 15,
        "text": "If a brother or sister be naked and in lack of daily food,"
      },
      {
        "book_name": "James",
        "book": 59,
        "chapter": 2,
        "verse": 16,
        "text": "and one of you say unto them, Go in peace, be ye warmed and filled; and yet ye give them not the things needful to the body; what doth it profit?"
      },
      {
        "book_name": "James",
        "book": 59,
        "chapter": 2,
        "verse": 17,
        "text": "Even so faith, if it have not works, is dead in itself."
      },
      {
        "book_name": "James",
        "book": 59,
        "chapter": 2,
        "verse": 18,
        "text": "Yea, a man will say, Thou hast faith, and I have works: show me thy faith apart from thy works, and I by my works will show thee my faith."
      },
      {
        "book_name": "James",
        "book": 59,
        "chapter": 2,
        "verse": 19,
        "text": "Thou believest that God is one; thou doest well: the demons also believe, and shudder."
      },
      {
        "book_name": "James",
        "book": 59,
        "chapter": 2,
        "verse": 20,
        "text": "But wilt thou know, O vain man, that faith apart from works is barren?"
      },
      {
        "book_name": "James",
        "book": 59,
        "chapter": 2,
        "verse": 21,
        "text": "Was not Abraham our father justified by works, in that he offered up Isaac his son upon the altar?"
      },
      {
        "book_name": "James",
        "book": 59,
        "chapter": 2,
        "verse": 22,
        "text": "Thou seest that faith wrought with his works, and by works was faith made perfect;"
      },
      {
        "book_name": "James",
        "book": 59,
        "chapter": 2,
        "verse": 23,
        "text": "and the scripture was fulfilled which saith, And Abraham believed God, and it was reckoned unto him for righteousness; and he was called the friend of God."
      },
      {
        "book_name": "James",
        "book": 59,
        "chapter": 2,
        "verse": 24,
        "text": "Ye see that by works a man is justified, and not only by faith."
      },
      {
        "book_name": "James",
        "book": 59,
        "chapter": 2,
        "verse": 25,
        "text": "And in like manner was not also Rahab the harlot justified by works, in that she received the messengers, and sent them out another way?"
      },
      {
        "book_name": "James",
        "book": 59,
        "chapter": 2,
        "verse": 26,
        "text": "For as the body apart from the spirit is dead, even so faith apart from works is dead."
      }
    ],
    "3": [
      {
        "book_name": "James",
        "book": 59,
        "chapter": 3,
        "verse": 1,
        "text": "1Be not many of you teachers, my brethren, knowing that we shall receive heavier judgment. 2For in many things we all stumble. If any stumbleth not in word, the same is a perfect man, able to bridle the whole body also. 3Now if we put the horses’ bridles into their mouths that they may obey us, we turn about their whole body also. 4Behold, the ships also, though they are so great and are driven by rough winds, are yet turned about by a very small rudder, whither the impulse of the steersman willeth. 5So the tongue also is a little member, and boasteth great things. Behold, how much wood is kindled by how small a fire! 6And the tongue is a fire: the world of iniquity among our members is the tongue, which defileth the whole body, and setteth on fire the wheel of nature, and is set on fire by hell. 7For every kind of beasts and birds, of creeping things and things in the sea, is tamed, and hath been tamed by mankind: 8but the tongue can no man tame; it is a restless evil, it is full of deadly poison. 9Therewith bless we the Lord and Father; and therewith curse we men, who are made after the likeness of God: 10out of the same mouth cometh forth blessing and cursing. My brethren, these things ought not so to be. 11Doth the fountain send forth from the same opening sweet water and bitter? 12can a fig tree, my brethren, yield olives, or a vine figs? neither can salt water yield sweet.  13Who is wise and understanding among you? let him show by his good life his works in meekness of wisdom. 14But if ye have bitter jealousy and faction in your heart, glory not and lie not against the truth. 15This wisdom is not a wisdom that cometh down from above, but is earthly, sensual, devilish. 16For where jealousy and faction are, there is confusion and every vile deed. 17But the wisdom that is from above is first pure, then peaceable, gentle, easy to be entreated, full of mercy and good fruits, without variance, without hypocrisy. 18And the fruit of righteousness is sown in peace for them that make peace."
      },
      {
        "book_name": "James",
        "book": 59,
        "chapter": 3,
        "verse": 1,
        "text": "Be not many of you teachers, my brethren, knowing that we shall receive heavier judgment."
      },
      {
        "book_name": "James",
        "book": 59,
        "chapter": 3,
        "verse": 2,
        "text": "For in many things we all stumble. If any stumbleth not in word, the same is a perfect man, able to bridle the whole body also."
      },
      {
        "book_name": "James",
        "book": 59,
        "chapter": 3,
        "verse": 3,
        "text": "Now if we put the horses’ bridles into their mouths that they may obey us, we turn about their whole body also."
      },
      {
        "book_name": "James",
        "book": 59,
        "chapter": 3,
        "verse": 4,
        "text": "Behold, the ships also, though they are so great and are driven by rough winds, are yet turned about by a very small rudder, whither the impulse of the steersman willeth."
      },
      {
        "book_name": "James",
        "book": 59,
        "chapter": 3,
        "verse": 5,
        "text": "So the tongue also is a little member, and boasteth great things. Behold, how much wood is kindled by how small a fire!"
      },
      {
        "book_name": "James",
        "book": 59,
        "chapter": 3,
        "verse": 6,
        "text": "And the tongue is a fire: the world of iniquity among our members is the tongue, which defileth the whole body, and setteth on fire the wheel of nature, and is set on fire by hell."
      },
      {
        "book_name": "James",
        "book": 59,
        "chapter": 3,
        "verse": 7,
        "text": "For every kind of beasts and birds, of creeping things and things in the sea, is tamed, and hath been tamed by mankind:"
      },
      {
        "book_name": "James",
        "book": 59,
        "chapter": 3,
        "verse": 8,
        "text": "but the tongue can no man tame; it is a restless evil, it is full of deadly poison."
      },
      {
        "book_name": "James",
        "book": 59,
        "chapter": 3,
        "verse": 9,
        "text": "Therewith bless we the Lord and Father; and therewith curse we men, who are made after the likeness of God:"
      },
      {
        "book_name": "James",
        "book": 59,
        "chapter": 3,
        "verse": 10,
        "text": "out of the same mouth cometh forth blessing and cursing. My brethren, these things ought not so to be."
      },
      {
        "book_name": "James",
        "book": 59,
        "chapter": 3,
        "verse": 11,
        "text": "Doth the fountain send forth from the same opening sweet water and bitter?"
      },
      {
        "book_name": "James",
        "book": 59,
        "chapter": 3,
        "verse": 12,
        "text": "can a fig tree, my brethren, yield olives, or a vine figs? neither can salt water yield sweet."
      },
      {
        "book_name": "James",
        "book": 59,
        "chapter": 3,
        "verse": 13,
        "text": "Who is wise and understanding among you? let him show by his good life his works in meekness of wisdom."
      },
      {
        "book_name": "James",
        "book": 59,
        "chapter": 3,
        "verse": 14,
        "text": "But if ye have bitter jealousy and faction in your heart, glory not and lie not against the truth."
      },
      {
        "book_name": "James",
        "book": 59,
        "chapter": 3,
        "verse": 15,
        "text": "This wisdom is not a wisdom that cometh down from above, but is earthly, sensual, devilish."
      },
      {
        "book_name": "James",
        "book": 59,
        "chapter": 3,
        "verse": 16,
        "text": "For where jealousy and faction are, there is confusion and every vile deed."
      },
      {
        "book_name": "James",
        "book": 59,
        "chapter": 3,
        "verse": 17,
        "text": "But the wisdom that is from above is first pure, then peaceable, gentle, easy to be entreated, full of mercy and good fruits, without variance, without hypocrisy."
      },
      {
        "book_name": "James",
        "book": 59,
        "chapter": 3,
        "verse": 18,
        "text": "And the fruit of righteousness is sown in peace for them that make peace."
      }
    ],
    "4": [
      {
        "book_name": "James",
        "book": 59,
        "chapter": 4,
        "verse": 1,
        "text": "1Whence come wars and whence come fightings among you? come they not hence, even of your pleasures that war in your members? 2Ye lust, and have not: ye kill, and covet, and cannot obtain: ye fight and war; ye have not, because ye ask not. 3Ye ask, and receive not, because ye ask amiss, that ye may spend it in your pleasures. 4Ye adulteresses, know ye not that the friendship of the world is enmity with God? Whosoever therefore would be a friend of the world maketh himself an enemy of God. 5Or think ye that the scripture speaketh in vain? Doth the spirit which he made to dwell in us long unto envying? 6But he giveth more grace. Wherefore the scripture saith, God resisteth the proud, but giveth grace to the humble. 7Be subject therefore unto God; but resist the devil, and he will flee from you. 8Draw nigh to God, and he will draw nigh to you. Cleanse your hands, ye sinners; and purify your hearts, ye doubleminded. 9Be afflicted, and mourn, and weep: let your laughter be turned to mourning, and your joy to heaviness. 10Humble yourselves in the sight of the Lord, and he shall exalt you.  11Speak not one against another, brethren. He that speaketh against a brother, or judgeth his brother, speaketh against the law, and judgeth the law: but if thou judgest the law, thou art not a doer of the law, but a judge. 12One only is the lawgiver and judge, even he who is able to save and to destroy: but who art thou that judgest thy neighbor?  13Come now, ye that say, To-day or to-morrow we will go into this city, and spend a year there, and trade, and get gain: 14whereas ye know not what shall be on the morrow. What is your life? For ye are a vapor that appeareth for a little time, and then vanisheth away. 15For that ye ought to say, If the Lord will, we shall both live, and do this or that. 16But now ye glory in your vauntings: all such glorying is evil. 17To him therefore that knoweth to do good, and doeth it not, to him it is sin."
      },
      {
        "book_name": "James",
        "book": 59,
        "chapter": 4,
        "verse": 1,
        "text": "Whence come wars and whence come fightings among you? come they not hence, even of your pleasures that war in your members?"
      },
      {
        "book_name": "James",
        "book": 59,
        "chapter": 4,
        "verse": 2,
        "text": "Ye lust, and have not: ye kill, and covet, and cannot obtain: ye fight and war; ye have not, because ye ask not."
      },
      {
        "book_name": "James",
        "book": 59,
        "chapter": 4,
        "verse": 3,
        "text": "Ye ask, and receive not, because ye ask amiss, that ye may spend it in your pleasures."
      },
      {
        "book_name": "James",
        "book": 59,
        "chapter": 4,
        "verse": 4,
        "text": "Ye adulteresses, know ye not that the friendship of the world is enmity with God? Whosoever therefore would be a friend of the world maketh himself an enemy of God."
      },
      {
        "book_name": "James",
        "book": 59,
        "chapter": 4,
        "verse": 5,
        "text": "Or think ye that the scripture speaketh in vain? Doth the spirit which he made to dwell in us long unto envying?"
      },
      {
        "book_name": "James",
        "book": 59,
        "chapter": 4,
        "verse": 6,
        "text": "But he giveth more grace. Wherefore the scripture saith, God resisteth the proud, but giveth grace to the humble."
      },
      {
        "book_name": "James",
        "book": 59,
        "chapter": 4,
        "verse": 7,
        "text": "Be subject therefore unto God; but resist the devil, and he will flee from you."
      },
      {
        "book_name": "James",
        "book": 59,
        "chapter": 4,
        "verse": 8,
        "text": "Draw nigh to God, and he will draw nigh to you. Cleanse your hands, ye sinners; and purify your hearts, ye doubleminded."
      },
      {
        "book_name": "James",
        "book": 59,
        "chapter": 4,
        "verse": 9,
        "text": "Be afflicted, and mourn, and weep: let your laughter be turned to mourning, and your joy to heaviness."
      },
      {
        "book_name": "James",
        "book": 59,
        "chapter": 4,
        "verse": 10,
        "text": "Humble yourselves in the sight of the Lord, and he shall exalt you."
      },
      {
        "book_name": "James",
        "book": 59,
        "chapter": 4,
        "verse": 11,
        "text": "Speak not one against another, brethren. He that speaketh against a brother, or judgeth his brother, speaketh against the law, and judgeth the law: but if thou judgest the law, thou art not a doer of the law, but a judge."
      },
      {
        "book_name": "James",
        "book": 59,
        "chapter": 4,
        "verse": 12,
        "text": "One only is the lawgiver and judge, even he who is able to save and to destroy: but who art thou that judgest thy neighbor?"
      },
      {
        "book_name": "James",
        "book": 59,
        "chapter": 4,
        "verse": 13,
        "text": "Come now, ye that say, To-day or to-morrow we will go into this city, and spend a year there, and trade, and get gain:"
      },
      {
        "book_name": "James",
        "book": 59,
        "chapter": 4,
        "verse": 14,
        "text": "whereas ye know not what shall be on the morrow. What is your life? For ye are a vapor that appeareth for a little time, and then vanisheth away."
      },
      {
        "book_name": "James",
        "book": 59,
        "chapter": 4,
        "verse": 15,
        "text": "For that ye ought to say, If the Lord will, we shall both live, and do this or that."
      },
      {
        "book_name": "James",
        "book": 59,
        "chapter": 4,
        "verse": 16,
        "text": "But now ye glory in your vauntings: all such glorying is evil."
      },
      {
        "book_name": "James",
        "book": 59,
        "chapter": 4,
        "verse": 17,
        "text": "To him therefore that knoweth to do good, and doeth it not, to him it is sin."
      }
    ],
    "5": [
      {
        "book_name": "James",
        "book": 59,
        "chapter": 5,
        "verse": 1,
        "text": "1Come now, ye rich, weep and howl for your miseries that are coming upon you. 2Your riches are corrupted, and your garments are moth-eaten. 3Your gold and your silver are rusted; and their rust shall be for a testimony against you, and shall eat your flesh as fire. Ye have laid up your treasure in the last days. 4Behold, the hire of the laborers who mowed your fields, which is of you kept back by fraud, crieth out: and the cries of them that reaped have entered into the ears of the Lord of Sabaoth. 5Ye have lived delicately on the earth, and taken your pleasure; ye have nourished your hearts in a day of slaughter. 6Ye have condemned, ye have killed the righteous one; he doth not resist you.  7Be patient therefore, brethren, until the coming of the Lord. Behold, the husbandman waiteth for the precious fruit of the earth, being patient over it, until it receive the early and latter rain. 8Be ye also patient; establish your hearts: for the coming of the Lord is at hand. 9Murmur not, brethren, one against another, that ye be not judged: behold, the judge standeth before the doors. 10Take, brethren, for an example of suffering and of patience, the prophets who spake in the name of the Lord. 11Behold, we call them blessed that endured: ye have heard of the patience of Job, and have seen the end of the Lord, how that the Lord is full of pity, and merciful.  12But above all things, my brethren, swear not, neither by the heaven, nor by the earth, nor by any other oath: but let your yea be yea, and your nay, nay; that ye fall not under judgment.  13Is any among you suffering? let him pray. Is any cheerful? let him sing praise. 14Is any among you sick? let him call for the elders of the church; and let them pray over him, anointing him with oil in the name of the Lord: 15and the prayer of faith shall save him that is sick, and the Lord shall raise him up; and if he have committed sins, it shall be forgiven him. 16Confess therefore your sins one to another, and pray one for another, that ye may be healed. The supplication of a righteous man availeth much in its working. 17Elijah was a man of like passions with us, and he prayed fervently that it might not rain; and it rained not on the earth for three years and six months. 18And he prayed again; and the heaven gave rain, and the earth brought forth her fruit.  19My brethren, if any among you err from the truth, and one convert him; 20let him know, that he who converteth a sinner from the error of his way shall save a soul from death, and shall cover a multitude of sins."
      },
      {
        "book_name": "James",
        "book": 59,
        "chapter": 5,
        "verse": 1,
        "text": "Come now, ye rich, weep and howl for your miseries that are coming upon you."
      },
      {
        "book_name": "James",
        "book": 59,
        "chapter": 5,
        "verse": 2,
        "text": "Your riches are corrupted, and your garments are moth-eaten."
      },
      {
        "book_name": "James",
        "book": 59,
        "chapter": 5,
        "verse": 3,
        "text": "Your gold and your silver are rusted; and their rust shall be for a testimony against you, and shall eat your flesh as fire. Ye have laid up your treasure in the last days."
      },
      {
        "book_name": "James",
        "book": 59,
        "chapter": 5,
        "verse": 4,
        "text": "Behold, the hire of the laborers who mowed your fields, which is of you kept back by fraud, crieth out: and the cries of them that reaped have entered into the ears of the Lord of Sabaoth."
      },
      {
        "book_name": "James",
        "book": 59,
        "chapter": 5,
        "verse": 5,
        "text": "Ye have lived delicately on the earth, and taken your pleasure; ye have nourished your hearts in a day of slaughter."
      },
      {
        "book_name": "James",
        "book": 59,
        "chapter": 5,
        "verse": 6,
        "text": "Ye have condemned, ye have killed the righteous one; he doth not resist you."
      },
      {
        "book_name": "James",
        "book": 59,
        "chapter": 5,
        "verse": 7,
        "text": "Be patient therefore, brethren, until the coming of the Lord. Behold, the husbandman waiteth for the precious fruit of the earth, being patient over it, until it receive the early and latter rain."
      },
      {
        "book_name": "James",
        "book": 59,
        "chapter": 5,
        "verse": 8,
        "text": "Be ye also patient; establish your hearts: for the coming of the Lord is at hand."
      },
      {
        "book_name": "James",
        "book": 59,
        "chapter": 5,
        "verse": 9,
        "text": "Murmur not, brethren, one against another, that ye be not judged: behold, the judge standeth before the doors."
      },
      {
        "book_name": "James",
        "book": 59,
        "chapter": 5,
        "verse": 10,
        "text": "Take, brethren, for an example of suffering and of patience, the prophets who spake in the name of the Lord."
      },
      {
        "book_name": "James",
        "book": 59,
        "chapter": 5,
        "verse": 11,
        "text": "Behold, we call them blessed that endured: ye have heard of the patience of Job, and have seen the end of the Lord, how that the Lord is full of pity, and merciful."
      },
      {
        "book_name": "James",
        "book": 59,
        "chapter": 5,
        "verse": 12,
        "text": "But above all things, my brethren, swear not, neither by the heaven, nor by the earth, nor by any other oath: but let your yea be yea, and your nay, nay; that ye fall not under judgment."
      },
      {
        "book_name": "James",
        "book": 59,
        "chapter": 5,
        "verse": 13,
        "text": "Is any among you suffering? let him pray. Is any cheerful? let him sing praise."
      },
      {
        "book_name": "James",
        "book": 59,
        "chapter": 5,
        "verse": 14,
        "text": "Is any among you sick? let him call for the elders of the church; and let them pray over him, anointing him with oil in the name of the Lord:"
      },
      {
        "book_name": "James",
        "book": 59,
        "chapter": 5,
        "verse": 15,
        "text": "and the prayer of faith shall save him that is sick, and the Lord shall raise him up; and if he have committed sins, it shall be forgiven him."
      },
      {
        "book_name": "James",
        "book": 59,
        "chapter": 5,
        "verse": 16,
        "text": "Confess therefore your sins one to another, and pray one for another, that ye may be healed. The supplication of a righteous man availeth much in its working."
      },
      {
        "book_name": "James",
        "book": 59,
        "chapter": 5,
        "verse": 17,
        "text": "Elijah was a man of like passions with us, and he prayed fervently that it might not rain; and it rained not on the earth for three years and six months."
      },
      {
        "book_name": "James",
        "book": 59,
        "chapter": 5,
        "verse": 18,
        "text": "And he prayed again; and the heaven gave rain, and the earth brought forth her fruit."
      },
      {
        "book_name": "James",
        "book": 59,
        "chapter": 5,
        "verse": 19,
        "text": "My brethren, if any among you err from the truth, and one convert him;"
      },
      {
        "book_name": "James",
        "book": 59,
        "chapter": 5,
        "verse": 20,
        "text": "let him know, that he who converteth a sinner from the error of his way shall save a soul from death, and shall cover a multitude of sins."
      }
    ]
  }
}