{
  "source": "bible.com",
  "version": "American Standard Version",
  "book": "Joel",
  "chapters": {
    "1": [
      {
        "book_name": "Joel",
        "book": 29,
        "chapter": 1,
        "verse": 1,
        "text": "1The word of Jehovah that came to Joel the son of Pethuel.  2Hear this, ye old men, and give ear, all ye inhabitants of the land. Hath this been in your days, or in the days of your fathers? 3Tell ye your children of it, and let your children tell their children, and their children another generation. 4That which the palmer-worm hath left hath the locust eaten; and that which the locust hath left hath the canker-worm eaten; and that which the canker-worm hath left hath the caterpillar eaten.  5Awake, ye drunkards, and weep; and wail, all ye drinkers of wine, because of the sweet wine; for it is cut off from your mouth. 6For a nation is come up upon my land, strong, and without number; his teeth are the teeth of a lion, and he hath the jaw-teeth of a lioness. 7He hath laid my vine waste, and barked my fig-tree: he hath made it clean bare, and cast it away; the branches thereof are made white.  8Lament like a virgin girded with sackcloth for the husband of her youth. 9The meal-offering and the drink-offering are cut off from the house of Jehovah; the priests, Jehovah’s ministers, mourn. 10The field is laid waste, the land mourneth; for the grain is destroyed, the new wine is dried up, the oil languisheth. 11Be confounded, O ye husbandmen, wail, O ye vinedressers, for the wheat and for the barley; for the harvest of the field is perished. 12The vine is withered, and the fig-tree languisheth; the pomegranate-tree, the palm-tree also, and the apple-tree, even all the trees of the field are withered: for joy is withered away from the sons of men.  13Gird yourselves with sackcloth, and lament, ye priests; wail, ye ministers of the altar; come, lie all night in sackcloth, ye ministers of my God: for the meal-offering and the drink-offering are withholden from the house of your God. 14Sanctify a fast, call a solemn assembly, gather the old men and all the inhabitants of the land unto the house of Jehovah your God, and cry unto Jehovah.  15Alas for the day! for the day of Jehovah is at hand, and as destruction from the Almighty shall it come. 16Is not the food cut off before our eyes, yea, joy and gladness from the house of our God? 17The seeds rot under their clods; the garners are laid desolate, the barns are broken down; for the grain is withered. 18How do the beasts groan! the herds of cattle are perplexed, because they have no pasture; yea, the flocks of sheep are made desolate. 19O Jehovah, to thee do I cry; for the fire hath devoured the pastures of the wilderness, and the flame hath burned all the trees of the field. 20Yea, the beasts of the field pant unto thee; for the water brooks are dried up, and the fire hath devoured the pastures of the wilderness."
      },
      {
        "book_name": "Joel",
        "book": 29,
        "chapter": 1,
        "verse": 1,
        "text": "The word of Jehovah that came to Joel the son of Pethuel."
      },
      {
        "book_name": "Joel",
        "book": 29,
        "chapter": 1,
        "verse": 2,
        "text": "Hear this, ye old men, and give ear, all ye inhabitants of the land. Hath this been in your days, or in the days of your fathers?"
      },
      {
        "book_name": "Joel",
        "book": 29,
        "chapter": 1,
        "verse": 3,
        "text": "Tell ye your children of it, and let your children tell their children, and their children another generation."
      },
      {
        "book_name": "Joel",
        "book": 29,
        "chapter": 1,
        "verse": 4,
        "text": "That which the palmer-worm hath left hath the locust eaten; and that which the locust hath left hath the canker-worm eaten; and that which the canker-worm hath left hath the caterpillar eaten."
      },
      {
        "book_name": "Joel",
        "book": 29,
        "chapter": 1,
        "verse": 5,
        "text": "Awake, ye drunkards, and weep; and wail, all ye drinkers of wine, because of the sweet wine; for it is cut off from your mouth."
      },
      {
        "book_name": "Joel",
        "book": 29,
        "chapter": 1,
        "verse": 6,
        "text": "For a nation is come up upon my land, strong, and without number; his teeth are the teeth of a lion, and he hath the jaw-teeth of a lioness."
      },
      {
        "book_name": "Joel",
        "book": 29,
        "chapter": 1,
        "verse": 7,
        "text": "He hath laid my vine waste, and barked my fig-tree: he hath made it clean bare, and cast it away; the branches thereof are made white."
      },
      {
        "book_name": "Joel",
        "book": 29,
        "chapter": 1,
        "verse": 8,
        "text": "Lament like a virgin girded with sackcloth for the husband of her youth."
      },
      {
        "book_name": "Joel",
        "book": 29,
        "chapter": 1,
        "verse": 9,
        "text": "The meal-offering and the drink-offering are cut off from the house of Jehovah; the priests, Jehovah’s ministers, mourn."
      },
      {
        "book_name": "Joel",
        "book": 29,
        "chapter": 1,
        "verse": 10,
        "text": "The field is laid waste, the land mourneth; for the grain is destroyed, the new wine is dried up, the oil languisheth."
      },
      {
        "book_name": "Joel",
        "book": 29,
        "chapter": 1,
        "verse": 11,
        "text": "Be confounded, O ye husbandmen, wail, O ye vinedressers, for the wheat and for the barley; for the harvest of the field is perished."
      },
      {
        "book_name": "Joel",
        "book": 29,
        "chapter": 1,
        "verse": 12,
        "text": "The vine is withered, and the fig-tree languisheth; the pomegranate-tree, the palm-tree also, and the apple-tree, even all the trees of the field are withered: for joy is withered away from the sons of men."
      },
      {
        "book_name": "Joel",
        "book": 29,
        "chapter": 1,
        "verse": 13,
        "text": "Gird yourselves with sackcloth, and lament, ye priests; wail, ye ministers of the altar; come, lie all night in sackcloth, ye ministers of my God: for the meal-offering and the drink-offering are withholden from the house of your God."
      },
      {
        "book_name": "Joel",
        "book": 29,
        "chapter": 1,
        "verse": 14,
        "text": "Sanctify a fast, call a solemn assembly, gather the old men and all the inhabitants of the land unto the house of Jehovah your God, and cry unto Jehovah."
      },
      {
        "book_name": "Joel",
        "book": 29,
        "chapter": 1,
        "verse": 15,
        "text": "Alas for the day! for the day of Jehovah is at hand, and as destruction from the Almighty shall it come."
      },
      {
        "book_name": "Joel",
        "book": 29,
        "chapter": 1,
        "verse": 16,
        "text": "Is not the food cut off before our eyes, yea, joy and gladness from the house of our God?"
      },
      {
        "book_name": "Joel",
        "book": 29,
        "chapter": 1,
        "verse": 17,
        "text": "The seeds rot under their clods; the garners are laid desolate, the barns are broken down; for the grain is withered."
      },
      {
        "book_name": "Joel",
        "book": 29,
        "chapter": 1,
        "verse": 18,
        "text": "How do the beasts groan! the herds of cattle are perplexed, because they have no pasture; yea, the flocks of sheep are made desolate."
      },
      {
        "book_name": "Joel",
        "book": 29,
        "chapter": 1,
        "verse": 19,
        "text": "O Jehovah, to thee do I cry; for the fire hath devoured the pastures of the wilderness, and the flame hath burned all the trees of the field."
      },
      {
        "book_name": "Joel",
        "book": 29,
        "chapter": 1,
        "verse": 20,
        "text": "Yea, the beasts of the field pant unto thee; for the water brooks are dried up, and the fire hath devoured the pastures of the wilderness."
      }
    ],
    "2": [
      {
        "book_name": "Joel",
        "book": 29,
        "chapter": 2,
        "verse": 1,
        "text": "1Blow ye the trumpet in Zion, and sound an alarm in my holy mountain; let all the inhabitants of the land tremble: for the day of Jehovah cometh, for it is nigh at hand; 2a day of darkness and gloominess, a day of clouds and thick darkness, as the dawn spread upon the mountains; a great people and a strong; there hath not been ever the like, neither shall be any more after them, even to the years of many generations. 3A fire devoureth before them; and behind them a flame burneth: the land is as the garden of Eden before them, and behind them a desolate wilderness; yea, and none hath escaped them.  4The appearance of them is as the appearance of horses; and as horsemen, so do they run. 5Like the noise of chariots on the tops of the mountains do they leap, like the noise of a flame of fire that devoureth the stubble, as a strong people set in battle array. 6At their presence the peoples are in anguish; all faces are waxed pale. 7They run like mighty men; they climb the wall like men of war; and they march every one on his ways, and they break not their ranks. 8Neither doth one thrust another; they march every one in his path; and they burst through the weapons, and break not off their course. 9They leap upon the city; they run upon the wall; they climb up into the houses; they enter in at the windows like a thief. 10The earth quaketh before them; the heavens tremble; the sun and the moon are darkened, and the stars withdraw their shining. 11And Jehovah uttereth his voice before his army; for his camp is very great; for he is strong that executeth his word; for the day of Jehovah is great and very terrible; and who can abide it?  12Yet even now, saith Jehovah, turn ye unto me with all your heart, and with fasting, and with weeping, and with mourning: 13and rend your heart, and not your garments, and turn unto Jehovah your God; for he is gracious and merciful, slow to anger, and abundant in lovingkindness, and repenteth him of the evil. 14Who knoweth whether he will not turn and repent, and leave a blessing behind him, even a meal-offering and a drink-offering unto Jehovah your God?  15Blow the trumpet in Zion, sanctify a fast, call a solemn assembly; 16gather the people, sanctify the assembly, assemble the old men, gather the children, and those that suck the breasts; let the bridegroom go forth from his chamber, and the bride out of her closet. 17Let the priests, the ministers of Jehovah, weep between the porch and the altar, and let them say, Spare thy people, O Jehovah, and give not thy heritage to reproach, that the nations should rule over them: wherefore should they say among the peoples, Where is their God?  18Then was Jehovah jealous for his land, and had pity on his people. 19And Jehovah answered and said unto his people, Behold, I will send you grain, and new wine, and oil, and ye shall be satisfied therewith; and I will no more make you a reproach among the nations; 20but I will remove far off from you the northern army, and will drive it into a land barren and desolate, its forepart into the eastern sea, and its hinder part into the western sea; and its stench shall come up, and its ill savor shall come up, because it hath done great things.  21Fear not, O land, be glad and rejoice; for Jehovah hath done great things. 22Be not afraid, ye beasts of the field; for the pastures of the wilderness do spring, for the tree beareth its fruit, the fig-tree and the vine do yield their strength. 23Be glad then, ye children of Zion, and rejoice in Jehovah your God; for he giveth you the former rain in just measure, and he causeth to come down for you the rain, the former rain and the latter rain, in the first month. 24And the floors shall be full of wheat, and the vats shall overflow with new wine and oil. 25And I will restore to you the years that the locust hath eaten, the canker-worm, and the caterpillar, and the palmer-worm, my great army which I sent among you. 26And ye shall eat in plenty and be satisfied, and shall praise the name of Jehovah your God, that hath dealt wondrously with you; and my people shall never be put to shame. 27And ye shall know that I am in the midst of Israel, and that I am Jehovah your God, and there is none else; and my people shall never be put to shame.  28And it shall come to pass afterward, that I will pour out my Spirit upon all flesh; and your sons and your daughters shall prophesy, your old men shall dream dreams, your young men shall see visions: 29and also upon the servants and upon the handmaids in those days will I pour out my Spirit. 30And I will show wonders in the heavens and in the earth: blood, and fire, and pillars of smoke. 31The sun shall be turned into darkness, and the moon into blood, before the great and terrible day of Jehovah cometh. 32And it shall come to pass, that whosoever shall call on the name of Jehovah shall be delivered; for in mount Zion and in Jerusalem there shall be those that escape, as Jehovah hath said, and among the remnant those whom Jehovah doth call."
      },
      {
        "book_name": "Joel",
        "book": 29,
        "chapter": 2,
        "verse": 1,
        "text": "Blow ye the trumpet in Zion, and sound an alarm in my holy mountain; let all the inhabitants of the land tremble: for the day of Jehovah cometh, for it is nigh at hand;"
      },
      {
        "book_name": "Joel",
        "book": 29,
        "chapter": 2,
        "verse": 2,
        "text": "a day of darkness and gloominess, a day of clouds and thick darkness, as the dawn spread upon the mountains; a great people and a strong; there hath not been ever the like, neither shall be any more after them, even to the years of many generations."
      },
      {
        "book_name": "Joel",
        "book": 29,
        "chapter": 2,
        "verse": 3,
        "text": "A fire devoureth before them; and behind them a flame burneth: the land is as the garden of Eden before them, and behind them a desolate wilderness; yea, and none hath escaped them."
      },
      {
        "book_name": "Joel",
        "book": 29,
        "chapter": 2,
        "verse": 4,
        "text": "The appearance of them is as the appearance of horses; and as horsemen, so do they run."
      },
      {
        "book_name": "Joel",
        "book": 29,
        "chapter": 2,
        "verse": 5,
        "text": "Like the noise of chariots on the tops of the mountains do they leap, like the noise of a flame of fire that devoureth the stubble, as a strong people set in battle array."
      },
      {
        "book_name": "Joel",
        "book": 29,
        "chapter": 2,
        "verse": 6,
        "text": "At their presence the peoples are in anguish; all faces are waxed pale."
      },
      {
        "book_name": "Joel",
        "book": 29,
        "chapter": 2,
        "verse": 7,
        "text": "They run like mighty men; they climb the wall like men of war; and they march every one on his ways, and they break not their ranks."
      },
      {
        "book_name": "Joel",
        "book": 29,
        "chapter": 2,
        "verse": 8,
        "text": "Neither doth one thrust another; they march every one in his path; and they burst through the weapons, and break not off their course."
      },
      {
        "book_name": "Joel",
        "book": 29,
        "chapter": 2,
        "verse": 9,
        "text": "They leap upon the city; they run upon the wall; they climb up into the houses; they enter in at the windows like a thief."
      },
      {
        "book_name": "Joel",
        "book": 29,
        "chapter": 2,
        "verse": 10,
        "text": "The earth quaketh before them; the heavens tremble; the sun and the moon are darkened, and the stars withdraw their shining."
      },
      {
        "book_name": "Joel",
        "book": 29,
        "chapter": 2,
        "verse": 11,
        "text": "And Jehovah uttereth his voice before his army; for his camp is very great; for he is strong that executeth his word; for the day of Jehovah is great and very terrible; and who can abide it?"
      },
      {
        "book_name": "Joel",
        "book": 29,
        "chapter": 2,
        "verse": 12,
        "text": "Yet even now, saith Jehovah, turn ye unto me with all your heart, and with fasting, and with weeping, and with mourning:"
      },
      {
        "book_name": "Joel",
        "book": 29,
        "chapter": 2,
        "verse": 13,
        "text": "and rend your heart, and not your garments, and turn unto Jehovah your God; for he is gracious and merciful, slow to anger, and abundant in lovingkindness, and repenteth him of the evil."
      },
      {
        "book_name": "Joel",
        "book": 29,
        "chapter": 2,
        "verse": 14,
        "text": "Who knoweth whether he will not turn and repent, and leave a blessing behind him, even a meal-offering and a drink-offering unto Jehovah your God?"
      },
      {
        "book_name": "Joel",
        "book": 29,
        "chapter": 2,
        "verse": 15,
        "text": "Blow the trumpet in Zion, sanctify a fast, call a solemn assembly;"
      },
      {
        "book_name": "Joel",
        "book": 29,
        "chapter": 2,
        "verse": 16,
        "text": "gather the people, sanctify the assembly, assemble the old men, gather the children, and those that suck the breasts; let the bridegroom go forth from his chamber, and the bride out of her closet."
      },
      {
        "book_name": "Joel",
        "book": 29,
        "chapter": 2,
        "verse": 17,
        "text": "Let the priests, the ministers of Jehovah, weep between the porch and the altar, and let them say, Spare thy people, O Jehovah, and give not thy heritage to reproach, that the nations should rule over them: wherefore should they say among the peoples, Where is their God?"
      },
      {
        "book_name": "Joel",
        "book": 29,
        "chapter": 2,
        "verse": 18,
        "text": "Then was Jehovah jealous for his land, and had pity on his people."
      },
      {
        "book_name": "Joel",
        "book": 29,
        "chapter": 2,
        "verse": 19,
        "text": "And Jehovah answered and said unto his people, Behold, I will send you grain, and new wine, and oil, and ye shall be satisfied therewith; and I will no more make you a reproach among the nations;"
      },
      {
        "book_name": "Joel",
        "book": 29,
        "chapter": 2,
        "verse": 20,
        "text": "but I will remove far off from you the northern army, and will drive it into a land barren and desolate, its forepart into the eastern sea, and its hinder part into the western sea; and its stench shall come up, and its ill savor shall come up, because it hath done great things."
      },
      {
        "book_name": "Joel",
        "book": 29,
        "chapter": 2,
        "verse": 21,
        "text": "Fear not, O land, be glad and rejoice; for Jehovah hath done great things."
      },
      {
        "book_name": "Joel",
        "book": 29,
        "chapter": 2,
        "verse": 22,
        "text": "Be not afraid, ye beasts of the field; for the pastures of the wilderness do spring, for the tree beareth its fruit, the fig-tree and the vine do yield their strength."
      },
      {
        "book_name": "Joel",
        "book": 29,
        "chapter": 2,
        "verse": 23,
        "text": "Be glad then, ye children of Zion, and rejoice in Jehovah your God; for he giveth you the former rain in just measure, and he causeth to come down for you the rain, the former rain and the latter rain, in the first month."
      },
      {
        "book_name": "Joel",
        "book": 29,
        "chapter": 2,
        "verse": 24,
        "text": "And the floors shall be full of wheat, and the vats shall overflow with new wine and oil."
      },
      {
        "book_name": "Joel",
        "book": 29,
        "chapter": 2,
        "verse": 25,
        "text": "And I will restore to you the years that the locust hath eaten, the canker-worm, and the caterpillar, and the palmer-worm, my great army which I sent among you."
      },
      {
        "book_name": "Joel",
        "book": 29,
        "chapter": 2,
        "verse": 26,
        "text": "And ye shall eat in plenty and be satisfied, and shall praise the name of Jehovah your God, that hath dealt wondrously with you; and my people shall never be put to shame."
      },
      {
        "book_name": "Joel",
        "book": 29,
        "chapter": 2,
        "verse": 27,
        "text": "And ye shall know that I am in the midst of Israel, and that I am Jehovah your God, and there is none else; and my people shall never be put to shame."
      },
      {
        "book_name": "Joel",
        "book": 29,
        "chapter": 2,
        "verse": 28,
        "text": "And it shall come to pass afterward, that I will pour out my Spirit upon all flesh; and your sons and your daughters shall prophesy, your old men shall dream dreams, your young men shall see visions:"
      },
      {
        "book_name": "Joel",
        "book": 29,
        "chapter": 2,
        "verse": 29,
        "text": "and also upon the servants and upon the handmaids in those days will I pour out my Spirit."
      },
      {
        "book_name": "Joel",
        "book": 29,
        "chapter": 2,
        "verse": 30,
        "text": "And I will show wonders in the heavens and in the earth: blood, and fire, and pillars of smoke."
      },
      {
        "book_name": "Joel",
        "book": 29,
        "chapter": 2,
        "verse": 31,
        "text": "The sun shall be turned into darkness, and the moon into blood, before the great and terrible day of Jehovah cometh."
      },
      {
        "book_name": "Joel",
        "book": 29,
        "chapter": 2,
        "verse": 32,
        "text": "And it shall come to pass, that whosoever shall call on the name of Jehovah shall be delivered; for in mount Zion and in Jerusalem there shall be those that escape, as Jehovah hath said, and among the remnant those whom Jehovah doth call."
      }
    ],
    "3": [
      {
        "book_name": "Joel",
        "book": 29,
        "chapter": 3,
        "verse": 1,
        "text": "1For, behold, in those days, and in that time, when I shall bring back the captivity of Judah and Jerusalem, 2I will gather all nations, and will bring them down into the valley of Jehoshaphat; and I will execute judgment upon them there for my people and for my heritage Israel, whom they have scattered among the nations: and they have parted my land, 3and have cast lots for my people, and have given a boy for a harlot, and sold a girl for wine, that they may drink. 4Yea, and what are ye to me, O Tyre, and Sidon, and all the regions of Philistia? will ye render me a recompense? and if ye recompense me, swiftly and speedily will I return your recompense upon your own head. 5Forasmuch as ye have taken my silver and my gold, and have carried into your temples my goodly precious things, 6and have sold the children of Judah and the children of Jerusalem unto the sons of the Grecians, that ye may remove them far from their border; 7behold, I will stir them up out of the place whither ye have sold them, and will return your recompense upon your own head; 8and I will sell your sons and your daughters into the hand of the children of Judah, and they shall sell them to the men of Sheba, to a nation far off: for Jehovah hath spoken it.  9Proclaim ye this among the nations; prepare war; stir up the mighty men; let all the men of war draw near, let them come up. 10Beat your plowshares into swords, and your pruning-hooks into spears: let the weak say, I am strong. 11Haste ye, and come, all ye nations round about, and gather yourselves together: thither cause thy mighty ones to come down, O Jehovah. 12Let the nations bestir themselves, and come up to the valley of Jehoshaphat; for there will I sit to judge all the nations round about. 13Put ye in the sickle; for the harvest is ripe: come, tread ye; for the winepress is full, the vats overflow; for their wickedness is great.  14Multitudes, multitudes in the valley of decision! for the day of Jehovah is near in the valley of decision. 15The sun and the moon are darkened, and the stars withdraw their shining. 16And Jehovah will roar from Zion, and utter his voice from Jerusalem; and the heavens and the earth shall shake: but Jehovah will be a refuge unto his people, and a stronghold to the children of Israel. 17So shall ye know that I am Jehovah your God, dwelling in Zion my holy mountain: then shall Jerusalem be holy, and there shall no strangers pass through her any more.  18And it shall come to pass in that day, that the mountains shall drop down sweet wine, and the hills shall flow with milk, and all the brooks of Judah shall flow with waters; and a fountain shall come forth from the house of Jehovah, and shall water the valley of Shittim. 19Egypt shall be a desolation, and Edom shall be a desolate wilderness, for the violence done to the children of Judah, because they have shed innocent blood in their land. 20But Judah shall abide for ever, and Jerusalem from generation to generation. 21And I will cleanse their blood, that I have not cleansed: for Jehovah dwelleth in Zion."
      },
      {
        "book_name": "Joel",
        "book": 29,
        "chapter": 3,
        "verse": 1,
        "text": "For, behold, in those days, and in that time, when I shall bring back the captivity of Judah and Jerusalem,"
      },
      {
        "book_name": "Joel",
        "book": 29,
        "chapter": 3,
        "verse": 2,
        "text": "I will gather all nations, and will bring them down into the valley of Jehoshaphat; and I will execute judgment upon them there for my people and for my heritage Israel, whom they have scattered among the nations: and they have parted my land,"
      },
      {
        "book_name": "Joel",
        "book": 29,
        "chapter": 3,
        "verse": 3,
        "text": "and have cast lots for my people, and have given a boy for a harlot, and sold a girl for wine, that they may drink."
      },
      {
        "book_name": "Joel",
        "book": 29,
        "chapter": 3,
        "verse": 4,
        "text": "Yea, and what are ye to me, O Tyre, and Sidon, and all the regions of Philistia? will ye render me a recompense? and if ye recompense me, swiftly and speedily will I return your recompense upon your own head."
      },
      {
        "book_name": "Joel",
        "book": 29,
        "chapter": 3,
        "verse": 5,
        "text": "Forasmuch as ye have taken my silver and my gold, and have carried into your temples my goodly precious things,"
      },
      {
        "book_name": "Joel",
        "book": 29,
        "chapter": 3,
        "verse": 6,
        "text": "and have sold the children of Judah and the children of Jerusalem unto the sons of the Grecians, that ye may remove them far from their border;"
      },
      {
        "book_name": "Joel",
        "book": 29,
        "chapter": 3,
        "verse": 7,
        "text": "behold, I will stir them up out of the place whither ye have sold them, and will return your recompense upon your own head;"
      },
      {
        "book_name": "Joel",
        "book": 29,
        "chapter": 3,
        "verse": 8,
        "text": "and I will sell your sons and your daughters into the hand of the children of Judah, and they shall sell them to the men of Sheba, to a nation far off: for Jehovah hath spoken it."
      },
      {
        "book_name": "Joel",
        "book": 29,
        "chapter": 3,
        "verse": 9,
        "text": "Proclaim ye this among the nations; prepare war; stir up the mighty men; let all the men of war draw near, let them come up."
      },
      {
        "book_name": "Joel",
        "book": 29,
        "chapter": 3,
        "verse": 10,
        "text": "Beat your plowshares into swords, and your pruning-hooks into spears: let the weak say, I am strong."
      },
      {
        "book_name": "Joel",
        "book": 29,
        "chapter": 3,
        "verse": 11,
        "text": "Haste ye, and come, all ye nations round about, and gather yourselves together: thither cause thy mighty ones to come down, O Jehovah."
      },
      {
        "book_name": "Joel",
        "book": 29,
        "chapter": 3,
        "verse": 12,
        "text": "Let the nations bestir themselves, and come up to the valley of Jehoshaphat; for there will I sit to judge all the nations round about."
      },
      {
        "book_name": "Joel",
        "book": 29,
        "chapter": 3,
        "verse": 13,
        "text": "Put ye in the sickle; for the harvest is ripe: come, tread ye; for the winepress is full, the vats overflow; for their wickedness is great."
      },
      {
        "book_name": "Joel",
        "book": 29,
        "chapter": 3,
        "verse": 14,
        "text": "Multitudes, multitudes in the valley of decision! for the day of Jehovah is near in the valley of decision."
      },
      {
        "book_name": "Joel",
        "book": 29,
        "chapter": 3,
        "verse": 15,
        "text": "The sun and the moon are darkened, and the stars withdraw their shining."
      },
      {
        "book_name": "Joel",
        "book": 29,
        "chapter": 3,
        "verse": 16,
        "text": "And Jehovah will roar from Zion, and utter his voice from Jerusalem; and the heavens and the earth shall shake: but Jehovah will be a refuge unto his people, and a stronghold to the children of Israel."
      },
      {
        "book_name": "Joel",
        "book": 29,
        "chapter": 3,
        "verse": 17,
        "text": "So shall ye know that I am Jehovah your God, dwelling in Zion my holy mountain: then shall Jerusalem be holy, and there shall no strangers pass through her any more."
      },
      {
        "book_name": "Joel",
        "book": 29,
        "chapter": 3,
        "verse": 18,
        "text": "And it shall come to pass in that day, that the mountains shall drop down sweet wine, and the hills shall flow with milk, and all the brooks of Judah shall flow with waters; and a fountain shall come forth from the house of Jehovah, and shall water the valley of Shittim."
      },
      {
        "book_name": "Joel",
        "book": 29,
        "chapter": 3,
        "verse": 19,
        "text": "Egypt shall be a desolation, and Edom shall be a desolate wilderness, for the violence done to the children of Judah, because they have shed innocent blood in their land."
      },
      {
        "book_name": "Joel",
        "book": 29,
        "chapter": 3,
        "verse": 20,
        "text": "But Judah shall abide for ever, and Jerusalem from generation to generation."
      },
      {
        "book_name": "Joel",
        "book": 29,
        "chapter": 3,
        "verse": 21,
        "text": "And I will cleanse their blood, that I have not cleansed: for Jehovah dwelleth in Zion."
      }
    ]
  }
}