{
  "source": "bible.com",
  "version": "American Standard Version",
  "book": "Jonah",
  "chapters": {
    "1": [
      {
        "book_name": "Jonah",
        "book": 32,
        "chapter": 1,
        "verse": 1,
        "text": "1Now the word of Jehovah came unto Jonah the son of Amittai, saying, 2Arise, go to Nineveh, that great city, and cry against it; for their wickedness is come up before me. 3But Jonah rose up to flee unto Tarshish from the presence of Jehovah; and he went down to Joppa, and found a ship going to Tarshish: so he paid the fare thereof, and went down into it, to go with them unto Tarshish from the presence of Jehovah.  4But Jehovah sent out a great wind upon the sea, and there was a mighty tempest on the sea, so that the ship was like to be broken. 5Then the mariners were afraid, and cried every man unto his god; and they cast forth the wares that were in the ship into the sea, to lighten it unto them. But Jonah was gone down into the innermost parts of the ship; and he lay, and was fast asleep. 6So the shipmaster came to him, and said unto him, What meanest thou, O sleeper? arise, call upon thy God, if so be that God will think upon us, that we perish not. 7And they said every one to his fellow, Come, and let us cast lots, that we may know for whose cause this evil is upon us. So they cast lots, and the lot fell upon Jonah. 8Then said they unto him, Tell us, we pray thee, for whose cause this evil is upon us; what is thine occupation? and whence comest thou? what is thy country? and of what people art thou? 9And he said unto them, I am a Hebrew; and I fear Jehovah, the God of heaven, who hath made the sea and the dry land. 10Then were the men exceedingly afraid, and said unto him, What is this that thou hast done? For the men knew that he was fleeing from the presence of Jehovah, because he had told them.  11Then said they unto him, What shall we do unto thee, that the sea may be calm unto us? for the sea grew more and more tempestuous. 12And he said unto them, Take me up, and cast me forth into the sea; so shall the sea be calm unto you: for I know that for my sake this great tempest is upon you. 13Nevertheless the men rowed hard to get them back to the land; but they could not: for the sea grew more and more tempestuous against them. 14Wherefore they cried unto Jehovah, and said, We beseech thee, O Jehovah, we beseech thee, let us not perish for this man’s life, and lay not upon us innocent blood; for thou, O Jehovah, hast done as it pleased thee. 15So they took up Jonah, and cast him forth into the sea; and the sea ceased from its raging. 16Then the men feared Jehovah exceedingly; and they offered a sacrifice unto Jehovah, and made vows.  17And Jehovah prepared a great fish to swallow up Jonah; and Jonah was in the belly of the fish three days and three nights."
      },
      {
        "book_name": "Jonah",
        "book": 32,
        "chapter": 1,
        "verse": 1,
        "text": "Now the word of Jehovah came unto Jonah the son of Amittai, saying,"
      },
      {
        "book_name": "Jonah",
        "book": 32,
        "chapter": 1,
        "verse": 2,
        "text": "Arise, go to Nineveh, that great city, and cry against it; for their wickedness is come up before me."
      },
      {
        "book_name": "Jonah",
        "book": 32,
        "chapter": 1,
        "verse": 3,
        "text": "But Jonah rose up to flee unto Tarshish from the presence of Jehovah; and he went down to Joppa, and found a ship going to Tarshish: so he paid the fare thereof, and went down into it, to go with them unto Tarshish from the presence of Jehovah."
      },
      {
        "book_name": "Jonah",
        "book": 32,
        "chapter": 1,
        "verse": 4,
        "text": "But Jehovah sent out a great wind upon the sea, and there was a mighty tempest on the sea, so that the ship was like to be broken."
      },
      {
        "book_name": "Jonah",
        "book": 32,
        "chapter": 1,
        "verse": 5,
        "text": "Then the mariners were afraid, and cried every man unto his god; and they cast forth the wares that were in the ship into the sea, to lighten it unto them. But Jonah was gone down into the innermost parts of the ship; and he lay, and was fast asleep."
      },
      {
        "book_name": "Jonah",
        "book": 32,
        "chapter": 1,
        "verse": 6,
        "text": "So the shipmaster came to him, and said unto him, What meanest thou, O sleeper? arise, call upon thy God, if so be that God will think upon us, that we perish not."
      },
      {
        "book_name": "Jonah",
        "book": 32,
        "chapter": 1,
        "verse": 7,
        "text": "And they said every one to his fellow, Come, and let us cast lots, that we may know for whose cause this evil is upon us. So they cast lots, and the lot fell upon Jonah."
      },
      {
        "book_name": "Jonah",
        "book": 32,
        "chapter": 1,
        "verse": 8,
        "text": "Then said they unto him, Tell us, we pray thee, for whose cause this evil is upon us; what is thine occupation? and whence comest thou? what is thy country? and of what people art thou?"
      },
      {
        "book_name": "Jonah",
        "book": 32,
        "chapter": 1,
        "verse": 9,
        "text": "And he said unto them, I am a Hebrew; and I fear Jehovah, the God of heaven, who hath made the sea and the dry land."
      },
      {
        "book_name": "Jonah",
        "book": 32,
        "chapter": 1,
        "verse": 10,
        "text": "Then were the men exceedingly afraid, and said unto him, What is this that thou hast done? For the men knew that he was fleeing from the presence of Jehovah, because he had told them."
      },
      {
        "book_name": "Jonah",
        "book": 32,
        "chapter": 1,
        "verse": 11,
        "text": "Then said they unto him, What shall we do unto thee, that the sea may be calm unto us? for the sea grew more and more tempestuous."
      },
      {
        "book_name": "Jonah",
        "book": 32,
        "chapter": 1,
        "verse": 12,
        "text": "And he said unto them, Take me up, and cast me forth into the sea; so shall the sea be calm unto you: for I know that for my sake this great tempest is upon you."
      },
      {
        "book_name": "Jonah",
        "book": 32,
        "chapter": 1,
        "verse": 13,
        "text": "Nevertheless the men rowed hard to get them back to the land; but they could not: for the sea grew more and more tempestuous against them."
      },
      {
        "book_name": "Jonah",
        "book": 32,
        "chapter": 1,
        "verse": 14,
        "text": "Wherefore they cried unto Jehovah, and said, We beseech thee, O Jehovah, we beseech thee, let us not perish for this man’s life, and lay not upon us innocent blood; for thou, O Jehovah, hast done as it pleased thee."
      },
      {
        "book_name": "Jonah",
        "book": 32,
        "chapter": 1,
        "verse": 15,
        "text": "So they took up Jonah, and cast him forth into the sea; and the sea ceased from its raging."
      },
      {
        "book_name": "Jonah",
        "book": 32,
        "chapter": 1,
        "verse": 16,
        "text": "Then the men feared Jehovah exceedingly; and they offered a sacrifice unto Jehovah, and made vows."
      },
      {
        "book_name": "Jonah",
        "book": 32,
        "chapter": 1,
        "verse": 17,
        "text": "And Jehovah prepared a great fish to swallow up Jonah; and Jonah was in the belly of the fish three days and three nights."
      }
    ],
    "2": [
      {
        "book_name": "Jonah",
        "book": 32,
        "chapter": 2,
        "verse": 1,
        "text": "1Then Jonah prayed unto Jehovah his God out of the fish’s belly. 2And he said,I called by reason of mine affliction unto Jehovah,And he answered me;Out of the belly of Sheol cried I,  And thou heardest my voice.  3For thou didst cast me into the depth, in the heart of the seas,And the flood was round about me;All thy waves and thy billows passed over me.  4And I said, I am cast out from before thine eyes;Yet I will look again toward thy holy temple.  5The waters compassed me about, even to the soul;The deep was round about me;The weeds were wrapped about my head.  6I went down to the bottoms of the mountains;The earth with its bars closed upon me for ever:Yet hast thou brought up my life from the pit, O Jehovah my God.  7When my soul fainted within me, I remembered Jehovah;And my prayer came in unto thee, into thy holy temple.  8They that regard lying vanitiesForsake their own mercy.  9But I will sacrifice unto thee with the voice of thanksgiving;I will pay that which I have vowed.Salvation is of Jehovah.  10And Jehovah spake unto the fish, and it vomited out Jonah upon the dry land."
      },
      {
        "book_name": "Jonah",
        "book": 32,
        "chapter": 2,
        "verse": 1,
        "text": "Then Jonah prayed unto Jehovah his God out of the fish’s belly."
      },
      {
        "book_name": "Jonah",
        "book": 32,
        "chapter": 2,
        "verse": 2,
        "text": "And he said,"
      },
      {
        "book_name": "Jonah",
        "book": 32,
        "chapter": 2,
        "verse": 2,
        "text": "I called by reason of mine affliction unto Jehovah,"
      },
      {
        "book_name": "Jonah",
        "book": 32,
        "chapter": 2,
        "verse": 2,
        "text": "And he answered me;"
      },
      {
        "book_name": "Jonah",
        "book": 32,
        "chapter": 2,
        "verse": 2,
        "text": "Out of the belly of Sheol cried I,"
      },
      {
        "book_name": "Jonah",
        "book": 32,
        "chapter": 2,
        "verse": 2,
        "text": "And thou heardest my voice."
      },
      {
        "book_name": "Jonah",
        "book": 32,
        "chapter": 2,
        "verse": 3,
        "text": "For thou didst cast me into the depth, in the heart of the seas,"
      },
      {
        "book_name": "Jonah",
        "book": 32,
        "chapter": 2,
        "verse": 3,
        "text": "And the flood was round about me;"
      },
      {
        "book_name": "Jonah",
        "book": 32,
        "chapter": 2,
        "verse": 3,
        "text": "All thy waves and thy billows passed over me."
      },
      {
        "book_name": "Jonah",
        "book": 32,
        "chapter": 2,
        "verse": 4,
        "text": "And I said, I am cast out from before thine eyes;"
      },
      {
        "book_name": "Jonah",
        "book": 32,
        "chapter": 2,
        "verse": 4,
        "text": "Yet I will look again toward thy holy temple."
      },
      {
        "book_name": "Jonah",
        "book": 32,
        "chapter": 2,
        "verse": 5,
        "text": "The waters compassed me about, even to the soul;"
      },
      {
        "book_name": "Jonah",
        "book": 32,
        "chapter": 2,
        "verse": 5,
        "text": "The deep was round about me;"
      },
      {
        "book_name": "Jonah",
        "book": 32,
        "chapter": 2,
        "verse": 5,
        "text": "The weeds were wrapped about my head."
      },
      {
        "book_name": "Jonah",
        "book": 32,
        "chapter": 2,
        "verse": 6,
        "text": "I went down to the bottoms of the mountains;"
      },
      {
        "book_name": "Jonah",
        "book": 32,
        "chapter": 2,
        "verse": 6,
        "text": "The earth with its bars closed upon me for ever:"
      },
      {
        "book_name": "Jonah",
        "book": 32,
        "chapter": 2,
        "verse": 6,
        "text": "Yet hast thou brought up my life from the pit, O Jehovah my God."
      },
      {
        "book_name": "Jonah",
        "book": 32,
        "chapter": 2,
        "verse": 7,
        "text": "When my soul fainted within me, I remembered Jehovah;"
      },
      {
        "book_name": "Jonah",
        "book": 32,
        "chapter": 2,
        "verse": 7,
        "text": "And my prayer came in unto thee, into thy holy temple."
      },
      {
        "book_name": "Jonah",
        "book": 32,
        "chapter": 2,
        "verse": 8,
        "text": "They that regard lying vanities"
      },
      {
        "book_name": "Jonah",
        "book": 32,
        "chapter": 2,
        "verse": 8,
        "text": "Forsake their own mercy."
      },
      {
        "book_name": "Jonah",
        "book": 32,
        "chapter": 2,
        "verse": 9,
        "text": "But I will sacrifice unto thee with the voice of thanksgiving;"
      },
      {
        "book_name": "Jonah",
        "book": 32,
        "chapter": 2,
        "verse": 9,
        "text": "I will pay that which I have vowed."
      },
      {
        "book_name": "Jonah",
        "book": 32,
        "chapter": 2,
        "verse": 9,
        "text": "Salvation is of Jehovah."
      },
      {
        "book_name": "Jonah",
        "book": 32,
        "chapter": 2,
        "verse": 10,
        "text": "And Jehovah spake unto the fish, and it vomited out Jonah upon the dry land."
      }
    ],
    "3": [
      {
        "book_name": "Jonah",
        "book": 32,
        "chapter": 3,
        "verse": 1,
        "text": "1And the word of Jehovah came unto Jonah the second time, saying, 2Arise, go unto Nineveh, that great city, and preach unto it the preaching that I bid thee. 3So Jonah arose, and went unto Nineveh, according to the word of Jehovah. Now Nineveh was an exceeding great city, of three days’ journey. 4And Jonah began to enter into the city a day’s journey, and he cried, and said, Yet forty days, and Nineveh shall be overthrown.  5And the people of Nineveh believed God; and they proclaimed a fast, and put on sackcloth, from the greatest of them even to the least of them. 6And the tidings reached the king of Nineveh, and he arose from his throne, and laid his robe from him, and covered him with sackcloth, and sat in ashes. 7And he made proclamation and published through Nineveh by the decree of the king and his nobles, saying, Let neither man nor beast, herd nor flock, taste anything; let them not feed, nor drink water; 8but let them be covered with sackcloth, both man and beast, and let them cry mightily unto God: yea, let them turn every one from his evil way, and from the violence that is in his hands. 9Who knoweth whether God will not turn and repent, and turn away from his fierce anger, that we perish not? 10And God saw their works, that they turned from their evil way; and God repented of the evil which he said he would do unto them; and he did it not."
      },
      {
        "book_name": "Jonah",
        "book": 32,
        "chapter": 3,
        "verse": 1,
        "text": "And the word of Jehovah came unto Jonah the second time, saying,"
      },
      {
        "book_name": "Jonah",
        "book": 32,
        "chapter": 3,
        "verse": 2,
        "text": "Arise, go unto Nineveh, that great city, and preach unto it the preaching that I bid thee."
      },
      {
        "book_name": "Jonah",
        "book": 32,
        "chapter": 3,
        "verse": 3,
        "text": "So Jonah arose, and went unto Nineveh, according to the word of Jehovah. Now Nineveh was an exceeding great city, of three days’ journey."
      },
      {
        "book_name": "Jonah",
        "book": 32,
        "chapter": 3,
        "verse": 4,
        "text": "And Jonah began to enter into the city a day’s journey, and he cried, and said, Yet forty days, and Nineveh shall be overthrown."
      },
      {
        "book_name": "Jonah",
        "book": 32,
        "chapter": 3,
        "verse": 5,
        "text": "And the people of Nineveh believed God; and they proclaimed a fast, and put on sackcloth, from the greatest of them even to the least of them."
      },
      {
        "book_name": "Jonah",
        "book": 32,
        "chapter": 3,
        "verse": 6,
        "text": "And the tidings reached the king of Nineveh, and he arose from his throne, and laid his robe from him, and covered him with sackcloth, and sat in ashes."
      },
      {
        "book_name": "Jonah",
        "book": 32,
        "chapter": 3,
        "verse": 7,
        "text": "And he made proclamation and published through Nineveh by the decree of the king and his nobles, saying, Let neither man nor beast, herd nor flock, taste anything; let them not feed, nor drink water;"
      },
      {
        "book_name": "Jonah",
        "book": 32,
        "chapter": 3,
        "verse": 8,
        "text": "but let them be covered with sackcloth, both man and beast, and let them cry mightily unto God: yea, let them turn every one from his evil way, and from the violence that is in his hands."
      },
      {
        "book_name": "Jonah",
        "book": 32,
        "chapter": 3,
        "verse": 9,
        "text": "Who knoweth whether God will not turn and repent, and turn away from his fierce anger, that we perish not?"
      },
      {
        "book_name": "Jonah",
        "book": 32,
        "chapter": 3,
        "verse": 10,
        "text": "And God saw their works, that they turned from their evil way; and God repented of the evil which he said he would do unto them; and he did it not."
      }
    ],
    "4": [
      {
        "book_name": "Jonah",
        "book": 32,
        "chapter": 4,
        "verse": 1,
        "text": "1But it displeased Jonah exceedingly, and he was angry. 2And he prayed unto Jehovah, and said, I pray thee, O Jehovah, was not this my saying, when I was yet in my country? Therefore I hasted to flee unto Tarshish; for I knew that thou art a gracious God, and merciful, slow to anger, and abundant in lovingkindness, and repentest thee of the evil. 3Therefore now, O Jehovah, take, I beseech thee, my life from me; for it is better for me to die than to live. 4And Jehovah said, Doest thou well to be angry? 5Then Jonah went out of the city, and sat on the east side of the city, and there made him a booth, and sat under it in the shade, till he might see what would become of the city.  6And Jehovah God prepared a gourd, and made it to come up over Jonah, that it might be a shade over his head, to deliver him from his evil case. So Jonah was exceeding glad because of the gourd. 7But God prepared a worm when the morning rose the next day, and it smote the gourd, that it withered. 8And it came to pass, when the sun arose, that God prepared a sultry east wind; and the sun beat upon the head of Jonah, that he fainted, and requested for himself that he might die, and said, It is better for me to die than to live. 9And God said to Jonah, Doest thou well to be angry for the gourd? And he said, I do well to be angry, even unto death. 10And Jehovah said, Thou hast had regard for the gourd, for which thou hast not labored, neither madest it grow; which came up in a night, and perished in a night: 11and should not I have regard for Nineveh, that great city, wherein are more than sixscore thousand persons that cannot discern between their right hand and their left hand; and also much cattle?"
      },
      {
        "book_name": "Jonah",
        "book": 32,
        "chapter": 4,
        "verse": 1,
        "text": "But it displeased Jonah exceedingly, and he was angry."
      },
      {
        "book_name": "Jonah",
        "book": 32,
        "chapter": 4,
        "verse": 2,
        "text": "And he prayed unto Jehovah, and said, I pray thee, O Jehovah, was not this my saying, when I was yet in my country? Therefore I hasted to flee unto Tarshish; for I knew that thou art a gracious God, and merciful, slow to anger, and abundant in lovingkindness, and repentest thee of the evil."
      },
      {
        "book_name": "Jonah",
        "book": 32,
        "chapter": 4,
        "verse": 3,
        "text": "Therefore now, O Jehovah, take, I beseech thee, my life from me; for it is better for me to die than to live."
      },
      {
        "book_name": "Jonah",
        "book": 32,
        "chapter": 4,
        "verse": 4,
        "text": "And Jehovah said, Doest thou well to be angry?"
      },
      {
        "book_name": "Jonah",
        "book": 32,
        "chapter": 4,
        "verse": 5,
        "text": "Then Jonah went out of the city, and sat on the east side of the city, and there made him a booth, and sat under it in the shade, till he might see what would become of the city."
      },
      {
        "book_name": "Jonah",
        "book": 32,
        "chapter": 4,
        "verse": 6,
        "text": "And Jehovah God prepared a gourd, and made it to come up over Jonah, that it might be a shade over his head, to deliver him from his evil case. So Jonah was exceeding glad because of the gourd."
      },
      {
        "book_name": "Jonah",
        "book": 32,
        "chapter": 4,
        "verse": 7,
        "text": "But God prepared a worm when the morning rose the next day, and it smote the gourd, that it withered."
      },
      {
        "book_name": "Jonah",
        "book": 32,
        "chapter": 4,
        "verse": 8,
        "text": "And it came to pass, when the sun arose, that God prepared a sultry east wind; and the sun beat upon the head of Jonah, that he fainted, and requested for himself that he might die, and said, It is better for me to die than to live."
      },
      {
        "book_name": "Jonah",
        "book": 32,
        "chapter": 4,
        "verse": 9,
        "text": "And God said to Jonah, Doest thou well to be angry for the gourd? And he said, I do well to be angry, even unto death."
      },
      {
        "book_name": "Jonah",
        "book": 32,
        "chapter": 4,
        "verse": 10,
        "text": "And Jehovah said, Thou hast had regard for the gourd, for which thou hast not labored, neither madest it grow; which came up in a night, and perished in a night:"
      },
      {
        "book_name": "Jonah",
        "book": 32,
        "chapter": 4,
        "verse": 11,
        "text": "and should not I have regard for Nineveh, that great city, wherein are more than sixscore thousand persons that cannot discern between their right hand and their left hand; and also much cattle?"
      }
    ]
  }
}