{
  "source": "bible.com",
  "version": "American Standard Version",
  "book": "Philippians",
  "chapters": {
    "1": [
      {
        "book_name": "Philippians",
        "book": 50,
        "chapter": 1,
        "verse": 1,
        "text": "1Paul and Timothy, servants of Christ Jesus, to all the saints in Christ Jesus that are at Philippi, with the bishops and deacons: 2Grace to you and peace from God our Father and the Lord Jesus Christ.  3I thank my God upon all my remembrance of you, 4always in every supplication of mine on behalf of you all making my supplication with joy, 5for your fellowship in furtherance of the gospel from the first day until now; 6being confident of this very thing, that he who began a good work in you will perfect it until the day of Jesus Christ: 7even as it is right for me to be thus minded on behalf of you all, because I have you in my heart, inasmuch as, both in my bonds and in the defence and confirmation of the gospel, ye all are partakers with me of grace. 8For God is my witness, how I long after you all in the tender mercies of Christ Jesus. 9And this I pray, that your love may abound yet more and more in knowledge and all discernment; 10so that ye may approve the things that are excellent; that ye may be sincere and void of offence unto the day of Christ; 11being filled with the fruits of righteousness, which are through Jesus Christ, unto the glory and praise of God.  12Now I would have you know, brethren, that the things which happened unto me have fallen out rather unto the progress of the gospel; 13so that my bonds became manifest in Christ throughout the whole prætorian guard, and to all the rest; 14and that most of the brethren in the Lord, being confident through my bonds, are more abundantly bold to speak the word of God without fear. 15Some indeed preach Christ even of envy and strife; and some also of good will: 16the one do it of love, knowing that I am set for the defence of the gospel; 17but the other proclaim Christ of faction, not sincerely, thinking to raise up affliction for me in my bonds. 18What then? only that in every way, whether in pretence or in truth, Christ is proclaimed; and therein I rejoice, yea, and will rejoice. 19For I know that this shall turn out to my salvation, through your supplication and the supply of the Spirit of Jesus Christ, 20according to my earnest expectation and hope, that in nothing shall I be put to shame, but that with all boldness, as always, so now also Christ shall be magnified in my body, whether by life, or by death. 21For to me to live is Christ, and to die is gain. 22But if to live in the flesh,—if this shall bring fruit from my work, then what I shall choose I know not. 23But I am in a strait betwixt the two, having the desire to depart and be with Christ; for it is very far better: 24yet to abide in the flesh is more needful for your sake. 25And having this confidence, I know that I shall abide, yea, and abide with you all, for your progress and joy in the faith; 26that your glorying may abound in Christ Jesus in me through my presence with you again. 27Only let your manner of life be worthy of the gospel of Christ: that, whether I come and see you or be absent, I may hear of your state, that ye stand fast in one spirit, with one soul striving for the faith of the gospel; 28and in nothing affrighted by the adversaries: which is for them an evident token of perdition, but of your salvation, and that from God; 29because to you it hath been granted in the behalf of Christ, not only to believe on him, but also to suffer in his behalf: 30having the same conflict which ye saw in me, and now hear to be in me."
      },
      {
        "book_name": "Philippians",
        "book": 50,
        "chapter": 1,
        "verse": 1,
        "text": "Paul and Timothy, servants of Christ Jesus, to all the saints in Christ Jesus that are at Philippi, with the bishops and deacons:"
      },
      {
        "book_name": "Philippians",
        "book": 50,
        "chapter": 1,
        "verse": 2,
        "text": "Grace to you and peace from God our Father and the Lord Jesus Christ."
      },
      {
        "book_name": "Philippians",
        "book": 50,
        "chapter": 1,
        "verse": 3,
        "text": "I thank my God upon all my remembrance of you,"
      },
      {
        "book_name": "Philippians",
        "book": 50,
        "chapter": 1,
        "verse": 4,
        "text": "always in every supplication of mine on behalf of you all making my supplication with joy,"
      },
      {
        "book_name": "Philippians",
        "book": 50,
        "chapter": 1,
        "verse": 5,
        "text": "for your fellowship in furtherance of the gospel from the first day until now;"
      },
      {
        "book_name": "Philippians",
        "book": 50,
        "chapter": 1,
        "verse": 6,
        "text": "being confident of this very thing, that he who began a good work in you will perfect it until the day of Jesus Christ:"
      },
      {
        "book_name": "Philippians",
        "book": 50,
        "chapter": 1,
        "verse": 7,
        "text": "even as it is right for me to be thus minded on behalf of you all, because I have you in my heart, inasmuch as, both in my bonds and in the defence and confirmation of the gospel, ye all are partakers with me of grace."
      },
      {
        "book_name": "Philippians",
        "book": 50,
        "chapter": 1,
        "verse": 8,
        "text": "For God is my witness, how I long after you all in the tender mercies of Christ Jesus."
      },
      {
        "book_name": "Philippians",
        "book": 50,
        "chapter": 1,
        "verse": 9,
        "text": "And this I pray, that your love may abound yet more and more in knowledge and all discernment;"
      },
      {
        "book_name": "Philippians",
        "book": 50,
        "chapter": 1,
        "verse": 10,
        "text": "so that ye may approve the things that are excellent; that ye may be sincere and void of offence unto the day of Christ;"
      },
      {
        "book_name": "Philippians",
        "book": 50,
        "chapter": 1,
        "verse": 11,
        "text": "being filled with the fruits of righteousness, which are through Jesus Christ, unto the glory and praise of God."
      },
      {
        "book_name": "Philippians",
        "book": 50,
        "chapter": 1,
        "verse": 12,
        "text": "Now I would have you know, brethren, that the things which happened unto me have fallen out rather unto the progress of the gospel;"
      },
      {
        "book_name": "Philippians",
        "book": 50,
        "chapter": 1,
        "verse": 13,
        "text": "so that my bonds became manifest in Christ throughout the whole prætorian guard, and to all the rest;"
      },
      {
        "book_name": "Philippians",
        "book": 50,
        "chapter": 1,
        "verse": 14,
        "text": "and that most of the brethren in the Lord, being confident through my bonds, are more abundantly bold to speak the word of God without fear."
      },
      {
        "book_name": "Philippians",
        "book": 50,
        "chapter": 1,
        "verse": 15,
        "text": "Some indeed preach Christ even of envy and strife; and some also of good will:"
      },
      {
        "book_name": "Philippians",
        "book": 50,
        "chapter": 1,
        "verse": 16,
        "text": "the one do it of love, knowing that I am set for the defence of the gospel;"
      },
      {
        "book_name": "Philippians",
        "book": 50,
        "chapter": 1,
        "verse": 17,
        "text": "but the other proclaim Christ of faction, not sincerely, thinking to raise up affliction for me in my bonds."
      },
      {
        "book_name": "Philippians",
        "book": 50,
        "chapter": 1,
        "verse": 18,
        "text": "What then? only that in every way, whether in pretence or in truth, Christ is proclaimed; and therein I rejoice, yea, and will rejoice."
      },
      {
        "book_name": "Philippians",
        "book": 50,
        "chapter": 1,
        "verse": 19,
        "text": "For I know that this shall turn out to my salvation, through your supplication and the supply of the Spirit of Jesus Christ,"
      },
      {
        "book_name": "Philippians",
        "book": 50,
        "chapter": 1,
        "verse": 20,
        "text": "according to my earnest expectation and hope, that in nothing shall I be put to shame, but that with all boldness, as always, so now also Christ shall be magnified in my body, whether by life, or by death."
      },
      {
        "book_name": "Philippians",
        "book": 50,
        "chapter": 1,
        "verse": 21,
        "text": "For to me to live is Christ, and to die is gain."
      },
      {
        "book_name": "Philippians",
        "book": 50,
        "chapter": 1,
        "verse": 22,
        "text": "But if to live in the flesh,—if this shall bring fruit from my work, then what I shall choose I know not."
      },
      {
        "book_name": "Philippians",
        "book": 50,
        "chapter": 1,
        "verse": 23,
        "text": "But I am in a strait betwixt the two, having the desire to depart and be with Christ; for it is very far better:"
      },
      {
        "book_name": "Philippians",
        "book": 50,
        "chapter": 1,
        "verse": 24,
        "text": "yet to abide in the flesh is more needful for your sake."
      },
      {
        "book_name": "Philippians",
        "book": 50,
        "chapter": 1,
        "verse": 25,
        "text": "And having this confidence, I know that I shall abide, yea, and abide with you all, for your progress and joy in the faith;"
      },
      {
        "book_name": "Philippians",
        "book": 50,
        "chapter": 1,
        "verse": 26,
        "text": "that your glorying may abound in Christ Jesus in me through my presence with you again."
      },
      {
        "book_name": "Philippians",
        "book": 50,
        "chapter": 1,
        "verse": 27,
        "text": "Only let your manner of life be worthy of the gospel of Christ: that, whether I come and see you or be absent, I may hear of your state, that ye stand fast in one spirit, with one soul striving for the faith of the gospel;"
      },
      {
        "book_name": "Philippians",
        "book": 50,
        "chapter": 1,
        "verse": 28,
        "text": "and in nothing affrighted by the adversaries: which is for them an evident token of perdition, but of your salvation, and that from God;"
      },
      {
        "book_name": "Philippians",
        "book": 50,
        "chapter": 1,
        "verse": 29,
        "text": "because to you it hath been granted in the behalf of Christ, not only to believe on him, but also to suffer in his behalf:"
      },
      {
        "book_name": "Philippians",
        "book": 50,
        "chapter": 1,
        "verse": 30,
        "text": "having the same conflict which ye saw in me, and now hear to be in me."
      }
    ],
    "2": [
      {
        "book_name": "Philippians",
        "book": 50,
        "chapter": 2,
        "verse": 1,
        "text": "1If there is therefore any exhortation in Christ, if any consolation of love, if any fellowship of the Spirit, if any tender mercies and compassions, 2make full my joy, that ye be of the same mind, having the same love, being of one accord, of one mind; 3doing nothing through faction or through vainglory, but in lowliness of mind each counting other better than himself; 4not looking each of you to his own things, but each of you also to the things of others. 5Have this mind in you, which was also in Christ Jesus: 6who, existing in the form of God, counted not the being on an equality with God a thing to be grasped, 7but emptied himself, taking the form of a servant, being made in the likeness of men; 8and being found in fashion as a man, he humbled himself, becoming obedient even unto death, yea, the death of the cross. 9Wherefore also God highly exalted him, and gave unto him the name which is above every name; 10that in the name of Jesus every knee should bow, of things in heaven and things on earth and things under the earth, 11and that every tongue should confess that Jesus Christ is Lord, to the glory of God the Father.  12So then, my beloved, even as ye have always obeyed, not as in my presence only, but now much more in my absence, work out your own salvation with fear and trembling; 13for it is God who worketh in you both to will and to work, for his good pleasure. 14Do all things without murmurings and questionings: 15that ye may become blameless and harmless, children of God without blemish in the midst of a crooked and perverse generation, among whom ye are seen as lights in the world, 16holding forth the word of life; that I may have whereof to glory in the day of Christ, that I did not run in vain neither labor in vain. 17Yea, and if I am offered upon the sacrifice and service of your faith, I joy, and rejoice with you all: 18and in the same manner do ye also joy, and rejoice with me.  19But I hope in the Lord Jesus to send Timothy shortly unto you, that I also may be of good comfort, when I know your state. 20For I have no man likeminded, who will care truly for your state. 21For they all seek their own, not the things of Jesus Christ. 22But ye know the proof of him, that, as a child serveth a father, so he served with me in furtherance of the gospel. 23Him therefore I hope to send forthwith, so soon as I shall see how it will go with me: 24but I trust in the Lord that I myself also shall come shortly. 25But I counted it necessary to send to you Epaphroditus, my brother and fellow-worker and fellow-soldier, and your messenger and minister to my need; 26since he longed after you all, and was sore troubled, because ye had heard that he was sick: 27for indeed he was sick nigh unto death: but God had mercy on him; and not on him only, but on me also, that I might not have sorrow upon sorrow. 28I have sent him therefore the more diligently, that, when ye see him again, ye may rejoice, and that I may be the less sorrowful. 29Receive him therefore in the Lord with all joy; and hold such in honor: 30because for the work of Christ he came nigh unto death, hazarding his life to supply that which was lacking in your service toward me."
      },
      {
        "book_name": "Philippians",
        "book": 50,
        "chapter": 2,
        "verse": 1,
        "text": "If there is therefore any exhortation in Christ, if any consolation of love, if any fellowship of the Spirit, if any tender mercies and compassions,"
      },
      {
        "book_name": "Philippians",
        "book": 50,
        "chapter": 2,
        "verse": 2,
        "text": "make full my joy, that ye be of the same mind, having the same love, being of one accord, of one mind;"
      },
      {
        "book_name": "Philippians",
        "book": 50,
        "chapter": 2,
        "verse": 3,
        "text": "doing nothing through faction or through vainglory, but in lowliness of mind each counting other better than himself;"
      },
      {
        "book_name": "Philippians",
        "book": 50,
        "chapter": 2,
        "verse": 4,
        "text": "not looking each of you to his own things, but each of you also to the things of others."
      },
      {
        "book_name": "Philippians",
        "book": 50,
        "chapter": 2,
        "verse": 5,
        "text": "Have this mind in you, which was also in Christ Jesus:"
      },
      {
        "book_name": "Philippians",
        "book": 50,
        "chapter": 2,
        "verse": 6,
        "text": "who, existing in the form of God, counted not the being on an equality with God a thing to be grasped,"
      },
      {
        "book_name": "Philippians",
        "book": 50,
        "chapter": 2,
        "verse": 7,
        "text": "but emptied himself, taking the form of a servant, being made in the likeness of men;"
      },
      {
        "book_name": "Philippians",
        "book": 50,
        "chapter": 2,
        "verse": 8,
        "text": "and being found in fashion as a man, he humbled himself, becoming obedient even unto death, yea, the death of the cross."
      },
      {
        "book_name": "Philippians",
        "book": 50,
        "chapter": 2,
        "verse": 9,
        "text": "Wherefore also God highly exalted him, and gave unto him the name which is above every name;"
      },
      {
        "book_name": "Philippians",
        "book": 50,
        "chapter": 2,
        "verse": 10,
        "text": "that in the name of Jesus every knee should bow, of things in heaven and things on earth and things under the earth,"
      },
      {
        "book_name": "Philippians",
        "book": 50,
        "chapter": 2,
        "verse": 11,
        "text": "and that every tongue should confess that Jesus Christ is Lord, to the glory of God the Father."
      },
      {
        "book_name": "Philippians",
        "book": 50,
        "chapter": 2,
        "verse": 12,
        "text": "So then, my beloved, even as ye have always obeyed, not as in my presence only, but now much more in my absence, work out your own salvation with fear and trembling;"
      },
      {
        "book_name": "Philippians",
        "book": 50,
        "chapter": 2,
        "verse": 13,
        "text": "for it is God who worketh in you both to will and to work, for his good pleasure."
      },
      {
        "book_name": "Philippians",
        "book": 50,
        "chapter": 2,
        "verse": 14,
        "text": "Do all things without murmurings and questionings:"
      },
      {
        "book_name": "Philippians",
        "book": 50,
        "chapter": 2,
        "verse": 15,
        "text": "that ye may become blameless and harmless, children of God without blemish in the midst of a crooked and perverse generation, among whom ye are seen as lights in the world,"
      },
      {
        "book_name": "Philippians",
        "book": 50,
        "chapter": 2,
        "verse": 16,
        "text": "holding forth the word of life; that I may have whereof to glory in the day of Christ, that I did not run in vain neither labor in vain."
      },
      {
        "book_name": "Philippians",
        "book": 50,
        "chapter": 2,
        "verse": 17,
        "text": "Yea, and if I am offered upon the sacrifice and service of your faith, I joy, and rejoice with you all:"
      },
      {
        "book_name": "Philippians",
        "book": 50,
        "chapter": 2,
        "verse": 18,
        "text": "and in the same manner do ye also joy, and rejoice with me."
      },
      {
        "book_name": "Philippians",
        "book": 50,
        "chapter": 2,
        "verse": 19,
        "text": "But I hope in the Lord Jesus to send Timothy shortly unto you, that I also may be of good comfort, when I know your state."
      },
      {
        "book_name": "Philippians",
        "book": 50,
        "chapter": 2,
        "verse": 20,
        "text": "For I have no man likeminded, who will care truly for your state."
      },
      {
        "book_name": "Philippians",
        "book": 50,
        "chapter": 2,
        "verse": 21,
        "text": "For they all seek their own, not the things of Jesus Christ."
      },
      {
        "book_name": "Philippians",
        "book": 50,
        "chapter": 2,
        "verse": 22,
        "text": "But ye know the proof of him, that, as a child serveth a father, so he served with me in furtherance of the gospel."
      },
      {
        "book_name": "Philippians",
        "book": 50,
        "chapter": 2,
        "verse": 23,
        "text": "Him therefore I hope to send forthwith, so soon as I shall see how it will go with me:"
      },
      {
        "book_name": "Philippians",
        "book": 50,
        "chapter": 2,
        "verse": 24,
        "text": "but I trust in the Lord that I myself also shall come shortly."
      },
      {
        "book_name": "Philippians",
        "book": 50,
        "chapter": 2,
        "verse": 25,
        "text": "But I counted it necessary to send to you Epaphroditus, my brother and fellow-worker and fellow-soldier, and your messenger and minister to my need;"
      },
      {
        "book_name": "Philippians",
        "book": 50,
        "chapter": 2,
        "verse": 26,
        "text": "since he longed after you all, and was sore troubled, because ye had heard that he was sick:"
      },
      {
        "book_name": "Philippians",
        "book": 50,
        "chapter": 2,
        "verse": 27,
        "text": "for indeed he was sick nigh unto death: but God had mercy on him; and not on him only, but on me also, that I might not have sorrow upon sorrow."
      },
      {
        "book_name": "Philippians",
        "book": 50,
        "chapter": 2,
        "verse": 28,
        "text": "I have sent him therefore the more diligently, that, when ye see him again, ye may rejoice, and that I may be the less sorrowful."
      },
      {
        "book_name": "Philippians",
        "book": 50,
        "chapter": 2,
        "verse": 29,
        "text": "Receive him therefore in the Lord with all joy; and hold such in honor:"
      },
      {
        "book_name": "Philippians",
        "book": 50,
        "chapter": 2,
        "verse": 30,
        "text": "because for the work of Christ he came nigh unto death, hazarding his life to supply that which was lacking in your service toward me."
      }
    ],
    "3": [
      {
        "book_name": "Philippians",
        "book": 50,
        "chapter": 3,
        "verse": 1,
        "text": "1Finally, my brethren, rejoice in the Lord. To write the same things to you, to me indeed is not irksome, but for you it is safe. 2Beware of the dogs, beware of the evil workers, beware of the concision: 3for we are the circumcision, who worship by the Spirit of God, and glory in Christ Jesus, and have no confidence in the flesh: 4though I myself might have confidence even in the flesh: if any other man thinketh to have confidence in the flesh, I yet more: 5circumcised the eighth day, of the stock of Israel, of the tribe of Benjamin, a Hebrew of Hebrews; as touching the law, a Pharisee; 6as touching zeal, persecuting the church; as touching the righteousness which is in the law, found blameless. 7Howbeit what things were gain to me, these have I counted loss for Christ. 8Yea verily, and I count all things to be loss for the excellency of the knowledge of Christ Jesus my Lord: for whom I suffered the loss of all things, and do count them but refuse, that I may gain Christ, 9and be found in him, not having a righteousness of mine own, even that which is of the law, but that which is through faith in Christ, the righteousness which is from God by faith: 10that I may know him, and the power of his resurrection, and the fellowship of his sufferings, becoming conformed unto his death; 11if by any means I may attain unto the resurrection from the dead. 12Not that I have already obtained, or am already made perfect: but I press on, if so be that I may lay hold on that for which also I was laid hold on by Christ Jesus. 13Brethren, I count not myself yet to have laid hold: but one thing I do, forgetting the things which are behind, and stretching forward to the things which are before, 14I press on toward the goal unto the prize of the high calling of God in Christ Jesus. 15Let us therefore, as many as are perfect, be thus minded: and if in anything ye are otherwise minded, this also shall God reveal unto you: 16only, whereunto we have attained, by that same rule let us walk.  17Brethren, be ye imitators together of me, and mark them that so walk even as ye have us for an ensample. 18For many walk, of whom I told you often, and now tell you even weeping, that they are the enemies of the cross of Christ: 19whose end is perdition, whose god is the belly, and whose glory is in their shame, who mind earthly things. 20For our citizenship is in heaven; whence also we wait for a Saviour, the Lord Jesus Christ: 21who shall fashion anew the body of our humiliation, that it may be conformed to the body of his glory, according to the working whereby he is able even to subject all things unto himself."
      },
      {
        "book_name": "Philippians",
        "book": 50,
        "chapter": 3,
        "verse": 1,
        "text": "Finally, my brethren, rejoice in the Lord. To write the same things to you, to me indeed is not irksome, but for you it is safe."
      },
      {
        "book_name": "Philippians",
        "book": 50,
        "chapter": 3,
        "verse": 2,
        "text": "Beware of the dogs, beware of the evil workers, beware of the concision:"
      },
      {
        "book_name": "Philippians",
        "book": 50,
        "chapter": 3,
        "verse": 3,
        "text": "for we are the circumcision, who worship by the Spirit of God, and glory in Christ Jesus, and have no confidence in the flesh:"
      },
      {
        "book_name": "Philippians",
        "book": 50,
        "chapter": 3,
        "verse": 4,
        "text": "though I myself might have confidence even in the flesh: if any other man thinketh to have confidence in the flesh, I yet more:"
      },
      {
        "book_name": "Philippians",
        "book": 50,
        "chapter": 3,
        "verse": 5,
        "text": "circumcised the eighth day, of the stock of Israel, of the tribe of Benjamin, a Hebrew of Hebrews; as touching the law, a Pharisee;"
      },
      {
        "book_name": "Philippians",
        "book": 50,
        "chapter": 3,
        "verse": 6,
        "text": "as touching zeal, persecuting the church; as touching the righteousness which is in the law, found blameless."
      },
      {
        "book_name": "Philippians",
        "book": 50,
        "chapter": 3,
        "verse": 7,
        "text": "Howbeit what things were gain to me, these have I counted loss for Christ."
      },
      {
        "book_name": "Philippians",
        "book": 50,
        "chapter": 3,
        "verse": 8,
        "text": "Yea verily, and I count all things to be loss for the excellency of the knowledge of Christ Jesus my Lord: for whom I suffered the loss of all things, and do count them but refuse, that I may gain Christ,"
      },
      {
        "book_name": "Philippians",
        "book": 50,
        "chapter": 3,
        "verse": 9,
        "text": "and be found in him, not having a righteousness of mine own, even that which is of the law, but that which is through faith in Christ, the righteousness which is from God by faith:"
      },
      {
        "book_name": "Philippians",
        "book": 50,
        "chapter": 3,
        "verse": 10,
        "text": "that I may know him, and the power of his resurrection, and the fellowship of his sufferings, becoming conformed unto his death;"
      },
      {
        "book_name": "Philippians",
        "book": 50,
        "chapter": 3,
        "verse": 11,
        "text": "if by any means I may attain unto the resurrection from the dead."
      },
      {
        "book_name": "Philippians",
        "book": 50,
        "chapter": 3,
        "verse": 12,
        "text": "Not that I have already obtained, or am already made perfect: but I press on, if so be that I may lay hold on that for which also I was laid hold on by Christ Jesus."
      },
      {
        "book_name": "Philippians",
        "book": 50,
        "chapter": 3,
        "verse": 13,
        "text": "Brethren, I count not myself yet to have laid hold: but one thing I do, forgetting the things which are behind, and stretching forward to the things which are before,"
      },
      {
        "book_name": "Philippians",
        "book": 50,
        "chapter": 3,
        "verse": 14,
        "text": "I press on toward the goal unto the prize of the high calling of God in Christ Jesus."
      },
      {
        "book_name": "Philippians",
        "book": 50,
        "chapter": 3,
        "verse": 15,
        "text": "Let us therefore, as many as are perfect, be thus minded: and if in anything ye are otherwise minded, this also shall God reveal unto you:"
      },
      {
        "book_name": "Philippians",
        "book": 50,
        "chapter": 3,
        "verse": 16,
        "text": "only, whereunto we have attained, by that same rule let us walk."
      },
      {
        "book_name": "Philippians",
        "book": 50,
        "chapter": 3,
        "verse": 17,
        "text": "Brethren, be ye imitators together of me, and mark them that so walk even as ye have us for an ensample."
      },
      {
        "book_name": "Philippians",
        "book": 50,
        "chapter": 3,
        "verse": 18,
        "text": "For many walk, of whom I told you often, and now tell you even weeping, that they are the enemies of the cross of Christ:"
      },
      {
        "book_name": "Philippians",
        "book": 50,
        "chapter": 3,
        "verse": 19,
        "text": "whose end is perdition, whose god is the belly, and whose glory is in their shame, who mind earthly things."
      },
      {
        "book_name": "Philippians",
        "book": 50,
        "chapter": 3,
        "verse": 20,
        "text": "For our citizenship is in heaven; whence also we wait for a Saviour, the Lord Jesus Christ:"
      },
      {
        "book_name": "Philippians",
        "book": 50,
        "chapter": 3,
        "verse": 21,
        "text": "who shall fashion anew the body of our humiliation, that it may be conformed to the body of his glory, according to the working whereby he is able even to subject all things unto himself."
      }
    ],
    "4": [
      {
        "book_name": "Philippians",
        "book": 50,
        "chapter": 4,
        "verse": 1,
        "text": "1Wherefore, my brethren beloved and longed for, my joy and crown, so stand fast in the Lord, my beloved.  2I exhort Euodia, and I exhort Syntyche, to be of the same mind in the Lord. 3Yea, I beseech thee also, true yokefellow, help these women, for they labored with me in the gospel, with Clement also, and the rest of my fellow-workers, whose names are in the book of life.  4Rejoice in the Lord always: again I will say, Rejoice. 5Let your forbearance be known unto all men. The Lord is at hand. 6In nothing be anxious; but in everything by prayer and supplication with thanksgiving let your requests be made known unto God. 7And the peace of God, which passeth all understanding, shall guard your hearts and your thoughts in Christ Jesus.  8Finally, brethren, whatsoever things are true, whatsoever things are honorable, whatsoever things are just, whatsoever things are pure, whatsoever things are lovely, whatsoever things are of good report; if there be any virtue, and if there be any praise, think on these things. 9The things which ye both learned and received and heard and saw in me, these things do: and the God of peace shall be with you.  10But I rejoice in the Lord greatly, that now at length ye have revived your thought for me; wherein ye did indeed take thought, but ye lacked opportunity. 11Not that I speak in respect of want: for I have learned, in whatsoever state I am, therein to be content. 12I know how to be abased, and I know also how to abound: in everything and in all things have I learned the secret both to be filled and to be hungry, both to abound and to be in want. 13I can do all things in him that strengtheneth me. 14Howbeit ye did well that ye had fellowship with my affliction. 15And ye yourselves also know, ye Philippians, that in the beginning of the gospel, when I departed from Macedonia, no church had fellowship with me in the matter of giving and receiving but ye only; 16for even in Thessalonica ye sent once and again unto my need. 17Not that I seek for the gift; but I seek for the fruit that increaseth to your account. 18But I have all things, and abound: I am filled, having received from Epaphroditus the things that came from you, an odor of a sweet smell, a sacrifice acceptable, well-pleasing to God. 19And my God shall supply every need of yours according to his riches in glory in Christ Jesus. 20Now unto our God and Father be the glory for ever and ever. Amen.  21Salute every saint in Christ Jesus. The brethren that are with me salute you. 22All the saints salute you, especially they that are of Cæsar’s household.  23The grace of the Lord Jesus Christ be with your spirit."
      },
      {
        "book_name": "Philippians",
        "book": 50,
        "chapter": 4,
        "verse": 1,
        "text": "Wherefore, my brethren beloved and longed for, my joy and crown, so stand fast in the Lord, my beloved."
      },
      {
        "book_name": "Philippians",
        "book": 50,
        "chapter": 4,
        "verse": 2,
        "text": "I exhort Euodia, and I exhort Syntyche, to be of the same mind in the Lord."
      },
      {
        "book_name": "Philippians",
        "book": 50,
        "chapter": 4,
        "verse": 3,
        "text": "Yea, I beseech thee also, true yokefellow, help these women, for they labored with me in the gospel, with Clement also, and the rest of my fellow-workers, whose names are in the book of life."
      },
      {
        "book_name": "Philippians",
        "book": 50,
        "chapter": 4,
        "verse": 4,
        "text": "Rejoice in the Lord always: again I will say, Rejoice."
      },
      {
        "book_name": "Philippians",
        "book": 50,
        "chapter": 4,
        "verse": 5,
        "text": "Let your forbearance be known unto all men. The Lord is at hand."
      },
      {
        "book_name": "Philippians",
        "book": 50,
        "chapter": 4,
        "verse": 6,
        "text": "In nothing be anxious; but in everything by prayer and supplication with thanksgiving let your requests be made known unto God."
      },
      {
        "book_name": "Philippians",
        "book": 50,
        "chapter": 4,
        "verse": 7,
        "text": "And the peace of God, which passeth all understanding, shall guard your hearts and your thoughts in Christ Jesus."
      },
      {
        "book_name": "Philippians",
        "book": 50,
        "chapter": 4,
        "verse": 8,
        "text": "Finally, brethren, whatsoever things are true, whatsoever things are honorable, whatsoever things are just, whatsoever things are pure, whatsoever things are lovely, whatsoever things are of good report; if there be any virtue, and if there be any praise, think on these things."
      },
      {
        "book_name": "Philippians",
        "book": 50,
        "chapter": 4,
        "verse": 9,
        "text": "The things which ye both learned and received and heard and saw in me, these things do: and the God of peace shall be with you."
      },
      {
        "book_name": "Philippians",
        "book": 50,
        "chapter": 4,
        "verse": 10,
        "text": "But I rejoice in the Lord greatly, that now at length ye have revived your thought for me; wherein ye did indeed take thought, but ye lacked opportunity."
      },
      {
        "book_name": "Philippians",
        "book": 50,
        "chapter": 4,
        "verse": 11,
        "text": "Not that I speak in respect of want: for I have learned, in whatsoever state I am, therein to be content."
      },
      {
        "book_name": "Philippians",
        "book": 50,
        "chapter": 4,
        "verse": 12,
        "text": "I know how to be abased, and I know also how to abound: in everything and in all things have I learned the secret both to be filled and to be hungry, both to abound and to be in want."
      },
      {
        "book_name": "Philippians",
        "book": 50,
        "chapter": 4,
        "verse": 13,
        "text": "I can do all things in him that strengtheneth me."
      },
      {
        "book_name": "Philippians",
        "book": 50,
        "chapter": 4,
        "verse": 14,
        "text": "Howbeit ye did well that ye had fellowship with my affliction."
      },
      {
        "book_name": "Philippians",
        "book": 50,
        "chapter": 4,
        "verse": 15,
        "text": "And ye yourselves also know, ye Philippians, that in the beginning of the gospel, when I departed from Macedonia, no church had fellowship with me in the matter of giving and receiving but ye only;"
      },
      {
        "book_name": "Philippians",
        "book": 50,
        "chapter": 4,
        "verse": 16,
        "text": "for even in Thessalonica ye sent once and again unto my need."
      },
      {
        "book_name": "Philippians",
        "book": 50,
        "chapter": 4,
        "verse": 17,
        "text": "Not that I seek for the gift; but I seek for the fruit that increaseth to your account."
      },
      {
        "book_name": "Philippians",
        "book": 50,
        "chapter": 4,
        "verse": 18,
        "text": "But I have all things, and abound: I am filled, having received from Epaphroditus the things that came from you, an odor of a sweet smell, a sacrifice acceptable, well-pleasing to God."
      },
      {
        "book_name": "Philippians",
        "book": 50,
        "chapter": 4,
        "verse": 19,
        "text": "And my God shall supply every need of yours according to his riches in glory in Christ Jesus."
      },
      {
        "book_name": "Philippians",
        "book": 50,
        "chapter": 4,
        "verse": 20,
        "text": "Now unto our God and Father be the glory for ever and ever. Amen."
      },
      {
        "book_name": "Philippians",
        "book": 50,
        "chapter": 4,
        "verse": 21,
        "text": "Salute every saint in Christ Jesus. The brethren that are with me salute you."
      },
      {
        "book_name": "Philippians",
        "book": 50,
        "chapter": 4,
        "verse": 22,
        "text": "All the saints salute you, especially they that are of Cæsar’s household."
      },
      {
        "book_name": "Philippians",
        "book": 50,
        "chapter": 4,
        "verse": 23,
        "text": "The grace of the Lord Jesus Christ be with your spirit."
      }
    ]
  }
}