{
  "source": "bible.com",
  "version": "American Standard Version",
  "book": "Song of Songs",
  "chapters": {
    "1": [
      {
        "book_name": "Song of Songs",
        "book": 22,
        "chapter": 1,
        "verse": 1,
        "text": "1The Song of songs, which is Solomon’s.  2Let him kiss me with the kisses of his mouth;For thy love is better than wine.  3Thine oils have a goodly fragrance;Thy name is as oil poured forth;Therefore do the virgins love thee.  4Draw me; we will run after thee:The king hath brought me into his chambers;We will be glad and rejoice in thee;We will make mention of thy love more than of wine:Rightly do they love thee.  5I am black, but comely,O ye daughters of Jerusalem,As the tents of Kedar,As the curtains of Solomon.  6Look not upon me, because I am swarthy,Because the sun hath scorched me.My mother’s sons were incensed against me;They made me keeper of the vineyards;  But mine own vineyard have I not kept.  7Tell me, O thou whom my soul loveth,Where thou feedest thy flock,Where thou makest it to rest at noon:For why should I be as one that is veiledBeside the flocks of thy companions?  8If thou know not, O thou fairest among women,Go thy way forth by the footsteps of the flock,And feed thy kids beside the shepherds’ tents.  9I have compared thee, O my love,To a steed in Pharaoh’s chariots.  10Thy cheeks are comely with plaits of hair,Thy neck with strings of jewels.  11We will make thee plaits of goldWith studs of silver.  12While the king sat at his table,My spikenard sent forth its fragrance.  13My beloved is unto me as a bundle of myrrh,That lieth betwixt my breasts.  14My beloved is unto me as a cluster of henna-flowersIn the vineyards of En-gedi.  15Behold, thou art fair, my love;Behold thou art fair;Thine eyes are as doves.  16Behold, thou art fair, my beloved, yea, pleasant:Also our couch is green.  17The beams of our house are cedars,  And our rafters are firs."
      },
      {
        "book_name": "Song of Songs",
        "book": 22,
        "chapter": 1,
        "verse": 1,
        "text": "The Song of songs, which is Solomon’s."
      },
      {
        "book_name": "Song of Songs",
        "book": 22,
        "chapter": 1,
        "verse": 2,
        "text": "Let him kiss me with the kisses of his mouth;"
      },
      {
        "book_name": "Song of Songs",
        "book": 22,
        "chapter": 1,
        "verse": 2,
        "text": "For thy love is better than wine."
      },
      {
        "book_name": "Song of Songs",
        "book": 22,
        "chapter": 1,
        "verse": 3,
        "text": "Thine oils have a goodly fragrance;"
      },
      {
        "book_name": "Song of Songs",
        "book": 22,
        "chapter": 1,
        "verse": 3,
        "text": "Thy name is as oil poured forth;"
      },
      {
        "book_name": "Song of Songs",
        "book": 22,
        "chapter": 1,
        "verse": 3,
        "text": "Therefore do the virgins love thee."
      },
      {
        "book_name": "Song of Songs",
        "book": 22,
        "chapter": 1,
        "verse": 4,
        "text": "Draw me; we will run after thee:"
      },
      {
        "book_name": "Song of Songs",
        "book": 22,
        "chapter": 1,
        "verse": 4,
        "text": "The king hath brought me into his chambers;"
      },
      {
        "book_name": "Song of Songs",
        "book": 22,
        "chapter": 1,
        "verse": 4,
        "text": "We will be glad and rejoice in thee;"
      },
      {
        "book_name": "Song of Songs",
        "book": 22,
        "chapter": 1,
        "verse": 4,
        "text": "We will make mention of thy love more than of wine:"
      },
      {
        "book_name": "Song of Songs",
        "book": 22,
        "chapter": 1,
        "verse": 4,
        "text": "Rightly do they love thee."
      },
      {
        "book_name": "Song of Songs",
        "book": 22,
        "chapter": 1,
        "verse": 5,
        "text": "I am black, but comely,"
      },
      {
        "book_name": "Song of Songs",
        "book": 22,
        "chapter": 1,
        "verse": 5,
        "text": "O ye daughters of Jerusalem,"
      },
      {
        "book_name": "Song of Songs",
        "book": 22,
        "chapter": 1,
        "verse": 5,
        "text": "As the tents of Kedar,"
      },
      {
        "book_name": "Song of Songs",
        "book": 22,
        "chapter": 1,
        "verse": 5,
        "text": "As the curtains of Solomon."
      },
      {
        "book_name": "Song of Songs",
        "book": 22,
        "chapter": 1,
        "verse": 6,
        "text": "Look not upon me, because I am swarthy,"
      },
      {
        "book_name": "Song of Songs",
        "book": 22,
        "chapter": 1,
        "verse": 6,
        "text": "Because the sun hath scorched me."
      },
      {
        "book_name": "Song of Songs",
        "book": 22,
        "chapter": 1,
        "verse": 6,
        "text": "My mother’s sons were incensed against me;"
      },
      {
        "book_name": "Song of Songs",
        "book": 22,
        "chapter": 1,
        "verse": 6,
        "text": "They made me keeper of the vineyards;"
      },
      {
        "book_name": "Song of Songs",
        "book": 22,
        "chapter": 1,
        "verse": 6,
        "text": "But mine own vineyard have I not kept."
      },
      {
        "book_name": "Song of Songs",
        "book": 22,
        "chapter": 1,
        "verse": 7,
        "text": "Tell me, O thou whom my soul loveth,"
      },
      {
        "book_name": "Song of Songs",
        "book": 22,
        "chapter": 1,
        "verse": 7,
        "text": "Where thou feedest thy flock,"
      },
      {
        "book_name": "Song of Songs",
        "book": 22,
        "chapter": 1,
        "verse": 7,
        "text": "Where thou makest it to rest at noon:"
      },
      {
        "book_name": "Song of Songs",
        "book": 22,
        "chapter": 1,
        "verse": 7,
        "text": "For why should I be as one that is veiled"
      },
      {
        "book_name": "Song of Songs",
        "book": 22,
        "chapter": 1,
        "verse": 7,
        "text": "Beside the flocks of thy companions?"
      },
      {
        "book_name": "Song of Songs",
        "book": 22,
        "chapter": 1,
        "verse": 8,
        "text": "If thou know not, O thou fairest among women,"
      },
      {
        "book_name": "Song of Songs",
        "book": 22,
        "chapter": 1,
        "verse": 8,
        "text": "Go thy way forth by the footsteps of the flock,"
      },
      {
        "book_name": "Song of Songs",
        "book": 22,
        "chapter": 1,
        "verse": 8,
        "text": "And feed thy kids beside the shepherds’ tents."
      },
      {
        "book_name": "Song of Songs",
        "book": 22,
        "chapter": 1,
        "verse": 9,
        "text": "I have compared thee, O my love,"
      },
      {
        "book_name": "Song of Songs",
        "book": 22,
        "chapter": 1,
        "verse": 9,
        "text": "To a steed in Pharaoh’s chariots."
      },
      {
        "book_name": "Song of Songs",
        "book": 22,
        "chapter": 1,
        "verse": 10,
        "text": "Thy cheeks are comely with plaits of hair,"
      },
      {
        "book_name": "Song of Songs",
        "book": 22,
        "chapter": 1,
        "verse": 10,
        "text": "Thy neck with strings of jewels."
      },
      {
        "book_name": "Song of Songs",
        "book": 22,
        "chapter": 1,
        "verse": 11,
        "text": "We will make thee plaits of gold"
      },
      {
        "book_name": "Song of Songs",
        "book": 22,
        "chapter": 1,
        "verse": 11,
        "text": "With studs of silver."
      },
      {
        "book_name": "Song of Songs",
        "book": 22,
        "chapter": 1,
        "verse": 12,
        "text": "While the king sat at his table,"
      },
      {
        "book_name": "Song of Songs",
        "book": 22,
        "chapter": 1,
        "verse": 12,
        "text": "My spikenard sent forth its fragrance."
      },
      {
        "book_name": "Song of Songs",
        "book": 22,
        "chapter": 1,
        "verse": 13,
        "text": "My beloved is unto me as a bundle of myrrh,"
      },
      {
        "book_name": "Song of Songs",
        "book": 22,
        "chapter": 1,
        "verse": 13,
        "text": "That lieth betwixt my breasts."
      },
      {
        "book_name": "Song of Songs",
        "book": 22,
        "chapter": 1,
        "verse": 14,
        "text": "My beloved is unto me as a cluster of henna-flowers"
      },
      {
        "book_name": "Song of Songs",
        "book": 22,
        "chapter": 1,
        "verse": 14,
        "text": "In the vineyards of En-gedi."
      },
      {
        "book_name": "Song of Songs",
        "book": 22,
        "chapter": 1,
        "verse": 15,
        "text": "Behold, thou art fair, my love;"
      },
      {
        "book_name": "Song of Songs",
        "book": 22,
        "chapter": 1,
        "verse": 15,
        "text": "Behold thou art fair;"
      },
      {
        "book_name": "Song of Songs",
        "book": 22,
        "chapter": 1,
        "verse": 15,
        "text": "Thine eyes are as doves."
      },
      {
        "book_name": "Song of Songs",
        "book": 22,
        "chapter": 1,
        "verse": 16,
        "text": "Behold, thou art fair, my beloved, yea, pleasant:"
      },
      {
        "book_name": "Song of Songs",
        "book": 22,
        "chapter": 1,
        "verse": 16,
        "text": "Also our couch is green."
      },
      {
        "book_name": "Song of Songs",
        "book": 22,
        "chapter": 1,
        "verse": 17,
        "text": "The beams of our house are cedars,"
      },
      {
        "book_name": "Song of Songs",
        "book": 22,
        "chapter": 1,
        "verse": 17,
        "text": "And our rafters are firs."
      }
    ],
    "2": [
      {
        "book_name": "Song of Songs",
        "book": 22,
        "chapter": 2,
        "verse": 1,
        "text": "1I am a rose of Sharon,A lily of the valleys.  2As a lily among thorns,So is my love among the daughters.  3As the apple-tree among the trees of the wood,So is my beloved among the sons.I sat down under his shadow with great delight,And his fruit was sweet to my taste.  4He brought me to the banqueting-house,And his banner over me was love.  5Stay ye me with raisins, refresh me with apples;For I am sick from love.  6His left hand is under my head,And his right hand doth embrace me.  7I adjure you, O daughters of Jerusalem,By the roes, or by the hinds of the field,That ye stir not up, nor awake my love,Until he please.  8The voice of my beloved! behold, he cometh,Leaping upon the mountains,Skipping upon the hills.  9My beloved is like a roe or a young hart:Behold, he standeth behind our wall;He looketh in at the windows;He glanceth through the lattice.  10My beloved spake, and said unto me,Rise up, my love, my fair one, and come away.  11For, lo, the winter is past;The rain is over and gone;  12The flowers appear on the earth;The time of the singing of birds is come,And the voice of the turtle-dove is heard in our land;  13The fig-tree ripeneth her green figs,And the vines are in blossom;They give forth their fragrance.Arise, my love, my fair one, and come away.  14O my dove, that art in the clefts of the rock,In the covert of the steep place,Let me see thy countenance,Let me hear thy voice;For sweet is thy voice, and thy countenance is comely.  15Take us the foxes, the little foxes,That spoil the vineyards;For our vineyards are in blossom.  16My beloved is mine, and I am his:He feedeth his flock among the lilies.  17Until the day be cool, and the shadows flee away,Turn, my beloved, and be thou like a roe or a young hartUpon the mountains of Bether."
      },
      {
        "book_name": "Song of Songs",
        "book": 22,
        "chapter": 2,
        "verse": 1,
        "text": "I am a rose of Sharon,"
      },
      {
        "book_name": "Song of Songs",
        "book": 22,
        "chapter": 2,
        "verse": 1,
        "text": "A lily of the valleys."
      },
      {
        "book_name": "Song of Songs",
        "book": 22,
        "chapter": 2,
        "verse": 2,
        "text": "As a lily among thorns,"
      },
      {
        "book_name": "Song of Songs",
        "book": 22,
        "chapter": 2,
        "verse": 2,
        "text": "So is my love among the daughters."
      },
      {
        "book_name": "Song of Songs",
        "book": 22,
        "chapter": 2,
        "verse": 3,
        "text": "As the apple-tree among the trees of the wood,"
      },
      {
        "book_name": "Song of Songs",
        "book": 22,
        "chapter": 2,
        "verse": 3,
        "text": "So is my beloved among the sons."
      },
      {
        "book_name": "Song of Songs",
        "book": 22,
        "chapter": 2,
        "verse": 3,
        "text": "I sat down under his shadow with great delight,"
      },
      {
        "book_name": "Song of Songs",
        "book": 22,
        "chapter": 2,
        "verse": 3,
        "text": "And his fruit was sweet to my taste."
      },
      {
        "book_name": "Song of Songs",
        "book": 22,
        "chapter": 2,
        "verse": 4,
        "text": "He brought me to the banqueting-house,"
      },
      {
        "book_name": "Song of Songs",
        "book": 22,
        "chapter": 2,
        "verse": 4,
        "text": "And his banner over me was love."
      },
      {
        "book_name": "Song of Songs",
        "book": 22,
        "chapter": 2,
        "verse": 5,
        "text": "Stay ye me with raisins, refresh me with apples;"
      },
      {
        "book_name": "Song of Songs",
        "book": 22,
        "chapter": 2,
        "verse": 5,
        "text": "For I am sick from love."
      },
      {
        "book_name": "Song of Songs",
        "book": 22,
        "chapter": 2,
        "verse": 6,
        "text": "His left hand is under my head,"
      },
      {
        "book_name": "Song of Songs",
        "book": 22,
        "chapter": 2,
        "verse": 6,
        "text": "And his right hand doth embrace me."
      },
      {
        "book_name": "Song of Songs",
        "book": 22,
        "chapter": 2,
        "verse": 7,
        "text": "I adjure you, O daughters of Jerusalem,"
      },
      {
        "book_name": "Song of Songs",
        "book": 22,
        "chapter": 2,
        "verse": 7,
        "text": "By the roes, or by the hinds of the field,"
      },
      {
        "book_name": "Song of Songs",
        "book": 22,
        "chapter": 2,
        "verse": 7,
        "text": "That ye stir not up, nor awake my love,"
      },
      {
        "book_name": "Song of Songs",
        "book": 22,
        "chapter": 2,
        "verse": 7,
        "text": "Until he please."
      },
      {
        "book_name": "Song of Songs",
        "book": 22,
        "chapter": 2,
        "verse": 8,
        "text": "The voice of my beloved! behold, he cometh,"
      },
      {
        "book_name": "Song of Songs",
        "book": 22,
        "chapter": 2,
        "verse": 8,
        "text": "Leaping upon the mountains,"
      },
      {
        "book_name": "Song of Songs",
        "book": 22,
        "chapter": 2,
        "verse": 8,
        "text": "Skipping upon the hills."
      },
      {
        "book_name": "Song of Songs",
        "book": 22,
        "chapter": 2,
        "verse": 9,
        "text": "My beloved is like a roe or a young hart:"
      },
      {
        "book_name": "Song of Songs",
        "book": 22,
        "chapter": 2,
        "verse": 9,
        "text": "Behold, he standeth behind our wall;"
      },
      {
        "book_name": "Song of Songs",
        "book": 22,
        "chapter": 2,
        "verse": 9,
        "text": "He looketh in at the windows;"
      },
      {
        "book_name": "Song of Songs",
        "book": 22,
        "chapter": 2,
        "verse": 9,
        "text": "He glanceth through the lattice."
      },
      {
        "book_name": "Song of Songs",
        "book": 22,
        "chapter": 2,
        "verse": 10,
        "text": "My beloved spake, and said unto me,"
      },
      {
        "book_name": "Song of Songs",
        "book": 22,
        "chapter": 2,
        "verse": 10,
        "text": "Rise up, my love, my fair one, and come away."
      },
      {
        "book_name": "Song of Songs",
        "book": 22,
        "chapter": 2,
        "verse": 11,
        "text": "For, lo, the winter is past;"
      },
      {
        "book_name": "Song of Songs",
        "book": 22,
        "chapter": 2,
        "verse": 11,
        "text": "The rain is over and gone;"
      },
      {
        "book_name": "Song of Songs",
        "book": 22,
        "chapter": 2,
        "verse": 12,
        "text": "The flowers appear on the earth;"
      },
      {
        "book_name": "Song of Songs",
        "book": 22,
        "chapter": 2,
        "verse": 12,
        "text": "The time of the singing of birds is come,"
      },
      {
        "book_name": "Song of Songs",
        "book": 22,
        "chapter": 2,
        "verse": 12,
        "text": "And the voice of the turtle-dove is heard in our land;"
      },
      {
        "book_name": "Song of Songs",
        "book": 22,
        "chapter": 2,
        "verse": 13,
        "text": "The fig-tree ripeneth her green figs,"
      },
      {
        "book_name": "Song of Songs",
        "book": 22,
        "chapter": 2,
        "verse": 13,
        "text": "And the vines are in blossom;"
      },
      {
        "book_name": "Song of Songs",
        "book": 22,
        "chapter": 2,
        "verse": 13,
        "text": "They give forth their fragrance."
      },
      {
        "book_name": "Song of Songs",
        "book": 22,
        "chapter": 2,
        "verse": 13,
        "text": "Arise, my love, my fair one, and come away."
      },
      {
        "book_name": "Song of Songs",
        "book": 22,
        "chapter": 2,
        "verse": 14,
        "text": "O my dove, that art in the clefts of the rock,"
      },
      {
        "book_name": "Song of Songs",
        "book": 22,
        "chapter": 2,
        "verse": 14,
        "text": "In the covert of the steep place,"
      },
      {
        "book_name": "Song of Songs",
        "book": 22,
        "chapter": 2,
        "verse": 14,
        "text": "Let me see thy countenance,"
      },
      {
        "book_name": "Song of Songs",
        "book": 22,
        "chapter": 2,
        "verse": 14,
        "text": "Let me hear thy voice;"
      },
      {
        "book_name": "Song of Songs",
        "book": 22,
        "chapter": 2,
        "verse": 14,
        "text": "For sweet is thy voice, and thy countenance is comely."
      },
      {
        "book_name": "Song of Songs",
        "book": 22,
        "chapter": 2,
        "verse": 15,
        "text": "Take us the foxes, the little foxes,"
      },
      {
        "book_name": "Song of Songs",
        "book": 22,
        "chapter": 2,
        "verse": 15,
        "text": "That spoil the vineyards;"
      },
      {
        "book_name": "Song of Songs",
        "book": 22,
        "chapter": 2,
        "verse": 15,
        "text": "For our vineyards are in blossom."
      },
      {
        "book_name": "Song of Songs",
        "book": 22,
        "chapter": 2,
        "verse": 16,
        "text": "My beloved is mine, and I am his:"
      },
      {
        "book_name": "Song of Songs",
        "book": 22,
        "chapter": 2,
        "verse": 16,
        "text": "He feedeth his flock among the lilies."
      },
      {
        "book_name": "Song of Songs",
        "book": 22,
        "chapter": 2,
        "verse": 17,
        "text": "Until the day be cool, and the shadows flee away,"
      },
      {
        "book_name": "Song of Songs",
        "book": 22,
        "chapter": 2,
        "verse": 17,
        "text": "Turn, my beloved, and be thou like a roe or a young hart"
      },
      {
        "book_name": "Song of Songs",
        "book": 22,
        "chapter": 2,
        "verse": 17,
        "text": "Upon the mountains of Bether."
      }
    ],
    "3": [
      {
        "book_name": "Song of Songs",
        "book": 22,
        "chapter": 3,
        "verse": 1,
        "text": "1By night on my bedI sought him whom my soul loveth:I sought him, but I found him not.  2  I said, I will rise now, and go about the city;In the streets and in the broad waysI will seek him whom my soul loveth:I sought him, but I found him not.  3The watchmen that go about the city found me;  To whom I said, Saw ye him whom my soul loveth?  4It was but a little that I passed from them,When I found him whom my soul loveth:I held him, and would not let him go,Until I had brought him into my mother’s house,And into the chamber of her that conceived me.  5I adjure you, O daughters of Jerusalem,By the roes, or by the hinds of the field,That ye stir not up, nor awake my love,Until he please.  6Who is this that cometh up from the wildernessLike pillars of smoke,Perfumed with myrrh and frankincense,With all powders of the merchant?  7Behold, it is the litter of Solomon;Threescore mighty men are about it,Of the mighty men of Israel.  8They all handle the sword, and are expert in war:Every man hath his sword upon his thigh,Because of fear in the night.  9King Solomon made himself a palanquinOf the wood of Lebanon.  10He made the pillars thereof of silver,The bottom thereof of gold, the seat of it of purple,The midst thereof being paved with love,From the daughters of Jerusalem.  11Go forth, O ye daughters of Zion, and behold king Solomon,With the crown wherewith his mother hath crowned himIn the day of his espousals,And in the day of the gladness of his heart."
      },
      {
        "book_name": "Song of Songs",
        "book": 22,
        "chapter": 3,
        "verse": 1,
        "text": "By night on my bed"
      },
      {
        "book_name": "Song of Songs",
        "book": 22,
        "chapter": 3,
        "verse": 1,
        "text": "I sought him whom my soul loveth:"
      },
      {
        "book_name": "Song of Songs",
        "book": 22,
        "chapter": 3,
        "verse": 1,
        "text": "I sought him, but I found him not."
      },
      {
        "book_name": "Song of Songs",
        "book": 22,
        "chapter": 3,
        "verse": 2,
        "text": "I said, I will rise now, and go about the city;"
      },
      {
        "book_name": "Song of Songs",
        "book": 22,
        "chapter": 3,
        "verse": 2,
        "text": "In the streets and in the broad ways"
      },
      {
        "book_name": "Song of Songs",
        "book": 22,
        "chapter": 3,
        "verse": 2,
        "text": "I will seek him whom my soul loveth:"
      },
      {
        "book_name": "Song of Songs",
        "book": 22,
        "chapter": 3,
        "verse": 2,
        "text": "I sought him, but I found him not."
      },
      {
        "book_name": "Song of Songs",
        "book": 22,
        "chapter": 3,
        "verse": 3,
        "text": "The watchmen that go about the city found me;"
      },
      {
        "book_name": "Song of Songs",
        "book": 22,
        "chapter": 3,
        "verse": 3,
        "text": "To whom I said, Saw ye him whom my soul loveth?"
      },
      {
        "book_name": "Song of Songs",
        "book": 22,
        "chapter": 3,
        "verse": 4,
        "text": "It was but a little that I passed from them,"
      },
      {
        "book_name": "Song of Songs",
        "book": 22,
        "chapter": 3,
        "verse": 4,
        "text": "When I found him whom my soul loveth:"
      },
      {
        "book_name": "Song of Songs",
        "book": 22,
        "chapter": 3,
        "verse": 4,
        "text": "I held him, and would not let him go,"
      },
      {
        "book_name": "Song of Songs",
        "book": 22,
        "chapter": 3,
        "verse": 4,
        "text": "Until I had brought him into my mother’s house,"
      },
      {
        "book_name": "Song of Songs",
        "book": 22,
        "chapter": 3,
        "verse": 4,
        "text": "And into the chamber of her that conceived me."
      },
      {
        "book_name": "Song of Songs",
        "book": 22,
        "chapter": 3,
        "verse": 5,
        "text": "I adjure you, O daughters of Jerusalem,"
      },
      {
        "book_name": "Song of Songs",
        "book": 22,
        "chapter": 3,
        "verse": 5,
        "text": "By the roes, or by the hinds of the field,"
      },
      {
        "book_name": "Song of Songs",
        "book": 22,
        "chapter": 3,
        "verse": 5,
        "text": "That ye stir not up, nor awake my love,"
      },
      {
        "book_name": "Song of Songs",
        "book": 22,
        "chapter": 3,
        "verse": 5,
        "text": "Until he please."
      },
      {
        "book_name": "Song of Songs",
        "book": 22,
        "chapter": 3,
        "verse": 6,
        "text": "Who is this that cometh up from the wilderness"
      },
      {
        "book_name": "Song of Songs",
        "book": 22,
        "chapter": 3,
        "verse": 6,
        "text": "Like pillars of smoke,"
      },
      {
        "book_name": "Song of Songs",
        "book": 22,
        "chapter": 3,
        "verse": 6,
        "text": "Perfumed with myrrh and frankincense,"
      },
      {
        "book_name": "Song of Songs",
        "book": 22,
        "chapter": 3,
        "verse": 6,
        "text": "With all powders of the merchant?"
      },
      {
        "book_name": "Song of Songs",
        "book": 22,
        "chapter": 3,
        "verse": 7,
        "text": "Behold, it is the litter of Solomon;"
      },
      {
        "book_name": "Song of Songs",
        "book": 22,
        "chapter": 3,
        "verse": 7,
        "text": "Threescore mighty men are about it,"
      },
      {
        "book_name": "Song of Songs",
        "book": 22,
        "chapter": 3,
        "verse": 7,
        "text": "Of the mighty men of Israel."
      },
      {
        "book_name": "Song of Songs",
        "book": 22,
        "chapter": 3,
        "verse": 8,
        "text": "They all handle the sword, and are expert in war:"
      },
      {
        "book_name": "Song of Songs",
        "book": 22,
        "chapter": 3,
        "verse": 8,
        "text": "Every man hath his sword upon his thigh,"
      },
      {
        "book_name": "Song of Songs",
        "book": 22,
        "chapter": 3,
        "verse": 8,
        "text": "Because of fear in the night."
      },
      {
        "book_name": "Song of Songs",
        "book": 22,
        "chapter": 3,
        "verse": 9,
        "text": "King Solomon made himself a palanquin"
      },
      {
        "book_name": "Song of Songs",
        "book": 22,
        "chapter": 3,
        "verse": 9,
        "text": "Of the wood of Lebanon."
      },
      {
        "book_name": "Song of Songs",
        "book": 22,
        "chapter": 3,
        "verse": 10,
        "text": "He made the pillars thereof of silver,"
      },
      {
        "book_name": "Song of Songs",
        "book": 22,
        "chapter": 3,
        "verse": 10,
        "text": "The bottom thereof of gold, the seat of it of purple,"
      },
      {
        "book_name": "Song of Songs",
        "book": 22,
        "chapter": 3,
        "verse": 10,
        "text": "The midst thereof being paved with love,"
      },
      {
        "book_name": "Song of Songs",
        "book": 22,
        "chapter": 3,
        "verse": 10,
        "text": "From the daughters of Jerusalem."
      },
      {
        "book_name": "Song of Songs",
        "book": 22,
        "chapter": 3,
        "verse": 11,
        "text": "Go forth, O ye daughters of Zion, and behold king Solomon,"
      },
      {
        "book_name": "Song of Songs",
        "book": 22,
        "chapter": 3,
        "verse": 11,
        "text": "With the crown wherewith his mother hath crowned him"
      },
      {
        "book_name": "Song of Songs",
        "book": 22,
        "chapter": 3,
        "verse": 11,
        "text": "In the day of his espousals,"
      },
      {
        "book_name": "Song of Songs",
        "book": 22,
        "chapter": 3,
        "verse": 11,
        "text": "And in the day of the gladness of his heart."
      }
    ],
    "4": [
      {
        "book_name": "Song of Songs",
        "book": 22,
        "chapter": 4,
        "verse": 1,
        "text": "1Behold, thou art fair, my love; behold, thou art fair;Thine eyes are as doves behind thy veil.Thy hair is as a flock of goats,That lie along the side of mount Gilead.  2Thy teeth are like a flock of ewes that are newly shorn,Which are come up from the washing,Whereof every one hath twins,And none is bereaved among them.  3Thy lips are like a thread of scarlet,And thy mouth is comely.Thy temples are like a piece of a pomegranateBehind thy veil.  4Thy neck is like the tower of DavidBuilded for an armory,Whereon there hang a thousand bucklers,All the shields of the mighty men.  5Thy two breasts are like two fawnsThat are twins of a roe,Which feed among the lilies.  6Until the day be cool, and the shadows flee away,I will get me to the mountain of myrrh,And to the hill of frankincense.  7Thou art all fair, my love;And there is no spot in thee.  8Come with me from Lebanon, my bride,With me from Lebanon:Look from the top of Amana,From the top of Senir and Hermon,From the lions’ dens,From the mountains of the leopards.  9Thou hast ravished my heart, my sister, my bride;Thou hast ravished my heart with one of thine eyes,With one chain of thy neck.  10How fair is thy love, my sister, my bride!How much better is thy love than wine!And the fragrance of thine oils than all manner of spices!  11Thy lips, O my bride, drop as the honeycomb:Honey and milk are under thy tongue;And the smell of thy garments is like the smell of Lebanon.  12A garden shut up is my sister, my bride;A spring shut up, a fountain sealed.  13Thy shoots are an orchard of pomegranates, with precious fruits;Henna with spikenard plants,  14Spikenard and saffron,Calamus and cinnamon, with all trees of frankincense;Myrrh and aloes, with all the chief spices.  15  Thou art a fountain of gardens,A well of living waters,And flowing streams from Lebanon.  16Awake, O north wind; and come, thou south;Blow upon my garden, that the spices thereof may flow out.Let my beloved come into his garden,And eat his precious fruits."
      },
      {
        "book_name": "Song of Songs",
        "book": 22,
        "chapter": 4,
        "verse": 1,
        "text": "Behold, thou art fair, my love; behold, thou art fair;"
      },
      {
        "book_name": "Song of Songs",
        "book": 22,
        "chapter": 4,
        "verse": 1,
        "text": "Thine eyes are as doves behind thy veil."
      },
      {
        "book_name": "Song of Songs",
        "book": 22,
        "chapter": 4,
        "verse": 1,
        "text": "Thy hair is as a flock of goats,"
      },
      {
        "book_name": "Song of Songs",
        "book": 22,
        "chapter": 4,
        "verse": 1,
        "text": "That lie along the side of mount Gilead."
      },
      {
        "book_name": "Song of Songs",
        "book": 22,
        "chapter": 4,
        "verse": 2,
        "text": "Thy teeth are like a flock of ewes that are newly shorn,"
      },
      {
        "book_name": "Song of Songs",
        "book": 22,
        "chapter": 4,
        "verse": 2,
        "text": "Which are come up from the washing,"
      },
      {
        "book_name": "Song of Songs",
        "book": 22,
        "chapter": 4,
        "verse": 2,
        "text": "Whereof every one hath twins,"
      },
      {
        "book_name": "Song of Songs",
        "book": 22,
        "chapter": 4,
        "verse": 2,
        "text": "And none is bereaved among them."
      },
      {
        "book_name": "Song of Songs",
        "book": 22,
        "chapter": 4,
        "verse": 3,
        "text": "Thy lips are like a thread of scarlet,"
      },
      {
        "book_name": "Song of Songs",
        "book": 22,
        "chapter": 4,
        "verse": 3,
        "text": "And thy mouth is comely."
      },
      {
        "book_name": "Song of Songs",
        "book": 22,
        "chapter": 4,
        "verse": 3,
        "text": "Thy temples are like a piece of a pomegranate"
      },
      {
        "book_name": "Song of Songs",
        "book": 22,
        "chapter": 4,
        "verse": 3,
        "text": "Behind thy veil."
      },
      {
        "book_name": "Song of Songs",
        "book": 22,
        "chapter": 4,
        "verse": 4,
        "text": "Thy neck is like the tower of David"
      },
      {
        "book_name": "Song of Songs",
        "book": 22,
        "chapter": 4,
        "verse": 4,
        "text": "Builded for an armory,"
      },
      {
        "book_name": "Song of Songs",
        "book": 22,
        "chapter": 4,
        "verse": 4,
        "text": "Whereon there hang a thousand bucklers,"
      },
      {
        "book_name": "Song of Songs",
        "book": 22,
        "chapter": 4,
        "verse": 4,
        "text": "All the shields of the mighty men."
      },
      {
        "book_name": "Song of Songs",
        "book": 22,
        "chapter": 4,
        "verse": 5,
        "text": "Thy two breasts are like two fawns"
      },
      {
        "book_name": "Song of Songs",
        "book": 22,
        "chapter": 4,
        "verse": 5,
        "text": "That are twins of a roe,"
      },
      {
        "book_name": "Song of Songs",
        "book": 22,
        "chapter": 4,
        "verse": 5,
        "text": "Which feed among the lilies."
      },
      {
        "book_name": "Song of Songs",
        "book": 22,
        "chapter": 4,
        "verse": 6,
        "text": "Until the day be cool, and the shadows flee away,"
      },
      {
        "book_name": "Song of Songs",
        "book": 22,
        "chapter": 4,
        "verse": 6,
        "text": "I will get me to the mountain of myrrh,"
      },
      {
        "book_name": "Song of Songs",
        "book": 22,
        "chapter": 4,
        "verse": 6,
        "text": "And to the hill of frankincense."
      },
      {
        "book_name": "Song of Songs",
        "book": 22,
        "chapter": 4,
        "verse": 7,
        "text": "Thou art all fair, my love;"
      },
      {
        "book_name": "Song of Songs",
        "book": 22,
        "chapter": 4,
        "verse": 7,
        "text": "And there is no spot in thee."
      },
      {
        "book_name": "Song of Songs",
        "book": 22,
        "chapter": 4,
        "verse": 8,
        "text": "Come with me from Lebanon, my bride,"
      },
      {
        "book_name": "Song of Songs",
        "book": 22,
        "chapter": 4,
        "verse": 8,
        "text": "With me from Lebanon:"
      },
      {
        "book_name": "Song of Songs",
        "book": 22,
        "chapter": 4,
        "verse": 8,
        "text": "Look from the top of Amana,"
      },
      {
        "book_name": "Song of Songs",
        "book": 22,
        "chapter": 4,
        "verse": 8,
        "text": "From the top of Senir and Hermon,"
      },
      {
        "book_name": "Song of Songs",
        "book": 22,
        "chapter": 4,
        "verse": 8,
        "text": "From the lions’ dens,"
      },
      {
        "book_name": "Song of Songs",
        "book": 22,
        "chapter": 4,
        "verse": 8,
        "text": "From the mountains of the leopards."
      },
      {
        "book_name": "Song of Songs",
        "book": 22,
        "chapter": 4,
        "verse": 9,
        "text": "Thou hast ravished my heart, my sister, my bride;"
      },
      {
        "book_name": "Song of Songs",
        "book": 22,
        "chapter": 4,
        "verse": 9,
        "text": "Thou hast ravished my heart with one of thine eyes,"
      },
      {
        "book_name": "Song of Songs",
        "book": 22,
        "chapter": 4,
        "verse": 9,
        "text": "With one chain of thy neck."
      },
      {
        "book_name": "Song of Songs",
        "book": 22,
        "chapter": 4,
        "verse": 10,
        "text": "How fair is thy love, my sister, my bride!"
      },
      {
        "book_name": "Song of Songs",
        "book": 22,
        "chapter": 4,
        "verse": 10,
        "text": "How much better is thy love than wine!"
      },
      {
        "book_name": "Song of Songs",
        "book": 22,
        "chapter": 4,
        "verse": 10,
        "text": "And the fragrance of thine oils than all manner of spices!"
      },
      {
        "book_name": "Song of Songs",
        "book": 22,
        "chapter": 4,
        "verse": 11,
        "text": "Thy lips, O my bride, drop as the honeycomb:"
      },
      {
        "book_name": "Song of Songs",
        "book": 22,
        "chapter": 4,
        "verse": 11,
        "text": "Honey and milk are under thy tongue;"
      },
      {
        "book_name": "Song of Songs",
        "book": 22,
        "chapter": 4,
        "verse": 11,
        "text": "And the smell of thy garments is like the smell of Lebanon."
      },
      {
        "book_name": "Song of Songs",
        "book": 22,
        "chapter": 4,
        "verse": 12,
        "text": "A garden shut up is my sister, my bride;"
      },
      {
        "book_name": "Song of Songs",
        "book": 22,
        "chapter": 4,
        "verse": 12,
        "text": "A spring shut up, a fountain sealed."
      },
      {
        "book_name": "Song of Songs",
        "book": 22,
        "chapter": 4,
        "verse": 13,
        "text": "Thy shoots are an orchard of pomegranates, with precious fruits;"
      },
      {
        "book_name": "Song of Songs",
        "book": 22,
        "chapter": 4,
        "verse": 13,
        "text": "Henna with spikenard plants,"
      },
      {
        "book_name": "Song of Songs",
        "book": 22,
        "chapter": 4,
        "verse": 14,
        "text": "Spikenard and saffron,"
      },
      {
        "book_name": "Song of Songs",
        "book": 22,
        "chapter": 4,
        "verse": 14,
        "text": "Calamus and cinnamon, with all trees of frankincense;"
      },
      {
        "book_name": "Song of Songs",
        "book": 22,
        "chapter": 4,
        "verse": 14,
        "text": "Myrrh and aloes, with all the chief spices."
      },
      {
        "book_name": "Song of Songs",
        "book": 22,
        "chapter": 4,
        "verse": 15,
        "text": "Thou art a fountain of gardens,"
      },
      {
        "book_name": "Song of Songs",
        "book": 22,
        "chapter": 4,
        "verse": 15,
        "text": "A well of living waters,"
      },
      {
        "book_name": "Song of Songs",
        "book": 22,
        "chapter": 4,
        "verse": 15,
        "text": "And flowing streams from Lebanon."
      },
      {
        "book_name": "Song of Songs",
        "book": 22,
        "chapter": 4,
        "verse": 16,
        "text": "Awake, O north wind; and come, thou south;"
      },
      {
        "book_name": "Song of Songs",
        "book": 22,
        "chapter": 4,
        "verse": 16,
        "text": "Blow upon my garden, that the spices thereof may flow out."
      },
      {
        "book_name": "Song of Songs",
        "book": 22,
        "chapter": 4,
        "verse": 16,
        "text": "Let my beloved come into his garden,"
      },
      {
        "book_name": "Song of Songs",
        "book": 22,
        "chapter": 4,
        "verse": 16,
        "text": "And eat his precious fruits."
      }
    ],
    "5": [
      {
        "book_name": "Song of Songs",
        "book": 22,
        "chapter": 5,
        "verse": 1,
        "text": "1I am come into my garden, my sister, my bride:I have gathered my myrrh with my spice;I have eaten my honeycomb with my honey;I have drunk my wine with my milk.Eat, O friends;Drink, yea, drink abundantly, O beloved.  2I was asleep, but my heart waked:It is the voice of my beloved that knocketh, saying,Open to me, my sister, my love, my dove, my undefiled;For my head is filled with dew,My locks with the drops of the night.  3I have put off my garment; how shall I put it on?I have washed my feet; how shall I defile them?  4My beloved put in his hand by the hole of the door,And my heart was moved for him.  5I rose up to open to my beloved;And my hands dropped with myrrh,And my fingers with liquid myrrh,Upon the handles of the bolt.  6I opened to my beloved;But my beloved had withdrawn himself, and was gone.My soul had failed me when he spake:I sought him, but I could not find him;I called him, but he gave me no answer.  7The watchmen that go about the city found me,They smote me, they wounded me;The keepers of the walls took away my mantle from me.  8I adjure you, O daughters of Jerusalem,If ye find my beloved,That ye tell him, that I am sick from love.  9What is thy beloved more than another beloved,O thou fairest among women?What is thy beloved more than another beloved,That thou dost so adjure us?  10My beloved is white and ruddy,The chiefest among ten thousand.  11His head is as the most fine gold;His locks are bushy, and black as a raven.  12His eyes are like doves beside the water-brooks,Washed with milk, and fitly set.  13His cheeks are as a bed of spices,  As banks of sweet herbs:His lips are as lilies, dropping liquid myrrh.  14His hands are as rings of gold set with beryl:His body is as ivory work overlaid with sapphires.  15His legs are as pillars of marble, set upon sockets of fine gold:His aspect is like Lebanon, excellent as the cedars.  16His mouth is most sweet;Yea, he is altogether lovely.This is my beloved, and this is my friend,O daughters of Jerusalem."
      },
      {
        "book_name": "Song of Songs",
        "book": 22,
        "chapter": 5,
        "verse": 1,
        "text": "I am come into my garden, my sister, my bride:"
      },
      {
        "book_name": "Song of Songs",
        "book": 22,
        "chapter": 5,
        "verse": 1,
        "text": "I have gathered my myrrh with my spice;"
      },
      {
        "book_name": "Song of Songs",
        "book": 22,
        "chapter": 5,
        "verse": 1,
        "text": "I have eaten my honeycomb with my honey;"
      },
      {
        "book_name": "Song of Songs",
        "book": 22,
        "chapter": 5,
        "verse": 1,
        "text": "I have drunk my wine with my milk."
      },
      {
        "book_name": "Song of Songs",
        "book": 22,
        "chapter": 5,
        "verse": 1,
        "text": "Eat, O friends;"
      },
      {
        "book_name": "Song of Songs",
        "book": 22,
        "chapter": 5,
        "verse": 1,
        "text": "Drink, yea, drink abundantly, O beloved."
      },
      {
        "book_name": "Song of Songs",
        "book": 22,
        "chapter": 5,
        "verse": 2,
        "text": "I was asleep, but my heart waked:"
      },
      {
        "book_name": "Song of Songs",
        "book": 22,
        "chapter": 5,
        "verse": 2,
        "text": "It is the voice of my beloved that knocketh, saying,"
      },
      {
        "book_name": "Song of Songs",
        "book": 22,
        "chapter": 5,
        "verse": 2,
        "text": "Open to me, my sister, my love, my dove, my undefiled;"
      },
      {
        "book_name": "Song of Songs",
        "book": 22,
        "chapter": 5,
        "verse": 2,
        "text": "For my head is filled with dew,"
      },
      {
        "book_name": "Song of Songs",
        "book": 22,
        "chapter": 5,
        "verse": 2,
        "text": "My locks with the drops of the night."
      },
      {
        "book_name": "Song of Songs",
        "book": 22,
        "chapter": 5,
        "verse": 3,
        "text": "I have put off my garment; how shall I put it on?"
      },
      {
        "book_name": "Song of Songs",
        "book": 22,
        "chapter": 5,
        "verse": 3,
        "text": "I have washed my feet; how shall I defile them?"
      },
      {
        "book_name": "Song of Songs",
        "book": 22,
        "chapter": 5,
        "verse": 4,
        "text": "My beloved put in his hand by the hole of the door,"
      },
      {
        "book_name": "Song of Songs",
        "book": 22,
        "chapter": 5,
        "verse": 4,
        "text": "And my heart was moved for him."
      },
      {
        "book_name": "Song of Songs",
        "book": 22,
        "chapter": 5,
        "verse": 5,
        "text": "I rose up to open to my beloved;"
      },
      {
        "book_name": "Song of Songs",
        "book": 22,
        "chapter": 5,
        "verse": 5,
        "text": "And my hands dropped with myrrh,"
      },
      {
        "book_name": "Song of Songs",
        "book": 22,
        "chapter": 5,
        "verse": 5,
        "text": "And my fingers with liquid myrrh,"
      },
      {
        "book_name": "Song of Songs",
        "book": 22,
        "chapter": 5,
        "verse": 5,
        "text": "Upon the handles of the bolt."
      },
      {
        "book_name": "Song of Songs",
        "book": 22,
        "chapter": 5,
        "verse": 6,
        "text": "I opened to my beloved;"
      },
      {
        "book_name": "Song of Songs",
        "book": 22,
        "chapter": 5,
        "verse": 6,
        "text": "But my beloved had withdrawn himself, and was gone."
      },
      {
        "book_name": "Song of Songs",
        "book": 22,
        "chapter": 5,
        "verse": 6,
        "text": "My soul had failed me when he spake:"
      },
      {
        "book_name": "Song of Songs",
        "book": 22,
        "chapter": 5,
        "verse": 6,
        "text": "I sought him, but I could not find him;"
      },
      {
        "book_name": "Song of Songs",
        "book": 22,
        "chapter": 5,
        "verse": 6,
        "text": "I called him, but he gave me no answer."
      },
      {
        "book_name": "Song of Songs",
        "book": 22,
        "chapter": 5,
        "verse": 7,
        "text": "The watchmen that go about the city found me,"
      },
      {
        "book_name": "Song of Songs",
        "book": 22,
        "chapter": 5,
        "verse": 7,
        "text": "They smote me, they wounded me;"
      },
      {
        "book_name": "Song of Songs",
        "book": 22,
        "chapter": 5,
        "verse": 7,
        "text": "The keepers of the walls took away my mantle from me."
      },
      {
        "book_name": "Song of Songs",
        "book": 22,
        "chapter": 5,
        "verse": 8,
        "text": "I adjure you, O daughters of Jerusalem,"
      },
      {
        "book_name": "Song of Songs",
        "book": 22,
        "chapter": 5,
        "verse": 8,
        "text": "If ye find my beloved,"
      },
      {
        "book_name": "Song of Songs",
        "book": 22,
        "chapter": 5,
        "verse": 8,
        "text": "That ye tell him, that I am sick from love."
      },
      {
        "book_name": "Song of Songs",
        "book": 22,
        "chapter": 5,
        "verse": 9,
        "text": "What is thy beloved more than another beloved,"
      },
      {
        "book_name": "Song of Songs",
        "book": 22,
        "chapter": 5,
        "verse": 9,
        "text": "O thou fairest among women?"
      },
      {
        "book_name": "Song of Songs",
        "book": 22,
        "chapter": 5,
        "verse": 9,
        "text": "What is thy beloved more than another beloved,"
      },
      {
        "book_name": "Song of Songs",
        "book": 22,
        "chapter": 5,
        "verse": 9,
        "text": "That thou dost so adjure us?"
      },
      {
        "book_name": "Song of Songs",
        "book": 22,
        "chapter": 5,
        "verse": 10,
        "text": "My beloved is white and ruddy,"
      },
      {
        "book_name": "Song of Songs",
        "book": 22,
        "chapter": 5,
        "verse": 10,
        "text": "The chiefest among ten thousand."
      },
      {
        "book_name": "Song of Songs",
        "book": 22,
        "chapter": 5,
        "verse": 11,
        "text": "His head is as the most fine gold;"
      },
      {
        "book_name": "Song of Songs",
        "book": 22,
        "chapter": 5,
        "verse": 11,
        "text": "His locks are bushy, and black as a raven."
      },
      {
        "book_name": "Song of Songs",
        "book": 22,
        "chapter": 5,
        "verse": 12,
        "text": "His eyes are like doves beside the water-brooks,"
      },
      {
        "book_name": "Song of Songs",
        "book": 22,
        "chapter": 5,
        "verse": 12,
        "text": "Washed with milk, and fitly set."
      },
      {
        "book_name": "Song of Songs",
        "book": 22,
        "chapter": 5,
        "verse": 13,
        "text": "His cheeks are as a bed of spices,"
      },
      {
        "book_name": "Song of Songs",
        "book": 22,
        "chapter": 5,
        "verse": 13,
        "text": "As banks of sweet herbs:"
      },
      {
        "book_name": "Song of Songs",
        "book": 22,
        "chapter": 5,
        "verse": 13,
        "text": "His lips are as lilies, dropping liquid myrrh."
      },
      {
        "book_name": "Song of Songs",
        "book": 22,
        "chapter": 5,
        "verse": 14,
        "text": "His hands are as rings of gold set with beryl:"
      },
      {
        "book_name": "Song of Songs",
        "book": 22,
        "chapter": 5,
        "verse": 14,
        "text": "His body is as ivory work overlaid with sapphires."
      },
      {
        "book_name": "Song of Songs",
        "book": 22,
        "chapter": 5,
        "verse": 15,
        "text": "His legs are as pillars of marble, set upon sockets of fine gold:"
      },
      {
        "book_name": "Song of Songs",
        "book": 22,
        "chapter": 5,
        "verse": 15,
        "text": "His aspect is like Lebanon, excellent as the cedars."
      },
      {
        "book_name": "Song of Songs",
        "book": 22,
        "chapter": 5,
        "verse": 16,
        "text": "His mouth is most sweet;"
      },
      {
        "book_name": "Song of Songs",
        "book": 22,
        "chapter": 5,
        "verse": 16,
        "text": "Yea, he is altogether lovely."
      },
      {
        "book_name": "Song of Songs",
        "book": 22,
        "chapter": 5,
        "verse": 16,
        "text": "This is my beloved, and this is my friend,"
      },
      {
        "book_name": "Song of Songs",
        "book": 22,
        "chapter": 5,
        "verse": 16,
        "text": "O daughters of Jerusalem."
      }
    ],
    "6": [
      {
        "book_name": "Song of Songs",
        "book": 22,
        "chapter": 6,
        "verse": 1,
        "text": "1Whither is thy beloved gone,O thou fairest among women?Whither hath thy beloved turned him,That we may seek him with thee?  2My beloved is gone down to his garden,To the beds of spices,To feed in the gardens, and to gather lilies.  3I am my beloved’s, and my beloved is mine:He feedeth his flock among the lilies.  4Thou art fair, O my love, as Tirzah,Comely as Jerusalem,Terrible as an army with banners.  5Turn away thine eyes from me,For they have overcome me.Thy hair is as a flock of goats,That lie along the side of Gilead.  6Thy teeth are like a flock of ewes,Which are come up from the washing;Whereof every one hath twins,And none is bereaved among them.  7Thy temples are like a piece of a pomegranateBehind thy veil.  8There are threescore queens, and fourscore concubines,And virgins without number.  9My dove, my undefiled, is but one;She is the only one of her mother;She is the choice one of her that bare her.The daughters saw her, and called her blessed;  Yea, the queens and the concubines, and they praised her.  10Who is she that looketh forth as the morning,Fair as the moon,Clear as the sun,Terrible as an army with banners?  11I went down into the garden of nuts,To see the green plants of the valley,To see whether the vine budded,  And the pomegranates were in flower.  12Before I was aware, my soul set me  Among the chariots of my princely people.  13Return, return, O Shulammite;Return, return, that we may look upon thee.Why will ye look upon the Shulammite,As upon the dance of Mahanaim?"
      },
      {
        "book_name": "Song of Songs",
        "book": 22,
        "chapter": 6,
        "verse": 1,
        "text": "Whither is thy beloved gone,"
      },
      {
        "book_name": "Song of Songs",
        "book": 22,
        "chapter": 6,
        "verse": 1,
        "text": "O thou fairest among women?"
      },
      {
        "book_name": "Song of Songs",
        "book": 22,
        "chapter": 6,
        "verse": 1,
        "text": "Whither hath thy beloved turned him,"
      },
      {
        "book_name": "Song of Songs",
        "book": 22,
        "chapter": 6,
        "verse": 1,
        "text": "That we may seek him with thee?"
      },
      {
        "book_name": "Song of Songs",
        "book": 22,
        "chapter": 6,
        "verse": 2,
        "text": "My beloved is gone down to his garden,"
      },
      {
        "book_name": "Song of Songs",
        "book": 22,
        "chapter": 6,
        "verse": 2,
        "text": "To the beds of spices,"
      },
      {
        "book_name": "Song of Songs",
        "book": 22,
        "chapter": 6,
        "verse": 2,
        "text": "To feed in the gardens, and to gather lilies."
      },
      {
        "book_name": "Song of Songs",
        "book": 22,
        "chapter": 6,
        "verse": 3,
        "text": "I am my beloved’s, and my beloved is mine:"
      },
      {
        "book_name": "Song of Songs",
        "book": 22,
        "chapter": 6,
        "verse": 3,
        "text": "He feedeth his flock among the lilies."
      },
      {
        "book_name": "Song of Songs",
        "book": 22,
        "chapter": 6,
        "verse": 4,
        "text": "Thou art fair, O my love, as Tirzah,"
      },
      {
        "book_name": "Song of Songs",
        "book": 22,
        "chapter": 6,
        "verse": 4,
        "text": "Comely as Jerusalem,"
      },
      {
        "book_name": "Song of Songs",
        "book": 22,
        "chapter": 6,
        "verse": 4,
        "text": "Terrible as an army with banners."
      },
      {
        "book_name": "Song of Songs",
        "book": 22,
        "chapter": 6,
        "verse": 5,
        "text": "Turn away thine eyes from me,"
      },
      {
        "book_name": "Song of Songs",
        "book": 22,
        "chapter": 6,
        "verse": 5,
        "text": "For they have overcome me."
      },
      {
        "book_name": "Song of Songs",
        "book": 22,
        "chapter": 6,
        "verse": 5,
        "text": "Thy hair is as a flock of goats,"
      },
      {
        "book_name": "Song of Songs",
        "book": 22,
        "chapter": 6,
        "verse": 5,
        "text": "That lie along the side of Gilead."
      },
      {
        "book_name": "Song of Songs",
        "book": 22,
        "chapter": 6,
        "verse": 6,
        "text": "Thy teeth are like a flock of ewes,"
      },
      {
        "book_name": "Song of Songs",
        "book": 22,
        "chapter": 6,
        "verse": 6,
        "text": "Which are come up from the washing;"
      },
      {
        "book_name": "Song of Songs",
        "book": 22,
        "chapter": 6,
        "verse": 6,
        "text": "Whereof every one hath twins,"
      },
      {
        "book_name": "Song of Songs",
        "book": 22,
        "chapter": 6,
        "verse": 6,
        "text": "And none is bereaved among them."
      },
      {
        "book_name": "Song of Songs",
        "book": 22,
        "chapter": 6,
        "verse": 7,
        "text": "Thy temples are like a piece of a pomegranate"
      },
      {
        "book_name": "Song of Songs",
        "book": 22,
        "chapter": 6,
        "verse": 7,
        "text": "Behind thy veil."
      },
      {
        "book_name": "Song of Songs",
        "book": 22,
        "chapter": 6,
        "verse": 8,
        "text": "There are threescore queens, and fourscore concubines,"
      },
      {
        "book_name": "Song of Songs",
        "book": 22,
        "chapter": 6,
        "verse": 8,
        "text": "And virgins without number."
      },
      {
        "book_name": "Song of Songs",
        "book": 22,
        "chapter": 6,
        "verse": 9,
        "text": "My dove, my undefiled, is but one;"
      },
      {
        "book_name": "Song of Songs",
        "book": 22,
        "chapter": 6,
        "verse": 9,
        "text": "She is the only one of her mother;"
      },
      {
        "book_name": "Song of Songs",
        "book": 22,
        "chapter": 6,
        "verse": 9,
        "text": "She is the choice one of her that bare her."
      },
      {
        "book_name": "Song of Songs",
        "book": 22,
        "chapter": 6,
        "verse": 9,
        "text": "The daughters saw her, and called her blessed;"
      },
      {
        "book_name": "Song of Songs",
        "book": 22,
        "chapter": 6,
        "verse": 9,
        "text": "Yea, the queens and the concubines, and they praised her."
      },
      {
        "book_name": "Song of Songs",
        "book": 22,
        "chapter": 6,
        "verse": 10,
        "text": "Who is she that looketh forth as the morning,"
      },
      {
        "book_name": "Song of Songs",
        "book": 22,
        "chapter": 6,
        "verse": 10,
        "text": "Fair as the moon,"
      },
      {
        "book_name": "Song of Songs",
        "book": 22,
        "chapter": 6,
        "verse": 10,
        "text": "Clear as the sun,"
      },
      {
        "book_name": "Song of Songs",
        "book": 22,
        "chapter": 6,
        "verse": 10,
        "text": "Terrible as an army with banners?"
      },
      {
        "book_name": "Song of Songs",
        "book": 22,
        "chapter": 6,
        "verse": 11,
        "text": "I went down into the garden of nuts,"
      },
      {
        "book_name": "Song of Songs",
        "book": 22,
        "chapter": 6,
        "verse": 11,
        "text": "To see the green plants of the valley,"
      },
      {
        "book_name": "Song of Songs",
        "book": 22,
        "chapter": 6,
        "verse": 11,
        "text": "To see whether the vine budded,"
      },
      {
        "book_name": "Song of Songs",
        "book": 22,
        "chapter": 6,
        "verse": 11,
        "text": "And the pomegranates were in flower."
      },
      {
        "book_name": "Song of Songs",
        "book": 22,
        "chapter": 6,
        "verse": 12,
        "text": "Before I was aware, my soul set me"
      },
      {
        "book_name": "Song of Songs",
        "book": 22,
        "chapter": 6,
        "verse": 12,
        "text": "Among the chariots of my princely people."
      },
      {
        "book_name": "Song of Songs",
        "book": 22,
        "chapter": 6,
        "verse": 13,
        "text": "Return, return, O Shulammite;"
      },
      {
        "book_name": "Song of Songs",
        "book": 22,
        "chapter": 6,
        "verse": 13,
        "text": "Return, return, that we may look upon thee."
      },
      {
        "book_name": "Song of Songs",
        "book": 22,
        "chapter": 6,
        "verse": 13,
        "text": "Why will ye look upon the Shulammite,"
      },
      {
        "book_name": "Song of Songs",
        "book": 22,
        "chapter": 6,
        "verse": 13,
        "text": "As upon the dance of Mahanaim?"
      }
    ],
    "7": [
      {
        "book_name": "Song of Songs",
        "book": 22,
        "chapter": 7,
        "verse": 1,
        "text": "1How beautiful are thy feet in sandals, O prince’s daughter!Thy rounded thighs are like jewels,The work of the hands of a skilful workman.  2Thy body is like a round goblet,  Wherein no mingled wine is wanting:Thy waist is like a heap of wheatSet about with lilies.  3Thy two breasts are like two fawnsThat are twins of a roe.  4Thy neck is like the tower of ivory;Thine eyes as the pools in Heshbon,By the gate of Bath-rabbim;Thy nose is like the tower of LebanonWhich looketh toward Damascus.  5Thy head upon thee is like Carmel,And the hair of thy head like purple;The king is held captive in the tresses thereof.  6How fair and how pleasant art thou,O love, for delights!  7This thy stature is like to a palm-tree,And thy breasts to its clusters.  8I said, I will climb up into the palm-tree,I will take hold of the branches thereof:Let thy breasts be as clusters of the vine,And the smell of thy breath like apples,  9And thy mouth like the best wine,That goeth down smoothly for my beloved,Gliding through the lips of those that are asleep.  10I am my beloved’s;And his desire is toward me.  11Come, my beloved, let us go forth into the field;Let us lodge in the villages.  12Let us get up early to the vineyards;Let us see whether the vine hath budded,  And its blossom is open,  And the pomegranates are in flower:There will I give thee my love.  13The mandrakes give forth fragrance;And at our doors are all manner of precious fruits, new and old,Which I have laid up for thee, O my beloved."
      },
      {
        "book_name": "Song of Songs",
        "book": 22,
        "chapter": 7,
        "verse": 1,
        "text": "How beautiful are thy feet in sandals, O prince’s daughter!"
      },
      {
        "book_name": "Song of Songs",
        "book": 22,
        "chapter": 7,
        "verse": 1,
        "text": "Thy rounded thighs are like jewels,"
      },
      {
        "book_name": "Song of Songs",
        "book": 22,
        "chapter": 7,
        "verse": 1,
        "text": "The work of the hands of a skilful workman."
      },
      {
        "book_name": "Song of Songs",
        "book": 22,
        "chapter": 7,
        "verse": 2,
        "text": "Thy body is like a round goblet,"
      },
      {
        "book_name": "Song of Songs",
        "book": 22,
        "chapter": 7,
        "verse": 2,
        "text": "Wherein no mingled wine is wanting:"
      },
      {
        "book_name": "Song of Songs",
        "book": 22,
        "chapter": 7,
        "verse": 2,
        "text": "Thy waist is like a heap of wheat"
      },
      {
        "book_name": "Song of Songs",
        "book": 22,
        "chapter": 7,
        "verse": 2,
        "text": "Set about with lilies."
      },
      {
        "book_name": "Song of Songs",
        "book": 22,
        "chapter": 7,
        "verse": 3,
        "text": "Thy two breasts are like two fawns"
      },
      {
        "book_name": "Song of Songs",
        "book": 22,
        "chapter": 7,
        "verse": 3,
        "text": "That are twins of a roe."
      },
      {
        "book_name": "Song of Songs",
        "book": 22,
        "chapter": 7,
        "verse": 4,
        "text": "Thy neck is like the tower of ivory;"
      },
      {
        "book_name": "Song of Songs",
        "book": 22,
        "chapter": 7,
        "verse": 4,
        "text": "Thine eyes as the pools in Heshbon,"
      },
      {
        "book_name": "Song of Songs",
        "book": 22,
        "chapter": 7,
        "verse": 4,
        "text": "By the gate of Bath-rabbim;"
      },
      {
        "book_name": "Song of Songs",
        "book": 22,
        "chapter": 7,
        "verse": 4,
        "text": "Thy nose is like the tower of Lebanon"
      },
      {
        "book_name": "Song of Songs",
        "book": 22,
        "chapter": 7,
        "verse": 4,
        "text": "Which looketh toward Damascus."
      },
      {
        "book_name": "Song of Songs",
        "book": 22,
        "chapter": 7,
        "verse": 5,
        "text": "Thy head upon thee is like Carmel,"
      },
      {
        "book_name": "Song of Songs",
        "book": 22,
        "chapter": 7,
        "verse": 5,
        "text": "And the hair of thy head like purple;"
      },
      {
        "book_name": "Song of Songs",
        "book": 22,
        "chapter": 7,
        "verse": 5,
        "text": "The king is held captive in the tresses thereof."
      },
      {
        "book_name": "Song of Songs",
        "book": 22,
        "chapter": 7,
        "verse": 6,
        "text": "How fair and how pleasant art thou,"
      },
      {
        "book_name": "Song of Songs",
        "book": 22,
        "chapter": 7,
        "verse": 6,
        "text": "O love, for delights!"
      },
      {
        "book_name": "Song of Songs",
        "book": 22,
        "chapter": 7,
        "verse": 7,
        "text": "This thy stature is like to a palm-tree,"
      },
      {
        "book_name": "Song of Songs",
        "book": 22,
        "chapter": 7,
        "verse": 7,
        "text": "And thy breasts to its clusters."
      },
      {
        "book_name": "Song of Songs",
        "book": 22,
        "chapter": 7,
        "verse": 8,
        "text": "I said, I will climb up into the palm-tree,"
      },
      {
        "book_name": "Song of Songs",
        "book": 22,
        "chapter": 7,
        "verse": 8,
        "text": "I will take hold of the branches thereof:"
      },
      {
        "book_name": "Song of Songs",
        "book": 22,
        "chapter": 7,
        "verse": 8,
        "text": "Let thy breasts be as clusters of the vine,"
      },
      {
        "book_name": "Song of Songs",
        "book": 22,
        "chapter": 7,
        "verse": 8,
        "text": "And the smell of thy breath like apples,"
      },
      {
        "book_name": "Song of Songs",
        "book": 22,
        "chapter": 7,
        "verse": 9,
        "text": "And thy mouth like the best wine,"
      },
      {
        "book_name": "Song of Songs",
        "book": 22,
        "chapter": 7,
        "verse": 9,
        "text": "That goeth down smoothly for my beloved,"
      },
      {
        "book_name": "Song of Songs",
        "book": 22,
        "chapter": 7,
        "verse": 9,
        "text": "Gliding through the lips of those that are asleep."
      },
      {
        "book_name": "Song of Songs",
        "book": 22,
        "chapter": 7,
        "verse": 10,
        "text": "I am my beloved’s;"
      },
      {
        "book_name": "Song of Songs",
        "book": 22,
        "chapter": 7,
        "verse": 10,
        "text": "And his desire is toward me."
      },
      {
        "book_name": "Song of Songs",
        "book": 22,
        "chapter": 7,
        "verse": 11,
        "text": "Come, my beloved, let us go forth into the field;"
      },
      {
        "book_name": "Song of Songs",
        "book": 22,
        "chapter": 7,
        "verse": 11,
        "text": "Let us lodge in the villages."
      },
      {
        "book_name": "Song of Songs",
        "book": 22,
        "chapter": 7,
        "verse": 12,
        "text": "Let us get up early to the vineyards;"
      },
      {
        "book_name": "Song of Songs",
        "book": 22,
        "chapter": 7,
        "verse": 12,
        "text": "Let us see whether the vine hath budded,"
      },
      {
        "book_name": "Song of Songs",
        "book": 22,
        "chapter": 7,
        "verse": 12,
        "text": "And its blossom is open,"
      },
      {
        "book_name": "Song of Songs",
        "book": 22,
        "chapter": 7,
        "verse": 12,
        "text": "And the pomegranates are in flower:"
      },
      {
        "book_name": "Song of Songs",
        "book": 22,
        "chapter": 7,
        "verse": 12,
        "text": "There will I give thee my love."
      },
      {
        "book_name": "Song of Songs",
        "book": 22,
        "chapter": 7,
        "verse": 13,
        "text": "The mandrakes give forth fragrance;"
      },
      {
        "book_name": "Song of Songs",
        "book": 22,
        "chapter": 7,
        "verse": 13,
        "text": "And at our doors are all manner of precious fruits, new and old,"
      },
      {
        "book_name": "Song of Songs",
        "book": 22,
        "chapter": 7,
        "verse": 13,
        "text": "Which I have laid up for thee, O my beloved."
      }
    ],
    "8": [
      {
        "book_name": "Song of Songs",
        "book": 22,
        "chapter": 8,
        "verse": 1,
        "text": "1Oh that thou wert as my brother,That sucked the breasts of my mother!  When I should find thee without, I would kiss thee;Yea, and none would despise me.  2I would lead thee, and bring thee into my mother’s house,Who would instruct me;I would cause thee to drink of spiced wine,Of the juice of my pomegranate.  3His left hand should be under my head,And his right hand should embrace me.  4I adjure you, O daughters of Jerusalem,That ye stir not up, nor awake my love,Until he please.  5Who is this that cometh up from the wilderness,Leaning upon her beloved?Under the apple-tree I awakened thee:There thy mother was in travail with thee,There was she in travail that brought thee forth.  6Set me as a seal upon thy heart,As a seal upon thine arm:For love is strong as death;Jealousy is cruel as Sheol;The flashes thereof are flashes of fire,A very flame of Jehovah.  7Many waters cannot quench love,Neither can floods drown it:If a man would give all the substance of his house for love,He would utterly be contemned.  8We have a little sister,And she hath no breasts:What shall we do for our sisterIn the day when she shall be spoken for?  9If she be a wall,We will build upon her a turret of silver:And if she be a door,We will inclose her with boards of cedar.  10I am a wall, and my breasts like the towers thereof:Then was I in his eyes as one that found peace.  11Solomon had a vineyard at Baal-hamon;He let out the vineyard unto keepers;Every one for the fruit thereof was to bring a thousand pieces of silver.  12My vineyard, which is mine, is before me:Thou, O Solomon, shalt have the thousand,And those that keep the fruit thereof two hundred.  13Thou that dwellest in the gardens,The companions hearken for thy voice:Cause me to hear it.  14Make haste, my beloved,And be thou like to a roe or to a young hartUpon the mountains of spices."
      },
      {
        "book_name": "Song of Songs",
        "book": 22,
        "chapter": 8,
        "verse": 1,
        "text": "Oh that thou wert as my brother,"
      },
      {
        "book_name": "Song of Songs",
        "book": 22,
        "chapter": 8,
        "verse": 1,
        "text": "That sucked the breasts of my mother!"
      },
      {
        "book_name": "Song of Songs",
        "book": 22,
        "chapter": 8,
        "verse": 1,
        "text": "When I should find thee without, I would kiss thee;"
      },
      {
        "book_name": "Song of Songs",
        "book": 22,
        "chapter": 8,
        "verse": 1,
        "text": "Yea, and none would despise me."
      },
      {
        "book_name": "Song of Songs",
        "book": 22,
        "chapter": 8,
        "verse": 2,
        "text": "I would lead thee, and bring thee into my mother’s house,"
      },
      {
        "book_name": "Song of Songs",
        "book": 22,
        "chapter": 8,
        "verse": 2,
        "text": "Who would instruct me;"
      },
      {
        "book_name": "Song of Songs",
        "book": 22,
        "chapter": 8,
        "verse": 2,
        "text": "I would cause thee to drink of spiced wine,"
      },
      {
        "book_name": "Song of Songs",
        "book": 22,
        "chapter": 8,
        "verse": 2,
        "text": "Of the juice of my pomegranate."
      },
      {
        "book_name": "Song of Songs",
        "book": 22,
        "chapter": 8,
        "verse": 3,
        "text": "His left hand should be under my head,"
      },
      {
        "book_name": "Song of Songs",
        "book": 22,
        "chapter": 8,
        "verse": 3,
        "text": "And his right hand should embrace me."
      },
      {
        "book_name": "Song of Songs",
        "book": 22,
        "chapter": 8,
        "verse": 4,
        "text": "I adjure you, O daughters of Jerusalem,"
      },
      {
        "book_name": "Song of Songs",
        "book": 22,
        "chapter": 8,
        "verse": 4,
        "text": "That ye stir not up, nor awake my love,"
      },
      {
        "book_name": "Song of Songs",
        "book": 22,
        "chapter": 8,
        "verse": 4,
        "text": "Until he please."
      },
      {
        "book_name": "Song of Songs",
        "book": 22,
        "chapter": 8,
        "verse": 5,
        "text": "Who is this that cometh up from the wilderness,"
      },
      {
        "book_name": "Song of Songs",
        "book": 22,
        "chapter": 8,
        "verse": 5,
        "text": "Leaning upon her beloved?"
      },
      {
        "book_name": "Song of Songs",
        "book": 22,
        "chapter": 8,
        "verse": 5,
        "text": "Under the apple-tree I awakened thee:"
      },
      {
        "book_name": "Song of Songs",
        "book": 22,
        "chapter": 8,
        "verse": 5,
        "text": "There thy mother was in travail with thee,"
      },
      {
        "book_name": "Song of Songs",
        "book": 22,
        "chapter": 8,
        "verse": 5,
        "text": "There was she in travail that brought thee forth."
      },
      {
        "book_name": "Song of Songs",
        "book": 22,
        "chapter": 8,
        "verse": 6,
        "text": "Set me as a seal upon thy heart,"
      },
      {
        "book_name": "Song of Songs",
        "book": 22,
        "chapter": 8,
        "verse": 6,
        "text": "As a seal upon thine arm:"
      },
      {
        "book_name": "Song of Songs",
        "book": 22,
        "chapter": 8,
        "verse": 6,
        "text": "For love is strong as death;"
      },
      {
        "book_name": "Song of Songs",
        "book": 22,
        "chapter": 8,
        "verse": 6,
        "text": "Jealousy is cruel as Sheol;"
      },
      {
        "book_name": "Song of Songs",
        "book": 22,
        "chapter": 8,
        "verse": 6,
        "text": "The flashes thereof are flashes of fire,"
      },
      {
        "book_name": "Song of Songs",
        "book": 22,
        "chapter": 8,
        "verse": 6,
        "text": "A very flame of Jehovah."
      },
      {
        "book_name": "Song of Songs",
        "book": 22,
        "chapter": 8,
        "verse": 7,
        "text": "Many waters cannot quench love,"
      },
      {
        "book_name": "Song of Songs",
        "book": 22,
        "chapter": 8,
        "verse": 7,
        "text": "Neither can floods drown it:"
      },
      {
        "book_name": "Song of Songs",
        "book": 22,
        "chapter": 8,
        "verse": 7,
        "text": "If a man would give all the substance of his house for love,"
      },
      {
        "book_name": "Song of Songs",
        "book": 22,
        "chapter": 8,
        "verse": 7,
        "text": "He would utterly be contemned."
      },
      {
        "book_name": "Song of Songs",
        "book": 22,
        "chapter": 8,
        "verse": 8,
        "text": "We have a little sister,"
      },
      {
        "book_name": "Song of Songs",
        "book": 22,
        "chapter": 8,
        "verse": 8,
        "text": "And she hath no breasts:"
      },
      {
        "book_name": "Song of Songs",
        "book": 22,
        "chapter": 8,
        "verse": 8,
        "text": "What shall we do for our sister"
      },
      {
        "book_name": "Song of Songs",
        "book": 22,
        "chapter": 8,
        "verse": 8,
        "text": "In the day when she shall be spoken for?"
      },
      {
        "book_name": "Song of Songs",
        "book": 22,
        "chapter": 8,
        "verse": 9,
        "text": "If she be a wall,"
      },
      {
        "book_name": "Song of Songs",
        "book": 22,
        "chapter": 8,
        "verse": 9,
        "text": "We will build upon her a turret of silver:"
      },
      {
        "book_name": "Song of Songs",
        "book": 22,
        "chapter": 8,
        "verse": 9,
        "text": "And if she be a door,"
      },
      {
        "book_name": "Song of Songs",
        "book": 22,
        "chapter": 8,
        "verse": 9,
        "text": "We will inclose her with boards of cedar."
      },
      {
        "book_name": "Song of Songs",
        "book": 22,
        "chapter": 8,
        "verse": 10,
        "text": "I am a wall, and my breasts like the towers thereof:"
      },
      {
        "book_name": "Song of Songs",
        "book": 22,
        "chapter": 8,
        "verse": 10,
        "text": "Then was I in his eyes as one that found peace."
      },
      {
        "book_name": "Song of Songs",
        "book": 22,
        "chapter": 8,
        "verse": 11,
        "text": "Solomon had a vineyard at Baal-hamon;"
      },
      {
        "book_name": "Song of Songs",
        "book": 22,
        "chapter": 8,
        "verse": 11,
        "text": "He let out the vineyard unto keepers;"
      },
      {
        "book_name": "Song of Songs",
        "book": 22,
        "chapter": 8,
        "verse": 11,
        "text": "Every one for the fruit thereof was to bring a thousand pieces of silver."
      },
      {
        "book_name": "Song of Songs",
        "book": 22,
        "chapter": 8,
        "verse": 12,
        "text": "My vineyard, which is mine, is before me:"
      },
      {
        "book_name": "Song of Songs",
        "book": 22,
        "chapter": 8,
        "verse": 12,
        "text": "Thou, O Solomon, shalt have the thousand,"
      },
      {
        "book_name": "Song of Songs",
        "book": 22,
        "chapter": 8,
        "verse": 12,
        "text": "And those that keep the fruit thereof two hundred."
      },
      {
        "book_name": "Song of Songs",
        "book": 22,
        "chapter": 8,
        "verse": 13,
        "text": "Thou that dwellest in the gardens,"
      },
      {
        "book_name": "Song of Songs",
        "book": 22,
        "chapter": 8,
        "verse": 13,
        "text": "The companions hearken for thy voice:"
      },
      {
        "book_name": "Song of Songs",
        "book": 22,
        "chapter": 8,
        "verse": 13,
        "text": "Cause me to hear it."
      },
      {
        "book_name": "Song of Songs",
        "book": 22,
        "chapter": 8,
        "verse": 14,
        "text": "Make haste, my beloved,"
      },
      {
        "book_name": "Song of Songs",
        "book": 22,
        "chapter": 8,
        "verse": 14,
        "text": "And be thou like to a roe or to a young hart"
      },
      {
        "book_name": "Song of Songs",
        "book": 22,
        "chapter": 8,
        "verse": 14,
        "text": "Upon the mountains of spices."
      }
    ]
  }
}