{
  "source": "bible.com",
  "version": "World English Bible",
  "book": "1 Peter",
  "chapters": {
    "1": [
      {
        "book_name": "1 Peter",
        "book": 60,
        "chapter": 1,
        "verse": 1,
        "text": "1Peter, an apostle of Jesus Christ,#1:1 “Christ” means “Anointed One”. to the chosen ones who are living as foreigners in the Dispersion in Pontus, Galatia, Cappadocia, Asia, and Bithynia, 2according to the foreknowledge of God the Father, in sanctification of the Spirit, that you may obey Jesus Christ and be sprinkled with his blood: Grace to you and peace be multiplied.  3Blessed be the God and Father of our Lord Jesus Christ, who according to his great mercy caused us to be born again to a living hope through the resurrection of Jesus Christ from the dead, 4to an incorruptible and undefiled inheritance that doesn’t fade away, reserved in Heaven for you, 5who by the power of God are guarded through faith for a salvation ready to be revealed in the last time. 6In this you greatly rejoice, though now for a little while, if need be, you have been grieved in various trials, 7that the proof of your faith, which is more precious than gold that perishes, even though it is tested by fire, may be found to result in praise, glory, and honor at the revelation of Jesus Christ— 8whom, not having known, you love. In him, though now you don’t see him, yet believing, you rejoice greatly with joy that is unspeakable and full of glory, 9receiving the result of your faith, the salvation of your souls.  10Concerning this salvation, the prophets sought and searched diligently. They prophesied of the grace that would come to you, 11searching for who or what kind of time the Spirit of Christ which was in them pointed to when he predicted the sufferings of Christ and the glories that would follow them. 12To them it was revealed that they served not themselves, but you, in these things, which now have been announced to you through those who preached the Good News to you by the Holy Spirit sent out from heaven; which things angels desire to look into.  13Therefore prepare your minds for action.#1:13 literally, “gird up the waist of your mind” or “put on the belt of the waist of your mind” Be sober, and set your hope fully on the grace that will be brought to you at the revelation of Jesus Christ— 14as children of obedience, not conforming yourselves according to your former lusts as in your ignorance, 15but just as he who called you is holy, you yourselves also be holy in all of your behavior, 16because it is written, “You shall be holy, for I am holy.”#Leviticus 11:44-45  17If you call on him as Father, who without respect of persons judges according to each man’s work, pass the time of your living as foreigners here in reverent fear, 18knowing that you were redeemed, not with corruptible things like silver or gold, from the useless way of life handed down from your fathers, 19but with precious blood, as of a lamb without blemish or spot, the blood of Christ, 20who was foreknown indeed before the foundation of the world, but was revealed in this last age for your sake, 21who through him are believers in God, who raised him from the dead and gave him glory, so that your faith and hope might be in God.  22Seeing you have purified your souls in your obedience to the truth through the Spirit in sincere brotherly affection, love one another from the heart fervently, 23having been born again, not of corruptible seed, but of incorruptible, through the word of God, which lives and remains forever. 24For,“All flesh is like grass,and all of man’s glory like the flower in the grass.The grass withers, and its flower falls;  25but the Lord’s word endures forever.”#Isaiah 40:6-8This is the word of Good News which was preached to you."
      },
      {
        "book_name": "1 Peter",
        "book": 60,
        "chapter": 1,
        "verse": 1,
        "text": "Peter, an apostle of Jesus Christ,#1:1 “Christ” means “Anointed One”. to the chosen ones who are living as foreigners in the Dispersion in Pontus, Galatia, Cappadocia, Asia, and Bithynia,"
      },
      {
        "book_name": "1 Peter",
        "book": 60,
        "chapter": 1,
        "verse": 2,
        "text": "according to the foreknowledge of God the Father, in sanctification of the Spirit, that you may obey Jesus Christ and be sprinkled with his blood: Grace to you and peace be multiplied."
      },
      {
        "book_name": "1 Peter",
        "book": 60,
        "chapter": 1,
        "verse": 3,
        "text": "Blessed be the God and Father of our Lord Jesus Christ, who according to his great mercy caused us to be born again to a living hope through the resurrection of Jesus Christ from the dead,"
      },
      {
        "book_name": "1 Peter",
        "book": 60,
        "chapter": 1,
        "verse": 4,
        "text": "to an incorruptible and undefiled inheritance that doesn’t fade away, reserved in Heaven for you,"
      },
      {
        "book_name": "1 Peter",
        "book": 60,
        "chapter": 1,
        "verse": 5,
        "text": "who by the power of God are guarded through faith for a salvation ready to be revealed in the last time."
      },
      {
        "book_name": "1 Peter",
        "book": 60,
        "chapter": 1,
        "verse": 6,
        "text": "In this you greatly rejoice, though now for a little while, if need be, you have been grieved in various trials,"
      },
      {
        "book_name": "1 Peter",
        "book": 60,
        "chapter": 1,
        "verse": 7,
        "text": "that the proof of your faith, which is more precious than gold that perishes, even though it is tested by fire, may be found to result in praise, glory, and honor at the revelation of Jesus Christ—"
      },
      {
        "book_name": "1 Peter",
        "book": 60,
        "chapter": 1,
        "verse": 8,
        "text": "whom, not having known, you love. In him, though now you don’t see him, yet believing, you rejoice greatly with joy that is unspeakable and full of glory,"
      },
      {
        "book_name": "1 Peter",
        "book": 60,
        "chapter": 1,
        "verse": 9,
        "text": "receiving the result of your faith, the salvation of your souls."
      },
      {
        "book_name": "1 Peter",
        "book": 60,
        "chapter": 1,
        "verse": 10,
        "text": "Concerning this salvation, the prophets sought and searched diligently. They prophesied of the grace that would come to you,"
      },
      {
        "book_name": "1 Peter",
        "book": 60,
        "chapter": 1,
        "verse": 11,
        "text": "searching for who or what kind of time the Spirit of Christ which was in them pointed to when he predicted the sufferings of Christ and the glories that would follow them."
      },
      {
        "book_name": "1 Peter",
        "book": 60,
        "chapter": 1,
        "verse": 12,
        "text": "To them it was revealed that they served not themselves, but you, in these things, which now have been announced to you through those who preached the Good News to you by the Holy Spirit sent out from heaven; which things angels desire to look into."
      },
      {
        "book_name": "1 Peter",
        "book": 60,
        "chapter": 1,
        "verse": 13,
        "text": "Therefore prepare your minds for action.#1:13 literally, “gird up the waist of your mind” or “put on the belt of the waist of your mind” Be sober, and set your hope fully on the grace that will be brought to you at the revelation of Jesus Christ—"
      },
      {
        "book_name": "1 Peter",
        "book": 60,
        "chapter": 1,
        "verse": 14,
        "text": "as children of obedience, not conforming yourselves according to your former lusts as in your ignorance,"
      },
      {
        "book_name": "1 Peter",
        "book": 60,
        "chapter": 1,
        "verse": 15,
        "text": "but just as he who called you is holy, you yourselves also be holy in all of your behavior,"
      },
      {
        "book_name": "1 Peter",
        "book": 60,
        "chapter": 1,
        "verse": 16,
        "text": "because it is written, “You shall be holy, for I am holy.”#Leviticus 11:44-45"
      },
      {
        "book_name": "1 Peter",
        "book": 60,
        "chapter": 1,
        "verse": 17,
        "text": "If you call on him as Father, who without respect of persons judges according to each man’s work, pass the time of your living as foreigners here in reverent fear,"
      },
      {
        "book_name": "1 Peter",
        "book": 60,
        "chapter": 1,
        "verse": 18,
        "text": "knowing that you were redeemed, not with corruptible things like silver or gold, from the useless way of life handed down from your fathers,"
      },
      {
        "book_name": "1 Peter",
        "book": 60,
        "chapter": 1,
        "verse": 19,
        "text": "but with precious blood, as of a lamb without blemish or spot, the blood of Christ,"
      },
      {
        "book_name": "1 Peter",
        "book": 60,
        "chapter": 1,
        "verse": 20,
        "text": "who was foreknown indeed before the foundation of the world, but was revealed in this last age for your sake,"
      },
      {
        "book_name": "1 Peter",
        "book": 60,
        "chapter": 1,
        "verse": 21,
        "text": "who through him are believers in God, who raised him from the dead and gave him glory, so that your faith and hope might be in God."
      },
      {
        "book_name": "1 Peter",
        "book": 60,
        "chapter": 1,
        "verse": 22,
        "text": "Seeing you have purified your souls in your obedience to the truth through the Spirit in sincere brotherly affection, love one another from the heart fervently,"
      },
      {
        "book_name": "1 Peter",
        "book": 60,
        "chapter": 1,
        "verse": 23,
        "text": "having been born again, not of corruptible seed, but of incorruptible, through the word of God, which lives and remains forever."
      },
      {
        "book_name": "1 Peter",
        "book": 60,
        "chapter": 1,
        "verse": 24,
        "text": "For,"
      },
      {
        "book_name": "1 Peter",
        "book": 60,
        "chapter": 1,
        "verse": 24,
        "text": "“All flesh is like grass,"
      },
      {
        "book_name": "1 Peter",
        "book": 60,
        "chapter": 1,
        "verse": 24,
        "text": "and all of man’s glory like the flower in the grass."
      },
      {
        "book_name": "1 Peter",
        "book": 60,
        "chapter": 1,
        "verse": 24,
        "text": "The grass withers, and its flower falls;"
      },
      {
        "book_name": "1 Peter",
        "book": 60,
        "chapter": 1,
        "verse": 25,
        "text": "but the Lord’s word endures forever.”#Isaiah 40:6-8"
      },
      {
        "book_name": "1 Peter",
        "book": 60,
        "chapter": 1,
        "verse": 25,
        "text": "This is the word of Good News which was preached to you."
      }
    ],
    "2": [
      {
        "book_name": "1 Peter",
        "book": 60,
        "chapter": 2,
        "verse": 1,
        "text": "1Putting away therefore all wickedness, all deceit, hypocrisies, envies, and all evil speaking, 2as newborn babies, long for the pure spiritual milk, that with it you may grow, 3if indeed you have tasted that the Lord is gracious. 4Come to him, a living stone, rejected indeed by men, but chosen by God, precious. 5You also as living stones are built up as a spiritual house, to be a holy priesthood, to offer up spiritual sacrifices, acceptable to God through Jesus Christ. 6Because it is contained in Scripture,“Behold,#2:6 “Behold”, from “הִנֵּה” or “ἰδοὺ”, means look at, take notice, observe, see, or gaze at. It is often used as an interjection. I lay in Zion a chief cornerstone, chosen and precious.He who believes in him will not be disappointed.”#Isaiah 28:16   7For you who believe therefore is the honor, but for those who are disobedient,“The stone which the builders rejectedhas become the chief cornerstone,”#Psalms 118:22  8and,“a stumbling stone and a rock of offense.”#Isaiah 8:14For they stumble at the word, being disobedient, to which also they were appointed. 9But you are a chosen race, a royal priesthood, a holy nation, a people for God’s own possession, that you may proclaim the excellence of him who called you out of darkness into his marvelous light. 10In the past, you were not a people, but now are God’s people, who had not obtained mercy, but now have obtained mercy.  11Beloved, I beg you as foreigners and pilgrims to abstain from fleshly lusts which war against the soul, 12having good behavior among the nations, so in that of which they speak against you as evildoers, they may see your good works and glorify God in the day of visitation.  13Therefore subject yourselves to every ordinance of man for the Lord’s sake: whether to the king, as supreme, 14or to governors, as sent by him for vengeance on evildoers and for praise to those who do well. 15For this is the will of God, that by well-doing you should put to silence the ignorance of foolish men. 16Live as free people, yet not using your freedom for a cloak of wickedness, but as bondservants of God.  17Honor all men. Love the brotherhood. Fear God. Honor the king.  18Servants, be in subjection to your masters with all respect, not only to the good and gentle, but also to the wicked. 19For it is commendable if someone endures pain, suffering unjustly, because of conscience toward God. 20For what glory is it if, when you sin, you patiently endure beating? But if when you do well, you patiently endure suffering, this is commendable with God. 21For you were called to this, because Christ also suffered for us, leaving you#2:21 TR reads “us” instead of “you” an example, that you should follow his steps, 22who didn’t sin, “neither was deceit found in his mouth.”#Isaiah 53:9  23When he was cursed, he didn’t curse back. When he suffered, he didn’t threaten, but committed himself to him who judges righteously. 24He himself bore our sins in his body on the tree, that we, having died to sins, might live to righteousness. You were healed by his wounds.#2:24 or, stripes  25For you were going astray like sheep; but now you have returned to the Shepherd and Overseer#2:25 “Overseer” is from the Greek ἐπίσκοπον, which can mean overseer, curator, guardian, or superintendent. of your souls."
      },
      {
        "book_name": "1 Peter",
        "book": 60,
        "chapter": 2,
        "verse": 1,
        "text": "Putting away therefore all wickedness, all deceit, hypocrisies, envies, and all evil speaking,"
      },
      {
        "book_name": "1 Peter",
        "book": 60,
        "chapter": 2,
        "verse": 2,
        "text": "as newborn babies, long for the pure spiritual milk, that with it you may grow,"
      },
      {
        "book_name": "1 Peter",
        "book": 60,
        "chapter": 2,
        "verse": 3,
        "text": "if indeed you have tasted that the Lord is gracious."
      },
      {
        "book_name": "1 Peter",
        "book": 60,
        "chapter": 2,
        "verse": 4,
        "text": "Come to him, a living stone, rejected indeed by men, but chosen by God, precious."
      },
      {
        "book_name": "1 Peter",
        "book": 60,
        "chapter": 2,
        "verse": 5,
        "text": "You also as living stones are built up as a spiritual house, to be a holy priesthood, to offer up spiritual sacrifices, acceptable to God through Jesus Christ."
      },
      {
        "book_name": "1 Peter",
        "book": 60,
        "chapter": 2,
        "verse": 6,
        "text": "Because it is contained in Scripture,"
      },
      {
        "book_name": "1 Peter",
        "book": 60,
        "chapter": 2,
        "verse": 6,
        "text": "“Behold,#2:6 “Behold”, from “הִנֵּה” or “ἰδοὺ”, means look at, take notice, observe, see, or gaze at. It is often used as an interjection. I lay in Zion a chief cornerstone, chosen and precious."
      },
      {
        "book_name": "1 Peter",
        "book": 60,
        "chapter": 2,
        "verse": 6,
        "text": "He who believes in him will not be disappointed.”#Isaiah 28:16"
      },
      {
        "book_name": "1 Peter",
        "book": 60,
        "chapter": 2,
        "verse": 7,
        "text": "For you who believe therefore is the honor, but for those who are disobedient,"
      },
      {
        "book_name": "1 Peter",
        "book": 60,
        "chapter": 2,
        "verse": 7,
        "text": "“The stone which the builders rejected"
      },
      {
        "book_name": "1 Peter",
        "book": 60,
        "chapter": 2,
        "verse": 7,
        "text": "has become the chief cornerstone,”#Psalms 118:22"
      },
      {
        "book_name": "1 Peter",
        "book": 60,
        "chapter": 2,
        "verse": 8,
        "text": "and,"
      },
      {
        "book_name": "1 Peter",
        "book": 60,
        "chapter": 2,
        "verse": 8,
        "text": "“a stumbling stone and a rock of offense.”#Isaiah 8:14"
      },
      {
        "book_name": "1 Peter",
        "book": 60,
        "chapter": 2,
        "verse": 8,
        "text": "For they stumble at the word, being disobedient, to which also they were appointed."
      },
      {
        "book_name": "1 Peter",
        "book": 60,
        "chapter": 2,
        "verse": 9,
        "text": "But you are a chosen race, a royal priesthood, a holy nation, a people for God’s own possession, that you may proclaim the excellence of him who called you out of darkness into his marvelous light."
      },
      {
        "book_name": "1 Peter",
        "book": 60,
        "chapter": 2,
        "verse": 10,
        "text": "In the past, you were not a people, but now are God’s people, who had not obtained mercy, but now have obtained mercy."
      },
      {
        "book_name": "1 Peter",
        "book": 60,
        "chapter": 2,
        "verse": 11,
        "text": "Beloved, I beg you as foreigners and pilgrims to abstain from fleshly lusts which war against the soul,"
      },
      {
        "book_name": "1 Peter",
        "book": 60,
        "chapter": 2,
        "verse": 12,
        "text": "having good behavior among the nations, so in that of which they speak against you as evildoers, they may see your good works and glorify God in the day of visitation."
      },
      {
        "book_name": "1 Peter",
        "book": 60,
        "chapter": 2,
        "verse": 13,
        "text": "Therefore subject yourselves to every ordinance of man for the Lord’s sake: whether to the king, as supreme,"
      },
      {
        "book_name": "1 Peter",
        "book": 60,
        "chapter": 2,
        "verse": 14,
        "text": "or to governors, as sent by him for vengeance on evildoers and for praise to those who do well."
      },
      {
        "book_name": "1 Peter",
        "book": 60,
        "chapter": 2,
        "verse": 15,
        "text": "For this is the will of God, that by well-doing you should put to silence the ignorance of foolish men."
      },
      {
        "book_name": "1 Peter",
        "book": 60,
        "chapter": 2,
        "verse": 16,
        "text": "Live as free people, yet not using your freedom for a cloak of wickedness, but as bondservants of God."
      },
      {
        "book_name": "1 Peter",
        "book": 60,
        "chapter": 2,
        "verse": 17,
        "text": "Honor all men. Love the brotherhood. Fear God. Honor the king."
      },
      {
        "book_name": "1 Peter",
        "book": 60,
        "chapter": 2,
        "verse": 18,
        "text": "Servants, be in subjection to your masters with all respect, not only to the good and gentle, but also to the wicked."
      },
      {
        "book_name": "1 Peter",
        "book": 60,
        "chapter": 2,
        "verse": 19,
        "text": "For it is commendable if someone endures pain, suffering unjustly, because of conscience toward God."
      },
      {
        "book_name": "1 Peter",
        "book": 60,
        "chapter": 2,
        "verse": 20,
        "text": "For what glory is it if, when you sin, you patiently endure beating? But if when you do well, you patiently endure suffering, this is commendable with God."
      },
      {
        "book_name": "1 Peter",
        "book": 60,
        "chapter": 2,
        "verse": 21,
        "text": "For you were called to this, because Christ also suffered for us, leaving you#2:21 TR reads “us” instead of “you” an example, that you should follow his steps,"
      },
      {
        "book_name": "1 Peter",
        "book": 60,
        "chapter": 2,
        "verse": 22,
        "text": "who didn’t sin, “neither was deceit found in his mouth.”#Isaiah 53:9"
      },
      {
        "book_name": "1 Peter",
        "book": 60,
        "chapter": 2,
        "verse": 23,
        "text": "When he was cursed, he didn’t curse back. When he suffered, he didn’t threaten, but committed himself to him who judges righteously."
      },
      {
        "book_name": "1 Peter",
        "book": 60,
        "chapter": 2,
        "verse": 24,
        "text": "He himself bore our sins in his body on the tree, that we, having died to sins, might live to righteousness. You were healed by his wounds.#2:24 or, stripes"
      },
      {
        "book_name": "1 Peter",
        "book": 60,
        "chapter": 2,
        "verse": 25,
        "text": "For you were going astray like sheep; but now you have returned to the Shepherd and Overseer#2:25 “Overseer” is from the Greek ἐπίσκοπον, which can mean overseer, curator, guardian, or superintendent. of your souls."
      }
    ],
    "3": [
      {
        "book_name": "1 Peter",
        "book": 60,
        "chapter": 3,
        "verse": 1,
        "text": "1In the same way, wives, be in subjection to your own husbands, so that, even if any don’t obey the Word, they may be won by the behavior of their wives without a word, 2seeing your pure behavior in fear. 3Let your beauty come not from the outward adorning of braiding your hair, and of wearing gold ornaments or of putting on fine clothing, 4but from the hidden person of the heart, in the incorruptible adornment of a gentle and quiet spirit, which is very precious in God’s sight. 5For this is how in the past the holy women who hoped in God also adorned themselves, being in subjection to their own husbands. 6So Sarah obeyed Abraham, calling him lord, whose children you now are if you do well and are not put in fear by any terror.  7You husbands, in the same way, live with your wives according to knowledge, giving honor to the woman as to the weaker vessel, as also being joint heirs of the grace of life, that your prayers may not be hindered.  8Finally, all of you be like-minded, compassionate, loving as brothers, tenderhearted, courteous, 9not rendering evil for evil or insult for insult; but instead blessing, knowing that you were called to this, that you may inherit a blessing. 10For,“He who would love lifeand see good days,let him keep his tongue from eviland his lips from speaking deceit.  11Let him turn away from evil and do good.Let him seek peace and pursue it.  12For the eyes of the Lord are on the righteous,and his ears open to their prayer;but the face of the Lord is against those who do evil.”#Psalms 34:12-16  13Now who will harm you if you become imitators of that which is good? 14But even if you should suffer for righteousness’ sake, you are blessed. “Don’t fear what they fear, neither be troubled.”#Isaiah 8:12  15But sanctify the Lord God in your hearts. Always be ready to give an answer to everyone who asks you a reason concerning the hope that is in you, with humility and fear, 16having a good conscience. Thus, while you are spoken against as evildoers, they may be disappointed who curse your good way of life in Christ. 17For it is better, if it is God’s will, that you suffer for doing what is right than for doing evil. 18Because Christ also suffered for sins once, the righteous for the unrighteous, that he might bring you to God, being put to death in the flesh, but made alive in the Spirit, 19in whom he also went and preached to the spirits in prison, 20who before were disobedient when God waited patiently in the days of Noah while the ship was being built. In it, few, that is, eight souls, were saved through water. 21This is a symbol of baptism, which now saves you—not the putting away of the filth of the flesh, but the answer of a good conscience toward God—through the resurrection of Jesus Christ, 22who is at the right hand of God, having gone into heaven, angels and authorities and powers being made subject to him."
      },
      {
        "book_name": "1 Peter",
        "book": 60,
        "chapter": 3,
        "verse": 1,
        "text": "In the same way, wives, be in subjection to your own husbands, so that, even if any don’t obey the Word, they may be won by the behavior of their wives without a word,"
      },
      {
        "book_name": "1 Peter",
        "book": 60,
        "chapter": 3,
        "verse": 2,
        "text": "seeing your pure behavior in fear."
      },
      {
        "book_name": "1 Peter",
        "book": 60,
        "chapter": 3,
        "verse": 3,
        "text": "Let your beauty come not from the outward adorning of braiding your hair, and of wearing gold ornaments or of putting on fine clothing,"
      },
      {
        "book_name": "1 Peter",
        "book": 60,
        "chapter": 3,
        "verse": 4,
        "text": "but from the hidden person of the heart, in the incorruptible adornment of a gentle and quiet spirit, which is very precious in God’s sight."
      },
      {
        "book_name": "1 Peter",
        "book": 60,
        "chapter": 3,
        "verse": 5,
        "text": "For this is how in the past the holy women who hoped in God also adorned themselves, being in subjection to their own husbands."
      },
      {
        "book_name": "1 Peter",
        "book": 60,
        "chapter": 3,
        "verse": 6,
        "text": "So Sarah obeyed Abraham, calling him lord, whose children you now are if you do well and are not put in fear by any terror."
      },
      {
        "book_name": "1 Peter",
        "book": 60,
        "chapter": 3,
        "verse": 7,
        "text": "You husbands, in the same way, live with your wives according to knowledge, giving honor to the woman as to the weaker vessel, as also being joint heirs of the grace of life, that your prayers may not be hindered."
      },
      {
        "book_name": "1 Peter",
        "book": 60,
        "chapter": 3,
        "verse": 8,
        "text": "Finally, all of you be like-minded, compassionate, loving as brothers, tenderhearted, courteous,"
      },
      {
        "book_name": "1 Peter",
        "book": 60,
        "chapter": 3,
        "verse": 9,
        "text": "not rendering evil for evil or insult for insult; but instead blessing, knowing that you were called to this, that you may inherit a blessing."
      },
      {
        "book_name": "1 Peter",
        "book": 60,
        "chapter": 3,
        "verse": 10,
        "text": "For,"
      },
      {
        "book_name": "1 Peter",
        "book": 60,
        "chapter": 3,
        "verse": 10,
        "text": "“He who would love life"
      },
      {
        "book_name": "1 Peter",
        "book": 60,
        "chapter": 3,
        "verse": 10,
        "text": "and see good days,"
      },
      {
        "book_name": "1 Peter",
        "book": 60,
        "chapter": 3,
        "verse": 10,
        "text": "let him keep his tongue from evil"
      },
      {
        "book_name": "1 Peter",
        "book": 60,
        "chapter": 3,
        "verse": 10,
        "text": "and his lips from speaking deceit."
      },
      {
        "book_name": "1 Peter",
        "book": 60,
        "chapter": 3,
        "verse": 11,
        "text": "Let him turn away from evil and do good."
      },
      {
        "book_name": "1 Peter",
        "book": 60,
        "chapter": 3,
        "verse": 11,
        "text": "Let him seek peace and pursue it."
      },
      {
        "book_name": "1 Peter",
        "book": 60,
        "chapter": 3,
        "verse": 12,
        "text": "For the eyes of the Lord are on the righteous,"
      },
      {
        "book_name": "1 Peter",
        "book": 60,
        "chapter": 3,
        "verse": 12,
        "text": "and his ears open to their prayer;"
      },
      {
        "book_name": "1 Peter",
        "book": 60,
        "chapter": 3,
        "verse": 12,
        "text": "but the face of the Lord is against those who do evil.”#Psalms 34:12-16"
      },
      {
        "book_name": "1 Peter",
        "book": 60,
        "chapter": 3,
        "verse": 13,
        "text": "Now who will harm you if you become imitators of that which is good?"
      },
      {
        "book_name": "1 Peter",
        "book": 60,
        "chapter": 3,
        "verse": 14,
        "text": "But even if you should suffer for righteousness’ sake, you are blessed. “Don’t fear what they fear, neither be troubled.”#Isaiah 8:12"
      },
      {
        "book_name": "1 Peter",
        "book": 60,
        "chapter": 3,
        "verse": 15,
        "text": "But sanctify the Lord God in your hearts. Always be ready to give an answer to everyone who asks you a reason concerning the hope that is in you, with humility and fear,"
      },
      {
        "book_name": "1 Peter",
        "book": 60,
        "chapter": 3,
        "verse": 16,
        "text": "having a good conscience. Thus, while you are spoken against as evildoers, they may be disappointed who curse your good way of life in Christ."
      },
      {
        "book_name": "1 Peter",
        "book": 60,
        "chapter": 3,
        "verse": 17,
        "text": "For it is better, if it is God’s will, that you suffer for doing what is right than for doing evil."
      },
      {
        "book_name": "1 Peter",
        "book": 60,
        "chapter": 3,
        "verse": 18,
        "text": "Because Christ also suffered for sins once, the righteous for the unrighteous, that he might bring you to God, being put to death in the flesh, but made alive in the Spirit,"
      },
      {
        "book_name": "1 Peter",
        "book": 60,
        "chapter": 3,
        "verse": 19,
        "text": "in whom he also went and preached to the spirits in prison,"
      },
      {
        "book_name": "1 Peter",
        "book": 60,
        "chapter": 3,
        "verse": 20,
        "text": "who before were disobedient when God waited patiently in the days of Noah while the ship was being built. In it, few, that is, eight souls, were saved through water."
      },
      {
        "book_name": "1 Peter",
        "book": 60,
        "chapter": 3,
        "verse": 21,
        "text": "This is a symbol of baptism, which now saves you—not the putting away of the filth of the flesh, but the answer of a good conscience toward God—through the resurrection of Jesus Christ,"
      },
      {
        "book_name": "1 Peter",
        "book": 60,
        "chapter": 3,
        "verse": 22,
        "text": "who is at the right hand of God, having gone into heaven, angels and authorities and powers being made subject to him."
      }
    ],
    "4": [
      {
        "book_name": "1 Peter",
        "book": 60,
        "chapter": 4,
        "verse": 1,
        "text": "1Therefore, since Christ suffered for us in the flesh, arm yourselves also with the same mind; for he who has suffered in the flesh has ceased from sin, 2that you no longer should live the rest of your time in the flesh for the lusts of men, but for the will of God. 3For we have spent enough of our past time doing the desire of the Gentiles, and having walked in lewdness, lusts, drunken binges, orgies, carousings, and abominable idolatries. 4They think it is strange that you don’t run with them into the same excess of riot, speaking evil of you. 5They will give account to him who is ready to judge the living and the dead. 6For to this end the Good News was preached even to the dead, that they might be judged indeed as men in the flesh, but live as to God in the spirit.  7But the end of all things is near. Therefore be of sound mind, self-controlled, and sober in prayer. 8And above all things be earnest in your love among yourselves, for love covers a multitude of sins. 9Be hospitable to one another without grumbling. 10As each has received a gift, employ it in serving one another, as good managers of the grace of God in its various forms. 11If anyone speaks, let it be as it were the very words of God. If anyone serves, let it be as of the strength which God supplies, that in all things God may be glorified through Jesus Christ, to whom belong the glory and the dominion forever and ever. Amen.  12Beloved, don’t be astonished at the fiery trial which has come upon you to test you, as though a strange thing happened to you. 13But because you are partakers of Christ’s sufferings, rejoice, that at the revelation of his glory you also may rejoice with exceeding joy. 14If you are insulted for the name of Christ, you are blessed, because the Spirit of glory and of God rests on you. On their part he is blasphemed, but on your part he is glorified. 15But let none of you suffer as a murderer, or a thief, or an evil doer, or a meddler in other men’s matters. 16But if one of you suffers for being a Christian, let him not be ashamed; but let him glorify God in this matter. 17For the time has come for judgment to begin with the household of God. If it begins first with us, what will happen to those who don’t obey the Good News of God? 18“If it is hard for the righteous to be saved, what will happen to the ungodly and the sinner?”#Proverbs 11:31  19Therefore let them also who suffer according to the will of God in doing good entrust their souls to him, as to a faithful Creator."
      },
      {
        "book_name": "1 Peter",
        "book": 60,
        "chapter": 4,
        "verse": 1,
        "text": "Therefore, since Christ suffered for us in the flesh, arm yourselves also with the same mind; for he who has suffered in the flesh has ceased from sin,"
      },
      {
        "book_name": "1 Peter",
        "book": 60,
        "chapter": 4,
        "verse": 2,
        "text": "that you no longer should live the rest of your time in the flesh for the lusts of men, but for the will of God."
      },
      {
        "book_name": "1 Peter",
        "book": 60,
        "chapter": 4,
        "verse": 3,
        "text": "For we have spent enough of our past time doing the desire of the Gentiles, and having walked in lewdness, lusts, drunken binges, orgies, carousings, and abominable idolatries."
      },
      {
        "book_name": "1 Peter",
        "book": 60,
        "chapter": 4,
        "verse": 4,
        "text": "They think it is strange that you don’t run with them into the same excess of riot, speaking evil of you."
      },
      {
        "book_name": "1 Peter",
        "book": 60,
        "chapter": 4,
        "verse": 5,
        "text": "They will give account to him who is ready to judge the living and the dead."
      },
      {
        "book_name": "1 Peter",
        "book": 60,
        "chapter": 4,
        "verse": 6,
        "text": "For to this end the Good News was preached even to the dead, that they might be judged indeed as men in the flesh, but live as to God in the spirit."
      },
      {
        "book_name": "1 Peter",
        "book": 60,
        "chapter": 4,
        "verse": 7,
        "text": "But the end of all things is near. Therefore be of sound mind, self-controlled, and sober in prayer."
      },
      {
        "book_name": "1 Peter",
        "book": 60,
        "chapter": 4,
        "verse": 8,
        "text": "And above all things be earnest in your love among yourselves, for love covers a multitude of sins."
      },
      {
        "book_name": "1 Peter",
        "book": 60,
        "chapter": 4,
        "verse": 9,
        "text": "Be hospitable to one another without grumbling."
      },
      {
        "book_name": "1 Peter",
        "book": 60,
        "chapter": 4,
        "verse": 10,
        "text": "As each has received a gift, employ it in serving one another, as good managers of the grace of God in its various forms."
      },
      {
        "book_name": "1 Peter",
        "book": 60,
        "chapter": 4,
        "verse": 11,
        "text": "If anyone speaks, let it be as it were the very words of God. If anyone serves, let it be as of the strength which God supplies, that in all things God may be glorified through Jesus Christ, to whom belong the glory and the dominion forever and ever. Amen."
      },
      {
        "book_name": "1 Peter",
        "book": 60,
        "chapter": 4,
        "verse": 12,
        "text": "Beloved, don’t be astonished at the fiery trial which has come upon you to test you, as though a strange thing happened to you."
      },
      {
        "book_name": "1 Peter",
        "book": 60,
        "chapter": 4,
        "verse": 13,
        "text": "But because you are partakers of Christ’s sufferings, rejoice, that at the revelation of his glory you also may rejoice with exceeding joy."
      },
      {
        "book_name": "1 Peter",
        "book": 60,
        "chapter": 4,
        "verse": 14,
        "text": "If you are insulted for the name of Christ, you are blessed, because the Spirit of glory and of God rests on you. On their part he is blasphemed, but on your part he is glorified."
      },
      {
        "book_name": "1 Peter",
        "book": 60,
        "chapter": 4,
        "verse": 15,
        "text": "But let none of you suffer as a murderer, or a thief, or an evil doer, or a meddler in other men’s matters."
      },
      {
        "book_name": "1 Peter",
        "book": 60,
        "chapter": 4,
        "verse": 16,
        "text": "But if one of you suffers for being a Christian, let him not be ashamed; but let him glorify God in this matter."
      },
      {
        "book_name": "1 Peter",
        "book": 60,
        "chapter": 4,
        "verse": 17,
        "text": "For the time has come for judgment to begin with the household of God. If it begins first with us, what will happen to those who don’t obey the Good News of God?"
      },
      {
        "book_name": "1 Peter",
        "book": 60,
        "chapter": 4,
        "verse": 18,
        "text": "“If it is hard for the righteous to be saved, what will happen to the ungodly and the sinner?”#Proverbs 11:31"
      },
      {
        "book_name": "1 Peter",
        "book": 60,
        "chapter": 4,
        "verse": 19,
        "text": "Therefore let them also who suffer according to the will of God in doing good entrust their souls to him, as to a faithful Creator."
      }
    ],
    "5": [
      {
        "book_name": "1 Peter",
        "book": 60,
        "chapter": 5,
        "verse": 1,
        "text": "1Therefore I exhort the elders among you, as a fellow elder and a witness of the sufferings of Christ, and who will also share in the glory that will be revealed: 2shepherd the flock of God which is among you, exercising the oversight, not under compulsion, but voluntarily; not for dishonest gain, but willingly; 3not as lording it over those entrusted to you, but making yourselves examples to the flock. 4When the chief Shepherd is revealed, you will receive the crown of glory that doesn’t fade away.  5Likewise, you younger ones, be subject to the elder. Yes, all of you clothe yourselves with humility and subject yourselves to one another; for “God resists the proud, but gives grace to the humble.”#Proverbs 3:34   6Humble yourselves therefore under the mighty hand of God, that he may exalt you in due time, 7casting all your worries on him, because he cares for you.  8Be sober and self-controlled. Be watchful. Your adversary, the devil, walks around like a roaring lion, seeking whom he may devour. 9Withstand him steadfast in your faith, knowing that your brothers who are in the world are undergoing the same sufferings. 10But may the God of all grace, who called you to his eternal glory by Christ Jesus, after you have suffered a little while, perfect, establish, strengthen, and settle you. 11To him be the glory and the power forever and ever. Amen.  12Through Silvanus, our faithful brother, as I consider him, I have written to you briefly, exhorting and testifying that this is the true grace of God in which you stand. 13She who is in Babylon, chosen together with you, greets you. So does Mark, my son. 14Greet one another with a kiss of love.Peace be to all of you who are in Christ Jesus. Amen."
      },
      {
        "book_name": "1 Peter",
        "book": 60,
        "chapter": 5,
        "verse": 1,
        "text": "Therefore I exhort the elders among you, as a fellow elder and a witness of the sufferings of Christ, and who will also share in the glory that will be revealed:"
      },
      {
        "book_name": "1 Peter",
        "book": 60,
        "chapter": 5,
        "verse": 2,
        "text": "shepherd the flock of God which is among you, exercising the oversight, not under compulsion, but voluntarily; not for dishonest gain, but willingly;"
      },
      {
        "book_name": "1 Peter",
        "book": 60,
        "chapter": 5,
        "verse": 3,
        "text": "not as lording it over those entrusted to you, but making yourselves examples to the flock."
      },
      {
        "book_name": "1 Peter",
        "book": 60,
        "chapter": 5,
        "verse": 4,
        "text": "When the chief Shepherd is revealed, you will receive the crown of glory that doesn’t fade away."
      },
      {
        "book_name": "1 Peter",
        "book": 60,
        "chapter": 5,
        "verse": 5,
        "text": "Likewise, you younger ones, be subject to the elder. Yes, all of you clothe yourselves with humility and subject yourselves to one another; for “God resists the proud, but gives grace to the humble.”#Proverbs 3:34"
      },
      {
        "book_name": "1 Peter",
        "book": 60,
        "chapter": 5,
        "verse": 6,
        "text": "Humble yourselves therefore under the mighty hand of God, that he may exalt you in due time,"
      },
      {
        "book_name": "1 Peter",
        "book": 60,
        "chapter": 5,
        "verse": 7,
        "text": "casting all your worries on him, because he cares for you."
      },
      {
        "book_name": "1 Peter",
        "book": 60,
        "chapter": 5,
        "verse": 8,
        "text": "Be sober and self-controlled. Be watchful. Your adversary, the devil, walks around like a roaring lion, seeking whom he may devour."
      },
      {
        "book_name": "1 Peter",
        "book": 60,
        "chapter": 5,
        "verse": 9,
        "text": "Withstand him steadfast in your faith, knowing that your brothers who are in the world are undergoing the same sufferings."
      },
      {
        "book_name": "1 Peter",
        "book": 60,
        "chapter": 5,
        "verse": 10,
        "text": "But may the God of all grace, who called you to his eternal glory by Christ Jesus, after you have suffered a little while, perfect, establish, strengthen, and settle you."
      },
      {
        "book_name": "1 Peter",
        "book": 60,
        "chapter": 5,
        "verse": 11,
        "text": "To him be the glory and the power forever and ever. Amen."
      },
      {
        "book_name": "1 Peter",
        "book": 60,
        "chapter": 5,
        "verse": 12,
        "text": "Through Silvanus, our faithful brother, as I consider him, I have written to you briefly, exhorting and testifying that this is the true grace of God in which you stand."
      },
      {
        "book_name": "1 Peter",
        "book": 60,
        "chapter": 5,
        "verse": 13,
        "text": "She who is in Babylon, chosen together with you, greets you. So does Mark, my son."
      },
      {
        "book_name": "1 Peter",
        "book": 60,
        "chapter": 5,
        "verse": 14,
        "text": "Greet one another with a kiss of love."
      },
      {
        "book_name": "1 Peter",
        "book": 60,
        "chapter": 5,
        "verse": 14,
        "text": "Peace be to all of you who are in Christ Jesus. Amen."
      }
    ]
  }
}