{
  "source": "bible.com",
  "version": "World English Bible",
  "book": "1 Timothy",
  "chapters": {
    "1": [
      {
        "book_name": "1 Timothy",
        "book": 54,
        "chapter": 1,
        "verse": 1,
        "text": "1Paul, an apostle of Jesus Christ according to the commandment of God our Savior and the Lord Jesus Christ#1:1 NU reads Christ Jesus and omits the Lord.  our hope, 2to Timothy, my true child in faith: Grace, mercy, and peace from God our Father and Christ Jesus our Lord.  3As I urged you when I was going into Macedonia, stay at Ephesus that you might command certain men not to teach a different doctrine, 4and not to pay attention to myths and endless genealogies, which cause disputes rather than God’s stewardship, which is in faith. 5But the goal of this command is love from a pure heart, a good conscience, and sincere faith, 6from which things some, having missed the mark, have turned away to vain talking, 7desiring to be teachers of the law, though they understand neither what they say nor about what they strongly affirm.  8But we know that the law is good if a person uses it lawfully, 9as knowing this, that law is not made for a righteous person, but for the lawless and insubordinate, for the ungodly and sinners, for the unholy and profane, for murderers of fathers and murderers of mothers, for manslayers, 10for the sexually immoral, for homosexuals, for slave-traders, for liars, for perjurers, and for any other thing contrary to the sound doctrine, 11according to the Good News of the glory of the blessed God, which was committed to my trust.  12I thank him who enabled me, Christ Jesus our Lord, because he counted me faithful, appointing me to service, 13although I used to be a blasphemer, a persecutor, and insolent. However, I obtained mercy because I did it ignorantly in unbelief. 14The grace of our Lord abounded exceedingly with faith and love which is in Christ Jesus. 15The saying is faithful and worthy of all acceptance, that Christ Jesus came into the world to save sinners, of whom I am chief. 16However, for this cause I obtained mercy, that in me first, Jesus Christ might display all his patience for an example of those who were going to believe in him for eternal life. 17Now to the King eternal, immortal, invisible, to God who alone is wise, be honor and glory forever and ever. Amen.  18I commit this instruction to you, my child Timothy, according to the prophecies which were given to you before, that by them you may wage the good warfare, 19holding faith and a good conscience, which some having thrust away made a shipwreck concerning the faith, 20of whom are Hymenaeus and Alexander, whom I delivered to Satan that they might be taught not to blaspheme."
      },
      {
        "book_name": "1 Timothy",
        "book": 54,
        "chapter": 1,
        "verse": 1,
        "text": "Paul, an apostle of Jesus Christ according to the commandment of God our Savior and the Lord Jesus Christ#1:1 NU reads Christ Jesus and omits the Lord.  our hope,"
      },
      {
        "book_name": "1 Timothy",
        "book": 54,
        "chapter": 1,
        "verse": 2,
        "text": "to Timothy, my true child in faith: Grace, mercy, and peace from God our Father and Christ Jesus our Lord."
      },
      {
        "book_name": "1 Timothy",
        "book": 54,
        "chapter": 1,
        "verse": 3,
        "text": "As I urged you when I was going into Macedonia, stay at Ephesus that you might command certain men not to teach a different doctrine,"
      },
      {
        "book_name": "1 Timothy",
        "book": 54,
        "chapter": 1,
        "verse": 4,
        "text": "and not to pay attention to myths and endless genealogies, which cause disputes rather than God’s stewardship, which is in faith."
      },
      {
        "book_name": "1 Timothy",
        "book": 54,
        "chapter": 1,
        "verse": 5,
        "text": "But the goal of this command is love from a pure heart, a good conscience, and sincere faith,"
      },
      {
        "book_name": "1 Timothy",
        "book": 54,
        "chapter": 1,
        "verse": 6,
        "text": "from which things some, having missed the mark, have turned away to vain talking,"
      },
      {
        "book_name": "1 Timothy",
        "book": 54,
        "chapter": 1,
        "verse": 7,
        "text": "desiring to be teachers of the law, though they understand neither what they say nor about what they strongly affirm."
      },
      {
        "book_name": "1 Timothy",
        "book": 54,
        "chapter": 1,
        "verse": 8,
        "text": "But we know that the law is good if a person uses it lawfully,"
      },
      {
        "book_name": "1 Timothy",
        "book": 54,
        "chapter": 1,
        "verse": 9,
        "text": "as knowing this, that law is not made for a righteous person, but for the lawless and insubordinate, for the ungodly and sinners, for the unholy and profane, for murderers of fathers and murderers of mothers, for manslayers,"
      },
      {
        "book_name": "1 Timothy",
        "book": 54,
        "chapter": 1,
        "verse": 10,
        "text": "for the sexually immoral, for homosexuals, for slave-traders, for liars, for perjurers, and for any other thing contrary to the sound doctrine,"
      },
      {
        "book_name": "1 Timothy",
        "book": 54,
        "chapter": 1,
        "verse": 11,
        "text": "according to the Good News of the glory of the blessed God, which was committed to my trust."
      },
      {
        "book_name": "1 Timothy",
        "book": 54,
        "chapter": 1,
        "verse": 12,
        "text": "I thank him who enabled me, Christ Jesus our Lord, because he counted me faithful, appointing me to service,"
      },
      {
        "book_name": "1 Timothy",
        "book": 54,
        "chapter": 1,
        "verse": 13,
        "text": "although I used to be a blasphemer, a persecutor, and insolent. However, I obtained mercy because I did it ignorantly in unbelief."
      },
      {
        "book_name": "1 Timothy",
        "book": 54,
        "chapter": 1,
        "verse": 14,
        "text": "The grace of our Lord abounded exceedingly with faith and love which is in Christ Jesus."
      },
      {
        "book_name": "1 Timothy",
        "book": 54,
        "chapter": 1,
        "verse": 15,
        "text": "The saying is faithful and worthy of all acceptance, that Christ Jesus came into the world to save sinners, of whom I am chief."
      },
      {
        "book_name": "1 Timothy",
        "book": 54,
        "chapter": 1,
        "verse": 16,
        "text": "However, for this cause I obtained mercy, that in me first, Jesus Christ might display all his patience for an example of those who were going to believe in him for eternal life."
      },
      {
        "book_name": "1 Timothy",
        "book": 54,
        "chapter": 1,
        "verse": 17,
        "text": "Now to the King eternal, immortal, invisible, to God who alone is wise, be honor and glory forever and ever. Amen."
      },
      {
        "book_name": "1 Timothy",
        "book": 54,
        "chapter": 1,
        "verse": 18,
        "text": "I commit this instruction to you, my child Timothy, according to the prophecies which were given to you before, that by them you may wage the good warfare,"
      },
      {
        "book_name": "1 Timothy",
        "book": 54,
        "chapter": 1,
        "verse": 19,
        "text": "holding faith and a good conscience, which some having thrust away made a shipwreck concerning the faith,"
      },
      {
        "book_name": "1 Timothy",
        "book": 54,
        "chapter": 1,
        "verse": 20,
        "text": "of whom are Hymenaeus and Alexander, whom I delivered to Satan that they might be taught not to blaspheme."
      }
    ],
    "2": [
      {
        "book_name": "1 Timothy",
        "book": 54,
        "chapter": 2,
        "verse": 1,
        "text": "1I exhort therefore, first of all, that petitions, prayers, intercessions, and givings of thanks be made for all men, 2for kings and all who are in high places, that we may lead a tranquil and quiet life in all godliness and reverence. 3For this is good and acceptable in the sight of God our Savior, 4who desires all people to be saved and come to full knowledge of the truth. 5For there is one God and one mediator between God and men, the man Christ Jesus, 6who gave himself as a ransom for all, the testimony at the proper time, 7to which I was appointed a preacher and an apostle—I am telling the truth in Christ, not lying—a teacher of the Gentiles in faith and truth.  8I desire therefore that the men in every place pray, lifting up holy hands without anger and doubting. 9In the same way, that women also adorn themselves in decent clothing, with modesty and propriety, not#2:9 The word for “not” is the negative particle “μη” which denies an expected idea, as opposed to the usual word for “not” (ου) which denies a fact. Thus “μη” in this context is denying an expected idea (that women can be properly dressed without good works). with braided hair, gold, pearls, or expensive clothing, 10but with good works, which is appropriate for women professing godliness. 11Let a woman learn in quietness with full submission. 12But I don’t permit a woman to teach, nor to exercise authority over a man, but to be in quietness. 13For Adam was formed first, then Eve. 14Adam wasn’t deceived, but the woman, being deceived, has fallen into disobedience; 15but she will be saved through her childbearing, if they continue in faith, love, and holiness with sobriety."
      },
      {
        "book_name": "1 Timothy",
        "book": 54,
        "chapter": 2,
        "verse": 1,
        "text": "I exhort therefore, first of all, that petitions, prayers, intercessions, and givings of thanks be made for all men,"
      },
      {
        "book_name": "1 Timothy",
        "book": 54,
        "chapter": 2,
        "verse": 2,
        "text": "for kings and all who are in high places, that we may lead a tranquil and quiet life in all godliness and reverence."
      },
      {
        "book_name": "1 Timothy",
        "book": 54,
        "chapter": 2,
        "verse": 3,
        "text": "For this is good and acceptable in the sight of God our Savior,"
      },
      {
        "book_name": "1 Timothy",
        "book": 54,
        "chapter": 2,
        "verse": 4,
        "text": "who desires all people to be saved and come to full knowledge of the truth."
      },
      {
        "book_name": "1 Timothy",
        "book": 54,
        "chapter": 2,
        "verse": 5,
        "text": "For there is one God and one mediator between God and men, the man Christ Jesus,"
      },
      {
        "book_name": "1 Timothy",
        "book": 54,
        "chapter": 2,
        "verse": 6,
        "text": "who gave himself as a ransom for all, the testimony at the proper time,"
      },
      {
        "book_name": "1 Timothy",
        "book": 54,
        "chapter": 2,
        "verse": 7,
        "text": "to which I was appointed a preacher and an apostle—I am telling the truth in Christ, not lying—a teacher of the Gentiles in faith and truth."
      },
      {
        "book_name": "1 Timothy",
        "book": 54,
        "chapter": 2,
        "verse": 8,
        "text": "I desire therefore that the men in every place pray, lifting up holy hands without anger and doubting."
      },
      {
        "book_name": "1 Timothy",
        "book": 54,
        "chapter": 2,
        "verse": 9,
        "text": "In the same way, that women also adorn themselves in decent clothing, with modesty and propriety, not#2:9 The word for “not” is the negative particle “μη” which denies an expected idea, as opposed to the usual word for “not” (ου) which denies a fact. Thus “μη” in this context is denying an expected idea (that women can be properly dressed without good works). with braided hair, gold, pearls, or expensive clothing,"
      },
      {
        "book_name": "1 Timothy",
        "book": 54,
        "chapter": 2,
        "verse": 10,
        "text": "but with good works, which is appropriate for women professing godliness."
      },
      {
        "book_name": "1 Timothy",
        "book": 54,
        "chapter": 2,
        "verse": 11,
        "text": "Let a woman learn in quietness with full submission."
      },
      {
        "book_name": "1 Timothy",
        "book": 54,
        "chapter": 2,
        "verse": 12,
        "text": "But I don’t permit a woman to teach, nor to exercise authority over a man, but to be in quietness."
      },
      {
        "book_name": "1 Timothy",
        "book": 54,
        "chapter": 2,
        "verse": 13,
        "text": "For Adam was formed first, then Eve."
      },
      {
        "book_name": "1 Timothy",
        "book": 54,
        "chapter": 2,
        "verse": 14,
        "text": "Adam wasn’t deceived, but the woman, being deceived, has fallen into disobedience;"
      },
      {
        "book_name": "1 Timothy",
        "book": 54,
        "chapter": 2,
        "verse": 15,
        "text": "but she will be saved through her childbearing, if they continue in faith, love, and holiness with sobriety."
      }
    ],
    "3": [
      {
        "book_name": "1 Timothy",
        "book": 54,
        "chapter": 3,
        "verse": 1,
        "text": "1This is a faithful saying: someone who seeks to be an overseer#3:1 or, superintendent, or bishop desires a good work. 2The overseer therefore must be without reproach, the husband of one wife, temperate, sensible, modest, hospitable, good at teaching; 3not a drinker, not violent, not greedy for money, but gentle, not quarrelsome, not covetous; 4one who rules his own house well, having children in subjection with all reverence; 5(for how could someone who doesn’t know how to rule his own house take care of God’s assembly?) 6not a new convert, lest being puffed up he fall into the same condemnation as the devil. 7Moreover he must have good testimony from those who are outside, to avoid falling into reproach and the snare of the devil.  8Servants,#3:8 or, Deacons. in the same way, must be reverent, not double-tongued, not addicted to much wine, not greedy for money, 9holding the mystery of the faith in a pure conscience. 10Let them also first be tested; then let them serve#3:10 or, serve as deacons if they are blameless. 11Their wives in the same way must be reverent, not slanderers, temperate, and faithful in all things. 12Let servants#3:12 or, deacons be husbands of one wife, ruling their children and their own houses well. 13For those who have served well#3:13 or, served well as deacons gain for themselves a good standing and great boldness in the faith which is in Christ Jesus.  14These things I write to you, hoping to come to you shortly, 15but if I wait long, that you may know how men ought to behave themselves in God’s house, which is the assembly of the living God, the pillar and ground of the truth. 16Without controversy, the mystery of godliness is great:God#3:16 NU replaces “God” with “who” was revealed in the flesh,justified in the spirit,seen by angels,preached among the nations,believed on in the world,and received up in glory."
      },
      {
        "book_name": "1 Timothy",
        "book": 54,
        "chapter": 3,
        "verse": 1,
        "text": "This is a faithful saying: someone who seeks to be an overseer#3:1 or, superintendent, or bishop desires a good work."
      },
      {
        "book_name": "1 Timothy",
        "book": 54,
        "chapter": 3,
        "verse": 2,
        "text": "The overseer therefore must be without reproach, the husband of one wife, temperate, sensible, modest, hospitable, good at teaching;"
      },
      {
        "book_name": "1 Timothy",
        "book": 54,
        "chapter": 3,
        "verse": 3,
        "text": "not a drinker, not violent, not greedy for money, but gentle, not quarrelsome, not covetous;"
      },
      {
        "book_name": "1 Timothy",
        "book": 54,
        "chapter": 3,
        "verse": 4,
        "text": "one who rules his own house well, having children in subjection with all reverence;"
      },
      {
        "book_name": "1 Timothy",
        "book": 54,
        "chapter": 3,
        "verse": 5,
        "text": "(for how could someone who doesn’t know how to rule his own house take care of God’s assembly?)"
      },
      {
        "book_name": "1 Timothy",
        "book": 54,
        "chapter": 3,
        "verse": 6,
        "text": "not a new convert, lest being puffed up he fall into the same condemnation as the devil."
      },
      {
        "book_name": "1 Timothy",
        "book": 54,
        "chapter": 3,
        "verse": 7,
        "text": "Moreover he must have good testimony from those who are outside, to avoid falling into reproach and the snare of the devil."
      },
      {
        "book_name": "1 Timothy",
        "book": 54,
        "chapter": 3,
        "verse": 8,
        "text": "Servants,#3:8 or, Deacons. in the same way, must be reverent, not double-tongued, not addicted to much wine, not greedy for money,"
      },
      {
        "book_name": "1 Timothy",
        "book": 54,
        "chapter": 3,
        "verse": 9,
        "text": "holding the mystery of the faith in a pure conscience."
      },
      {
        "book_name": "1 Timothy",
        "book": 54,
        "chapter": 3,
        "verse": 10,
        "text": "Let them also first be tested; then let them serve#3:10 or, serve as deacons if they are blameless."
      },
      {
        "book_name": "1 Timothy",
        "book": 54,
        "chapter": 3,
        "verse": 11,
        "text": "Their wives in the same way must be reverent, not slanderers, temperate, and faithful in all things."
      },
      {
        "book_name": "1 Timothy",
        "book": 54,
        "chapter": 3,
        "verse": 12,
        "text": "Let servants#3:12 or, deacons be husbands of one wife, ruling their children and their own houses well."
      },
      {
        "book_name": "1 Timothy",
        "book": 54,
        "chapter": 3,
        "verse": 13,
        "text": "For those who have served well#3:13 or, served well as deacons gain for themselves a good standing and great boldness in the faith which is in Christ Jesus."
      },
      {
        "book_name": "1 Timothy",
        "book": 54,
        "chapter": 3,
        "verse": 14,
        "text": "These things I write to you, hoping to come to you shortly,"
      },
      {
        "book_name": "1 Timothy",
        "book": 54,
        "chapter": 3,
        "verse": 15,
        "text": "but if I wait long, that you may know how men ought to behave themselves in God’s house, which is the assembly of the living God, the pillar and ground of the truth."
      },
      {
        "book_name": "1 Timothy",
        "book": 54,
        "chapter": 3,
        "verse": 16,
        "text": "Without controversy, the mystery of godliness is great:"
      },
      {
        "book_name": "1 Timothy",
        "book": 54,
        "chapter": 3,
        "verse": 16,
        "text": "God#3:16 NU replaces “God” with “who” was revealed in the flesh,"
      },
      {
        "book_name": "1 Timothy",
        "book": 54,
        "chapter": 3,
        "verse": 16,
        "text": "justified in the spirit,"
      },
      {
        "book_name": "1 Timothy",
        "book": 54,
        "chapter": 3,
        "verse": 16,
        "text": "seen by angels,"
      },
      {
        "book_name": "1 Timothy",
        "book": 54,
        "chapter": 3,
        "verse": 16,
        "text": "preached among the nations,"
      },
      {
        "book_name": "1 Timothy",
        "book": 54,
        "chapter": 3,
        "verse": 16,
        "text": "believed on in the world,"
      },
      {
        "book_name": "1 Timothy",
        "book": 54,
        "chapter": 3,
        "verse": 16,
        "text": "and received up in glory."
      }
    ],
    "4": [
      {
        "book_name": "1 Timothy",
        "book": 54,
        "chapter": 4,
        "verse": 1,
        "text": "1But the Spirit says expressly that in later times some will fall away from the faith, paying attention to seducing spirits and doctrines of demons, 2through the hypocrisy of men who speak lies, branded in their own conscience as with a hot iron, 3forbidding marriage and commanding to abstain from foods which God created to be received with thanksgiving by those who believe and know the truth. 4For every creature of God is good, and nothing is to be rejected if it is received with thanksgiving. 5For it is sanctified through the word of God and prayer.  6If you instruct the brothers of these things, you will be a good servant of Christ Jesus, nourished in the words of the faith and of the good doctrine which you have followed. 7But refuse profane and old wives’ fables. Exercise yourself toward godliness. 8For bodily exercise has some value, but godliness has value in all things, having the promise of the life which is now and of that which is to come. 9This saying is faithful and worthy of all acceptance. 10For to this end we both labor and suffer reproach, because we have set our trust in the living God, who is the Savior of all men, especially of those who believe. 11Command and teach these things.  12Let no man despise your youth; but be an example to those who believe, in word, in your way of life, in love, in spirit, in faith, and in purity. 13Until I come, pay attention to reading, to exhortation, and to teaching. 14Don’t neglect the gift that is in you, which was given to you by prophecy with the laying on of the hands of the elders. 15Be diligent in these things. Give yourself wholly to them, that your progress may be revealed to all. 16Pay attention to yourself and to your teaching. Continue in these things, for in doing this you will save both yourself and those who hear you."
      },
      {
        "book_name": "1 Timothy",
        "book": 54,
        "chapter": 4,
        "verse": 1,
        "text": "But the Spirit says expressly that in later times some will fall away from the faith, paying attention to seducing spirits and doctrines of demons,"
      },
      {
        "book_name": "1 Timothy",
        "book": 54,
        "chapter": 4,
        "verse": 2,
        "text": "through the hypocrisy of men who speak lies, branded in their own conscience as with a hot iron,"
      },
      {
        "book_name": "1 Timothy",
        "book": 54,
        "chapter": 4,
        "verse": 3,
        "text": "forbidding marriage and commanding to abstain from foods which God created to be received with thanksgiving by those who believe and know the truth."
      },
      {
        "book_name": "1 Timothy",
        "book": 54,
        "chapter": 4,
        "verse": 4,
        "text": "For every creature of God is good, and nothing is to be rejected if it is received with thanksgiving."
      },
      {
        "book_name": "1 Timothy",
        "book": 54,
        "chapter": 4,
        "verse": 5,
        "text": "For it is sanctified through the word of God and prayer."
      },
      {
        "book_name": "1 Timothy",
        "book": 54,
        "chapter": 4,
        "verse": 6,
        "text": "If you instruct the brothers of these things, you will be a good servant of Christ Jesus, nourished in the words of the faith and of the good doctrine which you have followed."
      },
      {
        "book_name": "1 Timothy",
        "book": 54,
        "chapter": 4,
        "verse": 7,
        "text": "But refuse profane and old wives’ fables. Exercise yourself toward godliness."
      },
      {
        "book_name": "1 Timothy",
        "book": 54,
        "chapter": 4,
        "verse": 8,
        "text": "For bodily exercise has some value, but godliness has value in all things, having the promise of the life which is now and of that which is to come."
      },
      {
        "book_name": "1 Timothy",
        "book": 54,
        "chapter": 4,
        "verse": 9,
        "text": "This saying is faithful and worthy of all acceptance."
      },
      {
        "book_name": "1 Timothy",
        "book": 54,
        "chapter": 4,
        "verse": 10,
        "text": "For to this end we both labor and suffer reproach, because we have set our trust in the living God, who is the Savior of all men, especially of those who believe."
      },
      {
        "book_name": "1 Timothy",
        "book": 54,
        "chapter": 4,
        "verse": 11,
        "text": "Command and teach these things."
      },
      {
        "book_name": "1 Timothy",
        "book": 54,
        "chapter": 4,
        "verse": 12,
        "text": "Let no man despise your youth; but be an example to those who believe, in word, in your way of life, in love, in spirit, in faith, and in purity."
      },
      {
        "book_name": "1 Timothy",
        "book": 54,
        "chapter": 4,
        "verse": 13,
        "text": "Until I come, pay attention to reading, to exhortation, and to teaching."
      },
      {
        "book_name": "1 Timothy",
        "book": 54,
        "chapter": 4,
        "verse": 14,
        "text": "Don’t neglect the gift that is in you, which was given to you by prophecy with the laying on of the hands of the elders."
      },
      {
        "book_name": "1 Timothy",
        "book": 54,
        "chapter": 4,
        "verse": 15,
        "text": "Be diligent in these things. Give yourself wholly to them, that your progress may be revealed to all."
      },
      {
        "book_name": "1 Timothy",
        "book": 54,
        "chapter": 4,
        "verse": 16,
        "text": "Pay attention to yourself and to your teaching. Continue in these things, for in doing this you will save both yourself and those who hear you."
      }
    ],
    "5": [
      {
        "book_name": "1 Timothy",
        "book": 54,
        "chapter": 5,
        "verse": 1,
        "text": "1Don’t rebuke an older man, but exhort him as a father; the younger men as brothers; 2the elder women as mothers; the younger as sisters, in all purity.  3Honor widows who are widows indeed. 4But if any widow has children or grandchildren, let them learn first to show piety toward their own family and to repay their parents, for this is#5:4 TR adds “good and” acceptable in the sight of God. 5Now she who is a widow indeed and desolate, has her hope set on God and continues in petitions and prayers night and day. 6But she who gives herself to pleasure is dead while she lives. 7Also command these things, that they may be without reproach. 8But if anyone doesn’t provide for his own, and especially his own household, he has denied the faith and is worse than an unbeliever.  9Let no one be enrolled as a widow under sixty years old, having been the wife of one man, 10being approved by good works, if she has brought up children, if she has been hospitable to strangers, if she has washed the saints’ feet, if she has relieved the afflicted, and if she has diligently followed every good work.  11But refuse younger widows, for when they have grown wanton against Christ, they desire to marry, 12having condemnation, because they have rejected their first pledge. 13Besides, they also learn to be idle, going about from house to house. Not only idle, but also gossips and busybodies, saying things which they ought not. 14I desire therefore that the younger widows marry, bear children, rule the household, and give no occasion to the adversary for insulting. 15For already some have turned away after Satan. 16If any man or woman who believes has widows, let them relieve them, and don’t let the assembly be burdened, that it might relieve those who are widows indeed.  17Let the elders who rule well be counted worthy of double honor, especially those who labor in the word and in teaching. 18For the Scripture says, “You shall not muzzle the ox when it treads out the grain.”#Deuteronomy 25:4 And, “The laborer is worthy of his wages.”#Luke 10:7; Leviticus 19:13  19Don’t receive an accusation against an elder except at the word of two or three witnesses. 20Those who sin, reprove in the sight of all, that the rest also may be in fear. 21I command you in the sight of God, and the Lord Jesus Christ, and the chosen angels, that you observe these things without prejudice, doing nothing by partiality. 22Lay hands hastily on no one. Don’t be a participant in other people’s sins. Keep yourself pure.  23Be no longer a drinker of water only, but use a little wine for your stomach’s sake and your frequent infirmities.  24Some men’s sins are evident, preceding them to judgment, and some also follow later. 25In the same way also there are good works that are obvious, and those that are otherwise can’t be hidden."
      },
      {
        "book_name": "1 Timothy",
        "book": 54,
        "chapter": 5,
        "verse": 1,
        "text": "Don’t rebuke an older man, but exhort him as a father; the younger men as brothers;"
      },
      {
        "book_name": "1 Timothy",
        "book": 54,
        "chapter": 5,
        "verse": 2,
        "text": "the elder women as mothers; the younger as sisters, in all purity."
      },
      {
        "book_name": "1 Timothy",
        "book": 54,
        "chapter": 5,
        "verse": 3,
        "text": "Honor widows who are widows indeed."
      },
      {
        "book_name": "1 Timothy",
        "book": 54,
        "chapter": 5,
        "verse": 4,
        "text": "But if any widow has children or grandchildren, let them learn first to show piety toward their own family and to repay their parents, for this is#5:4 TR adds “good and” acceptable in the sight of God."
      },
      {
        "book_name": "1 Timothy",
        "book": 54,
        "chapter": 5,
        "verse": 5,
        "text": "Now she who is a widow indeed and desolate, has her hope set on God and continues in petitions and prayers night and day."
      },
      {
        "book_name": "1 Timothy",
        "book": 54,
        "chapter": 5,
        "verse": 6,
        "text": "But she who gives herself to pleasure is dead while she lives."
      },
      {
        "book_name": "1 Timothy",
        "book": 54,
        "chapter": 5,
        "verse": 7,
        "text": "Also command these things, that they may be without reproach."
      },
      {
        "book_name": "1 Timothy",
        "book": 54,
        "chapter": 5,
        "verse": 8,
        "text": "But if anyone doesn’t provide for his own, and especially his own household, he has denied the faith and is worse than an unbeliever."
      },
      {
        "book_name": "1 Timothy",
        "book": 54,
        "chapter": 5,
        "verse": 9,
        "text": "Let no one be enrolled as a widow under sixty years old, having been the wife of one man,"
      },
      {
        "book_name": "1 Timothy",
        "book": 54,
        "chapter": 5,
        "verse": 10,
        "text": "being approved by good works, if she has brought up children, if she has been hospitable to strangers, if she has washed the saints’ feet, if she has relieved the afflicted, and if she has diligently followed every good work."
      },
      {
        "book_name": "1 Timothy",
        "book": 54,
        "chapter": 5,
        "verse": 11,
        "text": "But refuse younger widows, for when they have grown wanton against Christ, they desire to marry,"
      },
      {
        "book_name": "1 Timothy",
        "book": 54,
        "chapter": 5,
        "verse": 12,
        "text": "having condemnation, because they have rejected their first pledge."
      },
      {
        "book_name": "1 Timothy",
        "book": 54,
        "chapter": 5,
        "verse": 13,
        "text": "Besides, they also learn to be idle, going about from house to house. Not only idle, but also gossips and busybodies, saying things which they ought not."
      },
      {
        "book_name": "1 Timothy",
        "book": 54,
        "chapter": 5,
        "verse": 14,
        "text": "I desire therefore that the younger widows marry, bear children, rule the household, and give no occasion to the adversary for insulting."
      },
      {
        "book_name": "1 Timothy",
        "book": 54,
        "chapter": 5,
        "verse": 15,
        "text": "For already some have turned away after Satan."
      },
      {
        "book_name": "1 Timothy",
        "book": 54,
        "chapter": 5,
        "verse": 16,
        "text": "If any man or woman who believes has widows, let them relieve them, and don’t let the assembly be burdened, that it might relieve those who are widows indeed."
      },
      {
        "book_name": "1 Timothy",
        "book": 54,
        "chapter": 5,
        "verse": 17,
        "text": "Let the elders who rule well be counted worthy of double honor, especially those who labor in the word and in teaching."
      },
      {
        "book_name": "1 Timothy",
        "book": 54,
        "chapter": 5,
        "verse": 18,
        "text": "For the Scripture says, “You shall not muzzle the ox when it treads out the grain.”#Deuteronomy 25:4 And, “The laborer is worthy of his wages.”#Luke 10:7; Leviticus 19:13"
      },
      {
        "book_name": "1 Timothy",
        "book": 54,
        "chapter": 5,
        "verse": 19,
        "text": "Don’t receive an accusation against an elder except at the word of two or three witnesses."
      },
      {
        "book_name": "1 Timothy",
        "book": 54,
        "chapter": 5,
        "verse": 20,
        "text": "Those who sin, reprove in the sight of all, that the rest also may be in fear."
      },
      {
        "book_name": "1 Timothy",
        "book": 54,
        "chapter": 5,
        "verse": 21,
        "text": "I command you in the sight of God, and the Lord Jesus Christ, and the chosen angels, that you observe these things without prejudice, doing nothing by partiality."
      },
      {
        "book_name": "1 Timothy",
        "book": 54,
        "chapter": 5,
        "verse": 22,
        "text": "Lay hands hastily on no one. Don’t be a participant in other people’s sins. Keep yourself pure."
      },
      {
        "book_name": "1 Timothy",
        "book": 54,
        "chapter": 5,
        "verse": 23,
        "text": "Be no longer a drinker of water only, but use a little wine for your stomach’s sake and your frequent infirmities."
      },
      {
        "book_name": "1 Timothy",
        "book": 54,
        "chapter": 5,
        "verse": 24,
        "text": "Some men’s sins are evident, preceding them to judgment, and some also follow later."
      },
      {
        "book_name": "1 Timothy",
        "book": 54,
        "chapter": 5,
        "verse": 25,
        "text": "In the same way also there are good works that are obvious, and those that are otherwise can’t be hidden."
      }
    ],
    "6": [
      {
        "book_name": "1 Timothy",
        "book": 54,
        "chapter": 6,
        "verse": 1,
        "text": "1Let as many as are bondservants under the yoke count their own masters worthy of all honor, that the name of God and the doctrine not be blasphemed. 2Those who have believing masters, let them not despise them because they are brothers, but rather let them serve them, because those who partake of the benefit are believing and beloved. Teach and exhort these things.  3If anyone teaches a different doctrine and doesn’t consent to sound words, the words of our Lord Jesus Christ, and to the doctrine which is according to godliness, 4he is conceited, knowing nothing, but obsessed with arguments, disputes, and word battles, from which come envy, strife, insulting, evil suspicions, 5constant friction of people of corrupt minds and destitute of the truth, who suppose that godliness is a means of gain. Withdraw yourself from such.#6:5 NU omits “Withdraw yourself from such.”  6But godliness with contentment is great gain. 7For we brought nothing into the world, and we certainly can’t carry anything out. 8But having food and clothing, we will be content with that. 9But those who are determined to be rich fall into a temptation, a snare, and many foolish and harmful lusts, such as drown men in ruin and destruction. 10For the love of money is a root of all kinds of evil. Some have been led astray from the faith in their greed, and have pierced themselves through with many sorrows.  11But you, man of God, flee these things, and follow after righteousness, godliness, faith, love, perseverance, and gentleness. 12Fight the good fight of faith. Take hold of the eternal life to which you were called, and you confessed the good confession in the sight of many witnesses. 13I command you before God who gives life to all things, and before Christ Jesus who before Pontius Pilate testified the good confession, 14that you keep the commandment without spot, blameless until the appearing of our Lord Jesus Christ, 15which at the right time he will show, who is the blessed and only Ruler, the King of kings and Lord of lords. 16He alone has immortality, dwelling in unapproachable light, whom no man has seen nor can see, to whom be honor and eternal power. Amen.  17Charge those who are rich in this present age that they not be arrogant, nor have their hope set on the uncertainty of riches, but on the living God, who richly provides us with everything to enjoy; 18that they do good, that they be rich in good works, that they be ready to distribute, willing to share; 19laying up in store for themselves a good foundation against the time to come, that they may lay hold of eternal life.  20Timothy, guard that which is committed to you, turning away from the empty chatter and oppositions of what is falsely called knowledge, 21which some profess, and thus have wandered from the faith.Grace be with you. Amen."
      },
      {
        "book_name": "1 Timothy",
        "book": 54,
        "chapter": 6,
        "verse": 1,
        "text": "Let as many as are bondservants under the yoke count their own masters worthy of all honor, that the name of God and the doctrine not be blasphemed."
      },
      {
        "book_name": "1 Timothy",
        "book": 54,
        "chapter": 6,
        "verse": 2,
        "text": "Those who have believing masters, let them not despise them because they are brothers, but rather let them serve them, because those who partake of the benefit are believing and beloved. Teach and exhort these things."
      },
      {
        "book_name": "1 Timothy",
        "book": 54,
        "chapter": 6,
        "verse": 3,
        "text": "If anyone teaches a different doctrine and doesn’t consent to sound words, the words of our Lord Jesus Christ, and to the doctrine which is according to godliness,"
      },
      {
        "book_name": "1 Timothy",
        "book": 54,
        "chapter": 6,
        "verse": 4,
        "text": "he is conceited, knowing nothing, but obsessed with arguments, disputes, and word battles, from which come envy, strife, insulting, evil suspicions,"
      },
      {
        "book_name": "1 Timothy",
        "book": 54,
        "chapter": 6,
        "verse": 5,
        "text": "constant friction of people of corrupt minds and destitute of the truth, who suppose that godliness is a means of gain. Withdraw yourself from such.#6:5 NU omits “Withdraw yourself from such.”"
      },
      {
        "book_name": "1 Timothy",
        "book": 54,
        "chapter": 6,
        "verse": 6,
        "text": "But godliness with contentment is great gain."
      },
      {
        "book_name": "1 Timothy",
        "book": 54,
        "chapter": 6,
        "verse": 7,
        "text": "For we brought nothing into the world, and we certainly can’t carry anything out."
      },
      {
        "book_name": "1 Timothy",
        "book": 54,
        "chapter": 6,
        "verse": 8,
        "text": "But having food and clothing, we will be content with that."
      },
      {
        "book_name": "1 Timothy",
        "book": 54,
        "chapter": 6,
        "verse": 9,
        "text": "But those who are determined to be rich fall into a temptation, a snare, and many foolish and harmful lusts, such as drown men in ruin and destruction."
      },
      {
        "book_name": "1 Timothy",
        "book": 54,
        "chapter": 6,
        "verse": 10,
        "text": "For the love of money is a root of all kinds of evil. Some have been led astray from the faith in their greed, and have pierced themselves through with many sorrows."
      },
      {
        "book_name": "1 Timothy",
        "book": 54,
        "chapter": 6,
        "verse": 11,
        "text": "But you, man of God, flee these things, and follow after righteousness, godliness, faith, love, perseverance, and gentleness."
      },
      {
        "book_name": "1 Timothy",
        "book": 54,
        "chapter": 6,
        "verse": 12,
        "text": "Fight the good fight of faith. Take hold of the eternal life to which you were called, and you confessed the good confession in the sight of many witnesses."
      },
      {
        "book_name": "1 Timothy",
        "book": 54,
        "chapter": 6,
        "verse": 13,
        "text": "I command you before God who gives life to all things, and before Christ Jesus who before Pontius Pilate testified the good confession,"
      },
      {
        "book_name": "1 Timothy",
        "book": 54,
        "chapter": 6,
        "verse": 14,
        "text": "that you keep the commandment without spot, blameless until the appearing of our Lord Jesus Christ,"
      },
      {
        "book_name": "1 Timothy",
        "book": 54,
        "chapter": 6,
        "verse": 15,
        "text": "which at the right time he will show, who is the blessed and only Ruler, the King of kings and Lord of lords."
      },
      {
        "book_name": "1 Timothy",
        "book": 54,
        "chapter": 6,
        "verse": 16,
        "text": "He alone has immortality, dwelling in unapproachable light, whom no man has seen nor can see, to whom be honor and eternal power. Amen."
      },
      {
        "book_name": "1 Timothy",
        "book": 54,
        "chapter": 6,
        "verse": 17,
        "text": "Charge those who are rich in this present age that they not be arrogant, nor have their hope set on the uncertainty of riches, but on the living God, who richly provides us with everything to enjoy;"
      },
      {
        "book_name": "1 Timothy",
        "book": 54,
        "chapter": 6,
        "verse": 18,
        "text": "that they do good, that they be rich in good works, that they be ready to distribute, willing to share;"
      },
      {
        "book_name": "1 Timothy",
        "book": 54,
        "chapter": 6,
        "verse": 19,
        "text": "laying up in store for themselves a good foundation against the time to come, that they may lay hold of eternal life."
      },
      {
        "book_name": "1 Timothy",
        "book": 54,
        "chapter": 6,
        "verse": 20,
        "text": "Timothy, guard that which is committed to you, turning away from the empty chatter and oppositions of what is falsely called knowledge,"
      },
      {
        "book_name": "1 Timothy",
        "book": 54,
        "chapter": 6,
        "verse": 21,
        "text": "which some profess, and thus have wandered from the faith."
      },
      {
        "book_name": "1 Timothy",
        "book": 54,
        "chapter": 6,
        "verse": 21,
        "text": "Grace be with you. Amen."
      }
    ]
  }
}