{
  "source": "bible.com",
  "version": "World English Bible",
  "book": "2 Timothy",
  "chapters": {
    "1": [
      {
        "book_name": "2 Timothy",
        "book": 55,
        "chapter": 1,
        "verse": 1,
        "text": "1Paul, an apostle of Jesus Christ#1:1 “Christ” means “Anointed One”. through the will of God, according to the promise of the life which is in Christ Jesus, 2to Timothy, my beloved child: Grace, mercy, and peace, from God the Father and Christ Jesus our Lord.  3I thank God, whom I serve as my forefathers did, with a pure conscience. How unceasing is my memory of you in my petitions, night and day 4longing to see you, remembering your tears, that I may be filled with joy; 5having been reminded of the sincere faith that is in you, which lived first in your grandmother Lois and your mother Eunice and, I am persuaded, in you also.  6For this cause, I remind you that you should stir up the gift of God which is in you through the laying on of my hands. 7For God didn’t give us a spirit of fear, but of power, love, and self-control. 8Therefore don’t be ashamed of the testimony of our Lord, nor of me his prisoner; but endure hardship for the Good News according to the power of God, 9who saved us and called us with a holy calling, not according to our works, but according to his own purpose and grace, which was given to us in Christ Jesus before times eternal, 10but has now been revealed by the appearing of our Savior, Christ Jesus, who abolished death, and brought life and immortality to light through the Good News. 11For this I was appointed as a preacher, an apostle, and a teacher of the Gentiles. 12For this cause I also suffer these things.Yet I am not ashamed, for I know him whom I have believed, and I am persuaded that he is able to guard that which I have committed to him against that day.  13Hold the pattern of sound words which you have heard from me, in faith and love which is in Christ Jesus. 14That good thing which was committed to you, guard through the Holy Spirit who dwells in us.  15This you know, that all who are in Asia turned away from me, of whom are Phygelus and Hermogenes. 16May the Lord grant mercy to the house of Onesiphorus, for he often refreshed me, and was not ashamed of my chain, 17but when he was in Rome, he sought me diligently and found me 18(the Lord grant to him to find the Lord’s mercy in that day); and in how many things he served at Ephesus, you know very well."
      },
      {
        "book_name": "2 Timothy",
        "book": 55,
        "chapter": 1,
        "verse": 1,
        "text": "Paul, an apostle of Jesus Christ#1:1 “Christ” means “Anointed One”. through the will of God, according to the promise of the life which is in Christ Jesus,"
      },
      {
        "book_name": "2 Timothy",
        "book": 55,
        "chapter": 1,
        "verse": 2,
        "text": "to Timothy, my beloved child: Grace, mercy, and peace, from God the Father and Christ Jesus our Lord."
      },
      {
        "book_name": "2 Timothy",
        "book": 55,
        "chapter": 1,
        "verse": 3,
        "text": "I thank God, whom I serve as my forefathers did, with a pure conscience. How unceasing is my memory of you in my petitions, night and day"
      },
      {
        "book_name": "2 Timothy",
        "book": 55,
        "chapter": 1,
        "verse": 4,
        "text": "longing to see you, remembering your tears, that I may be filled with joy;"
      },
      {
        "book_name": "2 Timothy",
        "book": 55,
        "chapter": 1,
        "verse": 5,
        "text": "having been reminded of the sincere faith that is in you, which lived first in your grandmother Lois and your mother Eunice and, I am persuaded, in you also."
      },
      {
        "book_name": "2 Timothy",
        "book": 55,
        "chapter": 1,
        "verse": 6,
        "text": "For this cause, I remind you that you should stir up the gift of God which is in you through the laying on of my hands."
      },
      {
        "book_name": "2 Timothy",
        "book": 55,
        "chapter": 1,
        "verse": 7,
        "text": "For God didn’t give us a spirit of fear, but of power, love, and self-control."
      },
      {
        "book_name": "2 Timothy",
        "book": 55,
        "chapter": 1,
        "verse": 8,
        "text": "Therefore don’t be ashamed of the testimony of our Lord, nor of me his prisoner; but endure hardship for the Good News according to the power of God,"
      },
      {
        "book_name": "2 Timothy",
        "book": 55,
        "chapter": 1,
        "verse": 9,
        "text": "who saved us and called us with a holy calling, not according to our works, but according to his own purpose and grace, which was given to us in Christ Jesus before times eternal,"
      },
      {
        "book_name": "2 Timothy",
        "book": 55,
        "chapter": 1,
        "verse": 10,
        "text": "but has now been revealed by the appearing of our Savior, Christ Jesus, who abolished death, and brought life and immortality to light through the Good News."
      },
      {
        "book_name": "2 Timothy",
        "book": 55,
        "chapter": 1,
        "verse": 11,
        "text": "For this I was appointed as a preacher, an apostle, and a teacher of the Gentiles."
      },
      {
        "book_name": "2 Timothy",
        "book": 55,
        "chapter": 1,
        "verse": 12,
        "text": "For this cause I also suffer these things."
      },
      {
        "book_name": "2 Timothy",
        "book": 55,
        "chapter": 1,
        "verse": 12,
        "text": "Yet I am not ashamed, for I know him whom I have believed, and I am persuaded that he is able to guard that which I have committed to him against that day."
      },
      {
        "book_name": "2 Timothy",
        "book": 55,
        "chapter": 1,
        "verse": 13,
        "text": "Hold the pattern of sound words which you have heard from me, in faith and love which is in Christ Jesus."
      },
      {
        "book_name": "2 Timothy",
        "book": 55,
        "chapter": 1,
        "verse": 14,
        "text": "That good thing which was committed to you, guard through the Holy Spirit who dwells in us."
      },
      {
        "book_name": "2 Timothy",
        "book": 55,
        "chapter": 1,
        "verse": 15,
        "text": "This you know, that all who are in Asia turned away from me, of whom are Phygelus and Hermogenes."
      },
      {
        "book_name": "2 Timothy",
        "book": 55,
        "chapter": 1,
        "verse": 16,
        "text": "May the Lord grant mercy to the house of Onesiphorus, for he often refreshed me, and was not ashamed of my chain,"
      },
      {
        "book_name": "2 Timothy",
        "book": 55,
        "chapter": 1,
        "verse": 17,
        "text": "but when he was in Rome, he sought me diligently and found me"
      },
      {
        "book_name": "2 Timothy",
        "book": 55,
        "chapter": 1,
        "verse": 18,
        "text": "(the Lord grant to him to find the Lord’s mercy in that day); and in how many things he served at Ephesus, you know very well."
      }
    ],
    "2": [
      {
        "book_name": "2 Timothy",
        "book": 55,
        "chapter": 2,
        "verse": 1,
        "text": "1You therefore, my child, be strengthened in the grace that is in Christ Jesus. 2The things which you have heard from me among many witnesses, commit the same things to faithful men who will be able to teach others also. 3You therefore must endure hardship as a good soldier of Christ Jesus. 4No soldier on duty entangles himself in the affairs of life, that he may please him who enrolled him as a soldier. 5Also, if anyone competes in athletics, he isn’t crowned unless he has competed by the rules. 6The farmer who labors must be the first to get a share of the crops. 7Consider what I say, and may the Lord give you understanding in all things.  8Remember Jesus Christ, risen from the dead, of the offspring#2:8 or, seed of David, according to my Good News, 9in which I suffer hardship to the point of chains as a criminal. But God’s word isn’t chained. 10Therefore I endure all things for the chosen ones’ sake, that they also may obtain the salvation which is in Christ Jesus with eternal glory. 11This saying is trustworthy:“For if we died with him,we will also live with him.  12If we endure,we will also reign with him.If we deny him,he also will deny us.  13If we are faithless,he remains faithful;for he can’t deny himself.”  14Remind them of these things, charging them in the sight of the Lord that they don’t argue about words to no profit, to the subverting of those who hear.  15Give diligence to present yourself approved by God, a workman who doesn’t need to be ashamed, properly handling the Word of Truth. 16But shun empty chatter, for it will go further in ungodliness, 17and those words will consume like gangrene, of whom is Hymenaeus and Philetus: 18men who have erred concerning the truth, saying that the resurrection is already past, and overthrowing the faith of some. 19However, God’s firm foundation stands, having this seal: “The Lord knows those who are his,”#Numbers 16:5 and, “Let every one who names the name of the Lord#2:19 TR reads “Christ” instead of “the Lord” depart from unrighteousness.”  20Now in a large house there are not only vessels of gold and of silver, but also of wood and of clay. Some are for honor and some for dishonor. 21If anyone therefore purges himself from these, he will be a vessel for honor, sanctified, and suitable for the master’s use, prepared for every good work.  22Flee from youthful lusts; but pursue righteousness, faith, love, and peace with those who call on the Lord out of a pure heart. 23But refuse foolish and ignorant questionings, knowing that they generate strife. 24The Lord’s servant must not quarrel, but be gentle toward all, able to teach, patient, 25in gentleness correcting those who oppose him. Perhaps God may give them repentance leading to a full knowledge of the truth, 26and they may recover themselves out of the devil’s snare, having been taken captive by him to do his will."
      },
      {
        "book_name": "2 Timothy",
        "book": 55,
        "chapter": 2,
        "verse": 1,
        "text": "You therefore, my child, be strengthened in the grace that is in Christ Jesus."
      },
      {
        "book_name": "2 Timothy",
        "book": 55,
        "chapter": 2,
        "verse": 2,
        "text": "The things which you have heard from me among many witnesses, commit the same things to faithful men who will be able to teach others also."
      },
      {
        "book_name": "2 Timothy",
        "book": 55,
        "chapter": 2,
        "verse": 3,
        "text": "You therefore must endure hardship as a good soldier of Christ Jesus."
      },
      {
        "book_name": "2 Timothy",
        "book": 55,
        "chapter": 2,
        "verse": 4,
        "text": "No soldier on duty entangles himself in the affairs of life, that he may please him who enrolled him as a soldier."
      },
      {
        "book_name": "2 Timothy",
        "book": 55,
        "chapter": 2,
        "verse": 5,
        "text": "Also, if anyone competes in athletics, he isn’t crowned unless he has competed by the rules."
      },
      {
        "book_name": "2 Timothy",
        "book": 55,
        "chapter": 2,
        "verse": 6,
        "text": "The farmer who labors must be the first to get a share of the crops."
      },
      {
        "book_name": "2 Timothy",
        "book": 55,
        "chapter": 2,
        "verse": 7,
        "text": "Consider what I say, and may the Lord give you understanding in all things."
      },
      {
        "book_name": "2 Timothy",
        "book": 55,
        "chapter": 2,
        "verse": 8,
        "text": "Remember Jesus Christ, risen from the dead, of the offspring#2:8 or, seed of David, according to my Good News,"
      },
      {
        "book_name": "2 Timothy",
        "book": 55,
        "chapter": 2,
        "verse": 9,
        "text": "in which I suffer hardship to the point of chains as a criminal. But God’s word isn’t chained."
      },
      {
        "book_name": "2 Timothy",
        "book": 55,
        "chapter": 2,
        "verse": 10,
        "text": "Therefore I endure all things for the chosen ones’ sake, that they also may obtain the salvation which is in Christ Jesus with eternal glory."
      },
      {
        "book_name": "2 Timothy",
        "book": 55,
        "chapter": 2,
        "verse": 11,
        "text": "This saying is trustworthy:"
      },
      {
        "book_name": "2 Timothy",
        "book": 55,
        "chapter": 2,
        "verse": 11,
        "text": "“For if we died with him,"
      },
      {
        "book_name": "2 Timothy",
        "book": 55,
        "chapter": 2,
        "verse": 11,
        "text": "we will also live with him."
      },
      {
        "book_name": "2 Timothy",
        "book": 55,
        "chapter": 2,
        "verse": 12,
        "text": "If we endure,"
      },
      {
        "book_name": "2 Timothy",
        "book": 55,
        "chapter": 2,
        "verse": 12,
        "text": "we will also reign with him."
      },
      {
        "book_name": "2 Timothy",
        "book": 55,
        "chapter": 2,
        "verse": 12,
        "text": "If we deny him,"
      },
      {
        "book_name": "2 Timothy",
        "book": 55,
        "chapter": 2,
        "verse": 12,
        "text": "he also will deny us."
      },
      {
        "book_name": "2 Timothy",
        "book": 55,
        "chapter": 2,
        "verse": 13,
        "text": "If we are faithless,"
      },
      {
        "book_name": "2 Timothy",
        "book": 55,
        "chapter": 2,
        "verse": 13,
        "text": "he remains faithful;"
      },
      {
        "book_name": "2 Timothy",
        "book": 55,
        "chapter": 2,
        "verse": 13,
        "text": "for he can’t deny himself.”"
      },
      {
        "book_name": "2 Timothy",
        "book": 55,
        "chapter": 2,
        "verse": 14,
        "text": "Remind them of these things, charging them in the sight of the Lord that they don’t argue about words to no profit, to the subverting of those who hear."
      },
      {
        "book_name": "2 Timothy",
        "book": 55,
        "chapter": 2,
        "verse": 15,
        "text": "Give diligence to present yourself approved by God, a workman who doesn’t need to be ashamed, properly handling the Word of Truth."
      },
      {
        "book_name": "2 Timothy",
        "book": 55,
        "chapter": 2,
        "verse": 16,
        "text": "But shun empty chatter, for it will go further in ungodliness,"
      },
      {
        "book_name": "2 Timothy",
        "book": 55,
        "chapter": 2,
        "verse": 17,
        "text": "and those words will consume like gangrene, of whom is Hymenaeus and Philetus:"
      },
      {
        "book_name": "2 Timothy",
        "book": 55,
        "chapter": 2,
        "verse": 18,
        "text": "men who have erred concerning the truth, saying that the resurrection is already past, and overthrowing the faith of some."
      },
      {
        "book_name": "2 Timothy",
        "book": 55,
        "chapter": 2,
        "verse": 19,
        "text": "However, God’s firm foundation stands, having this seal: “The Lord knows those who are his,”#Numbers 16:5 and, “Let every one who names the name of the Lord#2:19 TR reads “Christ” instead of “the Lord” depart from unrighteousness.”"
      },
      {
        "book_name": "2 Timothy",
        "book": 55,
        "chapter": 2,
        "verse": 20,
        "text": "Now in a large house there are not only vessels of gold and of silver, but also of wood and of clay. Some are for honor and some for dishonor."
      },
      {
        "book_name": "2 Timothy",
        "book": 55,
        "chapter": 2,
        "verse": 21,
        "text": "If anyone therefore purges himself from these, he will be a vessel for honor, sanctified, and suitable for the master’s use, prepared for every good work."
      },
      {
        "book_name": "2 Timothy",
        "book": 55,
        "chapter": 2,
        "verse": 22,
        "text": "Flee from youthful lusts; but pursue righteousness, faith, love, and peace with those who call on the Lord out of a pure heart."
      },
      {
        "book_name": "2 Timothy",
        "book": 55,
        "chapter": 2,
        "verse": 23,
        "text": "But refuse foolish and ignorant questionings, knowing that they generate strife."
      },
      {
        "book_name": "2 Timothy",
        "book": 55,
        "chapter": 2,
        "verse": 24,
        "text": "The Lord’s servant must not quarrel, but be gentle toward all, able to teach, patient,"
      },
      {
        "book_name": "2 Timothy",
        "book": 55,
        "chapter": 2,
        "verse": 25,
        "text": "in gentleness correcting those who oppose him. Perhaps God may give them repentance leading to a full knowledge of the truth,"
      },
      {
        "book_name": "2 Timothy",
        "book": 55,
        "chapter": 2,
        "verse": 26,
        "text": "and they may recover themselves out of the devil’s snare, having been taken captive by him to do his will."
      }
    ],
    "3": [
      {
        "book_name": "2 Timothy",
        "book": 55,
        "chapter": 3,
        "verse": 1,
        "text": "1But know this: that in the last days, grievous times will come. 2For men will be lovers of self, lovers of money, boastful, arrogant, blasphemers, disobedient to parents, unthankful, unholy, 3without natural affection, unforgiving, slanderers, without self-control, fierce, not lovers of good, 4traitors, headstrong, conceited, lovers of pleasure rather than lovers of God, 5holding a form of godliness but having denied its power. Turn away from these, also. 6For some of these are people who creep into houses and take captive gullible women loaded down with sins, led away by various lusts, 7always learning and never able to come to the knowledge of the truth. 8Even as Jannes and Jambres opposed Moses, so these also oppose the truth, men corrupted in mind, who concerning the faith are rejected. 9But they will proceed no further. For their folly will be evident to all men, as theirs also came to be.  10But you followed my teaching, conduct, purpose, faith, patience, love, steadfastness, 11persecutions, and sufferings—those things that happened to me at Antioch, Iconium, and Lystra. I endured those persecutions. The Lord delivered me out of them all. 12Yes, and all who desire to live godly in Christ Jesus will suffer persecution. 13But evil men and impostors will grow worse and worse, deceiving and being deceived. 14But you remain in the things which you have learned and have been assured of, knowing from whom you have learned them. 15From infancy, you have known the holy Scriptures which are able to make you wise for salvation through faith which is in Christ Jesus. 16Every Scripture is God-breathed and#3:16 or, Every writing inspired by God is profitable for teaching, for reproof, for correction, and for instruction in righteousness, 17that each person who belongs to God may be complete, thoroughly equipped for every good work."
      },
      {
        "book_name": "2 Timothy",
        "book": 55,
        "chapter": 3,
        "verse": 1,
        "text": "But know this: that in the last days, grievous times will come."
      },
      {
        "book_name": "2 Timothy",
        "book": 55,
        "chapter": 3,
        "verse": 2,
        "text": "For men will be lovers of self, lovers of money, boastful, arrogant, blasphemers, disobedient to parents, unthankful, unholy,"
      },
      {
        "book_name": "2 Timothy",
        "book": 55,
        "chapter": 3,
        "verse": 3,
        "text": "without natural affection, unforgiving, slanderers, without self-control, fierce, not lovers of good,"
      },
      {
        "book_name": "2 Timothy",
        "book": 55,
        "chapter": 3,
        "verse": 4,
        "text": "traitors, headstrong, conceited, lovers of pleasure rather than lovers of God,"
      },
      {
        "book_name": "2 Timothy",
        "book": 55,
        "chapter": 3,
        "verse": 5,
        "text": "holding a form of godliness but having denied its power. Turn away from these, also."
      },
      {
        "book_name": "2 Timothy",
        "book": 55,
        "chapter": 3,
        "verse": 6,
        "text": "For some of these are people who creep into houses and take captive gullible women loaded down with sins, led away by various lusts,"
      },
      {
        "book_name": "2 Timothy",
        "book": 55,
        "chapter": 3,
        "verse": 7,
        "text": "always learning and never able to come to the knowledge of the truth."
      },
      {
        "book_name": "2 Timothy",
        "book": 55,
        "chapter": 3,
        "verse": 8,
        "text": "Even as Jannes and Jambres opposed Moses, so these also oppose the truth, men corrupted in mind, who concerning the faith are rejected."
      },
      {
        "book_name": "2 Timothy",
        "book": 55,
        "chapter": 3,
        "verse": 9,
        "text": "But they will proceed no further. For their folly will be evident to all men, as theirs also came to be."
      },
      {
        "book_name": "2 Timothy",
        "book": 55,
        "chapter": 3,
        "verse": 10,
        "text": "But you followed my teaching, conduct, purpose, faith, patience, love, steadfastness,"
      },
      {
        "book_name": "2 Timothy",
        "book": 55,
        "chapter": 3,
        "verse": 11,
        "text": "persecutions, and sufferings—those things that happened to me at Antioch, Iconium, and Lystra. I endured those persecutions. The Lord delivered me out of them all."
      },
      {
        "book_name": "2 Timothy",
        "book": 55,
        "chapter": 3,
        "verse": 12,
        "text": "Yes, and all who desire to live godly in Christ Jesus will suffer persecution."
      },
      {
        "book_name": "2 Timothy",
        "book": 55,
        "chapter": 3,
        "verse": 13,
        "text": "But evil men and impostors will grow worse and worse, deceiving and being deceived."
      },
      {
        "book_name": "2 Timothy",
        "book": 55,
        "chapter": 3,
        "verse": 14,
        "text": "But you remain in the things which you have learned and have been assured of, knowing from whom you have learned them."
      },
      {
        "book_name": "2 Timothy",
        "book": 55,
        "chapter": 3,
        "verse": 15,
        "text": "From infancy, you have known the holy Scriptures which are able to make you wise for salvation through faith which is in Christ Jesus."
      },
      {
        "book_name": "2 Timothy",
        "book": 55,
        "chapter": 3,
        "verse": 16,
        "text": "Every Scripture is God-breathed and#3:16 or, Every writing inspired by God is profitable for teaching, for reproof, for correction, and for instruction in righteousness,"
      },
      {
        "book_name": "2 Timothy",
        "book": 55,
        "chapter": 3,
        "verse": 17,
        "text": "that each person who belongs to God may be complete, thoroughly equipped for every good work."
      }
    ],
    "4": [
      {
        "book_name": "2 Timothy",
        "book": 55,
        "chapter": 4,
        "verse": 1,
        "text": "1I command you therefore before God and the Lord Jesus Christ, who will judge the living and the dead at his appearing and his Kingdom: 2preach the word; be urgent in season and out of season; reprove, rebuke, and exhort with all patience and teaching. 3For the time will come when they will not listen to the sound doctrine, but having itching ears, will heap up for themselves teachers after their own lusts, 4and will turn away their ears from the truth, and turn away to fables. 5But you be sober in all things, suffer hardship, do the work of an evangelist, and fulfill your ministry.  6For I am already being offered, and the time of my departure has come. 7I have fought the good fight. I have finished the course. I have kept the faith. 8From now on, the crown of righteousness is stored up for me, which the Lord, the righteous judge, will give to me on that day; and not to me only, but also to all those who have loved his appearing.  9Be diligent to come to me soon, 10for Demas left me, having loved this present world, and went to Thessalonica; Crescens to Galatia; and Titus to Dalmatia. 11Only Luke is with me. Take Mark and bring him with you, for he is useful to me for service. 12But I sent Tychicus to Ephesus. 13Bring the cloak that I left at Troas with Carpus when you come—and the books, especially the parchments. 14Alexander the coppersmith did much evil to me. The Lord will repay him according to his deeds. 15Beware of him, for he greatly opposed our words.  16At my first defense, no one came to help me, but all left me. May it not be held against them. 17But the Lord stood by me and strengthened me, that through me the message might be fully proclaimed, and that all the Gentiles might hear. So I was delivered out of the mouth of the lion. 18And the Lord will deliver me from every evil work and will preserve me for his heavenly Kingdom. To him be the glory forever and ever. Amen.  19Greet Prisca and Aquila, and the house of Onesiphorus. 20Erastus remained at Corinth, but I left Trophimus at Miletus sick. 21Be diligent to come before winter. Eubulus salutes you, as do Pudens, Linus, Claudia, and all the brothers.  22The Lord Jesus Christ be with your spirit. Grace be with you. Amen."
      },
      {
        "book_name": "2 Timothy",
        "book": 55,
        "chapter": 4,
        "verse": 1,
        "text": "I command you therefore before God and the Lord Jesus Christ, who will judge the living and the dead at his appearing and his Kingdom:"
      },
      {
        "book_name": "2 Timothy",
        "book": 55,
        "chapter": 4,
        "verse": 2,
        "text": "preach the word; be urgent in season and out of season; reprove, rebuke, and exhort with all patience and teaching."
      },
      {
        "book_name": "2 Timothy",
        "book": 55,
        "chapter": 4,
        "verse": 3,
        "text": "For the time will come when they will not listen to the sound doctrine, but having itching ears, will heap up for themselves teachers after their own lusts,"
      },
      {
        "book_name": "2 Timothy",
        "book": 55,
        "chapter": 4,
        "verse": 4,
        "text": "and will turn away their ears from the truth, and turn away to fables."
      },
      {
        "book_name": "2 Timothy",
        "book": 55,
        "chapter": 4,
        "verse": 5,
        "text": "But you be sober in all things, suffer hardship, do the work of an evangelist, and fulfill your ministry."
      },
      {
        "book_name": "2 Timothy",
        "book": 55,
        "chapter": 4,
        "verse": 6,
        "text": "For I am already being offered, and the time of my departure has come."
      },
      {
        "book_name": "2 Timothy",
        "book": 55,
        "chapter": 4,
        "verse": 7,
        "text": "I have fought the good fight. I have finished the course. I have kept the faith."
      },
      {
        "book_name": "2 Timothy",
        "book": 55,
        "chapter": 4,
        "verse": 8,
        "text": "From now on, the crown of righteousness is stored up for me, which the Lord, the righteous judge, will give to me on that day; and not to me only, but also to all those who have loved his appearing."
      },
      {
        "book_name": "2 Timothy",
        "book": 55,
        "chapter": 4,
        "verse": 9,
        "text": "Be diligent to come to me soon,"
      },
      {
        "book_name": "2 Timothy",
        "book": 55,
        "chapter": 4,
        "verse": 10,
        "text": "for Demas left me, having loved this present world, and went to Thessalonica; Crescens to Galatia; and Titus to Dalmatia."
      },
      {
        "book_name": "2 Timothy",
        "book": 55,
        "chapter": 4,
        "verse": 11,
        "text": "Only Luke is with me. Take Mark and bring him with you, for he is useful to me for service."
      },
      {
        "book_name": "2 Timothy",
        "book": 55,
        "chapter": 4,
        "verse": 12,
        "text": "But I sent Tychicus to Ephesus."
      },
      {
        "book_name": "2 Timothy",
        "book": 55,
        "chapter": 4,
        "verse": 13,
        "text": "Bring the cloak that I left at Troas with Carpus when you come—and the books, especially the parchments."
      },
      {
        "book_name": "2 Timothy",
        "book": 55,
        "chapter": 4,
        "verse": 14,
        "text": "Alexander the coppersmith did much evil to me. The Lord will repay him according to his deeds."
      },
      {
        "book_name": "2 Timothy",
        "book": 55,
        "chapter": 4,
        "verse": 15,
        "text": "Beware of him, for he greatly opposed our words."
      },
      {
        "book_name": "2 Timothy",
        "book": 55,
        "chapter": 4,
        "verse": 16,
        "text": "At my first defense, no one came to help me, but all left me. May it not be held against them."
      },
      {
        "book_name": "2 Timothy",
        "book": 55,
        "chapter": 4,
        "verse": 17,
        "text": "But the Lord stood by me and strengthened me, that through me the message might be fully proclaimed, and that all the Gentiles might hear. So I was delivered out of the mouth of the lion."
      },
      {
        "book_name": "2 Timothy",
        "book": 55,
        "chapter": 4,
        "verse": 18,
        "text": "And the Lord will deliver me from every evil work and will preserve me for his heavenly Kingdom. To him be the glory forever and ever. Amen."
      },
      {
        "book_name": "2 Timothy",
        "book": 55,
        "chapter": 4,
        "verse": 19,
        "text": "Greet Prisca and Aquila, and the house of Onesiphorus."
      },
      {
        "book_name": "2 Timothy",
        "book": 55,
        "chapter": 4,
        "verse": 20,
        "text": "Erastus remained at Corinth, but I left Trophimus at Miletus sick."
      },
      {
        "book_name": "2 Timothy",
        "book": 55,
        "chapter": 4,
        "verse": 21,
        "text": "Be diligent to come before winter. Eubulus salutes you, as do Pudens, Linus, Claudia, and all the brothers."
      },
      {
        "book_name": "2 Timothy",
        "book": 55,
        "chapter": 4,
        "verse": 22,
        "text": "The Lord Jesus Christ be with your spirit. Grace be with you. Amen."
      }
    ]
  }
}