{
  "source": "bible.com",
  "version": "World English Bible",
  "book": "3 John",
  "chapters": {
    "1": [
      {
        "book_name": "3 John",
        "book": 64,
        "chapter": 1,
        "verse": 1,
        "text": "1The elder to Gaius the beloved, whom I love in truth.  2Beloved, I pray that you may prosper in all things and be healthy, even as your soul prospers. 3For I rejoiced greatly when brothers came and testified about your truth, even as you walk in truth. 4I have no greater joy than this: to hear about my children walking in truth.  5Beloved, you do a faithful work in whatever you accomplish for those who are brothers and strangers. 6They have testified about your love before the assembly. You will do well to send them forward on their journey in a way worthy of God, 7because for the sake of the Name they went out, taking nothing from the Gentiles. 8We therefore ought to receive such, that we may be fellow workers for the truth.  9I wrote to the assembly, but Diotrephes, who loves to be first among them, doesn’t accept what we say. 10Therefore, if I come, I will call attention to his deeds which he does, unjustly accusing us with wicked words. Not content with this, he doesn’t receive the brothers himself, and those who would, he forbids and throws out of the assembly.  11Beloved, don’t imitate that which is evil, but that which is good. He who does good is of God. He who does evil hasn’t seen God. 12Demetrius has the testimony of all, and of the truth itself; yes, we also testify, and you know that our testimony is true.  13I had many things to write to you, but I am unwilling to write to you with ink and pen; 14but I hope to see you soon. Then we will speak face to face.Peace be to you. The friends greet you. Greet the friends by name."
      },
      {
        "book_name": "3 John",
        "book": 64,
        "chapter": 1,
        "verse": 1,
        "text": "The elder to Gaius the beloved, whom I love in truth."
      },
      {
        "book_name": "3 John",
        "book": 64,
        "chapter": 1,
        "verse": 2,
        "text": "Beloved, I pray that you may prosper in all things and be healthy, even as your soul prospers."
      },
      {
        "book_name": "3 John",
        "book": 64,
        "chapter": 1,
        "verse": 3,
        "text": "For I rejoiced greatly when brothers came and testified about your truth, even as you walk in truth."
      },
      {
        "book_name": "3 John",
        "book": 64,
        "chapter": 1,
        "verse": 4,
        "text": "I have no greater joy than this: to hear about my children walking in truth."
      },
      {
        "book_name": "3 John",
        "book": 64,
        "chapter": 1,
        "verse": 5,
        "text": "Beloved, you do a faithful work in whatever you accomplish for those who are brothers and strangers."
      },
      {
        "book_name": "3 John",
        "book": 64,
        "chapter": 1,
        "verse": 6,
        "text": "They have testified about your love before the assembly. You will do well to send them forward on their journey in a way worthy of God,"
      },
      {
        "book_name": "3 John",
        "book": 64,
        "chapter": 1,
        "verse": 7,
        "text": "because for the sake of the Name they went out, taking nothing from the Gentiles."
      },
      {
        "book_name": "3 John",
        "book": 64,
        "chapter": 1,
        "verse": 8,
        "text": "We therefore ought to receive such, that we may be fellow workers for the truth."
      },
      {
        "book_name": "3 John",
        "book": 64,
        "chapter": 1,
        "verse": 9,
        "text": "I wrote to the assembly, but Diotrephes, who loves to be first among them, doesn’t accept what we say."
      },
      {
        "book_name": "3 John",
        "book": 64,
        "chapter": 1,
        "verse": 10,
        "text": "Therefore, if I come, I will call attention to his deeds which he does, unjustly accusing us with wicked words. Not content with this, he doesn’t receive the brothers himself, and those who would, he forbids and throws out of the assembly."
      },
      {
        "book_name": "3 John",
        "book": 64,
        "chapter": 1,
        "verse": 11,
        "text": "Beloved, don’t imitate that which is evil, but that which is good. He who does good is of God. He who does evil hasn’t seen God."
      },
      {
        "book_name": "3 John",
        "book": 64,
        "chapter": 1,
        "verse": 12,
        "text": "Demetrius has the testimony of all, and of the truth itself; yes, we also testify, and you know that our testimony is true."
      },
      {
        "book_name": "3 John",
        "book": 64,
        "chapter": 1,
        "verse": 13,
        "text": "I had many things to write to you, but I am unwilling to write to you with ink and pen;"
      },
      {
        "book_name": "3 John",
        "book": 64,
        "chapter": 1,
        "verse": 14,
        "text": "but I hope to see you soon. Then we will speak face to face."
      },
      {
        "book_name": "3 John",
        "book": 64,
        "chapter": 1,
        "verse": 14,
        "text": "Peace be to you. The friends greet you. Greet the friends by name."
      }
    ]
  }
}