{
  "source": "bible.com",
  "version": "World English Bible",
  "book": "Amos",
  "chapters": {
    "1": [
      {
        "book_name": "Amos",
        "book": 30,
        "chapter": 1,
        "verse": 1,
        "text": "1The words of Amos, who was among the herdsmen of Tekoa, which he saw concerning Israel in the days of Uzziah king of Judah and in the days of Jeroboam the son of Joash, king of Israel, two years before the earthquake. 2He said:“Yahweh#1:2 “Yahweh” is God’s proper Name, sometimes rendered “Lord” (all caps) in other translations. will roar from Zion,and utter his voice from Jerusalem;and the pastures of the shepherds will mourn,and the top of Carmel will wither.”  3Yahweh says:“For three transgressions of Damascus, yes, for four,I will not turn away its punishment,because they have threshed Gilead with threshing instruments of iron;  4but I will send a fire into the house of Hazael,and it will devour the palaces of Ben Hadad.  5I will break the bar of Damascus,and cut off the inhabitant from the valley of Aven,and him who holds the scepter from the house of Eden;and the people of Syria shall go into captivity to Kir,”says Yahweh.  6Yahweh says:“For three transgressions of Gaza, yes, for four,I will not turn away its punishment,because they carried away captive the whole community,to deliver them up to Edom;  7but I will send a fire on the wall of Gaza,and it will devour its palaces.  8I will cut off the inhabitant from Ashdod,and him who holds the scepter from Ashkelon;and I will turn my hand against Ekron;and the remnant of the Philistines will perish,”says the Lord#1:8 The word translated “Lord” is “Adonai.” Yahweh.  9Yahweh says:“For three transgressions of Tyre, yes, for four,I will not turn away its punishment;because they delivered up the whole community to Edom,and didn’t remember the brotherly covenant;  10but I will send a fire on the wall of Tyre,and it will devour its palaces.”  11Yahweh says:“For three transgressions of Edom, yes, for four,I will not turn away its punishment,because he pursued his brother with the swordand cast off all pity,and his anger raged continually,and he kept his wrath forever;  12but I will send a fire on Teman,and it will devour the palaces of Bozrah.”  13Yahweh says:“For three transgressions of the children of Ammon, yes, for four,I will not turn away its punishment,because they have ripped open the pregnant women of Gilead,that they may enlarge their border.  14But I will kindle a fire in the wall of Rabbah,and it will devour its palaces,with shouting in the day of battle,with a storm in the day of the whirlwind;  15and their king will go into captivity,he and his princes together,”says Yahweh."
      },
      {
        "book_name": "Amos",
        "book": 30,
        "chapter": 1,
        "verse": 1,
        "text": "The words of Amos, who was among the herdsmen of Tekoa, which he saw concerning Israel in the days of Uzziah king of Judah and in the days of Jeroboam the son of Joash, king of Israel, two years before the earthquake."
      },
      {
        "book_name": "Amos",
        "book": 30,
        "chapter": 1,
        "verse": 2,
        "text": "He said:"
      },
      {
        "book_name": "Amos",
        "book": 30,
        "chapter": 1,
        "verse": 2,
        "text": "“Yahweh#1:2 “Yahweh” is God’s proper Name, sometimes rendered “Lord” (all caps) in other translations. will roar from Zion,"
      },
      {
        "book_name": "Amos",
        "book": 30,
        "chapter": 1,
        "verse": 2,
        "text": "and utter his voice from Jerusalem;"
      },
      {
        "book_name": "Amos",
        "book": 30,
        "chapter": 1,
        "verse": 2,
        "text": "and the pastures of the shepherds will mourn,"
      },
      {
        "book_name": "Amos",
        "book": 30,
        "chapter": 1,
        "verse": 2,
        "text": "and the top of Carmel will wither.”"
      },
      {
        "book_name": "Amos",
        "book": 30,
        "chapter": 1,
        "verse": 3,
        "text": "Yahweh says:"
      },
      {
        "book_name": "Amos",
        "book": 30,
        "chapter": 1,
        "verse": 3,
        "text": "“For three transgressions of Damascus, yes, for four,"
      },
      {
        "book_name": "Amos",
        "book": 30,
        "chapter": 1,
        "verse": 3,
        "text": "I will not turn away its punishment,"
      },
      {
        "book_name": "Amos",
        "book": 30,
        "chapter": 1,
        "verse": 3,
        "text": "because they have threshed Gilead with threshing instruments of iron;"
      },
      {
        "book_name": "Amos",
        "book": 30,
        "chapter": 1,
        "verse": 4,
        "text": "but I will send a fire into the house of Hazael,"
      },
      {
        "book_name": "Amos",
        "book": 30,
        "chapter": 1,
        "verse": 4,
        "text": "and it will devour the palaces of Ben Hadad."
      },
      {
        "book_name": "Amos",
        "book": 30,
        "chapter": 1,
        "verse": 5,
        "text": "I will break the bar of Damascus,"
      },
      {
        "book_name": "Amos",
        "book": 30,
        "chapter": 1,
        "verse": 5,
        "text": "and cut off the inhabitant from the valley of Aven,"
      },
      {
        "book_name": "Amos",
        "book": 30,
        "chapter": 1,
        "verse": 5,
        "text": "and him who holds the scepter from the house of Eden;"
      },
      {
        "book_name": "Amos",
        "book": 30,
        "chapter": 1,
        "verse": 5,
        "text": "and the people of Syria shall go into captivity to Kir,”"
      },
      {
        "book_name": "Amos",
        "book": 30,
        "chapter": 1,
        "verse": 5,
        "text": "says Yahweh."
      },
      {
        "book_name": "Amos",
        "book": 30,
        "chapter": 1,
        "verse": 6,
        "text": "Yahweh says:"
      },
      {
        "book_name": "Amos",
        "book": 30,
        "chapter": 1,
        "verse": 6,
        "text": "“For three transgressions of Gaza, yes, for four,"
      },
      {
        "book_name": "Amos",
        "book": 30,
        "chapter": 1,
        "verse": 6,
        "text": "I will not turn away its punishment,"
      },
      {
        "book_name": "Amos",
        "book": 30,
        "chapter": 1,
        "verse": 6,
        "text": "because they carried away captive the whole community,"
      },
      {
        "book_name": "Amos",
        "book": 30,
        "chapter": 1,
        "verse": 6,
        "text": "to deliver them up to Edom;"
      },
      {
        "book_name": "Amos",
        "book": 30,
        "chapter": 1,
        "verse": 7,
        "text": "but I will send a fire on the wall of Gaza,"
      },
      {
        "book_name": "Amos",
        "book": 30,
        "chapter": 1,
        "verse": 7,
        "text": "and it will devour its palaces."
      },
      {
        "book_name": "Amos",
        "book": 30,
        "chapter": 1,
        "verse": 8,
        "text": "I will cut off the inhabitant from Ashdod,"
      },
      {
        "book_name": "Amos",
        "book": 30,
        "chapter": 1,
        "verse": 8,
        "text": "and him who holds the scepter from Ashkelon;"
      },
      {
        "book_name": "Amos",
        "book": 30,
        "chapter": 1,
        "verse": 8,
        "text": "and I will turn my hand against Ekron;"
      },
      {
        "book_name": "Amos",
        "book": 30,
        "chapter": 1,
        "verse": 8,
        "text": "and the remnant of the Philistines will perish,”"
      },
      {
        "book_name": "Amos",
        "book": 30,
        "chapter": 1,
        "verse": 8,
        "text": "says the Lord#1:8 The word translated “Lord” is “Adonai.” Yahweh."
      },
      {
        "book_name": "Amos",
        "book": 30,
        "chapter": 1,
        "verse": 9,
        "text": "Yahweh says:"
      },
      {
        "book_name": "Amos",
        "book": 30,
        "chapter": 1,
        "verse": 9,
        "text": "“For three transgressions of Tyre, yes, for four,"
      },
      {
        "book_name": "Amos",
        "book": 30,
        "chapter": 1,
        "verse": 9,
        "text": "I will not turn away its punishment;"
      },
      {
        "book_name": "Amos",
        "book": 30,
        "chapter": 1,
        "verse": 9,
        "text": "because they delivered up the whole community to Edom,"
      },
      {
        "book_name": "Amos",
        "book": 30,
        "chapter": 1,
        "verse": 9,
        "text": "and didn’t remember the brotherly covenant;"
      },
      {
        "book_name": "Amos",
        "book": 30,
        "chapter": 1,
        "verse": 10,
        "text": "but I will send a fire on the wall of Tyre,"
      },
      {
        "book_name": "Amos",
        "book": 30,
        "chapter": 1,
        "verse": 10,
        "text": "and it will devour its palaces.”"
      },
      {
        "book_name": "Amos",
        "book": 30,
        "chapter": 1,
        "verse": 11,
        "text": "Yahweh says:"
      },
      {
        "book_name": "Amos",
        "book": 30,
        "chapter": 1,
        "verse": 11,
        "text": "“For three transgressions of Edom, yes, for four,"
      },
      {
        "book_name": "Amos",
        "book": 30,
        "chapter": 1,
        "verse": 11,
        "text": "I will not turn away its punishment,"
      },
      {
        "book_name": "Amos",
        "book": 30,
        "chapter": 1,
        "verse": 11,
        "text": "because he pursued his brother with the sword"
      },
      {
        "book_name": "Amos",
        "book": 30,
        "chapter": 1,
        "verse": 11,
        "text": "and cast off all pity,"
      },
      {
        "book_name": "Amos",
        "book": 30,
        "chapter": 1,
        "verse": 11,
        "text": "and his anger raged continually,"
      },
      {
        "book_name": "Amos",
        "book": 30,
        "chapter": 1,
        "verse": 11,
        "text": "and he kept his wrath forever;"
      },
      {
        "book_name": "Amos",
        "book": 30,
        "chapter": 1,
        "verse": 12,
        "text": "but I will send a fire on Teman,"
      },
      {
        "book_name": "Amos",
        "book": 30,
        "chapter": 1,
        "verse": 12,
        "text": "and it will devour the palaces of Bozrah.”"
      },
      {
        "book_name": "Amos",
        "book": 30,
        "chapter": 1,
        "verse": 13,
        "text": "Yahweh says:"
      },
      {
        "book_name": "Amos",
        "book": 30,
        "chapter": 1,
        "verse": 13,
        "text": "“For three transgressions of the children of Ammon, yes, for four,"
      },
      {
        "book_name": "Amos",
        "book": 30,
        "chapter": 1,
        "verse": 13,
        "text": "I will not turn away its punishment,"
      },
      {
        "book_name": "Amos",
        "book": 30,
        "chapter": 1,
        "verse": 13,
        "text": "because they have ripped open the pregnant women of Gilead,"
      },
      {
        "book_name": "Amos",
        "book": 30,
        "chapter": 1,
        "verse": 13,
        "text": "that they may enlarge their border."
      },
      {
        "book_name": "Amos",
        "book": 30,
        "chapter": 1,
        "verse": 14,
        "text": "But I will kindle a fire in the wall of Rabbah,"
      },
      {
        "book_name": "Amos",
        "book": 30,
        "chapter": 1,
        "verse": 14,
        "text": "and it will devour its palaces,"
      },
      {
        "book_name": "Amos",
        "book": 30,
        "chapter": 1,
        "verse": 14,
        "text": "with shouting in the day of battle,"
      },
      {
        "book_name": "Amos",
        "book": 30,
        "chapter": 1,
        "verse": 14,
        "text": "with a storm in the day of the whirlwind;"
      },
      {
        "book_name": "Amos",
        "book": 30,
        "chapter": 1,
        "verse": 15,
        "text": "and their king will go into captivity,"
      },
      {
        "book_name": "Amos",
        "book": 30,
        "chapter": 1,
        "verse": 15,
        "text": "he and his princes together,”"
      },
      {
        "book_name": "Amos",
        "book": 30,
        "chapter": 1,
        "verse": 15,
        "text": "says Yahweh."
      }
    ],
    "2": [
      {
        "book_name": "Amos",
        "book": 30,
        "chapter": 2,
        "verse": 1,
        "text": "1Yahweh says:“For three transgressions of Moab, yes, for four,I will not turn away its punishment,because he burned the bones of the king of Edom into lime;  2but I will send a fire on Moab,and it will devour the palaces of Kerioth;and Moab will die with tumult, with shouting, and with the sound of the trumpet;  3and I will cut off the judge from among them,and will kill all its princes with him,”says Yahweh.  4Yahweh says:“For three transgressions of Judah, yes, for four,I will not turn away its punishment,because they have rejected Yahweh’s law,and have not kept his statutes,and their lies have led them astray,after which their fathers walked;  5but I will send a fire on Judah,and it will devour the palaces of Jerusalem.”  6Yahweh says:“For three transgressions of Israel, yes, for four,I will not turn away its punishment,because they have sold the righteous for silver,and the needy for a pair of sandals;  7They trample the heads of the poor into the dust of the earthand deny justice to the oppressed.A man and his father use the same maiden, to profane my holy name.  8They lay themselves down beside every altar on clothes taken in pledge.In the house of their God#2:8 The Hebrew word rendered “God” is “אֱלֹהִ֑ים” (Elohim). they drink the wine of those who have been fined.  9Yet I destroyed the Amorite before them,whose height was like the height of the cedars,and he was strong as the oaks;yet I destroyed his fruit from above,and his roots from beneath.  10Also I brought you up out of the land of Egyptand led you forty years in the wilderness,to possess the land of the Amorite.  11I raised up some of your sons for prophets,and some of your young men for Nazirites.Isn’t this true,you children of Israel?” says Yahweh.  12“But you gave the Nazirites wine to drink,and commanded the prophets, saying, ‘Don’t prophesy!’  13Behold,#2:13 “Behold”, from “הִנֵּה”, means look at, take notice, observe, see, or gaze at. It is often used as an interjection. I will crush you in your place,as a cart crushes that is full of grain.  14Flight will perish from the swift.The strong won’t strengthen his force.The mighty won’t deliver himself.  15He who handles the bow won’t stand.He who is swift of foot won’t escape.He who rides the horse won’t deliver himself.  16He who is courageous among the mightywill flee away naked on that day,”says Yahweh."
      },
      {
        "book_name": "Amos",
        "book": 30,
        "chapter": 2,
        "verse": 1,
        "text": "Yahweh says:"
      },
      {
        "book_name": "Amos",
        "book": 30,
        "chapter": 2,
        "verse": 1,
        "text": "“For three transgressions of Moab, yes, for four,"
      },
      {
        "book_name": "Amos",
        "book": 30,
        "chapter": 2,
        "verse": 1,
        "text": "I will not turn away its punishment,"
      },
      {
        "book_name": "Amos",
        "book": 30,
        "chapter": 2,
        "verse": 1,
        "text": "because he burned the bones of the king of Edom into lime;"
      },
      {
        "book_name": "Amos",
        "book": 30,
        "chapter": 2,
        "verse": 2,
        "text": "but I will send a fire on Moab,"
      },
      {
        "book_name": "Amos",
        "book": 30,
        "chapter": 2,
        "verse": 2,
        "text": "and it will devour the palaces of Kerioth;"
      },
      {
        "book_name": "Amos",
        "book": 30,
        "chapter": 2,
        "verse": 2,
        "text": "and Moab will die with tumult, with shouting, and with the sound of the trumpet;"
      },
      {
        "book_name": "Amos",
        "book": 30,
        "chapter": 2,
        "verse": 3,
        "text": "and I will cut off the judge from among them,"
      },
      {
        "book_name": "Amos",
        "book": 30,
        "chapter": 2,
        "verse": 3,
        "text": "and will kill all its princes with him,”"
      },
      {
        "book_name": "Amos",
        "book": 30,
        "chapter": 2,
        "verse": 3,
        "text": "says Yahweh."
      },
      {
        "book_name": "Amos",
        "book": 30,
        "chapter": 2,
        "verse": 4,
        "text": "Yahweh says:"
      },
      {
        "book_name": "Amos",
        "book": 30,
        "chapter": 2,
        "verse": 4,
        "text": "“For three transgressions of Judah, yes, for four,"
      },
      {
        "book_name": "Amos",
        "book": 30,
        "chapter": 2,
        "verse": 4,
        "text": "I will not turn away its punishment,"
      },
      {
        "book_name": "Amos",
        "book": 30,
        "chapter": 2,
        "verse": 4,
        "text": "because they have rejected Yahweh’s law,"
      },
      {
        "book_name": "Amos",
        "book": 30,
        "chapter": 2,
        "verse": 4,
        "text": "and have not kept his statutes,"
      },
      {
        "book_name": "Amos",
        "book": 30,
        "chapter": 2,
        "verse": 4,
        "text": "and their lies have led them astray,"
      },
      {
        "book_name": "Amos",
        "book": 30,
        "chapter": 2,
        "verse": 4,
        "text": "after which their fathers walked;"
      },
      {
        "book_name": "Amos",
        "book": 30,
        "chapter": 2,
        "verse": 5,
        "text": "but I will send a fire on Judah,"
      },
      {
        "book_name": "Amos",
        "book": 30,
        "chapter": 2,
        "verse": 5,
        "text": "and it will devour the palaces of Jerusalem.”"
      },
      {
        "book_name": "Amos",
        "book": 30,
        "chapter": 2,
        "verse": 6,
        "text": "Yahweh says:"
      },
      {
        "book_name": "Amos",
        "book": 30,
        "chapter": 2,
        "verse": 6,
        "text": "“For three transgressions of Israel, yes, for four,"
      },
      {
        "book_name": "Amos",
        "book": 30,
        "chapter": 2,
        "verse": 6,
        "text": "I will not turn away its punishment,"
      },
      {
        "book_name": "Amos",
        "book": 30,
        "chapter": 2,
        "verse": 6,
        "text": "because they have sold the righteous for silver,"
      },
      {
        "book_name": "Amos",
        "book": 30,
        "chapter": 2,
        "verse": 6,
        "text": "and the needy for a pair of sandals;"
      },
      {
        "book_name": "Amos",
        "book": 30,
        "chapter": 2,
        "verse": 7,
        "text": "They trample the heads of the poor into the dust of the earth"
      },
      {
        "book_name": "Amos",
        "book": 30,
        "chapter": 2,
        "verse": 7,
        "text": "and deny justice to the oppressed."
      },
      {
        "book_name": "Amos",
        "book": 30,
        "chapter": 2,
        "verse": 7,
        "text": "A man and his father use the same maiden, to profane my holy name."
      },
      {
        "book_name": "Amos",
        "book": 30,
        "chapter": 2,
        "verse": 8,
        "text": "They lay themselves down beside every altar on clothes taken in pledge."
      },
      {
        "book_name": "Amos",
        "book": 30,
        "chapter": 2,
        "verse": 8,
        "text": "In the house of their God#2:8 The Hebrew word rendered “God” is “אֱלֹהִ֑ים” (Elohim). they drink the wine of those who have been fined."
      },
      {
        "book_name": "Amos",
        "book": 30,
        "chapter": 2,
        "verse": 9,
        "text": "Yet I destroyed the Amorite before them,"
      },
      {
        "book_name": "Amos",
        "book": 30,
        "chapter": 2,
        "verse": 9,
        "text": "whose height was like the height of the cedars,"
      },
      {
        "book_name": "Amos",
        "book": 30,
        "chapter": 2,
        "verse": 9,
        "text": "and he was strong as the oaks;"
      },
      {
        "book_name": "Amos",
        "book": 30,
        "chapter": 2,
        "verse": 9,
        "text": "yet I destroyed his fruit from above,"
      },
      {
        "book_name": "Amos",
        "book": 30,
        "chapter": 2,
        "verse": 9,
        "text": "and his roots from beneath."
      },
      {
        "book_name": "Amos",
        "book": 30,
        "chapter": 2,
        "verse": 10,
        "text": "Also I brought you up out of the land of Egypt"
      },
      {
        "book_name": "Amos",
        "book": 30,
        "chapter": 2,
        "verse": 10,
        "text": "and led you forty years in the wilderness,"
      },
      {
        "book_name": "Amos",
        "book": 30,
        "chapter": 2,
        "verse": 10,
        "text": "to possess the land of the Amorite."
      },
      {
        "book_name": "Amos",
        "book": 30,
        "chapter": 2,
        "verse": 11,
        "text": "I raised up some of your sons for prophets,"
      },
      {
        "book_name": "Amos",
        "book": 30,
        "chapter": 2,
        "verse": 11,
        "text": "and some of your young men for Nazirites."
      },
      {
        "book_name": "Amos",
        "book": 30,
        "chapter": 2,
        "verse": 11,
        "text": "Isn’t this true,"
      },
      {
        "book_name": "Amos",
        "book": 30,
        "chapter": 2,
        "verse": 11,
        "text": "you children of Israel?” says Yahweh."
      },
      {
        "book_name": "Amos",
        "book": 30,
        "chapter": 2,
        "verse": 12,
        "text": "“But you gave the Nazirites wine to drink,"
      },
      {
        "book_name": "Amos",
        "book": 30,
        "chapter": 2,
        "verse": 12,
        "text": "and commanded the prophets, saying, ‘Don’t prophesy!’"
      },
      {
        "book_name": "Amos",
        "book": 30,
        "chapter": 2,
        "verse": 13,
        "text": "Behold,#2:13 “Behold”, from “הִנֵּה”, means look at, take notice, observe, see, or gaze at. It is often used as an interjection. I will crush you in your place,"
      },
      {
        "book_name": "Amos",
        "book": 30,
        "chapter": 2,
        "verse": 13,
        "text": "as a cart crushes that is full of grain."
      },
      {
        "book_name": "Amos",
        "book": 30,
        "chapter": 2,
        "verse": 14,
        "text": "Flight will perish from the swift."
      },
      {
        "book_name": "Amos",
        "book": 30,
        "chapter": 2,
        "verse": 14,
        "text": "The strong won’t strengthen his force."
      },
      {
        "book_name": "Amos",
        "book": 30,
        "chapter": 2,
        "verse": 14,
        "text": "The mighty won’t deliver himself."
      },
      {
        "book_name": "Amos",
        "book": 30,
        "chapter": 2,
        "verse": 15,
        "text": "He who handles the bow won’t stand."
      },
      {
        "book_name": "Amos",
        "book": 30,
        "chapter": 2,
        "verse": 15,
        "text": "He who is swift of foot won’t escape."
      },
      {
        "book_name": "Amos",
        "book": 30,
        "chapter": 2,
        "verse": 15,
        "text": "He who rides the horse won’t deliver himself."
      },
      {
        "book_name": "Amos",
        "book": 30,
        "chapter": 2,
        "verse": 16,
        "text": "He who is courageous among the mighty"
      },
      {
        "book_name": "Amos",
        "book": 30,
        "chapter": 2,
        "verse": 16,
        "text": "will flee away naked on that day,”"
      },
      {
        "book_name": "Amos",
        "book": 30,
        "chapter": 2,
        "verse": 16,
        "text": "says Yahweh."
      }
    ],
    "3": [
      {
        "book_name": "Amos",
        "book": 30,
        "chapter": 3,
        "verse": 1,
        "text": "1Hear this word that Yahweh has spoken against you, children of Israel, against the whole family which I brought up out of the land of Egypt, saying:  2“I have only chosen you of all the families of the earth.Therefore I will punish you for all of your sins.”  3Do two walk together,unless they have agreed?  4Will a lion roar in the thicket,when he has no prey?Does a young lion cry out of his den,if he has caught nothing?  5Can a bird fall in a trap on the earth,where no snare is set for him?Does a snare spring up from the ground,when there is nothing to catch?  6Does the trumpet alarm sound in a city,without the people being afraid?Does evil happen to a city,and Yahweh hasn’t done it?  7Surely the Lord Yahweh will do nothing,unless he reveals his secret to his servants the prophets.  8The lion has roared.Who will not fear?The Lord Yahweh has spoken.Who can but prophesy?  9Proclaim in the palaces at Ashdod,and in the palaces in the land of Egypt,and say, “Assemble yourselves on the mountains of Samaria,and see what unrest is in her,and what oppression is among them.”  10“Indeed they don’t know to do right,” says Yahweh,“Who hoard plunder and loot in their palaces.”  11Therefore the Lord Yahweh says:“An adversary will overrun the land;and he will pull down your strongholds,and your fortresses will be plundered.”  12Yahweh says:“As the shepherd rescues out of the mouth of the lion two legs,or a piece of an ear,so shall the children of Israel be rescued who sit in Samaria on the corner of a couch,and on the silken cushions of a bed.”  13“Listen, and testify against the house of Jacob,” says the Lord Yahweh, the God of Armies.  14“For in the day that I visit the transgressions of Israel on him,I will also visit the altars of Bethel;and the horns of the altar will be cut off,and fall to the ground.  15I will strike the winter house with the summer house;and the houses of ivory will perish,and the great houses will have an end,”says Yahweh."
      },
      {
        "book_name": "Amos",
        "book": 30,
        "chapter": 3,
        "verse": 1,
        "text": "Hear this word that Yahweh has spoken against you, children of Israel, against the whole family which I brought up out of the land of Egypt, saying:"
      },
      {
        "book_name": "Amos",
        "book": 30,
        "chapter": 3,
        "verse": 2,
        "text": "“I have only chosen you of all the families of the earth."
      },
      {
        "book_name": "Amos",
        "book": 30,
        "chapter": 3,
        "verse": 2,
        "text": "Therefore I will punish you for all of your sins.”"
      },
      {
        "book_name": "Amos",
        "book": 30,
        "chapter": 3,
        "verse": 3,
        "text": "Do two walk together,"
      },
      {
        "book_name": "Amos",
        "book": 30,
        "chapter": 3,
        "verse": 3,
        "text": "unless they have agreed?"
      },
      {
        "book_name": "Amos",
        "book": 30,
        "chapter": 3,
        "verse": 4,
        "text": "Will a lion roar in the thicket,"
      },
      {
        "book_name": "Amos",
        "book": 30,
        "chapter": 3,
        "verse": 4,
        "text": "when he has no prey?"
      },
      {
        "book_name": "Amos",
        "book": 30,
        "chapter": 3,
        "verse": 4,
        "text": "Does a young lion cry out of his den,"
      },
      {
        "book_name": "Amos",
        "book": 30,
        "chapter": 3,
        "verse": 4,
        "text": "if he has caught nothing?"
      },
      {
        "book_name": "Amos",
        "book": 30,
        "chapter": 3,
        "verse": 5,
        "text": "Can a bird fall in a trap on the earth,"
      },
      {
        "book_name": "Amos",
        "book": 30,
        "chapter": 3,
        "verse": 5,
        "text": "where no snare is set for him?"
      },
      {
        "book_name": "Amos",
        "book": 30,
        "chapter": 3,
        "verse": 5,
        "text": "Does a snare spring up from the ground,"
      },
      {
        "book_name": "Amos",
        "book": 30,
        "chapter": 3,
        "verse": 5,
        "text": "when there is nothing to catch?"
      },
      {
        "book_name": "Amos",
        "book": 30,
        "chapter": 3,
        "verse": 6,
        "text": "Does the trumpet alarm sound in a city,"
      },
      {
        "book_name": "Amos",
        "book": 30,
        "chapter": 3,
        "verse": 6,
        "text": "without the people being afraid?"
      },
      {
        "book_name": "Amos",
        "book": 30,
        "chapter": 3,
        "verse": 6,
        "text": "Does evil happen to a city,"
      },
      {
        "book_name": "Amos",
        "book": 30,
        "chapter": 3,
        "verse": 6,
        "text": "and Yahweh hasn’t done it?"
      },
      {
        "book_name": "Amos",
        "book": 30,
        "chapter": 3,
        "verse": 7,
        "text": "Surely the Lord Yahweh will do nothing,"
      },
      {
        "book_name": "Amos",
        "book": 30,
        "chapter": 3,
        "verse": 7,
        "text": "unless he reveals his secret to his servants the prophets."
      },
      {
        "book_name": "Amos",
        "book": 30,
        "chapter": 3,
        "verse": 8,
        "text": "The lion has roared."
      },
      {
        "book_name": "Amos",
        "book": 30,
        "chapter": 3,
        "verse": 8,
        "text": "Who will not fear?"
      },
      {
        "book_name": "Amos",
        "book": 30,
        "chapter": 3,
        "verse": 8,
        "text": "The Lord Yahweh has spoken."
      },
      {
        "book_name": "Amos",
        "book": 30,
        "chapter": 3,
        "verse": 8,
        "text": "Who can but prophesy?"
      },
      {
        "book_name": "Amos",
        "book": 30,
        "chapter": 3,
        "verse": 9,
        "text": "Proclaim in the palaces at Ashdod,"
      },
      {
        "book_name": "Amos",
        "book": 30,
        "chapter": 3,
        "verse": 9,
        "text": "and in the palaces in the land of Egypt,"
      },
      {
        "book_name": "Amos",
        "book": 30,
        "chapter": 3,
        "verse": 9,
        "text": "and say, “Assemble yourselves on the mountains of Samaria,"
      },
      {
        "book_name": "Amos",
        "book": 30,
        "chapter": 3,
        "verse": 9,
        "text": "and see what unrest is in her,"
      },
      {
        "book_name": "Amos",
        "book": 30,
        "chapter": 3,
        "verse": 9,
        "text": "and what oppression is among them.”"
      },
      {
        "book_name": "Amos",
        "book": 30,
        "chapter": 3,
        "verse": 10,
        "text": "“Indeed they don’t know to do right,” says Yahweh,"
      },
      {
        "book_name": "Amos",
        "book": 30,
        "chapter": 3,
        "verse": 10,
        "text": "“Who hoard plunder and loot in their palaces.”"
      },
      {
        "book_name": "Amos",
        "book": 30,
        "chapter": 3,
        "verse": 11,
        "text": "Therefore the Lord Yahweh says:"
      },
      {
        "book_name": "Amos",
        "book": 30,
        "chapter": 3,
        "verse": 11,
        "text": "“An adversary will overrun the land;"
      },
      {
        "book_name": "Amos",
        "book": 30,
        "chapter": 3,
        "verse": 11,
        "text": "and he will pull down your strongholds,"
      },
      {
        "book_name": "Amos",
        "book": 30,
        "chapter": 3,
        "verse": 11,
        "text": "and your fortresses will be plundered.”"
      },
      {
        "book_name": "Amos",
        "book": 30,
        "chapter": 3,
        "verse": 12,
        "text": "Yahweh says:"
      },
      {
        "book_name": "Amos",
        "book": 30,
        "chapter": 3,
        "verse": 12,
        "text": "“As the shepherd rescues out of the mouth of the lion two legs,"
      },
      {
        "book_name": "Amos",
        "book": 30,
        "chapter": 3,
        "verse": 12,
        "text": "or a piece of an ear,"
      },
      {
        "book_name": "Amos",
        "book": 30,
        "chapter": 3,
        "verse": 12,
        "text": "so shall the children of Israel be rescued who sit in Samaria on the corner of a couch,"
      },
      {
        "book_name": "Amos",
        "book": 30,
        "chapter": 3,
        "verse": 12,
        "text": "and on the silken cushions of a bed.”"
      },
      {
        "book_name": "Amos",
        "book": 30,
        "chapter": 3,
        "verse": 13,
        "text": "“Listen, and testify against the house of Jacob,” says the Lord Yahweh, the God of Armies."
      },
      {
        "book_name": "Amos",
        "book": 30,
        "chapter": 3,
        "verse": 14,
        "text": "“For in the day that I visit the transgressions of Israel on him,"
      },
      {
        "book_name": "Amos",
        "book": 30,
        "chapter": 3,
        "verse": 14,
        "text": "I will also visit the altars of Bethel;"
      },
      {
        "book_name": "Amos",
        "book": 30,
        "chapter": 3,
        "verse": 14,
        "text": "and the horns of the altar will be cut off,"
      },
      {
        "book_name": "Amos",
        "book": 30,
        "chapter": 3,
        "verse": 14,
        "text": "and fall to the ground."
      },
      {
        "book_name": "Amos",
        "book": 30,
        "chapter": 3,
        "verse": 15,
        "text": "I will strike the winter house with the summer house;"
      },
      {
        "book_name": "Amos",
        "book": 30,
        "chapter": 3,
        "verse": 15,
        "text": "and the houses of ivory will perish,"
      },
      {
        "book_name": "Amos",
        "book": 30,
        "chapter": 3,
        "verse": 15,
        "text": "and the great houses will have an end,”"
      },
      {
        "book_name": "Amos",
        "book": 30,
        "chapter": 3,
        "verse": 15,
        "text": "says Yahweh."
      }
    ],
    "4": [
      {
        "book_name": "Amos",
        "book": 30,
        "chapter": 4,
        "verse": 1,
        "text": "1Listen to this word, you cows of Bashan, who are on the mountain of Samaria, who oppress the poor, who crush the needy, who tell their husbands, “Bring us drinks!”  2The Lord Yahweh has sworn by his holiness,“Behold, the days shall come on you that they will take you away with hooks,and the last of you with fish hooks.  3You will go out at the breaks in the wall,everyone straight before her;and you will cast yourselves into Harmon,” says Yahweh.  4“Go to Bethel, and sin;to Gilgal, and sin more.Bring your sacrifices every morning,your tithes every three days,  5offer a sacrifice of thanksgiving of that which is leavened,and proclaim free will offerings and brag about them;for this pleases you, you children of Israel,” says the Lord Yahweh.  6“I also have given you cleanness of teeth in all your cities,and lack of bread in every town;yet you haven’t returned to me,” says Yahweh.  7“I also have withheld the rain from you,when there were yet three months to the harvest;and I caused it to rain on one city,and caused it not to rain on another city.One field was rained on,and the field where it didn’t rain withered.  8So two or three cities staggered to one city to drink water,and were not satisfied;yet you haven’t returned to me,” says Yahweh.  9“I struck you with blight and mildew many times in your gardens and your vineyards,and the swarming locusts have devoured your fig trees and your olive trees;yet you haven’t returned to me,” says Yahweh.  10“I sent plagues among you like I did Egypt.I have slain your young men with the sword,and have carried away your horses.I filled your nostrils with the stench of your camp,yet you haven’t returned to me,” says Yahweh.  11“I have overthrown some of you,as when God overthrew Sodom and Gomorrah,and you were like a burning stick plucked out of the fire;yet you haven’t returned to me,” says Yahweh.  12“Therefore I will do this to you, Israel;because I will do this to you,prepare to meet your God, Israel.  13For, behold, he who forms the mountains, creates the wind, declares to man what is his thought,who makes the morning darkness, and treads on the high places of the earth:Yahweh, the God of Armies, is his name.”"
      },
      {
        "book_name": "Amos",
        "book": 30,
        "chapter": 4,
        "verse": 1,
        "text": "Listen to this word, you cows of Bashan, who are on the mountain of Samaria, who oppress the poor, who crush the needy, who tell their husbands, “Bring us drinks!”"
      },
      {
        "book_name": "Amos",
        "book": 30,
        "chapter": 4,
        "verse": 2,
        "text": "The Lord Yahweh has sworn by his holiness,"
      },
      {
        "book_name": "Amos",
        "book": 30,
        "chapter": 4,
        "verse": 2,
        "text": "“Behold, the days shall come on you that they will take you away with hooks,"
      },
      {
        "book_name": "Amos",
        "book": 30,
        "chapter": 4,
        "verse": 2,
        "text": "and the last of you with fish hooks."
      },
      {
        "book_name": "Amos",
        "book": 30,
        "chapter": 4,
        "verse": 3,
        "text": "You will go out at the breaks in the wall,"
      },
      {
        "book_name": "Amos",
        "book": 30,
        "chapter": 4,
        "verse": 3,
        "text": "everyone straight before her;"
      },
      {
        "book_name": "Amos",
        "book": 30,
        "chapter": 4,
        "verse": 3,
        "text": "and you will cast yourselves into Harmon,” says Yahweh."
      },
      {
        "book_name": "Amos",
        "book": 30,
        "chapter": 4,
        "verse": 4,
        "text": "“Go to Bethel, and sin;"
      },
      {
        "book_name": "Amos",
        "book": 30,
        "chapter": 4,
        "verse": 4,
        "text": "to Gilgal, and sin more."
      },
      {
        "book_name": "Amos",
        "book": 30,
        "chapter": 4,
        "verse": 4,
        "text": "Bring your sacrifices every morning,"
      },
      {
        "book_name": "Amos",
        "book": 30,
        "chapter": 4,
        "verse": 4,
        "text": "your tithes every three days,"
      },
      {
        "book_name": "Amos",
        "book": 30,
        "chapter": 4,
        "verse": 5,
        "text": "offer a sacrifice of thanksgiving of that which is leavened,"
      },
      {
        "book_name": "Amos",
        "book": 30,
        "chapter": 4,
        "verse": 5,
        "text": "and proclaim free will offerings and brag about them;"
      },
      {
        "book_name": "Amos",
        "book": 30,
        "chapter": 4,
        "verse": 5,
        "text": "for this pleases you, you children of Israel,” says the Lord Yahweh."
      },
      {
        "book_name": "Amos",
        "book": 30,
        "chapter": 4,
        "verse": 6,
        "text": "“I also have given you cleanness of teeth in all your cities,"
      },
      {
        "book_name": "Amos",
        "book": 30,
        "chapter": 4,
        "verse": 6,
        "text": "and lack of bread in every town;"
      },
      {
        "book_name": "Amos",
        "book": 30,
        "chapter": 4,
        "verse": 6,
        "text": "yet you haven’t returned to me,” says Yahweh."
      },
      {
        "book_name": "Amos",
        "book": 30,
        "chapter": 4,
        "verse": 7,
        "text": "“I also have withheld the rain from you,"
      },
      {
        "book_name": "Amos",
        "book": 30,
        "chapter": 4,
        "verse": 7,
        "text": "when there were yet three months to the harvest;"
      },
      {
        "book_name": "Amos",
        "book": 30,
        "chapter": 4,
        "verse": 7,
        "text": "and I caused it to rain on one city,"
      },
      {
        "book_name": "Amos",
        "book": 30,
        "chapter": 4,
        "verse": 7,
        "text": "and caused it not to rain on another city."
      },
      {
        "book_name": "Amos",
        "book": 30,
        "chapter": 4,
        "verse": 7,
        "text": "One field was rained on,"
      },
      {
        "book_name": "Amos",
        "book": 30,
        "chapter": 4,
        "verse": 7,
        "text": "and the field where it didn’t rain withered."
      },
      {
        "book_name": "Amos",
        "book": 30,
        "chapter": 4,
        "verse": 8,
        "text": "So two or three cities staggered to one city to drink water,"
      },
      {
        "book_name": "Amos",
        "book": 30,
        "chapter": 4,
        "verse": 8,
        "text": "and were not satisfied;"
      },
      {
        "book_name": "Amos",
        "book": 30,
        "chapter": 4,
        "verse": 8,
        "text": "yet you haven’t returned to me,” says Yahweh."
      },
      {
        "book_name": "Amos",
        "book": 30,
        "chapter": 4,
        "verse": 9,
        "text": "“I struck you with blight and mildew many times in your gardens and your vineyards,"
      },
      {
        "book_name": "Amos",
        "book": 30,
        "chapter": 4,
        "verse": 9,
        "text": "and the swarming locusts have devoured your fig trees and your olive trees;"
      },
      {
        "book_name": "Amos",
        "book": 30,
        "chapter": 4,
        "verse": 9,
        "text": "yet you haven’t returned to me,” says Yahweh."
      },
      {
        "book_name": "Amos",
        "book": 30,
        "chapter": 4,
        "verse": 10,
        "text": "“I sent plagues among you like I did Egypt."
      },
      {
        "book_name": "Amos",
        "book": 30,
        "chapter": 4,
        "verse": 10,
        "text": "I have slain your young men with the sword,"
      },
      {
        "book_name": "Amos",
        "book": 30,
        "chapter": 4,
        "verse": 10,
        "text": "and have carried away your horses."
      },
      {
        "book_name": "Amos",
        "book": 30,
        "chapter": 4,
        "verse": 10,
        "text": "I filled your nostrils with the stench of your camp,"
      },
      {
        "book_name": "Amos",
        "book": 30,
        "chapter": 4,
        "verse": 10,
        "text": "yet you haven’t returned to me,” says Yahweh."
      },
      {
        "book_name": "Amos",
        "book": 30,
        "chapter": 4,
        "verse": 11,
        "text": "“I have overthrown some of you,"
      },
      {
        "book_name": "Amos",
        "book": 30,
        "chapter": 4,
        "verse": 11,
        "text": "as when God overthrew Sodom and Gomorrah,"
      },
      {
        "book_name": "Amos",
        "book": 30,
        "chapter": 4,
        "verse": 11,
        "text": "and you were like a burning stick plucked out of the fire;"
      },
      {
        "book_name": "Amos",
        "book": 30,
        "chapter": 4,
        "verse": 11,
        "text": "yet you haven’t returned to me,” says Yahweh."
      },
      {
        "book_name": "Amos",
        "book": 30,
        "chapter": 4,
        "verse": 12,
        "text": "“Therefore I will do this to you, Israel;"
      },
      {
        "book_name": "Amos",
        "book": 30,
        "chapter": 4,
        "verse": 12,
        "text": "because I will do this to you,"
      },
      {
        "book_name": "Amos",
        "book": 30,
        "chapter": 4,
        "verse": 12,
        "text": "prepare to meet your God, Israel."
      },
      {
        "book_name": "Amos",
        "book": 30,
        "chapter": 4,
        "verse": 13,
        "text": "For, behold, he who forms the mountains, creates the wind, declares to man what is his thought,"
      },
      {
        "book_name": "Amos",
        "book": 30,
        "chapter": 4,
        "verse": 13,
        "text": "who makes the morning darkness, and treads on the high places of the earth:"
      },
      {
        "book_name": "Amos",
        "book": 30,
        "chapter": 4,
        "verse": 13,
        "text": "Yahweh, the God of Armies, is his name.”"
      }
    ],
    "5": [
      {
        "book_name": "Amos",
        "book": 30,
        "chapter": 5,
        "verse": 1,
        "text": "1Listen to this word which I take up for a lamentation over you, O house of Israel:  2“The virgin of Israel has fallen;She shall rise no more.She is cast down on her land;there is no one to raise her up.”  3For the Lord Yahweh says:“The city that went out a thousand shall have a hundred left,and that which went out one hundred shall have ten left to the house of Israel.”  4For Yahweh says to the house of Israel:“Seek me, and you will live;  5but don’t seek Bethel,nor enter into Gilgal,and don’t pass to Beersheba;for Gilgal shall surely go into captivity,and Bethel shall come to nothing.  6Seek Yahweh, and you will live,lest he break out like fire in the house of Joseph,and it devour, and there be no one to quench it in Bethel.  7You who turn justice to wormwood,and cast down righteousness to the earth!  8Seek him who made the Pleiades and Orion,and turns the shadow of death into the morning,and makes the day dark with night;who calls for the waters of the sea,and pours them out on the surface of the earth, Yahweh is his name,  9who brings sudden destruction on the strong,so that destruction comes on the fortress.  10They hate him who reproves in the gate,and they abhor him who speaks blamelessly.  11Therefore, because you trample on the poor and take taxes from him of wheat,you have built houses of cut stone, but you will not dwell in them.You have planted pleasant vineyards,but you shall not drink their wine.  12For I know how many are your offenses,and how great are your sins—you who afflict the just,who take a bribe,and who turn away the needy in the courts.  13Therefore a prudent person keeps silent in such a time,for it is an evil time.  14Seek good, and not evil,that you may live;and so Yahweh, the God of Armies, will be with you,as you say.  15Hate evil, love good,and establish justice in the courts.It may be that Yahweh, the God of Armies, will be gracious to the remnant of Joseph.”  16Therefore Yahweh, the God of Armies, the Lord, says:“Wailing will be in all the wide ways.They will say in all the streets, ‘Alas! Alas!’They will call the farmer to mourning,and those who are skillful in lamentation to wailing.  17In all vineyards there will be wailing,for I will pass through the middle of you,” says Yahweh.  18“Woe to you who desire the day of Yahweh!Why do you long for the day of Yahweh?It is darkness,and not light.  19As if a man fled from a lion,and a bear met him;or he went into the house and leaned his hand on the wall,and a snake bit him.  20Won’t the day of Yahweh be darkness, and not light?Even very dark, and no brightness in it?  21I hate, I despise your feasts,and I can’t stand your solemn assemblies.  22Yes, though you offer me your burnt offerings and meal offerings,I will not accept them;neither will I regard the peace offerings of your fat animals.  23Take away from me the noise of your songs!I will not listen to the music of your harps.  24But let justice roll on like rivers,and righteousness like a mighty stream.  25“Did you bring to me sacrifices and offerings in the wilderness forty years, house of Israel? 26You also carried the tent of your king and the shrine of your images, the star of your god, which you made for yourselves. 27Therefore I will cause you to go into captivity beyond Damascus,” says Yahweh, whose name is the God of Armies."
      },
      {
        "book_name": "Amos",
        "book": 30,
        "chapter": 5,
        "verse": 1,
        "text": "Listen to this word which I take up for a lamentation over you, O house of Israel:"
      },
      {
        "book_name": "Amos",
        "book": 30,
        "chapter": 5,
        "verse": 2,
        "text": "“The virgin of Israel has fallen;"
      },
      {
        "book_name": "Amos",
        "book": 30,
        "chapter": 5,
        "verse": 2,
        "text": "She shall rise no more."
      },
      {
        "book_name": "Amos",
        "book": 30,
        "chapter": 5,
        "verse": 2,
        "text": "She is cast down on her land;"
      },
      {
        "book_name": "Amos",
        "book": 30,
        "chapter": 5,
        "verse": 2,
        "text": "there is no one to raise her up.”"
      },
      {
        "book_name": "Amos",
        "book": 30,
        "chapter": 5,
        "verse": 3,
        "text": "For the Lord Yahweh says:"
      },
      {
        "book_name": "Amos",
        "book": 30,
        "chapter": 5,
        "verse": 3,
        "text": "“The city that went out a thousand shall have a hundred left,"
      },
      {
        "book_name": "Amos",
        "book": 30,
        "chapter": 5,
        "verse": 3,
        "text": "and that which went out one hundred shall have ten left to the house of Israel.”"
      },
      {
        "book_name": "Amos",
        "book": 30,
        "chapter": 5,
        "verse": 4,
        "text": "For Yahweh says to the house of Israel:"
      },
      {
        "book_name": "Amos",
        "book": 30,
        "chapter": 5,
        "verse": 4,
        "text": "“Seek me, and you will live;"
      },
      {
        "book_name": "Amos",
        "book": 30,
        "chapter": 5,
        "verse": 5,
        "text": "but don’t seek Bethel,"
      },
      {
        "book_name": "Amos",
        "book": 30,
        "chapter": 5,
        "verse": 5,
        "text": "nor enter into Gilgal,"
      },
      {
        "book_name": "Amos",
        "book": 30,
        "chapter": 5,
        "verse": 5,
        "text": "and don’t pass to Beersheba;"
      },
      {
        "book_name": "Amos",
        "book": 30,
        "chapter": 5,
        "verse": 5,
        "text": "for Gilgal shall surely go into captivity,"
      },
      {
        "book_name": "Amos",
        "book": 30,
        "chapter": 5,
        "verse": 5,
        "text": "and Bethel shall come to nothing."
      },
      {
        "book_name": "Amos",
        "book": 30,
        "chapter": 5,
        "verse": 6,
        "text": "Seek Yahweh, and you will live,"
      },
      {
        "book_name": "Amos",
        "book": 30,
        "chapter": 5,
        "verse": 6,
        "text": "lest he break out like fire in the house of Joseph,"
      },
      {
        "book_name": "Amos",
        "book": 30,
        "chapter": 5,
        "verse": 6,
        "text": "and it devour, and there be no one to quench it in Bethel."
      },
      {
        "book_name": "Amos",
        "book": 30,
        "chapter": 5,
        "verse": 7,
        "text": "You who turn justice to wormwood,"
      },
      {
        "book_name": "Amos",
        "book": 30,
        "chapter": 5,
        "verse": 7,
        "text": "and cast down righteousness to the earth!"
      },
      {
        "book_name": "Amos",
        "book": 30,
        "chapter": 5,
        "verse": 8,
        "text": "Seek him who made the Pleiades and Orion,"
      },
      {
        "book_name": "Amos",
        "book": 30,
        "chapter": 5,
        "verse": 8,
        "text": "and turns the shadow of death into the morning,"
      },
      {
        "book_name": "Amos",
        "book": 30,
        "chapter": 5,
        "verse": 8,
        "text": "and makes the day dark with night;"
      },
      {
        "book_name": "Amos",
        "book": 30,
        "chapter": 5,
        "verse": 8,
        "text": "who calls for the waters of the sea,"
      },
      {
        "book_name": "Amos",
        "book": 30,
        "chapter": 5,
        "verse": 8,
        "text": "and pours them out on the surface of the earth, Yahweh is his name,"
      },
      {
        "book_name": "Amos",
        "book": 30,
        "chapter": 5,
        "verse": 9,
        "text": "who brings sudden destruction on the strong,"
      },
      {
        "book_name": "Amos",
        "book": 30,
        "chapter": 5,
        "verse": 9,
        "text": "so that destruction comes on the fortress."
      },
      {
        "book_name": "Amos",
        "book": 30,
        "chapter": 5,
        "verse": 10,
        "text": "They hate him who reproves in the gate,"
      },
      {
        "book_name": "Amos",
        "book": 30,
        "chapter": 5,
        "verse": 10,
        "text": "and they abhor him who speaks blamelessly."
      },
      {
        "book_name": "Amos",
        "book": 30,
        "chapter": 5,
        "verse": 11,
        "text": "Therefore, because you trample on the poor and take taxes from him of wheat,"
      },
      {
        "book_name": "Amos",
        "book": 30,
        "chapter": 5,
        "verse": 11,
        "text": "you have built houses of cut stone, but you will not dwell in them."
      },
      {
        "book_name": "Amos",
        "book": 30,
        "chapter": 5,
        "verse": 11,
        "text": "You have planted pleasant vineyards,"
      },
      {
        "book_name": "Amos",
        "book": 30,
        "chapter": 5,
        "verse": 11,
        "text": "but you shall not drink their wine."
      },
      {
        "book_name": "Amos",
        "book": 30,
        "chapter": 5,
        "verse": 12,
        "text": "For I know how many are your offenses,"
      },
      {
        "book_name": "Amos",
        "book": 30,
        "chapter": 5,
        "verse": 12,
        "text": "and how great are your sins—"
      },
      {
        "book_name": "Amos",
        "book": 30,
        "chapter": 5,
        "verse": 12,
        "text": "you who afflict the just,"
      },
      {
        "book_name": "Amos",
        "book": 30,
        "chapter": 5,
        "verse": 12,
        "text": "who take a bribe,"
      },
      {
        "book_name": "Amos",
        "book": 30,
        "chapter": 5,
        "verse": 12,
        "text": "and who turn away the needy in the courts."
      },
      {
        "book_name": "Amos",
        "book": 30,
        "chapter": 5,
        "verse": 13,
        "text": "Therefore a prudent person keeps silent in such a time,"
      },
      {
        "book_name": "Amos",
        "book": 30,
        "chapter": 5,
        "verse": 13,
        "text": "for it is an evil time."
      },
      {
        "book_name": "Amos",
        "book": 30,
        "chapter": 5,
        "verse": 14,
        "text": "Seek good, and not evil,"
      },
      {
        "book_name": "Amos",
        "book": 30,
        "chapter": 5,
        "verse": 14,
        "text": "that you may live;"
      },
      {
        "book_name": "Amos",
        "book": 30,
        "chapter": 5,
        "verse": 14,
        "text": "and so Yahweh, the God of Armies, will be with you,"
      },
      {
        "book_name": "Amos",
        "book": 30,
        "chapter": 5,
        "verse": 14,
        "text": "as you say."
      },
      {
        "book_name": "Amos",
        "book": 30,
        "chapter": 5,
        "verse": 15,
        "text": "Hate evil, love good,"
      },
      {
        "book_name": "Amos",
        "book": 30,
        "chapter": 5,
        "verse": 15,
        "text": "and establish justice in the courts."
      },
      {
        "book_name": "Amos",
        "book": 30,
        "chapter": 5,
        "verse": 15,
        "text": "It may be that Yahweh, the God of Armies, will be gracious to the remnant of Joseph.”"
      },
      {
        "book_name": "Amos",
        "book": 30,
        "chapter": 5,
        "verse": 16,
        "text": "Therefore Yahweh, the God of Armies, the Lord, says:"
      },
      {
        "book_name": "Amos",
        "book": 30,
        "chapter": 5,
        "verse": 16,
        "text": "“Wailing will be in all the wide ways."
      },
      {
        "book_name": "Amos",
        "book": 30,
        "chapter": 5,
        "verse": 16,
        "text": "They will say in all the streets, ‘Alas! Alas!’"
      },
      {
        "book_name": "Amos",
        "book": 30,
        "chapter": 5,
        "verse": 16,
        "text": "They will call the farmer to mourning,"
      },
      {
        "book_name": "Amos",
        "book": 30,
        "chapter": 5,
        "verse": 16,
        "text": "and those who are skillful in lamentation to wailing."
      },
      {
        "book_name": "Amos",
        "book": 30,
        "chapter": 5,
        "verse": 17,
        "text": "In all vineyards there will be wailing,"
      },
      {
        "book_name": "Amos",
        "book": 30,
        "chapter": 5,
        "verse": 17,
        "text": "for I will pass through the middle of you,” says Yahweh."
      },
      {
        "book_name": "Amos",
        "book": 30,
        "chapter": 5,
        "verse": 18,
        "text": "“Woe to you who desire the day of Yahweh!"
      },
      {
        "book_name": "Amos",
        "book": 30,
        "chapter": 5,
        "verse": 18,
        "text": "Why do you long for the day of Yahweh?"
      },
      {
        "book_name": "Amos",
        "book": 30,
        "chapter": 5,
        "verse": 18,
        "text": "It is darkness,"
      },
      {
        "book_name": "Amos",
        "book": 30,
        "chapter": 5,
        "verse": 18,
        "text": "and not light."
      },
      {
        "book_name": "Amos",
        "book": 30,
        "chapter": 5,
        "verse": 19,
        "text": "As if a man fled from a lion,"
      },
      {
        "book_name": "Amos",
        "book": 30,
        "chapter": 5,
        "verse": 19,
        "text": "and a bear met him;"
      },
      {
        "book_name": "Amos",
        "book": 30,
        "chapter": 5,
        "verse": 19,
        "text": "or he went into the house and leaned his hand on the wall,"
      },
      {
        "book_name": "Amos",
        "book": 30,
        "chapter": 5,
        "verse": 19,
        "text": "and a snake bit him."
      },
      {
        "book_name": "Amos",
        "book": 30,
        "chapter": 5,
        "verse": 20,
        "text": "Won’t the day of Yahweh be darkness, and not light?"
      },
      {
        "book_name": "Amos",
        "book": 30,
        "chapter": 5,
        "verse": 20,
        "text": "Even very dark, and no brightness in it?"
      },
      {
        "book_name": "Amos",
        "book": 30,
        "chapter": 5,
        "verse": 21,
        "text": "I hate, I despise your feasts,"
      },
      {
        "book_name": "Amos",
        "book": 30,
        "chapter": 5,
        "verse": 21,
        "text": "and I can’t stand your solemn assemblies."
      },
      {
        "book_name": "Amos",
        "book": 30,
        "chapter": 5,
        "verse": 22,
        "text": "Yes, though you offer me your burnt offerings and meal offerings,"
      },
      {
        "book_name": "Amos",
        "book": 30,
        "chapter": 5,
        "verse": 22,
        "text": "I will not accept them;"
      },
      {
        "book_name": "Amos",
        "book": 30,
        "chapter": 5,
        "verse": 22,
        "text": "neither will I regard the peace offerings of your fat animals."
      },
      {
        "book_name": "Amos",
        "book": 30,
        "chapter": 5,
        "verse": 23,
        "text": "Take away from me the noise of your songs!"
      },
      {
        "book_name": "Amos",
        "book": 30,
        "chapter": 5,
        "verse": 23,
        "text": "I will not listen to the music of your harps."
      },
      {
        "book_name": "Amos",
        "book": 30,
        "chapter": 5,
        "verse": 24,
        "text": "But let justice roll on like rivers,"
      },
      {
        "book_name": "Amos",
        "book": 30,
        "chapter": 5,
        "verse": 24,
        "text": "and righteousness like a mighty stream."
      },
      {
        "book_name": "Amos",
        "book": 30,
        "chapter": 5,
        "verse": 25,
        "text": "“Did you bring to me sacrifices and offerings in the wilderness forty years, house of Israel?"
      },
      {
        "book_name": "Amos",
        "book": 30,
        "chapter": 5,
        "verse": 26,
        "text": "You also carried the tent of your king and the shrine of your images, the star of your god, which you made for yourselves."
      },
      {
        "book_name": "Amos",
        "book": 30,
        "chapter": 5,
        "verse": 27,
        "text": "Therefore I will cause you to go into captivity beyond Damascus,” says Yahweh, whose name is the God of Armies."
      }
    ],
    "6": [
      {
        "book_name": "Amos",
        "book": 30,
        "chapter": 6,
        "verse": 1,
        "text": "1Woe to those who are at ease in Zion,and to those who are secure on the mountain of Samaria,the notable men of the chief of the nations,to whom the house of Israel come!  2Go to Calneh, and see.From there go to Hamath the great.Then go down to Gath of the Philistines.Are they better than these kingdoms?Is their border greater than your border?  3Alas for you who put far away the evil day,and cause the seat of violence to come near,  4who lie on beds of ivory,and stretch themselves on their couches,and eat the lambs out of the flock,and the calves out of the middle of the stall,  5who strum on the strings of a harp,who invent for themselves instruments of music, like David;  6who drink wine in bowls,and anoint themselves with the best oils,but they are not grieved for the affliction of Joseph.  7Therefore they will now go captive with the first who go captive.The feasting and lounging will end.  8“The Lord Yahweh has sworn by himself,” says Yahweh, the God of Armies:“I abhor the pride of Jacob,and detest his fortresses.Therefore I will deliver up the city with all that is in it.  9It will happen that if ten men remain in one house,they will die.  10“When a man’s relative carries him, even he who burns him, to bring bodies out of the house, and asks him who is in the innermost parts of the house, ‘Is there yet any with you?’ And he says, ‘No;’ then he will say, ‘Hush! Indeed we must not mention Yahweh’s name.’  11“For, behold, Yahweh commands, and the great house will be smashed to pieces,and the little house into bits.  12Do horses run on the rocky crags?Does one plow there with oxen?But you have turned justice into poison,and the fruit of righteousness into bitterness,  13you who rejoice in a thing of nothing, who say,‘Haven’t we taken for ourselves horns by our own strength?’  14For, behold, I will raise up against you a nation, house of Israel,”says Yahweh, the God of Armies;“and they will afflict you from the entrance of Hamath to the brook of the Arabah.”"
      },
      {
        "book_name": "Amos",
        "book": 30,
        "chapter": 6,
        "verse": 1,
        "text": "Woe to those who are at ease in Zion,"
      },
      {
        "book_name": "Amos",
        "book": 30,
        "chapter": 6,
        "verse": 1,
        "text": "and to those who are secure on the mountain of Samaria,"
      },
      {
        "book_name": "Amos",
        "book": 30,
        "chapter": 6,
        "verse": 1,
        "text": "the notable men of the chief of the nations,"
      },
      {
        "book_name": "Amos",
        "book": 30,
        "chapter": 6,
        "verse": 1,
        "text": "to whom the house of Israel come!"
      },
      {
        "book_name": "Amos",
        "book": 30,
        "chapter": 6,
        "verse": 2,
        "text": "Go to Calneh, and see."
      },
      {
        "book_name": "Amos",
        "book": 30,
        "chapter": 6,
        "verse": 2,
        "text": "From there go to Hamath the great."
      },
      {
        "book_name": "Amos",
        "book": 30,
        "chapter": 6,
        "verse": 2,
        "text": "Then go down to Gath of the Philistines."
      },
      {
        "book_name": "Amos",
        "book": 30,
        "chapter": 6,
        "verse": 2,
        "text": "Are they better than these kingdoms?"
      },
      {
        "book_name": "Amos",
        "book": 30,
        "chapter": 6,
        "verse": 2,
        "text": "Is their border greater than your border?"
      },
      {
        "book_name": "Amos",
        "book": 30,
        "chapter": 6,
        "verse": 3,
        "text": "Alas for you who put far away the evil day,"
      },
      {
        "book_name": "Amos",
        "book": 30,
        "chapter": 6,
        "verse": 3,
        "text": "and cause the seat of violence to come near,"
      },
      {
        "book_name": "Amos",
        "book": 30,
        "chapter": 6,
        "verse": 4,
        "text": "who lie on beds of ivory,"
      },
      {
        "book_name": "Amos",
        "book": 30,
        "chapter": 6,
        "verse": 4,
        "text": "and stretch themselves on their couches,"
      },
      {
        "book_name": "Amos",
        "book": 30,
        "chapter": 6,
        "verse": 4,
        "text": "and eat the lambs out of the flock,"
      },
      {
        "book_name": "Amos",
        "book": 30,
        "chapter": 6,
        "verse": 4,
        "text": "and the calves out of the middle of the stall,"
      },
      {
        "book_name": "Amos",
        "book": 30,
        "chapter": 6,
        "verse": 5,
        "text": "who strum on the strings of a harp,"
      },
      {
        "book_name": "Amos",
        "book": 30,
        "chapter": 6,
        "verse": 5,
        "text": "who invent for themselves instruments of music, like David;"
      },
      {
        "book_name": "Amos",
        "book": 30,
        "chapter": 6,
        "verse": 6,
        "text": "who drink wine in bowls,"
      },
      {
        "book_name": "Amos",
        "book": 30,
        "chapter": 6,
        "verse": 6,
        "text": "and anoint themselves with the best oils,"
      },
      {
        "book_name": "Amos",
        "book": 30,
        "chapter": 6,
        "verse": 6,
        "text": "but they are not grieved for the affliction of Joseph."
      },
      {
        "book_name": "Amos",
        "book": 30,
        "chapter": 6,
        "verse": 7,
        "text": "Therefore they will now go captive with the first who go captive."
      },
      {
        "book_name": "Amos",
        "book": 30,
        "chapter": 6,
        "verse": 7,
        "text": "The feasting and lounging will end."
      },
      {
        "book_name": "Amos",
        "book": 30,
        "chapter": 6,
        "verse": 8,
        "text": "“The Lord Yahweh has sworn by himself,” says Yahweh, the God of Armies:"
      },
      {
        "book_name": "Amos",
        "book": 30,
        "chapter": 6,
        "verse": 8,
        "text": "“I abhor the pride of Jacob,"
      },
      {
        "book_name": "Amos",
        "book": 30,
        "chapter": 6,
        "verse": 8,
        "text": "and detest his fortresses."
      },
      {
        "book_name": "Amos",
        "book": 30,
        "chapter": 6,
        "verse": 8,
        "text": "Therefore I will deliver up the city with all that is in it."
      },
      {
        "book_name": "Amos",
        "book": 30,
        "chapter": 6,
        "verse": 9,
        "text": "It will happen that if ten men remain in one house,"
      },
      {
        "book_name": "Amos",
        "book": 30,
        "chapter": 6,
        "verse": 9,
        "text": "they will die."
      },
      {
        "book_name": "Amos",
        "book": 30,
        "chapter": 6,
        "verse": 10,
        "text": "“When a man’s relative carries him, even he who burns him, to bring bodies out of the house, and asks him who is in the innermost parts of the house, ‘Is there yet any with you?’ And he says, ‘No;’ then he will say, ‘Hush! Indeed we must not mention Yahweh’s name.’"
      },
      {
        "book_name": "Amos",
        "book": 30,
        "chapter": 6,
        "verse": 11,
        "text": "“For, behold, Yahweh commands, and the great house will be smashed to pieces,"
      },
      {
        "book_name": "Amos",
        "book": 30,
        "chapter": 6,
        "verse": 11,
        "text": "and the little house into bits."
      },
      {
        "book_name": "Amos",
        "book": 30,
        "chapter": 6,
        "verse": 12,
        "text": "Do horses run on the rocky crags?"
      },
      {
        "book_name": "Amos",
        "book": 30,
        "chapter": 6,
        "verse": 12,
        "text": "Does one plow there with oxen?"
      },
      {
        "book_name": "Amos",
        "book": 30,
        "chapter": 6,
        "verse": 12,
        "text": "But you have turned justice into poison,"
      },
      {
        "book_name": "Amos",
        "book": 30,
        "chapter": 6,
        "verse": 12,
        "text": "and the fruit of righteousness into bitterness,"
      },
      {
        "book_name": "Amos",
        "book": 30,
        "chapter": 6,
        "verse": 13,
        "text": "you who rejoice in a thing of nothing, who say,"
      },
      {
        "book_name": "Amos",
        "book": 30,
        "chapter": 6,
        "verse": 13,
        "text": "‘Haven’t we taken for ourselves horns by our own strength?’"
      },
      {
        "book_name": "Amos",
        "book": 30,
        "chapter": 6,
        "verse": 14,
        "text": "For, behold, I will raise up against you a nation, house of Israel,”"
      },
      {
        "book_name": "Amos",
        "book": 30,
        "chapter": 6,
        "verse": 14,
        "text": "says Yahweh, the God of Armies;"
      },
      {
        "book_name": "Amos",
        "book": 30,
        "chapter": 6,
        "verse": 14,
        "text": "“and they will afflict you from the entrance of Hamath to the brook of the Arabah.”"
      }
    ],
    "7": [
      {
        "book_name": "Amos",
        "book": 30,
        "chapter": 7,
        "verse": 1,
        "text": "1Thus the Lord Yahweh showed me: behold, he formed locusts in the beginning of the shooting up of the latter growth; and behold, it was the latter growth after the king’s harvest. 2When they finished eating the grass of the land, then I said, “Lord Yahweh, forgive, I beg you! How could Jacob stand? For he is small.”  3Yahweh relented concerning this. “It shall not be,” says Yahweh.  4Thus the Lord Yahweh showed me: behold, the Lord Yahweh called for judgment by fire; and it dried up the great deep, and would have devoured the land. 5Then I said, “Lord Yahweh, stop, I beg you! How could Jacob stand? For he is small.”  6Yahweh relented concerning this. “This also shall not be,” says the Lord Yahweh.  7Thus he showed me: behold, the Lord stood beside a wall made by a plumb line, with a plumb line in his hand. 8Yahweh said to me, “Amos, what do you see?”I said, “A plumb line.”Then the Lord said, “Behold, I will set a plumb line in the middle of my people Israel. I will not again pass by them any more. 9The high places of Isaac will be desolate, the sanctuaries of Israel will be laid waste; and I will rise against the house of Jeroboam with the sword.”  10Then Amaziah the priest of Bethel sent to Jeroboam king of Israel, saying, “Amos has conspired against you in the middle of the house of Israel. The land is not able to bear all his words. 11For Amos says, ‘Jeroboam will die by the sword, and Israel shall surely be led away captive out of his land.’”  12Amaziah also said to Amos, “You seer, go, flee away into the land of Judah, and there eat bread, and prophesy there, 13but don’t prophesy again any more at Bethel; for it is the king’s sanctuary, and it is a royal house!”  14Then Amos answered Amaziah, “I was no prophet, neither was I a prophet’s son, but I was a herdsman, and a farmer of sycamore figs; 15and Yahweh took me from following the flock, and Yahweh said to me, ‘Go, prophesy to my people Israel.’ 16Now therefore listen to Yahweh’s word: ‘You say, Don’t prophesy against Israel, and don’t preach against the house of Isaac.’ 17Therefore Yahweh says: ‘Your wife shall be a prostitute in the city, and your sons and your daughters shall fall by the sword, and your land shall be divided by line; and you yourself shall die in a land that is unclean, and Israel shall surely be led away captive out of his land.’”"
      },
      {
        "book_name": "Amos",
        "book": 30,
        "chapter": 7,
        "verse": 1,
        "text": "Thus the Lord Yahweh showed me: behold, he formed locusts in the beginning of the shooting up of the latter growth; and behold, it was the latter growth after the king’s harvest."
      },
      {
        "book_name": "Amos",
        "book": 30,
        "chapter": 7,
        "verse": 2,
        "text": "When they finished eating the grass of the land, then I said, “Lord Yahweh, forgive, I beg you! How could Jacob stand? For he is small.”"
      },
      {
        "book_name": "Amos",
        "book": 30,
        "chapter": 7,
        "verse": 3,
        "text": "Yahweh relented concerning this. “It shall not be,” says Yahweh."
      },
      {
        "book_name": "Amos",
        "book": 30,
        "chapter": 7,
        "verse": 4,
        "text": "Thus the Lord Yahweh showed me: behold, the Lord Yahweh called for judgment by fire; and it dried up the great deep, and would have devoured the land."
      },
      {
        "book_name": "Amos",
        "book": 30,
        "chapter": 7,
        "verse": 5,
        "text": "Then I said, “Lord Yahweh, stop, I beg you! How could Jacob stand? For he is small.”"
      },
      {
        "book_name": "Amos",
        "book": 30,
        "chapter": 7,
        "verse": 6,
        "text": "Yahweh relented concerning this. “This also shall not be,” says the Lord Yahweh."
      },
      {
        "book_name": "Amos",
        "book": 30,
        "chapter": 7,
        "verse": 7,
        "text": "Thus he showed me: behold, the Lord stood beside a wall made by a plumb line, with a plumb line in his hand."
      },
      {
        "book_name": "Amos",
        "book": 30,
        "chapter": 7,
        "verse": 8,
        "text": "Yahweh said to me, “Amos, what do you see?”"
      },
      {
        "book_name": "Amos",
        "book": 30,
        "chapter": 7,
        "verse": 8,
        "text": "I said, “A plumb line.”"
      },
      {
        "book_name": "Amos",
        "book": 30,
        "chapter": 7,
        "verse": 8,
        "text": "Then the Lord said, “Behold, I will set a plumb line in the middle of my people Israel. I will not again pass by them any more."
      },
      {
        "book_name": "Amos",
        "book": 30,
        "chapter": 7,
        "verse": 9,
        "text": "The high places of Isaac will be desolate, the sanctuaries of Israel will be laid waste; and I will rise against the house of Jeroboam with the sword.”"
      },
      {
        "book_name": "Amos",
        "book": 30,
        "chapter": 7,
        "verse": 10,
        "text": "Then Amaziah the priest of Bethel sent to Jeroboam king of Israel, saying, “Amos has conspired against you in the middle of the house of Israel. The land is not able to bear all his words."
      },
      {
        "book_name": "Amos",
        "book": 30,
        "chapter": 7,
        "verse": 11,
        "text": "For Amos says, ‘Jeroboam will die by the sword, and Israel shall surely be led away captive out of his land.’”"
      },
      {
        "book_name": "Amos",
        "book": 30,
        "chapter": 7,
        "verse": 12,
        "text": "Amaziah also said to Amos, “You seer, go, flee away into the land of Judah, and there eat bread, and prophesy there,"
      },
      {
        "book_name": "Amos",
        "book": 30,
        "chapter": 7,
        "verse": 13,
        "text": "but don’t prophesy again any more at Bethel; for it is the king’s sanctuary, and it is a royal house!”"
      },
      {
        "book_name": "Amos",
        "book": 30,
        "chapter": 7,
        "verse": 14,
        "text": "Then Amos answered Amaziah, “I was no prophet, neither was I a prophet’s son, but I was a herdsman, and a farmer of sycamore figs;"
      },
      {
        "book_name": "Amos",
        "book": 30,
        "chapter": 7,
        "verse": 15,
        "text": "and Yahweh took me from following the flock, and Yahweh said to me, ‘Go, prophesy to my people Israel.’"
      },
      {
        "book_name": "Amos",
        "book": 30,
        "chapter": 7,
        "verse": 16,
        "text": "Now therefore listen to Yahweh’s word: ‘You say, Don’t prophesy against Israel, and don’t preach against the house of Isaac.’"
      },
      {
        "book_name": "Amos",
        "book": 30,
        "chapter": 7,
        "verse": 17,
        "text": "Therefore Yahweh says: ‘Your wife shall be a prostitute in the city, and your sons and your daughters shall fall by the sword, and your land shall be divided by line; and you yourself shall die in a land that is unclean, and Israel shall surely be led away captive out of his land.’”"
      }
    ],
    "8": [
      {
        "book_name": "Amos",
        "book": 30,
        "chapter": 8,
        "verse": 1,
        "text": "1Thus the Lord Yahweh showed me: behold, a basket of summer fruit.  2He said, “Amos, what do you see?”I said, “A basket of summer fruit.”Then Yahweh said to me,“The end has come on my people Israel.I will not again pass by them any more.  3The songs of the temple will be wailing in that day,” says the Lord Yahweh.“The dead bodies will be many. In every place they will throw them out with silence.  4Hear this, you who desire to swallow up the needy,and cause the poor of the land to fail,  5saying, ‘When will the new moon be gone, that we may sell grain?And the Sabbath, that we may market wheat,making the ephah#8:5 1 ephah is about 22 liters or about 2/3 of a bushel  small, and the shekel#8:5 a normal shekel is about 10 grams or about 0.35 ounces. large,and dealing falsely with balances of deceit;  6that we may buy the poor for silver,and the needy for a pair of sandals,and sell the sweepings with the wheat?’”  7Yahweh has sworn by the pride of Jacob,“Surely I will never forget any of their works.  8Won’t the land tremble for this,and everyone mourn who dwells in it?Yes, it will rise up wholly like the River;and it will be stirred up and sink again, like the River of Egypt.  9It will happen in that day,” says the Lord Yahweh,“that I will cause the sun to go down at noon,and I will darken the earth in the clear day.  10I will turn your feasts into mourning,and all your songs into lamentation;and I will make you wear sackcloth on all your bodies,and baldness on every head.I will make it like the mourning for an only son,and its end like a bitter day.  11Behold, the days come,” says the Lord Yahweh,“that I will send a famine in the land,not a famine of bread,nor a thirst for water,but of hearing Yahweh’s words.  12They will wander from sea to sea,and from the north even to the east;they will run back and forth to seek Yahweh’s word,and will not find it.  13In that day the beautiful virginsand the young men will faint for thirst.  14Those who swear by the sin of Samaria,and say, ‘As your god, Dan, lives,’and, ‘As the way of Beersheba lives,’they will fall, and never rise up again.”"
      },
      {
        "book_name": "Amos",
        "book": 30,
        "chapter": 8,
        "verse": 1,
        "text": "Thus the Lord Yahweh showed me: behold, a basket of summer fruit."
      },
      {
        "book_name": "Amos",
        "book": 30,
        "chapter": 8,
        "verse": 2,
        "text": "He said, “Amos, what do you see?”"
      },
      {
        "book_name": "Amos",
        "book": 30,
        "chapter": 8,
        "verse": 2,
        "text": "I said, “A basket of summer fruit.”"
      },
      {
        "book_name": "Amos",
        "book": 30,
        "chapter": 8,
        "verse": 2,
        "text": "Then Yahweh said to me,"
      },
      {
        "book_name": "Amos",
        "book": 30,
        "chapter": 8,
        "verse": 2,
        "text": "“The end has come on my people Israel."
      },
      {
        "book_name": "Amos",
        "book": 30,
        "chapter": 8,
        "verse": 2,
        "text": "I will not again pass by them any more."
      },
      {
        "book_name": "Amos",
        "book": 30,
        "chapter": 8,
        "verse": 3,
        "text": "The songs of the temple will be wailing in that day,” says the Lord Yahweh."
      },
      {
        "book_name": "Amos",
        "book": 30,
        "chapter": 8,
        "verse": 3,
        "text": "“The dead bodies will be many. In every place they will throw them out with silence."
      },
      {
        "book_name": "Amos",
        "book": 30,
        "chapter": 8,
        "verse": 4,
        "text": "Hear this, you who desire to swallow up the needy,"
      },
      {
        "book_name": "Amos",
        "book": 30,
        "chapter": 8,
        "verse": 4,
        "text": "and cause the poor of the land to fail,"
      },
      {
        "book_name": "Amos",
        "book": 30,
        "chapter": 8,
        "verse": 5,
        "text": "saying, ‘When will the new moon be gone, that we may sell grain?"
      },
      {
        "book_name": "Amos",
        "book": 30,
        "chapter": 8,
        "verse": 5,
        "text": "And the Sabbath, that we may market wheat,"
      },
      {
        "book_name": "Amos",
        "book": 30,
        "chapter": 8,
        "verse": 5,
        "text": "making the ephah#8:5 1 ephah is about 22 liters or about 2/3 of a bushel  small, and the shekel#8:5 a normal shekel is about 10 grams or about 0.35 ounces. large,"
      },
      {
        "book_name": "Amos",
        "book": 30,
        "chapter": 8,
        "verse": 5,
        "text": "and dealing falsely with balances of deceit;"
      },
      {
        "book_name": "Amos",
        "book": 30,
        "chapter": 8,
        "verse": 6,
        "text": "that we may buy the poor for silver,"
      },
      {
        "book_name": "Amos",
        "book": 30,
        "chapter": 8,
        "verse": 6,
        "text": "and the needy for a pair of sandals,"
      },
      {
        "book_name": "Amos",
        "book": 30,
        "chapter": 8,
        "verse": 6,
        "text": "and sell the sweepings with the wheat?’”"
      },
      {
        "book_name": "Amos",
        "book": 30,
        "chapter": 8,
        "verse": 7,
        "text": "Yahweh has sworn by the pride of Jacob,"
      },
      {
        "book_name": "Amos",
        "book": 30,
        "chapter": 8,
        "verse": 7,
        "text": "“Surely I will never forget any of their works."
      },
      {
        "book_name": "Amos",
        "book": 30,
        "chapter": 8,
        "verse": 8,
        "text": "Won’t the land tremble for this,"
      },
      {
        "book_name": "Amos",
        "book": 30,
        "chapter": 8,
        "verse": 8,
        "text": "and everyone mourn who dwells in it?"
      },
      {
        "book_name": "Amos",
        "book": 30,
        "chapter": 8,
        "verse": 8,
        "text": "Yes, it will rise up wholly like the River;"
      },
      {
        "book_name": "Amos",
        "book": 30,
        "chapter": 8,
        "verse": 8,
        "text": "and it will be stirred up and sink again, like the River of Egypt."
      },
      {
        "book_name": "Amos",
        "book": 30,
        "chapter": 8,
        "verse": 9,
        "text": "It will happen in that day,” says the Lord Yahweh,"
      },
      {
        "book_name": "Amos",
        "book": 30,
        "chapter": 8,
        "verse": 9,
        "text": "“that I will cause the sun to go down at noon,"
      },
      {
        "book_name": "Amos",
        "book": 30,
        "chapter": 8,
        "verse": 9,
        "text": "and I will darken the earth in the clear day."
      },
      {
        "book_name": "Amos",
        "book": 30,
        "chapter": 8,
        "verse": 10,
        "text": "I will turn your feasts into mourning,"
      },
      {
        "book_name": "Amos",
        "book": 30,
        "chapter": 8,
        "verse": 10,
        "text": "and all your songs into lamentation;"
      },
      {
        "book_name": "Amos",
        "book": 30,
        "chapter": 8,
        "verse": 10,
        "text": "and I will make you wear sackcloth on all your bodies,"
      },
      {
        "book_name": "Amos",
        "book": 30,
        "chapter": 8,
        "verse": 10,
        "text": "and baldness on every head."
      },
      {
        "book_name": "Amos",
        "book": 30,
        "chapter": 8,
        "verse": 10,
        "text": "I will make it like the mourning for an only son,"
      },
      {
        "book_name": "Amos",
        "book": 30,
        "chapter": 8,
        "verse": 10,
        "text": "and its end like a bitter day."
      },
      {
        "book_name": "Amos",
        "book": 30,
        "chapter": 8,
        "verse": 11,
        "text": "Behold, the days come,” says the Lord Yahweh,"
      },
      {
        "book_name": "Amos",
        "book": 30,
        "chapter": 8,
        "verse": 11,
        "text": "“that I will send a famine in the land,"
      },
      {
        "book_name": "Amos",
        "book": 30,
        "chapter": 8,
        "verse": 11,
        "text": "not a famine of bread,"
      },
      {
        "book_name": "Amos",
        "book": 30,
        "chapter": 8,
        "verse": 11,
        "text": "nor a thirst for water,"
      },
      {
        "book_name": "Amos",
        "book": 30,
        "chapter": 8,
        "verse": 11,
        "text": "but of hearing Yahweh’s words."
      },
      {
        "book_name": "Amos",
        "book": 30,
        "chapter": 8,
        "verse": 12,
        "text": "They will wander from sea to sea,"
      },
      {
        "book_name": "Amos",
        "book": 30,
        "chapter": 8,
        "verse": 12,
        "text": "and from the north even to the east;"
      },
      {
        "book_name": "Amos",
        "book": 30,
        "chapter": 8,
        "verse": 12,
        "text": "they will run back and forth to seek Yahweh’s word,"
      },
      {
        "book_name": "Amos",
        "book": 30,
        "chapter": 8,
        "verse": 12,
        "text": "and will not find it."
      },
      {
        "book_name": "Amos",
        "book": 30,
        "chapter": 8,
        "verse": 13,
        "text": "In that day the beautiful virgins"
      },
      {
        "book_name": "Amos",
        "book": 30,
        "chapter": 8,
        "verse": 13,
        "text": "and the young men will faint for thirst."
      },
      {
        "book_name": "Amos",
        "book": 30,
        "chapter": 8,
        "verse": 14,
        "text": "Those who swear by the sin of Samaria,"
      },
      {
        "book_name": "Amos",
        "book": 30,
        "chapter": 8,
        "verse": 14,
        "text": "and say, ‘As your god, Dan, lives,’"
      },
      {
        "book_name": "Amos",
        "book": 30,
        "chapter": 8,
        "verse": 14,
        "text": "and, ‘As the way of Beersheba lives,’"
      },
      {
        "book_name": "Amos",
        "book": 30,
        "chapter": 8,
        "verse": 14,
        "text": "they will fall, and never rise up again.”"
      }
    ],
    "9": [
      {
        "book_name": "Amos",
        "book": 30,
        "chapter": 9,
        "verse": 1,
        "text": "1I saw the Lord standing beside the altar, and he said, “Strike the tops of the pillars, that the thresholds may shake. Break them in pieces on the head of all of them. I will kill the last of them with the sword. Not one of them will flee away. Not one of them will escape. 2Though they dig into Sheol,#9:2 Sheol is the place of the dead. there my hand will take them; and though they climb up to heaven, there I will bring them down. 3Though they hide themselves in the top of Carmel, I will search and take them out from there; and though they be hidden from my sight in the bottom of the sea, there I will command the serpent, and it will bite them. 4Though they go into captivity before their enemies, there I will command the sword, and it will kill them. I will set my eyes on them for evil, and not for good. 5For the Lord, Yahweh of Armies, is he who touches the land and it melts, and all who dwell in it will mourn; and it will rise up wholly like the River, and will sink again, like the River of Egypt. 6It is he who builds his rooms in the heavens, and has founded his vault on the earth; he who calls for the waters of the sea, and pours them out on the surface of the earth—Yahweh is his name. 7Are you not like the children of the Ethiopians to me, children of Israel?” says Yahweh. “Haven’t I brought up Israel out of the land of Egypt, and the Philistines from Caphtor, and the Syrians from Kir? 8Behold, the eyes of the Lord Yahweh are on the sinful kingdom, and I will destroy it from off the surface of the earth, except that I will not utterly destroy the house of Jacob,” says Yahweh. 9“For behold, I will command, and I will sift the house of Israel among all the nations as grain is sifted in a sieve, yet not the least kernel will fall on the earth. 10All the sinners of my people will die by the sword, who say, ‘Evil won’t overtake nor meet us.’ 11In that day I will raise up the tent of David who is fallen and close up its breaches, and I will raise up its ruins, and I will build it as in the days of old, 12that they may possess the remnant of Edom and all the nations who are called by my name,” says Yahweh who does this.  13“Behold, the days come,” says Yahweh,“that the plowman shall overtake the reaper,and the one treading grapes him who sows seed;and sweet wine will drip from the mountains,and flow from the hills.  14I will bring my people Israel back from captivity,and they will rebuild the ruined cities, and inhabit them;and they will plant vineyards, and drink wine from them.They shall also make gardens,and eat their fruit.  15I will plant them on their land,and they will no more be plucked up out of their land which I have given them,”says Yahweh your God."
      },
      {
        "book_name": "Amos",
        "book": 30,
        "chapter": 9,
        "verse": 1,
        "text": "I saw the Lord standing beside the altar, and he said, “Strike the tops of the pillars, that the thresholds may shake. Break them in pieces on the head of all of them. I will kill the last of them with the sword. Not one of them will flee away. Not one of them will escape."
      },
      {
        "book_name": "Amos",
        "book": 30,
        "chapter": 9,
        "verse": 2,
        "text": "Though they dig into Sheol,#9:2 Sheol is the place of the dead. there my hand will take them; and though they climb up to heaven, there I will bring them down."
      },
      {
        "book_name": "Amos",
        "book": 30,
        "chapter": 9,
        "verse": 3,
        "text": "Though they hide themselves in the top of Carmel, I will search and take them out from there; and though they be hidden from my sight in the bottom of the sea, there I will command the serpent, and it will bite them."
      },
      {
        "book_name": "Amos",
        "book": 30,
        "chapter": 9,
        "verse": 4,
        "text": "Though they go into captivity before their enemies, there I will command the sword, and it will kill them. I will set my eyes on them for evil, and not for good."
      },
      {
        "book_name": "Amos",
        "book": 30,
        "chapter": 9,
        "verse": 5,
        "text": "For the Lord, Yahweh of Armies, is he who touches the land and it melts, and all who dwell in it will mourn; and it will rise up wholly like the River, and will sink again, like the River of Egypt."
      },
      {
        "book_name": "Amos",
        "book": 30,
        "chapter": 9,
        "verse": 6,
        "text": "It is he who builds his rooms in the heavens, and has founded his vault on the earth; he who calls for the waters of the sea, and pours them out on the surface of the earth—Yahweh is his name."
      },
      {
        "book_name": "Amos",
        "book": 30,
        "chapter": 9,
        "verse": 7,
        "text": "Are you not like the children of the Ethiopians to me, children of Israel?” says Yahweh. “Haven’t I brought up Israel out of the land of Egypt, and the Philistines from Caphtor, and the Syrians from Kir?"
      },
      {
        "book_name": "Amos",
        "book": 30,
        "chapter": 9,
        "verse": 8,
        "text": "Behold, the eyes of the Lord Yahweh are on the sinful kingdom, and I will destroy it from off the surface of the earth, except that I will not utterly destroy the house of Jacob,” says Yahweh."
      },
      {
        "book_name": "Amos",
        "book": 30,
        "chapter": 9,
        "verse": 9,
        "text": "“For behold, I will command, and I will sift the house of Israel among all the nations as grain is sifted in a sieve, yet not the least kernel will fall on the earth."
      },
      {
        "book_name": "Amos",
        "book": 30,
        "chapter": 9,
        "verse": 10,
        "text": "All the sinners of my people will die by the sword, who say, ‘Evil won’t overtake nor meet us.’"
      },
      {
        "book_name": "Amos",
        "book": 30,
        "chapter": 9,
        "verse": 11,
        "text": "In that day I will raise up the tent of David who is fallen and close up its breaches, and I will raise up its ruins, and I will build it as in the days of old,"
      },
      {
        "book_name": "Amos",
        "book": 30,
        "chapter": 9,
        "verse": 12,
        "text": "that they may possess the remnant of Edom and all the nations who are called by my name,” says Yahweh who does this."
      },
      {
        "book_name": "Amos",
        "book": 30,
        "chapter": 9,
        "verse": 13,
        "text": "“Behold, the days come,” says Yahweh,"
      },
      {
        "book_name": "Amos",
        "book": 30,
        "chapter": 9,
        "verse": 13,
        "text": "“that the plowman shall overtake the reaper,"
      },
      {
        "book_name": "Amos",
        "book": 30,
        "chapter": 9,
        "verse": 13,
        "text": "and the one treading grapes him who sows seed;"
      },
      {
        "book_name": "Amos",
        "book": 30,
        "chapter": 9,
        "verse": 13,
        "text": "and sweet wine will drip from the mountains,"
      },
      {
        "book_name": "Amos",
        "book": 30,
        "chapter": 9,
        "verse": 13,
        "text": "and flow from the hills."
      },
      {
        "book_name": "Amos",
        "book": 30,
        "chapter": 9,
        "verse": 14,
        "text": "I will bring my people Israel back from captivity,"
      },
      {
        "book_name": "Amos",
        "book": 30,
        "chapter": 9,
        "verse": 14,
        "text": "and they will rebuild the ruined cities, and inhabit them;"
      },
      {
        "book_name": "Amos",
        "book": 30,
        "chapter": 9,
        "verse": 14,
        "text": "and they will plant vineyards, and drink wine from them."
      },
      {
        "book_name": "Amos",
        "book": 30,
        "chapter": 9,
        "verse": 14,
        "text": "They shall also make gardens,"
      },
      {
        "book_name": "Amos",
        "book": 30,
        "chapter": 9,
        "verse": 14,
        "text": "and eat their fruit."
      },
      {
        "book_name": "Amos",
        "book": 30,
        "chapter": 9,
        "verse": 15,
        "text": "I will plant them on their land,"
      },
      {
        "book_name": "Amos",
        "book": 30,
        "chapter": 9,
        "verse": 15,
        "text": "and they will no more be plucked up out of their land which I have given them,”"
      },
      {
        "book_name": "Amos",
        "book": 30,
        "chapter": 9,
        "verse": 15,
        "text": "says Yahweh your God."
      }
    ]
  }
}