{
  "source": "bible.com",
  "version": "World English Bible",
  "book": "Colossians",
  "chapters": {
    "1": [
      {
        "book_name": "Colossians",
        "book": 51,
        "chapter": 1,
        "verse": 1,
        "text": "1Paul, an apostle of Christ#1:1 “Christ” means “Anointed One”. Jesus through the will of God, and Timothy our brother, 2to the saints and faithful brothers#1:2 The word for “brothers” here and where context allows may also be correctly translated “brothers and sisters” or “siblings.” in Christ at Colossae: Grace to you and peace from God our Father and the Lord Jesus Christ.  3We give thanks to God the Father of our Lord Jesus Christ, praying always for you, 4having heard of your faith in Christ Jesus and of the love which you have toward all the saints, 5because of the hope which is laid up for you in the heavens, of which you heard before in the word of the truth of the Good News 6which has come to you, even as it is in all the world and is bearing fruit and growing, as it does in you also, since the day you heard and knew the grace of God in truth, 7even as you learned from Epaphras our beloved fellow servant, who is a faithful servant of Christ on your#1:7 NU reads our behalf, 8who also declared to us your love in the Spirit.  9For this cause, we also, since the day we heard this, don’t cease praying and making requests for you, that you may be filled with the knowledge of his will in all spiritual wisdom and understanding, 10that you may walk worthily of the Lord, to please him in all respects, bearing fruit in every good work and increasing in the knowledge of God, 11strengthened with all power, according to the might of his glory, for all endurance and perseverance with joy, 12giving thanks to the Father, who made us fit to be partakers of the inheritance of the saints in light, 13who delivered us out of the power of darkness, and translated us into the Kingdom of the Son of his love, 14in whom we have our redemption,#1:14 TR adds “through his blood,”  the forgiveness of our sins.  15He is the image of the invisible God, the firstborn of all creation. 16For by him all things were created in the heavens and on the earth, visible things and invisible things, whether thrones or dominions or principalities or powers. All things have been created through him and for him. 17He is before all things, and in him all things are held together. 18He is the head of the body, the assembly, who is the beginning, the firstborn from the dead, that in all things he might have the preeminence. 19For all the fullness was pleased to dwell in him, 20and through him to reconcile all things to himself by him, whether things on the earth or things in the heavens, having made peace through the blood of his cross.  21You, being in past times alienated and enemies in your mind in your evil deeds, 22yet now he has reconciled in the body of his flesh through death, to present you holy and without defect and blameless before him, 23if it is so that you continue in the faith, grounded and steadfast, and not moved away from the hope of the Good News which you heard, which was proclaimed in all creation under heaven, of which I, Paul, was made a servant.  24Now I rejoice in my sufferings for your sake, and fill up on my part that which is lacking of the afflictions of Christ in my flesh for his body’s sake, which is the assembly, 25of which I was made a servant according to the stewardship of God which was given me toward you to fulfill the word of God, 26the mystery which has been hidden for ages and generations. But now it has been revealed to his saints, 27to whom God was pleased to make known what are the riches of the glory of this mystery among the Gentiles, which is Christ in you, the hope of glory. 28We proclaim him, admonishing every man and teaching every man in all wisdom, that we may present every man perfect in Christ Jesus; 29for which I also labor, striving according to his working, which works in me mightily."
      },
      {
        "book_name": "Colossians",
        "book": 51,
        "chapter": 1,
        "verse": 1,
        "text": "Paul, an apostle of Christ#1:1 “Christ” means “Anointed One”. Jesus through the will of God, and Timothy our brother,"
      },
      {
        "book_name": "Colossians",
        "book": 51,
        "chapter": 1,
        "verse": 2,
        "text": "to the saints and faithful brothers#1:2 The word for “brothers” here and where context allows may also be correctly translated “brothers and sisters” or “siblings.” in Christ at Colossae: Grace to you and peace from God our Father and the Lord Jesus Christ."
      },
      {
        "book_name": "Colossians",
        "book": 51,
        "chapter": 1,
        "verse": 3,
        "text": "We give thanks to God the Father of our Lord Jesus Christ, praying always for you,"
      },
      {
        "book_name": "Colossians",
        "book": 51,
        "chapter": 1,
        "verse": 4,
        "text": "having heard of your faith in Christ Jesus and of the love which you have toward all the saints,"
      },
      {
        "book_name": "Colossians",
        "book": 51,
        "chapter": 1,
        "verse": 5,
        "text": "because of the hope which is laid up for you in the heavens, of which you heard before in the word of the truth of the Good News"
      },
      {
        "book_name": "Colossians",
        "book": 51,
        "chapter": 1,
        "verse": 6,
        "text": "which has come to you, even as it is in all the world and is bearing fruit and growing, as it does in you also, since the day you heard and knew the grace of God in truth,"
      },
      {
        "book_name": "Colossians",
        "book": 51,
        "chapter": 1,
        "verse": 7,
        "text": "even as you learned from Epaphras our beloved fellow servant, who is a faithful servant of Christ on your#1:7 NU reads our behalf,"
      },
      {
        "book_name": "Colossians",
        "book": 51,
        "chapter": 1,
        "verse": 8,
        "text": "who also declared to us your love in the Spirit."
      },
      {
        "book_name": "Colossians",
        "book": 51,
        "chapter": 1,
        "verse": 9,
        "text": "For this cause, we also, since the day we heard this, don’t cease praying and making requests for you, that you may be filled with the knowledge of his will in all spiritual wisdom and understanding,"
      },
      {
        "book_name": "Colossians",
        "book": 51,
        "chapter": 1,
        "verse": 10,
        "text": "that you may walk worthily of the Lord, to please him in all respects, bearing fruit in every good work and increasing in the knowledge of God,"
      },
      {
        "book_name": "Colossians",
        "book": 51,
        "chapter": 1,
        "verse": 11,
        "text": "strengthened with all power, according to the might of his glory, for all endurance and perseverance with joy,"
      },
      {
        "book_name": "Colossians",
        "book": 51,
        "chapter": 1,
        "verse": 12,
        "text": "giving thanks to the Father, who made us fit to be partakers of the inheritance of the saints in light,"
      },
      {
        "book_name": "Colossians",
        "book": 51,
        "chapter": 1,
        "verse": 13,
        "text": "who delivered us out of the power of darkness, and translated us into the Kingdom of the Son of his love,"
      },
      {
        "book_name": "Colossians",
        "book": 51,
        "chapter": 1,
        "verse": 14,
        "text": "in whom we have our redemption,#1:14 TR adds “through his blood,”  the forgiveness of our sins."
      },
      {
        "book_name": "Colossians",
        "book": 51,
        "chapter": 1,
        "verse": 15,
        "text": "He is the image of the invisible God, the firstborn of all creation."
      },
      {
        "book_name": "Colossians",
        "book": 51,
        "chapter": 1,
        "verse": 16,
        "text": "For by him all things were created in the heavens and on the earth, visible things and invisible things, whether thrones or dominions or principalities or powers. All things have been created through him and for him."
      },
      {
        "book_name": "Colossians",
        "book": 51,
        "chapter": 1,
        "verse": 17,
        "text": "He is before all things, and in him all things are held together."
      },
      {
        "book_name": "Colossians",
        "book": 51,
        "chapter": 1,
        "verse": 18,
        "text": "He is the head of the body, the assembly, who is the beginning, the firstborn from the dead, that in all things he might have the preeminence."
      },
      {
        "book_name": "Colossians",
        "book": 51,
        "chapter": 1,
        "verse": 19,
        "text": "For all the fullness was pleased to dwell in him,"
      },
      {
        "book_name": "Colossians",
        "book": 51,
        "chapter": 1,
        "verse": 20,
        "text": "and through him to reconcile all things to himself by him, whether things on the earth or things in the heavens, having made peace through the blood of his cross."
      },
      {
        "book_name": "Colossians",
        "book": 51,
        "chapter": 1,
        "verse": 21,
        "text": "You, being in past times alienated and enemies in your mind in your evil deeds,"
      },
      {
        "book_name": "Colossians",
        "book": 51,
        "chapter": 1,
        "verse": 22,
        "text": "yet now he has reconciled in the body of his flesh through death, to present you holy and without defect and blameless before him,"
      },
      {
        "book_name": "Colossians",
        "book": 51,
        "chapter": 1,
        "verse": 23,
        "text": "if it is so that you continue in the faith, grounded and steadfast, and not moved away from the hope of the Good News which you heard, which was proclaimed in all creation under heaven, of which I, Paul, was made a servant."
      },
      {
        "book_name": "Colossians",
        "book": 51,
        "chapter": 1,
        "verse": 24,
        "text": "Now I rejoice in my sufferings for your sake, and fill up on my part that which is lacking of the afflictions of Christ in my flesh for his body’s sake, which is the assembly,"
      },
      {
        "book_name": "Colossians",
        "book": 51,
        "chapter": 1,
        "verse": 25,
        "text": "of which I was made a servant according to the stewardship of God which was given me toward you to fulfill the word of God,"
      },
      {
        "book_name": "Colossians",
        "book": 51,
        "chapter": 1,
        "verse": 26,
        "text": "the mystery which has been hidden for ages and generations. But now it has been revealed to his saints,"
      },
      {
        "book_name": "Colossians",
        "book": 51,
        "chapter": 1,
        "verse": 27,
        "text": "to whom God was pleased to make known what are the riches of the glory of this mystery among the Gentiles, which is Christ in you, the hope of glory."
      },
      {
        "book_name": "Colossians",
        "book": 51,
        "chapter": 1,
        "verse": 28,
        "text": "We proclaim him, admonishing every man and teaching every man in all wisdom, that we may present every man perfect in Christ Jesus;"
      },
      {
        "book_name": "Colossians",
        "book": 51,
        "chapter": 1,
        "verse": 29,
        "text": "for which I also labor, striving according to his working, which works in me mightily."
      }
    ],
    "2": [
      {
        "book_name": "Colossians",
        "book": 51,
        "chapter": 2,
        "verse": 1,
        "text": "1For I desire to have you know how greatly I struggle for you and for those at Laodicea, and for as many as have not seen my face in the flesh; 2that their hearts may be comforted, they being knit together in love, and gaining all riches of the full assurance of understanding, that they may know the mystery of God, both of the Father and of Christ, 3in whom all the treasures of wisdom and knowledge are hidden. 4Now I say this that no one may delude you with persuasiveness of speech. 5For though I am absent in the flesh, yet I am with you in the spirit, rejoicing and seeing your order, and the steadfastness of your faith in Christ.  6As therefore you received Christ Jesus the Lord, walk in him, 7rooted and built up in him and established in the faith, even as you were taught, abounding in it in thanksgiving.  8Be careful that you don’t let anyone rob you through his philosophy and vain deceit, after the tradition of men, after the elemental spirits of the world, and not after Christ. 9For in him all the fullness of the Deity dwells bodily, 10and in him you are made full, who is the head of all principality and power. 11In him you were also circumcised with a circumcision not made with hands, in the putting off of the body of the sins of the flesh, in the circumcision of Christ, 12having been buried with him in baptism, in which you were also raised with him through faith in the working of God, who raised him from the dead. 13You were dead through your trespasses and the uncircumcision of your flesh. He made you alive together with him, having forgiven us all our trespasses, 14wiping out the handwriting in ordinances which was against us. He has taken it out of the way, nailing it to the cross. 15Having stripped the principalities and the powers, he made a show of them openly, triumphing over them in it.  16Let no one therefore judge you in eating or drinking, or with respect to a feast day or a new moon or a Sabbath day, 17which are a shadow of the things to come; but the body is Christ’s. 18Let no one rob you of your prize by self-abasement and worshiping of the angels, dwelling in the things which he has not seen, vainly puffed up by his fleshly mind, 19and not holding firmly to the Head, from whom all the body, being supplied and knit together through the joints and ligaments, grows with God’s growth.  20If you died with Christ from the elemental spirits of the world, why, as though living in the world, do you subject yourselves to ordinances, 21“Don’t handle, nor taste, nor touch” 22(all of which perish with use), according to the precepts and doctrines of men? 23These things indeed appear like wisdom in self-imposed worship, humility, and severity to the body, but aren’t of any value against the indulgence of the flesh."
      },
      {
        "book_name": "Colossians",
        "book": 51,
        "chapter": 2,
        "verse": 1,
        "text": "For I desire to have you know how greatly I struggle for you and for those at Laodicea, and for as many as have not seen my face in the flesh;"
      },
      {
        "book_name": "Colossians",
        "book": 51,
        "chapter": 2,
        "verse": 2,
        "text": "that their hearts may be comforted, they being knit together in love, and gaining all riches of the full assurance of understanding, that they may know the mystery of God, both of the Father and of Christ,"
      },
      {
        "book_name": "Colossians",
        "book": 51,
        "chapter": 2,
        "verse": 3,
        "text": "in whom all the treasures of wisdom and knowledge are hidden."
      },
      {
        "book_name": "Colossians",
        "book": 51,
        "chapter": 2,
        "verse": 4,
        "text": "Now I say this that no one may delude you with persuasiveness of speech."
      },
      {
        "book_name": "Colossians",
        "book": 51,
        "chapter": 2,
        "verse": 5,
        "text": "For though I am absent in the flesh, yet I am with you in the spirit, rejoicing and seeing your order, and the steadfastness of your faith in Christ."
      },
      {
        "book_name": "Colossians",
        "book": 51,
        "chapter": 2,
        "verse": 6,
        "text": "As therefore you received Christ Jesus the Lord, walk in him,"
      },
      {
        "book_name": "Colossians",
        "book": 51,
        "chapter": 2,
        "verse": 7,
        "text": "rooted and built up in him and established in the faith, even as you were taught, abounding in it in thanksgiving."
      },
      {
        "book_name": "Colossians",
        "book": 51,
        "chapter": 2,
        "verse": 8,
        "text": "Be careful that you don’t let anyone rob you through his philosophy and vain deceit, after the tradition of men, after the elemental spirits of the world, and not after Christ."
      },
      {
        "book_name": "Colossians",
        "book": 51,
        "chapter": 2,
        "verse": 9,
        "text": "For in him all the fullness of the Deity dwells bodily,"
      },
      {
        "book_name": "Colossians",
        "book": 51,
        "chapter": 2,
        "verse": 10,
        "text": "and in him you are made full, who is the head of all principality and power."
      },
      {
        "book_name": "Colossians",
        "book": 51,
        "chapter": 2,
        "verse": 11,
        "text": "In him you were also circumcised with a circumcision not made with hands, in the putting off of the body of the sins of the flesh, in the circumcision of Christ,"
      },
      {
        "book_name": "Colossians",
        "book": 51,
        "chapter": 2,
        "verse": 12,
        "text": "having been buried with him in baptism, in which you were also raised with him through faith in the working of God, who raised him from the dead."
      },
      {
        "book_name": "Colossians",
        "book": 51,
        "chapter": 2,
        "verse": 13,
        "text": "You were dead through your trespasses and the uncircumcision of your flesh. He made you alive together with him, having forgiven us all our trespasses,"
      },
      {
        "book_name": "Colossians",
        "book": 51,
        "chapter": 2,
        "verse": 14,
        "text": "wiping out the handwriting in ordinances which was against us. He has taken it out of the way, nailing it to the cross."
      },
      {
        "book_name": "Colossians",
        "book": 51,
        "chapter": 2,
        "verse": 15,
        "text": "Having stripped the principalities and the powers, he made a show of them openly, triumphing over them in it."
      },
      {
        "book_name": "Colossians",
        "book": 51,
        "chapter": 2,
        "verse": 16,
        "text": "Let no one therefore judge you in eating or drinking, or with respect to a feast day or a new moon or a Sabbath day,"
      },
      {
        "book_name": "Colossians",
        "book": 51,
        "chapter": 2,
        "verse": 17,
        "text": "which are a shadow of the things to come; but the body is Christ’s."
      },
      {
        "book_name": "Colossians",
        "book": 51,
        "chapter": 2,
        "verse": 18,
        "text": "Let no one rob you of your prize by self-abasement and worshiping of the angels, dwelling in the things which he has not seen, vainly puffed up by his fleshly mind,"
      },
      {
        "book_name": "Colossians",
        "book": 51,
        "chapter": 2,
        "verse": 19,
        "text": "and not holding firmly to the Head, from whom all the body, being supplied and knit together through the joints and ligaments, grows with God’s growth."
      },
      {
        "book_name": "Colossians",
        "book": 51,
        "chapter": 2,
        "verse": 20,
        "text": "If you died with Christ from the elemental spirits of the world, why, as though living in the world, do you subject yourselves to ordinances,"
      },
      {
        "book_name": "Colossians",
        "book": 51,
        "chapter": 2,
        "verse": 21,
        "text": "“Don’t handle, nor taste, nor touch”"
      },
      {
        "book_name": "Colossians",
        "book": 51,
        "chapter": 2,
        "verse": 22,
        "text": "(all of which perish with use), according to the precepts and doctrines of men?"
      },
      {
        "book_name": "Colossians",
        "book": 51,
        "chapter": 2,
        "verse": 23,
        "text": "These things indeed appear like wisdom in self-imposed worship, humility, and severity to the body, but aren’t of any value against the indulgence of the flesh."
      }
    ],
    "3": [
      {
        "book_name": "Colossians",
        "book": 51,
        "chapter": 3,
        "verse": 1,
        "text": "1If then you were raised together with Christ, seek the things that are above, where Christ is, seated on the right hand of God. 2Set your mind on the things that are above, not on the things that are on the earth. 3For you died, and your life is hidden with Christ in God. 4When Christ, our life, is revealed, then you will also be revealed with him in glory.  5Put to death therefore your members which are on the earth: sexual immorality, uncleanness, depraved passion, evil desire, and covetousness, which is idolatry. 6For these things’ sake the wrath of God comes on the children of disobedience. 7You also once walked in those, when you lived in them, 8but now you must put them all away: anger, wrath, malice, slander, and shameful speaking out of your mouth. 9Don’t lie to one another, seeing that you have put off the old man with his doings, 10and have put on the new man, who is being renewed in knowledge after the image of his Creator, 11where there can’t be Greek and Jew, circumcision and uncircumcision, barbarian, Scythian, bondservant, or free person; but Christ is all, and in all.  12Put on therefore, as God’s chosen ones, holy and beloved, a heart of compassion, kindness, lowliness, humility, and perseverance; 13bearing with one another, and forgiving each other, if any man has a complaint against any; even as Christ forgave you, so you also do.  14Above all these things, walk in love, which is the bond of perfection. 15And let the peace of God rule in your hearts, to which also you were called in one body, and be thankful. 16Let the word of Christ dwell in you richly; in all wisdom teaching and admonishing one another with psalms, hymns, and spiritual songs, singing with grace in your heart to the Lord.  17Whatever you do, in word or in deed, do all in the name of the Lord Jesus, giving thanks to God the Father through him.  18Wives, be in subjection to your husbands, as is fitting in the Lord.  19Husbands, love your wives, and don’t be bitter against them.  20Children, obey your parents in all things, for this pleases the Lord.  21Fathers, don’t provoke your children, so that they won’t be discouraged.  22Servants, obey in all things those who are your masters according to the flesh, not just when they are looking, as men pleasers, but in singleness of heart, fearing God. 23And whatever you do, work heartily, as for the Lord and not for men, 24knowing that from the Lord you will receive the reward of the inheritance; for you serve the Lord Christ. 25But he who does wrong will receive again for the wrong that he has done, and there is no partiality."
      },
      {
        "book_name": "Colossians",
        "book": 51,
        "chapter": 3,
        "verse": 1,
        "text": "If then you were raised together with Christ, seek the things that are above, where Christ is, seated on the right hand of God."
      },
      {
        "book_name": "Colossians",
        "book": 51,
        "chapter": 3,
        "verse": 2,
        "text": "Set your mind on the things that are above, not on the things that are on the earth."
      },
      {
        "book_name": "Colossians",
        "book": 51,
        "chapter": 3,
        "verse": 3,
        "text": "For you died, and your life is hidden with Christ in God."
      },
      {
        "book_name": "Colossians",
        "book": 51,
        "chapter": 3,
        "verse": 4,
        "text": "When Christ, our life, is revealed, then you will also be revealed with him in glory."
      },
      {
        "book_name": "Colossians",
        "book": 51,
        "chapter": 3,
        "verse": 5,
        "text": "Put to death therefore your members which are on the earth: sexual immorality, uncleanness, depraved passion, evil desire, and covetousness, which is idolatry."
      },
      {
        "book_name": "Colossians",
        "book": 51,
        "chapter": 3,
        "verse": 6,
        "text": "For these things’ sake the wrath of God comes on the children of disobedience."
      },
      {
        "book_name": "Colossians",
        "book": 51,
        "chapter": 3,
        "verse": 7,
        "text": "You also once walked in those, when you lived in them,"
      },
      {
        "book_name": "Colossians",
        "book": 51,
        "chapter": 3,
        "verse": 8,
        "text": "but now you must put them all away: anger, wrath, malice, slander, and shameful speaking out of your mouth."
      },
      {
        "book_name": "Colossians",
        "book": 51,
        "chapter": 3,
        "verse": 9,
        "text": "Don’t lie to one another, seeing that you have put off the old man with his doings,"
      },
      {
        "book_name": "Colossians",
        "book": 51,
        "chapter": 3,
        "verse": 10,
        "text": "and have put on the new man, who is being renewed in knowledge after the image of his Creator,"
      },
      {
        "book_name": "Colossians",
        "book": 51,
        "chapter": 3,
        "verse": 11,
        "text": "where there can’t be Greek and Jew, circumcision and uncircumcision, barbarian, Scythian, bondservant, or free person; but Christ is all, and in all."
      },
      {
        "book_name": "Colossians",
        "book": 51,
        "chapter": 3,
        "verse": 12,
        "text": "Put on therefore, as God’s chosen ones, holy and beloved, a heart of compassion, kindness, lowliness, humility, and perseverance;"
      },
      {
        "book_name": "Colossians",
        "book": 51,
        "chapter": 3,
        "verse": 13,
        "text": "bearing with one another, and forgiving each other, if any man has a complaint against any; even as Christ forgave you, so you also do."
      },
      {
        "book_name": "Colossians",
        "book": 51,
        "chapter": 3,
        "verse": 14,
        "text": "Above all these things, walk in love, which is the bond of perfection."
      },
      {
        "book_name": "Colossians",
        "book": 51,
        "chapter": 3,
        "verse": 15,
        "text": "And let the peace of God rule in your hearts, to which also you were called in one body, and be thankful."
      },
      {
        "book_name": "Colossians",
        "book": 51,
        "chapter": 3,
        "verse": 16,
        "text": "Let the word of Christ dwell in you richly; in all wisdom teaching and admonishing one another with psalms, hymns, and spiritual songs, singing with grace in your heart to the Lord."
      },
      {
        "book_name": "Colossians",
        "book": 51,
        "chapter": 3,
        "verse": 17,
        "text": "Whatever you do, in word or in deed, do all in the name of the Lord Jesus, giving thanks to God the Father through him."
      },
      {
        "book_name": "Colossians",
        "book": 51,
        "chapter": 3,
        "verse": 18,
        "text": "Wives, be in subjection to your husbands, as is fitting in the Lord."
      },
      {
        "book_name": "Colossians",
        "book": 51,
        "chapter": 3,
        "verse": 19,
        "text": "Husbands, love your wives, and don’t be bitter against them."
      },
      {
        "book_name": "Colossians",
        "book": 51,
        "chapter": 3,
        "verse": 20,
        "text": "Children, obey your parents in all things, for this pleases the Lord."
      },
      {
        "book_name": "Colossians",
        "book": 51,
        "chapter": 3,
        "verse": 21,
        "text": "Fathers, don’t provoke your children, so that they won’t be discouraged."
      },
      {
        "book_name": "Colossians",
        "book": 51,
        "chapter": 3,
        "verse": 22,
        "text": "Servants, obey in all things those who are your masters according to the flesh, not just when they are looking, as men pleasers, but in singleness of heart, fearing God."
      },
      {
        "book_name": "Colossians",
        "book": 51,
        "chapter": 3,
        "verse": 23,
        "text": "And whatever you do, work heartily, as for the Lord and not for men,"
      },
      {
        "book_name": "Colossians",
        "book": 51,
        "chapter": 3,
        "verse": 24,
        "text": "knowing that from the Lord you will receive the reward of the inheritance; for you serve the Lord Christ."
      },
      {
        "book_name": "Colossians",
        "book": 51,
        "chapter": 3,
        "verse": 25,
        "text": "But he who does wrong will receive again for the wrong that he has done, and there is no partiality."
      }
    ],
    "4": [
      {
        "book_name": "Colossians",
        "book": 51,
        "chapter": 4,
        "verse": 1,
        "text": "1Masters, give to your servants that which is just and equal, knowing that you also have a Master in heaven.  2Continue steadfastly in prayer, watching in it with thanksgiving, 3praying together for us also, that God may open to us a door for the word, to speak the mystery of Christ, for which I am also in bonds, 4that I may reveal it as I ought to speak.  5Walk in wisdom toward those who are outside, redeeming the time. 6Let your speech always be with grace, seasoned with salt, that you may know how you ought to answer each one.  7All my affairs will be made known to you by Tychicus, the beloved brother, faithful servant, and fellow bondservant in the Lord. 8I am sending him to you for this very purpose, that he may know your circumstances and comfort your hearts, 9together with Onesimus, the faithful and beloved brother, who is one of you. They will make known to you everything that is going on here.  10Aristarchus, my fellow prisoner, greets you, and Mark the cousin of Barnabas (concerning whom you received instructions, “if he comes to you, receive him”), 11and Jesus who is called Justus. These are my only fellow workers for God’s Kingdom who are of the circumcision, men who have been a comfort to me.  12Epaphras, who is one of you, a servant of Christ, salutes you, always striving for you in his prayers, that you may stand perfect and complete in all the will of God. 13For I testify about him that he has great zeal for you, and for those in Laodicea, and for those in Hierapolis. 14Luke the beloved physician and Demas greet you. 15Greet the brothers who are in Laodicea, with Nymphas and the assembly that is in his house. 16When this letter has been read among you, cause it to be read also in the assembly of the Laodiceans, and that you also read the letter from Laodicea. 17Tell Archippus, “Take heed to the ministry which you have received in the Lord, that you fulfill it.”  18I, Paul, write this greeting with my own hand. Remember my chains. Grace be with you. Amen."
      },
      {
        "book_name": "Colossians",
        "book": 51,
        "chapter": 4,
        "verse": 1,
        "text": "Masters, give to your servants that which is just and equal, knowing that you also have a Master in heaven."
      },
      {
        "book_name": "Colossians",
        "book": 51,
        "chapter": 4,
        "verse": 2,
        "text": "Continue steadfastly in prayer, watching in it with thanksgiving,"
      },
      {
        "book_name": "Colossians",
        "book": 51,
        "chapter": 4,
        "verse": 3,
        "text": "praying together for us also, that God may open to us a door for the word, to speak the mystery of Christ, for which I am also in bonds,"
      },
      {
        "book_name": "Colossians",
        "book": 51,
        "chapter": 4,
        "verse": 4,
        "text": "that I may reveal it as I ought to speak."
      },
      {
        "book_name": "Colossians",
        "book": 51,
        "chapter": 4,
        "verse": 5,
        "text": "Walk in wisdom toward those who are outside, redeeming the time."
      },
      {
        "book_name": "Colossians",
        "book": 51,
        "chapter": 4,
        "verse": 6,
        "text": "Let your speech always be with grace, seasoned with salt, that you may know how you ought to answer each one."
      },
      {
        "book_name": "Colossians",
        "book": 51,
        "chapter": 4,
        "verse": 7,
        "text": "All my affairs will be made known to you by Tychicus, the beloved brother, faithful servant, and fellow bondservant in the Lord."
      },
      {
        "book_name": "Colossians",
        "book": 51,
        "chapter": 4,
        "verse": 8,
        "text": "I am sending him to you for this very purpose, that he may know your circumstances and comfort your hearts,"
      },
      {
        "book_name": "Colossians",
        "book": 51,
        "chapter": 4,
        "verse": 9,
        "text": "together with Onesimus, the faithful and beloved brother, who is one of you. They will make known to you everything that is going on here."
      },
      {
        "book_name": "Colossians",
        "book": 51,
        "chapter": 4,
        "verse": 10,
        "text": "Aristarchus, my fellow prisoner, greets you, and Mark the cousin of Barnabas (concerning whom you received instructions, “if he comes to you, receive him”),"
      },
      {
        "book_name": "Colossians",
        "book": 51,
        "chapter": 4,
        "verse": 11,
        "text": "and Jesus who is called Justus. These are my only fellow workers for God’s Kingdom who are of the circumcision, men who have been a comfort to me."
      },
      {
        "book_name": "Colossians",
        "book": 51,
        "chapter": 4,
        "verse": 12,
        "text": "Epaphras, who is one of you, a servant of Christ, salutes you, always striving for you in his prayers, that you may stand perfect and complete in all the will of God."
      },
      {
        "book_name": "Colossians",
        "book": 51,
        "chapter": 4,
        "verse": 13,
        "text": "For I testify about him that he has great zeal for you, and for those in Laodicea, and for those in Hierapolis."
      },
      {
        "book_name": "Colossians",
        "book": 51,
        "chapter": 4,
        "verse": 14,
        "text": "Luke the beloved physician and Demas greet you."
      },
      {
        "book_name": "Colossians",
        "book": 51,
        "chapter": 4,
        "verse": 15,
        "text": "Greet the brothers who are in Laodicea, with Nymphas and the assembly that is in his house."
      },
      {
        "book_name": "Colossians",
        "book": 51,
        "chapter": 4,
        "verse": 16,
        "text": "When this letter has been read among you, cause it to be read also in the assembly of the Laodiceans, and that you also read the letter from Laodicea."
      },
      {
        "book_name": "Colossians",
        "book": 51,
        "chapter": 4,
        "verse": 17,
        "text": "Tell Archippus, “Take heed to the ministry which you have received in the Lord, that you fulfill it.”"
      },
      {
        "book_name": "Colossians",
        "book": 51,
        "chapter": 4,
        "verse": 18,
        "text": "I, Paul, write this greeting with my own hand. Remember my chains. Grace be with you. Amen."
      }
    ]
  }
}