{
  "source": "bible.com",
  "version": "World English Bible",
  "book": "Ecclesiastes",
  "chapters": {
    "1": [
      {
        "book_name": "Ecclesiastes",
        "book": 21,
        "chapter": 1,
        "verse": 1,
        "text": "1The words of the Preacher, the son of David, king in Jerusalem:  2“Vanity of vanities,” says the Preacher; “Vanity of vanities, all is vanity.” 3What does man gain from all his labor in which he labors under the sun? 4One generation goes, and another generation comes; but the earth remains forever. 5The sun also rises, and the sun goes down, and hurries to its place where it rises. 6The wind goes toward the south, and turns around to the north. It turns around continually as it goes, and the wind returns again to its courses. 7All the rivers run into the sea, yet the sea is not full. To the place where the rivers flow, there they flow again. 8All things are full of weariness beyond uttering. The eye is not satisfied with seeing, nor the ear filled with hearing. 9That which has been is that which shall be, and that which has been done is that which shall be done; and there is no new thing under the sun. 10Is there a thing of which it may be said, “Behold,#1:10 “Behold”, from “הִנֵּה”, means look at, take notice, observe, see, or gaze at. It is often used as an interjection. this is new”? It has been long ago, in the ages which were before us. 11There is no memory of the former; neither shall there be any memory of the latter that are to come, among those that shall come after.  12I, the Preacher, was king over Israel in Jerusalem. 13I applied my heart to seek and to search out by wisdom concerning all that is done under the sky. It is a heavy burden that God#1:13 The Hebrew word rendered “God” is “אֱלֹהִ֑ים” (Elohim). has given to the sons of men to be afflicted with. 14I have seen all the works that are done under the sun; and behold, all is vanity and a chasing after wind. 15That which is crooked can’t be made straight; and that which is lacking can’t be counted. 16I said to myself, “Behold, I have obtained for myself great wisdom above all who were before me in Jerusalem. Yes, my heart has had great experience of wisdom and knowledge.” 17I applied my heart to know wisdom, and to know madness and folly. I perceived that this also was a chasing after wind. 18For in much wisdom is much grief; and he who increases knowledge increases sorrow."
      },
      {
        "book_name": "Ecclesiastes",
        "book": 21,
        "chapter": 1,
        "verse": 1,
        "text": "The words of the Preacher, the son of David, king in Jerusalem:"
      },
      {
        "book_name": "Ecclesiastes",
        "book": 21,
        "chapter": 1,
        "verse": 2,
        "text": "“Vanity of vanities,” says the Preacher; “Vanity of vanities, all is vanity.”"
      },
      {
        "book_name": "Ecclesiastes",
        "book": 21,
        "chapter": 1,
        "verse": 3,
        "text": "What does man gain from all his labor in which he labors under the sun?"
      },
      {
        "book_name": "Ecclesiastes",
        "book": 21,
        "chapter": 1,
        "verse": 4,
        "text": "One generation goes, and another generation comes; but the earth remains forever."
      },
      {
        "book_name": "Ecclesiastes",
        "book": 21,
        "chapter": 1,
        "verse": 5,
        "text": "The sun also rises, and the sun goes down, and hurries to its place where it rises."
      },
      {
        "book_name": "Ecclesiastes",
        "book": 21,
        "chapter": 1,
        "verse": 6,
        "text": "The wind goes toward the south, and turns around to the north. It turns around continually as it goes, and the wind returns again to its courses."
      },
      {
        "book_name": "Ecclesiastes",
        "book": 21,
        "chapter": 1,
        "verse": 7,
        "text": "All the rivers run into the sea, yet the sea is not full. To the place where the rivers flow, there they flow again."
      },
      {
        "book_name": "Ecclesiastes",
        "book": 21,
        "chapter": 1,
        "verse": 8,
        "text": "All things are full of weariness beyond uttering. The eye is not satisfied with seeing, nor the ear filled with hearing."
      },
      {
        "book_name": "Ecclesiastes",
        "book": 21,
        "chapter": 1,
        "verse": 9,
        "text": "That which has been is that which shall be, and that which has been done is that which shall be done; and there is no new thing under the sun."
      },
      {
        "book_name": "Ecclesiastes",
        "book": 21,
        "chapter": 1,
        "verse": 10,
        "text": "Is there a thing of which it may be said, “Behold,#1:10 “Behold”, from “הִנֵּה”, means look at, take notice, observe, see, or gaze at. It is often used as an interjection. this is new”? It has been long ago, in the ages which were before us."
      },
      {
        "book_name": "Ecclesiastes",
        "book": 21,
        "chapter": 1,
        "verse": 11,
        "text": "There is no memory of the former; neither shall there be any memory of the latter that are to come, among those that shall come after."
      },
      {
        "book_name": "Ecclesiastes",
        "book": 21,
        "chapter": 1,
        "verse": 12,
        "text": "I, the Preacher, was king over Israel in Jerusalem."
      },
      {
        "book_name": "Ecclesiastes",
        "book": 21,
        "chapter": 1,
        "verse": 13,
        "text": "I applied my heart to seek and to search out by wisdom concerning all that is done under the sky. It is a heavy burden that God#1:13 The Hebrew word rendered “God” is “אֱלֹהִ֑ים” (Elohim). has given to the sons of men to be afflicted with."
      },
      {
        "book_name": "Ecclesiastes",
        "book": 21,
        "chapter": 1,
        "verse": 14,
        "text": "I have seen all the works that are done under the sun; and behold, all is vanity and a chasing after wind."
      },
      {
        "book_name": "Ecclesiastes",
        "book": 21,
        "chapter": 1,
        "verse": 15,
        "text": "That which is crooked can’t be made straight; and that which is lacking can’t be counted."
      },
      {
        "book_name": "Ecclesiastes",
        "book": 21,
        "chapter": 1,
        "verse": 16,
        "text": "I said to myself, “Behold, I have obtained for myself great wisdom above all who were before me in Jerusalem. Yes, my heart has had great experience of wisdom and knowledge.”"
      },
      {
        "book_name": "Ecclesiastes",
        "book": 21,
        "chapter": 1,
        "verse": 17,
        "text": "I applied my heart to know wisdom, and to know madness and folly. I perceived that this also was a chasing after wind."
      },
      {
        "book_name": "Ecclesiastes",
        "book": 21,
        "chapter": 1,
        "verse": 18,
        "text": "For in much wisdom is much grief; and he who increases knowledge increases sorrow."
      }
    ],
    "2": [
      {
        "book_name": "Ecclesiastes",
        "book": 21,
        "chapter": 2,
        "verse": 1,
        "text": "1I said in my heart, “Come now, I will test you with mirth; therefore enjoy pleasure;” and behold, this also was vanity. 2I said of laughter, “It is foolishness;” and of mirth, “What does it accomplish?”  3I searched in my heart how to cheer my flesh with wine, my heart yet guiding me with wisdom, and how to lay hold of folly, until I might see what it was good for the sons of men that they should do under heaven all the days of their lives. 4I made myself great works. I built myself houses. I planted myself vineyards. 5I made myself gardens and parks, and I planted trees in them of all kinds of fruit. 6I made myself pools of water, to water the forest where trees were grown. 7I bought male servants and female servants, and had servants born in my house. I also had great possessions of herds and flocks, above all who were before me in Jerusalem. 8I also gathered silver and gold for myself, and the treasure of kings and of the provinces. I got myself male and female singers, and the delights of the sons of men: musical instruments of all sorts. 9So I was great, and increased more than all who were before me in Jerusalem. My wisdom also remained with me. 10Whatever my eyes desired, I didn’t keep from them. I didn’t withhold my heart from any joy, for my heart rejoiced because of all my labor, and this was my portion from all my labor. 11Then I looked at all the works that my hands had worked, and at the labor that I had labored to do; and behold, all was vanity and a chasing after wind, and there was no profit under the sun.  12I turned myself to consider wisdom, madness, and folly; for what can the king’s successor do? Just that which has been done long ago. 13Then I saw that wisdom excels folly, as far as light excels darkness. 14The wise man’s eyes are in his head, and the fool walks in darkness—and yet I perceived that one event happens to them all. 15Then I said in my heart, “As it happens to the fool, so will it happen even to me; and why was I then more wise?” Then I said in my heart that this also is vanity. 16For of the wise man, even as of the fool, there is no memory forever, since in the days to come all will have been long forgotten. Indeed, the wise man must die just like the fool!  17So I hated life, because the work that is worked under the sun was grievous to me; for all is vanity and a chasing after wind. 18I hated all my labor in which I labored under the sun, because I must leave it to the man who comes after me. 19Who knows whether he will be a wise man or a fool? Yet he will have rule over all of my labor in which I have labored, and in which I have shown myself wise under the sun. This also is vanity.  20Therefore I began to cause my heart to despair concerning all the labor in which I had labored under the sun. 21For there is a man whose labor is with wisdom, with knowledge, and with skillfulness; yet he shall leave it for his portion to a man who has not labored for it. This also is vanity and a great evil. 22For what does a man have of all his labor and of the striving of his heart, in which he labors under the sun? 23For all his days are sorrows, and his travail is grief; yes, even in the night his heart takes no rest. This also is vanity. 24There is nothing better for a man than that he should eat and drink, and make his soul enjoy good in his labor. This also I saw, that it is from the hand of God. 25For who can eat, or who can have enjoyment, more than I? 26For to the man who pleases him, God gives wisdom, knowledge, and joy; but to the sinner he gives travail, to gather and to heap up, that he may give to him who pleases God. This also is vanity and a chasing after wind."
      },
      {
        "book_name": "Ecclesiastes",
        "book": 21,
        "chapter": 2,
        "verse": 1,
        "text": "I said in my heart, “Come now, I will test you with mirth; therefore enjoy pleasure;” and behold, this also was vanity."
      },
      {
        "book_name": "Ecclesiastes",
        "book": 21,
        "chapter": 2,
        "verse": 2,
        "text": "I said of laughter, “It is foolishness;” and of mirth, “What does it accomplish?”"
      },
      {
        "book_name": "Ecclesiastes",
        "book": 21,
        "chapter": 2,
        "verse": 3,
        "text": "I searched in my heart how to cheer my flesh with wine, my heart yet guiding me with wisdom, and how to lay hold of folly, until I might see what it was good for the sons of men that they should do under heaven all the days of their lives."
      },
      {
        "book_name": "Ecclesiastes",
        "book": 21,
        "chapter": 2,
        "verse": 4,
        "text": "I made myself great works. I built myself houses. I planted myself vineyards."
      },
      {
        "book_name": "Ecclesiastes",
        "book": 21,
        "chapter": 2,
        "verse": 5,
        "text": "I made myself gardens and parks, and I planted trees in them of all kinds of fruit."
      },
      {
        "book_name": "Ecclesiastes",
        "book": 21,
        "chapter": 2,
        "verse": 6,
        "text": "I made myself pools of water, to water the forest where trees were grown."
      },
      {
        "book_name": "Ecclesiastes",
        "book": 21,
        "chapter": 2,
        "verse": 7,
        "text": "I bought male servants and female servants, and had servants born in my house. I also had great possessions of herds and flocks, above all who were before me in Jerusalem."
      },
      {
        "book_name": "Ecclesiastes",
        "book": 21,
        "chapter": 2,
        "verse": 8,
        "text": "I also gathered silver and gold for myself, and the treasure of kings and of the provinces. I got myself male and female singers, and the delights of the sons of men: musical instruments of all sorts."
      },
      {
        "book_name": "Ecclesiastes",
        "book": 21,
        "chapter": 2,
        "verse": 9,
        "text": "So I was great, and increased more than all who were before me in Jerusalem. My wisdom also remained with me."
      },
      {
        "book_name": "Ecclesiastes",
        "book": 21,
        "chapter": 2,
        "verse": 10,
        "text": "Whatever my eyes desired, I didn’t keep from them. I didn’t withhold my heart from any joy, for my heart rejoiced because of all my labor, and this was my portion from all my labor."
      },
      {
        "book_name": "Ecclesiastes",
        "book": 21,
        "chapter": 2,
        "verse": 11,
        "text": "Then I looked at all the works that my hands had worked, and at the labor that I had labored to do; and behold, all was vanity and a chasing after wind, and there was no profit under the sun."
      },
      {
        "book_name": "Ecclesiastes",
        "book": 21,
        "chapter": 2,
        "verse": 12,
        "text": "I turned myself to consider wisdom, madness, and folly; for what can the king’s successor do? Just that which has been done long ago."
      },
      {
        "book_name": "Ecclesiastes",
        "book": 21,
        "chapter": 2,
        "verse": 13,
        "text": "Then I saw that wisdom excels folly, as far as light excels darkness."
      },
      {
        "book_name": "Ecclesiastes",
        "book": 21,
        "chapter": 2,
        "verse": 14,
        "text": "The wise man’s eyes are in his head, and the fool walks in darkness—and yet I perceived that one event happens to them all."
      },
      {
        "book_name": "Ecclesiastes",
        "book": 21,
        "chapter": 2,
        "verse": 15,
        "text": "Then I said in my heart, “As it happens to the fool, so will it happen even to me; and why was I then more wise?” Then I said in my heart that this also is vanity."
      },
      {
        "book_name": "Ecclesiastes",
        "book": 21,
        "chapter": 2,
        "verse": 16,
        "text": "For of the wise man, even as of the fool, there is no memory forever, since in the days to come all will have been long forgotten. Indeed, the wise man must die just like the fool!"
      },
      {
        "book_name": "Ecclesiastes",
        "book": 21,
        "chapter": 2,
        "verse": 17,
        "text": "So I hated life, because the work that is worked under the sun was grievous to me; for all is vanity and a chasing after wind."
      },
      {
        "book_name": "Ecclesiastes",
        "book": 21,
        "chapter": 2,
        "verse": 18,
        "text": "I hated all my labor in which I labored under the sun, because I must leave it to the man who comes after me."
      },
      {
        "book_name": "Ecclesiastes",
        "book": 21,
        "chapter": 2,
        "verse": 19,
        "text": "Who knows whether he will be a wise man or a fool? Yet he will have rule over all of my labor in which I have labored, and in which I have shown myself wise under the sun. This also is vanity."
      },
      {
        "book_name": "Ecclesiastes",
        "book": 21,
        "chapter": 2,
        "verse": 20,
        "text": "Therefore I began to cause my heart to despair concerning all the labor in which I had labored under the sun."
      },
      {
        "book_name": "Ecclesiastes",
        "book": 21,
        "chapter": 2,
        "verse": 21,
        "text": "For there is a man whose labor is with wisdom, with knowledge, and with skillfulness; yet he shall leave it for his portion to a man who has not labored for it. This also is vanity and a great evil."
      },
      {
        "book_name": "Ecclesiastes",
        "book": 21,
        "chapter": 2,
        "verse": 22,
        "text": "For what does a man have of all his labor and of the striving of his heart, in which he labors under the sun?"
      },
      {
        "book_name": "Ecclesiastes",
        "book": 21,
        "chapter": 2,
        "verse": 23,
        "text": "For all his days are sorrows, and his travail is grief; yes, even in the night his heart takes no rest. This also is vanity."
      },
      {
        "book_name": "Ecclesiastes",
        "book": 21,
        "chapter": 2,
        "verse": 24,
        "text": "There is nothing better for a man than that he should eat and drink, and make his soul enjoy good in his labor. This also I saw, that it is from the hand of God."
      },
      {
        "book_name": "Ecclesiastes",
        "book": 21,
        "chapter": 2,
        "verse": 25,
        "text": "For who can eat, or who can have enjoyment, more than I?"
      },
      {
        "book_name": "Ecclesiastes",
        "book": 21,
        "chapter": 2,
        "verse": 26,
        "text": "For to the man who pleases him, God gives wisdom, knowledge, and joy; but to the sinner he gives travail, to gather and to heap up, that he may give to him who pleases God. This also is vanity and a chasing after wind."
      }
    ],
    "3": [
      {
        "book_name": "Ecclesiastes",
        "book": 21,
        "chapter": 3,
        "verse": 1,
        "text": "1For everything there is a season, and a time for every purpose under heaven:  2a time to be born,and a time to die;a time to plant,and a time to pluck up that which is planted;  3a time to kill,and a time to heal;a time to break down,and a time to build up;  4a time to weep,and a time to laugh;a time to mourn,and a time to dance;  5a time to cast away stones,and a time to gather stones together;a time to embrace,and a time to refrain from embracing;  6a time to seek,and a time to lose;a time to keep,and a time to cast away;  7a time to tear,and a time to sew;a time to keep silence,and a time to speak;  8a time to love,and a time to hate;a time for war,and a time for peace.  9What profit has he who works in that in which he labors? 10I have seen the burden which God has given to the sons of men to be afflicted with. 11He has made everything beautiful in its time. He has also set eternity in their hearts, yet so that man can’t find out the work that God has done from the beginning even to the end. 12I know that there is nothing better for them than to rejoice, and to do good as long as they live. 13Also that every man should eat and drink, and enjoy good in all his labor, is the gift of God. 14I know that whatever God does, it shall be forever. Nothing can be added to it, nor anything taken from it; and God has done it, that men should fear before him. 15That which is has been long ago, and that which is to be has been long ago. God seeks again that which is passed away.  16Moreover I saw under the sun, in the place of justice, that wickedness was there; and in the place of righteousness, that wickedness was there. 17I said in my heart, “God will judge the righteous and the wicked; for there is a time there for every purpose and for every work.” 18I said in my heart, “As for the sons of men, God tests them, so that they may see that they themselves are like animals. 19For that which happens to the sons of men happens to animals. Even one thing happens to them. As the one dies, so the other dies. Yes, they have all one breath; and man has no advantage over the animals, for all is vanity. 20All go to one place. All are from the dust, and all turn to dust again. 21Who knows the spirit of man, whether it goes upward, and the spirit of the animal, whether it goes downward to the earth?”  22Therefore I saw that there is nothing better than that a man should rejoice in his works, for that is his portion; for who can bring him to see what will be after him?"
      },
      {
        "book_name": "Ecclesiastes",
        "book": 21,
        "chapter": 3,
        "verse": 1,
        "text": "For everything there is a season, and a time for every purpose under heaven:"
      },
      {
        "book_name": "Ecclesiastes",
        "book": 21,
        "chapter": 3,
        "verse": 2,
        "text": "a time to be born,"
      },
      {
        "book_name": "Ecclesiastes",
        "book": 21,
        "chapter": 3,
        "verse": 2,
        "text": "and a time to die;"
      },
      {
        "book_name": "Ecclesiastes",
        "book": 21,
        "chapter": 3,
        "verse": 2,
        "text": "a time to plant,"
      },
      {
        "book_name": "Ecclesiastes",
        "book": 21,
        "chapter": 3,
        "verse": 2,
        "text": "and a time to pluck up that which is planted;"
      },
      {
        "book_name": "Ecclesiastes",
        "book": 21,
        "chapter": 3,
        "verse": 3,
        "text": "a time to kill,"
      },
      {
        "book_name": "Ecclesiastes",
        "book": 21,
        "chapter": 3,
        "verse": 3,
        "text": "and a time to heal;"
      },
      {
        "book_name": "Ecclesiastes",
        "book": 21,
        "chapter": 3,
        "verse": 3,
        "text": "a time to break down,"
      },
      {
        "book_name": "Ecclesiastes",
        "book": 21,
        "chapter": 3,
        "verse": 3,
        "text": "and a time to build up;"
      },
      {
        "book_name": "Ecclesiastes",
        "book": 21,
        "chapter": 3,
        "verse": 4,
        "text": "a time to weep,"
      },
      {
        "book_name": "Ecclesiastes",
        "book": 21,
        "chapter": 3,
        "verse": 4,
        "text": "and a time to laugh;"
      },
      {
        "book_name": "Ecclesiastes",
        "book": 21,
        "chapter": 3,
        "verse": 4,
        "text": "a time to mourn,"
      },
      {
        "book_name": "Ecclesiastes",
        "book": 21,
        "chapter": 3,
        "verse": 4,
        "text": "and a time to dance;"
      },
      {
        "book_name": "Ecclesiastes",
        "book": 21,
        "chapter": 3,
        "verse": 5,
        "text": "a time to cast away stones,"
      },
      {
        "book_name": "Ecclesiastes",
        "book": 21,
        "chapter": 3,
        "verse": 5,
        "text": "and a time to gather stones together;"
      },
      {
        "book_name": "Ecclesiastes",
        "book": 21,
        "chapter": 3,
        "verse": 5,
        "text": "a time to embrace,"
      },
      {
        "book_name": "Ecclesiastes",
        "book": 21,
        "chapter": 3,
        "verse": 5,
        "text": "and a time to refrain from embracing;"
      },
      {
        "book_name": "Ecclesiastes",
        "book": 21,
        "chapter": 3,
        "verse": 6,
        "text": "a time to seek,"
      },
      {
        "book_name": "Ecclesiastes",
        "book": 21,
        "chapter": 3,
        "verse": 6,
        "text": "and a time to lose;"
      },
      {
        "book_name": "Ecclesiastes",
        "book": 21,
        "chapter": 3,
        "verse": 6,
        "text": "a time to keep,"
      },
      {
        "book_name": "Ecclesiastes",
        "book": 21,
        "chapter": 3,
        "verse": 6,
        "text": "and a time to cast away;"
      },
      {
        "book_name": "Ecclesiastes",
        "book": 21,
        "chapter": 3,
        "verse": 7,
        "text": "a time to tear,"
      },
      {
        "book_name": "Ecclesiastes",
        "book": 21,
        "chapter": 3,
        "verse": 7,
        "text": "and a time to sew;"
      },
      {
        "book_name": "Ecclesiastes",
        "book": 21,
        "chapter": 3,
        "verse": 7,
        "text": "a time to keep silence,"
      },
      {
        "book_name": "Ecclesiastes",
        "book": 21,
        "chapter": 3,
        "verse": 7,
        "text": "and a time to speak;"
      },
      {
        "book_name": "Ecclesiastes",
        "book": 21,
        "chapter": 3,
        "verse": 8,
        "text": "a time to love,"
      },
      {
        "book_name": "Ecclesiastes",
        "book": 21,
        "chapter": 3,
        "verse": 8,
        "text": "and a time to hate;"
      },
      {
        "book_name": "Ecclesiastes",
        "book": 21,
        "chapter": 3,
        "verse": 8,
        "text": "a time for war,"
      },
      {
        "book_name": "Ecclesiastes",
        "book": 21,
        "chapter": 3,
        "verse": 8,
        "text": "and a time for peace."
      },
      {
        "book_name": "Ecclesiastes",
        "book": 21,
        "chapter": 3,
        "verse": 9,
        "text": "What profit has he who works in that in which he labors?"
      },
      {
        "book_name": "Ecclesiastes",
        "book": 21,
        "chapter": 3,
        "verse": 10,
        "text": "I have seen the burden which God has given to the sons of men to be afflicted with."
      },
      {
        "book_name": "Ecclesiastes",
        "book": 21,
        "chapter": 3,
        "verse": 11,
        "text": "He has made everything beautiful in its time. He has also set eternity in their hearts, yet so that man can’t find out the work that God has done from the beginning even to the end."
      },
      {
        "book_name": "Ecclesiastes",
        "book": 21,
        "chapter": 3,
        "verse": 12,
        "text": "I know that there is nothing better for them than to rejoice, and to do good as long as they live."
      },
      {
        "book_name": "Ecclesiastes",
        "book": 21,
        "chapter": 3,
        "verse": 13,
        "text": "Also that every man should eat and drink, and enjoy good in all his labor, is the gift of God."
      },
      {
        "book_name": "Ecclesiastes",
        "book": 21,
        "chapter": 3,
        "verse": 14,
        "text": "I know that whatever God does, it shall be forever. Nothing can be added to it, nor anything taken from it; and God has done it, that men should fear before him."
      },
      {
        "book_name": "Ecclesiastes",
        "book": 21,
        "chapter": 3,
        "verse": 15,
        "text": "That which is has been long ago, and that which is to be has been long ago. God seeks again that which is passed away."
      },
      {
        "book_name": "Ecclesiastes",
        "book": 21,
        "chapter": 3,
        "verse": 16,
        "text": "Moreover I saw under the sun, in the place of justice, that wickedness was there; and in the place of righteousness, that wickedness was there."
      },
      {
        "book_name": "Ecclesiastes",
        "book": 21,
        "chapter": 3,
        "verse": 17,
        "text": "I said in my heart, “God will judge the righteous and the wicked; for there is a time there for every purpose and for every work.”"
      },
      {
        "book_name": "Ecclesiastes",
        "book": 21,
        "chapter": 3,
        "verse": 18,
        "text": "I said in my heart, “As for the sons of men, God tests them, so that they may see that they themselves are like animals."
      },
      {
        "book_name": "Ecclesiastes",
        "book": 21,
        "chapter": 3,
        "verse": 19,
        "text": "For that which happens to the sons of men happens to animals. Even one thing happens to them. As the one dies, so the other dies. Yes, they have all one breath; and man has no advantage over the animals, for all is vanity."
      },
      {
        "book_name": "Ecclesiastes",
        "book": 21,
        "chapter": 3,
        "verse": 20,
        "text": "All go to one place. All are from the dust, and all turn to dust again."
      },
      {
        "book_name": "Ecclesiastes",
        "book": 21,
        "chapter": 3,
        "verse": 21,
        "text": "Who knows the spirit of man, whether it goes upward, and the spirit of the animal, whether it goes downward to the earth?”"
      },
      {
        "book_name": "Ecclesiastes",
        "book": 21,
        "chapter": 3,
        "verse": 22,
        "text": "Therefore I saw that there is nothing better than that a man should rejoice in his works, for that is his portion; for who can bring him to see what will be after him?"
      }
    ],
    "4": [
      {
        "book_name": "Ecclesiastes",
        "book": 21,
        "chapter": 4,
        "verse": 1,
        "text": "1Then I returned and saw all the oppressions that are done under the sun: and behold, the tears of those who were oppressed, and they had no comforter; and on the side of their oppressors there was power; but they had no comforter. 2Therefore I praised the dead who have been long dead more than the living who are yet alive. 3Yes, better than them both is him who has not yet been, who has not seen the evil work that is done under the sun. 4Then I saw all the labor and achievement that is the envy of a man’s neighbor. This also is vanity and a striving after wind.  5The fool folds his hands together and ruins himself. 6Better is a handful, with quietness, than two handfuls with labor and chasing after wind.  7Then I returned and saw vanity under the sun. 8There is one who is alone, and he has neither son nor brother. There is no end to all of his labor, neither are his eyes satisfied with wealth. “For whom then do I labor and deprive my soul of enjoyment?” This also is vanity. Yes, it is a miserable business.  9Two are better than one, because they have a good reward for their labor. 10For if they fall, the one will lift up his fellow; but woe to him who is alone when he falls, and doesn’t have another to lift him up. 11Again, if two lie together, then they have warmth; but how can one keep warm alone? 12If a man prevails against one who is alone, two shall withstand him; and a threefold cord is not quickly broken.  13Better is a poor and wise youth than an old and foolish king who doesn’t know how to receive admonition any more. 14For out of prison he came out to be king; yes, even in his kingdom he was born poor. 15I saw all the living who walk under the sun, that they were with the youth, the other, who succeeded him. 16There was no end of all the people, even of all them over whom he was—yet those who come after shall not rejoice in him. Surely this also is vanity and a chasing after wind."
      },
      {
        "book_name": "Ecclesiastes",
        "book": 21,
        "chapter": 4,
        "verse": 1,
        "text": "Then I returned and saw all the oppressions that are done under the sun: and behold, the tears of those who were oppressed, and they had no comforter; and on the side of their oppressors there was power; but they had no comforter."
      },
      {
        "book_name": "Ecclesiastes",
        "book": 21,
        "chapter": 4,
        "verse": 2,
        "text": "Therefore I praised the dead who have been long dead more than the living who are yet alive."
      },
      {
        "book_name": "Ecclesiastes",
        "book": 21,
        "chapter": 4,
        "verse": 3,
        "text": "Yes, better than them both is him who has not yet been, who has not seen the evil work that is done under the sun."
      },
      {
        "book_name": "Ecclesiastes",
        "book": 21,
        "chapter": 4,
        "verse": 4,
        "text": "Then I saw all the labor and achievement that is the envy of a man’s neighbor. This also is vanity and a striving after wind."
      },
      {
        "book_name": "Ecclesiastes",
        "book": 21,
        "chapter": 4,
        "verse": 5,
        "text": "The fool folds his hands together and ruins himself."
      },
      {
        "book_name": "Ecclesiastes",
        "book": 21,
        "chapter": 4,
        "verse": 6,
        "text": "Better is a handful, with quietness, than two handfuls with labor and chasing after wind."
      },
      {
        "book_name": "Ecclesiastes",
        "book": 21,
        "chapter": 4,
        "verse": 7,
        "text": "Then I returned and saw vanity under the sun."
      },
      {
        "book_name": "Ecclesiastes",
        "book": 21,
        "chapter": 4,
        "verse": 8,
        "text": "There is one who is alone, and he has neither son nor brother. There is no end to all of his labor, neither are his eyes satisfied with wealth. “For whom then do I labor and deprive my soul of enjoyment?” This also is vanity. Yes, it is a miserable business."
      },
      {
        "book_name": "Ecclesiastes",
        "book": 21,
        "chapter": 4,
        "verse": 9,
        "text": "Two are better than one, because they have a good reward for their labor."
      },
      {
        "book_name": "Ecclesiastes",
        "book": 21,
        "chapter": 4,
        "verse": 10,
        "text": "For if they fall, the one will lift up his fellow; but woe to him who is alone when he falls, and doesn’t have another to lift him up."
      },
      {
        "book_name": "Ecclesiastes",
        "book": 21,
        "chapter": 4,
        "verse": 11,
        "text": "Again, if two lie together, then they have warmth; but how can one keep warm alone?"
      },
      {
        "book_name": "Ecclesiastes",
        "book": 21,
        "chapter": 4,
        "verse": 12,
        "text": "If a man prevails against one who is alone, two shall withstand him; and a threefold cord is not quickly broken."
      },
      {
        "book_name": "Ecclesiastes",
        "book": 21,
        "chapter": 4,
        "verse": 13,
        "text": "Better is a poor and wise youth than an old and foolish king who doesn’t know how to receive admonition any more."
      },
      {
        "book_name": "Ecclesiastes",
        "book": 21,
        "chapter": 4,
        "verse": 14,
        "text": "For out of prison he came out to be king; yes, even in his kingdom he was born poor."
      },
      {
        "book_name": "Ecclesiastes",
        "book": 21,
        "chapter": 4,
        "verse": 15,
        "text": "I saw all the living who walk under the sun, that they were with the youth, the other, who succeeded him."
      },
      {
        "book_name": "Ecclesiastes",
        "book": 21,
        "chapter": 4,
        "verse": 16,
        "text": "There was no end of all the people, even of all them over whom he was—yet those who come after shall not rejoice in him. Surely this also is vanity and a chasing after wind."
      }
    ],
    "5": [
      {
        "book_name": "Ecclesiastes",
        "book": 21,
        "chapter": 5,
        "verse": 1,
        "text": "1Guard your steps when you go to God’s house; for to draw near to listen is better than to give the sacrifice of fools, for they don’t know that they do evil. 2Don’t be rash with your mouth, and don’t let your heart be hasty to utter anything before God; for God is in heaven, and you on earth. Therefore let your words be few. 3For as a dream comes with a multitude of cares, so a fool’s speech with a multitude of words. 4When you vow a vow to God, don’t defer to pay it; for he has no pleasure in fools. Pay that which you vow. 5It is better that you should not vow, than that you should vow and not pay. 6Don’t allow your mouth to lead you into sin. Don’t protest before the messenger that this was a mistake. Why should God be angry at your voice, and destroy the work of your hands? 7For in the multitude of dreams there are vanities, as well as in many words; but you must fear God.  8If you see the oppression of the poor, and the violent taking away of justice and righteousness in a district, don’t marvel at the matter, for one official is eyed by a higher one, and there are officials over them. 9Moreover the profit of the earth is for all. The king profits from the field.  10He who loves silver shall not be satisfied with silver, nor he who loves abundance, with increase. This also is vanity. 11When goods increase, those who eat them are increased; and what advantage is there to its owner, except to feast on them with his eyes?  12The sleep of a laboring man is sweet, whether he eats little or much; but the abundance of the rich will not allow him to sleep.  13There is a grievous evil which I have seen under the sun: wealth kept by its owner to his harm. 14Those riches perish by misfortune, and if he has fathered a son, there is nothing in his hand. 15As he came out of his mother’s womb, naked shall he go again as he came, and shall take nothing for his labor, which he may carry away in his hand. 16This also is a grievous evil, that in all points as he came, so shall he go. And what profit does he have who labors for the wind? 17All his days he also eats in darkness, he is frustrated, and has sickness and wrath.  18Behold, that which I have seen to be good and proper is for one to eat and to drink, and to enjoy good in all his labor, in which he labors under the sun, all the days of his life which God has given him; for this is his portion. 19Every man also to whom God has given riches and wealth, and has given him power to eat of it, and to take his portion, and to rejoice in his labor—this is the gift of God. 20For he shall not often reflect on the days of his life, because God occupies him with the joy of his heart."
      },
      {
        "book_name": "Ecclesiastes",
        "book": 21,
        "chapter": 5,
        "verse": 1,
        "text": "Guard your steps when you go to God’s house; for to draw near to listen is better than to give the sacrifice of fools, for they don’t know that they do evil."
      },
      {
        "book_name": "Ecclesiastes",
        "book": 21,
        "chapter": 5,
        "verse": 2,
        "text": "Don’t be rash with your mouth, and don’t let your heart be hasty to utter anything before God; for God is in heaven, and you on earth. Therefore let your words be few."
      },
      {
        "book_name": "Ecclesiastes",
        "book": 21,
        "chapter": 5,
        "verse": 3,
        "text": "For as a dream comes with a multitude of cares, so a fool’s speech with a multitude of words."
      },
      {
        "book_name": "Ecclesiastes",
        "book": 21,
        "chapter": 5,
        "verse": 4,
        "text": "When you vow a vow to God, don’t defer to pay it; for he has no pleasure in fools. Pay that which you vow."
      },
      {
        "book_name": "Ecclesiastes",
        "book": 21,
        "chapter": 5,
        "verse": 5,
        "text": "It is better that you should not vow, than that you should vow and not pay."
      },
      {
        "book_name": "Ecclesiastes",
        "book": 21,
        "chapter": 5,
        "verse": 6,
        "text": "Don’t allow your mouth to lead you into sin. Don’t protest before the messenger that this was a mistake. Why should God be angry at your voice, and destroy the work of your hands?"
      },
      {
        "book_name": "Ecclesiastes",
        "book": 21,
        "chapter": 5,
        "verse": 7,
        "text": "For in the multitude of dreams there are vanities, as well as in many words; but you must fear God."
      },
      {
        "book_name": "Ecclesiastes",
        "book": 21,
        "chapter": 5,
        "verse": 8,
        "text": "If you see the oppression of the poor, and the violent taking away of justice and righteousness in a district, don’t marvel at the matter, for one official is eyed by a higher one, and there are officials over them."
      },
      {
        "book_name": "Ecclesiastes",
        "book": 21,
        "chapter": 5,
        "verse": 9,
        "text": "Moreover the profit of the earth is for all. The king profits from the field."
      },
      {
        "book_name": "Ecclesiastes",
        "book": 21,
        "chapter": 5,
        "verse": 10,
        "text": "He who loves silver shall not be satisfied with silver, nor he who loves abundance, with increase. This also is vanity."
      },
      {
        "book_name": "Ecclesiastes",
        "book": 21,
        "chapter": 5,
        "verse": 11,
        "text": "When goods increase, those who eat them are increased; and what advantage is there to its owner, except to feast on them with his eyes?"
      },
      {
        "book_name": "Ecclesiastes",
        "book": 21,
        "chapter": 5,
        "verse": 12,
        "text": "The sleep of a laboring man is sweet, whether he eats little or much; but the abundance of the rich will not allow him to sleep."
      },
      {
        "book_name": "Ecclesiastes",
        "book": 21,
        "chapter": 5,
        "verse": 13,
        "text": "There is a grievous evil which I have seen under the sun: wealth kept by its owner to his harm."
      },
      {
        "book_name": "Ecclesiastes",
        "book": 21,
        "chapter": 5,
        "verse": 14,
        "text": "Those riches perish by misfortune, and if he has fathered a son, there is nothing in his hand."
      },
      {
        "book_name": "Ecclesiastes",
        "book": 21,
        "chapter": 5,
        "verse": 15,
        "text": "As he came out of his mother’s womb, naked shall he go again as he came, and shall take nothing for his labor, which he may carry away in his hand."
      },
      {
        "book_name": "Ecclesiastes",
        "book": 21,
        "chapter": 5,
        "verse": 16,
        "text": "This also is a grievous evil, that in all points as he came, so shall he go. And what profit does he have who labors for the wind?"
      },
      {
        "book_name": "Ecclesiastes",
        "book": 21,
        "chapter": 5,
        "verse": 17,
        "text": "All his days he also eats in darkness, he is frustrated, and has sickness and wrath."
      },
      {
        "book_name": "Ecclesiastes",
        "book": 21,
        "chapter": 5,
        "verse": 18,
        "text": "Behold, that which I have seen to be good and proper is for one to eat and to drink, and to enjoy good in all his labor, in which he labors under the sun, all the days of his life which God has given him; for this is his portion."
      },
      {
        "book_name": "Ecclesiastes",
        "book": 21,
        "chapter": 5,
        "verse": 19,
        "text": "Every man also to whom God has given riches and wealth, and has given him power to eat of it, and to take his portion, and to rejoice in his labor—this is the gift of God."
      },
      {
        "book_name": "Ecclesiastes",
        "book": 21,
        "chapter": 5,
        "verse": 20,
        "text": "For he shall not often reflect on the days of his life, because God occupies him with the joy of his heart."
      }
    ],
    "6": [
      {
        "book_name": "Ecclesiastes",
        "book": 21,
        "chapter": 6,
        "verse": 1,
        "text": "1There is an evil which I have seen under the sun, and it is heavy on men: 2a man to whom God gives riches, wealth, and honor, so that he lacks nothing for his soul of all that he desires, yet God gives him no power to eat of it, but an alien eats it. This is vanity, and it is an evil disease.  3If a man fathers a hundred children, and lives many years, so that the days of his years are many, but his soul is not filled with good, and moreover he has no burial, I say that a stillborn child is better than he; 4for it comes in vanity, and departs in darkness, and its name is covered with darkness. 5Moreover it has not seen the sun nor known it. This has rest rather than the other. 6Yes, though he live a thousand years twice told, and yet fails to enjoy good, don’t all go to one place? 7All the labor of man is for his mouth, and yet the appetite is not filled. 8For what advantage has the wise more than the fool? What has the poor man, that knows how to walk before the living? 9Better is the sight of the eyes than the wandering of the desire. This also is vanity and a chasing after wind. 10Whatever has been, its name was given long ago; and it is known what man is; neither can he contend with him who is mightier than he. 11For there are many words that create vanity. What does that profit man? 12For who knows what is good for man in life, all the days of his vain life which he spends like a shadow? For who can tell a man what will be after him under the sun?"
      },
      {
        "book_name": "Ecclesiastes",
        "book": 21,
        "chapter": 6,
        "verse": 1,
        "text": "There is an evil which I have seen under the sun, and it is heavy on men:"
      },
      {
        "book_name": "Ecclesiastes",
        "book": 21,
        "chapter": 6,
        "verse": 2,
        "text": "a man to whom God gives riches, wealth, and honor, so that he lacks nothing for his soul of all that he desires, yet God gives him no power to eat of it, but an alien eats it. This is vanity, and it is an evil disease."
      },
      {
        "book_name": "Ecclesiastes",
        "book": 21,
        "chapter": 6,
        "verse": 3,
        "text": "If a man fathers a hundred children, and lives many years, so that the days of his years are many, but his soul is not filled with good, and moreover he has no burial, I say that a stillborn child is better than he;"
      },
      {
        "book_name": "Ecclesiastes",
        "book": 21,
        "chapter": 6,
        "verse": 4,
        "text": "for it comes in vanity, and departs in darkness, and its name is covered with darkness."
      },
      {
        "book_name": "Ecclesiastes",
        "book": 21,
        "chapter": 6,
        "verse": 5,
        "text": "Moreover it has not seen the sun nor known it. This has rest rather than the other."
      },
      {
        "book_name": "Ecclesiastes",
        "book": 21,
        "chapter": 6,
        "verse": 6,
        "text": "Yes, though he live a thousand years twice told, and yet fails to enjoy good, don’t all go to one place?"
      },
      {
        "book_name": "Ecclesiastes",
        "book": 21,
        "chapter": 6,
        "verse": 7,
        "text": "All the labor of man is for his mouth, and yet the appetite is not filled."
      },
      {
        "book_name": "Ecclesiastes",
        "book": 21,
        "chapter": 6,
        "verse": 8,
        "text": "For what advantage has the wise more than the fool? What has the poor man, that knows how to walk before the living?"
      },
      {
        "book_name": "Ecclesiastes",
        "book": 21,
        "chapter": 6,
        "verse": 9,
        "text": "Better is the sight of the eyes than the wandering of the desire. This also is vanity and a chasing after wind."
      },
      {
        "book_name": "Ecclesiastes",
        "book": 21,
        "chapter": 6,
        "verse": 10,
        "text": "Whatever has been, its name was given long ago; and it is known what man is; neither can he contend with him who is mightier than he."
      },
      {
        "book_name": "Ecclesiastes",
        "book": 21,
        "chapter": 6,
        "verse": 11,
        "text": "For there are many words that create vanity. What does that profit man?"
      },
      {
        "book_name": "Ecclesiastes",
        "book": 21,
        "chapter": 6,
        "verse": 12,
        "text": "For who knows what is good for man in life, all the days of his vain life which he spends like a shadow? For who can tell a man what will be after him under the sun?"
      }
    ],
    "7": [
      {
        "book_name": "Ecclesiastes",
        "book": 21,
        "chapter": 7,
        "verse": 1,
        "text": "1A good name is better than fine perfume; and the day of death better than the day of one’s birth. 2It is better to go to the house of mourning than to go to the house of feasting; for that is the end of all men, and the living should take this to heart. 3Sorrow is better than laughter; for by the sadness of the face the heart is made good. 4The heart of the wise is in the house of mourning; but the heart of fools is in the house of mirth. 5It is better to hear the rebuke of the wise than for a man to hear the song of fools. 6For as the crackling of thorns under a pot, so is the laughter of the fool. This also is vanity. 7Surely extortion makes the wise man foolish; and a bribe destroys the understanding. 8Better is the end of a thing than its beginning.The patient in spirit is better than the proud in spirit. 9Don’t be hasty in your spirit to be angry, for anger rests in the bosom of fools. 10Don’t say, “Why were the former days better than these?” For you do not ask wisely about this.  11Wisdom is as good as an inheritance. Yes, it is more excellent for those who see the sun. 12For wisdom is a defense, even as money is a defense; but the excellency of knowledge is that wisdom preserves the life of him who has it.  13Consider the work of God, for who can make that straight which he has made crooked? 14In the day of prosperity be joyful, and in the day of adversity consider; yes, God has made the one side by side with the other, to the end that man should not find out anything after him.  15All this I have seen in my days of vanity: there is a righteous man who perishes in his righteousness, and there is a wicked man who lives long in his evildoing. 16Don’t be overly righteous, neither make yourself overly wise. Why should you destroy yourself? 17Don’t be too wicked, neither be foolish. Why should you die before your time? 18It is good that you should take hold of this. Yes, also don’t withdraw your hand from that; for he who fears God will come out of them all. 19Wisdom is a strength to the wise man more than ten rulers who are in a city. 20Surely there is not a righteous man on earth who does good and doesn’t sin. 21Also don’t take heed to all words that are spoken, lest you hear your servant curse you; 22for often your own heart knows that you yourself have likewise cursed others. 23All this I have proved in wisdom. I said, “I will be wise;” but it was far from me. 24That which is, is far off and exceedingly deep. Who can find it out? 25I turned around, and my heart sought to know and to search out, and to seek wisdom and the scheme of things, and to know that wickedness is stupidity, and that foolishness is madness.  26I find more bitter than death the woman whose heart is snares and traps, whose hands are chains. Whoever pleases God shall escape from her; but the sinner will be ensnared by her.  27“Behold, I have found this,” says the Preacher, “to one another, to find an explanation 28which my soul still seeks, but I have not found. I have found one man among a thousand, but I have not found a woman among all those. 29Behold, I have only found this: that God made mankind upright; but they search for many inventions.”"
      },
      {
        "book_name": "Ecclesiastes",
        "book": 21,
        "chapter": 7,
        "verse": 1,
        "text": "A good name is better than fine perfume; and the day of death better than the day of one’s birth."
      },
      {
        "book_name": "Ecclesiastes",
        "book": 21,
        "chapter": 7,
        "verse": 2,
        "text": "It is better to go to the house of mourning than to go to the house of feasting; for that is the end of all men, and the living should take this to heart."
      },
      {
        "book_name": "Ecclesiastes",
        "book": 21,
        "chapter": 7,
        "verse": 3,
        "text": "Sorrow is better than laughter; for by the sadness of the face the heart is made good."
      },
      {
        "book_name": "Ecclesiastes",
        "book": 21,
        "chapter": 7,
        "verse": 4,
        "text": "The heart of the wise is in the house of mourning; but the heart of fools is in the house of mirth."
      },
      {
        "book_name": "Ecclesiastes",
        "book": 21,
        "chapter": 7,
        "verse": 5,
        "text": "It is better to hear the rebuke of the wise than for a man to hear the song of fools."
      },
      {
        "book_name": "Ecclesiastes",
        "book": 21,
        "chapter": 7,
        "verse": 6,
        "text": "For as the crackling of thorns under a pot, so is the laughter of the fool. This also is vanity."
      },
      {
        "book_name": "Ecclesiastes",
        "book": 21,
        "chapter": 7,
        "verse": 7,
        "text": "Surely extortion makes the wise man foolish; and a bribe destroys the understanding."
      },
      {
        "book_name": "Ecclesiastes",
        "book": 21,
        "chapter": 7,
        "verse": 8,
        "text": "Better is the end of a thing than its beginning."
      },
      {
        "book_name": "Ecclesiastes",
        "book": 21,
        "chapter": 7,
        "verse": 8,
        "text": "The patient in spirit is better than the proud in spirit."
      },
      {
        "book_name": "Ecclesiastes",
        "book": 21,
        "chapter": 7,
        "verse": 9,
        "text": "Don’t be hasty in your spirit to be angry, for anger rests in the bosom of fools."
      },
      {
        "book_name": "Ecclesiastes",
        "book": 21,
        "chapter": 7,
        "verse": 10,
        "text": "Don’t say, “Why were the former days better than these?” For you do not ask wisely about this."
      },
      {
        "book_name": "Ecclesiastes",
        "book": 21,
        "chapter": 7,
        "verse": 11,
        "text": "Wisdom is as good as an inheritance. Yes, it is more excellent for those who see the sun."
      },
      {
        "book_name": "Ecclesiastes",
        "book": 21,
        "chapter": 7,
        "verse": 12,
        "text": "For wisdom is a defense, even as money is a defense; but the excellency of knowledge is that wisdom preserves the life of him who has it."
      },
      {
        "book_name": "Ecclesiastes",
        "book": 21,
        "chapter": 7,
        "verse": 13,
        "text": "Consider the work of God, for who can make that straight which he has made crooked?"
      },
      {
        "book_name": "Ecclesiastes",
        "book": 21,
        "chapter": 7,
        "verse": 14,
        "text": "In the day of prosperity be joyful, and in the day of adversity consider; yes, God has made the one side by side with the other, to the end that man should not find out anything after him."
      },
      {
        "book_name": "Ecclesiastes",
        "book": 21,
        "chapter": 7,
        "verse": 15,
        "text": "All this I have seen in my days of vanity: there is a righteous man who perishes in his righteousness, and there is a wicked man who lives long in his evildoing."
      },
      {
        "book_name": "Ecclesiastes",
        "book": 21,
        "chapter": 7,
        "verse": 16,
        "text": "Don’t be overly righteous, neither make yourself overly wise. Why should you destroy yourself?"
      },
      {
        "book_name": "Ecclesiastes",
        "book": 21,
        "chapter": 7,
        "verse": 17,
        "text": "Don’t be too wicked, neither be foolish. Why should you die before your time?"
      },
      {
        "book_name": "Ecclesiastes",
        "book": 21,
        "chapter": 7,
        "verse": 18,
        "text": "It is good that you should take hold of this. Yes, also don’t withdraw your hand from that; for he who fears God will come out of them all."
      },
      {
        "book_name": "Ecclesiastes",
        "book": 21,
        "chapter": 7,
        "verse": 19,
        "text": "Wisdom is a strength to the wise man more than ten rulers who are in a city."
      },
      {
        "book_name": "Ecclesiastes",
        "book": 21,
        "chapter": 7,
        "verse": 20,
        "text": "Surely there is not a righteous man on earth who does good and doesn’t sin."
      },
      {
        "book_name": "Ecclesiastes",
        "book": 21,
        "chapter": 7,
        "verse": 21,
        "text": "Also don’t take heed to all words that are spoken, lest you hear your servant curse you;"
      },
      {
        "book_name": "Ecclesiastes",
        "book": 21,
        "chapter": 7,
        "verse": 22,
        "text": "for often your own heart knows that you yourself have likewise cursed others."
      },
      {
        "book_name": "Ecclesiastes",
        "book": 21,
        "chapter": 7,
        "verse": 23,
        "text": "All this I have proved in wisdom. I said, “I will be wise;” but it was far from me."
      },
      {
        "book_name": "Ecclesiastes",
        "book": 21,
        "chapter": 7,
        "verse": 24,
        "text": "That which is, is far off and exceedingly deep. Who can find it out?"
      },
      {
        "book_name": "Ecclesiastes",
        "book": 21,
        "chapter": 7,
        "verse": 25,
        "text": "I turned around, and my heart sought to know and to search out, and to seek wisdom and the scheme of things, and to know that wickedness is stupidity, and that foolishness is madness."
      },
      {
        "book_name": "Ecclesiastes",
        "book": 21,
        "chapter": 7,
        "verse": 26,
        "text": "I find more bitter than death the woman whose heart is snares and traps, whose hands are chains. Whoever pleases God shall escape from her; but the sinner will be ensnared by her."
      },
      {
        "book_name": "Ecclesiastes",
        "book": 21,
        "chapter": 7,
        "verse": 27,
        "text": "“Behold, I have found this,” says the Preacher, “to one another, to find an explanation"
      },
      {
        "book_name": "Ecclesiastes",
        "book": 21,
        "chapter": 7,
        "verse": 28,
        "text": "which my soul still seeks, but I have not found. I have found one man among a thousand, but I have not found a woman among all those."
      },
      {
        "book_name": "Ecclesiastes",
        "book": 21,
        "chapter": 7,
        "verse": 29,
        "text": "Behold, I have only found this: that God made mankind upright; but they search for many inventions.”"
      }
    ],
    "8": [
      {
        "book_name": "Ecclesiastes",
        "book": 21,
        "chapter": 8,
        "verse": 1,
        "text": "1Who is like the wise man? And who knows the interpretation of a thing? A man’s wisdom makes his face shine, and the hardness of his face is changed.  2I say, “Keep the king’s command!” because of the oath to God. 3Don’t be hasty to go out of his presence. Don’t persist in an evil thing, for he does whatever pleases him, 4for the king’s word is supreme. Who can say to him, “What are you doing?” 5Whoever keeps the commandment shall not come to harm, and his wise heart will know the time and procedure. 6For there is a time and procedure for every purpose, although the misery of man is heavy on him. 7For he doesn’t know that which will be; for who can tell him how it will be? 8There is no man who has power over the spirit to contain the spirit; neither does he have power over the day of death. There is no discharge in war; neither shall wickedness deliver those who practice it.  9All this I have seen, and applied my mind to every work that is done under the sun. There is a time in which one man has power over another to his hurt. 10So I saw the wicked buried. Indeed they came also from holiness. They went and were forgotten in the city where they did this. This also is vanity. 11Because sentence against an evil work is not executed speedily, therefore the heart of the sons of men is fully set in them to do evil. 12Though a sinner commits crimes a hundred times, and lives long, yet surely I know that it will be better with those who fear God, who are reverent before him. 13But it shall not be well with the wicked, neither shall he lengthen days like a shadow, because he doesn’t fear God.  14There is a vanity which is done on the earth, that there are righteous men to whom it happens according to the work of the wicked. Again, there are wicked men to whom it happens according to the work of the righteous. I said that this also is vanity. 15Then I commended mirth, because a man has no better thing under the sun than to eat, to drink, and to be joyful: for that will accompany him in his labor all the days of his life which God has given him under the sun.  16When I applied my heart to know wisdom, and to see the business that is done on the earth (even though eyes see no sleep day or night), 17then I saw all the work of God, that man can’t find out the work that is done under the sun, because however much a man labors to seek it out, yet he won’t find it. Yes even though a wise man thinks he can comprehend it, he won’t be able to find it."
      },
      {
        "book_name": "Ecclesiastes",
        "book": 21,
        "chapter": 8,
        "verse": 1,
        "text": "Who is like the wise man? And who knows the interpretation of a thing? A man’s wisdom makes his face shine, and the hardness of his face is changed."
      },
      {
        "book_name": "Ecclesiastes",
        "book": 21,
        "chapter": 8,
        "verse": 2,
        "text": "I say, “Keep the king’s command!” because of the oath to God."
      },
      {
        "book_name": "Ecclesiastes",
        "book": 21,
        "chapter": 8,
        "verse": 3,
        "text": "Don’t be hasty to go out of his presence. Don’t persist in an evil thing, for he does whatever pleases him,"
      },
      {
        "book_name": "Ecclesiastes",
        "book": 21,
        "chapter": 8,
        "verse": 4,
        "text": "for the king’s word is supreme. Who can say to him, “What are you doing?”"
      },
      {
        "book_name": "Ecclesiastes",
        "book": 21,
        "chapter": 8,
        "verse": 5,
        "text": "Whoever keeps the commandment shall not come to harm, and his wise heart will know the time and procedure."
      },
      {
        "book_name": "Ecclesiastes",
        "book": 21,
        "chapter": 8,
        "verse": 6,
        "text": "For there is a time and procedure for every purpose, although the misery of man is heavy on him."
      },
      {
        "book_name": "Ecclesiastes",
        "book": 21,
        "chapter": 8,
        "verse": 7,
        "text": "For he doesn’t know that which will be; for who can tell him how it will be?"
      },
      {
        "book_name": "Ecclesiastes",
        "book": 21,
        "chapter": 8,
        "verse": 8,
        "text": "There is no man who has power over the spirit to contain the spirit; neither does he have power over the day of death. There is no discharge in war; neither shall wickedness deliver those who practice it."
      },
      {
        "book_name": "Ecclesiastes",
        "book": 21,
        "chapter": 8,
        "verse": 9,
        "text": "All this I have seen, and applied my mind to every work that is done under the sun. There is a time in which one man has power over another to his hurt."
      },
      {
        "book_name": "Ecclesiastes",
        "book": 21,
        "chapter": 8,
        "verse": 10,
        "text": "So I saw the wicked buried. Indeed they came also from holiness. They went and were forgotten in the city where they did this. This also is vanity."
      },
      {
        "book_name": "Ecclesiastes",
        "book": 21,
        "chapter": 8,
        "verse": 11,
        "text": "Because sentence against an evil work is not executed speedily, therefore the heart of the sons of men is fully set in them to do evil."
      },
      {
        "book_name": "Ecclesiastes",
        "book": 21,
        "chapter": 8,
        "verse": 12,
        "text": "Though a sinner commits crimes a hundred times, and lives long, yet surely I know that it will be better with those who fear God, who are reverent before him."
      },
      {
        "book_name": "Ecclesiastes",
        "book": 21,
        "chapter": 8,
        "verse": 13,
        "text": "But it shall not be well with the wicked, neither shall he lengthen days like a shadow, because he doesn’t fear God."
      },
      {
        "book_name": "Ecclesiastes",
        "book": 21,
        "chapter": 8,
        "verse": 14,
        "text": "There is a vanity which is done on the earth, that there are righteous men to whom it happens according to the work of the wicked. Again, there are wicked men to whom it happens according to the work of the righteous. I said that this also is vanity."
      },
      {
        "book_name": "Ecclesiastes",
        "book": 21,
        "chapter": 8,
        "verse": 15,
        "text": "Then I commended mirth, because a man has no better thing under the sun than to eat, to drink, and to be joyful: for that will accompany him in his labor all the days of his life which God has given him under the sun."
      },
      {
        "book_name": "Ecclesiastes",
        "book": 21,
        "chapter": 8,
        "verse": 16,
        "text": "When I applied my heart to know wisdom, and to see the business that is done on the earth (even though eyes see no sleep day or night),"
      },
      {
        "book_name": "Ecclesiastes",
        "book": 21,
        "chapter": 8,
        "verse": 17,
        "text": "then I saw all the work of God, that man can’t find out the work that is done under the sun, because however much a man labors to seek it out, yet he won’t find it. Yes even though a wise man thinks he can comprehend it, he won’t be able to find it."
      }
    ],
    "9": [
      {
        "book_name": "Ecclesiastes",
        "book": 21,
        "chapter": 9,
        "verse": 1,
        "text": "1For all this I laid to my heart, even to explore all this: that the righteous, and the wise, and their works, are in the hand of God; whether it is love or hatred, man doesn’t know it; all is before them. 2All things come alike to all. There is one event to the righteous and to the wicked; to the good, to the clean, to the unclean, to him who sacrifices, and to him who doesn’t sacrifice. As is the good, so is the sinner; he who takes an oath, as he who fears an oath. 3This is an evil in all that is done under the sun, that there is one event to all. Yes also, the heart of the sons of men is full of evil, and madness is in their heart while they live, and after that they go to the dead. 4For to him who is joined with all the living there is hope; for a living dog is better than a dead lion. 5For the living know that they will die, but the dead don’t know anything, neither do they have any more a reward; for their memory is forgotten. 6Also their love, their hatred, and their envy has perished long ago; neither do they any longer have a portion forever in anything that is done under the sun.  7Go your way—eat your bread with joy, and drink your wine with a merry heart; for God has already accepted your works. 8Let your garments be always white, and don’t let your head lack oil. 9Live joyfully with the wife whom you love all the days of your life of vanity, which he has given you under the sun, all your days of vanity, for that is your portion in life, and in your labor in which you labor under the sun. 10Whatever your hand finds to do, do it with your might; for there is no work, nor plan, nor knowledge, nor wisdom, in Sheol,#9:10 Sheol is the place of the dead. where you are going.  11I returned and saw under the sun that the race is not to the swift, nor the battle to the strong, neither yet bread to the wise, nor yet riches to men of understanding, nor yet favor to men of skill; but time and chance happen to them all. 12For man also doesn’t know his time. As the fish that are taken in an evil net, and as the birds that are caught in the snare, even so are the sons of men snared in an evil time, when it falls suddenly on them.  13I have also seen wisdom under the sun in this way, and it seemed great to me. 14There was a little city, and few men within it; and a great king came against it, besieged it, and built great bulwarks against it. 15Now a poor wise man was found in it, and he by his wisdom delivered the city; yet no man remembered that same poor man. 16Then I said, “Wisdom is better than strength.” Nevertheless the poor man’s wisdom is despised, and his words are not heard. 17The words of the wise heard in quiet are better than the cry of him who rules among fools. 18Wisdom is better than weapons of war; but one sinner destroys much good."
      },
      {
        "book_name": "Ecclesiastes",
        "book": 21,
        "chapter": 9,
        "verse": 1,
        "text": "For all this I laid to my heart, even to explore all this: that the righteous, and the wise, and their works, are in the hand of God; whether it is love or hatred, man doesn’t know it; all is before them."
      },
      {
        "book_name": "Ecclesiastes",
        "book": 21,
        "chapter": 9,
        "verse": 2,
        "text": "All things come alike to all. There is one event to the righteous and to the wicked; to the good, to the clean, to the unclean, to him who sacrifices, and to him who doesn’t sacrifice. As is the good, so is the sinner; he who takes an oath, as he who fears an oath."
      },
      {
        "book_name": "Ecclesiastes",
        "book": 21,
        "chapter": 9,
        "verse": 3,
        "text": "This is an evil in all that is done under the sun, that there is one event to all. Yes also, the heart of the sons of men is full of evil, and madness is in their heart while they live, and after that they go to the dead."
      },
      {
        "book_name": "Ecclesiastes",
        "book": 21,
        "chapter": 9,
        "verse": 4,
        "text": "For to him who is joined with all the living there is hope; for a living dog is better than a dead lion."
      },
      {
        "book_name": "Ecclesiastes",
        "book": 21,
        "chapter": 9,
        "verse": 5,
        "text": "For the living know that they will die, but the dead don’t know anything, neither do they have any more a reward; for their memory is forgotten."
      },
      {
        "book_name": "Ecclesiastes",
        "book": 21,
        "chapter": 9,
        "verse": 6,
        "text": "Also their love, their hatred, and their envy has perished long ago; neither do they any longer have a portion forever in anything that is done under the sun."
      },
      {
        "book_name": "Ecclesiastes",
        "book": 21,
        "chapter": 9,
        "verse": 7,
        "text": "Go your way—eat your bread with joy, and drink your wine with a merry heart; for God has already accepted your works."
      },
      {
        "book_name": "Ecclesiastes",
        "book": 21,
        "chapter": 9,
        "verse": 8,
        "text": "Let your garments be always white, and don’t let your head lack oil."
      },
      {
        "book_name": "Ecclesiastes",
        "book": 21,
        "chapter": 9,
        "verse": 9,
        "text": "Live joyfully with the wife whom you love all the days of your life of vanity, which he has given you under the sun, all your days of vanity, for that is your portion in life, and in your labor in which you labor under the sun."
      },
      {
        "book_name": "Ecclesiastes",
        "book": 21,
        "chapter": 9,
        "verse": 10,
        "text": "Whatever your hand finds to do, do it with your might; for there is no work, nor plan, nor knowledge, nor wisdom, in Sheol,#9:10 Sheol is the place of the dead. where you are going."
      },
      {
        "book_name": "Ecclesiastes",
        "book": 21,
        "chapter": 9,
        "verse": 11,
        "text": "I returned and saw under the sun that the race is not to the swift, nor the battle to the strong, neither yet bread to the wise, nor yet riches to men of understanding, nor yet favor to men of skill; but time and chance happen to them all."
      },
      {
        "book_name": "Ecclesiastes",
        "book": 21,
        "chapter": 9,
        "verse": 12,
        "text": "For man also doesn’t know his time. As the fish that are taken in an evil net, and as the birds that are caught in the snare, even so are the sons of men snared in an evil time, when it falls suddenly on them."
      },
      {
        "book_name": "Ecclesiastes",
        "book": 21,
        "chapter": 9,
        "verse": 13,
        "text": "I have also seen wisdom under the sun in this way, and it seemed great to me."
      },
      {
        "book_name": "Ecclesiastes",
        "book": 21,
        "chapter": 9,
        "verse": 14,
        "text": "There was a little city, and few men within it; and a great king came against it, besieged it, and built great bulwarks against it."
      },
      {
        "book_name": "Ecclesiastes",
        "book": 21,
        "chapter": 9,
        "verse": 15,
        "text": "Now a poor wise man was found in it, and he by his wisdom delivered the city; yet no man remembered that same poor man."
      },
      {
        "book_name": "Ecclesiastes",
        "book": 21,
        "chapter": 9,
        "verse": 16,
        "text": "Then I said, “Wisdom is better than strength.” Nevertheless the poor man’s wisdom is despised, and his words are not heard."
      },
      {
        "book_name": "Ecclesiastes",
        "book": 21,
        "chapter": 9,
        "verse": 17,
        "text": "The words of the wise heard in quiet are better than the cry of him who rules among fools."
      },
      {
        "book_name": "Ecclesiastes",
        "book": 21,
        "chapter": 9,
        "verse": 18,
        "text": "Wisdom is better than weapons of war; but one sinner destroys much good."
      }
    ],
    "10": [
      {
        "book_name": "Ecclesiastes",
        "book": 21,
        "chapter": 10,
        "verse": 1,
        "text": "1Dead flies cause the oil of the perfumer to produce an evil odor;so does a little folly outweigh wisdom and honor.  2A wise man’s heart is at his right hand,but a fool’s heart at his left. 3Yes also when the fool walks by the way, his understanding fails him, and he says to everyone that he is a fool. 4If the spirit of the ruler rises up against you, don’t leave your place; for gentleness lays great offenses to rest.  5There is an evil which I have seen under the sun, the sort of error which proceeds from the ruler. 6Folly is set in great dignity, and the rich sit in a low place. 7I have seen servants on horses, and princes walking like servants on the earth. 8He who digs a pit may fall into it; and whoever breaks through a wall may be bitten by a snake. 9Whoever carves out stones may be injured by them. Whoever splits wood may be endangered by it. 10If the ax is blunt, and one doesn’t sharpen the edge, then he must use more strength; but skill brings success.  11If the snake bites before it is charmed, then is there no profit for the charmer’s tongue. 12The words of a wise man’s mouth are gracious; but a fool is swallowed by his own lips. 13The beginning of the words of his mouth is foolishness; and the end of his talk is mischievous madness. 14A fool also multiplies words.Man doesn’t know what will be; and that which will be after him, who can tell him? 15The labor of fools wearies every one of them; for he doesn’t know how to go to the city.  16Woe to you, land, when your king is a child,and your princes eat in the morning!  17Happy are you, land, when your king is the son of nobles,and your princes eat in due season,for strength, and not for drunkenness!  18By slothfulness the roof sinks in;and through idleness of the hands the house leaks.  19A feast is made for laughter,and wine makes the life glad;and money is the answer for all things.  20Don’t curse the king, no, not in your thoughts;and don’t curse the rich in your bedroom,for a bird of the sky may carry your voice,and that which has wings may tell the matter."
      },
      {
        "book_name": "Ecclesiastes",
        "book": 21,
        "chapter": 10,
        "verse": 1,
        "text": "Dead flies cause the oil of the perfumer to produce an evil odor;"
      },
      {
        "book_name": "Ecclesiastes",
        "book": 21,
        "chapter": 10,
        "verse": 1,
        "text": "so does a little folly outweigh wisdom and honor."
      },
      {
        "book_name": "Ecclesiastes",
        "book": 21,
        "chapter": 10,
        "verse": 2,
        "text": "A wise man’s heart is at his right hand,"
      },
      {
        "book_name": "Ecclesiastes",
        "book": 21,
        "chapter": 10,
        "verse": 2,
        "text": "but a fool’s heart at his left."
      },
      {
        "book_name": "Ecclesiastes",
        "book": 21,
        "chapter": 10,
        "verse": 3,
        "text": "Yes also when the fool walks by the way, his understanding fails him, and he says to everyone that he is a fool."
      },
      {
        "book_name": "Ecclesiastes",
        "book": 21,
        "chapter": 10,
        "verse": 4,
        "text": "If the spirit of the ruler rises up against you, don’t leave your place; for gentleness lays great offenses to rest."
      },
      {
        "book_name": "Ecclesiastes",
        "book": 21,
        "chapter": 10,
        "verse": 5,
        "text": "There is an evil which I have seen under the sun, the sort of error which proceeds from the ruler."
      },
      {
        "book_name": "Ecclesiastes",
        "book": 21,
        "chapter": 10,
        "verse": 6,
        "text": "Folly is set in great dignity, and the rich sit in a low place."
      },
      {
        "book_name": "Ecclesiastes",
        "book": 21,
        "chapter": 10,
        "verse": 7,
        "text": "I have seen servants on horses, and princes walking like servants on the earth."
      },
      {
        "book_name": "Ecclesiastes",
        "book": 21,
        "chapter": 10,
        "verse": 8,
        "text": "He who digs a pit may fall into it; and whoever breaks through a wall may be bitten by a snake."
      },
      {
        "book_name": "Ecclesiastes",
        "book": 21,
        "chapter": 10,
        "verse": 9,
        "text": "Whoever carves out stones may be injured by them. Whoever splits wood may be endangered by it."
      },
      {
        "book_name": "Ecclesiastes",
        "book": 21,
        "chapter": 10,
        "verse": 10,
        "text": "If the ax is blunt, and one doesn’t sharpen the edge, then he must use more strength; but skill brings success."
      },
      {
        "book_name": "Ecclesiastes",
        "book": 21,
        "chapter": 10,
        "verse": 11,
        "text": "If the snake bites before it is charmed, then is there no profit for the charmer’s tongue."
      },
      {
        "book_name": "Ecclesiastes",
        "book": 21,
        "chapter": 10,
        "verse": 12,
        "text": "The words of a wise man’s mouth are gracious; but a fool is swallowed by his own lips."
      },
      {
        "book_name": "Ecclesiastes",
        "book": 21,
        "chapter": 10,
        "verse": 13,
        "text": "The beginning of the words of his mouth is foolishness; and the end of his talk is mischievous madness."
      },
      {
        "book_name": "Ecclesiastes",
        "book": 21,
        "chapter": 10,
        "verse": 14,
        "text": "A fool also multiplies words."
      },
      {
        "book_name": "Ecclesiastes",
        "book": 21,
        "chapter": 10,
        "verse": 14,
        "text": "Man doesn’t know what will be; and that which will be after him, who can tell him?"
      },
      {
        "book_name": "Ecclesiastes",
        "book": 21,
        "chapter": 10,
        "verse": 15,
        "text": "The labor of fools wearies every one of them; for he doesn’t know how to go to the city."
      },
      {
        "book_name": "Ecclesiastes",
        "book": 21,
        "chapter": 10,
        "verse": 16,
        "text": "Woe to you, land, when your king is a child,"
      },
      {
        "book_name": "Ecclesiastes",
        "book": 21,
        "chapter": 10,
        "verse": 16,
        "text": "and your princes eat in the morning!"
      },
      {
        "book_name": "Ecclesiastes",
        "book": 21,
        "chapter": 10,
        "verse": 17,
        "text": "Happy are you, land, when your king is the son of nobles,"
      },
      {
        "book_name": "Ecclesiastes",
        "book": 21,
        "chapter": 10,
        "verse": 17,
        "text": "and your princes eat in due season,"
      },
      {
        "book_name": "Ecclesiastes",
        "book": 21,
        "chapter": 10,
        "verse": 17,
        "text": "for strength, and not for drunkenness!"
      },
      {
        "book_name": "Ecclesiastes",
        "book": 21,
        "chapter": 10,
        "verse": 18,
        "text": "By slothfulness the roof sinks in;"
      },
      {
        "book_name": "Ecclesiastes",
        "book": 21,
        "chapter": 10,
        "verse": 18,
        "text": "and through idleness of the hands the house leaks."
      },
      {
        "book_name": "Ecclesiastes",
        "book": 21,
        "chapter": 10,
        "verse": 19,
        "text": "A feast is made for laughter,"
      },
      {
        "book_name": "Ecclesiastes",
        "book": 21,
        "chapter": 10,
        "verse": 19,
        "text": "and wine makes the life glad;"
      },
      {
        "book_name": "Ecclesiastes",
        "book": 21,
        "chapter": 10,
        "verse": 19,
        "text": "and money is the answer for all things."
      },
      {
        "book_name": "Ecclesiastes",
        "book": 21,
        "chapter": 10,
        "verse": 20,
        "text": "Don’t curse the king, no, not in your thoughts;"
      },
      {
        "book_name": "Ecclesiastes",
        "book": 21,
        "chapter": 10,
        "verse": 20,
        "text": "and don’t curse the rich in your bedroom,"
      },
      {
        "book_name": "Ecclesiastes",
        "book": 21,
        "chapter": 10,
        "verse": 20,
        "text": "for a bird of the sky may carry your voice,"
      },
      {
        "book_name": "Ecclesiastes",
        "book": 21,
        "chapter": 10,
        "verse": 20,
        "text": "and that which has wings may tell the matter."
      }
    ],
    "11": [
      {
        "book_name": "Ecclesiastes",
        "book": 21,
        "chapter": 11,
        "verse": 1,
        "text": "1Cast your bread on the waters;for you shall find it after many days.  2Give a portion to seven, yes, even to eight;for you don’t know what evil will be on the earth.  3If the clouds are full of rain, they empty themselves on the earth;and if a tree falls toward the south, or toward the north,in the place where the tree falls, there shall it be.  4He who observes the wind won’t sow;and he who regards the clouds won’t reap.  5As you don’t know what is the way of the wind,nor how the bones grow in the womb of her who is with child;even so you don’t know the work of God who does all.  6In the morning sow your seed,and in the evening don’t withhold your hand;for you don’t know which will prosper, whether this or that,or whether they both will be equally good.  7Truly the light is sweet,and it is a pleasant thing for the eyes to see the sun.  8Yes, if a man lives many years, let him rejoice in them all;but let him remember the days of darkness, for they shall be many.All that comes is vanity.  9Rejoice, young man, in your youth,and let your heart cheer you in the days of your youth,and walk in the ways of your heart,and in the sight of your eyes;but know that for all these things God will bring you into judgment.  10Therefore remove sorrow from your heart,and put away evil from your flesh;for youth and the dawn of life are vanity."
      },
      {
        "book_name": "Ecclesiastes",
        "book": 21,
        "chapter": 11,
        "verse": 1,
        "text": "Cast your bread on the waters;"
      },
      {
        "book_name": "Ecclesiastes",
        "book": 21,
        "chapter": 11,
        "verse": 1,
        "text": "for you shall find it after many days."
      },
      {
        "book_name": "Ecclesiastes",
        "book": 21,
        "chapter": 11,
        "verse": 2,
        "text": "Give a portion to seven, yes, even to eight;"
      },
      {
        "book_name": "Ecclesiastes",
        "book": 21,
        "chapter": 11,
        "verse": 2,
        "text": "for you don’t know what evil will be on the earth."
      },
      {
        "book_name": "Ecclesiastes",
        "book": 21,
        "chapter": 11,
        "verse": 3,
        "text": "If the clouds are full of rain, they empty themselves on the earth;"
      },
      {
        "book_name": "Ecclesiastes",
        "book": 21,
        "chapter": 11,
        "verse": 3,
        "text": "and if a tree falls toward the south, or toward the north,"
      },
      {
        "book_name": "Ecclesiastes",
        "book": 21,
        "chapter": 11,
        "verse": 3,
        "text": "in the place where the tree falls, there shall it be."
      },
      {
        "book_name": "Ecclesiastes",
        "book": 21,
        "chapter": 11,
        "verse": 4,
        "text": "He who observes the wind won’t sow;"
      },
      {
        "book_name": "Ecclesiastes",
        "book": 21,
        "chapter": 11,
        "verse": 4,
        "text": "and he who regards the clouds won’t reap."
      },
      {
        "book_name": "Ecclesiastes",
        "book": 21,
        "chapter": 11,
        "verse": 5,
        "text": "As you don’t know what is the way of the wind,"
      },
      {
        "book_name": "Ecclesiastes",
        "book": 21,
        "chapter": 11,
        "verse": 5,
        "text": "nor how the bones grow in the womb of her who is with child;"
      },
      {
        "book_name": "Ecclesiastes",
        "book": 21,
        "chapter": 11,
        "verse": 5,
        "text": "even so you don’t know the work of God who does all."
      },
      {
        "book_name": "Ecclesiastes",
        "book": 21,
        "chapter": 11,
        "verse": 6,
        "text": "In the morning sow your seed,"
      },
      {
        "book_name": "Ecclesiastes",
        "book": 21,
        "chapter": 11,
        "verse": 6,
        "text": "and in the evening don’t withhold your hand;"
      },
      {
        "book_name": "Ecclesiastes",
        "book": 21,
        "chapter": 11,
        "verse": 6,
        "text": "for you don’t know which will prosper, whether this or that,"
      },
      {
        "book_name": "Ecclesiastes",
        "book": 21,
        "chapter": 11,
        "verse": 6,
        "text": "or whether they both will be equally good."
      },
      {
        "book_name": "Ecclesiastes",
        "book": 21,
        "chapter": 11,
        "verse": 7,
        "text": "Truly the light is sweet,"
      },
      {
        "book_name": "Ecclesiastes",
        "book": 21,
        "chapter": 11,
        "verse": 7,
        "text": "and it is a pleasant thing for the eyes to see the sun."
      },
      {
        "book_name": "Ecclesiastes",
        "book": 21,
        "chapter": 11,
        "verse": 8,
        "text": "Yes, if a man lives many years, let him rejoice in them all;"
      },
      {
        "book_name": "Ecclesiastes",
        "book": 21,
        "chapter": 11,
        "verse": 8,
        "text": "but let him remember the days of darkness, for they shall be many."
      },
      {
        "book_name": "Ecclesiastes",
        "book": 21,
        "chapter": 11,
        "verse": 8,
        "text": "All that comes is vanity."
      },
      {
        "book_name": "Ecclesiastes",
        "book": 21,
        "chapter": 11,
        "verse": 9,
        "text": "Rejoice, young man, in your youth,"
      },
      {
        "book_name": "Ecclesiastes",
        "book": 21,
        "chapter": 11,
        "verse": 9,
        "text": "and let your heart cheer you in the days of your youth,"
      },
      {
        "book_name": "Ecclesiastes",
        "book": 21,
        "chapter": 11,
        "verse": 9,
        "text": "and walk in the ways of your heart,"
      },
      {
        "book_name": "Ecclesiastes",
        "book": 21,
        "chapter": 11,
        "verse": 9,
        "text": "and in the sight of your eyes;"
      },
      {
        "book_name": "Ecclesiastes",
        "book": 21,
        "chapter": 11,
        "verse": 9,
        "text": "but know that for all these things God will bring you into judgment."
      },
      {
        "book_name": "Ecclesiastes",
        "book": 21,
        "chapter": 11,
        "verse": 10,
        "text": "Therefore remove sorrow from your heart,"
      },
      {
        "book_name": "Ecclesiastes",
        "book": 21,
        "chapter": 11,
        "verse": 10,
        "text": "and put away evil from your flesh;"
      },
      {
        "book_name": "Ecclesiastes",
        "book": 21,
        "chapter": 11,
        "verse": 10,
        "text": "for youth and the dawn of life are vanity."
      }
    ],
    "12": [
      {
        "book_name": "Ecclesiastes",
        "book": 21,
        "chapter": 12,
        "verse": 1,
        "text": "1Remember also your Creator in the days of your youth,before the evil days come, and the years draw near,when you will say, “I have no pleasure in them;”  2Before the sun, the light, the moon, and the stars are darkened,and the clouds return after the rain;  3in the day when the keepers of the house shall tremble,and the strong men shall bow themselves,and the grinders cease because they are few,and those who look out of the windows are darkened,  4and the doors shall be shut in the street;when the sound of the grinding is low,and one shall rise up at the voice of a bird,and all the daughters of music shall be brought low;  5yes, they shall be afraid of heights,and terrors will be on the way;and the almond tree shall blossom,and the grasshopper shall be a burden,and desire shall fail;because man goes to his everlasting home,and the mourners go about the streets;  6before the silver cord is severed,or the golden bowl is broken,or the pitcher is broken at the spring,or the wheel broken at the cistern,  7and the dust returns to the earth as it was,and the spirit returns to God who gave it.  8“Vanity of vanities,” says the Preacher.“All is vanity!”  9Further, because the Preacher was wise, he still taught the people knowledge. Yes, he pondered, sought out, and set in order many proverbs. 10The Preacher sought to find out acceptable words, and that which was written blamelessly, words of truth. 11The words of the wise are like goads; and like nails well fastened are words from the masters of assemblies, which are given from one shepherd. 12Furthermore, my son, be admonished: of making many books there is no end; and much study is a weariness of the flesh.  13This is the end of the matter. All has been heard. Fear God and keep his commandments; for this is the whole duty of man. 14For God will bring every work into judgment, with every hidden thing, whether it is good, or whether it is evil."
      },
      {
        "book_name": "Ecclesiastes",
        "book": 21,
        "chapter": 12,
        "verse": 1,
        "text": "Remember also your Creator in the days of your youth,"
      },
      {
        "book_name": "Ecclesiastes",
        "book": 21,
        "chapter": 12,
        "verse": 1,
        "text": "before the evil days come, and the years draw near,"
      },
      {
        "book_name": "Ecclesiastes",
        "book": 21,
        "chapter": 12,
        "verse": 1,
        "text": "when you will say, “I have no pleasure in them;”"
      },
      {
        "book_name": "Ecclesiastes",
        "book": 21,
        "chapter": 12,
        "verse": 2,
        "text": "Before the sun, the light, the moon, and the stars are darkened,"
      },
      {
        "book_name": "Ecclesiastes",
        "book": 21,
        "chapter": 12,
        "verse": 2,
        "text": "and the clouds return after the rain;"
      },
      {
        "book_name": "Ecclesiastes",
        "book": 21,
        "chapter": 12,
        "verse": 3,
        "text": "in the day when the keepers of the house shall tremble,"
      },
      {
        "book_name": "Ecclesiastes",
        "book": 21,
        "chapter": 12,
        "verse": 3,
        "text": "and the strong men shall bow themselves,"
      },
      {
        "book_name": "Ecclesiastes",
        "book": 21,
        "chapter": 12,
        "verse": 3,
        "text": "and the grinders cease because they are few,"
      },
      {
        "book_name": "Ecclesiastes",
        "book": 21,
        "chapter": 12,
        "verse": 3,
        "text": "and those who look out of the windows are darkened,"
      },
      {
        "book_name": "Ecclesiastes",
        "book": 21,
        "chapter": 12,
        "verse": 4,
        "text": "and the doors shall be shut in the street;"
      },
      {
        "book_name": "Ecclesiastes",
        "book": 21,
        "chapter": 12,
        "verse": 4,
        "text": "when the sound of the grinding is low,"
      },
      {
        "book_name": "Ecclesiastes",
        "book": 21,
        "chapter": 12,
        "verse": 4,
        "text": "and one shall rise up at the voice of a bird,"
      },
      {
        "book_name": "Ecclesiastes",
        "book": 21,
        "chapter": 12,
        "verse": 4,
        "text": "and all the daughters of music shall be brought low;"
      },
      {
        "book_name": "Ecclesiastes",
        "book": 21,
        "chapter": 12,
        "verse": 5,
        "text": "yes, they shall be afraid of heights,"
      },
      {
        "book_name": "Ecclesiastes",
        "book": 21,
        "chapter": 12,
        "verse": 5,
        "text": "and terrors will be on the way;"
      },
      {
        "book_name": "Ecclesiastes",
        "book": 21,
        "chapter": 12,
        "verse": 5,
        "text": "and the almond tree shall blossom,"
      },
      {
        "book_name": "Ecclesiastes",
        "book": 21,
        "chapter": 12,
        "verse": 5,
        "text": "and the grasshopper shall be a burden,"
      },
      {
        "book_name": "Ecclesiastes",
        "book": 21,
        "chapter": 12,
        "verse": 5,
        "text": "and desire shall fail;"
      },
      {
        "book_name": "Ecclesiastes",
        "book": 21,
        "chapter": 12,
        "verse": 5,
        "text": "because man goes to his everlasting home,"
      },
      {
        "book_name": "Ecclesiastes",
        "book": 21,
        "chapter": 12,
        "verse": 5,
        "text": "and the mourners go about the streets;"
      },
      {
        "book_name": "Ecclesiastes",
        "book": 21,
        "chapter": 12,
        "verse": 6,
        "text": "before the silver cord is severed,"
      },
      {
        "book_name": "Ecclesiastes",
        "book": 21,
        "chapter": 12,
        "verse": 6,
        "text": "or the golden bowl is broken,"
      },
      {
        "book_name": "Ecclesiastes",
        "book": 21,
        "chapter": 12,
        "verse": 6,
        "text": "or the pitcher is broken at the spring,"
      },
      {
        "book_name": "Ecclesiastes",
        "book": 21,
        "chapter": 12,
        "verse": 6,
        "text": "or the wheel broken at the cistern,"
      },
      {
        "book_name": "Ecclesiastes",
        "book": 21,
        "chapter": 12,
        "verse": 7,
        "text": "and the dust returns to the earth as it was,"
      },
      {
        "book_name": "Ecclesiastes",
        "book": 21,
        "chapter": 12,
        "verse": 7,
        "text": "and the spirit returns to God who gave it."
      },
      {
        "book_name": "Ecclesiastes",
        "book": 21,
        "chapter": 12,
        "verse": 8,
        "text": "“Vanity of vanities,” says the Preacher."
      },
      {
        "book_name": "Ecclesiastes",
        "book": 21,
        "chapter": 12,
        "verse": 8,
        "text": "“All is vanity!”"
      },
      {
        "book_name": "Ecclesiastes",
        "book": 21,
        "chapter": 12,
        "verse": 9,
        "text": "Further, because the Preacher was wise, he still taught the people knowledge. Yes, he pondered, sought out, and set in order many proverbs."
      },
      {
        "book_name": "Ecclesiastes",
        "book": 21,
        "chapter": 12,
        "verse": 10,
        "text": "The Preacher sought to find out acceptable words, and that which was written blamelessly, words of truth."
      },
      {
        "book_name": "Ecclesiastes",
        "book": 21,
        "chapter": 12,
        "verse": 11,
        "text": "The words of the wise are like goads; and like nails well fastened are words from the masters of assemblies, which are given from one shepherd."
      },
      {
        "book_name": "Ecclesiastes",
        "book": 21,
        "chapter": 12,
        "verse": 12,
        "text": "Furthermore, my son, be admonished: of making many books there is no end; and much study is a weariness of the flesh."
      },
      {
        "book_name": "Ecclesiastes",
        "book": 21,
        "chapter": 12,
        "verse": 13,
        "text": "This is the end of the matter. All has been heard. Fear God and keep his commandments; for this is the whole duty of man."
      },
      {
        "book_name": "Ecclesiastes",
        "book": 21,
        "chapter": 12,
        "verse": 14,
        "text": "For God will bring every work into judgment, with every hidden thing, whether it is good, or whether it is evil."
      }
    ]
  }
}