{
  "source": "bible.com",
  "version": "World English Bible",
  "book": "Galatians",
  "chapters": {
    "1": [
      {
        "book_name": "Galatians",
        "book": 48,
        "chapter": 1,
        "verse": 1,
        "text": "1Paul, an apostle—not from men, nor through man, but through Jesus Christ,#1:1 “Christ” means “Anointed One”. and God the Father, who raised him from the dead— 2and all the brothers#1:2 The word for “brothers” here and where context allows may also be correctly translated “brothers and sisters” or “siblings.”  who are with me, to the assemblies of Galatia: 3Grace to you and peace from God the Father and our Lord Jesus Christ, 4who gave himself for our sins, that he might deliver us out of this present evil age, according to the will of our God and Father— 5to whom be the glory forever and ever. Amen.  6I marvel that you are so quickly deserting him who called you in the grace of Christ to a different “good news”, 7but there isn’t another “good news.” Only there are some who trouble you and want to pervert the Good News of Christ. 8But even though we, or an angel from heaven, should preach to you any “good news” other than that which we preached to you, let him be cursed. 9As we have said before, so I now say again: if any man preaches to you any “good news” other than that which you received, let him be cursed.  10For am I now seeking the favor of men, or of God? Or am I striving to please men? For if I were still pleasing men, I wouldn’t be a servant of Christ.  11But I make known to you, brothers, concerning the Good News which was preached by me, that it is not according to man. 12For I didn’t receive it from man, nor was I taught it, but it came to me through revelation of Jesus Christ. 13For you have heard of my way of living in time past in the Jews’ religion, how that beyond measure I persecuted the assembly of God and ravaged it. 14I advanced in the Jews’ religion beyond many of my own age among my countrymen, being more exceedingly zealous for the traditions of my fathers. 15But when it was the good pleasure of God, who separated me from my mother’s womb and called me through his grace, 16to reveal his Son in me, that I might preach him among the Gentiles, I didn’t immediately confer with flesh and blood, 17nor did I go up to Jerusalem to those who were apostles before me, but I went away into Arabia. Then I returned to Damascus.  18Then after three years I went up to Jerusalem to visit Peter, and stayed with him fifteen days. 19But of the other apostles I saw no one except James, the Lord’s brother. 20Now about the things which I write to you, behold,#1:20 “Behold”, from “ἰδοὺ”, means look at, take notice, observe, see, or gaze at. It is often used as an interjection. before God, I’m not lying. 21Then I came to the regions of Syria and Cilicia. 22I was still unknown by face to the assemblies of Judea which were in Christ, 23but they only heard, “He who once persecuted us now preaches the faith that he once tried to destroy.” 24So they glorified God in me."
      },
      {
        "book_name": "Galatians",
        "book": 48,
        "chapter": 1,
        "verse": 1,
        "text": "Paul, an apostle—not from men, nor through man, but through Jesus Christ,#1:1 “Christ” means “Anointed One”. and God the Father, who raised him from the dead—"
      },
      {
        "book_name": "Galatians",
        "book": 48,
        "chapter": 1,
        "verse": 2,
        "text": "and all the brothers#1:2 The word for “brothers” here and where context allows may also be correctly translated “brothers and sisters” or “siblings.”  who are with me, to the assemblies of Galatia:"
      },
      {
        "book_name": "Galatians",
        "book": 48,
        "chapter": 1,
        "verse": 3,
        "text": "Grace to you and peace from God the Father and our Lord Jesus Christ,"
      },
      {
        "book_name": "Galatians",
        "book": 48,
        "chapter": 1,
        "verse": 4,
        "text": "who gave himself for our sins, that he might deliver us out of this present evil age, according to the will of our God and Father—"
      },
      {
        "book_name": "Galatians",
        "book": 48,
        "chapter": 1,
        "verse": 5,
        "text": "to whom be the glory forever and ever. Amen."
      },
      {
        "book_name": "Galatians",
        "book": 48,
        "chapter": 1,
        "verse": 6,
        "text": "I marvel that you are so quickly deserting him who called you in the grace of Christ to a different “good news”,"
      },
      {
        "book_name": "Galatians",
        "book": 48,
        "chapter": 1,
        "verse": 7,
        "text": "but there isn’t another “good news.” Only there are some who trouble you and want to pervert the Good News of Christ."
      },
      {
        "book_name": "Galatians",
        "book": 48,
        "chapter": 1,
        "verse": 8,
        "text": "But even though we, or an angel from heaven, should preach to you any “good news” other than that which we preached to you, let him be cursed."
      },
      {
        "book_name": "Galatians",
        "book": 48,
        "chapter": 1,
        "verse": 9,
        "text": "As we have said before, so I now say again: if any man preaches to you any “good news” other than that which you received, let him be cursed."
      },
      {
        "book_name": "Galatians",
        "book": 48,
        "chapter": 1,
        "verse": 10,
        "text": "For am I now seeking the favor of men, or of God? Or am I striving to please men? For if I were still pleasing men, I wouldn’t be a servant of Christ."
      },
      {
        "book_name": "Galatians",
        "book": 48,
        "chapter": 1,
        "verse": 11,
        "text": "But I make known to you, brothers, concerning the Good News which was preached by me, that it is not according to man."
      },
      {
        "book_name": "Galatians",
        "book": 48,
        "chapter": 1,
        "verse": 12,
        "text": "For I didn’t receive it from man, nor was I taught it, but it came to me through revelation of Jesus Christ."
      },
      {
        "book_name": "Galatians",
        "book": 48,
        "chapter": 1,
        "verse": 13,
        "text": "For you have heard of my way of living in time past in the Jews’ religion, how that beyond measure I persecuted the assembly of God and ravaged it."
      },
      {
        "book_name": "Galatians",
        "book": 48,
        "chapter": 1,
        "verse": 14,
        "text": "I advanced in the Jews’ religion beyond many of my own age among my countrymen, being more exceedingly zealous for the traditions of my fathers."
      },
      {
        "book_name": "Galatians",
        "book": 48,
        "chapter": 1,
        "verse": 15,
        "text": "But when it was the good pleasure of God, who separated me from my mother’s womb and called me through his grace,"
      },
      {
        "book_name": "Galatians",
        "book": 48,
        "chapter": 1,
        "verse": 16,
        "text": "to reveal his Son in me, that I might preach him among the Gentiles, I didn’t immediately confer with flesh and blood,"
      },
      {
        "book_name": "Galatians",
        "book": 48,
        "chapter": 1,
        "verse": 17,
        "text": "nor did I go up to Jerusalem to those who were apostles before me, but I went away into Arabia. Then I returned to Damascus."
      },
      {
        "book_name": "Galatians",
        "book": 48,
        "chapter": 1,
        "verse": 18,
        "text": "Then after three years I went up to Jerusalem to visit Peter, and stayed with him fifteen days."
      },
      {
        "book_name": "Galatians",
        "book": 48,
        "chapter": 1,
        "verse": 19,
        "text": "But of the other apostles I saw no one except James, the Lord’s brother."
      },
      {
        "book_name": "Galatians",
        "book": 48,
        "chapter": 1,
        "verse": 20,
        "text": "Now about the things which I write to you, behold,#1:20 “Behold”, from “ἰδοὺ”, means look at, take notice, observe, see, or gaze at. It is often used as an interjection. before God, I’m not lying."
      },
      {
        "book_name": "Galatians",
        "book": 48,
        "chapter": 1,
        "verse": 21,
        "text": "Then I came to the regions of Syria and Cilicia."
      },
      {
        "book_name": "Galatians",
        "book": 48,
        "chapter": 1,
        "verse": 22,
        "text": "I was still unknown by face to the assemblies of Judea which were in Christ,"
      },
      {
        "book_name": "Galatians",
        "book": 48,
        "chapter": 1,
        "verse": 23,
        "text": "but they only heard, “He who once persecuted us now preaches the faith that he once tried to destroy.”"
      },
      {
        "book_name": "Galatians",
        "book": 48,
        "chapter": 1,
        "verse": 24,
        "text": "So they glorified God in me."
      }
    ],
    "2": [
      {
        "book_name": "Galatians",
        "book": 48,
        "chapter": 2,
        "verse": 1,
        "text": "1Then after a period of fourteen years I went up again to Jerusalem with Barnabas, taking Titus also with me. 2I went up by revelation, and I laid before them the Good News which I preach among the Gentiles, but privately before those who were respected, for fear that I might be running, or had run, in vain. 3But not even Titus, who was with me, being a Greek, was compelled to be circumcised. 4This was because of the false brothers secretly brought in, who stole in to spy out our liberty which we have in Christ Jesus, that they might bring us into bondage, 5to whom we gave no place in the way of subjection, not for an hour, that the truth of the Good News might continue with you. 6But from those who were reputed to be important—whatever they were, it makes no difference to me; God doesn’t show partiality to man—they, I say, who were respected imparted nothing to me, 7but to the contrary, when they saw that I had been entrusted with the Good News for the uncircumcised, even as Peter with the Good News for the circumcised— 8for he who worked through Peter in the apostleship with the circumcised also worked through me with the Gentiles— 9and when they perceived the grace that was given to me, James and Cephas and John, those who were reputed to be pillars, gave to Barnabas and me the right hand of fellowship, that we should go to the Gentiles, and they to the circumcision. 10They only asked us to remember the poor—which very thing I was also zealous to do.  11But when Peter came to Antioch, I resisted him to his face, because he stood condemned. 12For before some people came from James, he ate with the Gentiles. But when they came, he drew back and separated himself, fearing those who were of the circumcision. 13And the rest of the Jews joined him in his hypocrisy, so that even Barnabas was carried away with their hypocrisy. 14But when I saw that they didn’t walk uprightly according to the truth of the Good News, I said to Peter before them all, “If you, being a Jew, live as the Gentiles do, and not as the Jews do, why do you compel the Gentiles to live as the Jews do?  15“We, being Jews by nature and not Gentile sinners, 16yet knowing that a man is not justified by the works of the law but through faith in Jesus Christ, even we believed in Christ Jesus, that we might be justified by faith in Christ and not by the works of the law, because no flesh will be justified by the works of the law. 17But if while we sought to be justified in Christ, we ourselves also were found sinners, is Christ a servant of sin? Certainly not! 18For if I build up again those things which I destroyed, I prove myself a law-breaker. 19For I through the law died to the law, that I might live to God. 20I have been crucified with Christ, and it is no longer I who live, but Christ lives in me. That life which I now live in the flesh, I live by faith in the Son of God, who loved me and gave himself up for me. 21I don’t reject the grace of God. For if righteousness is through the law, then Christ died for nothing!”"
      },
      {
        "book_name": "Galatians",
        "book": 48,
        "chapter": 2,
        "verse": 1,
        "text": "Then after a period of fourteen years I went up again to Jerusalem with Barnabas, taking Titus also with me."
      },
      {
        "book_name": "Galatians",
        "book": 48,
        "chapter": 2,
        "verse": 2,
        "text": "I went up by revelation, and I laid before them the Good News which I preach among the Gentiles, but privately before those who were respected, for fear that I might be running, or had run, in vain."
      },
      {
        "book_name": "Galatians",
        "book": 48,
        "chapter": 2,
        "verse": 3,
        "text": "But not even Titus, who was with me, being a Greek, was compelled to be circumcised."
      },
      {
        "book_name": "Galatians",
        "book": 48,
        "chapter": 2,
        "verse": 4,
        "text": "This was because of the false brothers secretly brought in, who stole in to spy out our liberty which we have in Christ Jesus, that they might bring us into bondage,"
      },
      {
        "book_name": "Galatians",
        "book": 48,
        "chapter": 2,
        "verse": 5,
        "text": "to whom we gave no place in the way of subjection, not for an hour, that the truth of the Good News might continue with you."
      },
      {
        "book_name": "Galatians",
        "book": 48,
        "chapter": 2,
        "verse": 6,
        "text": "But from those who were reputed to be important—whatever they were, it makes no difference to me; God doesn’t show partiality to man—they, I say, who were respected imparted nothing to me,"
      },
      {
        "book_name": "Galatians",
        "book": 48,
        "chapter": 2,
        "verse": 7,
        "text": "but to the contrary, when they saw that I had been entrusted with the Good News for the uncircumcised, even as Peter with the Good News for the circumcised—"
      },
      {
        "book_name": "Galatians",
        "book": 48,
        "chapter": 2,
        "verse": 8,
        "text": "for he who worked through Peter in the apostleship with the circumcised also worked through me with the Gentiles—"
      },
      {
        "book_name": "Galatians",
        "book": 48,
        "chapter": 2,
        "verse": 9,
        "text": "and when they perceived the grace that was given to me, James and Cephas and John, those who were reputed to be pillars, gave to Barnabas and me the right hand of fellowship, that we should go to the Gentiles, and they to the circumcision."
      },
      {
        "book_name": "Galatians",
        "book": 48,
        "chapter": 2,
        "verse": 10,
        "text": "They only asked us to remember the poor—which very thing I was also zealous to do."
      },
      {
        "book_name": "Galatians",
        "book": 48,
        "chapter": 2,
        "verse": 11,
        "text": "But when Peter came to Antioch, I resisted him to his face, because he stood condemned."
      },
      {
        "book_name": "Galatians",
        "book": 48,
        "chapter": 2,
        "verse": 12,
        "text": "For before some people came from James, he ate with the Gentiles. But when they came, he drew back and separated himself, fearing those who were of the circumcision."
      },
      {
        "book_name": "Galatians",
        "book": 48,
        "chapter": 2,
        "verse": 13,
        "text": "And the rest of the Jews joined him in his hypocrisy, so that even Barnabas was carried away with their hypocrisy."
      },
      {
        "book_name": "Galatians",
        "book": 48,
        "chapter": 2,
        "verse": 14,
        "text": "But when I saw that they didn’t walk uprightly according to the truth of the Good News, I said to Peter before them all, “If you, being a Jew, live as the Gentiles do, and not as the Jews do, why do you compel the Gentiles to live as the Jews do?"
      },
      {
        "book_name": "Galatians",
        "book": 48,
        "chapter": 2,
        "verse": 15,
        "text": "“We, being Jews by nature and not Gentile sinners,"
      },
      {
        "book_name": "Galatians",
        "book": 48,
        "chapter": 2,
        "verse": 16,
        "text": "yet knowing that a man is not justified by the works of the law but through faith in Jesus Christ, even we believed in Christ Jesus, that we might be justified by faith in Christ and not by the works of the law, because no flesh will be justified by the works of the law."
      },
      {
        "book_name": "Galatians",
        "book": 48,
        "chapter": 2,
        "verse": 17,
        "text": "But if while we sought to be justified in Christ, we ourselves also were found sinners, is Christ a servant of sin? Certainly not!"
      },
      {
        "book_name": "Galatians",
        "book": 48,
        "chapter": 2,
        "verse": 18,
        "text": "For if I build up again those things which I destroyed, I prove myself a law-breaker."
      },
      {
        "book_name": "Galatians",
        "book": 48,
        "chapter": 2,
        "verse": 19,
        "text": "For I through the law died to the law, that I might live to God."
      },
      {
        "book_name": "Galatians",
        "book": 48,
        "chapter": 2,
        "verse": 20,
        "text": "I have been crucified with Christ, and it is no longer I who live, but Christ lives in me. That life which I now live in the flesh, I live by faith in the Son of God, who loved me and gave himself up for me."
      },
      {
        "book_name": "Galatians",
        "book": 48,
        "chapter": 2,
        "verse": 21,
        "text": "I don’t reject the grace of God. For if righteousness is through the law, then Christ died for nothing!”"
      }
    ],
    "3": [
      {
        "book_name": "Galatians",
        "book": 48,
        "chapter": 3,
        "verse": 1,
        "text": "1Foolish Galatians, who has bewitched you not to obey the truth, before whose eyes Jesus Christ was openly portrayed among you as crucified? 2I just want to learn this from you: Did you receive the Spirit by the works of the law, or by hearing of faith? 3Are you so foolish? Having begun in the Spirit, are you now completed in the flesh? 4Did you suffer so many things in vain, if it is indeed in vain? 5He therefore who supplies the Spirit to you and does miracles among you, does he do it by the works of the law, or by hearing of faith? 6Even so, Abraham “believed God, and it was counted to him for righteousness.”#Genesis 15:6  7Know therefore that those who are of faith are children of Abraham. 8The Scripture, foreseeing that God would justify the Gentiles by faith, preached the Good News beforehand to Abraham, saying, “In you all the nations will be blessed.”#Genesis 12:3; 18:18; 22:18  9So then, those who are of faith are blessed with the faithful Abraham.  10For as many as are of the works of the law are under a curse. For it is written, “Cursed is everyone who doesn’t continue in all things that are written in the book of the law, to do them.”#Deuteronomy 27:26  11Now that no man is justified by the law before God is evident, for, “The righteous will live by faith.”#Habakkuk 2:4  12The law is not of faith, but, “The man who does them will live by them.”#Leviticus 18:5  13Christ redeemed us from the curse of the law, having become a curse for us. For it is written, “Cursed is everyone who hangs on a tree,”#Deuteronomy 21:23  14that the blessing of Abraham might come on the Gentiles through Christ Jesus, that we might receive the promise of the Spirit through faith.  15Brothers, speaking of human terms, though it is only a man’s covenant, yet when it has been confirmed, no one makes it void or adds to it. 16Now the promises were spoken to Abraham and to his offspring.#3:16 or, seed He doesn’t say, “To descendants#3:16 or, seeds”, as of many, but as of one, “To your offspring”,#Genesis 12:7; 13:15; 24:7 which is Christ. 17Now I say this: A covenant confirmed beforehand by God in Christ, the law, which came four hundred thirty years after, does not annul, so as to make the promise of no effect. 18For if the inheritance is of the law, it is no more of promise; but God has granted it to Abraham by promise.  19Then why is there the law? It was added because of transgressions, until the offspring should come to whom the promise has been made. It was ordained through angels by the hand of a mediator. 20Now a mediator is not between one, but God is one.  21Is the law then against the promises of God? Certainly not! For if there had been a law given which could make alive, most certainly righteousness would have been of the law. 22But the Scripture imprisoned all things under sin, that the promise by faith in Jesus Christ might be given to those who believe.  23But before faith came, we were kept in custody under the law, confined for the faith which should afterwards be revealed. 24So that the law has become our tutor to bring us to Christ, that we might be justified by faith. 25But now that faith has come, we are no longer under a tutor. 26For you are all children of God, through faith in Christ Jesus. 27For as many of you as were baptized into Christ have put on Christ. 28There is neither Jew nor Greek, there is neither slave nor free man, there is neither male nor female; for you are all one in Christ Jesus. 29If you are Christ’s, then you are Abraham’s offspring and heirs according to promise."
      },
      {
        "book_name": "Galatians",
        "book": 48,
        "chapter": 3,
        "verse": 1,
        "text": "Foolish Galatians, who has bewitched you not to obey the truth, before whose eyes Jesus Christ was openly portrayed among you as crucified?"
      },
      {
        "book_name": "Galatians",
        "book": 48,
        "chapter": 3,
        "verse": 2,
        "text": "I just want to learn this from you: Did you receive the Spirit by the works of the law, or by hearing of faith?"
      },
      {
        "book_name": "Galatians",
        "book": 48,
        "chapter": 3,
        "verse": 3,
        "text": "Are you so foolish? Having begun in the Spirit, are you now completed in the flesh?"
      },
      {
        "book_name": "Galatians",
        "book": 48,
        "chapter": 3,
        "verse": 4,
        "text": "Did you suffer so many things in vain, if it is indeed in vain?"
      },
      {
        "book_name": "Galatians",
        "book": 48,
        "chapter": 3,
        "verse": 5,
        "text": "He therefore who supplies the Spirit to you and does miracles among you, does he do it by the works of the law, or by hearing of faith?"
      },
      {
        "book_name": "Galatians",
        "book": 48,
        "chapter": 3,
        "verse": 6,
        "text": "Even so, Abraham “believed God, and it was counted to him for righteousness.”#Genesis 15:6"
      },
      {
        "book_name": "Galatians",
        "book": 48,
        "chapter": 3,
        "verse": 7,
        "text": "Know therefore that those who are of faith are children of Abraham."
      },
      {
        "book_name": "Galatians",
        "book": 48,
        "chapter": 3,
        "verse": 8,
        "text": "The Scripture, foreseeing that God would justify the Gentiles by faith, preached the Good News beforehand to Abraham, saying, “In you all the nations will be blessed.”#Genesis 12:3; 18:18; 22:18"
      },
      {
        "book_name": "Galatians",
        "book": 48,
        "chapter": 3,
        "verse": 9,
        "text": "So then, those who are of faith are blessed with the faithful Abraham."
      },
      {
        "book_name": "Galatians",
        "book": 48,
        "chapter": 3,
        "verse": 10,
        "text": "For as many as are of the works of the law are under a curse. For it is written, “Cursed is everyone who doesn’t continue in all things that are written in the book of the law, to do them.”#Deuteronomy 27:26"
      },
      {
        "book_name": "Galatians",
        "book": 48,
        "chapter": 3,
        "verse": 11,
        "text": "Now that no man is justified by the law before God is evident, for, “The righteous will live by faith.”#Habakkuk 2:4"
      },
      {
        "book_name": "Galatians",
        "book": 48,
        "chapter": 3,
        "verse": 12,
        "text": "The law is not of faith, but, “The man who does them will live by them.”#Leviticus 18:5"
      },
      {
        "book_name": "Galatians",
        "book": 48,
        "chapter": 3,
        "verse": 13,
        "text": "Christ redeemed us from the curse of the law, having become a curse for us. For it is written, “Cursed is everyone who hangs on a tree,”#Deuteronomy 21:23"
      },
      {
        "book_name": "Galatians",
        "book": 48,
        "chapter": 3,
        "verse": 14,
        "text": "that the blessing of Abraham might come on the Gentiles through Christ Jesus, that we might receive the promise of the Spirit through faith."
      },
      {
        "book_name": "Galatians",
        "book": 48,
        "chapter": 3,
        "verse": 15,
        "text": "Brothers, speaking of human terms, though it is only a man’s covenant, yet when it has been confirmed, no one makes it void or adds to it."
      },
      {
        "book_name": "Galatians",
        "book": 48,
        "chapter": 3,
        "verse": 16,
        "text": "Now the promises were spoken to Abraham and to his offspring.#3:16 or, seed He doesn’t say, “To descendants#3:16 or, seeds”, as of many, but as of one, “To your offspring”,#Genesis 12:7; 13:15; 24:7 which is Christ."
      },
      {
        "book_name": "Galatians",
        "book": 48,
        "chapter": 3,
        "verse": 17,
        "text": "Now I say this: A covenant confirmed beforehand by God in Christ, the law, which came four hundred thirty years after, does not annul, so as to make the promise of no effect."
      },
      {
        "book_name": "Galatians",
        "book": 48,
        "chapter": 3,
        "verse": 18,
        "text": "For if the inheritance is of the law, it is no more of promise; but God has granted it to Abraham by promise."
      },
      {
        "book_name": "Galatians",
        "book": 48,
        "chapter": 3,
        "verse": 19,
        "text": "Then why is there the law? It was added because of transgressions, until the offspring should come to whom the promise has been made. It was ordained through angels by the hand of a mediator."
      },
      {
        "book_name": "Galatians",
        "book": 48,
        "chapter": 3,
        "verse": 20,
        "text": "Now a mediator is not between one, but God is one."
      },
      {
        "book_name": "Galatians",
        "book": 48,
        "chapter": 3,
        "verse": 21,
        "text": "Is the law then against the promises of God? Certainly not! For if there had been a law given which could make alive, most certainly righteousness would have been of the law."
      },
      {
        "book_name": "Galatians",
        "book": 48,
        "chapter": 3,
        "verse": 22,
        "text": "But the Scripture imprisoned all things under sin, that the promise by faith in Jesus Christ might be given to those who believe."
      },
      {
        "book_name": "Galatians",
        "book": 48,
        "chapter": 3,
        "verse": 23,
        "text": "But before faith came, we were kept in custody under the law, confined for the faith which should afterwards be revealed."
      },
      {
        "book_name": "Galatians",
        "book": 48,
        "chapter": 3,
        "verse": 24,
        "text": "So that the law has become our tutor to bring us to Christ, that we might be justified by faith."
      },
      {
        "book_name": "Galatians",
        "book": 48,
        "chapter": 3,
        "verse": 25,
        "text": "But now that faith has come, we are no longer under a tutor."
      },
      {
        "book_name": "Galatians",
        "book": 48,
        "chapter": 3,
        "verse": 26,
        "text": "For you are all children of God, through faith in Christ Jesus."
      },
      {
        "book_name": "Galatians",
        "book": 48,
        "chapter": 3,
        "verse": 27,
        "text": "For as many of you as were baptized into Christ have put on Christ."
      },
      {
        "book_name": "Galatians",
        "book": 48,
        "chapter": 3,
        "verse": 28,
        "text": "There is neither Jew nor Greek, there is neither slave nor free man, there is neither male nor female; for you are all one in Christ Jesus."
      },
      {
        "book_name": "Galatians",
        "book": 48,
        "chapter": 3,
        "verse": 29,
        "text": "If you are Christ’s, then you are Abraham’s offspring and heirs according to promise."
      }
    ],
    "4": [
      {
        "book_name": "Galatians",
        "book": 48,
        "chapter": 4,
        "verse": 1,
        "text": "1But I say that so long as the heir is a child, he is no different from a bondservant, though he is lord of all, 2but is under guardians and stewards until the day appointed by the father. 3So we also, when we were children, were held in bondage under the elemental principles of the world. 4But when the fullness of the time came, God sent out his Son, born to a woman, born under the law, 5that he might redeem those who were under the law, that we might receive the adoption as children. 6And because you are children, God sent out the Spirit of his Son into your hearts, crying, “Abba,#4:6 Abba is a Greek spelling for the Aramaic word for “Father” or “Daddy” used in a familiar, respectful, and loving way.  Father!” 7So you are no longer a bondservant, but a son; and if a son, then an heir of God through Christ.  8However at that time, not knowing God, you were in bondage to those who by nature are not gods. 9But now that you have come to know God, or rather to be known by God, why do you turn back again to the weak and miserable elemental principles, to which you desire to be in bondage all over again? 10You observe days, months, seasons, and years. 11I am afraid for you, that I might have wasted my labor for you.  12I beg you, brothers, become as I am, for I also have become as you are. You did me no wrong, 13but you know that because of weakness in the flesh I preached the Good News to you the first time. 14That which was a temptation to you in my flesh, you didn’t despise nor reject; but you received me as an angel of God, even as Christ Jesus.  15What was the blessing you enjoyed? For I testify to you that, if possible, you would have plucked out your eyes and given them to me. 16So then, have I become your enemy by telling you the truth? 17They zealously seek you in no good way. No, they desire to alienate you, that you may seek them. 18But it is always good to be zealous in a good cause, and not only when I am present with you.  19My little children, of whom I am again in travail until Christ is formed in you— 20but I could wish to be present with you now, and to change my tone, for I am perplexed about you.  21Tell me, you that desire to be under the law, don’t you listen to the law? 22For it is written that Abraham had two sons, one by the servant, and one by the free woman. 23However, the son by the servant was born according to the flesh, but the son by the free woman was born through promise. 24These things contain an allegory, for these are two covenants. One is from Mount Sinai, bearing children to bondage, which is Hagar. 25For this Hagar is Mount Sinai in Arabia, and answers to the Jerusalem that exists now, for she is in bondage with her children. 26But the Jerusalem that is above is free, which is the mother of us all. 27For it is written,“Rejoice, you barren who don’t bear.Break out and shout, you who don’t travail.For the desolate women have more children than her who has a husband.”#Isaiah 54:1  28Now we, brothers, as Isaac was, are children of promise. 29But as then, he who was born according to the flesh persecuted him who was born according to the Spirit, so also it is now. 30However, what does the Scripture say? “Throw out the servant and her son, for the son of the servant will not inherit with the son of the free woman.”#Genesis 21:10  31So then, brothers, we are not children of a servant, but of the free woman."
      },
      {
        "book_name": "Galatians",
        "book": 48,
        "chapter": 4,
        "verse": 1,
        "text": "But I say that so long as the heir is a child, he is no different from a bondservant, though he is lord of all,"
      },
      {
        "book_name": "Galatians",
        "book": 48,
        "chapter": 4,
        "verse": 2,
        "text": "but is under guardians and stewards until the day appointed by the father."
      },
      {
        "book_name": "Galatians",
        "book": 48,
        "chapter": 4,
        "verse": 3,
        "text": "So we also, when we were children, were held in bondage under the elemental principles of the world."
      },
      {
        "book_name": "Galatians",
        "book": 48,
        "chapter": 4,
        "verse": 4,
        "text": "But when the fullness of the time came, God sent out his Son, born to a woman, born under the law,"
      },
      {
        "book_name": "Galatians",
        "book": 48,
        "chapter": 4,
        "verse": 5,
        "text": "that he might redeem those who were under the law, that we might receive the adoption as children."
      },
      {
        "book_name": "Galatians",
        "book": 48,
        "chapter": 4,
        "verse": 6,
        "text": "And because you are children, God sent out the Spirit of his Son into your hearts, crying, “Abba,#4:6 Abba is a Greek spelling for the Aramaic word for “Father” or “Daddy” used in a familiar, respectful, and loving way.  Father!”"
      },
      {
        "book_name": "Galatians",
        "book": 48,
        "chapter": 4,
        "verse": 7,
        "text": "So you are no longer a bondservant, but a son; and if a son, then an heir of God through Christ."
      },
      {
        "book_name": "Galatians",
        "book": 48,
        "chapter": 4,
        "verse": 8,
        "text": "However at that time, not knowing God, you were in bondage to those who by nature are not gods."
      },
      {
        "book_name": "Galatians",
        "book": 48,
        "chapter": 4,
        "verse": 9,
        "text": "But now that you have come to know God, or rather to be known by God, why do you turn back again to the weak and miserable elemental principles, to which you desire to be in bondage all over again?"
      },
      {
        "book_name": "Galatians",
        "book": 48,
        "chapter": 4,
        "verse": 10,
        "text": "You observe days, months, seasons, and years."
      },
      {
        "book_name": "Galatians",
        "book": 48,
        "chapter": 4,
        "verse": 11,
        "text": "I am afraid for you, that I might have wasted my labor for you."
      },
      {
        "book_name": "Galatians",
        "book": 48,
        "chapter": 4,
        "verse": 12,
        "text": "I beg you, brothers, become as I am, for I also have become as you are. You did me no wrong,"
      },
      {
        "book_name": "Galatians",
        "book": 48,
        "chapter": 4,
        "verse": 13,
        "text": "but you know that because of weakness in the flesh I preached the Good News to you the first time."
      },
      {
        "book_name": "Galatians",
        "book": 48,
        "chapter": 4,
        "verse": 14,
        "text": "That which was a temptation to you in my flesh, you didn’t despise nor reject; but you received me as an angel of God, even as Christ Jesus."
      },
      {
        "book_name": "Galatians",
        "book": 48,
        "chapter": 4,
        "verse": 15,
        "text": "What was the blessing you enjoyed? For I testify to you that, if possible, you would have plucked out your eyes and given them to me."
      },
      {
        "book_name": "Galatians",
        "book": 48,
        "chapter": 4,
        "verse": 16,
        "text": "So then, have I become your enemy by telling you the truth?"
      },
      {
        "book_name": "Galatians",
        "book": 48,
        "chapter": 4,
        "verse": 17,
        "text": "They zealously seek you in no good way. No, they desire to alienate you, that you may seek them."
      },
      {
        "book_name": "Galatians",
        "book": 48,
        "chapter": 4,
        "verse": 18,
        "text": "But it is always good to be zealous in a good cause, and not only when I am present with you."
      },
      {
        "book_name": "Galatians",
        "book": 48,
        "chapter": 4,
        "verse": 19,
        "text": "My little children, of whom I am again in travail until Christ is formed in you—"
      },
      {
        "book_name": "Galatians",
        "book": 48,
        "chapter": 4,
        "verse": 20,
        "text": "but I could wish to be present with you now, and to change my tone, for I am perplexed about you."
      },
      {
        "book_name": "Galatians",
        "book": 48,
        "chapter": 4,
        "verse": 21,
        "text": "Tell me, you that desire to be under the law, don’t you listen to the law?"
      },
      {
        "book_name": "Galatians",
        "book": 48,
        "chapter": 4,
        "verse": 22,
        "text": "For it is written that Abraham had two sons, one by the servant, and one by the free woman."
      },
      {
        "book_name": "Galatians",
        "book": 48,
        "chapter": 4,
        "verse": 23,
        "text": "However, the son by the servant was born according to the flesh, but the son by the free woman was born through promise."
      },
      {
        "book_name": "Galatians",
        "book": 48,
        "chapter": 4,
        "verse": 24,
        "text": "These things contain an allegory, for these are two covenants. One is from Mount Sinai, bearing children to bondage, which is Hagar."
      },
      {
        "book_name": "Galatians",
        "book": 48,
        "chapter": 4,
        "verse": 25,
        "text": "For this Hagar is Mount Sinai in Arabia, and answers to the Jerusalem that exists now, for she is in bondage with her children."
      },
      {
        "book_name": "Galatians",
        "book": 48,
        "chapter": 4,
        "verse": 26,
        "text": "But the Jerusalem that is above is free, which is the mother of us all."
      },
      {
        "book_name": "Galatians",
        "book": 48,
        "chapter": 4,
        "verse": 27,
        "text": "For it is written,"
      },
      {
        "book_name": "Galatians",
        "book": 48,
        "chapter": 4,
        "verse": 27,
        "text": "“Rejoice, you barren who don’t bear."
      },
      {
        "book_name": "Galatians",
        "book": 48,
        "chapter": 4,
        "verse": 27,
        "text": "Break out and shout, you who don’t travail."
      },
      {
        "book_name": "Galatians",
        "book": 48,
        "chapter": 4,
        "verse": 27,
        "text": "For the desolate women have more children than her who has a husband.”#Isaiah 54:1"
      },
      {
        "book_name": "Galatians",
        "book": 48,
        "chapter": 4,
        "verse": 28,
        "text": "Now we, brothers, as Isaac was, are children of promise."
      },
      {
        "book_name": "Galatians",
        "book": 48,
        "chapter": 4,
        "verse": 29,
        "text": "But as then, he who was born according to the flesh persecuted him who was born according to the Spirit, so also it is now."
      },
      {
        "book_name": "Galatians",
        "book": 48,
        "chapter": 4,
        "verse": 30,
        "text": "However, what does the Scripture say? “Throw out the servant and her son, for the son of the servant will not inherit with the son of the free woman.”#Genesis 21:10"
      },
      {
        "book_name": "Galatians",
        "book": 48,
        "chapter": 4,
        "verse": 31,
        "text": "So then, brothers, we are not children of a servant, but of the free woman."
      }
    ],
    "5": [
      {
        "book_name": "Galatians",
        "book": 48,
        "chapter": 5,
        "verse": 1,
        "text": "1Stand firm therefore in the liberty by which Christ has made us free, and don’t be entangled again with a yoke of bondage.  2Behold, I, Paul, tell you that if you receive circumcision, Christ will profit you nothing. 3Yes, I testify again to every man who receives circumcision that he is a debtor to do the whole law. 4You are alienated from Christ, you who desire to be justified by the law. You have fallen away from grace. 5For we through the Spirit, by faith wait for the hope of righteousness. 6For in Christ Jesus neither circumcision nor uncircumcision amounts to anything, but faith working through love.  7You were running well! Who interfered with you that you should not obey the truth? 8This persuasion is not from him who calls you. 9A little yeast grows through the whole lump. 10I have confidence toward you in the Lord that you will think no other way. But he who troubles you will bear his judgment, whoever he is.  11But I, brothers, if I still preach circumcision, why am I still persecuted? Then the stumbling block of the cross has been removed. 12I wish that those who disturb you would cut themselves off.  13For you, brothers, were called for freedom. Only don’t use your freedom as an opportunity for the flesh, but through love be servants to one another. 14For the whole law is fulfilled in one word, in this: “You shall love your neighbor as yourself.”#Leviticus 19:18  15But if you bite and devour one another, be careful that you don’t consume one another.  16But I say, walk by the Spirit, and you won’t fulfill the lust of the flesh. 17For the flesh lusts against the Spirit, and the Spirit against the flesh; and these are contrary to one another, that you may not do the things that you desire. 18But if you are led by the Spirit, you are not under the law. 19Now the deeds of the flesh are obvious, which are: adultery, sexual immorality, uncleanness, lustfulness, 20idolatry, sorcery, hatred, strife, jealousies, outbursts of anger, rivalries, divisions, heresies, 21envy, murders, drunkenness, orgies, and things like these; of which I forewarn you, even as I also forewarned you, that those who practice such things will not inherit God’s Kingdom.  22But the fruit of the Spirit is love, joy, peace, patience, kindness, goodness, faith,#5:22 or, faithfulness  23gentleness, and self-control. Against such things there is no law. 24Those who belong to Christ have crucified the flesh with its passions and lusts.  25If we live by the Spirit, let’s also walk by the Spirit. 26Let’s not become conceited, provoking one another, and envying one another."
      },
      {
        "book_name": "Galatians",
        "book": 48,
        "chapter": 5,
        "verse": 1,
        "text": "Stand firm therefore in the liberty by which Christ has made us free, and don’t be entangled again with a yoke of bondage."
      },
      {
        "book_name": "Galatians",
        "book": 48,
        "chapter": 5,
        "verse": 2,
        "text": "Behold, I, Paul, tell you that if you receive circumcision, Christ will profit you nothing."
      },
      {
        "book_name": "Galatians",
        "book": 48,
        "chapter": 5,
        "verse": 3,
        "text": "Yes, I testify again to every man who receives circumcision that he is a debtor to do the whole law."
      },
      {
        "book_name": "Galatians",
        "book": 48,
        "chapter": 5,
        "verse": 4,
        "text": "You are alienated from Christ, you who desire to be justified by the law. You have fallen away from grace."
      },
      {
        "book_name": "Galatians",
        "book": 48,
        "chapter": 5,
        "verse": 5,
        "text": "For we through the Spirit, by faith wait for the hope of righteousness."
      },
      {
        "book_name": "Galatians",
        "book": 48,
        "chapter": 5,
        "verse": 6,
        "text": "For in Christ Jesus neither circumcision nor uncircumcision amounts to anything, but faith working through love."
      },
      {
        "book_name": "Galatians",
        "book": 48,
        "chapter": 5,
        "verse": 7,
        "text": "You were running well! Who interfered with you that you should not obey the truth?"
      },
      {
        "book_name": "Galatians",
        "book": 48,
        "chapter": 5,
        "verse": 8,
        "text": "This persuasion is not from him who calls you."
      },
      {
        "book_name": "Galatians",
        "book": 48,
        "chapter": 5,
        "verse": 9,
        "text": "A little yeast grows through the whole lump."
      },
      {
        "book_name": "Galatians",
        "book": 48,
        "chapter": 5,
        "verse": 10,
        "text": "I have confidence toward you in the Lord that you will think no other way. But he who troubles you will bear his judgment, whoever he is."
      },
      {
        "book_name": "Galatians",
        "book": 48,
        "chapter": 5,
        "verse": 11,
        "text": "But I, brothers, if I still preach circumcision, why am I still persecuted? Then the stumbling block of the cross has been removed."
      },
      {
        "book_name": "Galatians",
        "book": 48,
        "chapter": 5,
        "verse": 12,
        "text": "I wish that those who disturb you would cut themselves off."
      },
      {
        "book_name": "Galatians",
        "book": 48,
        "chapter": 5,
        "verse": 13,
        "text": "For you, brothers, were called for freedom. Only don’t use your freedom as an opportunity for the flesh, but through love be servants to one another."
      },
      {
        "book_name": "Galatians",
        "book": 48,
        "chapter": 5,
        "verse": 14,
        "text": "For the whole law is fulfilled in one word, in this: “You shall love your neighbor as yourself.”#Leviticus 19:18"
      },
      {
        "book_name": "Galatians",
        "book": 48,
        "chapter": 5,
        "verse": 15,
        "text": "But if you bite and devour one another, be careful that you don’t consume one another."
      },
      {
        "book_name": "Galatians",
        "book": 48,
        "chapter": 5,
        "verse": 16,
        "text": "But I say, walk by the Spirit, and you won’t fulfill the lust of the flesh."
      },
      {
        "book_name": "Galatians",
        "book": 48,
        "chapter": 5,
        "verse": 17,
        "text": "For the flesh lusts against the Spirit, and the Spirit against the flesh; and these are contrary to one another, that you may not do the things that you desire."
      },
      {
        "book_name": "Galatians",
        "book": 48,
        "chapter": 5,
        "verse": 18,
        "text": "But if you are led by the Spirit, you are not under the law."
      },
      {
        "book_name": "Galatians",
        "book": 48,
        "chapter": 5,
        "verse": 19,
        "text": "Now the deeds of the flesh are obvious, which are: adultery, sexual immorality, uncleanness, lustfulness,"
      },
      {
        "book_name": "Galatians",
        "book": 48,
        "chapter": 5,
        "verse": 20,
        "text": "idolatry, sorcery, hatred, strife, jealousies, outbursts of anger, rivalries, divisions, heresies,"
      },
      {
        "book_name": "Galatians",
        "book": 48,
        "chapter": 5,
        "verse": 21,
        "text": "envy, murders, drunkenness, orgies, and things like these; of which I forewarn you, even as I also forewarned you, that those who practice such things will not inherit God’s Kingdom."
      },
      {
        "book_name": "Galatians",
        "book": 48,
        "chapter": 5,
        "verse": 22,
        "text": "But the fruit of the Spirit is love, joy, peace, patience, kindness, goodness, faith,#5:22 or, faithfulness"
      },
      {
        "book_name": "Galatians",
        "book": 48,
        "chapter": 5,
        "verse": 23,
        "text": "gentleness, and self-control. Against such things there is no law."
      },
      {
        "book_name": "Galatians",
        "book": 48,
        "chapter": 5,
        "verse": 24,
        "text": "Those who belong to Christ have crucified the flesh with its passions and lusts."
      },
      {
        "book_name": "Galatians",
        "book": 48,
        "chapter": 5,
        "verse": 25,
        "text": "If we live by the Spirit, let’s also walk by the Spirit."
      },
      {
        "book_name": "Galatians",
        "book": 48,
        "chapter": 5,
        "verse": 26,
        "text": "Let’s not become conceited, provoking one another, and envying one another."
      }
    ],
    "6": [
      {
        "book_name": "Galatians",
        "book": 48,
        "chapter": 6,
        "verse": 1,
        "text": "1Brothers, even if a man is caught in some fault, you who are spiritual must restore such a one in a spirit of gentleness, looking to yourself so that you also aren’t tempted. 2Bear one another’s burdens, and so fulfill the law of Christ. 3For if a man thinks himself to be something when he is nothing, he deceives himself. 4But let each man examine his own work, and then he will have reason to boast in himself, and not in someone else. 5For each man will bear his own burden.  6But let him who is taught in the word share all good things with him who teaches.  7Don’t be deceived. God is not mocked, for whatever a man sows, that he will also reap. 8For he who sows to his own flesh will from the flesh reap corruption. But he who sows to the Spirit will from the Spirit reap eternal life. 9Let’s not be weary in doing good, for we will reap in due season if we don’t give up. 10So then, as we have opportunity, let’s do what is good toward all men, and especially toward those who are of the household of the faith.  11See with what large letters I write to you with my own hand. 12As many as desire to make a good impression in the flesh compel you to be circumcised, just so they may not be persecuted for the cross of Christ. 13For even they who receive circumcision don’t keep the law themselves, but they desire to have you circumcised, so that they may boast in your flesh. 14But far be it from me to boast except in the cross of our Lord Jesus Christ, through which the world has been crucified to me, and I to the world. 15For in Christ Jesus neither is circumcision anything, nor uncircumcision, but a new creation. 16As many as walk by this rule, peace and mercy be on them, and on God’s Israel.  17From now on, let no one cause me any trouble, for I bear the marks of the Lord Jesus branded on my body.  18The grace of our Lord Jesus Christ be with your spirit, brothers. Amen."
      },
      {
        "book_name": "Galatians",
        "book": 48,
        "chapter": 6,
        "verse": 1,
        "text": "Brothers, even if a man is caught in some fault, you who are spiritual must restore such a one in a spirit of gentleness, looking to yourself so that you also aren’t tempted."
      },
      {
        "book_name": "Galatians",
        "book": 48,
        "chapter": 6,
        "verse": 2,
        "text": "Bear one another’s burdens, and so fulfill the law of Christ."
      },
      {
        "book_name": "Galatians",
        "book": 48,
        "chapter": 6,
        "verse": 3,
        "text": "For if a man thinks himself to be something when he is nothing, he deceives himself."
      },
      {
        "book_name": "Galatians",
        "book": 48,
        "chapter": 6,
        "verse": 4,
        "text": "But let each man examine his own work, and then he will have reason to boast in himself, and not in someone else."
      },
      {
        "book_name": "Galatians",
        "book": 48,
        "chapter": 6,
        "verse": 5,
        "text": "For each man will bear his own burden."
      },
      {
        "book_name": "Galatians",
        "book": 48,
        "chapter": 6,
        "verse": 6,
        "text": "But let him who is taught in the word share all good things with him who teaches."
      },
      {
        "book_name": "Galatians",
        "book": 48,
        "chapter": 6,
        "verse": 7,
        "text": "Don’t be deceived. God is not mocked, for whatever a man sows, that he will also reap."
      },
      {
        "book_name": "Galatians",
        "book": 48,
        "chapter": 6,
        "verse": 8,
        "text": "For he who sows to his own flesh will from the flesh reap corruption. But he who sows to the Spirit will from the Spirit reap eternal life."
      },
      {
        "book_name": "Galatians",
        "book": 48,
        "chapter": 6,
        "verse": 9,
        "text": "Let’s not be weary in doing good, for we will reap in due season if we don’t give up."
      },
      {
        "book_name": "Galatians",
        "book": 48,
        "chapter": 6,
        "verse": 10,
        "text": "So then, as we have opportunity, let’s do what is good toward all men, and especially toward those who are of the household of the faith."
      },
      {
        "book_name": "Galatians",
        "book": 48,
        "chapter": 6,
        "verse": 11,
        "text": "See with what large letters I write to you with my own hand."
      },
      {
        "book_name": "Galatians",
        "book": 48,
        "chapter": 6,
        "verse": 12,
        "text": "As many as desire to make a good impression in the flesh compel you to be circumcised, just so they may not be persecuted for the cross of Christ."
      },
      {
        "book_name": "Galatians",
        "book": 48,
        "chapter": 6,
        "verse": 13,
        "text": "For even they who receive circumcision don’t keep the law themselves, but they desire to have you circumcised, so that they may boast in your flesh."
      },
      {
        "book_name": "Galatians",
        "book": 48,
        "chapter": 6,
        "verse": 14,
        "text": "But far be it from me to boast except in the cross of our Lord Jesus Christ, through which the world has been crucified to me, and I to the world."
      },
      {
        "book_name": "Galatians",
        "book": 48,
        "chapter": 6,
        "verse": 15,
        "text": "For in Christ Jesus neither is circumcision anything, nor uncircumcision, but a new creation."
      },
      {
        "book_name": "Galatians",
        "book": 48,
        "chapter": 6,
        "verse": 16,
        "text": "As many as walk by this rule, peace and mercy be on them, and on God’s Israel."
      },
      {
        "book_name": "Galatians",
        "book": 48,
        "chapter": 6,
        "verse": 17,
        "text": "From now on, let no one cause me any trouble, for I bear the marks of the Lord Jesus branded on my body."
      },
      {
        "book_name": "Galatians",
        "book": 48,
        "chapter": 6,
        "verse": 18,
        "text": "The grace of our Lord Jesus Christ be with your spirit, brothers. Amen."
      }
    ]
  }
}