{
  "source": "bible.com",
  "version": "World English Bible",
  "book": "Habakkuk",
  "chapters": {
    "1": [
      {
        "book_name": "Habakkuk",
        "book": 35,
        "chapter": 1,
        "verse": 1,
        "text": "1The revelation which Habakkuk the prophet saw. 2Yahweh,#1:2 “Yahweh” is God’s proper Name, sometimes rendered “Lord” (all caps) in other translations. how long will I cry, and you will not hear? I cry out to you “Violence!” and will you not save? 3Why do you show me iniquity, and look at perversity? For destruction and violence are before me. There is strife, and contention rises up. 4Therefore the law is paralyzed, and justice never prevails; for the wicked surround the righteous; therefore justice comes out perverted.  5“Look among the nations, watch, and wonder marvelously; for I am working a work in your days which you will not believe though it is told you. 6For, behold,#1:6 “Behold”, from “הִנֵּה”, means look at, take notice, observe, see, or gaze at. It is often used as an interjection. I am raising up the Chaldeans, that bitter and hasty nation who march through the width of the earth, to possess dwelling places that are not theirs. 7They are feared and dreaded. Their judgment and their dignity proceed from themselves. 8Their horses also are swifter than leopards, and are more fierce than the evening wolves. Their horsemen press proudly on. Yes, their horsemen come from afar. They fly as an eagle that hurries to devour. 9All of them come for violence. Their hordes face forward. They gather prisoners like sand. 10Yes, they scoff at kings, and princes are a derision to them. They laugh at every stronghold, for they build up an earthen ramp and take it. 11Then they sweep by like the wind and go on. They are indeed guilty, whose strength is their god.”  12Aren’t you from everlasting, Yahweh my God,#1:12 The Hebrew word rendered “God” is “אֱלֹהִ֑ים” (Elohim). my Holy One? We will not die. Yahweh, you have appointed them for judgment. You, Rock, have established him to punish. 13You who have purer eyes than to see evil, and who cannot look on perversity, why do you tolerate those who deal treacherously and keep silent when the wicked swallows up the man who is more righteous than he, 14and make men like the fish of the sea, like the creeping things that have no ruler over them? 15He takes up all of them with the hook. He catches them in his net and gathers them in his dragnet. Therefore he rejoices and is glad. 16Therefore he sacrifices to his net and burns incense to his dragnet, because by them his life is luxurious and his food is good. 17Will he therefore continually empty his net, and kill the nations without mercy?"
      },
      {
        "book_name": "Habakkuk",
        "book": 35,
        "chapter": 1,
        "verse": 1,
        "text": "The revelation which Habakkuk the prophet saw."
      },
      {
        "book_name": "Habakkuk",
        "book": 35,
        "chapter": 1,
        "verse": 2,
        "text": "Yahweh,#1:2 “Yahweh” is God’s proper Name, sometimes rendered “Lord” (all caps) in other translations. how long will I cry, and you will not hear? I cry out to you “Violence!” and will you not save?"
      },
      {
        "book_name": "Habakkuk",
        "book": 35,
        "chapter": 1,
        "verse": 3,
        "text": "Why do you show me iniquity, and look at perversity? For destruction and violence are before me. There is strife, and contention rises up."
      },
      {
        "book_name": "Habakkuk",
        "book": 35,
        "chapter": 1,
        "verse": 4,
        "text": "Therefore the law is paralyzed, and justice never prevails; for the wicked surround the righteous; therefore justice comes out perverted."
      },
      {
        "book_name": "Habakkuk",
        "book": 35,
        "chapter": 1,
        "verse": 5,
        "text": "“Look among the nations, watch, and wonder marvelously; for I am working a work in your days which you will not believe though it is told you."
      },
      {
        "book_name": "Habakkuk",
        "book": 35,
        "chapter": 1,
        "verse": 6,
        "text": "For, behold,#1:6 “Behold”, from “הִנֵּה”, means look at, take notice, observe, see, or gaze at. It is often used as an interjection. I am raising up the Chaldeans, that bitter and hasty nation who march through the width of the earth, to possess dwelling places that are not theirs."
      },
      {
        "book_name": "Habakkuk",
        "book": 35,
        "chapter": 1,
        "verse": 7,
        "text": "They are feared and dreaded. Their judgment and their dignity proceed from themselves."
      },
      {
        "book_name": "Habakkuk",
        "book": 35,
        "chapter": 1,
        "verse": 8,
        "text": "Their horses also are swifter than leopards, and are more fierce than the evening wolves. Their horsemen press proudly on. Yes, their horsemen come from afar. They fly as an eagle that hurries to devour."
      },
      {
        "book_name": "Habakkuk",
        "book": 35,
        "chapter": 1,
        "verse": 9,
        "text": "All of them come for violence. Their hordes face forward. They gather prisoners like sand."
      },
      {
        "book_name": "Habakkuk",
        "book": 35,
        "chapter": 1,
        "verse": 10,
        "text": "Yes, they scoff at kings, and princes are a derision to them. They laugh at every stronghold, for they build up an earthen ramp and take it."
      },
      {
        "book_name": "Habakkuk",
        "book": 35,
        "chapter": 1,
        "verse": 11,
        "text": "Then they sweep by like the wind and go on. They are indeed guilty, whose strength is their god.”"
      },
      {
        "book_name": "Habakkuk",
        "book": 35,
        "chapter": 1,
        "verse": 12,
        "text": "Aren’t you from everlasting, Yahweh my God,#1:12 The Hebrew word rendered “God” is “אֱלֹהִ֑ים” (Elohim). my Holy One? We will not die. Yahweh, you have appointed them for judgment. You, Rock, have established him to punish."
      },
      {
        "book_name": "Habakkuk",
        "book": 35,
        "chapter": 1,
        "verse": 13,
        "text": "You who have purer eyes than to see evil, and who cannot look on perversity, why do you tolerate those who deal treacherously and keep silent when the wicked swallows up the man who is more righteous than he,"
      },
      {
        "book_name": "Habakkuk",
        "book": 35,
        "chapter": 1,
        "verse": 14,
        "text": "and make men like the fish of the sea, like the creeping things that have no ruler over them?"
      },
      {
        "book_name": "Habakkuk",
        "book": 35,
        "chapter": 1,
        "verse": 15,
        "text": "He takes up all of them with the hook. He catches them in his net and gathers them in his dragnet. Therefore he rejoices and is glad."
      },
      {
        "book_name": "Habakkuk",
        "book": 35,
        "chapter": 1,
        "verse": 16,
        "text": "Therefore he sacrifices to his net and burns incense to his dragnet, because by them his life is luxurious and his food is good."
      },
      {
        "book_name": "Habakkuk",
        "book": 35,
        "chapter": 1,
        "verse": 17,
        "text": "Will he therefore continually empty his net, and kill the nations without mercy?"
      }
    ],
    "2": [
      {
        "book_name": "Habakkuk",
        "book": 35,
        "chapter": 2,
        "verse": 1,
        "text": "1I will stand at my watch and set myself on the ramparts, and will look out to see what he will say to me, and what I will answer concerning my complaint.  2Yahweh answered me, “Write the vision, and make it plain on tablets, that he who runs may read it. 3For the vision is yet for the appointed time, and it hurries toward the end, and won’t prove false. Though it takes time, wait for it, because it will surely come. It won’t delay. 4Behold, his soul is puffed up. It is not upright in him, but the righteous will live by his faith. 5Yes, moreover, wine is treacherous: an arrogant man who doesn’t stay at home, who enlarges his desire as Sheol;#2:5 Sheol is the place of the dead.  he is like death and can’t be satisfied, but gathers to himself all nations and heaps to himself all peoples.  6Won’t all these take up a parable against him, and a taunting proverb against him, and say, ‘Woe to him who increases that which is not his, and who enriches himself by extortion! How long?’ 7Won’t your debtors rise up suddenly, and wake up those who make you tremble, and you will be their victim? 8Because you have plundered many nations, all the remnant of the peoples will plunder you because of men’s blood, and for the violence done to the land, to the city and to all who dwell in it.  9Woe to him who gets an evil gain for his house, that he may set his nest on high, that he may be delivered from the hand of evil! 10You have devised shame to your house by cutting off many peoples, and have sinned against your soul. 11For the stone will cry out of the wall, and the beam out of the woodwork will answer it.  12Woe to him who builds a town with blood, and establishes a city by iniquity! 13Behold, isn’t it from Yahweh of Armies that the peoples labor for the fire, and the nations weary themselves for vanity? 14For the earth will be filled with the knowledge of Yahweh’s glory, as the waters cover the sea.  15“Woe to him who gives his neighbor drink, pouring your inflaming wine until they are drunk, so that you may gaze at their naked bodies! 16You are filled with shame, and not glory. You will also drink and be exposed! The cup of Yahweh’s right hand will come around to you, and disgrace will cover your glory. 17For the violence done to Lebanon will overwhelm you, and the destruction of the animals will terrify you, because of men’s blood and for the violence done to the land, to every city and to those who dwell in them.  18“What value does the engraved image have, that its maker has engraved it; the molten image, even the teacher of lies, that he who fashions its form trusts in it, to make mute idols? 19Woe to him who says to the wood, ‘Awake!’ or to the mute stone, ‘Arise!’ Shall this teach? Behold, it is overlaid with gold and silver, and there is no breath at all within it. 20But Yahweh is in his holy temple. Let all the earth be silent before him!”"
      },
      {
        "book_name": "Habakkuk",
        "book": 35,
        "chapter": 2,
        "verse": 1,
        "text": "I will stand at my watch and set myself on the ramparts, and will look out to see what he will say to me, and what I will answer concerning my complaint."
      },
      {
        "book_name": "Habakkuk",
        "book": 35,
        "chapter": 2,
        "verse": 2,
        "text": "Yahweh answered me, “Write the vision, and make it plain on tablets, that he who runs may read it."
      },
      {
        "book_name": "Habakkuk",
        "book": 35,
        "chapter": 2,
        "verse": 3,
        "text": "For the vision is yet for the appointed time, and it hurries toward the end, and won’t prove false. Though it takes time, wait for it, because it will surely come. It won’t delay."
      },
      {
        "book_name": "Habakkuk",
        "book": 35,
        "chapter": 2,
        "verse": 4,
        "text": "Behold, his soul is puffed up. It is not upright in him, but the righteous will live by his faith."
      },
      {
        "book_name": "Habakkuk",
        "book": 35,
        "chapter": 2,
        "verse": 5,
        "text": "Yes, moreover, wine is treacherous: an arrogant man who doesn’t stay at home, who enlarges his desire as Sheol;#2:5 Sheol is the place of the dead.  he is like death and can’t be satisfied, but gathers to himself all nations and heaps to himself all peoples."
      },
      {
        "book_name": "Habakkuk",
        "book": 35,
        "chapter": 2,
        "verse": 6,
        "text": "Won’t all these take up a parable against him, and a taunting proverb against him, and say, ‘Woe to him who increases that which is not his, and who enriches himself by extortion! How long?’"
      },
      {
        "book_name": "Habakkuk",
        "book": 35,
        "chapter": 2,
        "verse": 7,
        "text": "Won’t your debtors rise up suddenly, and wake up those who make you tremble, and you will be their victim?"
      },
      {
        "book_name": "Habakkuk",
        "book": 35,
        "chapter": 2,
        "verse": 8,
        "text": "Because you have plundered many nations, all the remnant of the peoples will plunder you because of men’s blood, and for the violence done to the land, to the city and to all who dwell in it."
      },
      {
        "book_name": "Habakkuk",
        "book": 35,
        "chapter": 2,
        "verse": 9,
        "text": "Woe to him who gets an evil gain for his house, that he may set his nest on high, that he may be delivered from the hand of evil!"
      },
      {
        "book_name": "Habakkuk",
        "book": 35,
        "chapter": 2,
        "verse": 10,
        "text": "You have devised shame to your house by cutting off many peoples, and have sinned against your soul."
      },
      {
        "book_name": "Habakkuk",
        "book": 35,
        "chapter": 2,
        "verse": 11,
        "text": "For the stone will cry out of the wall, and the beam out of the woodwork will answer it."
      },
      {
        "book_name": "Habakkuk",
        "book": 35,
        "chapter": 2,
        "verse": 12,
        "text": "Woe to him who builds a town with blood, and establishes a city by iniquity!"
      },
      {
        "book_name": "Habakkuk",
        "book": 35,
        "chapter": 2,
        "verse": 13,
        "text": "Behold, isn’t it from Yahweh of Armies that the peoples labor for the fire, and the nations weary themselves for vanity?"
      },
      {
        "book_name": "Habakkuk",
        "book": 35,
        "chapter": 2,
        "verse": 14,
        "text": "For the earth will be filled with the knowledge of Yahweh’s glory, as the waters cover the sea."
      },
      {
        "book_name": "Habakkuk",
        "book": 35,
        "chapter": 2,
        "verse": 15,
        "text": "“Woe to him who gives his neighbor drink, pouring your inflaming wine until they are drunk, so that you may gaze at their naked bodies!"
      },
      {
        "book_name": "Habakkuk",
        "book": 35,
        "chapter": 2,
        "verse": 16,
        "text": "You are filled with shame, and not glory. You will also drink and be exposed! The cup of Yahweh’s right hand will come around to you, and disgrace will cover your glory."
      },
      {
        "book_name": "Habakkuk",
        "book": 35,
        "chapter": 2,
        "verse": 17,
        "text": "For the violence done to Lebanon will overwhelm you, and the destruction of the animals will terrify you, because of men’s blood and for the violence done to the land, to every city and to those who dwell in them."
      },
      {
        "book_name": "Habakkuk",
        "book": 35,
        "chapter": 2,
        "verse": 18,
        "text": "“What value does the engraved image have, that its maker has engraved it; the molten image, even the teacher of lies, that he who fashions its form trusts in it, to make mute idols?"
      },
      {
        "book_name": "Habakkuk",
        "book": 35,
        "chapter": 2,
        "verse": 19,
        "text": "Woe to him who says to the wood, ‘Awake!’ or to the mute stone, ‘Arise!’ Shall this teach? Behold, it is overlaid with gold and silver, and there is no breath at all within it."
      },
      {
        "book_name": "Habakkuk",
        "book": 35,
        "chapter": 2,
        "verse": 20,
        "text": "But Yahweh is in his holy temple. Let all the earth be silent before him!”"
      }
    ],
    "3": [
      {
        "book_name": "Habakkuk",
        "book": 35,
        "chapter": 3,
        "verse": 1,
        "text": "1A prayer of Habakkuk, the prophet, set to victorious music.  2Yahweh, I have heard of your fame.I stand in awe of your deeds, Yahweh.Renew your work in the middle of the years.In the middle of the years make it known.In wrath, you remember mercy.  3God came from Teman,the Holy One from Mount Paran. Selah.His glory covered the heavens,and his praise filled the earth.  4His splendor is like the sunrise.Rays shine from his hand, where his power is hidden.  5Plague went before him,and pestilence followed his feet.  6He stood, and shook the earth.He looked, and made the nations tremble.The ancient mountains were crumbled.The age-old hills collapsed.His ways are eternal.  7I saw the tents of Cushan in affliction.The dwellings of the land of Midian trembled.  8Was Yahweh displeased with the rivers?Was your anger against the rivers,or your wrath against the sea,that you rode on your horses,on your chariots of salvation?  9You uncovered your bow.You called for your sworn arrows. Selah.You split the earth with rivers.  10The mountains saw you, and were afraid.The storm of waters passed by.The deep roared and lifted up its hands on high.  11The sun and moon stood still in the skyat the light of your arrows as they went,at the shining of your glittering spear.  12You marched through the land in wrath.You threshed the nations in anger.  13You went out for the salvation of your people,for the salvation of your anointed.You crushed the head of the land of wickedness.You stripped them head to foot. Selah.  14You pierced the heads of his warriors with their own spears.They came as a whirlwind to scatter me,gloating as if to devour the wretched in secret.  15You trampled the sea with your horses,churning mighty waters.  16I heard, and my body trembled.My lips quivered at the voice.Rottenness enters into my bones, and I tremble in my placebecause I must wait quietly for the day of trouble,for the coming up of the people who invade us.  17For even though the fig tree doesn’t flourish,nor fruit be in the vines,the labor of the olive fails,the fields yield no food,the flocks are cut off from the fold,and there is no herd in the stalls,  18yet I will rejoice in Yahweh.I will be joyful in the God of my salvation!  19Yahweh, the Lord,#3:19 The word translated “Lord” is “Adonai.” is my strength.He makes my feet like deer’s feet,and enables me to go in high places.For the music director, on my stringed instruments."
      },
      {
        "book_name": "Habakkuk",
        "book": 35,
        "chapter": 3,
        "verse": 1,
        "text": "A prayer of Habakkuk, the prophet, set to victorious music."
      },
      {
        "book_name": "Habakkuk",
        "book": 35,
        "chapter": 3,
        "verse": 2,
        "text": "Yahweh, I have heard of your fame."
      },
      {
        "book_name": "Habakkuk",
        "book": 35,
        "chapter": 3,
        "verse": 2,
        "text": "I stand in awe of your deeds, Yahweh."
      },
      {
        "book_name": "Habakkuk",
        "book": 35,
        "chapter": 3,
        "verse": 2,
        "text": "Renew your work in the middle of the years."
      },
      {
        "book_name": "Habakkuk",
        "book": 35,
        "chapter": 3,
        "verse": 2,
        "text": "In the middle of the years make it known."
      },
      {
        "book_name": "Habakkuk",
        "book": 35,
        "chapter": 3,
        "verse": 2,
        "text": "In wrath, you remember mercy."
      },
      {
        "book_name": "Habakkuk",
        "book": 35,
        "chapter": 3,
        "verse": 3,
        "text": "God came from Teman,"
      },
      {
        "book_name": "Habakkuk",
        "book": 35,
        "chapter": 3,
        "verse": 3,
        "text": "the Holy One from Mount Paran. Selah."
      },
      {
        "book_name": "Habakkuk",
        "book": 35,
        "chapter": 3,
        "verse": 3,
        "text": "His glory covered the heavens,"
      },
      {
        "book_name": "Habakkuk",
        "book": 35,
        "chapter": 3,
        "verse": 3,
        "text": "and his praise filled the earth."
      },
      {
        "book_name": "Habakkuk",
        "book": 35,
        "chapter": 3,
        "verse": 4,
        "text": "His splendor is like the sunrise."
      },
      {
        "book_name": "Habakkuk",
        "book": 35,
        "chapter": 3,
        "verse": 4,
        "text": "Rays shine from his hand, where his power is hidden."
      },
      {
        "book_name": "Habakkuk",
        "book": 35,
        "chapter": 3,
        "verse": 5,
        "text": "Plague went before him,"
      },
      {
        "book_name": "Habakkuk",
        "book": 35,
        "chapter": 3,
        "verse": 5,
        "text": "and pestilence followed his feet."
      },
      {
        "book_name": "Habakkuk",
        "book": 35,
        "chapter": 3,
        "verse": 6,
        "text": "He stood, and shook the earth."
      },
      {
        "book_name": "Habakkuk",
        "book": 35,
        "chapter": 3,
        "verse": 6,
        "text": "He looked, and made the nations tremble."
      },
      {
        "book_name": "Habakkuk",
        "book": 35,
        "chapter": 3,
        "verse": 6,
        "text": "The ancient mountains were crumbled."
      },
      {
        "book_name": "Habakkuk",
        "book": 35,
        "chapter": 3,
        "verse": 6,
        "text": "The age-old hills collapsed."
      },
      {
        "book_name": "Habakkuk",
        "book": 35,
        "chapter": 3,
        "verse": 6,
        "text": "His ways are eternal."
      },
      {
        "book_name": "Habakkuk",
        "book": 35,
        "chapter": 3,
        "verse": 7,
        "text": "I saw the tents of Cushan in affliction."
      },
      {
        "book_name": "Habakkuk",
        "book": 35,
        "chapter": 3,
        "verse": 7,
        "text": "The dwellings of the land of Midian trembled."
      },
      {
        "book_name": "Habakkuk",
        "book": 35,
        "chapter": 3,
        "verse": 8,
        "text": "Was Yahweh displeased with the rivers?"
      },
      {
        "book_name": "Habakkuk",
        "book": 35,
        "chapter": 3,
        "verse": 8,
        "text": "Was your anger against the rivers,"
      },
      {
        "book_name": "Habakkuk",
        "book": 35,
        "chapter": 3,
        "verse": 8,
        "text": "or your wrath against the sea,"
      },
      {
        "book_name": "Habakkuk",
        "book": 35,
        "chapter": 3,
        "verse": 8,
        "text": "that you rode on your horses,"
      },
      {
        "book_name": "Habakkuk",
        "book": 35,
        "chapter": 3,
        "verse": 8,
        "text": "on your chariots of salvation?"
      },
      {
        "book_name": "Habakkuk",
        "book": 35,
        "chapter": 3,
        "verse": 9,
        "text": "You uncovered your bow."
      },
      {
        "book_name": "Habakkuk",
        "book": 35,
        "chapter": 3,
        "verse": 9,
        "text": "You called for your sworn arrows. Selah."
      },
      {
        "book_name": "Habakkuk",
        "book": 35,
        "chapter": 3,
        "verse": 9,
        "text": "You split the earth with rivers."
      },
      {
        "book_name": "Habakkuk",
        "book": 35,
        "chapter": 3,
        "verse": 10,
        "text": "The mountains saw you, and were afraid."
      },
      {
        "book_name": "Habakkuk",
        "book": 35,
        "chapter": 3,
        "verse": 10,
        "text": "The storm of waters passed by."
      },
      {
        "book_name": "Habakkuk",
        "book": 35,
        "chapter": 3,
        "verse": 10,
        "text": "The deep roared and lifted up its hands on high."
      },
      {
        "book_name": "Habakkuk",
        "book": 35,
        "chapter": 3,
        "verse": 11,
        "text": "The sun and moon stood still in the sky"
      },
      {
        "book_name": "Habakkuk",
        "book": 35,
        "chapter": 3,
        "verse": 11,
        "text": "at the light of your arrows as they went,"
      },
      {
        "book_name": "Habakkuk",
        "book": 35,
        "chapter": 3,
        "verse": 11,
        "text": "at the shining of your glittering spear."
      },
      {
        "book_name": "Habakkuk",
        "book": 35,
        "chapter": 3,
        "verse": 12,
        "text": "You marched through the land in wrath."
      },
      {
        "book_name": "Habakkuk",
        "book": 35,
        "chapter": 3,
        "verse": 12,
        "text": "You threshed the nations in anger."
      },
      {
        "book_name": "Habakkuk",
        "book": 35,
        "chapter": 3,
        "verse": 13,
        "text": "You went out for the salvation of your people,"
      },
      {
        "book_name": "Habakkuk",
        "book": 35,
        "chapter": 3,
        "verse": 13,
        "text": "for the salvation of your anointed."
      },
      {
        "book_name": "Habakkuk",
        "book": 35,
        "chapter": 3,
        "verse": 13,
        "text": "You crushed the head of the land of wickedness."
      },
      {
        "book_name": "Habakkuk",
        "book": 35,
        "chapter": 3,
        "verse": 13,
        "text": "You stripped them head to foot. Selah."
      },
      {
        "book_name": "Habakkuk",
        "book": 35,
        "chapter": 3,
        "verse": 14,
        "text": "You pierced the heads of his warriors with their own spears."
      },
      {
        "book_name": "Habakkuk",
        "book": 35,
        "chapter": 3,
        "verse": 14,
        "text": "They came as a whirlwind to scatter me,"
      },
      {
        "book_name": "Habakkuk",
        "book": 35,
        "chapter": 3,
        "verse": 14,
        "text": "gloating as if to devour the wretched in secret."
      },
      {
        "book_name": "Habakkuk",
        "book": 35,
        "chapter": 3,
        "verse": 15,
        "text": "You trampled the sea with your horses,"
      },
      {
        "book_name": "Habakkuk",
        "book": 35,
        "chapter": 3,
        "verse": 15,
        "text": "churning mighty waters."
      },
      {
        "book_name": "Habakkuk",
        "book": 35,
        "chapter": 3,
        "verse": 16,
        "text": "I heard, and my body trembled."
      },
      {
        "book_name": "Habakkuk",
        "book": 35,
        "chapter": 3,
        "verse": 16,
        "text": "My lips quivered at the voice."
      },
      {
        "book_name": "Habakkuk",
        "book": 35,
        "chapter": 3,
        "verse": 16,
        "text": "Rottenness enters into my bones, and I tremble in my place"
      },
      {
        "book_name": "Habakkuk",
        "book": 35,
        "chapter": 3,
        "verse": 16,
        "text": "because I must wait quietly for the day of trouble,"
      },
      {
        "book_name": "Habakkuk",
        "book": 35,
        "chapter": 3,
        "verse": 16,
        "text": "for the coming up of the people who invade us."
      },
      {
        "book_name": "Habakkuk",
        "book": 35,
        "chapter": 3,
        "verse": 17,
        "text": "For even though the fig tree doesn’t flourish,"
      },
      {
        "book_name": "Habakkuk",
        "book": 35,
        "chapter": 3,
        "verse": 17,
        "text": "nor fruit be in the vines,"
      },
      {
        "book_name": "Habakkuk",
        "book": 35,
        "chapter": 3,
        "verse": 17,
        "text": "the labor of the olive fails,"
      },
      {
        "book_name": "Habakkuk",
        "book": 35,
        "chapter": 3,
        "verse": 17,
        "text": "the fields yield no food,"
      },
      {
        "book_name": "Habakkuk",
        "book": 35,
        "chapter": 3,
        "verse": 17,
        "text": "the flocks are cut off from the fold,"
      },
      {
        "book_name": "Habakkuk",
        "book": 35,
        "chapter": 3,
        "verse": 17,
        "text": "and there is no herd in the stalls,"
      },
      {
        "book_name": "Habakkuk",
        "book": 35,
        "chapter": 3,
        "verse": 18,
        "text": "yet I will rejoice in Yahweh."
      },
      {
        "book_name": "Habakkuk",
        "book": 35,
        "chapter": 3,
        "verse": 18,
        "text": "I will be joyful in the God of my salvation!"
      },
      {
        "book_name": "Habakkuk",
        "book": 35,
        "chapter": 3,
        "verse": 19,
        "text": "Yahweh, the Lord,#3:19 The word translated “Lord” is “Adonai.” is my strength."
      },
      {
        "book_name": "Habakkuk",
        "book": 35,
        "chapter": 3,
        "verse": 19,
        "text": "He makes my feet like deer’s feet,"
      },
      {
        "book_name": "Habakkuk",
        "book": 35,
        "chapter": 3,
        "verse": 19,
        "text": "and enables me to go in high places."
      },
      {
        "book_name": "Habakkuk",
        "book": 35,
        "chapter": 3,
        "verse": 19,
        "text": "For the music director, on my stringed instruments."
      }
    ]
  }
}