{
  "source": "bible.com",
  "version": "World English Bible",
  "book": "Haggai",
  "chapters": {
    "1": [
      {
        "book_name": "Haggai",
        "book": 37,
        "chapter": 1,
        "verse": 1,
        "text": "1In the second year of Darius the king, in the sixth month, in the first day of the month, Yahweh’s#1:1 “Yahweh” is God’s proper Name, sometimes rendered “Lord” (all caps) in other translations. word came by Haggai the prophet, to Zerubbabel the son of Shealtiel, governor of Judah, and to Joshua the son of Jehozadak, the high priest, saying, 2“This is what Yahweh of Armies says: These people say, ‘The time hasn’t yet come, the time for Yahweh’s house to be built.’”  3Then Yahweh’s word came by Haggai the prophet, saying, 4“Is it a time for you yourselves to dwell in your paneled houses, while this house lies waste? 5Now therefore this is what Yahweh of Armies says: ‘Consider your ways. 6You have sown much, and bring in little. You eat, but you don’t have enough. You drink, but you aren’t filled with drink. You clothe yourselves, but no one is warm; and he who earns wages earns wages to put them into a bag with holes in it.’  7“This is what Yahweh of Armies says: ‘Consider your ways. 8Go up to the mountain, bring wood, and build the house. I will take pleasure in it, and I will be glorified,” says Yahweh. 9“You looked for much, and, behold,#1:9 “Behold”, from “הִנֵּה”, means look at, take notice, observe, see, or gaze at. It is often used as an interjection. it came to little; and when you brought it home, I blew it away. Why?” says Yahweh of Armies, “Because of my house that lies waste, while each of you is busy with his own house. 10Therefore for your sake the heavens withhold the dew, and the earth withholds its fruit. 11I called for a drought on the land, on the mountains, on the grain, on the new wine, on the oil, on that which the ground produces, on men, on livestock, and on all the labor of the hands.”  12Then Zerubbabel the son of Shealtiel and Joshua the son of Jehozadak, the high priest, with all the remnant of the people, obeyed Yahweh their God’s#1:12 The Hebrew word rendered “God” is “אֱלֹהִ֑ים” (Elohim). voice, and the words of Haggai the prophet, as Yahweh their God had sent him; and the people feared Yahweh.  13Then Haggai, Yahweh’s messenger, spoke Yahweh’s message to the people, saying, “I am with you,” says Yahweh.  14Yahweh stirred up the spirit of Zerubbabel the son of Shealtiel, governor of Judah, and the spirit of Joshua the son of Jehozadak, the high priest, and the spirit of all the remnant of the people; and they came and worked on the house of Yahweh of Armies, their God, 15in the twenty-fourth day of the month, in the sixth month, in the second year of Darius the king."
      },
      {
        "book_name": "Haggai",
        "book": 37,
        "chapter": 1,
        "verse": 1,
        "text": "In the second year of Darius the king, in the sixth month, in the first day of the month, Yahweh’s#1:1 “Yahweh” is God’s proper Name, sometimes rendered “Lord” (all caps) in other translations. word came by Haggai the prophet, to Zerubbabel the son of Shealtiel, governor of Judah, and to Joshua the son of Jehozadak, the high priest, saying,"
      },
      {
        "book_name": "Haggai",
        "book": 37,
        "chapter": 1,
        "verse": 2,
        "text": "“This is what Yahweh of Armies says: These people say, ‘The time hasn’t yet come, the time for Yahweh’s house to be built.’”"
      },
      {
        "book_name": "Haggai",
        "book": 37,
        "chapter": 1,
        "verse": 3,
        "text": "Then Yahweh’s word came by Haggai the prophet, saying,"
      },
      {
        "book_name": "Haggai",
        "book": 37,
        "chapter": 1,
        "verse": 4,
        "text": "“Is it a time for you yourselves to dwell in your paneled houses, while this house lies waste?"
      },
      {
        "book_name": "Haggai",
        "book": 37,
        "chapter": 1,
        "verse": 5,
        "text": "Now therefore this is what Yahweh of Armies says: ‘Consider your ways."
      },
      {
        "book_name": "Haggai",
        "book": 37,
        "chapter": 1,
        "verse": 6,
        "text": "You have sown much, and bring in little. You eat, but you don’t have enough. You drink, but you aren’t filled with drink. You clothe yourselves, but no one is warm; and he who earns wages earns wages to put them into a bag with holes in it.’"
      },
      {
        "book_name": "Haggai",
        "book": 37,
        "chapter": 1,
        "verse": 7,
        "text": "“This is what Yahweh of Armies says: ‘Consider your ways."
      },
      {
        "book_name": "Haggai",
        "book": 37,
        "chapter": 1,
        "verse": 8,
        "text": "Go up to the mountain, bring wood, and build the house. I will take pleasure in it, and I will be glorified,” says Yahweh."
      },
      {
        "book_name": "Haggai",
        "book": 37,
        "chapter": 1,
        "verse": 9,
        "text": "“You looked for much, and, behold,#1:9 “Behold”, from “הִנֵּה”, means look at, take notice, observe, see, or gaze at. It is often used as an interjection. it came to little; and when you brought it home, I blew it away. Why?” says Yahweh of Armies, “Because of my house that lies waste, while each of you is busy with his own house."
      },
      {
        "book_name": "Haggai",
        "book": 37,
        "chapter": 1,
        "verse": 10,
        "text": "Therefore for your sake the heavens withhold the dew, and the earth withholds its fruit."
      },
      {
        "book_name": "Haggai",
        "book": 37,
        "chapter": 1,
        "verse": 11,
        "text": "I called for a drought on the land, on the mountains, on the grain, on the new wine, on the oil, on that which the ground produces, on men, on livestock, and on all the labor of the hands.”"
      },
      {
        "book_name": "Haggai",
        "book": 37,
        "chapter": 1,
        "verse": 12,
        "text": "Then Zerubbabel the son of Shealtiel and Joshua the son of Jehozadak, the high priest, with all the remnant of the people, obeyed Yahweh their God’s#1:12 The Hebrew word rendered “God” is “אֱלֹהִ֑ים” (Elohim). voice, and the words of Haggai the prophet, as Yahweh their God had sent him; and the people feared Yahweh."
      },
      {
        "book_name": "Haggai",
        "book": 37,
        "chapter": 1,
        "verse": 13,
        "text": "Then Haggai, Yahweh’s messenger, spoke Yahweh’s message to the people, saying, “I am with you,” says Yahweh."
      },
      {
        "book_name": "Haggai",
        "book": 37,
        "chapter": 1,
        "verse": 14,
        "text": "Yahweh stirred up the spirit of Zerubbabel the son of Shealtiel, governor of Judah, and the spirit of Joshua the son of Jehozadak, the high priest, and the spirit of all the remnant of the people; and they came and worked on the house of Yahweh of Armies, their God,"
      },
      {
        "book_name": "Haggai",
        "book": 37,
        "chapter": 1,
        "verse": 15,
        "text": "in the twenty-fourth day of the month, in the sixth month, in the second year of Darius the king."
      }
    ],
    "2": [
      {
        "book_name": "Haggai",
        "book": 37,
        "chapter": 2,
        "verse": 1,
        "text": "1In the seventh month, in the twenty-first day of the month, Yahweh’s word came by Haggai the prophet, saying, 2“Speak now to Zerubbabel the son of Shealtiel, governor of Judah, and to Joshua the son of Jehozadak, the high priest, and to the remnant of the people, saying, 3‘Who is left among you who saw this house in its former glory? How do you see it now? Isn’t it in your eyes as nothing? 4Yet now be strong, Zerubbabel,’ says Yahweh. ‘Be strong, Joshua son of Jehozadak, the high priest. Be strong, all you people of the land,’ says Yahweh, ‘and work, for I am with you,’ says Yahweh of Armies. 5This is the word that I covenanted with you when you came out of Egypt, and my Spirit lived among you. ‘Don’t be afraid.’ 6For this is what Yahweh of Armies says: ‘Yet once more, it is a little while, and I will shake the heavens, the earth, the sea, and the dry land; 7and I will shake all nations. The treasure of all nations will come, and I will fill this house with glory, says Yahweh of Armies. 8The silver is mine, and the gold is mine,’ says Yahweh of Armies. 9‘The latter glory of this house will be greater than the former,’ says Yahweh of Armies; ‘and in this place I will give peace,’ says Yahweh of Armies.”  10In the twenty-fourth day of the ninth month, in the second year of Darius, Yahweh’s word came by Haggai the prophet, saying, 11“Yahweh of Armies says: Ask now the priests concerning the law, saying, 12‘If someone carries holy meat in the fold of his garment, and with his fold touches bread, stew, wine, oil, or any food, will it become holy?’”The priests answered, “No.”  13Then Haggai said, “If one who is unclean by reason of a dead body touches any of these, will it be unclean?”The priests answered, “It will be unclean.”  14Then Haggai answered, “‘So is this people, and so is this nation before me,’ says Yahweh; ‘and so is every work of their hands. That which they offer there is unclean. 15Now, please consider from this day and backward, before a stone was laid on a stone in Yahweh’s temple. 16Through all that time, when one came to a heap of twenty measures, there were only ten. When one came to the wine vat to draw out fifty, there were only twenty. 17I struck you with blight, mildew, and hail in all the work of your hands; yet you didn’t turn to me,’ says Yahweh. 18‘Consider, please, from this day and backward, from the twenty-fourth day of the ninth month, since the day that the foundation of Yahweh’s temple was laid, consider it. 19Is the seed yet in the barn? Yes, the vine, the fig tree, the pomegranate, and the olive tree haven’t produced. From today I will bless you.’”  20Yahweh’s word came the second time to Haggai in the twenty-fourth day of the month, saying, 21“Speak to Zerubbabel, governor of Judah, saying, ‘I will shake the heavens and the earth. 22I will overthrow the throne of kingdoms. I will destroy the strength of the kingdoms of the nations. I will overthrow the chariots and those who ride in them. The horses and their riders will come down, everyone by the sword of his brother. 23In that day, says Yahweh of Armies, I will take you, Zerubbabel my servant, the son of Shealtiel,’ says Yahweh, ‘and will make you like a signet ring, for I have chosen you,’ says Yahweh of Armies.”"
      },
      {
        "book_name": "Haggai",
        "book": 37,
        "chapter": 2,
        "verse": 1,
        "text": "In the seventh month, in the twenty-first day of the month, Yahweh’s word came by Haggai the prophet, saying,"
      },
      {
        "book_name": "Haggai",
        "book": 37,
        "chapter": 2,
        "verse": 2,
        "text": "“Speak now to Zerubbabel the son of Shealtiel, governor of Judah, and to Joshua the son of Jehozadak, the high priest, and to the remnant of the people, saying,"
      },
      {
        "book_name": "Haggai",
        "book": 37,
        "chapter": 2,
        "verse": 3,
        "text": "‘Who is left among you who saw this house in its former glory? How do you see it now? Isn’t it in your eyes as nothing?"
      },
      {
        "book_name": "Haggai",
        "book": 37,
        "chapter": 2,
        "verse": 4,
        "text": "Yet now be strong, Zerubbabel,’ says Yahweh. ‘Be strong, Joshua son of Jehozadak, the high priest. Be strong, all you people of the land,’ says Yahweh, ‘and work, for I am with you,’ says Yahweh of Armies."
      },
      {
        "book_name": "Haggai",
        "book": 37,
        "chapter": 2,
        "verse": 5,
        "text": "This is the word that I covenanted with you when you came out of Egypt, and my Spirit lived among you. ‘Don’t be afraid.’"
      },
      {
        "book_name": "Haggai",
        "book": 37,
        "chapter": 2,
        "verse": 6,
        "text": "For this is what Yahweh of Armies says: ‘Yet once more, it is a little while, and I will shake the heavens, the earth, the sea, and the dry land;"
      },
      {
        "book_name": "Haggai",
        "book": 37,
        "chapter": 2,
        "verse": 7,
        "text": "and I will shake all nations. The treasure of all nations will come, and I will fill this house with glory, says Yahweh of Armies."
      },
      {
        "book_name": "Haggai",
        "book": 37,
        "chapter": 2,
        "verse": 8,
        "text": "The silver is mine, and the gold is mine,’ says Yahweh of Armies."
      },
      {
        "book_name": "Haggai",
        "book": 37,
        "chapter": 2,
        "verse": 9,
        "text": "‘The latter glory of this house will be greater than the former,’ says Yahweh of Armies; ‘and in this place I will give peace,’ says Yahweh of Armies.”"
      },
      {
        "book_name": "Haggai",
        "book": 37,
        "chapter": 2,
        "verse": 10,
        "text": "In the twenty-fourth day of the ninth month, in the second year of Darius, Yahweh’s word came by Haggai the prophet, saying,"
      },
      {
        "book_name": "Haggai",
        "book": 37,
        "chapter": 2,
        "verse": 11,
        "text": "“Yahweh of Armies says: Ask now the priests concerning the law, saying,"
      },
      {
        "book_name": "Haggai",
        "book": 37,
        "chapter": 2,
        "verse": 12,
        "text": "‘If someone carries holy meat in the fold of his garment, and with his fold touches bread, stew, wine, oil, or any food, will it become holy?’”"
      },
      {
        "book_name": "Haggai",
        "book": 37,
        "chapter": 2,
        "verse": 12,
        "text": "The priests answered, “No.”"
      },
      {
        "book_name": "Haggai",
        "book": 37,
        "chapter": 2,
        "verse": 13,
        "text": "Then Haggai said, “If one who is unclean by reason of a dead body touches any of these, will it be unclean?”"
      },
      {
        "book_name": "Haggai",
        "book": 37,
        "chapter": 2,
        "verse": 13,
        "text": "The priests answered, “It will be unclean.”"
      },
      {
        "book_name": "Haggai",
        "book": 37,
        "chapter": 2,
        "verse": 14,
        "text": "Then Haggai answered, “‘So is this people, and so is this nation before me,’ says Yahweh; ‘and so is every work of their hands. That which they offer there is unclean."
      },
      {
        "book_name": "Haggai",
        "book": 37,
        "chapter": 2,
        "verse": 15,
        "text": "Now, please consider from this day and backward, before a stone was laid on a stone in Yahweh’s temple."
      },
      {
        "book_name": "Haggai",
        "book": 37,
        "chapter": 2,
        "verse": 16,
        "text": "Through all that time, when one came to a heap of twenty measures, there were only ten. When one came to the wine vat to draw out fifty, there were only twenty."
      },
      {
        "book_name": "Haggai",
        "book": 37,
        "chapter": 2,
        "verse": 17,
        "text": "I struck you with blight, mildew, and hail in all the work of your hands; yet you didn’t turn to me,’ says Yahweh."
      },
      {
        "book_name": "Haggai",
        "book": 37,
        "chapter": 2,
        "verse": 18,
        "text": "‘Consider, please, from this day and backward, from the twenty-fourth day of the ninth month, since the day that the foundation of Yahweh’s temple was laid, consider it."
      },
      {
        "book_name": "Haggai",
        "book": 37,
        "chapter": 2,
        "verse": 19,
        "text": "Is the seed yet in the barn? Yes, the vine, the fig tree, the pomegranate, and the olive tree haven’t produced. From today I will bless you.’”"
      },
      {
        "book_name": "Haggai",
        "book": 37,
        "chapter": 2,
        "verse": 20,
        "text": "Yahweh’s word came the second time to Haggai in the twenty-fourth day of the month, saying,"
      },
      {
        "book_name": "Haggai",
        "book": 37,
        "chapter": 2,
        "verse": 21,
        "text": "“Speak to Zerubbabel, governor of Judah, saying, ‘I will shake the heavens and the earth."
      },
      {
        "book_name": "Haggai",
        "book": 37,
        "chapter": 2,
        "verse": 22,
        "text": "I will overthrow the throne of kingdoms. I will destroy the strength of the kingdoms of the nations. I will overthrow the chariots and those who ride in them. The horses and their riders will come down, everyone by the sword of his brother."
      },
      {
        "book_name": "Haggai",
        "book": 37,
        "chapter": 2,
        "verse": 23,
        "text": "In that day, says Yahweh of Armies, I will take you, Zerubbabel my servant, the son of Shealtiel,’ says Yahweh, ‘and will make you like a signet ring, for I have chosen you,’ says Yahweh of Armies.”"
      }
    ]
  }
}