{
  "source": "bible.com",
  "version": "World English Bible",
  "books": [
    {
      "name": "Genesis",
      "abbreviation": "GEN",
      "filename": "GEN.json",
      "chapters": 50,
      "source": "bible.com"
    },
    {
      "name": "Exodus",
      "abbreviation": "EXO",
      "filename": "EXO.json",
      "chapters": 40,
      "source": "bible.com"
    },
    {
      "name": "Leviticus",
      "abbreviation": "LEV",
      "filename": "LEV.json",
      "chapters": 27,
      "source": "bible.com"
    },
    {
      "name": "Numbers",
      "abbreviation": "NUM",
      "filename": "NUM.json",
      "chapters": 36,
      "source": "bible.com"
    },
    {
      "name": "Deuteronomy",
      "abbreviation": "DEU",
      "filename": "DEU.json",
      "chapters": 34,
      "source": "bible.com"
    },
    {
      "name": "Joshua",
      "abbreviation": "JOS",
      "filename": "JOS.json",
      "chapters": 24,
      "source": "bible.com"
    },
    {
      "name": "Judges",
      "abbreviation": "JDG",
      "filename": "JDG.json",
      "chapters": 21,
      "source": "bible.com"
    },
    {
      "name": "Ruth",
      "abbreviation": "RUT",
      "filename": "RUT.json",
      "chapters": 4,
      "source": "bible.com"
    },
    {
      "name": "1 Samuel",
      "abbreviation": "1SA",
      "filename": "1SA.json",
      "chapters": 31,
      "source": "bible.com"
    },
    {
      "name": "2 Samuel",
      "abbreviation": "2SA",
      "filename": "2SA.json",
      "chapters": 24,
      "source": "bible.com"
    },
    {
      "name": "1 Kings",
      "abbreviation": "1KI",
      "filename": "1KI.json",
      "chapters": 22,
      "source": "bible.com"
    },
    {
      "name": "2 Kings",
      "abbreviation": "2KI",
      "filename": "2KI.json",
      "chapters": 25,
      "source": "bible.com"
    },
    {
      "name": "1 Chronicles",
      "abbreviation": "1CH",
      "filename": "1CH.json",
      "chapters": 29,
      "source": "bible.com"
    },
    {
      "name": "2 Chronicles",
      "abbreviation": "2CH",
      "filename": "2CH.json",
      "chapters": 36,
      "source": "bible.com"
    },
    {
      "name": "Ezra",
      "abbreviation": "EZR",
      "filename": "EZR.json",
      "chapters": 10,
      "source": "bible.com"
    },
    {
      "name": "Nehemiah",
      "abbreviation": "NEH",
      "filename": "NEH.json",
      "chapters": 13,
      "source": "bible.com"
    },
    {
      "name": "Esther",
      "abbreviation": "EST",
      "filename": "EST.json",
      "chapters": 10,
      "source": "bible.com"
    },
    {
      "name": "Job",
      "abbreviation": "JOB",
      "filename": "JOB.json",
      "chapters": 42,
      "source": "bible.com"
    },
    {
      "name": "Psalms",
      "abbreviation": "PSA",
      "filename": "PSA.json",
      "chapters": 150,
      "source": "bible.com"
    },
    {
      "name": "Proverbs",
      "abbreviation": "PRO",
      "filename": "PRO.json",
      "chapters": 31,
      "source": "bible.com"
    },
    {
      "name": "Ecclesiastes",
      "abbreviation": "ECC",
      "filename": "ECC.json",
      "chapters": 12,
      "source": "bible.com"
    },
    {
      "name": "Song of Songs",
      "abbreviation": "SNG",
      "filename": "SNG.json",
      "chapters": 8,
      "source": "bible.com"
    },
    {
      "name": "Isaiah",
      "abbreviation": "ISA",
      "filename": "ISA.json",
      "chapters": 66,
      "source": "bible.com"
    },
    {
      "name": "Jeremiah",
      "abbreviation": "JER",
      "filename": "JER.json",
      "chapters": 52,
      "source": "bible.com"
    },
    {
      "name": "Lamentations",
      "abbreviation": "LAM",
      "filename": "LAM.json",
      "chapters": 5,
      "source": "bible.com"
    },
    {
      "name": "Ezekiel",
      "abbreviation": "EZK",
      "filename": "EZK.json",
      "chapters": 48,
      "source": "bible.com"
    },
    {
      "name": "Daniel",
      "abbreviation": "DAN",
      "filename": "DAN.json",
      "chapters": 12,
      "source": "bible.com"
    },
    {
      "name": "Hosea",
      "abbreviation": "HOS",
      "filename": "HOS.json",
      "chapters": 14,
      "source": "bible.com"
    },
    {
      "name": "Joel",
      "abbreviation": "JOL",
      "filename": "JOL.json",
      "chapters": 3,
      "source": "bible.com"
    },
    {
      "name": "Amos",
      "abbreviation": "AMO",
      "filename": "AMO.json",
      "chapters": 9,
      "source": "bible.com"
    },
    {
      "name": "Obadiah",
      "abbreviation": "OBA",
      "filename": "OBA.json",
      "chapters": 1,
      "source": "bible.com"
    },
    {
      "name": "Jonah",
      "abbreviation": "JON",
      "filename": "JON.json",
      "chapters": 4,
      "source": "bible.com"
    },
    {
      "name": "Micah",
      "abbreviation": "MIC",
      "filename": "MIC.json",
      "chapters": 7,
      "source": "bible.com"
    },
    {
      "name": "Nahum",
      "abbreviation": "NAM",
      "filename": "NAM.json",
      "chapters": 3,
      "source": "bible.com"
    },
    {
      "name": "Habakkuk",
      "abbreviation": "HAB",
      "filename": "HAB.json",
      "chapters": 3,
      "source": "bible.com"
    },
    {
      "name": "Zephaniah",
      "abbreviation": "ZEP",
      "filename": "ZEP.json",
      "chapters": 3,
      "source": "bible.com"
    },
    {
      "name": "Haggai",
      "abbreviation": "HAG",
      "filename": "HAG.json",
      "chapters": 2,
      "source": "bible.com"
    },
    {
      "name": "Zechariah",
      "abbreviation": "ZEC",
      "filename": "ZEC.json",
      "chapters": 14,
      "source": "bible.com"
    },
    {
      "name": "Malachi",
      "abbreviation": "MAL",
      "filename": "MAL.json",
      "chapters": 4,
      "source": "bible.com"
    },
    {
      "name": "Matthew",
      "abbreviation": "MAT",
      "filename": "MAT.json",
      "chapters": 28,
      "source": "bible.com"
    },
    {
      "name": "Mark",
      "abbreviation": "MRK",
      "filename": "MRK.json",
      "chapters": 16,
      "source": "bible.com"
    },
    {
      "name": "Luke",
      "abbreviation": "LUK",
      "filename": "LUK.json",
      "chapters": 24,
      "source": "bible.com"
    },
    {
      "name": "John",
      "abbreviation": "JHN",
      "filename": "JHN.json",
      "chapters": 21,
      "source": "bible.com"
    },
    {
      "name": "Acts",
      "abbreviation": "ACT",
      "filename": "ACT.json",
      "chapters": 28,
      "source": "bible.com"
    },
    {
      "name": "Romans",
      "abbreviation": "ROM",
      "filename": "ROM.json",
      "chapters": 16,
      "source": "bible.com"
    },
    {
      "name": "1 Corinthians",
      "abbreviation": "1CO",
      "filename": "1CO.json",
      "chapters": 16,
      "source": "bible.com"
    },
    {
      "name": "2 Corinthians",
      "abbreviation": "2CO",
      "filename": "2CO.json",
      "chapters": 13,
      "source": "bible.com"
    },
    {
      "name": "Galatians",
      "abbreviation": "GAL",
      "filename": "GAL.json",
      "chapters": 6,
      "source": "bible.com"
    },
    {
      "name": "Ephesians",
      "abbreviation": "EPH",
      "filename": "EPH.json",
      "chapters": 6,
      "source": "bible.com"
    },
    {
      "name": "Philippians",
      "abbreviation": "PHP",
      "filename": "PHP.json",
      "chapters": 4,
      "source": "bible.com"
    },
    {
      "name": "Colossians",
      "abbreviation": "COL",
      "filename": "COL.json",
      "chapters": 4,
      "source": "bible.com"
    },
    {
      "name": "1 Thessalonians",
      "abbreviation": "1TH",
      "filename": "1TH.json",
      "chapters": 5,
      "source": "bible.com"
    },
    {
      "name": "2 Thessalonians",
      "abbreviation": "2TH",
      "filename": "2TH.json",
      "chapters": 3,
      "source": "bible.com"
    },
    {
      "name": "1 Timothy",
      "abbreviation": "1TI",
      "filename": "1TI.json",
      "chapters": 6,
      "source": "bible.com"
    },
    {
      "name": "2 Timothy",
      "abbreviation": "2TI",
      "filename": "2TI.json",
      "chapters": 4,
      "source": "bible.com"
    },
    {
      "name": "Titus",
      "abbreviation": "TIT",
      "filename": "TIT.json",
      "chapters": 3,
      "source": "bible.com"
    },
    {
      "name": "Philemon",
      "abbreviation": "PHM",
      "filename": "PHM.json",
      "chapters": 1,
      "source": "bible.com"
    },
    {
      "name": "Hebrews",
      "abbreviation": "HEB",
      "filename": "HEB.json",
      "chapters": 13,
      "source": "bible.com"
    },
    {
      "name": "James",
      "abbreviation": "JAS",
      "filename": "JAS.json",
      "chapters": 5,
      "source": "bible.com"
    },
    {
      "name": "1 Peter",
      "abbreviation": "1PE",
      "filename": "1PE.json",
      "chapters": 5,
      "source": "bible.com"
    },
    {
      "name": "2 Peter",
      "abbreviation": "2PE",
      "filename": "2PE.json",
      "chapters": 3,
      "source": "bible.com"
    },
    {
      "name": "1 John",
      "abbreviation": "1JN",
      "filename": "1JN.json",
      "chapters": 5,
      "source": "bible.com"
    },
    {
      "name": "2 John",
      "abbreviation": "2JN",
      "filename": "2JN.json",
      "chapters": 1,
      "source": "bible.com"
    },
    {
      "name": "3 John",
      "abbreviation": "3JN",
      "filename": "3JN.json",
      "chapters": 1,
      "source": "bible.com"
    },
    {
      "name": "Jude",
      "abbreviation": "JUD",
      "filename": "JUD.json",
      "chapters": 1,
      "source": "bible.com"
    },
    {
      "name": "Revelation",
      "abbreviation": "REV",
      "filename": "REV.json",
      "chapters": 22,
      "source": "bible.com"
    }
  ]
}