{
  "source": "bible.com",
  "version": "World English Bible",
  "book": "James",
  "chapters": {
    "1": [
      {
        "book_name": "James",
        "book": 59,
        "chapter": 1,
        "verse": 1,
        "text": "1James, a servant of God and of the Lord Jesus Christ,#1:1 “Christ” means “Anointed One”. to the twelve tribes which are in the Dispersion: Greetings.  2Count it all joy, my brothers,#1:2 The word for “brothers” here and where context allows may also be correctly translated “brothers and sisters” or “siblings.” when you fall into various temptations, 3knowing that the testing of your faith produces endurance. 4Let endurance have its perfect work, that you may be perfect and complete, lacking in nothing.  5But if any of you lacks wisdom, let him ask of God, who gives to all liberally and without reproach, and it will be given to him. 6But let him ask in faith, without any doubting, for he who doubts is like a wave of the sea, driven by the wind and tossed. 7For that man shouldn’t think that he will receive anything from the Lord. 8He is a double-minded man, unstable in all his ways.  9Let the brother in humble circumstances glory in his high position; 10and the rich, in that he is made humble, because like the flower in the grass, he will pass away. 11For the sun arises with the scorching wind and withers the grass; and the flower in it falls, and the beauty of its appearance perishes. So the rich man will also fade away in his pursuits.  12Blessed is a person who endures temptation, for when he has been approved, he will receive the crown of life which the Lord promised to those who love him.  13Let no man say when he is tempted, “I am tempted by God,” for God can’t be tempted by evil, and he himself tempts no one. 14But each one is tempted when he is drawn away by his own lust and enticed. 15Then the lust, when it has conceived, bears sin. The sin, when it is full grown, produces death. 16Don’t be deceived, my beloved brothers. 17Every good gift and every perfect gift is from above, coming down from the Father of lights, with whom can be no variation nor turning shadow. 18Of his own will he gave birth to us by the word of truth, that we should be a kind of first fruits of his creatures.  19So, then, my beloved brothers, let every man be swift to hear, slow to speak, and slow to anger; 20for the anger of man doesn’t produce the righteousness of God. 21Therefore, putting away all filthiness and overflowing of wickedness, receive with humility the implanted word, which is able to save your souls.#1:21 or, preserve your life.  22But be doers of the word, and not only hearers, deluding your own selves. 23For if anyone is a hearer of the word and not a doer, he is like a man looking at his natural face in a mirror; 24for he sees himself, and goes away, and immediately forgets what kind of man he was. 25But he who looks into the perfect law of freedom and continues, not being a hearer who forgets but a doer of the work, this man will be blessed in what he does.  26If anyone among you thinks himself to be religious while he doesn’t bridle his tongue, but deceives his heart, this man’s religion is worthless. 27Pure religion and undefiled before our God and Father is this: to visit the fatherless and widows in their affliction, and to keep oneself unstained by the world."
      },
      {
        "book_name": "James",
        "book": 59,
        "chapter": 1,
        "verse": 1,
        "text": "James, a servant of God and of the Lord Jesus Christ,#1:1 “Christ” means “Anointed One”. to the twelve tribes which are in the Dispersion: Greetings."
      },
      {
        "book_name": "James",
        "book": 59,
        "chapter": 1,
        "verse": 2,
        "text": "Count it all joy, my brothers,#1:2 The word for “brothers” here and where context allows may also be correctly translated “brothers and sisters” or “siblings.” when you fall into various temptations,"
      },
      {
        "book_name": "James",
        "book": 59,
        "chapter": 1,
        "verse": 3,
        "text": "knowing that the testing of your faith produces endurance."
      },
      {
        "book_name": "James",
        "book": 59,
        "chapter": 1,
        "verse": 4,
        "text": "Let endurance have its perfect work, that you may be perfect and complete, lacking in nothing."
      },
      {
        "book_name": "James",
        "book": 59,
        "chapter": 1,
        "verse": 5,
        "text": "But if any of you lacks wisdom, let him ask of God, who gives to all liberally and without reproach, and it will be given to him."
      },
      {
        "book_name": "James",
        "book": 59,
        "chapter": 1,
        "verse": 6,
        "text": "But let him ask in faith, without any doubting, for he who doubts is like a wave of the sea, driven by the wind and tossed."
      },
      {
        "book_name": "James",
        "book": 59,
        "chapter": 1,
        "verse": 7,
        "text": "For that man shouldn’t think that he will receive anything from the Lord."
      },
      {
        "book_name": "James",
        "book": 59,
        "chapter": 1,
        "verse": 8,
        "text": "He is a double-minded man, unstable in all his ways."
      },
      {
        "book_name": "James",
        "book": 59,
        "chapter": 1,
        "verse": 9,
        "text": "Let the brother in humble circumstances glory in his high position;"
      },
      {
        "book_name": "James",
        "book": 59,
        "chapter": 1,
        "verse": 10,
        "text": "and the rich, in that he is made humble, because like the flower in the grass, he will pass away."
      },
      {
        "book_name": "James",
        "book": 59,
        "chapter": 1,
        "verse": 11,
        "text": "For the sun arises with the scorching wind and withers the grass; and the flower in it falls, and the beauty of its appearance perishes. So the rich man will also fade away in his pursuits."
      },
      {
        "book_name": "James",
        "book": 59,
        "chapter": 1,
        "verse": 12,
        "text": "Blessed is a person who endures temptation, for when he has been approved, he will receive the crown of life which the Lord promised to those who love him."
      },
      {
        "book_name": "James",
        "book": 59,
        "chapter": 1,
        "verse": 13,
        "text": "Let no man say when he is tempted, “I am tempted by God,” for God can’t be tempted by evil, and he himself tempts no one."
      },
      {
        "book_name": "James",
        "book": 59,
        "chapter": 1,
        "verse": 14,
        "text": "But each one is tempted when he is drawn away by his own lust and enticed."
      },
      {
        "book_name": "James",
        "book": 59,
        "chapter": 1,
        "verse": 15,
        "text": "Then the lust, when it has conceived, bears sin. The sin, when it is full grown, produces death."
      },
      {
        "book_name": "James",
        "book": 59,
        "chapter": 1,
        "verse": 16,
        "text": "Don’t be deceived, my beloved brothers."
      },
      {
        "book_name": "James",
        "book": 59,
        "chapter": 1,
        "verse": 17,
        "text": "Every good gift and every perfect gift is from above, coming down from the Father of lights, with whom can be no variation nor turning shadow."
      },
      {
        "book_name": "James",
        "book": 59,
        "chapter": 1,
        "verse": 18,
        "text": "Of his own will he gave birth to us by the word of truth, that we should be a kind of first fruits of his creatures."
      },
      {
        "book_name": "James",
        "book": 59,
        "chapter": 1,
        "verse": 19,
        "text": "So, then, my beloved brothers, let every man be swift to hear, slow to speak, and slow to anger;"
      },
      {
        "book_name": "James",
        "book": 59,
        "chapter": 1,
        "verse": 20,
        "text": "for the anger of man doesn’t produce the righteousness of God."
      },
      {
        "book_name": "James",
        "book": 59,
        "chapter": 1,
        "verse": 21,
        "text": "Therefore, putting away all filthiness and overflowing of wickedness, receive with humility the implanted word, which is able to save your souls.#1:21 or, preserve your life."
      },
      {
        "book_name": "James",
        "book": 59,
        "chapter": 1,
        "verse": 22,
        "text": "But be doers of the word, and not only hearers, deluding your own selves."
      },
      {
        "book_name": "James",
        "book": 59,
        "chapter": 1,
        "verse": 23,
        "text": "For if anyone is a hearer of the word and not a doer, he is like a man looking at his natural face in a mirror;"
      },
      {
        "book_name": "James",
        "book": 59,
        "chapter": 1,
        "verse": 24,
        "text": "for he sees himself, and goes away, and immediately forgets what kind of man he was."
      },
      {
        "book_name": "James",
        "book": 59,
        "chapter": 1,
        "verse": 25,
        "text": "But he who looks into the perfect law of freedom and continues, not being a hearer who forgets but a doer of the work, this man will be blessed in what he does."
      },
      {
        "book_name": "James",
        "book": 59,
        "chapter": 1,
        "verse": 26,
        "text": "If anyone among you thinks himself to be religious while he doesn’t bridle his tongue, but deceives his heart, this man’s religion is worthless."
      },
      {
        "book_name": "James",
        "book": 59,
        "chapter": 1,
        "verse": 27,
        "text": "Pure religion and undefiled before our God and Father is this: to visit the fatherless and widows in their affliction, and to keep oneself unstained by the world."
      }
    ],
    "2": [
      {
        "book_name": "James",
        "book": 59,
        "chapter": 2,
        "verse": 1,
        "text": "1My brothers, don’t hold the faith of our glorious Lord Jesus Christ with partiality. 2For if a man with a gold ring, in fine clothing, comes into your synagogue,#2:2 or, meeting and a poor man in filthy clothing also comes in, 3and you pay special attention to him who wears the fine clothing and say, “Sit here in a good place;” and you tell the poor man, “Stand there,” or “Sit by my footstool” 4haven’t you shown partiality among yourselves, and become judges with evil thoughts? 5Listen, my beloved brothers. Didn’t God choose those who are poor in this world to be rich in faith and heirs of the Kingdom which he promised to those who love him? 6But you have dishonored the poor man. Don’t the rich oppress you and personally drag you before the courts? 7Don’t they blaspheme the honorable name by which you are called?  8However, if you fulfill the royal law according to the Scripture, “You shall love your neighbor as yourself,”#Leviticus 19:18 you do well. 9But if you show partiality, you commit sin, being convicted by the law as transgressors. 10For whoever keeps the whole law, and yet stumbles in one point, he has become guilty of all. 11For he who said, “Do not commit adultery,”#Exodus 20:14; Deuteronomy 5:18 also said, “Do not commit murder.”#Exodus 20:13; Deuteronomy 5:17  Now if you do not commit adultery but do murder, you have become a transgressor of the law. 12So speak and so do as men who are to be judged by the law of freedom. 13For judgment is without mercy to him who has shown no mercy. Mercy triumphs over judgment.  14What good is it, my brothers, if a man says he has faith, but has no works? Can faith save him? 15And if a brother or sister is naked and in lack of daily food, 16and one of you tells them, “Go in peace. Be warmed and filled;” yet you didn’t give them the things the body needs, what good is it? 17Even so faith, if it has no works, is dead in itself. 18Yes, a man will say, “You have faith, and I have works.” Show me your faith without works, and I will show you my faith by my works.  19You believe that God is one. You do well. The demons also believe—and shudder. 20But do you want to know, vain man, that faith apart from works is dead? 21Wasn’t Abraham our father justified by works, in that he offered up Isaac his son on the altar? 22You see that faith worked with his works, and by works faith was perfected. 23So the Scripture was fulfilled which says, “Abraham believed God, and it was accounted to him as righteousness,”#Genesis 15:6 and he was called the friend of God. 24You see then that by works a man is justified, and not only by faith. 25In the same way, wasn’t Rahab the prostitute also justified by works when she received the messengers and sent them out another way? 26For as the body apart from the spirit is dead, even so faith apart from works is dead."
      },
      {
        "book_name": "James",
        "book": 59,
        "chapter": 2,
        "verse": 1,
        "text": "My brothers, don’t hold the faith of our glorious Lord Jesus Christ with partiality."
      },
      {
        "book_name": "James",
        "book": 59,
        "chapter": 2,
        "verse": 2,
        "text": "For if a man with a gold ring, in fine clothing, comes into your synagogue,#2:2 or, meeting and a poor man in filthy clothing also comes in,"
      },
      {
        "book_name": "James",
        "book": 59,
        "chapter": 2,
        "verse": 3,
        "text": "and you pay special attention to him who wears the fine clothing and say, “Sit here in a good place;” and you tell the poor man, “Stand there,” or “Sit by my footstool”"
      },
      {
        "book_name": "James",
        "book": 59,
        "chapter": 2,
        "verse": 4,
        "text": "haven’t you shown partiality among yourselves, and become judges with evil thoughts?"
      },
      {
        "book_name": "James",
        "book": 59,
        "chapter": 2,
        "verse": 5,
        "text": "Listen, my beloved brothers. Didn’t God choose those who are poor in this world to be rich in faith and heirs of the Kingdom which he promised to those who love him?"
      },
      {
        "book_name": "James",
        "book": 59,
        "chapter": 2,
        "verse": 6,
        "text": "But you have dishonored the poor man. Don’t the rich oppress you and personally drag you before the courts?"
      },
      {
        "book_name": "James",
        "book": 59,
        "chapter": 2,
        "verse": 7,
        "text": "Don’t they blaspheme the honorable name by which you are called?"
      },
      {
        "book_name": "James",
        "book": 59,
        "chapter": 2,
        "verse": 8,
        "text": "However, if you fulfill the royal law according to the Scripture, “You shall love your neighbor as yourself,”#Leviticus 19:18 you do well."
      },
      {
        "book_name": "James",
        "book": 59,
        "chapter": 2,
        "verse": 9,
        "text": "But if you show partiality, you commit sin, being convicted by the law as transgressors."
      },
      {
        "book_name": "James",
        "book": 59,
        "chapter": 2,
        "verse": 10,
        "text": "For whoever keeps the whole law, and yet stumbles in one point, he has become guilty of all."
      },
      {
        "book_name": "James",
        "book": 59,
        "chapter": 2,
        "verse": 11,
        "text": "For he who said, “Do not commit adultery,”#Exodus 20:14; Deuteronomy 5:18 also said, “Do not commit murder.”#Exodus 20:13; Deuteronomy 5:17  Now if you do not commit adultery but do murder, you have become a transgressor of the law."
      },
      {
        "book_name": "James",
        "book": 59,
        "chapter": 2,
        "verse": 12,
        "text": "So speak and so do as men who are to be judged by the law of freedom."
      },
      {
        "book_name": "James",
        "book": 59,
        "chapter": 2,
        "verse": 13,
        "text": "For judgment is without mercy to him who has shown no mercy. Mercy triumphs over judgment."
      },
      {
        "book_name": "James",
        "book": 59,
        "chapter": 2,
        "verse": 14,
        "text": "What good is it, my brothers, if a man says he has faith, but has no works? Can faith save him?"
      },
      {
        "book_name": "James",
        "book": 59,
        "chapter": 2,
        "verse": 15,
        "text": "And if a brother or sister is naked and in lack of daily food,"
      },
      {
        "book_name": "James",
        "book": 59,
        "chapter": 2,
        "verse": 16,
        "text": "and one of you tells them, “Go in peace. Be warmed and filled;” yet you didn’t give them the things the body needs, what good is it?"
      },
      {
        "book_name": "James",
        "book": 59,
        "chapter": 2,
        "verse": 17,
        "text": "Even so faith, if it has no works, is dead in itself."
      },
      {
        "book_name": "James",
        "book": 59,
        "chapter": 2,
        "verse": 18,
        "text": "Yes, a man will say, “You have faith, and I have works.” Show me your faith without works, and I will show you my faith by my works."
      },
      {
        "book_name": "James",
        "book": 59,
        "chapter": 2,
        "verse": 19,
        "text": "You believe that God is one. You do well. The demons also believe—and shudder."
      },
      {
        "book_name": "James",
        "book": 59,
        "chapter": 2,
        "verse": 20,
        "text": "But do you want to know, vain man, that faith apart from works is dead?"
      },
      {
        "book_name": "James",
        "book": 59,
        "chapter": 2,
        "verse": 21,
        "text": "Wasn’t Abraham our father justified by works, in that he offered up Isaac his son on the altar?"
      },
      {
        "book_name": "James",
        "book": 59,
        "chapter": 2,
        "verse": 22,
        "text": "You see that faith worked with his works, and by works faith was perfected."
      },
      {
        "book_name": "James",
        "book": 59,
        "chapter": 2,
        "verse": 23,
        "text": "So the Scripture was fulfilled which says, “Abraham believed God, and it was accounted to him as righteousness,”#Genesis 15:6 and he was called the friend of God."
      },
      {
        "book_name": "James",
        "book": 59,
        "chapter": 2,
        "verse": 24,
        "text": "You see then that by works a man is justified, and not only by faith."
      },
      {
        "book_name": "James",
        "book": 59,
        "chapter": 2,
        "verse": 25,
        "text": "In the same way, wasn’t Rahab the prostitute also justified by works when she received the messengers and sent them out another way?"
      },
      {
        "book_name": "James",
        "book": 59,
        "chapter": 2,
        "verse": 26,
        "text": "For as the body apart from the spirit is dead, even so faith apart from works is dead."
      }
    ],
    "3": [
      {
        "book_name": "James",
        "book": 59,
        "chapter": 3,
        "verse": 1,
        "text": "1Let not many of you be teachers, my brothers, knowing that we will receive heavier judgment. 2For we all stumble in many things. Anyone who doesn’t stumble in word is a perfect person, able to bridle the whole body also. 3Indeed, we put bits into the horses’ mouths so that they may obey us, and we guide their whole body. 4Behold,#3:4 “Behold”, from “ἰδοὺ”, means look at, take notice, observe, see, or gaze at. It is often used as an interjection. the ships also, though they are so big and are driven by fierce winds, are yet guided by a very small rudder, wherever the pilot desires. 5So the tongue is also a little member, and boasts great things. See how a small fire can spread to a large forest! 6And the tongue is a fire. The world of iniquity among our members is the tongue, which defiles the whole body, and sets on fire the course of nature, and is set on fire by Gehenna.#3:6 or, Hell  7For every kind of animal, bird, creeping thing, and sea creature is tamed, and has been tamed by mankind; 8but nobody can tame the tongue. It is a restless evil, full of deadly poison. 9With it we bless our God and Father, and with it we curse men who are made in the image of God. 10Out of the same mouth comes blessing and cursing. My brothers, these things ought not to be so. 11Does a spring send out from the same opening fresh and bitter water? 12Can a fig tree, my brothers, yield olives, or a vine figs? Thus no spring yields both salt water and fresh water.  13Who is wise and understanding among you? Let him show by his good conduct that his deeds are done in gentleness of wisdom. 14But if you have bitter jealousy and selfish ambition in your heart, don’t boast and don’t lie against the truth. 15This wisdom is not that which comes down from above, but is earthly, sensual, and demonic. 16For where jealousy and selfish ambition are, there is confusion and every evil deed. 17But the wisdom that is from above is first pure, then peaceful, gentle, reasonable, full of mercy and good fruits, without partiality, and without hypocrisy. 18Now the fruit of righteousness is sown in peace by those who make peace."
      },
      {
        "book_name": "James",
        "book": 59,
        "chapter": 3,
        "verse": 1,
        "text": "Let not many of you be teachers, my brothers, knowing that we will receive heavier judgment."
      },
      {
        "book_name": "James",
        "book": 59,
        "chapter": 3,
        "verse": 2,
        "text": "For we all stumble in many things. Anyone who doesn’t stumble in word is a perfect person, able to bridle the whole body also."
      },
      {
        "book_name": "James",
        "book": 59,
        "chapter": 3,
        "verse": 3,
        "text": "Indeed, we put bits into the horses’ mouths so that they may obey us, and we guide their whole body."
      },
      {
        "book_name": "James",
        "book": 59,
        "chapter": 3,
        "verse": 4,
        "text": "Behold,#3:4 “Behold”, from “ἰδοὺ”, means look at, take notice, observe, see, or gaze at. It is often used as an interjection. the ships also, though they are so big and are driven by fierce winds, are yet guided by a very small rudder, wherever the pilot desires."
      },
      {
        "book_name": "James",
        "book": 59,
        "chapter": 3,
        "verse": 5,
        "text": "So the tongue is also a little member, and boasts great things. See how a small fire can spread to a large forest!"
      },
      {
        "book_name": "James",
        "book": 59,
        "chapter": 3,
        "verse": 6,
        "text": "And the tongue is a fire. The world of iniquity among our members is the tongue, which defiles the whole body, and sets on fire the course of nature, and is set on fire by Gehenna.#3:6 or, Hell"
      },
      {
        "book_name": "James",
        "book": 59,
        "chapter": 3,
        "verse": 7,
        "text": "For every kind of animal, bird, creeping thing, and sea creature is tamed, and has been tamed by mankind;"
      },
      {
        "book_name": "James",
        "book": 59,
        "chapter": 3,
        "verse": 8,
        "text": "but nobody can tame the tongue. It is a restless evil, full of deadly poison."
      },
      {
        "book_name": "James",
        "book": 59,
        "chapter": 3,
        "verse": 9,
        "text": "With it we bless our God and Father, and with it we curse men who are made in the image of God."
      },
      {
        "book_name": "James",
        "book": 59,
        "chapter": 3,
        "verse": 10,
        "text": "Out of the same mouth comes blessing and cursing. My brothers, these things ought not to be so."
      },
      {
        "book_name": "James",
        "book": 59,
        "chapter": 3,
        "verse": 11,
        "text": "Does a spring send out from the same opening fresh and bitter water?"
      },
      {
        "book_name": "James",
        "book": 59,
        "chapter": 3,
        "verse": 12,
        "text": "Can a fig tree, my brothers, yield olives, or a vine figs? Thus no spring yields both salt water and fresh water."
      },
      {
        "book_name": "James",
        "book": 59,
        "chapter": 3,
        "verse": 13,
        "text": "Who is wise and understanding among you? Let him show by his good conduct that his deeds are done in gentleness of wisdom."
      },
      {
        "book_name": "James",
        "book": 59,
        "chapter": 3,
        "verse": 14,
        "text": "But if you have bitter jealousy and selfish ambition in your heart, don’t boast and don’t lie against the truth."
      },
      {
        "book_name": "James",
        "book": 59,
        "chapter": 3,
        "verse": 15,
        "text": "This wisdom is not that which comes down from above, but is earthly, sensual, and demonic."
      },
      {
        "book_name": "James",
        "book": 59,
        "chapter": 3,
        "verse": 16,
        "text": "For where jealousy and selfish ambition are, there is confusion and every evil deed."
      },
      {
        "book_name": "James",
        "book": 59,
        "chapter": 3,
        "verse": 17,
        "text": "But the wisdom that is from above is first pure, then peaceful, gentle, reasonable, full of mercy and good fruits, without partiality, and without hypocrisy."
      },
      {
        "book_name": "James",
        "book": 59,
        "chapter": 3,
        "verse": 18,
        "text": "Now the fruit of righteousness is sown in peace by those who make peace."
      }
    ],
    "4": [
      {
        "book_name": "James",
        "book": 59,
        "chapter": 4,
        "verse": 1,
        "text": "1Where do wars and fightings among you come from? Don’t they come from your pleasures that war in your members? 2You lust, and don’t have. You murder and covet, and can’t obtain. You fight and make war. You don’t have, because you don’t ask. 3You ask, and don’t receive, because you ask with wrong motives, so that you may spend it on your pleasures. 4You adulterers and adulteresses, don’t you know that friendship with the world is hostility toward God? Whoever therefore wants to be a friend of the world makes himself an enemy of God. 5Or do you think that the Scripture says in vain, “The Spirit who lives in us yearns jealously”? 6But he gives more grace. Therefore it says, “God resists the proud, but gives grace to the humble.”#Proverbs 3:34  7Be subject therefore to God. Resist the devil, and he will flee from you. 8Draw near to God, and he will draw near to you. Cleanse your hands, you sinners. Purify your hearts, you double-minded. 9Lament, mourn, and weep. Let your laughter be turned to mourning and your joy to gloom. 10Humble yourselves in the sight of the Lord, and he will exalt you.  11Don’t speak against one another, brothers. He who speaks against a brother and judges his brother, speaks against the law and judges the law. But if you judge the law, you are not a doer of the law but a judge. 12Only one is the lawgiver, who is able to save and to destroy. But who are you to judge another?  13Come now, you who say, “Today or tomorrow let’s go into this city and spend a year there, trade, and make a profit.” 14Yet you don’t know what your life will be like tomorrow. For what is your life? For you are a vapor that appears for a little time and then vanishes away. 15For you ought to say, “If the Lord wills, we will both live, and do this or that.” 16But now you glory in your boasting. All such boasting is evil. 17To him therefore who knows to do good and doesn’t do it, to him it is sin."
      },
      {
        "book_name": "James",
        "book": 59,
        "chapter": 4,
        "verse": 1,
        "text": "Where do wars and fightings among you come from? Don’t they come from your pleasures that war in your members?"
      },
      {
        "book_name": "James",
        "book": 59,
        "chapter": 4,
        "verse": 2,
        "text": "You lust, and don’t have. You murder and covet, and can’t obtain. You fight and make war. You don’t have, because you don’t ask."
      },
      {
        "book_name": "James",
        "book": 59,
        "chapter": 4,
        "verse": 3,
        "text": "You ask, and don’t receive, because you ask with wrong motives, so that you may spend it on your pleasures."
      },
      {
        "book_name": "James",
        "book": 59,
        "chapter": 4,
        "verse": 4,
        "text": "You adulterers and adulteresses, don’t you know that friendship with the world is hostility toward God? Whoever therefore wants to be a friend of the world makes himself an enemy of God."
      },
      {
        "book_name": "James",
        "book": 59,
        "chapter": 4,
        "verse": 5,
        "text": "Or do you think that the Scripture says in vain, “The Spirit who lives in us yearns jealously”?"
      },
      {
        "book_name": "James",
        "book": 59,
        "chapter": 4,
        "verse": 6,
        "text": "But he gives more grace. Therefore it says, “God resists the proud, but gives grace to the humble.”#Proverbs 3:34"
      },
      {
        "book_name": "James",
        "book": 59,
        "chapter": 4,
        "verse": 7,
        "text": "Be subject therefore to God. Resist the devil, and he will flee from you."
      },
      {
        "book_name": "James",
        "book": 59,
        "chapter": 4,
        "verse": 8,
        "text": "Draw near to God, and he will draw near to you. Cleanse your hands, you sinners. Purify your hearts, you double-minded."
      },
      {
        "book_name": "James",
        "book": 59,
        "chapter": 4,
        "verse": 9,
        "text": "Lament, mourn, and weep. Let your laughter be turned to mourning and your joy to gloom."
      },
      {
        "book_name": "James",
        "book": 59,
        "chapter": 4,
        "verse": 10,
        "text": "Humble yourselves in the sight of the Lord, and he will exalt you."
      },
      {
        "book_name": "James",
        "book": 59,
        "chapter": 4,
        "verse": 11,
        "text": "Don’t speak against one another, brothers. He who speaks against a brother and judges his brother, speaks against the law and judges the law. But if you judge the law, you are not a doer of the law but a judge."
      },
      {
        "book_name": "James",
        "book": 59,
        "chapter": 4,
        "verse": 12,
        "text": "Only one is the lawgiver, who is able to save and to destroy. But who are you to judge another?"
      },
      {
        "book_name": "James",
        "book": 59,
        "chapter": 4,
        "verse": 13,
        "text": "Come now, you who say, “Today or tomorrow let’s go into this city and spend a year there, trade, and make a profit.”"
      },
      {
        "book_name": "James",
        "book": 59,
        "chapter": 4,
        "verse": 14,
        "text": "Yet you don’t know what your life will be like tomorrow. For what is your life? For you are a vapor that appears for a little time and then vanishes away."
      },
      {
        "book_name": "James",
        "book": 59,
        "chapter": 4,
        "verse": 15,
        "text": "For you ought to say, “If the Lord wills, we will both live, and do this or that.”"
      },
      {
        "book_name": "James",
        "book": 59,
        "chapter": 4,
        "verse": 16,
        "text": "But now you glory in your boasting. All such boasting is evil."
      },
      {
        "book_name": "James",
        "book": 59,
        "chapter": 4,
        "verse": 17,
        "text": "To him therefore who knows to do good and doesn’t do it, to him it is sin."
      }
    ],
    "5": [
      {
        "book_name": "James",
        "book": 59,
        "chapter": 5,
        "verse": 1,
        "text": "1Come now, you rich, weep and howl for your miseries that are coming on you. 2Your riches are corrupted and your garments are moth-eaten. 3Your gold and your silver are corroded, and their corrosion will be for a testimony against you and will eat your flesh like fire. You have laid up your treasure in the last days. 4Behold, the wages of the laborers who mowed your fields, which you have kept back by fraud, cry out; and the cries of those who reaped have entered into the ears of the Lord of Armies.#5:4 Greek: Sabaoth (or Hebrew: Tze’va’ot)  5You have lived in luxury on the earth, and taken your pleasure. You have nourished your hearts as in a day of slaughter. 6You have condemned and you have murdered the righteous one. He doesn’t resist you.  7Be patient therefore, brothers, until the coming of the Lord. Behold, the farmer waits for the precious fruit of the earth, being patient over it, until it receives the early and late rain. 8You also be patient. Establish your hearts, for the coming of the Lord is at hand.  9Don’t grumble, brothers, against one another, so that you won’t be judged. Behold, the judge stands at the door. 10Take, brothers, for an example of suffering and of perseverance, the prophets who spoke in the name of the Lord. 11Behold, we call them blessed who endured. You have heard of the perseverance of Job and have seen the Lord in the outcome, and how the Lord is full of compassion and mercy.  12But above all things, my brothers, don’t swear—not by heaven, or by the earth, or by any other oath; but let your “yes” be “yes”, and your “no”, “no”, so that you don’t fall into hypocrisy.#5:12 TR reads “under judgment” instead of “into hypocrisy”  13Is any among you suffering? Let him pray. Is any cheerful? Let him sing praises. 14Is any among you sick? Let him call for the elders of the assembly, and let them pray over him, anointing him with oil in the name of the Lord; 15and the prayer of faith will heal him who is sick, and the Lord will raise him up. If he has committed sins, he will be forgiven. 16Confess your sins to one another and pray for one another, that you may be healed. The insistent prayer of a righteous person is powerfully effective. 17Elijah was a man with a nature like ours, and he prayed earnestly that it might not rain, and it didn’t rain on the earth for three years and six months. 18He prayed again, and the sky gave rain, and the earth produced its fruit.  19Brothers, if any among you wanders from the truth and someone turns him back, 20let him know that he who turns a sinner from the error of his way will save a soul from death and will cover a multitude of sins."
      },
      {
        "book_name": "James",
        "book": 59,
        "chapter": 5,
        "verse": 1,
        "text": "Come now, you rich, weep and howl for your miseries that are coming on you."
      },
      {
        "book_name": "James",
        "book": 59,
        "chapter": 5,
        "verse": 2,
        "text": "Your riches are corrupted and your garments are moth-eaten."
      },
      {
        "book_name": "James",
        "book": 59,
        "chapter": 5,
        "verse": 3,
        "text": "Your gold and your silver are corroded, and their corrosion will be for a testimony against you and will eat your flesh like fire. You have laid up your treasure in the last days."
      },
      {
        "book_name": "James",
        "book": 59,
        "chapter": 5,
        "verse": 4,
        "text": "Behold, the wages of the laborers who mowed your fields, which you have kept back by fraud, cry out; and the cries of those who reaped have entered into the ears of the Lord of Armies.#5:4 Greek: Sabaoth (or Hebrew: Tze’va’ot)"
      },
      {
        "book_name": "James",
        "book": 59,
        "chapter": 5,
        "verse": 5,
        "text": "You have lived in luxury on the earth, and taken your pleasure. You have nourished your hearts as in a day of slaughter."
      },
      {
        "book_name": "James",
        "book": 59,
        "chapter": 5,
        "verse": 6,
        "text": "You have condemned and you have murdered the righteous one. He doesn’t resist you."
      },
      {
        "book_name": "James",
        "book": 59,
        "chapter": 5,
        "verse": 7,
        "text": "Be patient therefore, brothers, until the coming of the Lord. Behold, the farmer waits for the precious fruit of the earth, being patient over it, until it receives the early and late rain."
      },
      {
        "book_name": "James",
        "book": 59,
        "chapter": 5,
        "verse": 8,
        "text": "You also be patient. Establish your hearts, for the coming of the Lord is at hand."
      },
      {
        "book_name": "James",
        "book": 59,
        "chapter": 5,
        "verse": 9,
        "text": "Don’t grumble, brothers, against one another, so that you won’t be judged. Behold, the judge stands at the door."
      },
      {
        "book_name": "James",
        "book": 59,
        "chapter": 5,
        "verse": 10,
        "text": "Take, brothers, for an example of suffering and of perseverance, the prophets who spoke in the name of the Lord."
      },
      {
        "book_name": "James",
        "book": 59,
        "chapter": 5,
        "verse": 11,
        "text": "Behold, we call them blessed who endured. You have heard of the perseverance of Job and have seen the Lord in the outcome, and how the Lord is full of compassion and mercy."
      },
      {
        "book_name": "James",
        "book": 59,
        "chapter": 5,
        "verse": 12,
        "text": "But above all things, my brothers, don’t swear—not by heaven, or by the earth, or by any other oath; but let your “yes” be “yes”, and your “no”, “no”, so that you don’t fall into hypocrisy.#5:12 TR reads “under judgment” instead of “into hypocrisy”"
      },
      {
        "book_name": "James",
        "book": 59,
        "chapter": 5,
        "verse": 13,
        "text": "Is any among you suffering? Let him pray. Is any cheerful? Let him sing praises."
      },
      {
        "book_name": "James",
        "book": 59,
        "chapter": 5,
        "verse": 14,
        "text": "Is any among you sick? Let him call for the elders of the assembly, and let them pray over him, anointing him with oil in the name of the Lord;"
      },
      {
        "book_name": "James",
        "book": 59,
        "chapter": 5,
        "verse": 15,
        "text": "and the prayer of faith will heal him who is sick, and the Lord will raise him up. If he has committed sins, he will be forgiven."
      },
      {
        "book_name": "James",
        "book": 59,
        "chapter": 5,
        "verse": 16,
        "text": "Confess your sins to one another and pray for one another, that you may be healed. The insistent prayer of a righteous person is powerfully effective."
      },
      {
        "book_name": "James",
        "book": 59,
        "chapter": 5,
        "verse": 17,
        "text": "Elijah was a man with a nature like ours, and he prayed earnestly that it might not rain, and it didn’t rain on the earth for three years and six months."
      },
      {
        "book_name": "James",
        "book": 59,
        "chapter": 5,
        "verse": 18,
        "text": "He prayed again, and the sky gave rain, and the earth produced its fruit."
      },
      {
        "book_name": "James",
        "book": 59,
        "chapter": 5,
        "verse": 19,
        "text": "Brothers, if any among you wanders from the truth and someone turns him back,"
      },
      {
        "book_name": "James",
        "book": 59,
        "chapter": 5,
        "verse": 20,
        "text": "let him know that he who turns a sinner from the error of his way will save a soul from death and will cover a multitude of sins."
      }
    ]
  }
}