{
  "source": "bible.com",
  "version": "World English Bible",
  "book": "Joel",
  "chapters": {
    "1": [
      {
        "book_name": "Joel",
        "book": 29,
        "chapter": 1,
        "verse": 1,
        "text": "1Yahweh’s#1:1 “Yahweh” is God’s proper Name, sometimes rendered “Lord” (all caps) in other translations. word that came to Joel, the son of Pethuel.  2Hear this, you elders,and listen, all you inhabitants of the land!Has this ever happened in your days,or in the days of your fathers?  3Tell your children about it,and have your children tell their children,and their children, another generation.  4What the swarming locust has left, the great locust has eaten.What the great locust has left, the grasshopper has eaten.What the grasshopper has left, the caterpillar has eaten.  5Wake up, you drunkards, and weep!Wail, all you drinkers of wine, because of the sweet wine,for it is cut off from your mouth.  6For a nation has come up on my land, strong, and without number.His teeth are the teeth of a lion,and he has the fangs of a lioness.  7He has laid my vine waste,and stripped my fig tree.He has stripped its bark, and thrown it away.Its branches are made white.  8Mourn like a virgin dressed in sackclothfor the husband of her youth!  9The meal offering and the drink offering are cut off from Yahweh’s house.The priests, Yahweh’s ministers, mourn.  10The field is laid waste.The land mourns, for the grain is destroyed,The new wine has dried up,and the oil languishes.  11Be confounded, you farmers!Wail, you vineyard keepers,for the wheat and for the barley;for the harvest of the field has perished.  12The vine has dried up, and the fig tree withered—the pomegranate tree, the palm tree also, and the apple tree,even all of the trees of the field are withered;for joy has withered away from the sons of men.  13Put on sackcloth and mourn, you priests!Wail, you ministers of the altar.Come, lie all night in sackcloth, you ministers of my God,#1:13 The Hebrew word rendered “God” is “אֱלֹהִ֑ים” (Elohim).for the meal offering and the drink offering are withheld from your God’s house.  14Sanctify a fast.Call a solemn assembly.Gather the elders and all the inhabitants of the land to the house of Yahweh, your God,and cry to Yahweh.  15Alas for the day!For the day of Yahweh is at hand,and it will come as destruction from the Almighty.  16Isn’t the food cut off before our eyes,joy and gladness from the house of our God?  17The seeds rot under their clods.The granaries are laid desolate.The barns are broken down, for the grain has withered.  18How the animals groan!The herds of livestock are perplexed, because they have no pasture.Yes, the flocks of sheep are made desolate.  19Yahweh, I cry to you,for the fire has devoured the pastures of the wilderness,and the flame has burned all the trees of the field.  20Yes, the animals of the field pant to you,for the water brooks have dried up,and the fire has devoured the pastures of the wilderness."
      },
      {
        "book_name": "Joel",
        "book": 29,
        "chapter": 1,
        "verse": 1,
        "text": "Yahweh’s#1:1 “Yahweh” is God’s proper Name, sometimes rendered “Lord” (all caps) in other translations. word that came to Joel, the son of Pethuel."
      },
      {
        "book_name": "Joel",
        "book": 29,
        "chapter": 1,
        "verse": 2,
        "text": "Hear this, you elders,"
      },
      {
        "book_name": "Joel",
        "book": 29,
        "chapter": 1,
        "verse": 2,
        "text": "and listen, all you inhabitants of the land!"
      },
      {
        "book_name": "Joel",
        "book": 29,
        "chapter": 1,
        "verse": 2,
        "text": "Has this ever happened in your days,"
      },
      {
        "book_name": "Joel",
        "book": 29,
        "chapter": 1,
        "verse": 2,
        "text": "or in the days of your fathers?"
      },
      {
        "book_name": "Joel",
        "book": 29,
        "chapter": 1,
        "verse": 3,
        "text": "Tell your children about it,"
      },
      {
        "book_name": "Joel",
        "book": 29,
        "chapter": 1,
        "verse": 3,
        "text": "and have your children tell their children,"
      },
      {
        "book_name": "Joel",
        "book": 29,
        "chapter": 1,
        "verse": 3,
        "text": "and their children, another generation."
      },
      {
        "book_name": "Joel",
        "book": 29,
        "chapter": 1,
        "verse": 4,
        "text": "What the swarming locust has left, the great locust has eaten."
      },
      {
        "book_name": "Joel",
        "book": 29,
        "chapter": 1,
        "verse": 4,
        "text": "What the great locust has left, the grasshopper has eaten."
      },
      {
        "book_name": "Joel",
        "book": 29,
        "chapter": 1,
        "verse": 4,
        "text": "What the grasshopper has left, the caterpillar has eaten."
      },
      {
        "book_name": "Joel",
        "book": 29,
        "chapter": 1,
        "verse": 5,
        "text": "Wake up, you drunkards, and weep!"
      },
      {
        "book_name": "Joel",
        "book": 29,
        "chapter": 1,
        "verse": 5,
        "text": "Wail, all you drinkers of wine, because of the sweet wine,"
      },
      {
        "book_name": "Joel",
        "book": 29,
        "chapter": 1,
        "verse": 5,
        "text": "for it is cut off from your mouth."
      },
      {
        "book_name": "Joel",
        "book": 29,
        "chapter": 1,
        "verse": 6,
        "text": "For a nation has come up on my land, strong, and without number."
      },
      {
        "book_name": "Joel",
        "book": 29,
        "chapter": 1,
        "verse": 6,
        "text": "His teeth are the teeth of a lion,"
      },
      {
        "book_name": "Joel",
        "book": 29,
        "chapter": 1,
        "verse": 6,
        "text": "and he has the fangs of a lioness."
      },
      {
        "book_name": "Joel",
        "book": 29,
        "chapter": 1,
        "verse": 7,
        "text": "He has laid my vine waste,"
      },
      {
        "book_name": "Joel",
        "book": 29,
        "chapter": 1,
        "verse": 7,
        "text": "and stripped my fig tree."
      },
      {
        "book_name": "Joel",
        "book": 29,
        "chapter": 1,
        "verse": 7,
        "text": "He has stripped its bark, and thrown it away."
      },
      {
        "book_name": "Joel",
        "book": 29,
        "chapter": 1,
        "verse": 7,
        "text": "Its branches are made white."
      },
      {
        "book_name": "Joel",
        "book": 29,
        "chapter": 1,
        "verse": 8,
        "text": "Mourn like a virgin dressed in sackcloth"
      },
      {
        "book_name": "Joel",
        "book": 29,
        "chapter": 1,
        "verse": 8,
        "text": "for the husband of her youth!"
      },
      {
        "book_name": "Joel",
        "book": 29,
        "chapter": 1,
        "verse": 9,
        "text": "The meal offering and the drink offering are cut off from Yahweh’s house."
      },
      {
        "book_name": "Joel",
        "book": 29,
        "chapter": 1,
        "verse": 9,
        "text": "The priests, Yahweh’s ministers, mourn."
      },
      {
        "book_name": "Joel",
        "book": 29,
        "chapter": 1,
        "verse": 10,
        "text": "The field is laid waste."
      },
      {
        "book_name": "Joel",
        "book": 29,
        "chapter": 1,
        "verse": 10,
        "text": "The land mourns, for the grain is destroyed,"
      },
      {
        "book_name": "Joel",
        "book": 29,
        "chapter": 1,
        "verse": 10,
        "text": "The new wine has dried up,"
      },
      {
        "book_name": "Joel",
        "book": 29,
        "chapter": 1,
        "verse": 10,
        "text": "and the oil languishes."
      },
      {
        "book_name": "Joel",
        "book": 29,
        "chapter": 1,
        "verse": 11,
        "text": "Be confounded, you farmers!"
      },
      {
        "book_name": "Joel",
        "book": 29,
        "chapter": 1,
        "verse": 11,
        "text": "Wail, you vineyard keepers,"
      },
      {
        "book_name": "Joel",
        "book": 29,
        "chapter": 1,
        "verse": 11,
        "text": "for the wheat and for the barley;"
      },
      {
        "book_name": "Joel",
        "book": 29,
        "chapter": 1,
        "verse": 11,
        "text": "for the harvest of the field has perished."
      },
      {
        "book_name": "Joel",
        "book": 29,
        "chapter": 1,
        "verse": 12,
        "text": "The vine has dried up, and the fig tree withered—"
      },
      {
        "book_name": "Joel",
        "book": 29,
        "chapter": 1,
        "verse": 12,
        "text": "the pomegranate tree, the palm tree also, and the apple tree,"
      },
      {
        "book_name": "Joel",
        "book": 29,
        "chapter": 1,
        "verse": 12,
        "text": "even all of the trees of the field are withered;"
      },
      {
        "book_name": "Joel",
        "book": 29,
        "chapter": 1,
        "verse": 12,
        "text": "for joy has withered away from the sons of men."
      },
      {
        "book_name": "Joel",
        "book": 29,
        "chapter": 1,
        "verse": 13,
        "text": "Put on sackcloth and mourn, you priests!"
      },
      {
        "book_name": "Joel",
        "book": 29,
        "chapter": 1,
        "verse": 13,
        "text": "Wail, you ministers of the altar."
      },
      {
        "book_name": "Joel",
        "book": 29,
        "chapter": 1,
        "verse": 13,
        "text": "Come, lie all night in sackcloth, you ministers of my God,#1:13 The Hebrew word rendered “God” is “אֱלֹהִ֑ים” (Elohim)."
      },
      {
        "book_name": "Joel",
        "book": 29,
        "chapter": 1,
        "verse": 13,
        "text": "for the meal offering and the drink offering are withheld from your God’s house."
      },
      {
        "book_name": "Joel",
        "book": 29,
        "chapter": 1,
        "verse": 14,
        "text": "Sanctify a fast."
      },
      {
        "book_name": "Joel",
        "book": 29,
        "chapter": 1,
        "verse": 14,
        "text": "Call a solemn assembly."
      },
      {
        "book_name": "Joel",
        "book": 29,
        "chapter": 1,
        "verse": 14,
        "text": "Gather the elders and all the inhabitants of the land to the house of Yahweh, your God,"
      },
      {
        "book_name": "Joel",
        "book": 29,
        "chapter": 1,
        "verse": 14,
        "text": "and cry to Yahweh."
      },
      {
        "book_name": "Joel",
        "book": 29,
        "chapter": 1,
        "verse": 15,
        "text": "Alas for the day!"
      },
      {
        "book_name": "Joel",
        "book": 29,
        "chapter": 1,
        "verse": 15,
        "text": "For the day of Yahweh is at hand,"
      },
      {
        "book_name": "Joel",
        "book": 29,
        "chapter": 1,
        "verse": 15,
        "text": "and it will come as destruction from the Almighty."
      },
      {
        "book_name": "Joel",
        "book": 29,
        "chapter": 1,
        "verse": 16,
        "text": "Isn’t the food cut off before our eyes,"
      },
      {
        "book_name": "Joel",
        "book": 29,
        "chapter": 1,
        "verse": 16,
        "text": "joy and gladness from the house of our God?"
      },
      {
        "book_name": "Joel",
        "book": 29,
        "chapter": 1,
        "verse": 17,
        "text": "The seeds rot under their clods."
      },
      {
        "book_name": "Joel",
        "book": 29,
        "chapter": 1,
        "verse": 17,
        "text": "The granaries are laid desolate."
      },
      {
        "book_name": "Joel",
        "book": 29,
        "chapter": 1,
        "verse": 17,
        "text": "The barns are broken down, for the grain has withered."
      },
      {
        "book_name": "Joel",
        "book": 29,
        "chapter": 1,
        "verse": 18,
        "text": "How the animals groan!"
      },
      {
        "book_name": "Joel",
        "book": 29,
        "chapter": 1,
        "verse": 18,
        "text": "The herds of livestock are perplexed, because they have no pasture."
      },
      {
        "book_name": "Joel",
        "book": 29,
        "chapter": 1,
        "verse": 18,
        "text": "Yes, the flocks of sheep are made desolate."
      },
      {
        "book_name": "Joel",
        "book": 29,
        "chapter": 1,
        "verse": 19,
        "text": "Yahweh, I cry to you,"
      },
      {
        "book_name": "Joel",
        "book": 29,
        "chapter": 1,
        "verse": 19,
        "text": "for the fire has devoured the pastures of the wilderness,"
      },
      {
        "book_name": "Joel",
        "book": 29,
        "chapter": 1,
        "verse": 19,
        "text": "and the flame has burned all the trees of the field."
      },
      {
        "book_name": "Joel",
        "book": 29,
        "chapter": 1,
        "verse": 20,
        "text": "Yes, the animals of the field pant to you,"
      },
      {
        "book_name": "Joel",
        "book": 29,
        "chapter": 1,
        "verse": 20,
        "text": "for the water brooks have dried up,"
      },
      {
        "book_name": "Joel",
        "book": 29,
        "chapter": 1,
        "verse": 20,
        "text": "and the fire has devoured the pastures of the wilderness."
      }
    ],
    "2": [
      {
        "book_name": "Joel",
        "book": 29,
        "chapter": 2,
        "verse": 1,
        "text": "1Blow the trumpet in Zion,and sound an alarm in my holy mountain!Let all the inhabitants of the land tremble,for the day of Yahweh comes,for it is close at hand:  2A day of darkness and gloominess,a day of clouds and thick darkness.As the dawn spreading on the mountains,a great and strong people;there has never been the like,neither will there be any more after them,even to the years of many generations.  3A fire devours before them,and behind them, a flame burns.The land is as the garden of Eden before them,and behind them, a desolate wilderness.Yes, and no one has escaped them.  4Their appearance is as the appearance of horses,and they run as horsemen.  5Like the noise of chariots on the tops of the mountains, they leap,like the noise of a flame of fire that devours the stubble,like a strong people set in battle array.  6At their presence the peoples are in anguish.All faces have grown pale.  7They run like mighty men.They climb the wall like warriors.They each march in his line, and they don’t swerve off course.  8One doesn’t jostle another.They each march in their own path.They burst through the defensesand don’t break ranks.  9They rush on the city.They run on the wall.They climb up into the houses.They enter in at the windows like thieves.  10The earth quakes before them.The heavens tremble.The sun and the moon are darkened,and the stars withdraw their shining.  11Yahweh thunders his voice before his army,for his forces are very great;for he is strong who obeys his command;for the day of Yahweh is great and very awesome,and who can endure it?  12“Yet even now,” says Yahweh, “turn to me with all your heart,and with fasting, and with weeping, and with mourning.”  13Tear your heart and not your garments,and turn to Yahweh, your God;for he is gracious and merciful,slow to anger, and abundant in loving kindness,and relents from sending calamity.  14Who knows? He may turn and relent,and leave a blessing behind him,even a meal offering and a drink offering to Yahweh, your God.  15Blow the trumpet in Zion!Sanctify a fast.Call a solemn assembly.  16Gather the people.Sanctify the assembly.Assemble the elders.Gather the children, and those who nurse from breasts.Let the bridegroom go out of his room,and the bride out of her chamber.  17Let the priests, the ministers of Yahweh, weep between the porch and the altar,and let them say, “Spare your people, Yahweh,and don’t give your heritage to reproach,that the nations should rule over them.Why should they say among the peoples,‘Where is their God?’”  18Then Yahweh was jealous for his land,and had pity on his people.  19Yahweh answered his people,“Behold,#2:19 “Behold”, from “הִנֵּה”, means look at, take notice, observe, see, or gaze at. It is often used as an interjection. I will send you grain, new wine, and oil,and you will be satisfied with them;and I will no more make you a reproach among the nations.  20But I will remove the northern army far away from you,and will drive it into a barren and desolate land,its front into the eastern sea,and its back into the western sea;and its stench will come up,and its bad smell will rise.”Surely he has done great things.  21Land, don’t be afraid.Be glad and rejoice, for Yahweh has done great things.  22Don’t be afraid, you animals of the field;for the pastures of the wilderness spring up,for the tree bears its fruit.The fig tree and the vine yield their strength.  23“Be glad then, you children of Zion,and rejoice in Yahweh, your God;for he gives you the early rain in just measure,and he causes the rain to come down for you,the early rain and the latter rain, as before.  24The threshing floors will be full of wheat,and the vats will overflow with new wine and oil.  25I will restore to you the years that the swarming locust has eaten,the great locust, the grasshopper, and the caterpillar,my great army, which I sent among you.  26You will have plenty to eat and be satisfied,and will praise the name of Yahweh, your God,who has dealt wondrously with you;and my people will never again be disappointed.  27You will know that I am among Israel,and that I am Yahweh, your God, and there is no one else;and my people will never again be disappointed.  28“It will happen afterward, that I will pour out my Spirit on all flesh;and your sons and your daughters will prophesy.Your old men will dream dreams.Your young men will see visions.  29And also on the servants and on the handmaids in those days,I will pour out my Spirit.  30I will show wonders in the heavens and in the earth:blood, fire, and pillars of smoke.  31The sun will be turned into darkness,and the moon into blood,before the great and terrible day of Yahweh comes.  32It will happen that whoever will call on Yahweh’s name shall be saved;for in Mount Zion and in Jerusalem there will be those who escape,as Yahweh has said,and among the remnant, those whom Yahweh calls."
      },
      {
        "book_name": "Joel",
        "book": 29,
        "chapter": 2,
        "verse": 1,
        "text": "Blow the trumpet in Zion,"
      },
      {
        "book_name": "Joel",
        "book": 29,
        "chapter": 2,
        "verse": 1,
        "text": "and sound an alarm in my holy mountain!"
      },
      {
        "book_name": "Joel",
        "book": 29,
        "chapter": 2,
        "verse": 1,
        "text": "Let all the inhabitants of the land tremble,"
      },
      {
        "book_name": "Joel",
        "book": 29,
        "chapter": 2,
        "verse": 1,
        "text": "for the day of Yahweh comes,"
      },
      {
        "book_name": "Joel",
        "book": 29,
        "chapter": 2,
        "verse": 1,
        "text": "for it is close at hand:"
      },
      {
        "book_name": "Joel",
        "book": 29,
        "chapter": 2,
        "verse": 2,
        "text": "A day of darkness and gloominess,"
      },
      {
        "book_name": "Joel",
        "book": 29,
        "chapter": 2,
        "verse": 2,
        "text": "a day of clouds and thick darkness."
      },
      {
        "book_name": "Joel",
        "book": 29,
        "chapter": 2,
        "verse": 2,
        "text": "As the dawn spreading on the mountains,"
      },
      {
        "book_name": "Joel",
        "book": 29,
        "chapter": 2,
        "verse": 2,
        "text": "a great and strong people;"
      },
      {
        "book_name": "Joel",
        "book": 29,
        "chapter": 2,
        "verse": 2,
        "text": "there has never been the like,"
      },
      {
        "book_name": "Joel",
        "book": 29,
        "chapter": 2,
        "verse": 2,
        "text": "neither will there be any more after them,"
      },
      {
        "book_name": "Joel",
        "book": 29,
        "chapter": 2,
        "verse": 2,
        "text": "even to the years of many generations."
      },
      {
        "book_name": "Joel",
        "book": 29,
        "chapter": 2,
        "verse": 3,
        "text": "A fire devours before them,"
      },
      {
        "book_name": "Joel",
        "book": 29,
        "chapter": 2,
        "verse": 3,
        "text": "and behind them, a flame burns."
      },
      {
        "book_name": "Joel",
        "book": 29,
        "chapter": 2,
        "verse": 3,
        "text": "The land is as the garden of Eden before them,"
      },
      {
        "book_name": "Joel",
        "book": 29,
        "chapter": 2,
        "verse": 3,
        "text": "and behind them, a desolate wilderness."
      },
      {
        "book_name": "Joel",
        "book": 29,
        "chapter": 2,
        "verse": 3,
        "text": "Yes, and no one has escaped them."
      },
      {
        "book_name": "Joel",
        "book": 29,
        "chapter": 2,
        "verse": 4,
        "text": "Their appearance is as the appearance of horses,"
      },
      {
        "book_name": "Joel",
        "book": 29,
        "chapter": 2,
        "verse": 4,
        "text": "and they run as horsemen."
      },
      {
        "book_name": "Joel",
        "book": 29,
        "chapter": 2,
        "verse": 5,
        "text": "Like the noise of chariots on the tops of the mountains, they leap,"
      },
      {
        "book_name": "Joel",
        "book": 29,
        "chapter": 2,
        "verse": 5,
        "text": "like the noise of a flame of fire that devours the stubble,"
      },
      {
        "book_name": "Joel",
        "book": 29,
        "chapter": 2,
        "verse": 5,
        "text": "like a strong people set in battle array."
      },
      {
        "book_name": "Joel",
        "book": 29,
        "chapter": 2,
        "verse": 6,
        "text": "At their presence the peoples are in anguish."
      },
      {
        "book_name": "Joel",
        "book": 29,
        "chapter": 2,
        "verse": 6,
        "text": "All faces have grown pale."
      },
      {
        "book_name": "Joel",
        "book": 29,
        "chapter": 2,
        "verse": 7,
        "text": "They run like mighty men."
      },
      {
        "book_name": "Joel",
        "book": 29,
        "chapter": 2,
        "verse": 7,
        "text": "They climb the wall like warriors."
      },
      {
        "book_name": "Joel",
        "book": 29,
        "chapter": 2,
        "verse": 7,
        "text": "They each march in his line, and they don’t swerve off course."
      },
      {
        "book_name": "Joel",
        "book": 29,
        "chapter": 2,
        "verse": 8,
        "text": "One doesn’t jostle another."
      },
      {
        "book_name": "Joel",
        "book": 29,
        "chapter": 2,
        "verse": 8,
        "text": "They each march in their own path."
      },
      {
        "book_name": "Joel",
        "book": 29,
        "chapter": 2,
        "verse": 8,
        "text": "They burst through the defenses"
      },
      {
        "book_name": "Joel",
        "book": 29,
        "chapter": 2,
        "verse": 8,
        "text": "and don’t break ranks."
      },
      {
        "book_name": "Joel",
        "book": 29,
        "chapter": 2,
        "verse": 9,
        "text": "They rush on the city."
      },
      {
        "book_name": "Joel",
        "book": 29,
        "chapter": 2,
        "verse": 9,
        "text": "They run on the wall."
      },
      {
        "book_name": "Joel",
        "book": 29,
        "chapter": 2,
        "verse": 9,
        "text": "They climb up into the houses."
      },
      {
        "book_name": "Joel",
        "book": 29,
        "chapter": 2,
        "verse": 9,
        "text": "They enter in at the windows like thieves."
      },
      {
        "book_name": "Joel",
        "book": 29,
        "chapter": 2,
        "verse": 10,
        "text": "The earth quakes before them."
      },
      {
        "book_name": "Joel",
        "book": 29,
        "chapter": 2,
        "verse": 10,
        "text": "The heavens tremble."
      },
      {
        "book_name": "Joel",
        "book": 29,
        "chapter": 2,
        "verse": 10,
        "text": "The sun and the moon are darkened,"
      },
      {
        "book_name": "Joel",
        "book": 29,
        "chapter": 2,
        "verse": 10,
        "text": "and the stars withdraw their shining."
      },
      {
        "book_name": "Joel",
        "book": 29,
        "chapter": 2,
        "verse": 11,
        "text": "Yahweh thunders his voice before his army,"
      },
      {
        "book_name": "Joel",
        "book": 29,
        "chapter": 2,
        "verse": 11,
        "text": "for his forces are very great;"
      },
      {
        "book_name": "Joel",
        "book": 29,
        "chapter": 2,
        "verse": 11,
        "text": "for he is strong who obeys his command;"
      },
      {
        "book_name": "Joel",
        "book": 29,
        "chapter": 2,
        "verse": 11,
        "text": "for the day of Yahweh is great and very awesome,"
      },
      {
        "book_name": "Joel",
        "book": 29,
        "chapter": 2,
        "verse": 11,
        "text": "and who can endure it?"
      },
      {
        "book_name": "Joel",
        "book": 29,
        "chapter": 2,
        "verse": 12,
        "text": "“Yet even now,” says Yahweh, “turn to me with all your heart,"
      },
      {
        "book_name": "Joel",
        "book": 29,
        "chapter": 2,
        "verse": 12,
        "text": "and with fasting, and with weeping, and with mourning.”"
      },
      {
        "book_name": "Joel",
        "book": 29,
        "chapter": 2,
        "verse": 13,
        "text": "Tear your heart and not your garments,"
      },
      {
        "book_name": "Joel",
        "book": 29,
        "chapter": 2,
        "verse": 13,
        "text": "and turn to Yahweh, your God;"
      },
      {
        "book_name": "Joel",
        "book": 29,
        "chapter": 2,
        "verse": 13,
        "text": "for he is gracious and merciful,"
      },
      {
        "book_name": "Joel",
        "book": 29,
        "chapter": 2,
        "verse": 13,
        "text": "slow to anger, and abundant in loving kindness,"
      },
      {
        "book_name": "Joel",
        "book": 29,
        "chapter": 2,
        "verse": 13,
        "text": "and relents from sending calamity."
      },
      {
        "book_name": "Joel",
        "book": 29,
        "chapter": 2,
        "verse": 14,
        "text": "Who knows? He may turn and relent,"
      },
      {
        "book_name": "Joel",
        "book": 29,
        "chapter": 2,
        "verse": 14,
        "text": "and leave a blessing behind him,"
      },
      {
        "book_name": "Joel",
        "book": 29,
        "chapter": 2,
        "verse": 14,
        "text": "even a meal offering and a drink offering to Yahweh, your God."
      },
      {
        "book_name": "Joel",
        "book": 29,
        "chapter": 2,
        "verse": 15,
        "text": "Blow the trumpet in Zion!"
      },
      {
        "book_name": "Joel",
        "book": 29,
        "chapter": 2,
        "verse": 15,
        "text": "Sanctify a fast."
      },
      {
        "book_name": "Joel",
        "book": 29,
        "chapter": 2,
        "verse": 15,
        "text": "Call a solemn assembly."
      },
      {
        "book_name": "Joel",
        "book": 29,
        "chapter": 2,
        "verse": 16,
        "text": "Gather the people."
      },
      {
        "book_name": "Joel",
        "book": 29,
        "chapter": 2,
        "verse": 16,
        "text": "Sanctify the assembly."
      },
      {
        "book_name": "Joel",
        "book": 29,
        "chapter": 2,
        "verse": 16,
        "text": "Assemble the elders."
      },
      {
        "book_name": "Joel",
        "book": 29,
        "chapter": 2,
        "verse": 16,
        "text": "Gather the children, and those who nurse from breasts."
      },
      {
        "book_name": "Joel",
        "book": 29,
        "chapter": 2,
        "verse": 16,
        "text": "Let the bridegroom go out of his room,"
      },
      {
        "book_name": "Joel",
        "book": 29,
        "chapter": 2,
        "verse": 16,
        "text": "and the bride out of her chamber."
      },
      {
        "book_name": "Joel",
        "book": 29,
        "chapter": 2,
        "verse": 17,
        "text": "Let the priests, the ministers of Yahweh, weep between the porch and the altar,"
      },
      {
        "book_name": "Joel",
        "book": 29,
        "chapter": 2,
        "verse": 17,
        "text": "and let them say, “Spare your people, Yahweh,"
      },
      {
        "book_name": "Joel",
        "book": 29,
        "chapter": 2,
        "verse": 17,
        "text": "and don’t give your heritage to reproach,"
      },
      {
        "book_name": "Joel",
        "book": 29,
        "chapter": 2,
        "verse": 17,
        "text": "that the nations should rule over them."
      },
      {
        "book_name": "Joel",
        "book": 29,
        "chapter": 2,
        "verse": 17,
        "text": "Why should they say among the peoples,"
      },
      {
        "book_name": "Joel",
        "book": 29,
        "chapter": 2,
        "verse": 17,
        "text": "‘Where is their God?’”"
      },
      {
        "book_name": "Joel",
        "book": 29,
        "chapter": 2,
        "verse": 18,
        "text": "Then Yahweh was jealous for his land,"
      },
      {
        "book_name": "Joel",
        "book": 29,
        "chapter": 2,
        "verse": 18,
        "text": "and had pity on his people."
      },
      {
        "book_name": "Joel",
        "book": 29,
        "chapter": 2,
        "verse": 19,
        "text": "Yahweh answered his people,"
      },
      {
        "book_name": "Joel",
        "book": 29,
        "chapter": 2,
        "verse": 19,
        "text": "“Behold,#2:19 “Behold”, from “הִנֵּה”, means look at, take notice, observe, see, or gaze at. It is often used as an interjection. I will send you grain, new wine, and oil,"
      },
      {
        "book_name": "Joel",
        "book": 29,
        "chapter": 2,
        "verse": 19,
        "text": "and you will be satisfied with them;"
      },
      {
        "book_name": "Joel",
        "book": 29,
        "chapter": 2,
        "verse": 19,
        "text": "and I will no more make you a reproach among the nations."
      },
      {
        "book_name": "Joel",
        "book": 29,
        "chapter": 2,
        "verse": 20,
        "text": "But I will remove the northern army far away from you,"
      },
      {
        "book_name": "Joel",
        "book": 29,
        "chapter": 2,
        "verse": 20,
        "text": "and will drive it into a barren and desolate land,"
      },
      {
        "book_name": "Joel",
        "book": 29,
        "chapter": 2,
        "verse": 20,
        "text": "its front into the eastern sea,"
      },
      {
        "book_name": "Joel",
        "book": 29,
        "chapter": 2,
        "verse": 20,
        "text": "and its back into the western sea;"
      },
      {
        "book_name": "Joel",
        "book": 29,
        "chapter": 2,
        "verse": 20,
        "text": "and its stench will come up,"
      },
      {
        "book_name": "Joel",
        "book": 29,
        "chapter": 2,
        "verse": 20,
        "text": "and its bad smell will rise.”"
      },
      {
        "book_name": "Joel",
        "book": 29,
        "chapter": 2,
        "verse": 20,
        "text": "Surely he has done great things."
      },
      {
        "book_name": "Joel",
        "book": 29,
        "chapter": 2,
        "verse": 21,
        "text": "Land, don’t be afraid."
      },
      {
        "book_name": "Joel",
        "book": 29,
        "chapter": 2,
        "verse": 21,
        "text": "Be glad and rejoice, for Yahweh has done great things."
      },
      {
        "book_name": "Joel",
        "book": 29,
        "chapter": 2,
        "verse": 22,
        "text": "Don’t be afraid, you animals of the field;"
      },
      {
        "book_name": "Joel",
        "book": 29,
        "chapter": 2,
        "verse": 22,
        "text": "for the pastures of the wilderness spring up,"
      },
      {
        "book_name": "Joel",
        "book": 29,
        "chapter": 2,
        "verse": 22,
        "text": "for the tree bears its fruit."
      },
      {
        "book_name": "Joel",
        "book": 29,
        "chapter": 2,
        "verse": 22,
        "text": "The fig tree and the vine yield their strength."
      },
      {
        "book_name": "Joel",
        "book": 29,
        "chapter": 2,
        "verse": 23,
        "text": "“Be glad then, you children of Zion,"
      },
      {
        "book_name": "Joel",
        "book": 29,
        "chapter": 2,
        "verse": 23,
        "text": "and rejoice in Yahweh, your God;"
      },
      {
        "book_name": "Joel",
        "book": 29,
        "chapter": 2,
        "verse": 23,
        "text": "for he gives you the early rain in just measure,"
      },
      {
        "book_name": "Joel",
        "book": 29,
        "chapter": 2,
        "verse": 23,
        "text": "and he causes the rain to come down for you,"
      },
      {
        "book_name": "Joel",
        "book": 29,
        "chapter": 2,
        "verse": 23,
        "text": "the early rain and the latter rain, as before."
      },
      {
        "book_name": "Joel",
        "book": 29,
        "chapter": 2,
        "verse": 24,
        "text": "The threshing floors will be full of wheat,"
      },
      {
        "book_name": "Joel",
        "book": 29,
        "chapter": 2,
        "verse": 24,
        "text": "and the vats will overflow with new wine and oil."
      },
      {
        "book_name": "Joel",
        "book": 29,
        "chapter": 2,
        "verse": 25,
        "text": "I will restore to you the years that the swarming locust has eaten,"
      },
      {
        "book_name": "Joel",
        "book": 29,
        "chapter": 2,
        "verse": 25,
        "text": "the great locust, the grasshopper, and the caterpillar,"
      },
      {
        "book_name": "Joel",
        "book": 29,
        "chapter": 2,
        "verse": 25,
        "text": "my great army, which I sent among you."
      },
      {
        "book_name": "Joel",
        "book": 29,
        "chapter": 2,
        "verse": 26,
        "text": "You will have plenty to eat and be satisfied,"
      },
      {
        "book_name": "Joel",
        "book": 29,
        "chapter": 2,
        "verse": 26,
        "text": "and will praise the name of Yahweh, your God,"
      },
      {
        "book_name": "Joel",
        "book": 29,
        "chapter": 2,
        "verse": 26,
        "text": "who has dealt wondrously with you;"
      },
      {
        "book_name": "Joel",
        "book": 29,
        "chapter": 2,
        "verse": 26,
        "text": "and my people will never again be disappointed."
      },
      {
        "book_name": "Joel",
        "book": 29,
        "chapter": 2,
        "verse": 27,
        "text": "You will know that I am among Israel,"
      },
      {
        "book_name": "Joel",
        "book": 29,
        "chapter": 2,
        "verse": 27,
        "text": "and that I am Yahweh, your God, and there is no one else;"
      },
      {
        "book_name": "Joel",
        "book": 29,
        "chapter": 2,
        "verse": 27,
        "text": "and my people will never again be disappointed."
      },
      {
        "book_name": "Joel",
        "book": 29,
        "chapter": 2,
        "verse": 28,
        "text": "“It will happen afterward, that I will pour out my Spirit on all flesh;"
      },
      {
        "book_name": "Joel",
        "book": 29,
        "chapter": 2,
        "verse": 28,
        "text": "and your sons and your daughters will prophesy."
      },
      {
        "book_name": "Joel",
        "book": 29,
        "chapter": 2,
        "verse": 28,
        "text": "Your old men will dream dreams."
      },
      {
        "book_name": "Joel",
        "book": 29,
        "chapter": 2,
        "verse": 28,
        "text": "Your young men will see visions."
      },
      {
        "book_name": "Joel",
        "book": 29,
        "chapter": 2,
        "verse": 29,
        "text": "And also on the servants and on the handmaids in those days,"
      },
      {
        "book_name": "Joel",
        "book": 29,
        "chapter": 2,
        "verse": 29,
        "text": "I will pour out my Spirit."
      },
      {
        "book_name": "Joel",
        "book": 29,
        "chapter": 2,
        "verse": 30,
        "text": "I will show wonders in the heavens and in the earth:"
      },
      {
        "book_name": "Joel",
        "book": 29,
        "chapter": 2,
        "verse": 30,
        "text": "blood, fire, and pillars of smoke."
      },
      {
        "book_name": "Joel",
        "book": 29,
        "chapter": 2,
        "verse": 31,
        "text": "The sun will be turned into darkness,"
      },
      {
        "book_name": "Joel",
        "book": 29,
        "chapter": 2,
        "verse": 31,
        "text": "and the moon into blood,"
      },
      {
        "book_name": "Joel",
        "book": 29,
        "chapter": 2,
        "verse": 31,
        "text": "before the great and terrible day of Yahweh comes."
      },
      {
        "book_name": "Joel",
        "book": 29,
        "chapter": 2,
        "verse": 32,
        "text": "It will happen that whoever will call on Yahweh’s name shall be saved;"
      },
      {
        "book_name": "Joel",
        "book": 29,
        "chapter": 2,
        "verse": 32,
        "text": "for in Mount Zion and in Jerusalem there will be those who escape,"
      },
      {
        "book_name": "Joel",
        "book": 29,
        "chapter": 2,
        "verse": 32,
        "text": "as Yahweh has said,"
      },
      {
        "book_name": "Joel",
        "book": 29,
        "chapter": 2,
        "verse": 32,
        "text": "and among the remnant, those whom Yahweh calls."
      }
    ],
    "3": [
      {
        "book_name": "Joel",
        "book": 29,
        "chapter": 3,
        "verse": 1,
        "text": "1“For, behold, in those days,and in that time,when I restore the fortunes of Judah and Jerusalem,  2I will gather all nations,and will bring them down into the valley of Jehoshaphat;and I will execute judgment on them there for my people,and for my heritage, Israel, whom they have scattered among the nations.They have divided my land,  3and have cast lots for my people,and have given a boy for a prostitute,and sold a girl for wine, that they may drink.  4“Yes, and what are you to me, Tyre and Sidon,and all the regions of Philistia?Will you repay me?And if you repay me,I will swiftly and speedily return your repayment on your own head.  5Because you have taken my silver and my gold,and have carried my finest treasures into your temples,  6and have sold the children of Judah and the children of Jerusalem to the sons of the Greeks,that you may remove them far from their border.  7Behold, I will stir them up out of the place where you have sold them,and will return your repayment on your own head;  8and I will sell your sons and your daughters into the hands of the children of Judah,and they will sell them to the men of Sheba,to a faraway nation,for Yahweh has spoken it.”  9Proclaim this among the nations:“Prepare for war!Stir up the mighty men.Let all the warriors draw near.Let them come up. 10Beat your plowshares into swords,and your pruning hooks into spears.Let the weak say, ‘I am strong.’  11Hurry and come, all you surrounding nations,and gather yourselves together.”Cause your mighty ones to come down there, Yahweh.  12“Let the nations arouse themselves,and come up to the valley of Jehoshaphat;for there I will sit to judge all the surrounding nations.  13Put in the sickle;for the harvest is ripe.Come, tread, for the wine press is full,the vats overflow, for their wickedness is great.”  14Multitudes, multitudes in the valley of decision!For the day of Yahweh is near in the valley of decision.  15The sun and the moon are darkened,and the stars withdraw their shining.  16Yahweh will roar from Zion,and thunder from Jerusalem;and the heavens and the earth will shake;but Yahweh will be a refuge to his people,and a stronghold to the children of Israel.  17“So you will know that I am Yahweh, your God,dwelling in Zion, my holy mountain.Then Jerusalem will be holy,and no strangers will pass through her any more.  18It will happen in that day,that the mountains will drop down sweet wine,the hills will flow with milk,all the brooks of Judah will flow with waters;and a fountain will flow out from Yahweh’s house,and will water the valley of Shittim.  19Egypt will be a desolationand Edom will be a desolate wilderness,for the violence done to the children of Judah,because they have shed innocent blood in their land.  20But Judah will be inhabited forever,and Jerusalem from generation to generation.  21I will cleanse their bloodthat I have not cleansed,for Yahweh dwells in Zion.”"
      },
      {
        "book_name": "Joel",
        "book": 29,
        "chapter": 3,
        "verse": 1,
        "text": "“For, behold, in those days,"
      },
      {
        "book_name": "Joel",
        "book": 29,
        "chapter": 3,
        "verse": 1,
        "text": "and in that time,"
      },
      {
        "book_name": "Joel",
        "book": 29,
        "chapter": 3,
        "verse": 1,
        "text": "when I restore the fortunes of Judah and Jerusalem,"
      },
      {
        "book_name": "Joel",
        "book": 29,
        "chapter": 3,
        "verse": 2,
        "text": "I will gather all nations,"
      },
      {
        "book_name": "Joel",
        "book": 29,
        "chapter": 3,
        "verse": 2,
        "text": "and will bring them down into the valley of Jehoshaphat;"
      },
      {
        "book_name": "Joel",
        "book": 29,
        "chapter": 3,
        "verse": 2,
        "text": "and I will execute judgment on them there for my people,"
      },
      {
        "book_name": "Joel",
        "book": 29,
        "chapter": 3,
        "verse": 2,
        "text": "and for my heritage, Israel, whom they have scattered among the nations."
      },
      {
        "book_name": "Joel",
        "book": 29,
        "chapter": 3,
        "verse": 2,
        "text": "They have divided my land,"
      },
      {
        "book_name": "Joel",
        "book": 29,
        "chapter": 3,
        "verse": 3,
        "text": "and have cast lots for my people,"
      },
      {
        "book_name": "Joel",
        "book": 29,
        "chapter": 3,
        "verse": 3,
        "text": "and have given a boy for a prostitute,"
      },
      {
        "book_name": "Joel",
        "book": 29,
        "chapter": 3,
        "verse": 3,
        "text": "and sold a girl for wine, that they may drink."
      },
      {
        "book_name": "Joel",
        "book": 29,
        "chapter": 3,
        "verse": 4,
        "text": "“Yes, and what are you to me, Tyre and Sidon,"
      },
      {
        "book_name": "Joel",
        "book": 29,
        "chapter": 3,
        "verse": 4,
        "text": "and all the regions of Philistia?"
      },
      {
        "book_name": "Joel",
        "book": 29,
        "chapter": 3,
        "verse": 4,
        "text": "Will you repay me?"
      },
      {
        "book_name": "Joel",
        "book": 29,
        "chapter": 3,
        "verse": 4,
        "text": "And if you repay me,"
      },
      {
        "book_name": "Joel",
        "book": 29,
        "chapter": 3,
        "verse": 4,
        "text": "I will swiftly and speedily return your repayment on your own head."
      },
      {
        "book_name": "Joel",
        "book": 29,
        "chapter": 3,
        "verse": 5,
        "text": "Because you have taken my silver and my gold,"
      },
      {
        "book_name": "Joel",
        "book": 29,
        "chapter": 3,
        "verse": 5,
        "text": "and have carried my finest treasures into your temples,"
      },
      {
        "book_name": "Joel",
        "book": 29,
        "chapter": 3,
        "verse": 6,
        "text": "and have sold the children of Judah and the children of Jerusalem to the sons of the Greeks,"
      },
      {
        "book_name": "Joel",
        "book": 29,
        "chapter": 3,
        "verse": 6,
        "text": "that you may remove them far from their border."
      },
      {
        "book_name": "Joel",
        "book": 29,
        "chapter": 3,
        "verse": 7,
        "text": "Behold, I will stir them up out of the place where you have sold them,"
      },
      {
        "book_name": "Joel",
        "book": 29,
        "chapter": 3,
        "verse": 7,
        "text": "and will return your repayment on your own head;"
      },
      {
        "book_name": "Joel",
        "book": 29,
        "chapter": 3,
        "verse": 8,
        "text": "and I will sell your sons and your daughters into the hands of the children of Judah,"
      },
      {
        "book_name": "Joel",
        "book": 29,
        "chapter": 3,
        "verse": 8,
        "text": "and they will sell them to the men of Sheba,"
      },
      {
        "book_name": "Joel",
        "book": 29,
        "chapter": 3,
        "verse": 8,
        "text": "to a faraway nation,"
      },
      {
        "book_name": "Joel",
        "book": 29,
        "chapter": 3,
        "verse": 8,
        "text": "for Yahweh has spoken it.”"
      },
      {
        "book_name": "Joel",
        "book": 29,
        "chapter": 3,
        "verse": 9,
        "text": "Proclaim this among the nations:"
      },
      {
        "book_name": "Joel",
        "book": 29,
        "chapter": 3,
        "verse": 9,
        "text": "“Prepare for war!"
      },
      {
        "book_name": "Joel",
        "book": 29,
        "chapter": 3,
        "verse": 9,
        "text": "Stir up the mighty men."
      },
      {
        "book_name": "Joel",
        "book": 29,
        "chapter": 3,
        "verse": 9,
        "text": "Let all the warriors draw near."
      },
      {
        "book_name": "Joel",
        "book": 29,
        "chapter": 3,
        "verse": 9,
        "text": "Let them come up."
      },
      {
        "book_name": "Joel",
        "book": 29,
        "chapter": 3,
        "verse": 10,
        "text": "Beat your plowshares into swords,"
      },
      {
        "book_name": "Joel",
        "book": 29,
        "chapter": 3,
        "verse": 10,
        "text": "and your pruning hooks into spears."
      },
      {
        "book_name": "Joel",
        "book": 29,
        "chapter": 3,
        "verse": 10,
        "text": "Let the weak say, ‘I am strong.’"
      },
      {
        "book_name": "Joel",
        "book": 29,
        "chapter": 3,
        "verse": 11,
        "text": "Hurry and come, all you surrounding nations,"
      },
      {
        "book_name": "Joel",
        "book": 29,
        "chapter": 3,
        "verse": 11,
        "text": "and gather yourselves together.”"
      },
      {
        "book_name": "Joel",
        "book": 29,
        "chapter": 3,
        "verse": 11,
        "text": "Cause your mighty ones to come down there, Yahweh."
      },
      {
        "book_name": "Joel",
        "book": 29,
        "chapter": 3,
        "verse": 12,
        "text": "“Let the nations arouse themselves,"
      },
      {
        "book_name": "Joel",
        "book": 29,
        "chapter": 3,
        "verse": 12,
        "text": "and come up to the valley of Jehoshaphat;"
      },
      {
        "book_name": "Joel",
        "book": 29,
        "chapter": 3,
        "verse": 12,
        "text": "for there I will sit to judge all the surrounding nations."
      },
      {
        "book_name": "Joel",
        "book": 29,
        "chapter": 3,
        "verse": 13,
        "text": "Put in the sickle;"
      },
      {
        "book_name": "Joel",
        "book": 29,
        "chapter": 3,
        "verse": 13,
        "text": "for the harvest is ripe."
      },
      {
        "book_name": "Joel",
        "book": 29,
        "chapter": 3,
        "verse": 13,
        "text": "Come, tread, for the wine press is full,"
      },
      {
        "book_name": "Joel",
        "book": 29,
        "chapter": 3,
        "verse": 13,
        "text": "the vats overflow, for their wickedness is great.”"
      },
      {
        "book_name": "Joel",
        "book": 29,
        "chapter": 3,
        "verse": 14,
        "text": "Multitudes, multitudes in the valley of decision!"
      },
      {
        "book_name": "Joel",
        "book": 29,
        "chapter": 3,
        "verse": 14,
        "text": "For the day of Yahweh is near in the valley of decision."
      },
      {
        "book_name": "Joel",
        "book": 29,
        "chapter": 3,
        "verse": 15,
        "text": "The sun and the moon are darkened,"
      },
      {
        "book_name": "Joel",
        "book": 29,
        "chapter": 3,
        "verse": 15,
        "text": "and the stars withdraw their shining."
      },
      {
        "book_name": "Joel",
        "book": 29,
        "chapter": 3,
        "verse": 16,
        "text": "Yahweh will roar from Zion,"
      },
      {
        "book_name": "Joel",
        "book": 29,
        "chapter": 3,
        "verse": 16,
        "text": "and thunder from Jerusalem;"
      },
      {
        "book_name": "Joel",
        "book": 29,
        "chapter": 3,
        "verse": 16,
        "text": "and the heavens and the earth will shake;"
      },
      {
        "book_name": "Joel",
        "book": 29,
        "chapter": 3,
        "verse": 16,
        "text": "but Yahweh will be a refuge to his people,"
      },
      {
        "book_name": "Joel",
        "book": 29,
        "chapter": 3,
        "verse": 16,
        "text": "and a stronghold to the children of Israel."
      },
      {
        "book_name": "Joel",
        "book": 29,
        "chapter": 3,
        "verse": 17,
        "text": "“So you will know that I am Yahweh, your God,"
      },
      {
        "book_name": "Joel",
        "book": 29,
        "chapter": 3,
        "verse": 17,
        "text": "dwelling in Zion, my holy mountain."
      },
      {
        "book_name": "Joel",
        "book": 29,
        "chapter": 3,
        "verse": 17,
        "text": "Then Jerusalem will be holy,"
      },
      {
        "book_name": "Joel",
        "book": 29,
        "chapter": 3,
        "verse": 17,
        "text": "and no strangers will pass through her any more."
      },
      {
        "book_name": "Joel",
        "book": 29,
        "chapter": 3,
        "verse": 18,
        "text": "It will happen in that day,"
      },
      {
        "book_name": "Joel",
        "book": 29,
        "chapter": 3,
        "verse": 18,
        "text": "that the mountains will drop down sweet wine,"
      },
      {
        "book_name": "Joel",
        "book": 29,
        "chapter": 3,
        "verse": 18,
        "text": "the hills will flow with milk,"
      },
      {
        "book_name": "Joel",
        "book": 29,
        "chapter": 3,
        "verse": 18,
        "text": "all the brooks of Judah will flow with waters;"
      },
      {
        "book_name": "Joel",
        "book": 29,
        "chapter": 3,
        "verse": 18,
        "text": "and a fountain will flow out from Yahweh’s house,"
      },
      {
        "book_name": "Joel",
        "book": 29,
        "chapter": 3,
        "verse": 18,
        "text": "and will water the valley of Shittim."
      },
      {
        "book_name": "Joel",
        "book": 29,
        "chapter": 3,
        "verse": 19,
        "text": "Egypt will be a desolation"
      },
      {
        "book_name": "Joel",
        "book": 29,
        "chapter": 3,
        "verse": 19,
        "text": "and Edom will be a desolate wilderness,"
      },
      {
        "book_name": "Joel",
        "book": 29,
        "chapter": 3,
        "verse": 19,
        "text": "for the violence done to the children of Judah,"
      },
      {
        "book_name": "Joel",
        "book": 29,
        "chapter": 3,
        "verse": 19,
        "text": "because they have shed innocent blood in their land."
      },
      {
        "book_name": "Joel",
        "book": 29,
        "chapter": 3,
        "verse": 20,
        "text": "But Judah will be inhabited forever,"
      },
      {
        "book_name": "Joel",
        "book": 29,
        "chapter": 3,
        "verse": 20,
        "text": "and Jerusalem from generation to generation."
      },
      {
        "book_name": "Joel",
        "book": 29,
        "chapter": 3,
        "verse": 21,
        "text": "I will cleanse their blood"
      },
      {
        "book_name": "Joel",
        "book": 29,
        "chapter": 3,
        "verse": 21,
        "text": "that I have not cleansed,"
      },
      {
        "book_name": "Joel",
        "book": 29,
        "chapter": 3,
        "verse": 21,
        "text": "for Yahweh dwells in Zion.”"
      }
    ]
  }
}