{
  "source": "bible.com",
  "version": "World English Bible",
  "book": "Jude",
  "chapters": {
    "1": [
      {
        "book_name": "Jude",
        "book": 65,
        "chapter": 1,
        "verse": 1,
        "text": "1Jude,#1:1 or, Judah a servant of Jesus Christ,#1:1 “Christ” means “Anointed One”. and brother of James, to those who are called, sanctified by God the Father, and kept for Jesus Christ: 2May mercy, peace, and love be multiplied to you.  3Beloved, while I was very eager to write to you about our common salvation, I was constrained to write to you exhorting you to contend earnestly for the faith which was once for all delivered to the saints. 4For there are certain men who crept in secretly, even those who were long ago written about for this condemnation: ungodly men, turning the grace of our God into indecency, and denying our only Master, God, and Lord, Jesus Christ.  5Now I desire to remind you, though you already know this, that the Lord, having saved a people out of the land of Egypt, afterward destroyed those who didn’t believe. 6Angels who didn’t keep their first domain, but deserted their own dwelling place, he has kept in everlasting bonds under darkness for the judgment of the great day. 7Even as Sodom and Gomorrah and the cities around them, having in the same way as these given themselves over to sexual immorality and gone after strange flesh, are shown as an example, suffering the punishment of eternal fire. 8Yet in the same way, these also in their dreaming defile the flesh, despise authority, and slander celestial beings. 9But Michael, the archangel, when contending with the devil and arguing about the body of Moses, dared not bring against him an abusive condemnation, but said, “May the Lord rebuke you!” 10But these speak evil of whatever things they don’t know. They are destroyed in these things that they understand naturally, like the creatures without reason. 11Woe to them! For they went in the way of Cain, and ran riotously in the error of Balaam for hire, and perished in Korah’s rebellion. 12These are hidden rocky reefs in your love feasts when they feast with you, shepherds who without fear feed themselves; clouds without water, carried along by winds; autumn trees without fruit, twice dead, plucked up by the roots; 13wild waves of the sea, foaming out their own shame; wandering stars, for whom the blackness of darkness has been reserved forever. 14About these also Enoch, the seventh from Adam, prophesied, saying, “Behold,#1:14 “Behold”, from “ἰδοὺ”, means look at, take notice, observe, see, or gaze at. It is often used as an interjection. the Lord came with ten thousands of his holy ones, 15to execute judgment on all, and to convict all the ungodly of all their works of ungodliness which they have done in an ungodly way, and of all the hard things which ungodly sinners have spoken against him.” 16These are murmurers and complainers, walking after their lusts—and their mouth speaks proud things—showing respect of persons to gain advantage.  17But you, beloved, remember the words which have been spoken before by the apostles of our Lord Jesus Christ. 18They said to you, “In the last time there will be mockers, walking after their own ungodly lusts.” 19These are those who cause divisions and are sensual, not having the Spirit.  20But you, beloved, keep building up yourselves on your most holy faith, praying in the Holy Spirit. 21Keep yourselves in God’s love, looking for the mercy of our Lord Jesus Christ to eternal life. 22On some have compassion, making a distinction, 23and some save, snatching them out of the fire with fear, hating even the clothing stained by the flesh.  24Now to him who is able to keep them#1:24 TR and NU read “you” from stumbling, and to present you faultless before the presence of his glory in great joy, 25to God our Savior, who alone is wise, be glory and majesty, dominion and power, both now and forever. Amen."
      },
      {
        "book_name": "Jude",
        "book": 65,
        "chapter": 1,
        "verse": 1,
        "text": "Jude,#1:1 or, Judah a servant of Jesus Christ,#1:1 “Christ” means “Anointed One”. and brother of James, to those who are called, sanctified by God the Father, and kept for Jesus Christ:"
      },
      {
        "book_name": "Jude",
        "book": 65,
        "chapter": 1,
        "verse": 2,
        "text": "May mercy, peace, and love be multiplied to you."
      },
      {
        "book_name": "Jude",
        "book": 65,
        "chapter": 1,
        "verse": 3,
        "text": "Beloved, while I was very eager to write to you about our common salvation, I was constrained to write to you exhorting you to contend earnestly for the faith which was once for all delivered to the saints."
      },
      {
        "book_name": "Jude",
        "book": 65,
        "chapter": 1,
        "verse": 4,
        "text": "For there are certain men who crept in secretly, even those who were long ago written about for this condemnation: ungodly men, turning the grace of our God into indecency, and denying our only Master, God, and Lord, Jesus Christ."
      },
      {
        "book_name": "Jude",
        "book": 65,
        "chapter": 1,
        "verse": 5,
        "text": "Now I desire to remind you, though you already know this, that the Lord, having saved a people out of the land of Egypt, afterward destroyed those who didn’t believe."
      },
      {
        "book_name": "Jude",
        "book": 65,
        "chapter": 1,
        "verse": 6,
        "text": "Angels who didn’t keep their first domain, but deserted their own dwelling place, he has kept in everlasting bonds under darkness for the judgment of the great day."
      },
      {
        "book_name": "Jude",
        "book": 65,
        "chapter": 1,
        "verse": 7,
        "text": "Even as Sodom and Gomorrah and the cities around them, having in the same way as these given themselves over to sexual immorality and gone after strange flesh, are shown as an example, suffering the punishment of eternal fire."
      },
      {
        "book_name": "Jude",
        "book": 65,
        "chapter": 1,
        "verse": 8,
        "text": "Yet in the same way, these also in their dreaming defile the flesh, despise authority, and slander celestial beings."
      },
      {
        "book_name": "Jude",
        "book": 65,
        "chapter": 1,
        "verse": 9,
        "text": "But Michael, the archangel, when contending with the devil and arguing about the body of Moses, dared not bring against him an abusive condemnation, but said, “May the Lord rebuke you!”"
      },
      {
        "book_name": "Jude",
        "book": 65,
        "chapter": 1,
        "verse": 10,
        "text": "But these speak evil of whatever things they don’t know. They are destroyed in these things that they understand naturally, like the creatures without reason."
      },
      {
        "book_name": "Jude",
        "book": 65,
        "chapter": 1,
        "verse": 11,
        "text": "Woe to them! For they went in the way of Cain, and ran riotously in the error of Balaam for hire, and perished in Korah’s rebellion."
      },
      {
        "book_name": "Jude",
        "book": 65,
        "chapter": 1,
        "verse": 12,
        "text": "These are hidden rocky reefs in your love feasts when they feast with you, shepherds who without fear feed themselves; clouds without water, carried along by winds; autumn trees without fruit, twice dead, plucked up by the roots;"
      },
      {
        "book_name": "Jude",
        "book": 65,
        "chapter": 1,
        "verse": 13,
        "text": "wild waves of the sea, foaming out their own shame; wandering stars, for whom the blackness of darkness has been reserved forever."
      },
      {
        "book_name": "Jude",
        "book": 65,
        "chapter": 1,
        "verse": 14,
        "text": "About these also Enoch, the seventh from Adam, prophesied, saying, “Behold,#1:14 “Behold”, from “ἰδοὺ”, means look at, take notice, observe, see, or gaze at. It is often used as an interjection. the Lord came with ten thousands of his holy ones,"
      },
      {
        "book_name": "Jude",
        "book": 65,
        "chapter": 1,
        "verse": 15,
        "text": "to execute judgment on all, and to convict all the ungodly of all their works of ungodliness which they have done in an ungodly way, and of all the hard things which ungodly sinners have spoken against him.”"
      },
      {
        "book_name": "Jude",
        "book": 65,
        "chapter": 1,
        "verse": 16,
        "text": "These are murmurers and complainers, walking after their lusts—and their mouth speaks proud things—showing respect of persons to gain advantage."
      },
      {
        "book_name": "Jude",
        "book": 65,
        "chapter": 1,
        "verse": 17,
        "text": "But you, beloved, remember the words which have been spoken before by the apostles of our Lord Jesus Christ."
      },
      {
        "book_name": "Jude",
        "book": 65,
        "chapter": 1,
        "verse": 18,
        "text": "They said to you, “In the last time there will be mockers, walking after their own ungodly lusts.”"
      },
      {
        "book_name": "Jude",
        "book": 65,
        "chapter": 1,
        "verse": 19,
        "text": "These are those who cause divisions and are sensual, not having the Spirit."
      },
      {
        "book_name": "Jude",
        "book": 65,
        "chapter": 1,
        "verse": 20,
        "text": "But you, beloved, keep building up yourselves on your most holy faith, praying in the Holy Spirit."
      },
      {
        "book_name": "Jude",
        "book": 65,
        "chapter": 1,
        "verse": 21,
        "text": "Keep yourselves in God’s love, looking for the mercy of our Lord Jesus Christ to eternal life."
      },
      {
        "book_name": "Jude",
        "book": 65,
        "chapter": 1,
        "verse": 22,
        "text": "On some have compassion, making a distinction,"
      },
      {
        "book_name": "Jude",
        "book": 65,
        "chapter": 1,
        "verse": 23,
        "text": "and some save, snatching them out of the fire with fear, hating even the clothing stained by the flesh."
      },
      {
        "book_name": "Jude",
        "book": 65,
        "chapter": 1,
        "verse": 24,
        "text": "Now to him who is able to keep them#1:24 TR and NU read “you” from stumbling, and to present you faultless before the presence of his glory in great joy,"
      },
      {
        "book_name": "Jude",
        "book": 65,
        "chapter": 1,
        "verse": 25,
        "text": "to God our Savior, who alone is wise, be glory and majesty, dominion and power, both now and forever. Amen."
      }
    ]
  }
}