{
  "source": "bible.com",
  "version": "World English Bible",
  "book": "Lamentations",
  "chapters": {
    "1": [
      {
        "book_name": "Lamentations",
        "book": 25,
        "chapter": 1,
        "verse": 1,
        "text": "1How the city sits solitary,that was full of people!She has become as a widow,who was great among the nations!She who was a princess among the provinceshas become a slave!  2She weeps bitterly in the night.Her tears are on her cheeks.Among all her loversshe has no one to comfort her.All her friends have dealt treacherously with her.They have become her enemies.  3Judah has gone into captivity because of afflictionand because of great servitude.She dwells among the nations.She finds no rest.All her persecutors overtook her in her distress.  4The roads to Zion mourn,because no one comes to the solemn assembly.All her gates are desolate.Her priests sigh.Her virgins are afflicted,and she herself is in bitterness.  5Her adversaries have become the head.Her enemies prosper;for Yahweh#1:5 “Yahweh” is God’s proper Name, sometimes rendered “Lord” (all caps) in other translations. has afflicted her for the multitude of her transgressions.Her young children have gone into captivity before the adversary.  6All majesty has departed from the daughter of Zion.Her princes have become like deer that find no pasture.They have gone without strength before the pursuer.  7Jerusalem remembers in the days of her affliction and of her miseriesall her pleasant things that were from the days of old;when her people fell into the hand of the adversary,and no one helped her.The adversaries saw her.They mocked at her desolations.  8Jerusalem has grievously sinned.Therefore she has become unclean.All who honored her despise her,because they have seen her nakedness.Yes, she sighs and turns backward.  9Her filthiness was in her skirts.She didn’t remember her latter end.Therefore she has come down astoundingly.She has no comforter.“See, Yahweh, my affliction;for the enemy has magnified himself.”  10The adversary has spread out his hand on all her pleasant things;for she has seen that the nations have entered into her sanctuary,concerning whom you commanded that they should not enter into your assembly.  11All her people sigh.They seek bread.They have given their pleasant things for food to refresh their soul.“Look, Yahweh, and see,for I have become despised.”  12“Is it nothing to you, all you who pass by?Look, and see if there is any sorrow like my sorrow,which is brought on me,with which Yahweh has afflicted me in the day of his fierce anger.  13“From on high has he sent fire into my bones,and it prevails against them.He has spread a net for my feet.He has turned me back.He has made me desolate and I faint all day long.  14“The yoke of my transgressions is bound by his hand.They are knit together.They have come up on my neck.He made my strength fail.The Lord#1:14 The word translated “Lord” is “Adonai.” has delivered me into their hands,against whom I am not able to stand.  15“The Lord has set at nothing all my mighty men within me.He has called a solemn assembly against me to crush my young men.The Lord has trodden the virgin daughter of Judah as in a wine press.  16“For these things I weep.My eye, my eye runs down with water,because the comforter who should refresh my soul is far from me.My children are desolate,because the enemy has prevailed.”  17Zion spreads out her hands.There is no one to comfort her.Yahweh has commanded concerning Jacob,that those who are around him should be his adversaries.Jerusalem is among them as an unclean thing.  18“Yahweh is righteous,for I have rebelled against his commandment.Please hear all you peoples,and see my sorrow.My virgins and my young men have gone into captivity.  19“I called for my lovers,but they deceived me.My priests and my elders gave up the spirit in the city,while they sought food for themselves to refresh their souls.  20“Look, Yahweh; for I am in distress.My heart is troubled.My heart turns over within me,for I have grievously rebelled.Abroad, the sword bereaves.At home, it is like death.  21“They have heard that I sigh.There is no one to comfort me.All my enemies have heard of my trouble.They are glad that you have done it.You will bring the day that you have proclaimed,and they will be like me.  22“Let all their wickedness come before you.Do to them as you have done to me for all my transgressions.For my sighs are many,and my heart is faint."
      },
      {
        "book_name": "Lamentations",
        "book": 25,
        "chapter": 1,
        "verse": 1,
        "text": "How the city sits solitary,"
      },
      {
        "book_name": "Lamentations",
        "book": 25,
        "chapter": 1,
        "verse": 1,
        "text": "that was full of people!"
      },
      {
        "book_name": "Lamentations",
        "book": 25,
        "chapter": 1,
        "verse": 1,
        "text": "She has become as a widow,"
      },
      {
        "book_name": "Lamentations",
        "book": 25,
        "chapter": 1,
        "verse": 1,
        "text": "who was great among the nations!"
      },
      {
        "book_name": "Lamentations",
        "book": 25,
        "chapter": 1,
        "verse": 1,
        "text": "She who was a princess among the provinces"
      },
      {
        "book_name": "Lamentations",
        "book": 25,
        "chapter": 1,
        "verse": 1,
        "text": "has become a slave!"
      },
      {
        "book_name": "Lamentations",
        "book": 25,
        "chapter": 1,
        "verse": 2,
        "text": "She weeps bitterly in the night."
      },
      {
        "book_name": "Lamentations",
        "book": 25,
        "chapter": 1,
        "verse": 2,
        "text": "Her tears are on her cheeks."
      },
      {
        "book_name": "Lamentations",
        "book": 25,
        "chapter": 1,
        "verse": 2,
        "text": "Among all her lovers"
      },
      {
        "book_name": "Lamentations",
        "book": 25,
        "chapter": 1,
        "verse": 2,
        "text": "she has no one to comfort her."
      },
      {
        "book_name": "Lamentations",
        "book": 25,
        "chapter": 1,
        "verse": 2,
        "text": "All her friends have dealt treacherously with her."
      },
      {
        "book_name": "Lamentations",
        "book": 25,
        "chapter": 1,
        "verse": 2,
        "text": "They have become her enemies."
      },
      {
        "book_name": "Lamentations",
        "book": 25,
        "chapter": 1,
        "verse": 3,
        "text": "Judah has gone into captivity because of affliction"
      },
      {
        "book_name": "Lamentations",
        "book": 25,
        "chapter": 1,
        "verse": 3,
        "text": "and because of great servitude."
      },
      {
        "book_name": "Lamentations",
        "book": 25,
        "chapter": 1,
        "verse": 3,
        "text": "She dwells among the nations."
      },
      {
        "book_name": "Lamentations",
        "book": 25,
        "chapter": 1,
        "verse": 3,
        "text": "She finds no rest."
      },
      {
        "book_name": "Lamentations",
        "book": 25,
        "chapter": 1,
        "verse": 3,
        "text": "All her persecutors overtook her in her distress."
      },
      {
        "book_name": "Lamentations",
        "book": 25,
        "chapter": 1,
        "verse": 4,
        "text": "The roads to Zion mourn,"
      },
      {
        "book_name": "Lamentations",
        "book": 25,
        "chapter": 1,
        "verse": 4,
        "text": "because no one comes to the solemn assembly."
      },
      {
        "book_name": "Lamentations",
        "book": 25,
        "chapter": 1,
        "verse": 4,
        "text": "All her gates are desolate."
      },
      {
        "book_name": "Lamentations",
        "book": 25,
        "chapter": 1,
        "verse": 4,
        "text": "Her priests sigh."
      },
      {
        "book_name": "Lamentations",
        "book": 25,
        "chapter": 1,
        "verse": 4,
        "text": "Her virgins are afflicted,"
      },
      {
        "book_name": "Lamentations",
        "book": 25,
        "chapter": 1,
        "verse": 4,
        "text": "and she herself is in bitterness."
      },
      {
        "book_name": "Lamentations",
        "book": 25,
        "chapter": 1,
        "verse": 5,
        "text": "Her adversaries have become the head."
      },
      {
        "book_name": "Lamentations",
        "book": 25,
        "chapter": 1,
        "verse": 5,
        "text": "Her enemies prosper;"
      },
      {
        "book_name": "Lamentations",
        "book": 25,
        "chapter": 1,
        "verse": 5,
        "text": "for Yahweh#1:5 “Yahweh” is God’s proper Name, sometimes rendered “Lord” (all caps) in other translations. has afflicted her for the multitude of her transgressions."
      },
      {
        "book_name": "Lamentations",
        "book": 25,
        "chapter": 1,
        "verse": 5,
        "text": "Her young children have gone into captivity before the adversary."
      },
      {
        "book_name": "Lamentations",
        "book": 25,
        "chapter": 1,
        "verse": 6,
        "text": "All majesty has departed from the daughter of Zion."
      },
      {
        "book_name": "Lamentations",
        "book": 25,
        "chapter": 1,
        "verse": 6,
        "text": "Her princes have become like deer that find no pasture."
      },
      {
        "book_name": "Lamentations",
        "book": 25,
        "chapter": 1,
        "verse": 6,
        "text": "They have gone without strength before the pursuer."
      },
      {
        "book_name": "Lamentations",
        "book": 25,
        "chapter": 1,
        "verse": 7,
        "text": "Jerusalem remembers in the days of her affliction and of her miseries"
      },
      {
        "book_name": "Lamentations",
        "book": 25,
        "chapter": 1,
        "verse": 7,
        "text": "all her pleasant things that were from the days of old;"
      },
      {
        "book_name": "Lamentations",
        "book": 25,
        "chapter": 1,
        "verse": 7,
        "text": "when her people fell into the hand of the adversary,"
      },
      {
        "book_name": "Lamentations",
        "book": 25,
        "chapter": 1,
        "verse": 7,
        "text": "and no one helped her."
      },
      {
        "book_name": "Lamentations",
        "book": 25,
        "chapter": 1,
        "verse": 7,
        "text": "The adversaries saw her."
      },
      {
        "book_name": "Lamentations",
        "book": 25,
        "chapter": 1,
        "verse": 7,
        "text": "They mocked at her desolations."
      },
      {
        "book_name": "Lamentations",
        "book": 25,
        "chapter": 1,
        "verse": 8,
        "text": "Jerusalem has grievously sinned."
      },
      {
        "book_name": "Lamentations",
        "book": 25,
        "chapter": 1,
        "verse": 8,
        "text": "Therefore she has become unclean."
      },
      {
        "book_name": "Lamentations",
        "book": 25,
        "chapter": 1,
        "verse": 8,
        "text": "All who honored her despise her,"
      },
      {
        "book_name": "Lamentations",
        "book": 25,
        "chapter": 1,
        "verse": 8,
        "text": "because they have seen her nakedness."
      },
      {
        "book_name": "Lamentations",
        "book": 25,
        "chapter": 1,
        "verse": 8,
        "text": "Yes, she sighs and turns backward."
      },
      {
        "book_name": "Lamentations",
        "book": 25,
        "chapter": 1,
        "verse": 9,
        "text": "Her filthiness was in her skirts."
      },
      {
        "book_name": "Lamentations",
        "book": 25,
        "chapter": 1,
        "verse": 9,
        "text": "She didn’t remember her latter end."
      },
      {
        "book_name": "Lamentations",
        "book": 25,
        "chapter": 1,
        "verse": 9,
        "text": "Therefore she has come down astoundingly."
      },
      {
        "book_name": "Lamentations",
        "book": 25,
        "chapter": 1,
        "verse": 9,
        "text": "She has no comforter."
      },
      {
        "book_name": "Lamentations",
        "book": 25,
        "chapter": 1,
        "verse": 9,
        "text": "“See, Yahweh, my affliction;"
      },
      {
        "book_name": "Lamentations",
        "book": 25,
        "chapter": 1,
        "verse": 9,
        "text": "for the enemy has magnified himself.”"
      },
      {
        "book_name": "Lamentations",
        "book": 25,
        "chapter": 1,
        "verse": 10,
        "text": "The adversary has spread out his hand on all her pleasant things;"
      },
      {
        "book_name": "Lamentations",
        "book": 25,
        "chapter": 1,
        "verse": 10,
        "text": "for she has seen that the nations have entered into her sanctuary,"
      },
      {
        "book_name": "Lamentations",
        "book": 25,
        "chapter": 1,
        "verse": 10,
        "text": "concerning whom you commanded that they should not enter into your assembly."
      },
      {
        "book_name": "Lamentations",
        "book": 25,
        "chapter": 1,
        "verse": 11,
        "text": "All her people sigh."
      },
      {
        "book_name": "Lamentations",
        "book": 25,
        "chapter": 1,
        "verse": 11,
        "text": "They seek bread."
      },
      {
        "book_name": "Lamentations",
        "book": 25,
        "chapter": 1,
        "verse": 11,
        "text": "They have given their pleasant things for food to refresh their soul."
      },
      {
        "book_name": "Lamentations",
        "book": 25,
        "chapter": 1,
        "verse": 11,
        "text": "“Look, Yahweh, and see,"
      },
      {
        "book_name": "Lamentations",
        "book": 25,
        "chapter": 1,
        "verse": 11,
        "text": "for I have become despised.”"
      },
      {
        "book_name": "Lamentations",
        "book": 25,
        "chapter": 1,
        "verse": 12,
        "text": "“Is it nothing to you, all you who pass by?"
      },
      {
        "book_name": "Lamentations",
        "book": 25,
        "chapter": 1,
        "verse": 12,
        "text": "Look, and see if there is any sorrow like my sorrow,"
      },
      {
        "book_name": "Lamentations",
        "book": 25,
        "chapter": 1,
        "verse": 12,
        "text": "which is brought on me,"
      },
      {
        "book_name": "Lamentations",
        "book": 25,
        "chapter": 1,
        "verse": 12,
        "text": "with which Yahweh has afflicted me in the day of his fierce anger."
      },
      {
        "book_name": "Lamentations",
        "book": 25,
        "chapter": 1,
        "verse": 13,
        "text": "“From on high has he sent fire into my bones,"
      },
      {
        "book_name": "Lamentations",
        "book": 25,
        "chapter": 1,
        "verse": 13,
        "text": "and it prevails against them."
      },
      {
        "book_name": "Lamentations",
        "book": 25,
        "chapter": 1,
        "verse": 13,
        "text": "He has spread a net for my feet."
      },
      {
        "book_name": "Lamentations",
        "book": 25,
        "chapter": 1,
        "verse": 13,
        "text": "He has turned me back."
      },
      {
        "book_name": "Lamentations",
        "book": 25,
        "chapter": 1,
        "verse": 13,
        "text": "He has made me desolate and I faint all day long."
      },
      {
        "book_name": "Lamentations",
        "book": 25,
        "chapter": 1,
        "verse": 14,
        "text": "“The yoke of my transgressions is bound by his hand."
      },
      {
        "book_name": "Lamentations",
        "book": 25,
        "chapter": 1,
        "verse": 14,
        "text": "They are knit together."
      },
      {
        "book_name": "Lamentations",
        "book": 25,
        "chapter": 1,
        "verse": 14,
        "text": "They have come up on my neck."
      },
      {
        "book_name": "Lamentations",
        "book": 25,
        "chapter": 1,
        "verse": 14,
        "text": "He made my strength fail."
      },
      {
        "book_name": "Lamentations",
        "book": 25,
        "chapter": 1,
        "verse": 14,
        "text": "The Lord#1:14 The word translated “Lord” is “Adonai.” has delivered me into their hands,"
      },
      {
        "book_name": "Lamentations",
        "book": 25,
        "chapter": 1,
        "verse": 14,
        "text": "against whom I am not able to stand."
      },
      {
        "book_name": "Lamentations",
        "book": 25,
        "chapter": 1,
        "verse": 15,
        "text": "“The Lord has set at nothing all my mighty men within me."
      },
      {
        "book_name": "Lamentations",
        "book": 25,
        "chapter": 1,
        "verse": 15,
        "text": "He has called a solemn assembly against me to crush my young men."
      },
      {
        "book_name": "Lamentations",
        "book": 25,
        "chapter": 1,
        "verse": 15,
        "text": "The Lord has trodden the virgin daughter of Judah as in a wine press."
      },
      {
        "book_name": "Lamentations",
        "book": 25,
        "chapter": 1,
        "verse": 16,
        "text": "“For these things I weep."
      },
      {
        "book_name": "Lamentations",
        "book": 25,
        "chapter": 1,
        "verse": 16,
        "text": "My eye, my eye runs down with water,"
      },
      {
        "book_name": "Lamentations",
        "book": 25,
        "chapter": 1,
        "verse": 16,
        "text": "because the comforter who should refresh my soul is far from me."
      },
      {
        "book_name": "Lamentations",
        "book": 25,
        "chapter": 1,
        "verse": 16,
        "text": "My children are desolate,"
      },
      {
        "book_name": "Lamentations",
        "book": 25,
        "chapter": 1,
        "verse": 16,
        "text": "because the enemy has prevailed.”"
      },
      {
        "book_name": "Lamentations",
        "book": 25,
        "chapter": 1,
        "verse": 17,
        "text": "Zion spreads out her hands."
      },
      {
        "book_name": "Lamentations",
        "book": 25,
        "chapter": 1,
        "verse": 17,
        "text": "There is no one to comfort her."
      },
      {
        "book_name": "Lamentations",
        "book": 25,
        "chapter": 1,
        "verse": 17,
        "text": "Yahweh has commanded concerning Jacob,"
      },
      {
        "book_name": "Lamentations",
        "book": 25,
        "chapter": 1,
        "verse": 17,
        "text": "that those who are around him should be his adversaries."
      },
      {
        "book_name": "Lamentations",
        "book": 25,
        "chapter": 1,
        "verse": 17,
        "text": "Jerusalem is among them as an unclean thing."
      },
      {
        "book_name": "Lamentations",
        "book": 25,
        "chapter": 1,
        "verse": 18,
        "text": "“Yahweh is righteous,"
      },
      {
        "book_name": "Lamentations",
        "book": 25,
        "chapter": 1,
        "verse": 18,
        "text": "for I have rebelled against his commandment."
      },
      {
        "book_name": "Lamentations",
        "book": 25,
        "chapter": 1,
        "verse": 18,
        "text": "Please hear all you peoples,"
      },
      {
        "book_name": "Lamentations",
        "book": 25,
        "chapter": 1,
        "verse": 18,
        "text": "and see my sorrow."
      },
      {
        "book_name": "Lamentations",
        "book": 25,
        "chapter": 1,
        "verse": 18,
        "text": "My virgins and my young men have gone into captivity."
      },
      {
        "book_name": "Lamentations",
        "book": 25,
        "chapter": 1,
        "verse": 19,
        "text": "“I called for my lovers,"
      },
      {
        "book_name": "Lamentations",
        "book": 25,
        "chapter": 1,
        "verse": 19,
        "text": "but they deceived me."
      },
      {
        "book_name": "Lamentations",
        "book": 25,
        "chapter": 1,
        "verse": 19,
        "text": "My priests and my elders gave up the spirit in the city,"
      },
      {
        "book_name": "Lamentations",
        "book": 25,
        "chapter": 1,
        "verse": 19,
        "text": "while they sought food for themselves to refresh their souls."
      },
      {
        "book_name": "Lamentations",
        "book": 25,
        "chapter": 1,
        "verse": 20,
        "text": "“Look, Yahweh; for I am in distress."
      },
      {
        "book_name": "Lamentations",
        "book": 25,
        "chapter": 1,
        "verse": 20,
        "text": "My heart is troubled."
      },
      {
        "book_name": "Lamentations",
        "book": 25,
        "chapter": 1,
        "verse": 20,
        "text": "My heart turns over within me,"
      },
      {
        "book_name": "Lamentations",
        "book": 25,
        "chapter": 1,
        "verse": 20,
        "text": "for I have grievously rebelled."
      },
      {
        "book_name": "Lamentations",
        "book": 25,
        "chapter": 1,
        "verse": 20,
        "text": "Abroad, the sword bereaves."
      },
      {
        "book_name": "Lamentations",
        "book": 25,
        "chapter": 1,
        "verse": 20,
        "text": "At home, it is like death."
      },
      {
        "book_name": "Lamentations",
        "book": 25,
        "chapter": 1,
        "verse": 21,
        "text": "“They have heard that I sigh."
      },
      {
        "book_name": "Lamentations",
        "book": 25,
        "chapter": 1,
        "verse": 21,
        "text": "There is no one to comfort me."
      },
      {
        "book_name": "Lamentations",
        "book": 25,
        "chapter": 1,
        "verse": 21,
        "text": "All my enemies have heard of my trouble."
      },
      {
        "book_name": "Lamentations",
        "book": 25,
        "chapter": 1,
        "verse": 21,
        "text": "They are glad that you have done it."
      },
      {
        "book_name": "Lamentations",
        "book": 25,
        "chapter": 1,
        "verse": 21,
        "text": "You will bring the day that you have proclaimed,"
      },
      {
        "book_name": "Lamentations",
        "book": 25,
        "chapter": 1,
        "verse": 21,
        "text": "and they will be like me."
      },
      {
        "book_name": "Lamentations",
        "book": 25,
        "chapter": 1,
        "verse": 22,
        "text": "“Let all their wickedness come before you."
      },
      {
        "book_name": "Lamentations",
        "book": 25,
        "chapter": 1,
        "verse": 22,
        "text": "Do to them as you have done to me for all my transgressions."
      },
      {
        "book_name": "Lamentations",
        "book": 25,
        "chapter": 1,
        "verse": 22,
        "text": "For my sighs are many,"
      },
      {
        "book_name": "Lamentations",
        "book": 25,
        "chapter": 1,
        "verse": 22,
        "text": "and my heart is faint."
      }
    ],
    "2": [
      {
        "book_name": "Lamentations",
        "book": 25,
        "chapter": 2,
        "verse": 1,
        "text": "1How has the Lord covered the daughter of Zion with a cloud in his anger!He has cast the beauty of Israel down from heaven to the earth,and hasn’t remembered his footstool in the day of his anger.  2The Lord has swallowed up all the dwellings of Jacobwithout pity.He has thrown down in his wrath the strongholds of the daughter of Judah.He has brought them down to the ground.He has profaned the kingdom and its princes.  3He has cut off all the horn of Israel in fierce anger.He has drawn back his right hand from before the enemy.He has burned up Jacob like a flaming fire,which devours all around.  4He has bent his bow like an enemy.He has stood with his right hand as an adversary.He has killed all that were pleasant to the eye.In the tent of the daughter of Zion, he has poured out his wrath like fire.  5The Lord has become as an enemy.He has swallowed up Israel.He has swallowed up all her palaces.He has destroyed his strongholds.He has multiplied mourning and lamentation in the daughter of Judah.  6He has violently taken away his tabernacle,as if it were a garden.He has destroyed his place of assembly.Yahweh has caused solemn assembly and Sabbath to be forgotten in Zion.In the indignation of his anger, he has despised the king and the priest.  7The Lord has cast off his altar.He has abhorred his sanctuary.He has given the walls of her palaces into the hand of the enemy.They have made a noise in Yahweh’s house,as in the day of a solemn assembly.  8Yahweh has purposed to destroy the wall of the daughter of Zion.He has stretched out the line.He has not withdrawn his hand from destroying;He has made the rampart and wall lament.They languish together.  9Her gates have sunk into the ground.He has destroyed and broken her bars.Her king and her princes are among the nations where the law is not.Yes, her prophets find no vision from Yahweh.  10The elders of the daughter of Zion sit on the ground.They keep silence.They have cast up dust on their heads.They have clothed themselves with sackcloth.The virgins of Jerusalem hang down their heads to the ground.  11My eyes fail with tears.My heart is troubled.My bile is poured on the earth,because of the destruction of the daughter of my people,because the young children and the infants swoon in the streets of the city.  12They ask their mothers,“Where is grain and wine?”when they swoon as the wounded in the streets of the city,when their soul is poured out into their mothers’ bosom.  13What shall I testify to you?What shall I liken to you, daughter of Jerusalem?What shall I compare to you,that I may comfort you, virgin daughter of Zion?For your breach is as big as the sea.Who can heal you?  14Your prophets have seen false and foolish visions for you.They have not uncovered your iniquity,to reverse your captivity,but have seen for you false revelations and causes of banishment.  15All that pass by clap their hands at you.They hiss and wag their head at the daughter of Jerusalem, saying,“Is this the city that men called ‘The perfection of beauty,the joy of the whole earth’?”  16All your enemies have opened their mouth wide against you.They hiss and gnash their teeth.They say, “We have swallowed her up.Certainly this is the day that we looked for.We have found it.We have seen it.”  17Yahweh has done that which he planned.He has fulfilled his word that he commanded in the days of old.He has thrown down,and has not pitied.He has caused the enemy to rejoice over you.He has exalted the horn of your adversaries.  18Their heart cried to the Lord.O wall of the daughter of Zion,let tears run down like a river day and night.Give yourself no relief.Don’t let your eyes rest.  19Arise, cry out in the night,at the beginning of the watches!Pour out your heart like water before the face of the Lord.Lift up your hands toward him for the life of your young children,who faint for hunger at the head of every street.  20“Look, Yahweh, and see to whom you have done thus!Should the women eat their offspring,the children that they held and bounced on their knees?Should the priest and the prophet be killed in the sanctuary of the Lord?  21“The youth and the old man lie on the ground in the streets.My virgins and my young men have fallen by the sword.You have killed them in the day of your anger.You have slaughtered, and not pitied.  22“You have called, as in the day of a solemn assembly, my terrors on every side.There was no one that escaped or remained in the day of Yahweh’s anger.My enemy has consumed those whom I have cared for and brought up."
      },
      {
        "book_name": "Lamentations",
        "book": 25,
        "chapter": 2,
        "verse": 1,
        "text": "How has the Lord covered the daughter of Zion with a cloud in his anger!"
      },
      {
        "book_name": "Lamentations",
        "book": 25,
        "chapter": 2,
        "verse": 1,
        "text": "He has cast the beauty of Israel down from heaven to the earth,"
      },
      {
        "book_name": "Lamentations",
        "book": 25,
        "chapter": 2,
        "verse": 1,
        "text": "and hasn’t remembered his footstool in the day of his anger."
      },
      {
        "book_name": "Lamentations",
        "book": 25,
        "chapter": 2,
        "verse": 2,
        "text": "The Lord has swallowed up all the dwellings of Jacob"
      },
      {
        "book_name": "Lamentations",
        "book": 25,
        "chapter": 2,
        "verse": 2,
        "text": "without pity."
      },
      {
        "book_name": "Lamentations",
        "book": 25,
        "chapter": 2,
        "verse": 2,
        "text": "He has thrown down in his wrath the strongholds of the daughter of Judah."
      },
      {
        "book_name": "Lamentations",
        "book": 25,
        "chapter": 2,
        "verse": 2,
        "text": "He has brought them down to the ground."
      },
      {
        "book_name": "Lamentations",
        "book": 25,
        "chapter": 2,
        "verse": 2,
        "text": "He has profaned the kingdom and its princes."
      },
      {
        "book_name": "Lamentations",
        "book": 25,
        "chapter": 2,
        "verse": 3,
        "text": "He has cut off all the horn of Israel in fierce anger."
      },
      {
        "book_name": "Lamentations",
        "book": 25,
        "chapter": 2,
        "verse": 3,
        "text": "He has drawn back his right hand from before the enemy."
      },
      {
        "book_name": "Lamentations",
        "book": 25,
        "chapter": 2,
        "verse": 3,
        "text": "He has burned up Jacob like a flaming fire,"
      },
      {
        "book_name": "Lamentations",
        "book": 25,
        "chapter": 2,
        "verse": 3,
        "text": "which devours all around."
      },
      {
        "book_name": "Lamentations",
        "book": 25,
        "chapter": 2,
        "verse": 4,
        "text": "He has bent his bow like an enemy."
      },
      {
        "book_name": "Lamentations",
        "book": 25,
        "chapter": 2,
        "verse": 4,
        "text": "He has stood with his right hand as an adversary."
      },
      {
        "book_name": "Lamentations",
        "book": 25,
        "chapter": 2,
        "verse": 4,
        "text": "He has killed all that were pleasant to the eye."
      },
      {
        "book_name": "Lamentations",
        "book": 25,
        "chapter": 2,
        "verse": 4,
        "text": "In the tent of the daughter of Zion, he has poured out his wrath like fire."
      },
      {
        "book_name": "Lamentations",
        "book": 25,
        "chapter": 2,
        "verse": 5,
        "text": "The Lord has become as an enemy."
      },
      {
        "book_name": "Lamentations",
        "book": 25,
        "chapter": 2,
        "verse": 5,
        "text": "He has swallowed up Israel."
      },
      {
        "book_name": "Lamentations",
        "book": 25,
        "chapter": 2,
        "verse": 5,
        "text": "He has swallowed up all her palaces."
      },
      {
        "book_name": "Lamentations",
        "book": 25,
        "chapter": 2,
        "verse": 5,
        "text": "He has destroyed his strongholds."
      },
      {
        "book_name": "Lamentations",
        "book": 25,
        "chapter": 2,
        "verse": 5,
        "text": "He has multiplied mourning and lamentation in the daughter of Judah."
      },
      {
        "book_name": "Lamentations",
        "book": 25,
        "chapter": 2,
        "verse": 6,
        "text": "He has violently taken away his tabernacle,"
      },
      {
        "book_name": "Lamentations",
        "book": 25,
        "chapter": 2,
        "verse": 6,
        "text": "as if it were a garden."
      },
      {
        "book_name": "Lamentations",
        "book": 25,
        "chapter": 2,
        "verse": 6,
        "text": "He has destroyed his place of assembly."
      },
      {
        "book_name": "Lamentations",
        "book": 25,
        "chapter": 2,
        "verse": 6,
        "text": "Yahweh has caused solemn assembly and Sabbath to be forgotten in Zion."
      },
      {
        "book_name": "Lamentations",
        "book": 25,
        "chapter": 2,
        "verse": 6,
        "text": "In the indignation of his anger, he has despised the king and the priest."
      },
      {
        "book_name": "Lamentations",
        "book": 25,
        "chapter": 2,
        "verse": 7,
        "text": "The Lord has cast off his altar."
      },
      {
        "book_name": "Lamentations",
        "book": 25,
        "chapter": 2,
        "verse": 7,
        "text": "He has abhorred his sanctuary."
      },
      {
        "book_name": "Lamentations",
        "book": 25,
        "chapter": 2,
        "verse": 7,
        "text": "He has given the walls of her palaces into the hand of the enemy."
      },
      {
        "book_name": "Lamentations",
        "book": 25,
        "chapter": 2,
        "verse": 7,
        "text": "They have made a noise in Yahweh’s house,"
      },
      {
        "book_name": "Lamentations",
        "book": 25,
        "chapter": 2,
        "verse": 7,
        "text": "as in the day of a solemn assembly."
      },
      {
        "book_name": "Lamentations",
        "book": 25,
        "chapter": 2,
        "verse": 8,
        "text": "Yahweh has purposed to destroy the wall of the daughter of Zion."
      },
      {
        "book_name": "Lamentations",
        "book": 25,
        "chapter": 2,
        "verse": 8,
        "text": "He has stretched out the line."
      },
      {
        "book_name": "Lamentations",
        "book": 25,
        "chapter": 2,
        "verse": 8,
        "text": "He has not withdrawn his hand from destroying;"
      },
      {
        "book_name": "Lamentations",
        "book": 25,
        "chapter": 2,
        "verse": 8,
        "text": "He has made the rampart and wall lament."
      },
      {
        "book_name": "Lamentations",
        "book": 25,
        "chapter": 2,
        "verse": 8,
        "text": "They languish together."
      },
      {
        "book_name": "Lamentations",
        "book": 25,
        "chapter": 2,
        "verse": 9,
        "text": "Her gates have sunk into the ground."
      },
      {
        "book_name": "Lamentations",
        "book": 25,
        "chapter": 2,
        "verse": 9,
        "text": "He has destroyed and broken her bars."
      },
      {
        "book_name": "Lamentations",
        "book": 25,
        "chapter": 2,
        "verse": 9,
        "text": "Her king and her princes are among the nations where the law is not."
      },
      {
        "book_name": "Lamentations",
        "book": 25,
        "chapter": 2,
        "verse": 9,
        "text": "Yes, her prophets find no vision from Yahweh."
      },
      {
        "book_name": "Lamentations",
        "book": 25,
        "chapter": 2,
        "verse": 10,
        "text": "The elders of the daughter of Zion sit on the ground."
      },
      {
        "book_name": "Lamentations",
        "book": 25,
        "chapter": 2,
        "verse": 10,
        "text": "They keep silence."
      },
      {
        "book_name": "Lamentations",
        "book": 25,
        "chapter": 2,
        "verse": 10,
        "text": "They have cast up dust on their heads."
      },
      {
        "book_name": "Lamentations",
        "book": 25,
        "chapter": 2,
        "verse": 10,
        "text": "They have clothed themselves with sackcloth."
      },
      {
        "book_name": "Lamentations",
        "book": 25,
        "chapter": 2,
        "verse": 10,
        "text": "The virgins of Jerusalem hang down their heads to the ground."
      },
      {
        "book_name": "Lamentations",
        "book": 25,
        "chapter": 2,
        "verse": 11,
        "text": "My eyes fail with tears."
      },
      {
        "book_name": "Lamentations",
        "book": 25,
        "chapter": 2,
        "verse": 11,
        "text": "My heart is troubled."
      },
      {
        "book_name": "Lamentations",
        "book": 25,
        "chapter": 2,
        "verse": 11,
        "text": "My bile is poured on the earth,"
      },
      {
        "book_name": "Lamentations",
        "book": 25,
        "chapter": 2,
        "verse": 11,
        "text": "because of the destruction of the daughter of my people,"
      },
      {
        "book_name": "Lamentations",
        "book": 25,
        "chapter": 2,
        "verse": 11,
        "text": "because the young children and the infants swoon in the streets of the city."
      },
      {
        "book_name": "Lamentations",
        "book": 25,
        "chapter": 2,
        "verse": 12,
        "text": "They ask their mothers,"
      },
      {
        "book_name": "Lamentations",
        "book": 25,
        "chapter": 2,
        "verse": 12,
        "text": "“Where is grain and wine?”"
      },
      {
        "book_name": "Lamentations",
        "book": 25,
        "chapter": 2,
        "verse": 12,
        "text": "when they swoon as the wounded in the streets of the city,"
      },
      {
        "book_name": "Lamentations",
        "book": 25,
        "chapter": 2,
        "verse": 12,
        "text": "when their soul is poured out into their mothers’ bosom."
      },
      {
        "book_name": "Lamentations",
        "book": 25,
        "chapter": 2,
        "verse": 13,
        "text": "What shall I testify to you?"
      },
      {
        "book_name": "Lamentations",
        "book": 25,
        "chapter": 2,
        "verse": 13,
        "text": "What shall I liken to you, daughter of Jerusalem?"
      },
      {
        "book_name": "Lamentations",
        "book": 25,
        "chapter": 2,
        "verse": 13,
        "text": "What shall I compare to you,"
      },
      {
        "book_name": "Lamentations",
        "book": 25,
        "chapter": 2,
        "verse": 13,
        "text": "that I may comfort you, virgin daughter of Zion?"
      },
      {
        "book_name": "Lamentations",
        "book": 25,
        "chapter": 2,
        "verse": 13,
        "text": "For your breach is as big as the sea."
      },
      {
        "book_name": "Lamentations",
        "book": 25,
        "chapter": 2,
        "verse": 13,
        "text": "Who can heal you?"
      },
      {
        "book_name": "Lamentations",
        "book": 25,
        "chapter": 2,
        "verse": 14,
        "text": "Your prophets have seen false and foolish visions for you."
      },
      {
        "book_name": "Lamentations",
        "book": 25,
        "chapter": 2,
        "verse": 14,
        "text": "They have not uncovered your iniquity,"
      },
      {
        "book_name": "Lamentations",
        "book": 25,
        "chapter": 2,
        "verse": 14,
        "text": "to reverse your captivity,"
      },
      {
        "book_name": "Lamentations",
        "book": 25,
        "chapter": 2,
        "verse": 14,
        "text": "but have seen for you false revelations and causes of banishment."
      },
      {
        "book_name": "Lamentations",
        "book": 25,
        "chapter": 2,
        "verse": 15,
        "text": "All that pass by clap their hands at you."
      },
      {
        "book_name": "Lamentations",
        "book": 25,
        "chapter": 2,
        "verse": 15,
        "text": "They hiss and wag their head at the daughter of Jerusalem, saying,"
      },
      {
        "book_name": "Lamentations",
        "book": 25,
        "chapter": 2,
        "verse": 15,
        "text": "“Is this the city that men called ‘The perfection of beauty,"
      },
      {
        "book_name": "Lamentations",
        "book": 25,
        "chapter": 2,
        "verse": 15,
        "text": "the joy of the whole earth’?”"
      },
      {
        "book_name": "Lamentations",
        "book": 25,
        "chapter": 2,
        "verse": 16,
        "text": "All your enemies have opened their mouth wide against you."
      },
      {
        "book_name": "Lamentations",
        "book": 25,
        "chapter": 2,
        "verse": 16,
        "text": "They hiss and gnash their teeth."
      },
      {
        "book_name": "Lamentations",
        "book": 25,
        "chapter": 2,
        "verse": 16,
        "text": "They say, “We have swallowed her up."
      },
      {
        "book_name": "Lamentations",
        "book": 25,
        "chapter": 2,
        "verse": 16,
        "text": "Certainly this is the day that we looked for."
      },
      {
        "book_name": "Lamentations",
        "book": 25,
        "chapter": 2,
        "verse": 16,
        "text": "We have found it."
      },
      {
        "book_name": "Lamentations",
        "book": 25,
        "chapter": 2,
        "verse": 16,
        "text": "We have seen it.”"
      },
      {
        "book_name": "Lamentations",
        "book": 25,
        "chapter": 2,
        "verse": 17,
        "text": "Yahweh has done that which he planned."
      },
      {
        "book_name": "Lamentations",
        "book": 25,
        "chapter": 2,
        "verse": 17,
        "text": "He has fulfilled his word that he commanded in the days of old."
      },
      {
        "book_name": "Lamentations",
        "book": 25,
        "chapter": 2,
        "verse": 17,
        "text": "He has thrown down,"
      },
      {
        "book_name": "Lamentations",
        "book": 25,
        "chapter": 2,
        "verse": 17,
        "text": "and has not pitied."
      },
      {
        "book_name": "Lamentations",
        "book": 25,
        "chapter": 2,
        "verse": 17,
        "text": "He has caused the enemy to rejoice over you."
      },
      {
        "book_name": "Lamentations",
        "book": 25,
        "chapter": 2,
        "verse": 17,
        "text": "He has exalted the horn of your adversaries."
      },
      {
        "book_name": "Lamentations",
        "book": 25,
        "chapter": 2,
        "verse": 18,
        "text": "Their heart cried to the Lord."
      },
      {
        "book_name": "Lamentations",
        "book": 25,
        "chapter": 2,
        "verse": 18,
        "text": "O wall of the daughter of Zion,"
      },
      {
        "book_name": "Lamentations",
        "book": 25,
        "chapter": 2,
        "verse": 18,
        "text": "let tears run down like a river day and night."
      },
      {
        "book_name": "Lamentations",
        "book": 25,
        "chapter": 2,
        "verse": 18,
        "text": "Give yourself no relief."
      },
      {
        "book_name": "Lamentations",
        "book": 25,
        "chapter": 2,
        "verse": 18,
        "text": "Don’t let your eyes rest."
      },
      {
        "book_name": "Lamentations",
        "book": 25,
        "chapter": 2,
        "verse": 19,
        "text": "Arise, cry out in the night,"
      },
      {
        "book_name": "Lamentations",
        "book": 25,
        "chapter": 2,
        "verse": 19,
        "text": "at the beginning of the watches!"
      },
      {
        "book_name": "Lamentations",
        "book": 25,
        "chapter": 2,
        "verse": 19,
        "text": "Pour out your heart like water before the face of the Lord."
      },
      {
        "book_name": "Lamentations",
        "book": 25,
        "chapter": 2,
        "verse": 19,
        "text": "Lift up your hands toward him for the life of your young children,"
      },
      {
        "book_name": "Lamentations",
        "book": 25,
        "chapter": 2,
        "verse": 19,
        "text": "who faint for hunger at the head of every street."
      },
      {
        "book_name": "Lamentations",
        "book": 25,
        "chapter": 2,
        "verse": 20,
        "text": "“Look, Yahweh, and see to whom you have done thus!"
      },
      {
        "book_name": "Lamentations",
        "book": 25,
        "chapter": 2,
        "verse": 20,
        "text": "Should the women eat their offspring,"
      },
      {
        "book_name": "Lamentations",
        "book": 25,
        "chapter": 2,
        "verse": 20,
        "text": "the children that they held and bounced on their knees?"
      },
      {
        "book_name": "Lamentations",
        "book": 25,
        "chapter": 2,
        "verse": 20,
        "text": "Should the priest and the prophet be killed in the sanctuary of the Lord?"
      },
      {
        "book_name": "Lamentations",
        "book": 25,
        "chapter": 2,
        "verse": 21,
        "text": "“The youth and the old man lie on the ground in the streets."
      },
      {
        "book_name": "Lamentations",
        "book": 25,
        "chapter": 2,
        "verse": 21,
        "text": "My virgins and my young men have fallen by the sword."
      },
      {
        "book_name": "Lamentations",
        "book": 25,
        "chapter": 2,
        "verse": 21,
        "text": "You have killed them in the day of your anger."
      },
      {
        "book_name": "Lamentations",
        "book": 25,
        "chapter": 2,
        "verse": 21,
        "text": "You have slaughtered, and not pitied."
      },
      {
        "book_name": "Lamentations",
        "book": 25,
        "chapter": 2,
        "verse": 22,
        "text": "“You have called, as in the day of a solemn assembly, my terrors on every side."
      },
      {
        "book_name": "Lamentations",
        "book": 25,
        "chapter": 2,
        "verse": 22,
        "text": "There was no one that escaped or remained in the day of Yahweh’s anger."
      },
      {
        "book_name": "Lamentations",
        "book": 25,
        "chapter": 2,
        "verse": 22,
        "text": "My enemy has consumed those whom I have cared for and brought up."
      }
    ],
    "3": [
      {
        "book_name": "Lamentations",
        "book": 25,
        "chapter": 3,
        "verse": 1,
        "text": "1I am the man who has seen afflictionby the rod of his wrath.  2He has led me and caused me to walk in darkness,and not in light.  3Surely he turns his hand against meagain and again all day long.  4He has made my flesh and my skin old.He has broken my bones.  5He has built against me,and surrounded me with bitterness and hardship.  6He has made me dwell in dark places,as those who have been long dead.  7He has walled me about, so that I can’t go out.He has made my chain heavy.  8Yes, when I cry, and call for help,he shuts out my prayer.  9He has walled up my ways with cut stone.He has made my paths crooked.  10He is to me as a bear lying in wait,as a lion in hiding.  11He has turned away my path,and pulled me in pieces.He has made me desolate.  12He has bent his bow,and set me as a mark for the arrow.  13He has caused the shafts of his quiver to enter into my kidneys.  14I have become a derision to all my people,and their song all day long.  15He has filled me with bitterness.He has stuffed me with wormwood.  16He has also broken my teeth with gravel.He has covered me with ashes.  17You have removed my soul far away from peace.I forgot prosperity.  18I said, “My strength has perished,along with my expectation from Yahweh.”  19Remember my affliction and my misery,the wormwood and the bitterness.  20My soul still remembers them,and is bowed down within me.  21This I recall to my mind;therefore I have hope.  22It is because of Yahweh’s loving kindnesses that we are not consumed,because his mercies don’t fail.  23They are new every morning.Great is your faithfulness.  24“Yahweh is my portion,” says my soul.“Therefore I will hope in him.”  25Yahweh is good to those who wait for him,to the soul who seeks him.  26It is good that a man should hopeand quietly wait for the salvation of Yahweh.  27It is good for a man that he bear the yoke in his youth.  28Let him sit alone and keep silence,because he has laid it on him.  29Let him put his mouth in the dust,if it is so that there may be hope.  30Let him give his cheek to him who strikes him.Let him be filled full of reproach.  31For the Lord will not cast off forever.  32For though he causes grief,yet he will have compassion according to the multitude of his loving kindnesses.  33For he does not afflict willingly,nor grieve the children of men.  34To crush under foot all the prisoners of the earth,  35to turn away the right of a man before the face of the Most High,  36to subvert a man in his cause, the Lord doesn’t approve.  37Who is he who says, and it comes to pass,when the Lord doesn’t command it?  38Doesn’t evil and good come out of the mouth of the Most High?  39Why should a living man complain,a man for the punishment of his sins?  40Let us search and try our ways,and turn again to Yahweh.  41Let’s lift up our heart with our hands to God#3:41 The Hebrew word rendered “God” is “אֱלֹהִ֑ים” (Elohim). in the heavens.  42“We have transgressed and have rebelled.You have not pardoned.  43“You have covered us with anger and pursued us.You have killed.You have not pitied.  44You have covered yourself with a cloud,so that no prayer can pass through.  45You have made us an off-scouring and refusein the middle of the peoples.  46“All our enemies have opened their mouth wide against us.  47Terror and the pit have come on us,devastation and destruction.”  48My eye runs down with streams of water,for the destruction of the daughter of my people.  49My eye pours downand doesn’t cease,without any intermission,  50until Yahweh looks down,and sees from heaven.  51My eye affects my soul,because of all the daughters of my city.  52They have chased me relentlessly like a bird,those who are my enemies without cause.  53They have cut off my life in the dungeon,and have cast a stone on me.  54Waters flowed over my head.I said, “I am cut off.”  55I called on your name, Yahweh,out of the lowest dungeon.  56You heard my voice:“Don’t hide your ear from my sighing,and my cry.”  57You came near in the day that I called on you.You said, “Don’t be afraid.”  58Lord, you have pleaded the causes of my soul.You have redeemed my life.  59Yahweh, you have seen my wrong.Judge my cause.  60You have seen all their vengeanceand all their plans against me.  61You have heard their reproach, Yahweh,and all their plans against me,  62the lips of those that rose up against me,and their plots against me all day long.  63You see their sitting down and their rising up.I am their song.  64You will pay them back, Yahweh,according to the work of their hands.  65You will give them hardness of heart,your curse to them.  66You will pursue them in anger,and destroy them from under the heavens of Yahweh."
      },
      {
        "book_name": "Lamentations",
        "book": 25,
        "chapter": 3,
        "verse": 1,
        "text": "I am the man who has seen affliction"
      },
      {
        "book_name": "Lamentations",
        "book": 25,
        "chapter": 3,
        "verse": 1,
        "text": "by the rod of his wrath."
      },
      {
        "book_name": "Lamentations",
        "book": 25,
        "chapter": 3,
        "verse": 2,
        "text": "He has led me and caused me to walk in darkness,"
      },
      {
        "book_name": "Lamentations",
        "book": 25,
        "chapter": 3,
        "verse": 2,
        "text": "and not in light."
      },
      {
        "book_name": "Lamentations",
        "book": 25,
        "chapter": 3,
        "verse": 3,
        "text": "Surely he turns his hand against me"
      },
      {
        "book_name": "Lamentations",
        "book": 25,
        "chapter": 3,
        "verse": 3,
        "text": "again and again all day long."
      },
      {
        "book_name": "Lamentations",
        "book": 25,
        "chapter": 3,
        "verse": 4,
        "text": "He has made my flesh and my skin old."
      },
      {
        "book_name": "Lamentations",
        "book": 25,
        "chapter": 3,
        "verse": 4,
        "text": "He has broken my bones."
      },
      {
        "book_name": "Lamentations",
        "book": 25,
        "chapter": 3,
        "verse": 5,
        "text": "He has built against me,"
      },
      {
        "book_name": "Lamentations",
        "book": 25,
        "chapter": 3,
        "verse": 5,
        "text": "and surrounded me with bitterness and hardship."
      },
      {
        "book_name": "Lamentations",
        "book": 25,
        "chapter": 3,
        "verse": 6,
        "text": "He has made me dwell in dark places,"
      },
      {
        "book_name": "Lamentations",
        "book": 25,
        "chapter": 3,
        "verse": 6,
        "text": "as those who have been long dead."
      },
      {
        "book_name": "Lamentations",
        "book": 25,
        "chapter": 3,
        "verse": 7,
        "text": "He has walled me about, so that I can’t go out."
      },
      {
        "book_name": "Lamentations",
        "book": 25,
        "chapter": 3,
        "verse": 7,
        "text": "He has made my chain heavy."
      },
      {
        "book_name": "Lamentations",
        "book": 25,
        "chapter": 3,
        "verse": 8,
        "text": "Yes, when I cry, and call for help,"
      },
      {
        "book_name": "Lamentations",
        "book": 25,
        "chapter": 3,
        "verse": 8,
        "text": "he shuts out my prayer."
      },
      {
        "book_name": "Lamentations",
        "book": 25,
        "chapter": 3,
        "verse": 9,
        "text": "He has walled up my ways with cut stone."
      },
      {
        "book_name": "Lamentations",
        "book": 25,
        "chapter": 3,
        "verse": 9,
        "text": "He has made my paths crooked."
      },
      {
        "book_name": "Lamentations",
        "book": 25,
        "chapter": 3,
        "verse": 10,
        "text": "He is to me as a bear lying in wait,"
      },
      {
        "book_name": "Lamentations",
        "book": 25,
        "chapter": 3,
        "verse": 10,
        "text": "as a lion in hiding."
      },
      {
        "book_name": "Lamentations",
        "book": 25,
        "chapter": 3,
        "verse": 11,
        "text": "He has turned away my path,"
      },
      {
        "book_name": "Lamentations",
        "book": 25,
        "chapter": 3,
        "verse": 11,
        "text": "and pulled me in pieces."
      },
      {
        "book_name": "Lamentations",
        "book": 25,
        "chapter": 3,
        "verse": 11,
        "text": "He has made me desolate."
      },
      {
        "book_name": "Lamentations",
        "book": 25,
        "chapter": 3,
        "verse": 12,
        "text": "He has bent his bow,"
      },
      {
        "book_name": "Lamentations",
        "book": 25,
        "chapter": 3,
        "verse": 12,
        "text": "and set me as a mark for the arrow."
      },
      {
        "book_name": "Lamentations",
        "book": 25,
        "chapter": 3,
        "verse": 13,
        "text": "He has caused the shafts of his quiver to enter into my kidneys."
      },
      {
        "book_name": "Lamentations",
        "book": 25,
        "chapter": 3,
        "verse": 14,
        "text": "I have become a derision to all my people,"
      },
      {
        "book_name": "Lamentations",
        "book": 25,
        "chapter": 3,
        "verse": 14,
        "text": "and their song all day long."
      },
      {
        "book_name": "Lamentations",
        "book": 25,
        "chapter": 3,
        "verse": 15,
        "text": "He has filled me with bitterness."
      },
      {
        "book_name": "Lamentations",
        "book": 25,
        "chapter": 3,
        "verse": 15,
        "text": "He has stuffed me with wormwood."
      },
      {
        "book_name": "Lamentations",
        "book": 25,
        "chapter": 3,
        "verse": 16,
        "text": "He has also broken my teeth with gravel."
      },
      {
        "book_name": "Lamentations",
        "book": 25,
        "chapter": 3,
        "verse": 16,
        "text": "He has covered me with ashes."
      },
      {
        "book_name": "Lamentations",
        "book": 25,
        "chapter": 3,
        "verse": 17,
        "text": "You have removed my soul far away from peace."
      },
      {
        "book_name": "Lamentations",
        "book": 25,
        "chapter": 3,
        "verse": 17,
        "text": "I forgot prosperity."
      },
      {
        "book_name": "Lamentations",
        "book": 25,
        "chapter": 3,
        "verse": 18,
        "text": "I said, “My strength has perished,"
      },
      {
        "book_name": "Lamentations",
        "book": 25,
        "chapter": 3,
        "verse": 18,
        "text": "along with my expectation from Yahweh.”"
      },
      {
        "book_name": "Lamentations",
        "book": 25,
        "chapter": 3,
        "verse": 19,
        "text": "Remember my affliction and my misery,"
      },
      {
        "book_name": "Lamentations",
        "book": 25,
        "chapter": 3,
        "verse": 19,
        "text": "the wormwood and the bitterness."
      },
      {
        "book_name": "Lamentations",
        "book": 25,
        "chapter": 3,
        "verse": 20,
        "text": "My soul still remembers them,"
      },
      {
        "book_name": "Lamentations",
        "book": 25,
        "chapter": 3,
        "verse": 20,
        "text": "and is bowed down within me."
      },
      {
        "book_name": "Lamentations",
        "book": 25,
        "chapter": 3,
        "verse": 21,
        "text": "This I recall to my mind;"
      },
      {
        "book_name": "Lamentations",
        "book": 25,
        "chapter": 3,
        "verse": 21,
        "text": "therefore I have hope."
      },
      {
        "book_name": "Lamentations",
        "book": 25,
        "chapter": 3,
        "verse": 22,
        "text": "It is because of Yahweh’s loving kindnesses that we are not consumed,"
      },
      {
        "book_name": "Lamentations",
        "book": 25,
        "chapter": 3,
        "verse": 22,
        "text": "because his mercies don’t fail."
      },
      {
        "book_name": "Lamentations",
        "book": 25,
        "chapter": 3,
        "verse": 23,
        "text": "They are new every morning."
      },
      {
        "book_name": "Lamentations",
        "book": 25,
        "chapter": 3,
        "verse": 23,
        "text": "Great is your faithfulness."
      },
      {
        "book_name": "Lamentations",
        "book": 25,
        "chapter": 3,
        "verse": 24,
        "text": "“Yahweh is my portion,” says my soul."
      },
      {
        "book_name": "Lamentations",
        "book": 25,
        "chapter": 3,
        "verse": 24,
        "text": "“Therefore I will hope in him.”"
      },
      {
        "book_name": "Lamentations",
        "book": 25,
        "chapter": 3,
        "verse": 25,
        "text": "Yahweh is good to those who wait for him,"
      },
      {
        "book_name": "Lamentations",
        "book": 25,
        "chapter": 3,
        "verse": 25,
        "text": "to the soul who seeks him."
      },
      {
        "book_name": "Lamentations",
        "book": 25,
        "chapter": 3,
        "verse": 26,
        "text": "It is good that a man should hope"
      },
      {
        "book_name": "Lamentations",
        "book": 25,
        "chapter": 3,
        "verse": 26,
        "text": "and quietly wait for the salvation of Yahweh."
      },
      {
        "book_name": "Lamentations",
        "book": 25,
        "chapter": 3,
        "verse": 27,
        "text": "It is good for a man that he bear the yoke in his youth."
      },
      {
        "book_name": "Lamentations",
        "book": 25,
        "chapter": 3,
        "verse": 28,
        "text": "Let him sit alone and keep silence,"
      },
      {
        "book_name": "Lamentations",
        "book": 25,
        "chapter": 3,
        "verse": 28,
        "text": "because he has laid it on him."
      },
      {
        "book_name": "Lamentations",
        "book": 25,
        "chapter": 3,
        "verse": 29,
        "text": "Let him put his mouth in the dust,"
      },
      {
        "book_name": "Lamentations",
        "book": 25,
        "chapter": 3,
        "verse": 29,
        "text": "if it is so that there may be hope."
      },
      {
        "book_name": "Lamentations",
        "book": 25,
        "chapter": 3,
        "verse": 30,
        "text": "Let him give his cheek to him who strikes him."
      },
      {
        "book_name": "Lamentations",
        "book": 25,
        "chapter": 3,
        "verse": 30,
        "text": "Let him be filled full of reproach."
      },
      {
        "book_name": "Lamentations",
        "book": 25,
        "chapter": 3,
        "verse": 31,
        "text": "For the Lord will not cast off forever."
      },
      {
        "book_name": "Lamentations",
        "book": 25,
        "chapter": 3,
        "verse": 32,
        "text": "For though he causes grief,"
      },
      {
        "book_name": "Lamentations",
        "book": 25,
        "chapter": 3,
        "verse": 32,
        "text": "yet he will have compassion according to the multitude of his loving kindnesses."
      },
      {
        "book_name": "Lamentations",
        "book": 25,
        "chapter": 3,
        "verse": 33,
        "text": "For he does not afflict willingly,"
      },
      {
        "book_name": "Lamentations",
        "book": 25,
        "chapter": 3,
        "verse": 33,
        "text": "nor grieve the children of men."
      },
      {
        "book_name": "Lamentations",
        "book": 25,
        "chapter": 3,
        "verse": 34,
        "text": "To crush under foot all the prisoners of the earth,"
      },
      {
        "book_name": "Lamentations",
        "book": 25,
        "chapter": 3,
        "verse": 35,
        "text": "to turn away the right of a man before the face of the Most High,"
      },
      {
        "book_name": "Lamentations",
        "book": 25,
        "chapter": 3,
        "verse": 36,
        "text": "to subvert a man in his cause, the Lord doesn’t approve."
      },
      {
        "book_name": "Lamentations",
        "book": 25,
        "chapter": 3,
        "verse": 37,
        "text": "Who is he who says, and it comes to pass,"
      },
      {
        "book_name": "Lamentations",
        "book": 25,
        "chapter": 3,
        "verse": 37,
        "text": "when the Lord doesn’t command it?"
      },
      {
        "book_name": "Lamentations",
        "book": 25,
        "chapter": 3,
        "verse": 38,
        "text": "Doesn’t evil and good come out of the mouth of the Most High?"
      },
      {
        "book_name": "Lamentations",
        "book": 25,
        "chapter": 3,
        "verse": 39,
        "text": "Why should a living man complain,"
      },
      {
        "book_name": "Lamentations",
        "book": 25,
        "chapter": 3,
        "verse": 39,
        "text": "a man for the punishment of his sins?"
      },
      {
        "book_name": "Lamentations",
        "book": 25,
        "chapter": 3,
        "verse": 40,
        "text": "Let us search and try our ways,"
      },
      {
        "book_name": "Lamentations",
        "book": 25,
        "chapter": 3,
        "verse": 40,
        "text": "and turn again to Yahweh."
      },
      {
        "book_name": "Lamentations",
        "book": 25,
        "chapter": 3,
        "verse": 41,
        "text": "Let’s lift up our heart with our hands to God#3:41 The Hebrew word rendered “God” is “אֱלֹהִ֑ים” (Elohim). in the heavens."
      },
      {
        "book_name": "Lamentations",
        "book": 25,
        "chapter": 3,
        "verse": 42,
        "text": "“We have transgressed and have rebelled."
      },
      {
        "book_name": "Lamentations",
        "book": 25,
        "chapter": 3,
        "verse": 42,
        "text": "You have not pardoned."
      },
      {
        "book_name": "Lamentations",
        "book": 25,
        "chapter": 3,
        "verse": 43,
        "text": "“You have covered us with anger and pursued us."
      },
      {
        "book_name": "Lamentations",
        "book": 25,
        "chapter": 3,
        "verse": 43,
        "text": "You have killed."
      },
      {
        "book_name": "Lamentations",
        "book": 25,
        "chapter": 3,
        "verse": 43,
        "text": "You have not pitied."
      },
      {
        "book_name": "Lamentations",
        "book": 25,
        "chapter": 3,
        "verse": 44,
        "text": "You have covered yourself with a cloud,"
      },
      {
        "book_name": "Lamentations",
        "book": 25,
        "chapter": 3,
        "verse": 44,
        "text": "so that no prayer can pass through."
      },
      {
        "book_name": "Lamentations",
        "book": 25,
        "chapter": 3,
        "verse": 45,
        "text": "You have made us an off-scouring and refuse"
      },
      {
        "book_name": "Lamentations",
        "book": 25,
        "chapter": 3,
        "verse": 45,
        "text": "in the middle of the peoples."
      },
      {
        "book_name": "Lamentations",
        "book": 25,
        "chapter": 3,
        "verse": 46,
        "text": "“All our enemies have opened their mouth wide against us."
      },
      {
        "book_name": "Lamentations",
        "book": 25,
        "chapter": 3,
        "verse": 47,
        "text": "Terror and the pit have come on us,"
      },
      {
        "book_name": "Lamentations",
        "book": 25,
        "chapter": 3,
        "verse": 47,
        "text": "devastation and destruction.”"
      },
      {
        "book_name": "Lamentations",
        "book": 25,
        "chapter": 3,
        "verse": 48,
        "text": "My eye runs down with streams of water,"
      },
      {
        "book_name": "Lamentations",
        "book": 25,
        "chapter": 3,
        "verse": 48,
        "text": "for the destruction of the daughter of my people."
      },
      {
        "book_name": "Lamentations",
        "book": 25,
        "chapter": 3,
        "verse": 49,
        "text": "My eye pours down"
      },
      {
        "book_name": "Lamentations",
        "book": 25,
        "chapter": 3,
        "verse": 49,
        "text": "and doesn’t cease,"
      },
      {
        "book_name": "Lamentations",
        "book": 25,
        "chapter": 3,
        "verse": 49,
        "text": "without any intermission,"
      },
      {
        "book_name": "Lamentations",
        "book": 25,
        "chapter": 3,
        "verse": 50,
        "text": "until Yahweh looks down,"
      },
      {
        "book_name": "Lamentations",
        "book": 25,
        "chapter": 3,
        "verse": 50,
        "text": "and sees from heaven."
      },
      {
        "book_name": "Lamentations",
        "book": 25,
        "chapter": 3,
        "verse": 51,
        "text": "My eye affects my soul,"
      },
      {
        "book_name": "Lamentations",
        "book": 25,
        "chapter": 3,
        "verse": 51,
        "text": "because of all the daughters of my city."
      },
      {
        "book_name": "Lamentations",
        "book": 25,
        "chapter": 3,
        "verse": 52,
        "text": "They have chased me relentlessly like a bird,"
      },
      {
        "book_name": "Lamentations",
        "book": 25,
        "chapter": 3,
        "verse": 52,
        "text": "those who are my enemies without cause."
      },
      {
        "book_name": "Lamentations",
        "book": 25,
        "chapter": 3,
        "verse": 53,
        "text": "They have cut off my life in the dungeon,"
      },
      {
        "book_name": "Lamentations",
        "book": 25,
        "chapter": 3,
        "verse": 53,
        "text": "and have cast a stone on me."
      },
      {
        "book_name": "Lamentations",
        "book": 25,
        "chapter": 3,
        "verse": 54,
        "text": "Waters flowed over my head."
      },
      {
        "book_name": "Lamentations",
        "book": 25,
        "chapter": 3,
        "verse": 54,
        "text": "I said, “I am cut off.”"
      },
      {
        "book_name": "Lamentations",
        "book": 25,
        "chapter": 3,
        "verse": 55,
        "text": "I called on your name, Yahweh,"
      },
      {
        "book_name": "Lamentations",
        "book": 25,
        "chapter": 3,
        "verse": 55,
        "text": "out of the lowest dungeon."
      },
      {
        "book_name": "Lamentations",
        "book": 25,
        "chapter": 3,
        "verse": 56,
        "text": "You heard my voice:"
      },
      {
        "book_name": "Lamentations",
        "book": 25,
        "chapter": 3,
        "verse": 56,
        "text": "“Don’t hide your ear from my sighing,"
      },
      {
        "book_name": "Lamentations",
        "book": 25,
        "chapter": 3,
        "verse": 56,
        "text": "and my cry.”"
      },
      {
        "book_name": "Lamentations",
        "book": 25,
        "chapter": 3,
        "verse": 57,
        "text": "You came near in the day that I called on you."
      },
      {
        "book_name": "Lamentations",
        "book": 25,
        "chapter": 3,
        "verse": 57,
        "text": "You said, “Don’t be afraid.”"
      },
      {
        "book_name": "Lamentations",
        "book": 25,
        "chapter": 3,
        "verse": 58,
        "text": "Lord, you have pleaded the causes of my soul."
      },
      {
        "book_name": "Lamentations",
        "book": 25,
        "chapter": 3,
        "verse": 58,
        "text": "You have redeemed my life."
      },
      {
        "book_name": "Lamentations",
        "book": 25,
        "chapter": 3,
        "verse": 59,
        "text": "Yahweh, you have seen my wrong."
      },
      {
        "book_name": "Lamentations",
        "book": 25,
        "chapter": 3,
        "verse": 59,
        "text": "Judge my cause."
      },
      {
        "book_name": "Lamentations",
        "book": 25,
        "chapter": 3,
        "verse": 60,
        "text": "You have seen all their vengeance"
      },
      {
        "book_name": "Lamentations",
        "book": 25,
        "chapter": 3,
        "verse": 60,
        "text": "and all their plans against me."
      },
      {
        "book_name": "Lamentations",
        "book": 25,
        "chapter": 3,
        "verse": 61,
        "text": "You have heard their reproach, Yahweh,"
      },
      {
        "book_name": "Lamentations",
        "book": 25,
        "chapter": 3,
        "verse": 61,
        "text": "and all their plans against me,"
      },
      {
        "book_name": "Lamentations",
        "book": 25,
        "chapter": 3,
        "verse": 62,
        "text": "the lips of those that rose up against me,"
      },
      {
        "book_name": "Lamentations",
        "book": 25,
        "chapter": 3,
        "verse": 62,
        "text": "and their plots against me all day long."
      },
      {
        "book_name": "Lamentations",
        "book": 25,
        "chapter": 3,
        "verse": 63,
        "text": "You see their sitting down and their rising up."
      },
      {
        "book_name": "Lamentations",
        "book": 25,
        "chapter": 3,
        "verse": 63,
        "text": "I am their song."
      },
      {
        "book_name": "Lamentations",
        "book": 25,
        "chapter": 3,
        "verse": 64,
        "text": "You will pay them back, Yahweh,"
      },
      {
        "book_name": "Lamentations",
        "book": 25,
        "chapter": 3,
        "verse": 64,
        "text": "according to the work of their hands."
      },
      {
        "book_name": "Lamentations",
        "book": 25,
        "chapter": 3,
        "verse": 65,
        "text": "You will give them hardness of heart,"
      },
      {
        "book_name": "Lamentations",
        "book": 25,
        "chapter": 3,
        "verse": 65,
        "text": "your curse to them."
      },
      {
        "book_name": "Lamentations",
        "book": 25,
        "chapter": 3,
        "verse": 66,
        "text": "You will pursue them in anger,"
      },
      {
        "book_name": "Lamentations",
        "book": 25,
        "chapter": 3,
        "verse": 66,
        "text": "and destroy them from under the heavens of Yahweh."
      }
    ],
    "4": [
      {
        "book_name": "Lamentations",
        "book": 25,
        "chapter": 4,
        "verse": 1,
        "text": "1How the gold has become dim!The most pure gold has changed!The stones of the sanctuary are poured outat the head of every street.  2The precious sons of Zion,comparable to fine gold,how they are esteemed as earthen pitchers,the work of the hands of the potter!  3Even the jackals offer their breast.They nurse their young ones.But the daughter of my people has become cruel,like the ostriches in the wilderness.  4The tongue of the nursing child clings to the roof of his mouth for thirst.The young children ask for bread,and no one breaks it for them.  5Those who ate delicacies are desolate in the streets.Those who were brought up in purple embrace dunghills.  6For the iniquity of the daughter of my people is greater than the sin of Sodom,which was overthrown as in a moment.No hands were laid on her.  7Her nobles were purer than snow.They were whiter than milk.They were more ruddy in body than rubies.Their polishing was like sapphire.  8Their appearance is blacker than a coal.They are not known in the streets.Their skin clings to their bones.It is withered.It has become like wood.  9Those who are killed with the sword are better than those who are killed with hunger;for these pine away, stricken through,for lack of the fruits of the field.  10The hands of the pitiful women have boiled their own children.They were their food in the destruction of the daughter of my people.  11Yahweh has accomplished his wrath.He has poured out his fierce anger.He has kindled a fire in Zion,which has devoured its foundations.  12The kings of the earth didn’t believe,neither did all the inhabitants of the world,that the adversary and the enemy would enter into the gates of Jerusalem.  13It is because of the sins of her prophetsand the iniquities of her priests,that have shed the blood of the just in the middle of her.  14They wander as blind men in the streets.They are polluted with blood,So that men can’t touch their garments.  15“Go away!” they cried to them.“Unclean! Go away! Go away! Don’t touch!When they fled away and wandered, men said among the nations,“They can’t live here any more.”  16Yahweh’s anger has scattered them.He will not pay attention to them any more.They didn’t respect the persons of the priests.They didn’t favor the elders.  17Our eyes still fail,looking in vain for our help.In our watching we have watched for a nation that could not save.  18They hunt our steps,so that we can’t go in our streets.Our end is near.Our days are fulfilled,for our end has come.  19Our pursuers were swifter than the eagles of the sky.They chased us on the mountains.They set an ambush for us in the wilderness.  20The breath of our nostrils,the anointed of Yahweh,was taken in their pits;of whom we said,under his shadow we will live among the nations.  21Rejoice and be glad, daughter of Edom,who dwells in the land of Uz.The cup will pass through to you also.You will be drunken,and will make yourself naked.  22The punishment of your iniquity is accomplished, daughter of Zion.He will no more carry you away into captivity.He will visit your iniquity, daughter of Edom.He will uncover your sins."
      },
      {
        "book_name": "Lamentations",
        "book": 25,
        "chapter": 4,
        "verse": 1,
        "text": "How the gold has become dim!"
      },
      {
        "book_name": "Lamentations",
        "book": 25,
        "chapter": 4,
        "verse": 1,
        "text": "The most pure gold has changed!"
      },
      {
        "book_name": "Lamentations",
        "book": 25,
        "chapter": 4,
        "verse": 1,
        "text": "The stones of the sanctuary are poured out"
      },
      {
        "book_name": "Lamentations",
        "book": 25,
        "chapter": 4,
        "verse": 1,
        "text": "at the head of every street."
      },
      {
        "book_name": "Lamentations",
        "book": 25,
        "chapter": 4,
        "verse": 2,
        "text": "The precious sons of Zion,"
      },
      {
        "book_name": "Lamentations",
        "book": 25,
        "chapter": 4,
        "verse": 2,
        "text": "comparable to fine gold,"
      },
      {
        "book_name": "Lamentations",
        "book": 25,
        "chapter": 4,
        "verse": 2,
        "text": "how they are esteemed as earthen pitchers,"
      },
      {
        "book_name": "Lamentations",
        "book": 25,
        "chapter": 4,
        "verse": 2,
        "text": "the work of the hands of the potter!"
      },
      {
        "book_name": "Lamentations",
        "book": 25,
        "chapter": 4,
        "verse": 3,
        "text": "Even the jackals offer their breast."
      },
      {
        "book_name": "Lamentations",
        "book": 25,
        "chapter": 4,
        "verse": 3,
        "text": "They nurse their young ones."
      },
      {
        "book_name": "Lamentations",
        "book": 25,
        "chapter": 4,
        "verse": 3,
        "text": "But the daughter of my people has become cruel,"
      },
      {
        "book_name": "Lamentations",
        "book": 25,
        "chapter": 4,
        "verse": 3,
        "text": "like the ostriches in the wilderness."
      },
      {
        "book_name": "Lamentations",
        "book": 25,
        "chapter": 4,
        "verse": 4,
        "text": "The tongue of the nursing child clings to the roof of his mouth for thirst."
      },
      {
        "book_name": "Lamentations",
        "book": 25,
        "chapter": 4,
        "verse": 4,
        "text": "The young children ask for bread,"
      },
      {
        "book_name": "Lamentations",
        "book": 25,
        "chapter": 4,
        "verse": 4,
        "text": "and no one breaks it for them."
      },
      {
        "book_name": "Lamentations",
        "book": 25,
        "chapter": 4,
        "verse": 5,
        "text": "Those who ate delicacies are desolate in the streets."
      },
      {
        "book_name": "Lamentations",
        "book": 25,
        "chapter": 4,
        "verse": 5,
        "text": "Those who were brought up in purple embrace dunghills."
      },
      {
        "book_name": "Lamentations",
        "book": 25,
        "chapter": 4,
        "verse": 6,
        "text": "For the iniquity of the daughter of my people is greater than the sin of Sodom,"
      },
      {
        "book_name": "Lamentations",
        "book": 25,
        "chapter": 4,
        "verse": 6,
        "text": "which was overthrown as in a moment."
      },
      {
        "book_name": "Lamentations",
        "book": 25,
        "chapter": 4,
        "verse": 6,
        "text": "No hands were laid on her."
      },
      {
        "book_name": "Lamentations",
        "book": 25,
        "chapter": 4,
        "verse": 7,
        "text": "Her nobles were purer than snow."
      },
      {
        "book_name": "Lamentations",
        "book": 25,
        "chapter": 4,
        "verse": 7,
        "text": "They were whiter than milk."
      },
      {
        "book_name": "Lamentations",
        "book": 25,
        "chapter": 4,
        "verse": 7,
        "text": "They were more ruddy in body than rubies."
      },
      {
        "book_name": "Lamentations",
        "book": 25,
        "chapter": 4,
        "verse": 7,
        "text": "Their polishing was like sapphire."
      },
      {
        "book_name": "Lamentations",
        "book": 25,
        "chapter": 4,
        "verse": 8,
        "text": "Their appearance is blacker than a coal."
      },
      {
        "book_name": "Lamentations",
        "book": 25,
        "chapter": 4,
        "verse": 8,
        "text": "They are not known in the streets."
      },
      {
        "book_name": "Lamentations",
        "book": 25,
        "chapter": 4,
        "verse": 8,
        "text": "Their skin clings to their bones."
      },
      {
        "book_name": "Lamentations",
        "book": 25,
        "chapter": 4,
        "verse": 8,
        "text": "It is withered."
      },
      {
        "book_name": "Lamentations",
        "book": 25,
        "chapter": 4,
        "verse": 8,
        "text": "It has become like wood."
      },
      {
        "book_name": "Lamentations",
        "book": 25,
        "chapter": 4,
        "verse": 9,
        "text": "Those who are killed with the sword are better than those who are killed with hunger;"
      },
      {
        "book_name": "Lamentations",
        "book": 25,
        "chapter": 4,
        "verse": 9,
        "text": "for these pine away, stricken through,"
      },
      {
        "book_name": "Lamentations",
        "book": 25,
        "chapter": 4,
        "verse": 9,
        "text": "for lack of the fruits of the field."
      },
      {
        "book_name": "Lamentations",
        "book": 25,
        "chapter": 4,
        "verse": 10,
        "text": "The hands of the pitiful women have boiled their own children."
      },
      {
        "book_name": "Lamentations",
        "book": 25,
        "chapter": 4,
        "verse": 10,
        "text": "They were their food in the destruction of the daughter of my people."
      },
      {
        "book_name": "Lamentations",
        "book": 25,
        "chapter": 4,
        "verse": 11,
        "text": "Yahweh has accomplished his wrath."
      },
      {
        "book_name": "Lamentations",
        "book": 25,
        "chapter": 4,
        "verse": 11,
        "text": "He has poured out his fierce anger."
      },
      {
        "book_name": "Lamentations",
        "book": 25,
        "chapter": 4,
        "verse": 11,
        "text": "He has kindled a fire in Zion,"
      },
      {
        "book_name": "Lamentations",
        "book": 25,
        "chapter": 4,
        "verse": 11,
        "text": "which has devoured its foundations."
      },
      {
        "book_name": "Lamentations",
        "book": 25,
        "chapter": 4,
        "verse": 12,
        "text": "The kings of the earth didn’t believe,"
      },
      {
        "book_name": "Lamentations",
        "book": 25,
        "chapter": 4,
        "verse": 12,
        "text": "neither did all the inhabitants of the world,"
      },
      {
        "book_name": "Lamentations",
        "book": 25,
        "chapter": 4,
        "verse": 12,
        "text": "that the adversary and the enemy would enter into the gates of Jerusalem."
      },
      {
        "book_name": "Lamentations",
        "book": 25,
        "chapter": 4,
        "verse": 13,
        "text": "It is because of the sins of her prophets"
      },
      {
        "book_name": "Lamentations",
        "book": 25,
        "chapter": 4,
        "verse": 13,
        "text": "and the iniquities of her priests,"
      },
      {
        "book_name": "Lamentations",
        "book": 25,
        "chapter": 4,
        "verse": 13,
        "text": "that have shed the blood of the just in the middle of her."
      },
      {
        "book_name": "Lamentations",
        "book": 25,
        "chapter": 4,
        "verse": 14,
        "text": "They wander as blind men in the streets."
      },
      {
        "book_name": "Lamentations",
        "book": 25,
        "chapter": 4,
        "verse": 14,
        "text": "They are polluted with blood,"
      },
      {
        "book_name": "Lamentations",
        "book": 25,
        "chapter": 4,
        "verse": 14,
        "text": "So that men can’t touch their garments."
      },
      {
        "book_name": "Lamentations",
        "book": 25,
        "chapter": 4,
        "verse": 15,
        "text": "“Go away!” they cried to them."
      },
      {
        "book_name": "Lamentations",
        "book": 25,
        "chapter": 4,
        "verse": 15,
        "text": "“Unclean! Go away! Go away! Don’t touch!"
      },
      {
        "book_name": "Lamentations",
        "book": 25,
        "chapter": 4,
        "verse": 15,
        "text": "When they fled away and wandered, men said among the nations,"
      },
      {
        "book_name": "Lamentations",
        "book": 25,
        "chapter": 4,
        "verse": 15,
        "text": "“They can’t live here any more.”"
      },
      {
        "book_name": "Lamentations",
        "book": 25,
        "chapter": 4,
        "verse": 16,
        "text": "Yahweh’s anger has scattered them."
      },
      {
        "book_name": "Lamentations",
        "book": 25,
        "chapter": 4,
        "verse": 16,
        "text": "He will not pay attention to them any more."
      },
      {
        "book_name": "Lamentations",
        "book": 25,
        "chapter": 4,
        "verse": 16,
        "text": "They didn’t respect the persons of the priests."
      },
      {
        "book_name": "Lamentations",
        "book": 25,
        "chapter": 4,
        "verse": 16,
        "text": "They didn’t favor the elders."
      },
      {
        "book_name": "Lamentations",
        "book": 25,
        "chapter": 4,
        "verse": 17,
        "text": "Our eyes still fail,"
      },
      {
        "book_name": "Lamentations",
        "book": 25,
        "chapter": 4,
        "verse": 17,
        "text": "looking in vain for our help."
      },
      {
        "book_name": "Lamentations",
        "book": 25,
        "chapter": 4,
        "verse": 17,
        "text": "In our watching we have watched for a nation that could not save."
      },
      {
        "book_name": "Lamentations",
        "book": 25,
        "chapter": 4,
        "verse": 18,
        "text": "They hunt our steps,"
      },
      {
        "book_name": "Lamentations",
        "book": 25,
        "chapter": 4,
        "verse": 18,
        "text": "so that we can’t go in our streets."
      },
      {
        "book_name": "Lamentations",
        "book": 25,
        "chapter": 4,
        "verse": 18,
        "text": "Our end is near."
      },
      {
        "book_name": "Lamentations",
        "book": 25,
        "chapter": 4,
        "verse": 18,
        "text": "Our days are fulfilled,"
      },
      {
        "book_name": "Lamentations",
        "book": 25,
        "chapter": 4,
        "verse": 18,
        "text": "for our end has come."
      },
      {
        "book_name": "Lamentations",
        "book": 25,
        "chapter": 4,
        "verse": 19,
        "text": "Our pursuers were swifter than the eagles of the sky."
      },
      {
        "book_name": "Lamentations",
        "book": 25,
        "chapter": 4,
        "verse": 19,
        "text": "They chased us on the mountains."
      },
      {
        "book_name": "Lamentations",
        "book": 25,
        "chapter": 4,
        "verse": 19,
        "text": "They set an ambush for us in the wilderness."
      },
      {
        "book_name": "Lamentations",
        "book": 25,
        "chapter": 4,
        "verse": 20,
        "text": "The breath of our nostrils,"
      },
      {
        "book_name": "Lamentations",
        "book": 25,
        "chapter": 4,
        "verse": 20,
        "text": "the anointed of Yahweh,"
      },
      {
        "book_name": "Lamentations",
        "book": 25,
        "chapter": 4,
        "verse": 20,
        "text": "was taken in their pits;"
      },
      {
        "book_name": "Lamentations",
        "book": 25,
        "chapter": 4,
        "verse": 20,
        "text": "of whom we said,"
      },
      {
        "book_name": "Lamentations",
        "book": 25,
        "chapter": 4,
        "verse": 20,
        "text": "under his shadow we will live among the nations."
      },
      {
        "book_name": "Lamentations",
        "book": 25,
        "chapter": 4,
        "verse": 21,
        "text": "Rejoice and be glad, daughter of Edom,"
      },
      {
        "book_name": "Lamentations",
        "book": 25,
        "chapter": 4,
        "verse": 21,
        "text": "who dwells in the land of Uz."
      },
      {
        "book_name": "Lamentations",
        "book": 25,
        "chapter": 4,
        "verse": 21,
        "text": "The cup will pass through to you also."
      },
      {
        "book_name": "Lamentations",
        "book": 25,
        "chapter": 4,
        "verse": 21,
        "text": "You will be drunken,"
      },
      {
        "book_name": "Lamentations",
        "book": 25,
        "chapter": 4,
        "verse": 21,
        "text": "and will make yourself naked."
      },
      {
        "book_name": "Lamentations",
        "book": 25,
        "chapter": 4,
        "verse": 22,
        "text": "The punishment of your iniquity is accomplished, daughter of Zion."
      },
      {
        "book_name": "Lamentations",
        "book": 25,
        "chapter": 4,
        "verse": 22,
        "text": "He will no more carry you away into captivity."
      },
      {
        "book_name": "Lamentations",
        "book": 25,
        "chapter": 4,
        "verse": 22,
        "text": "He will visit your iniquity, daughter of Edom."
      },
      {
        "book_name": "Lamentations",
        "book": 25,
        "chapter": 4,
        "verse": 22,
        "text": "He will uncover your sins."
      }
    ],
    "5": [
      {
        "book_name": "Lamentations",
        "book": 25,
        "chapter": 5,
        "verse": 1,
        "text": "1Remember, Yahweh, what has come on us.Look, and see our reproach.  2Our inheritance has been turned over to strangers,our houses to aliens.  3We are orphans and fatherless.Our mothers are as widows.  4We must pay for water to drink.Our wood is sold to us.  5Our pursuers are on our necks.We are weary, and have no rest.  6We have given our hands to the Egyptians,and to the Assyrians, to be satisfied with bread.  7Our fathers sinned, and are no more.We have borne their iniquities.  8Servants rule over us.There is no one to deliver us out of their hand.  9We get our bread at the peril of our lives,because of the sword in the wilderness.  10Our skin is black like an oven,because of the burning heat of famine.  11They ravished the women in Zion,the virgins in the cities of Judah.  12Princes were hanged up by their hands.The faces of elders were not honored.  13The young men carry millstones.The children stumbled under loads of wood.  14The elders have ceased from the gate,and the young men from their music.  15The joy of our heart has ceased.Our dance is turned into mourning.  16The crown has fallen from our head.Woe to us, for we have sinned!  17For this our heart is faint.For these things our eyes are dim:  18for the mountain of Zion, which is desolate.The foxes walk on it.  19You, Yahweh, remain forever.Your throne is from generation to generation.  20Why do you forget us forever,and forsake us for so long a time?  21Turn us to yourself, Yahweh, and we will be turned.Renew our days as of old.  22But you have utterly rejected us.You are very angry against us."
      },
      {
        "book_name": "Lamentations",
        "book": 25,
        "chapter": 5,
        "verse": 1,
        "text": "Remember, Yahweh, what has come on us."
      },
      {
        "book_name": "Lamentations",
        "book": 25,
        "chapter": 5,
        "verse": 1,
        "text": "Look, and see our reproach."
      },
      {
        "book_name": "Lamentations",
        "book": 25,
        "chapter": 5,
        "verse": 2,
        "text": "Our inheritance has been turned over to strangers,"
      },
      {
        "book_name": "Lamentations",
        "book": 25,
        "chapter": 5,
        "verse": 2,
        "text": "our houses to aliens."
      },
      {
        "book_name": "Lamentations",
        "book": 25,
        "chapter": 5,
        "verse": 3,
        "text": "We are orphans and fatherless."
      },
      {
        "book_name": "Lamentations",
        "book": 25,
        "chapter": 5,
        "verse": 3,
        "text": "Our mothers are as widows."
      },
      {
        "book_name": "Lamentations",
        "book": 25,
        "chapter": 5,
        "verse": 4,
        "text": "We must pay for water to drink."
      },
      {
        "book_name": "Lamentations",
        "book": 25,
        "chapter": 5,
        "verse": 4,
        "text": "Our wood is sold to us."
      },
      {
        "book_name": "Lamentations",
        "book": 25,
        "chapter": 5,
        "verse": 5,
        "text": "Our pursuers are on our necks."
      },
      {
        "book_name": "Lamentations",
        "book": 25,
        "chapter": 5,
        "verse": 5,
        "text": "We are weary, and have no rest."
      },
      {
        "book_name": "Lamentations",
        "book": 25,
        "chapter": 5,
        "verse": 6,
        "text": "We have given our hands to the Egyptians,"
      },
      {
        "book_name": "Lamentations",
        "book": 25,
        "chapter": 5,
        "verse": 6,
        "text": "and to the Assyrians, to be satisfied with bread."
      },
      {
        "book_name": "Lamentations",
        "book": 25,
        "chapter": 5,
        "verse": 7,
        "text": "Our fathers sinned, and are no more."
      },
      {
        "book_name": "Lamentations",
        "book": 25,
        "chapter": 5,
        "verse": 7,
        "text": "We have borne their iniquities."
      },
      {
        "book_name": "Lamentations",
        "book": 25,
        "chapter": 5,
        "verse": 8,
        "text": "Servants rule over us."
      },
      {
        "book_name": "Lamentations",
        "book": 25,
        "chapter": 5,
        "verse": 8,
        "text": "There is no one to deliver us out of their hand."
      },
      {
        "book_name": "Lamentations",
        "book": 25,
        "chapter": 5,
        "verse": 9,
        "text": "We get our bread at the peril of our lives,"
      },
      {
        "book_name": "Lamentations",
        "book": 25,
        "chapter": 5,
        "verse": 9,
        "text": "because of the sword in the wilderness."
      },
      {
        "book_name": "Lamentations",
        "book": 25,
        "chapter": 5,
        "verse": 10,
        "text": "Our skin is black like an oven,"
      },
      {
        "book_name": "Lamentations",
        "book": 25,
        "chapter": 5,
        "verse": 10,
        "text": "because of the burning heat of famine."
      },
      {
        "book_name": "Lamentations",
        "book": 25,
        "chapter": 5,
        "verse": 11,
        "text": "They ravished the women in Zion,"
      },
      {
        "book_name": "Lamentations",
        "book": 25,
        "chapter": 5,
        "verse": 11,
        "text": "the virgins in the cities of Judah."
      },
      {
        "book_name": "Lamentations",
        "book": 25,
        "chapter": 5,
        "verse": 12,
        "text": "Princes were hanged up by their hands."
      },
      {
        "book_name": "Lamentations",
        "book": 25,
        "chapter": 5,
        "verse": 12,
        "text": "The faces of elders were not honored."
      },
      {
        "book_name": "Lamentations",
        "book": 25,
        "chapter": 5,
        "verse": 13,
        "text": "The young men carry millstones."
      },
      {
        "book_name": "Lamentations",
        "book": 25,
        "chapter": 5,
        "verse": 13,
        "text": "The children stumbled under loads of wood."
      },
      {
        "book_name": "Lamentations",
        "book": 25,
        "chapter": 5,
        "verse": 14,
        "text": "The elders have ceased from the gate,"
      },
      {
        "book_name": "Lamentations",
        "book": 25,
        "chapter": 5,
        "verse": 14,
        "text": "and the young men from their music."
      },
      {
        "book_name": "Lamentations",
        "book": 25,
        "chapter": 5,
        "verse": 15,
        "text": "The joy of our heart has ceased."
      },
      {
        "book_name": "Lamentations",
        "book": 25,
        "chapter": 5,
        "verse": 15,
        "text": "Our dance is turned into mourning."
      },
      {
        "book_name": "Lamentations",
        "book": 25,
        "chapter": 5,
        "verse": 16,
        "text": "The crown has fallen from our head."
      },
      {
        "book_name": "Lamentations",
        "book": 25,
        "chapter": 5,
        "verse": 16,
        "text": "Woe to us, for we have sinned!"
      },
      {
        "book_name": "Lamentations",
        "book": 25,
        "chapter": 5,
        "verse": 17,
        "text": "For this our heart is faint."
      },
      {
        "book_name": "Lamentations",
        "book": 25,
        "chapter": 5,
        "verse": 17,
        "text": "For these things our eyes are dim:"
      },
      {
        "book_name": "Lamentations",
        "book": 25,
        "chapter": 5,
        "verse": 18,
        "text": "for the mountain of Zion, which is desolate."
      },
      {
        "book_name": "Lamentations",
        "book": 25,
        "chapter": 5,
        "verse": 18,
        "text": "The foxes walk on it."
      },
      {
        "book_name": "Lamentations",
        "book": 25,
        "chapter": 5,
        "verse": 19,
        "text": "You, Yahweh, remain forever."
      },
      {
        "book_name": "Lamentations",
        "book": 25,
        "chapter": 5,
        "verse": 19,
        "text": "Your throne is from generation to generation."
      },
      {
        "book_name": "Lamentations",
        "book": 25,
        "chapter": 5,
        "verse": 20,
        "text": "Why do you forget us forever,"
      },
      {
        "book_name": "Lamentations",
        "book": 25,
        "chapter": 5,
        "verse": 20,
        "text": "and forsake us for so long a time?"
      },
      {
        "book_name": "Lamentations",
        "book": 25,
        "chapter": 5,
        "verse": 21,
        "text": "Turn us to yourself, Yahweh, and we will be turned."
      },
      {
        "book_name": "Lamentations",
        "book": 25,
        "chapter": 5,
        "verse": 21,
        "text": "Renew our days as of old."
      },
      {
        "book_name": "Lamentations",
        "book": 25,
        "chapter": 5,
        "verse": 22,
        "text": "But you have utterly rejected us."
      },
      {
        "book_name": "Lamentations",
        "book": 25,
        "chapter": 5,
        "verse": 22,
        "text": "You are very angry against us."
      }
    ]
  }
}