{
  "source": "bible.com",
  "version": "World English Bible",
  "book": "Micah",
  "chapters": {
    "1": [
      {
        "book_name": "Micah",
        "book": 33,
        "chapter": 1,
        "verse": 1,
        "text": "1Yahweh’s#1:1 “Yahweh” is God’s proper Name, sometimes rendered “Lord” (all caps) in other translations. word that came to Micah of Morasheth in the days of Jotham, Ahaz, and Hezekiah, kings of Judah, which he saw concerning Samaria and Jerusalem.  2Hear, you peoples, all of you!Listen, O earth, and all that is therein.Let the Lord#1:2 The word translated “Lord” is “Adonai.” Yahweh be witness against you,the Lord from his holy temple.  3For behold,#1:3 “Behold”, from “הִנֵּה”, means look at, take notice, observe, see, or gaze at. It is often used as an interjection. Yahweh comes out of his place,and will come down and tread on the high places of the earth.  4The mountains melt under him,and the valleys split apart like wax before the fire,like waters that are poured down a steep place.  5“All this is for the disobedience of Jacob,and for the sins of the house of Israel.What is the disobedience of Jacob?Isn’t it Samaria?And what are the high places of Judah?Aren’t they Jerusalem?  6Therefore I will make Samaria like a rubble heap of the field,like places for planting vineyards;and I will pour down its stones into the valley,and I will uncover its foundations.  7All her idols will be beaten to pieces,all her temple gifts will be burned with fire,and I will destroy all her images;for of the hire of a prostitute has she gathered them,and to the hire of a prostitute shall they return.”  8For this I will lament and wail.I will go stripped and naked.I will howl like the jackalsand mourn like the ostriches.  9For her wounds are incurable;for it has come even to Judah.It reaches to the gate of my people,even to Jerusalem.  10Don’t tell it in Gath.Don’t weep at all.At Beth Ophrah#1:10 Beth Ophrah means literally “House of Dust.” I have rolled myself in the dust.  11Pass on, inhabitant of Shaphir, in nakedness and shame.The inhabitant of Zaanan won’t come out.The wailing of Beth Ezel will take from you his protection.  12For the inhabitant of Maroth waits anxiously for good,because evil has come down from Yahweh to the gate of Jerusalem.  13Harness the chariot to the swift steed, inhabitant of Lachish.She was the beginning of sin to the daughter of Zion;for the transgressions of Israel were found in you.  14Therefore you will give a parting gift to Moresheth Gath.The houses of Achzib will be a deceitful thing to the kings of Israel.  15I will yet bring a conqueror to you, inhabitants of Mareshah.The glory of Israel will come to Adullam.  16Shave your heads,and cut off your hair for the children of your delight.Enlarge your baldness like the vulture,for they have gone into captivity from you!"
      },
      {
        "book_name": "Micah",
        "book": 33,
        "chapter": 1,
        "verse": 1,
        "text": "Yahweh’s#1:1 “Yahweh” is God’s proper Name, sometimes rendered “Lord” (all caps) in other translations. word that came to Micah of Morasheth in the days of Jotham, Ahaz, and Hezekiah, kings of Judah, which he saw concerning Samaria and Jerusalem."
      },
      {
        "book_name": "Micah",
        "book": 33,
        "chapter": 1,
        "verse": 2,
        "text": "Hear, you peoples, all of you!"
      },
      {
        "book_name": "Micah",
        "book": 33,
        "chapter": 1,
        "verse": 2,
        "text": "Listen, O earth, and all that is therein."
      },
      {
        "book_name": "Micah",
        "book": 33,
        "chapter": 1,
        "verse": 2,
        "text": "Let the Lord#1:2 The word translated “Lord” is “Adonai.” Yahweh be witness against you,"
      },
      {
        "book_name": "Micah",
        "book": 33,
        "chapter": 1,
        "verse": 2,
        "text": "the Lord from his holy temple."
      },
      {
        "book_name": "Micah",
        "book": 33,
        "chapter": 1,
        "verse": 3,
        "text": "For behold,#1:3 “Behold”, from “הִנֵּה”, means look at, take notice, observe, see, or gaze at. It is often used as an interjection. Yahweh comes out of his place,"
      },
      {
        "book_name": "Micah",
        "book": 33,
        "chapter": 1,
        "verse": 3,
        "text": "and will come down and tread on the high places of the earth."
      },
      {
        "book_name": "Micah",
        "book": 33,
        "chapter": 1,
        "verse": 4,
        "text": "The mountains melt under him,"
      },
      {
        "book_name": "Micah",
        "book": 33,
        "chapter": 1,
        "verse": 4,
        "text": "and the valleys split apart like wax before the fire,"
      },
      {
        "book_name": "Micah",
        "book": 33,
        "chapter": 1,
        "verse": 4,
        "text": "like waters that are poured down a steep place."
      },
      {
        "book_name": "Micah",
        "book": 33,
        "chapter": 1,
        "verse": 5,
        "text": "“All this is for the disobedience of Jacob,"
      },
      {
        "book_name": "Micah",
        "book": 33,
        "chapter": 1,
        "verse": 5,
        "text": "and for the sins of the house of Israel."
      },
      {
        "book_name": "Micah",
        "book": 33,
        "chapter": 1,
        "verse": 5,
        "text": "What is the disobedience of Jacob?"
      },
      {
        "book_name": "Micah",
        "book": 33,
        "chapter": 1,
        "verse": 5,
        "text": "Isn’t it Samaria?"
      },
      {
        "book_name": "Micah",
        "book": 33,
        "chapter": 1,
        "verse": 5,
        "text": "And what are the high places of Judah?"
      },
      {
        "book_name": "Micah",
        "book": 33,
        "chapter": 1,
        "verse": 5,
        "text": "Aren’t they Jerusalem?"
      },
      {
        "book_name": "Micah",
        "book": 33,
        "chapter": 1,
        "verse": 6,
        "text": "Therefore I will make Samaria like a rubble heap of the field,"
      },
      {
        "book_name": "Micah",
        "book": 33,
        "chapter": 1,
        "verse": 6,
        "text": "like places for planting vineyards;"
      },
      {
        "book_name": "Micah",
        "book": 33,
        "chapter": 1,
        "verse": 6,
        "text": "and I will pour down its stones into the valley,"
      },
      {
        "book_name": "Micah",
        "book": 33,
        "chapter": 1,
        "verse": 6,
        "text": "and I will uncover its foundations."
      },
      {
        "book_name": "Micah",
        "book": 33,
        "chapter": 1,
        "verse": 7,
        "text": "All her idols will be beaten to pieces,"
      },
      {
        "book_name": "Micah",
        "book": 33,
        "chapter": 1,
        "verse": 7,
        "text": "all her temple gifts will be burned with fire,"
      },
      {
        "book_name": "Micah",
        "book": 33,
        "chapter": 1,
        "verse": 7,
        "text": "and I will destroy all her images;"
      },
      {
        "book_name": "Micah",
        "book": 33,
        "chapter": 1,
        "verse": 7,
        "text": "for of the hire of a prostitute has she gathered them,"
      },
      {
        "book_name": "Micah",
        "book": 33,
        "chapter": 1,
        "verse": 7,
        "text": "and to the hire of a prostitute shall they return.”"
      },
      {
        "book_name": "Micah",
        "book": 33,
        "chapter": 1,
        "verse": 8,
        "text": "For this I will lament and wail."
      },
      {
        "book_name": "Micah",
        "book": 33,
        "chapter": 1,
        "verse": 8,
        "text": "I will go stripped and naked."
      },
      {
        "book_name": "Micah",
        "book": 33,
        "chapter": 1,
        "verse": 8,
        "text": "I will howl like the jackals"
      },
      {
        "book_name": "Micah",
        "book": 33,
        "chapter": 1,
        "verse": 8,
        "text": "and mourn like the ostriches."
      },
      {
        "book_name": "Micah",
        "book": 33,
        "chapter": 1,
        "verse": 9,
        "text": "For her wounds are incurable;"
      },
      {
        "book_name": "Micah",
        "book": 33,
        "chapter": 1,
        "verse": 9,
        "text": "for it has come even to Judah."
      },
      {
        "book_name": "Micah",
        "book": 33,
        "chapter": 1,
        "verse": 9,
        "text": "It reaches to the gate of my people,"
      },
      {
        "book_name": "Micah",
        "book": 33,
        "chapter": 1,
        "verse": 9,
        "text": "even to Jerusalem."
      },
      {
        "book_name": "Micah",
        "book": 33,
        "chapter": 1,
        "verse": 10,
        "text": "Don’t tell it in Gath."
      },
      {
        "book_name": "Micah",
        "book": 33,
        "chapter": 1,
        "verse": 10,
        "text": "Don’t weep at all."
      },
      {
        "book_name": "Micah",
        "book": 33,
        "chapter": 1,
        "verse": 10,
        "text": "At Beth Ophrah#1:10 Beth Ophrah means literally “House of Dust.” I have rolled myself in the dust."
      },
      {
        "book_name": "Micah",
        "book": 33,
        "chapter": 1,
        "verse": 11,
        "text": "Pass on, inhabitant of Shaphir, in nakedness and shame."
      },
      {
        "book_name": "Micah",
        "book": 33,
        "chapter": 1,
        "verse": 11,
        "text": "The inhabitant of Zaanan won’t come out."
      },
      {
        "book_name": "Micah",
        "book": 33,
        "chapter": 1,
        "verse": 11,
        "text": "The wailing of Beth Ezel will take from you his protection."
      },
      {
        "book_name": "Micah",
        "book": 33,
        "chapter": 1,
        "verse": 12,
        "text": "For the inhabitant of Maroth waits anxiously for good,"
      },
      {
        "book_name": "Micah",
        "book": 33,
        "chapter": 1,
        "verse": 12,
        "text": "because evil has come down from Yahweh to the gate of Jerusalem."
      },
      {
        "book_name": "Micah",
        "book": 33,
        "chapter": 1,
        "verse": 13,
        "text": "Harness the chariot to the swift steed, inhabitant of Lachish."
      },
      {
        "book_name": "Micah",
        "book": 33,
        "chapter": 1,
        "verse": 13,
        "text": "She was the beginning of sin to the daughter of Zion;"
      },
      {
        "book_name": "Micah",
        "book": 33,
        "chapter": 1,
        "verse": 13,
        "text": "for the transgressions of Israel were found in you."
      },
      {
        "book_name": "Micah",
        "book": 33,
        "chapter": 1,
        "verse": 14,
        "text": "Therefore you will give a parting gift to Moresheth Gath."
      },
      {
        "book_name": "Micah",
        "book": 33,
        "chapter": 1,
        "verse": 14,
        "text": "The houses of Achzib will be a deceitful thing to the kings of Israel."
      },
      {
        "book_name": "Micah",
        "book": 33,
        "chapter": 1,
        "verse": 15,
        "text": "I will yet bring a conqueror to you, inhabitants of Mareshah."
      },
      {
        "book_name": "Micah",
        "book": 33,
        "chapter": 1,
        "verse": 15,
        "text": "The glory of Israel will come to Adullam."
      },
      {
        "book_name": "Micah",
        "book": 33,
        "chapter": 1,
        "verse": 16,
        "text": "Shave your heads,"
      },
      {
        "book_name": "Micah",
        "book": 33,
        "chapter": 1,
        "verse": 16,
        "text": "and cut off your hair for the children of your delight."
      },
      {
        "book_name": "Micah",
        "book": 33,
        "chapter": 1,
        "verse": 16,
        "text": "Enlarge your baldness like the vulture,"
      },
      {
        "book_name": "Micah",
        "book": 33,
        "chapter": 1,
        "verse": 16,
        "text": "for they have gone into captivity from you!"
      }
    ],
    "2": [
      {
        "book_name": "Micah",
        "book": 33,
        "chapter": 2,
        "verse": 1,
        "text": "1Woe to those who devise iniquityand work evil on their beds!When the morning is light, they practice it,because it is in the power of their hand.  2They covet fields and seize them,and houses, then take them away.They oppress a man and his house,even a man and his heritage.  3Therefore Yahweh says:“Behold, I am planning against these people a disaster,from which you will not remove your necks,neither will you walk haughtily,for it is an evil time.  4In that day they will take up a parable against you,and lament with a doleful lamentation, saying,‘We are utterly ruined!My people’s possession is divided up.Indeed he takes it from me and assigns our fields to traitors!’”  5Therefore you will have no one who divides the land by lot in Yahweh’s assembly.  6“Don’t prophesy!”—they prophesy—“Don’t prophesy about these things.Disgrace won’t overtake us.”  7Shall it be said, O house of Jacob,“Is Yahweh’s Spirit angry?Are these his doings?Don’t my words do good to him who walks blamelessly?”  8But lately my people have risen up as an enemy.You strip the robe and clothing from those who pass by without a care, returning from battle.  9You drive the women of my people out from their pleasant houses;from their young children you take away my blessing forever.  10Arise, and depart!For this is not your resting place,because of uncleanness that destroys,even with a grievous destruction.  11If a man walking in a spirit of falsehood lies, saying,“I will prophesy to you of wine and of strong drink,”he would be the prophet of this people.  12I will surely assemble all of you, Jacob.I will surely gather the remnant of Israel.I will put them together as the sheep of Bozrah,as a flock in the middle of their pasture.They will swarm with people.  13He who breaks open the way goes up before them.They break through the gate, and go out.Their king passes on before them,with Yahweh at their head."
      },
      {
        "book_name": "Micah",
        "book": 33,
        "chapter": 2,
        "verse": 1,
        "text": "Woe to those who devise iniquity"
      },
      {
        "book_name": "Micah",
        "book": 33,
        "chapter": 2,
        "verse": 1,
        "text": "and work evil on their beds!"
      },
      {
        "book_name": "Micah",
        "book": 33,
        "chapter": 2,
        "verse": 1,
        "text": "When the morning is light, they practice it,"
      },
      {
        "book_name": "Micah",
        "book": 33,
        "chapter": 2,
        "verse": 1,
        "text": "because it is in the power of their hand."
      },
      {
        "book_name": "Micah",
        "book": 33,
        "chapter": 2,
        "verse": 2,
        "text": "They covet fields and seize them,"
      },
      {
        "book_name": "Micah",
        "book": 33,
        "chapter": 2,
        "verse": 2,
        "text": "and houses, then take them away."
      },
      {
        "book_name": "Micah",
        "book": 33,
        "chapter": 2,
        "verse": 2,
        "text": "They oppress a man and his house,"
      },
      {
        "book_name": "Micah",
        "book": 33,
        "chapter": 2,
        "verse": 2,
        "text": "even a man and his heritage."
      },
      {
        "book_name": "Micah",
        "book": 33,
        "chapter": 2,
        "verse": 3,
        "text": "Therefore Yahweh says:"
      },
      {
        "book_name": "Micah",
        "book": 33,
        "chapter": 2,
        "verse": 3,
        "text": "“Behold, I am planning against these people a disaster,"
      },
      {
        "book_name": "Micah",
        "book": 33,
        "chapter": 2,
        "verse": 3,
        "text": "from which you will not remove your necks,"
      },
      {
        "book_name": "Micah",
        "book": 33,
        "chapter": 2,
        "verse": 3,
        "text": "neither will you walk haughtily,"
      },
      {
        "book_name": "Micah",
        "book": 33,
        "chapter": 2,
        "verse": 3,
        "text": "for it is an evil time."
      },
      {
        "book_name": "Micah",
        "book": 33,
        "chapter": 2,
        "verse": 4,
        "text": "In that day they will take up a parable against you,"
      },
      {
        "book_name": "Micah",
        "book": 33,
        "chapter": 2,
        "verse": 4,
        "text": "and lament with a doleful lamentation, saying,"
      },
      {
        "book_name": "Micah",
        "book": 33,
        "chapter": 2,
        "verse": 4,
        "text": "‘We are utterly ruined!"
      },
      {
        "book_name": "Micah",
        "book": 33,
        "chapter": 2,
        "verse": 4,
        "text": "My people’s possession is divided up."
      },
      {
        "book_name": "Micah",
        "book": 33,
        "chapter": 2,
        "verse": 4,
        "text": "Indeed he takes it from me and assigns our fields to traitors!’”"
      },
      {
        "book_name": "Micah",
        "book": 33,
        "chapter": 2,
        "verse": 5,
        "text": "Therefore you will have no one who divides the land by lot in Yahweh’s assembly."
      },
      {
        "book_name": "Micah",
        "book": 33,
        "chapter": 2,
        "verse": 6,
        "text": "“Don’t prophesy!”—they prophesy—"
      },
      {
        "book_name": "Micah",
        "book": 33,
        "chapter": 2,
        "verse": 6,
        "text": "“Don’t prophesy about these things."
      },
      {
        "book_name": "Micah",
        "book": 33,
        "chapter": 2,
        "verse": 6,
        "text": "Disgrace won’t overtake us.”"
      },
      {
        "book_name": "Micah",
        "book": 33,
        "chapter": 2,
        "verse": 7,
        "text": "Shall it be said, O house of Jacob,"
      },
      {
        "book_name": "Micah",
        "book": 33,
        "chapter": 2,
        "verse": 7,
        "text": "“Is Yahweh’s Spirit angry?"
      },
      {
        "book_name": "Micah",
        "book": 33,
        "chapter": 2,
        "verse": 7,
        "text": "Are these his doings?"
      },
      {
        "book_name": "Micah",
        "book": 33,
        "chapter": 2,
        "verse": 7,
        "text": "Don’t my words do good to him who walks blamelessly?”"
      },
      {
        "book_name": "Micah",
        "book": 33,
        "chapter": 2,
        "verse": 8,
        "text": "But lately my people have risen up as an enemy."
      },
      {
        "book_name": "Micah",
        "book": 33,
        "chapter": 2,
        "verse": 8,
        "text": "You strip the robe and clothing from those who pass by without a care, returning from battle."
      },
      {
        "book_name": "Micah",
        "book": 33,
        "chapter": 2,
        "verse": 9,
        "text": "You drive the women of my people out from their pleasant houses;"
      },
      {
        "book_name": "Micah",
        "book": 33,
        "chapter": 2,
        "verse": 9,
        "text": "from their young children you take away my blessing forever."
      },
      {
        "book_name": "Micah",
        "book": 33,
        "chapter": 2,
        "verse": 10,
        "text": "Arise, and depart!"
      },
      {
        "book_name": "Micah",
        "book": 33,
        "chapter": 2,
        "verse": 10,
        "text": "For this is not your resting place,"
      },
      {
        "book_name": "Micah",
        "book": 33,
        "chapter": 2,
        "verse": 10,
        "text": "because of uncleanness that destroys,"
      },
      {
        "book_name": "Micah",
        "book": 33,
        "chapter": 2,
        "verse": 10,
        "text": "even with a grievous destruction."
      },
      {
        "book_name": "Micah",
        "book": 33,
        "chapter": 2,
        "verse": 11,
        "text": "If a man walking in a spirit of falsehood lies, saying,"
      },
      {
        "book_name": "Micah",
        "book": 33,
        "chapter": 2,
        "verse": 11,
        "text": "“I will prophesy to you of wine and of strong drink,”"
      },
      {
        "book_name": "Micah",
        "book": 33,
        "chapter": 2,
        "verse": 11,
        "text": "he would be the prophet of this people."
      },
      {
        "book_name": "Micah",
        "book": 33,
        "chapter": 2,
        "verse": 12,
        "text": "I will surely assemble all of you, Jacob."
      },
      {
        "book_name": "Micah",
        "book": 33,
        "chapter": 2,
        "verse": 12,
        "text": "I will surely gather the remnant of Israel."
      },
      {
        "book_name": "Micah",
        "book": 33,
        "chapter": 2,
        "verse": 12,
        "text": "I will put them together as the sheep of Bozrah,"
      },
      {
        "book_name": "Micah",
        "book": 33,
        "chapter": 2,
        "verse": 12,
        "text": "as a flock in the middle of their pasture."
      },
      {
        "book_name": "Micah",
        "book": 33,
        "chapter": 2,
        "verse": 12,
        "text": "They will swarm with people."
      },
      {
        "book_name": "Micah",
        "book": 33,
        "chapter": 2,
        "verse": 13,
        "text": "He who breaks open the way goes up before them."
      },
      {
        "book_name": "Micah",
        "book": 33,
        "chapter": 2,
        "verse": 13,
        "text": "They break through the gate, and go out."
      },
      {
        "book_name": "Micah",
        "book": 33,
        "chapter": 2,
        "verse": 13,
        "text": "Their king passes on before them,"
      },
      {
        "book_name": "Micah",
        "book": 33,
        "chapter": 2,
        "verse": 13,
        "text": "with Yahweh at their head."
      }
    ],
    "3": [
      {
        "book_name": "Micah",
        "book": 33,
        "chapter": 3,
        "verse": 1,
        "text": "1I said,“Please listen, you heads of Jacob,and rulers of the house of Israel:Isn’t it for you to know justice?  2You who hate the good,and love the evil;who tear off their skin,and their flesh from off their bones;  3who also eat the flesh of my people,and peel their skin from off them,and break their bones,and chop them in pieces, as for the pot,and as meat within the cauldron.  4Then they will cry to Yahweh,but he will not answer them.Yes, he will hide his face from them at that time,because they made their deeds evil.”  5Yahweh says concerning the prophets who lead my people astray—for those who feed their teeth, they proclaim, “Peace!” and whoever doesn’t provide for their mouths, they prepare war against him:  6“Therefore night is over you, with no vision,and it is dark to you, that you may not divine;and the sun will go down on the prophets,and the day will be black over them.  7The seers shall be disappointed,and the diviners confounded.Yes, they shall all cover their lips,for there is no answer from God.”#3:7 The Hebrew word rendered “God” is “אֱלֹהִ֑ים” (Elohim).  8But as for me, I am full of power by Yahweh’s Spirit,and of judgment, and of might,to declare to Jacob his disobedience,and to Israel his sin.  9Please listen to this, you heads of the house of Jacob,and rulers of the house of Israel,who abhor justice,and pervert all equity,  10who build up Zion with blood,and Jerusalem with iniquity.  11Her leaders judge for bribes,and her priests teach for a price,and her prophets of it tell fortunes for money;yet they lean on Yahweh, and say,“Isn’t Yahweh among us?No disaster will come on us.”  12Therefore Zion for your sake will be plowed like a field,and Jerusalem will become heaps of rubble,and the mountain of the temple like the high places of a forest."
      },
      {
        "book_name": "Micah",
        "book": 33,
        "chapter": 3,
        "verse": 1,
        "text": "I said,"
      },
      {
        "book_name": "Micah",
        "book": 33,
        "chapter": 3,
        "verse": 1,
        "text": "“Please listen, you heads of Jacob,"
      },
      {
        "book_name": "Micah",
        "book": 33,
        "chapter": 3,
        "verse": 1,
        "text": "and rulers of the house of Israel:"
      },
      {
        "book_name": "Micah",
        "book": 33,
        "chapter": 3,
        "verse": 1,
        "text": "Isn’t it for you to know justice?"
      },
      {
        "book_name": "Micah",
        "book": 33,
        "chapter": 3,
        "verse": 2,
        "text": "You who hate the good,"
      },
      {
        "book_name": "Micah",
        "book": 33,
        "chapter": 3,
        "verse": 2,
        "text": "and love the evil;"
      },
      {
        "book_name": "Micah",
        "book": 33,
        "chapter": 3,
        "verse": 2,
        "text": "who tear off their skin,"
      },
      {
        "book_name": "Micah",
        "book": 33,
        "chapter": 3,
        "verse": 2,
        "text": "and their flesh from off their bones;"
      },
      {
        "book_name": "Micah",
        "book": 33,
        "chapter": 3,
        "verse": 3,
        "text": "who also eat the flesh of my people,"
      },
      {
        "book_name": "Micah",
        "book": 33,
        "chapter": 3,
        "verse": 3,
        "text": "and peel their skin from off them,"
      },
      {
        "book_name": "Micah",
        "book": 33,
        "chapter": 3,
        "verse": 3,
        "text": "and break their bones,"
      },
      {
        "book_name": "Micah",
        "book": 33,
        "chapter": 3,
        "verse": 3,
        "text": "and chop them in pieces, as for the pot,"
      },
      {
        "book_name": "Micah",
        "book": 33,
        "chapter": 3,
        "verse": 3,
        "text": "and as meat within the cauldron."
      },
      {
        "book_name": "Micah",
        "book": 33,
        "chapter": 3,
        "verse": 4,
        "text": "Then they will cry to Yahweh,"
      },
      {
        "book_name": "Micah",
        "book": 33,
        "chapter": 3,
        "verse": 4,
        "text": "but he will not answer them."
      },
      {
        "book_name": "Micah",
        "book": 33,
        "chapter": 3,
        "verse": 4,
        "text": "Yes, he will hide his face from them at that time,"
      },
      {
        "book_name": "Micah",
        "book": 33,
        "chapter": 3,
        "verse": 4,
        "text": "because they made their deeds evil.”"
      },
      {
        "book_name": "Micah",
        "book": 33,
        "chapter": 3,
        "verse": 5,
        "text": "Yahweh says concerning the prophets who lead my people astray—for those who feed their teeth, they proclaim, “Peace!” and whoever doesn’t provide for their mouths, they prepare war against him:"
      },
      {
        "book_name": "Micah",
        "book": 33,
        "chapter": 3,
        "verse": 6,
        "text": "“Therefore night is over you, with no vision,"
      },
      {
        "book_name": "Micah",
        "book": 33,
        "chapter": 3,
        "verse": 6,
        "text": "and it is dark to you, that you may not divine;"
      },
      {
        "book_name": "Micah",
        "book": 33,
        "chapter": 3,
        "verse": 6,
        "text": "and the sun will go down on the prophets,"
      },
      {
        "book_name": "Micah",
        "book": 33,
        "chapter": 3,
        "verse": 6,
        "text": "and the day will be black over them."
      },
      {
        "book_name": "Micah",
        "book": 33,
        "chapter": 3,
        "verse": 7,
        "text": "The seers shall be disappointed,"
      },
      {
        "book_name": "Micah",
        "book": 33,
        "chapter": 3,
        "verse": 7,
        "text": "and the diviners confounded."
      },
      {
        "book_name": "Micah",
        "book": 33,
        "chapter": 3,
        "verse": 7,
        "text": "Yes, they shall all cover their lips,"
      },
      {
        "book_name": "Micah",
        "book": 33,
        "chapter": 3,
        "verse": 7,
        "text": "for there is no answer from God.”#3:7 The Hebrew word rendered “God” is “אֱלֹהִ֑ים” (Elohim)."
      },
      {
        "book_name": "Micah",
        "book": 33,
        "chapter": 3,
        "verse": 8,
        "text": "But as for me, I am full of power by Yahweh’s Spirit,"
      },
      {
        "book_name": "Micah",
        "book": 33,
        "chapter": 3,
        "verse": 8,
        "text": "and of judgment, and of might,"
      },
      {
        "book_name": "Micah",
        "book": 33,
        "chapter": 3,
        "verse": 8,
        "text": "to declare to Jacob his disobedience,"
      },
      {
        "book_name": "Micah",
        "book": 33,
        "chapter": 3,
        "verse": 8,
        "text": "and to Israel his sin."
      },
      {
        "book_name": "Micah",
        "book": 33,
        "chapter": 3,
        "verse": 9,
        "text": "Please listen to this, you heads of the house of Jacob,"
      },
      {
        "book_name": "Micah",
        "book": 33,
        "chapter": 3,
        "verse": 9,
        "text": "and rulers of the house of Israel,"
      },
      {
        "book_name": "Micah",
        "book": 33,
        "chapter": 3,
        "verse": 9,
        "text": "who abhor justice,"
      },
      {
        "book_name": "Micah",
        "book": 33,
        "chapter": 3,
        "verse": 9,
        "text": "and pervert all equity,"
      },
      {
        "book_name": "Micah",
        "book": 33,
        "chapter": 3,
        "verse": 10,
        "text": "who build up Zion with blood,"
      },
      {
        "book_name": "Micah",
        "book": 33,
        "chapter": 3,
        "verse": 10,
        "text": "and Jerusalem with iniquity."
      },
      {
        "book_name": "Micah",
        "book": 33,
        "chapter": 3,
        "verse": 11,
        "text": "Her leaders judge for bribes,"
      },
      {
        "book_name": "Micah",
        "book": 33,
        "chapter": 3,
        "verse": 11,
        "text": "and her priests teach for a price,"
      },
      {
        "book_name": "Micah",
        "book": 33,
        "chapter": 3,
        "verse": 11,
        "text": "and her prophets of it tell fortunes for money;"
      },
      {
        "book_name": "Micah",
        "book": 33,
        "chapter": 3,
        "verse": 11,
        "text": "yet they lean on Yahweh, and say,"
      },
      {
        "book_name": "Micah",
        "book": 33,
        "chapter": 3,
        "verse": 11,
        "text": "“Isn’t Yahweh among us?"
      },
      {
        "book_name": "Micah",
        "book": 33,
        "chapter": 3,
        "verse": 11,
        "text": "No disaster will come on us.”"
      },
      {
        "book_name": "Micah",
        "book": 33,
        "chapter": 3,
        "verse": 12,
        "text": "Therefore Zion for your sake will be plowed like a field,"
      },
      {
        "book_name": "Micah",
        "book": 33,
        "chapter": 3,
        "verse": 12,
        "text": "and Jerusalem will become heaps of rubble,"
      },
      {
        "book_name": "Micah",
        "book": 33,
        "chapter": 3,
        "verse": 12,
        "text": "and the mountain of the temple like the high places of a forest."
      }
    ],
    "4": [
      {
        "book_name": "Micah",
        "book": 33,
        "chapter": 4,
        "verse": 1,
        "text": "1But in the latter days,it will happen that the mountain of Yahweh’s temple will be established on the top of the mountains,and it will be exalted above the hills;and peoples will stream to it.  2Many nations will go and say,“Come! Let’s go up to the mountain of Yahweh,and to the house of the God of Jacob;and he will teach us of his ways,and we will walk in his paths.”For the law will go out of Zion,and Yahweh’s word from Jerusalem;  3and he will judge between many peoples,and will decide concerning strong nations afar off.They will beat their swords into plowshares,and their spears into pruning hooks.Nation will not lift up sword against nation,neither will they learn war any more.  4But every man will sit under his vine and under his fig tree.No one will make them afraid,for the mouth of Yahweh of Armies has spoken. 5Indeed all the nations may walk in the name of their gods,but we will walk in the name of Yahweh our God forever and ever.  6“In that day,” says Yahweh,“I will assemble that which is lame,and I will gather that which is driven away,and that which I have afflicted;  7and I will make that which was lame a remnant,and that which was cast far off a strong nation:and Yahweh will reign over them on Mount Zion from then on, even forever.”  8You, tower of the flock, the hill of the daughter of Zion,to you it will come.Yes, the former dominion will come,the kingdom of the daughter of Jerusalem.  9Now why do you cry out aloud?Is there no king in you?Has your counselor perished,that pains have taken hold of you as of a woman in travail?  10Be in pain, and labor to give birth, daughter of Zion,like a woman in travail;for now you will go out of the city,and will dwell in the field,and will come even to Babylon.There you will be rescued.There Yahweh will redeem you from the hand of your enemies.  11Now many nations have assembled against you, that say,“Let her be defiled,and let our eye gloat over Zion.”  12But they don’t know the thoughts of Yahweh,neither do they understand his counsel;for he has gathered them like the sheaves to the threshing floor.  13Arise and thresh, daughter of Zion,for I will make your horn iron,and I will make your hoofs bronze.You will beat in pieces many peoples.I will devote their gain to Yahweh,and their substance to the Lord of the whole earth."
      },
      {
        "book_name": "Micah",
        "book": 33,
        "chapter": 4,
        "verse": 1,
        "text": "But in the latter days,"
      },
      {
        "book_name": "Micah",
        "book": 33,
        "chapter": 4,
        "verse": 1,
        "text": "it will happen that the mountain of Yahweh’s temple will be established on the top of the mountains,"
      },
      {
        "book_name": "Micah",
        "book": 33,
        "chapter": 4,
        "verse": 1,
        "text": "and it will be exalted above the hills;"
      },
      {
        "book_name": "Micah",
        "book": 33,
        "chapter": 4,
        "verse": 1,
        "text": "and peoples will stream to it."
      },
      {
        "book_name": "Micah",
        "book": 33,
        "chapter": 4,
        "verse": 2,
        "text": "Many nations will go and say,"
      },
      {
        "book_name": "Micah",
        "book": 33,
        "chapter": 4,
        "verse": 2,
        "text": "“Come! Let’s go up to the mountain of Yahweh,"
      },
      {
        "book_name": "Micah",
        "book": 33,
        "chapter": 4,
        "verse": 2,
        "text": "and to the house of the God of Jacob;"
      },
      {
        "book_name": "Micah",
        "book": 33,
        "chapter": 4,
        "verse": 2,
        "text": "and he will teach us of his ways,"
      },
      {
        "book_name": "Micah",
        "book": 33,
        "chapter": 4,
        "verse": 2,
        "text": "and we will walk in his paths.”"
      },
      {
        "book_name": "Micah",
        "book": 33,
        "chapter": 4,
        "verse": 2,
        "text": "For the law will go out of Zion,"
      },
      {
        "book_name": "Micah",
        "book": 33,
        "chapter": 4,
        "verse": 2,
        "text": "and Yahweh’s word from Jerusalem;"
      },
      {
        "book_name": "Micah",
        "book": 33,
        "chapter": 4,
        "verse": 3,
        "text": "and he will judge between many peoples,"
      },
      {
        "book_name": "Micah",
        "book": 33,
        "chapter": 4,
        "verse": 3,
        "text": "and will decide concerning strong nations afar off."
      },
      {
        "book_name": "Micah",
        "book": 33,
        "chapter": 4,
        "verse": 3,
        "text": "They will beat their swords into plowshares,"
      },
      {
        "book_name": "Micah",
        "book": 33,
        "chapter": 4,
        "verse": 3,
        "text": "and their spears into pruning hooks."
      },
      {
        "book_name": "Micah",
        "book": 33,
        "chapter": 4,
        "verse": 3,
        "text": "Nation will not lift up sword against nation,"
      },
      {
        "book_name": "Micah",
        "book": 33,
        "chapter": 4,
        "verse": 3,
        "text": "neither will they learn war any more."
      },
      {
        "book_name": "Micah",
        "book": 33,
        "chapter": 4,
        "verse": 4,
        "text": "But every man will sit under his vine and under his fig tree."
      },
      {
        "book_name": "Micah",
        "book": 33,
        "chapter": 4,
        "verse": 4,
        "text": "No one will make them afraid,"
      },
      {
        "book_name": "Micah",
        "book": 33,
        "chapter": 4,
        "verse": 4,
        "text": "for the mouth of Yahweh of Armies has spoken."
      },
      {
        "book_name": "Micah",
        "book": 33,
        "chapter": 4,
        "verse": 5,
        "text": "Indeed all the nations may walk in the name of their gods,"
      },
      {
        "book_name": "Micah",
        "book": 33,
        "chapter": 4,
        "verse": 5,
        "text": "but we will walk in the name of Yahweh our God forever and ever."
      },
      {
        "book_name": "Micah",
        "book": 33,
        "chapter": 4,
        "verse": 6,
        "text": "“In that day,” says Yahweh,"
      },
      {
        "book_name": "Micah",
        "book": 33,
        "chapter": 4,
        "verse": 6,
        "text": "“I will assemble that which is lame,"
      },
      {
        "book_name": "Micah",
        "book": 33,
        "chapter": 4,
        "verse": 6,
        "text": "and I will gather that which is driven away,"
      },
      {
        "book_name": "Micah",
        "book": 33,
        "chapter": 4,
        "verse": 6,
        "text": "and that which I have afflicted;"
      },
      {
        "book_name": "Micah",
        "book": 33,
        "chapter": 4,
        "verse": 7,
        "text": "and I will make that which was lame a remnant,"
      },
      {
        "book_name": "Micah",
        "book": 33,
        "chapter": 4,
        "verse": 7,
        "text": "and that which was cast far off a strong nation:"
      },
      {
        "book_name": "Micah",
        "book": 33,
        "chapter": 4,
        "verse": 7,
        "text": "and Yahweh will reign over them on Mount Zion from then on, even forever.”"
      },
      {
        "book_name": "Micah",
        "book": 33,
        "chapter": 4,
        "verse": 8,
        "text": "You, tower of the flock, the hill of the daughter of Zion,"
      },
      {
        "book_name": "Micah",
        "book": 33,
        "chapter": 4,
        "verse": 8,
        "text": "to you it will come."
      },
      {
        "book_name": "Micah",
        "book": 33,
        "chapter": 4,
        "verse": 8,
        "text": "Yes, the former dominion will come,"
      },
      {
        "book_name": "Micah",
        "book": 33,
        "chapter": 4,
        "verse": 8,
        "text": "the kingdom of the daughter of Jerusalem."
      },
      {
        "book_name": "Micah",
        "book": 33,
        "chapter": 4,
        "verse": 9,
        "text": "Now why do you cry out aloud?"
      },
      {
        "book_name": "Micah",
        "book": 33,
        "chapter": 4,
        "verse": 9,
        "text": "Is there no king in you?"
      },
      {
        "book_name": "Micah",
        "book": 33,
        "chapter": 4,
        "verse": 9,
        "text": "Has your counselor perished,"
      },
      {
        "book_name": "Micah",
        "book": 33,
        "chapter": 4,
        "verse": 9,
        "text": "that pains have taken hold of you as of a woman in travail?"
      },
      {
        "book_name": "Micah",
        "book": 33,
        "chapter": 4,
        "verse": 10,
        "text": "Be in pain, and labor to give birth, daughter of Zion,"
      },
      {
        "book_name": "Micah",
        "book": 33,
        "chapter": 4,
        "verse": 10,
        "text": "like a woman in travail;"
      },
      {
        "book_name": "Micah",
        "book": 33,
        "chapter": 4,
        "verse": 10,
        "text": "for now you will go out of the city,"
      },
      {
        "book_name": "Micah",
        "book": 33,
        "chapter": 4,
        "verse": 10,
        "text": "and will dwell in the field,"
      },
      {
        "book_name": "Micah",
        "book": 33,
        "chapter": 4,
        "verse": 10,
        "text": "and will come even to Babylon."
      },
      {
        "book_name": "Micah",
        "book": 33,
        "chapter": 4,
        "verse": 10,
        "text": "There you will be rescued."
      },
      {
        "book_name": "Micah",
        "book": 33,
        "chapter": 4,
        "verse": 10,
        "text": "There Yahweh will redeem you from the hand of your enemies."
      },
      {
        "book_name": "Micah",
        "book": 33,
        "chapter": 4,
        "verse": 11,
        "text": "Now many nations have assembled against you, that say,"
      },
      {
        "book_name": "Micah",
        "book": 33,
        "chapter": 4,
        "verse": 11,
        "text": "“Let her be defiled,"
      },
      {
        "book_name": "Micah",
        "book": 33,
        "chapter": 4,
        "verse": 11,
        "text": "and let our eye gloat over Zion.”"
      },
      {
        "book_name": "Micah",
        "book": 33,
        "chapter": 4,
        "verse": 12,
        "text": "But they don’t know the thoughts of Yahweh,"
      },
      {
        "book_name": "Micah",
        "book": 33,
        "chapter": 4,
        "verse": 12,
        "text": "neither do they understand his counsel;"
      },
      {
        "book_name": "Micah",
        "book": 33,
        "chapter": 4,
        "verse": 12,
        "text": "for he has gathered them like the sheaves to the threshing floor."
      },
      {
        "book_name": "Micah",
        "book": 33,
        "chapter": 4,
        "verse": 13,
        "text": "Arise and thresh, daughter of Zion,"
      },
      {
        "book_name": "Micah",
        "book": 33,
        "chapter": 4,
        "verse": 13,
        "text": "for I will make your horn iron,"
      },
      {
        "book_name": "Micah",
        "book": 33,
        "chapter": 4,
        "verse": 13,
        "text": "and I will make your hoofs bronze."
      },
      {
        "book_name": "Micah",
        "book": 33,
        "chapter": 4,
        "verse": 13,
        "text": "You will beat in pieces many peoples."
      },
      {
        "book_name": "Micah",
        "book": 33,
        "chapter": 4,
        "verse": 13,
        "text": "I will devote their gain to Yahweh,"
      },
      {
        "book_name": "Micah",
        "book": 33,
        "chapter": 4,
        "verse": 13,
        "text": "and their substance to the Lord of the whole earth."
      }
    ],
    "5": [
      {
        "book_name": "Micah",
        "book": 33,
        "chapter": 5,
        "verse": 1,
        "text": "1Now you shall gather yourself in troops,daughter of troops.He has laid siege against us.They will strike the judge of Israel with a rod on the cheek.  2But you, Bethlehem Ephrathah,being small among the clans of Judah,out of you one will come out to me who is to be ruler in Israel;whose goings out are from of old, from ancient times.  3Therefore he will abandon them until the time that she who is in labor gives birth.Then the rest of his brothers will return to the children of Israel.  4He shall stand, and shall shepherd in the strength of Yahweh,in the majesty of the name of Yahweh his God.They will live, for then he will be great to the ends of the earth.  5He will be our peace when Assyria invades our landand when he marches through our fortresses,then we will raise against him seven shepherds,and eight leaders of men.  6They will rule the land of Assyria with the sword,and the land of Nimrod in its gates.He will deliver us from the Assyrian,when he invades our land,and when he marches within our border.  7The remnant of Jacob will be among many peopleslike dew from Yahweh,like showers on the grass,that don’t wait for mannor wait for the sons of men.  8The remnant of Jacob will be among the nations,among many peoples,like a lion among the animals of the forest,like a young lion among the flocks of sheep;who, if he goes through, treads down and tears in pieces,and there is no one to deliver.  9Let your hand be lifted up above your adversaries,and let all of your enemies be cut off.  10“It will happen in that day”, says Yahweh,“that I will cut off your horses from among youand will destroy your chariots.  11I will cut off the cities of your landand will tear down all your strongholds.  12I will destroy witchcraft from your hand.You shall have no soothsayers.  13I will cut off your engraved images and your pillars from among you;and you shall no more worship the work of your hands.  14I will uproot your Asherah poles from among you;and I will destroy your cities.  15I will execute vengeance in angerand wrath on the nations that didn’t listen.”"
      },
      {
        "book_name": "Micah",
        "book": 33,
        "chapter": 5,
        "verse": 1,
        "text": "Now you shall gather yourself in troops,"
      },
      {
        "book_name": "Micah",
        "book": 33,
        "chapter": 5,
        "verse": 1,
        "text": "daughter of troops."
      },
      {
        "book_name": "Micah",
        "book": 33,
        "chapter": 5,
        "verse": 1,
        "text": "He has laid siege against us."
      },
      {
        "book_name": "Micah",
        "book": 33,
        "chapter": 5,
        "verse": 1,
        "text": "They will strike the judge of Israel with a rod on the cheek."
      },
      {
        "book_name": "Micah",
        "book": 33,
        "chapter": 5,
        "verse": 2,
        "text": "But you, Bethlehem Ephrathah,"
      },
      {
        "book_name": "Micah",
        "book": 33,
        "chapter": 5,
        "verse": 2,
        "text": "being small among the clans of Judah,"
      },
      {
        "book_name": "Micah",
        "book": 33,
        "chapter": 5,
        "verse": 2,
        "text": "out of you one will come out to me who is to be ruler in Israel;"
      },
      {
        "book_name": "Micah",
        "book": 33,
        "chapter": 5,
        "verse": 2,
        "text": "whose goings out are from of old, from ancient times."
      },
      {
        "book_name": "Micah",
        "book": 33,
        "chapter": 5,
        "verse": 3,
        "text": "Therefore he will abandon them until the time that she who is in labor gives birth."
      },
      {
        "book_name": "Micah",
        "book": 33,
        "chapter": 5,
        "verse": 3,
        "text": "Then the rest of his brothers will return to the children of Israel."
      },
      {
        "book_name": "Micah",
        "book": 33,
        "chapter": 5,
        "verse": 4,
        "text": "He shall stand, and shall shepherd in the strength of Yahweh,"
      },
      {
        "book_name": "Micah",
        "book": 33,
        "chapter": 5,
        "verse": 4,
        "text": "in the majesty of the name of Yahweh his God."
      },
      {
        "book_name": "Micah",
        "book": 33,
        "chapter": 5,
        "verse": 4,
        "text": "They will live, for then he will be great to the ends of the earth."
      },
      {
        "book_name": "Micah",
        "book": 33,
        "chapter": 5,
        "verse": 5,
        "text": "He will be our peace when Assyria invades our land"
      },
      {
        "book_name": "Micah",
        "book": 33,
        "chapter": 5,
        "verse": 5,
        "text": "and when he marches through our fortresses,"
      },
      {
        "book_name": "Micah",
        "book": 33,
        "chapter": 5,
        "verse": 5,
        "text": "then we will raise against him seven shepherds,"
      },
      {
        "book_name": "Micah",
        "book": 33,
        "chapter": 5,
        "verse": 5,
        "text": "and eight leaders of men."
      },
      {
        "book_name": "Micah",
        "book": 33,
        "chapter": 5,
        "verse": 6,
        "text": "They will rule the land of Assyria with the sword,"
      },
      {
        "book_name": "Micah",
        "book": 33,
        "chapter": 5,
        "verse": 6,
        "text": "and the land of Nimrod in its gates."
      },
      {
        "book_name": "Micah",
        "book": 33,
        "chapter": 5,
        "verse": 6,
        "text": "He will deliver us from the Assyrian,"
      },
      {
        "book_name": "Micah",
        "book": 33,
        "chapter": 5,
        "verse": 6,
        "text": "when he invades our land,"
      },
      {
        "book_name": "Micah",
        "book": 33,
        "chapter": 5,
        "verse": 6,
        "text": "and when he marches within our border."
      },
      {
        "book_name": "Micah",
        "book": 33,
        "chapter": 5,
        "verse": 7,
        "text": "The remnant of Jacob will be among many peoples"
      },
      {
        "book_name": "Micah",
        "book": 33,
        "chapter": 5,
        "verse": 7,
        "text": "like dew from Yahweh,"
      },
      {
        "book_name": "Micah",
        "book": 33,
        "chapter": 5,
        "verse": 7,
        "text": "like showers on the grass,"
      },
      {
        "book_name": "Micah",
        "book": 33,
        "chapter": 5,
        "verse": 7,
        "text": "that don’t wait for man"
      },
      {
        "book_name": "Micah",
        "book": 33,
        "chapter": 5,
        "verse": 7,
        "text": "nor wait for the sons of men."
      },
      {
        "book_name": "Micah",
        "book": 33,
        "chapter": 5,
        "verse": 8,
        "text": "The remnant of Jacob will be among the nations,"
      },
      {
        "book_name": "Micah",
        "book": 33,
        "chapter": 5,
        "verse": 8,
        "text": "among many peoples,"
      },
      {
        "book_name": "Micah",
        "book": 33,
        "chapter": 5,
        "verse": 8,
        "text": "like a lion among the animals of the forest,"
      },
      {
        "book_name": "Micah",
        "book": 33,
        "chapter": 5,
        "verse": 8,
        "text": "like a young lion among the flocks of sheep;"
      },
      {
        "book_name": "Micah",
        "book": 33,
        "chapter": 5,
        "verse": 8,
        "text": "who, if he goes through, treads down and tears in pieces,"
      },
      {
        "book_name": "Micah",
        "book": 33,
        "chapter": 5,
        "verse": 8,
        "text": "and there is no one to deliver."
      },
      {
        "book_name": "Micah",
        "book": 33,
        "chapter": 5,
        "verse": 9,
        "text": "Let your hand be lifted up above your adversaries,"
      },
      {
        "book_name": "Micah",
        "book": 33,
        "chapter": 5,
        "verse": 9,
        "text": "and let all of your enemies be cut off."
      },
      {
        "book_name": "Micah",
        "book": 33,
        "chapter": 5,
        "verse": 10,
        "text": "“It will happen in that day”, says Yahweh,"
      },
      {
        "book_name": "Micah",
        "book": 33,
        "chapter": 5,
        "verse": 10,
        "text": "“that I will cut off your horses from among you"
      },
      {
        "book_name": "Micah",
        "book": 33,
        "chapter": 5,
        "verse": 10,
        "text": "and will destroy your chariots."
      },
      {
        "book_name": "Micah",
        "book": 33,
        "chapter": 5,
        "verse": 11,
        "text": "I will cut off the cities of your land"
      },
      {
        "book_name": "Micah",
        "book": 33,
        "chapter": 5,
        "verse": 11,
        "text": "and will tear down all your strongholds."
      },
      {
        "book_name": "Micah",
        "book": 33,
        "chapter": 5,
        "verse": 12,
        "text": "I will destroy witchcraft from your hand."
      },
      {
        "book_name": "Micah",
        "book": 33,
        "chapter": 5,
        "verse": 12,
        "text": "You shall have no soothsayers."
      },
      {
        "book_name": "Micah",
        "book": 33,
        "chapter": 5,
        "verse": 13,
        "text": "I will cut off your engraved images and your pillars from among you;"
      },
      {
        "book_name": "Micah",
        "book": 33,
        "chapter": 5,
        "verse": 13,
        "text": "and you shall no more worship the work of your hands."
      },
      {
        "book_name": "Micah",
        "book": 33,
        "chapter": 5,
        "verse": 14,
        "text": "I will uproot your Asherah poles from among you;"
      },
      {
        "book_name": "Micah",
        "book": 33,
        "chapter": 5,
        "verse": 14,
        "text": "and I will destroy your cities."
      },
      {
        "book_name": "Micah",
        "book": 33,
        "chapter": 5,
        "verse": 15,
        "text": "I will execute vengeance in anger"
      },
      {
        "book_name": "Micah",
        "book": 33,
        "chapter": 5,
        "verse": 15,
        "text": "and wrath on the nations that didn’t listen.”"
      }
    ],
    "6": [
      {
        "book_name": "Micah",
        "book": 33,
        "chapter": 6,
        "verse": 1,
        "text": "1Listen now to what Yahweh says:“Arise, plead your case before the mountains,and let the hills hear what you have to say.  2Hear, you mountains, Yahweh’s indictment,and you enduring foundations of the earth;for Yahweh has a case against his people,and he will contend with Israel.  3My people, what have I done to you?How have I burdened you?Answer me!  4For I brought you up out of the land of Egypt,and redeemed you out of the house of bondage.I sent before you Moses, Aaron, and Miriam.  5My people, remember now what Balak king of Moab devised,and what Balaam the son of Beor answered him from Shittim to Gilgal,that you may know the righteous acts of Yahweh.”  6How shall I come before Yahweh,and bow myself before the exalted God?Shall I come before him with burnt offerings,with calves a year old?  7Will Yahweh be pleased with thousands of rams?With tens of thousands of rivers of oil?Shall I give my firstborn for my disobedience?The fruit of my body for the sin of my soul?  8He has shown you, O man, what is good.What does Yahweh require of you, but to act justly,to love mercy, and to walk humbly with your God?  9Yahweh’s voice calls to the city—and wisdom fears your name—“Listen to the rod,and he who appointed it.  10Are there yet treasures of wickedness in the house of the wicked,and a short ephah#6:10 An ephah is a measure of volume (about 22 liters or about 2/3 of a bushel), and a short ephah is made smaller than a full ephah for the purpose of cheating customers. that is accursed?  11Shall I tolerate dishonest scales,and a bag of deceitful weights?  12Her rich men are full of violence,her inhabitants speak lies,and their tongue is deceitful in their speech.  13Therefore I also have struck you with a grievous wound.I have made you desolate because of your sins.  14You shall eat, but not be satisfied.Your hunger will be within you.You will store up, but not save,and that which you save I will give up to the sword.  15You will sow, but won’t reap.You will tread the olives, but won’t anoint yourself with oil;and crush grapes, but won’t drink the wine.  16For the statutes of Omri are kept,and all the works of Ahab’s house.You walk in their counsels,that I may make you a ruin,and your inhabitants a hissing.You will bear the reproach of my people.”"
      },
      {
        "book_name": "Micah",
        "book": 33,
        "chapter": 6,
        "verse": 1,
        "text": "Listen now to what Yahweh says:"
      },
      {
        "book_name": "Micah",
        "book": 33,
        "chapter": 6,
        "verse": 1,
        "text": "“Arise, plead your case before the mountains,"
      },
      {
        "book_name": "Micah",
        "book": 33,
        "chapter": 6,
        "verse": 1,
        "text": "and let the hills hear what you have to say."
      },
      {
        "book_name": "Micah",
        "book": 33,
        "chapter": 6,
        "verse": 2,
        "text": "Hear, you mountains, Yahweh’s indictment,"
      },
      {
        "book_name": "Micah",
        "book": 33,
        "chapter": 6,
        "verse": 2,
        "text": "and you enduring foundations of the earth;"
      },
      {
        "book_name": "Micah",
        "book": 33,
        "chapter": 6,
        "verse": 2,
        "text": "for Yahweh has a case against his people,"
      },
      {
        "book_name": "Micah",
        "book": 33,
        "chapter": 6,
        "verse": 2,
        "text": "and he will contend with Israel."
      },
      {
        "book_name": "Micah",
        "book": 33,
        "chapter": 6,
        "verse": 3,
        "text": "My people, what have I done to you?"
      },
      {
        "book_name": "Micah",
        "book": 33,
        "chapter": 6,
        "verse": 3,
        "text": "How have I burdened you?"
      },
      {
        "book_name": "Micah",
        "book": 33,
        "chapter": 6,
        "verse": 3,
        "text": "Answer me!"
      },
      {
        "book_name": "Micah",
        "book": 33,
        "chapter": 6,
        "verse": 4,
        "text": "For I brought you up out of the land of Egypt,"
      },
      {
        "book_name": "Micah",
        "book": 33,
        "chapter": 6,
        "verse": 4,
        "text": "and redeemed you out of the house of bondage."
      },
      {
        "book_name": "Micah",
        "book": 33,
        "chapter": 6,
        "verse": 4,
        "text": "I sent before you Moses, Aaron, and Miriam."
      },
      {
        "book_name": "Micah",
        "book": 33,
        "chapter": 6,
        "verse": 5,
        "text": "My people, remember now what Balak king of Moab devised,"
      },
      {
        "book_name": "Micah",
        "book": 33,
        "chapter": 6,
        "verse": 5,
        "text": "and what Balaam the son of Beor answered him from Shittim to Gilgal,"
      },
      {
        "book_name": "Micah",
        "book": 33,
        "chapter": 6,
        "verse": 5,
        "text": "that you may know the righteous acts of Yahweh.”"
      },
      {
        "book_name": "Micah",
        "book": 33,
        "chapter": 6,
        "verse": 6,
        "text": "How shall I come before Yahweh,"
      },
      {
        "book_name": "Micah",
        "book": 33,
        "chapter": 6,
        "verse": 6,
        "text": "and bow myself before the exalted God?"
      },
      {
        "book_name": "Micah",
        "book": 33,
        "chapter": 6,
        "verse": 6,
        "text": "Shall I come before him with burnt offerings,"
      },
      {
        "book_name": "Micah",
        "book": 33,
        "chapter": 6,
        "verse": 6,
        "text": "with calves a year old?"
      },
      {
        "book_name": "Micah",
        "book": 33,
        "chapter": 6,
        "verse": 7,
        "text": "Will Yahweh be pleased with thousands of rams?"
      },
      {
        "book_name": "Micah",
        "book": 33,
        "chapter": 6,
        "verse": 7,
        "text": "With tens of thousands of rivers of oil?"
      },
      {
        "book_name": "Micah",
        "book": 33,
        "chapter": 6,
        "verse": 7,
        "text": "Shall I give my firstborn for my disobedience?"
      },
      {
        "book_name": "Micah",
        "book": 33,
        "chapter": 6,
        "verse": 7,
        "text": "The fruit of my body for the sin of my soul?"
      },
      {
        "book_name": "Micah",
        "book": 33,
        "chapter": 6,
        "verse": 8,
        "text": "He has shown you, O man, what is good."
      },
      {
        "book_name": "Micah",
        "book": 33,
        "chapter": 6,
        "verse": 8,
        "text": "What does Yahweh require of you, but to act justly,"
      },
      {
        "book_name": "Micah",
        "book": 33,
        "chapter": 6,
        "verse": 8,
        "text": "to love mercy, and to walk humbly with your God?"
      },
      {
        "book_name": "Micah",
        "book": 33,
        "chapter": 6,
        "verse": 9,
        "text": "Yahweh’s voice calls to the city—"
      },
      {
        "book_name": "Micah",
        "book": 33,
        "chapter": 6,
        "verse": 9,
        "text": "and wisdom fears your name—"
      },
      {
        "book_name": "Micah",
        "book": 33,
        "chapter": 6,
        "verse": 9,
        "text": "“Listen to the rod,"
      },
      {
        "book_name": "Micah",
        "book": 33,
        "chapter": 6,
        "verse": 9,
        "text": "and he who appointed it."
      },
      {
        "book_name": "Micah",
        "book": 33,
        "chapter": 6,
        "verse": 10,
        "text": "Are there yet treasures of wickedness in the house of the wicked,"
      },
      {
        "book_name": "Micah",
        "book": 33,
        "chapter": 6,
        "verse": 10,
        "text": "and a short ephah#6:10 An ephah is a measure of volume (about 22 liters or about 2/3 of a bushel), and a short ephah is made smaller than a full ephah for the purpose of cheating customers. that is accursed?"
      },
      {
        "book_name": "Micah",
        "book": 33,
        "chapter": 6,
        "verse": 11,
        "text": "Shall I tolerate dishonest scales,"
      },
      {
        "book_name": "Micah",
        "book": 33,
        "chapter": 6,
        "verse": 11,
        "text": "and a bag of deceitful weights?"
      },
      {
        "book_name": "Micah",
        "book": 33,
        "chapter": 6,
        "verse": 12,
        "text": "Her rich men are full of violence,"
      },
      {
        "book_name": "Micah",
        "book": 33,
        "chapter": 6,
        "verse": 12,
        "text": "her inhabitants speak lies,"
      },
      {
        "book_name": "Micah",
        "book": 33,
        "chapter": 6,
        "verse": 12,
        "text": "and their tongue is deceitful in their speech."
      },
      {
        "book_name": "Micah",
        "book": 33,
        "chapter": 6,
        "verse": 13,
        "text": "Therefore I also have struck you with a grievous wound."
      },
      {
        "book_name": "Micah",
        "book": 33,
        "chapter": 6,
        "verse": 13,
        "text": "I have made you desolate because of your sins."
      },
      {
        "book_name": "Micah",
        "book": 33,
        "chapter": 6,
        "verse": 14,
        "text": "You shall eat, but not be satisfied."
      },
      {
        "book_name": "Micah",
        "book": 33,
        "chapter": 6,
        "verse": 14,
        "text": "Your hunger will be within you."
      },
      {
        "book_name": "Micah",
        "book": 33,
        "chapter": 6,
        "verse": 14,
        "text": "You will store up, but not save,"
      },
      {
        "book_name": "Micah",
        "book": 33,
        "chapter": 6,
        "verse": 14,
        "text": "and that which you save I will give up to the sword."
      },
      {
        "book_name": "Micah",
        "book": 33,
        "chapter": 6,
        "verse": 15,
        "text": "You will sow, but won’t reap."
      },
      {
        "book_name": "Micah",
        "book": 33,
        "chapter": 6,
        "verse": 15,
        "text": "You will tread the olives, but won’t anoint yourself with oil;"
      },
      {
        "book_name": "Micah",
        "book": 33,
        "chapter": 6,
        "verse": 15,
        "text": "and crush grapes, but won’t drink the wine."
      },
      {
        "book_name": "Micah",
        "book": 33,
        "chapter": 6,
        "verse": 16,
        "text": "For the statutes of Omri are kept,"
      },
      {
        "book_name": "Micah",
        "book": 33,
        "chapter": 6,
        "verse": 16,
        "text": "and all the works of Ahab’s house."
      },
      {
        "book_name": "Micah",
        "book": 33,
        "chapter": 6,
        "verse": 16,
        "text": "You walk in their counsels,"
      },
      {
        "book_name": "Micah",
        "book": 33,
        "chapter": 6,
        "verse": 16,
        "text": "that I may make you a ruin,"
      },
      {
        "book_name": "Micah",
        "book": 33,
        "chapter": 6,
        "verse": 16,
        "text": "and your inhabitants a hissing."
      },
      {
        "book_name": "Micah",
        "book": 33,
        "chapter": 6,
        "verse": 16,
        "text": "You will bear the reproach of my people.”"
      }
    ],
    "7": [
      {
        "book_name": "Micah",
        "book": 33,
        "chapter": 7,
        "verse": 1,
        "text": "1Misery is mine!Indeed, I am like one who gathers the summer fruits, as gleanings of the vineyard.There is no cluster of grapes to eat.My soul desires to eat the early fig.  2The godly man has perished out of the earth,and there is no one upright among men.They all lie in wait for blood;every man hunts his brother with a net.  3Their hands are on that which is evil to do it diligently.The ruler and judge ask for a bribe.The powerful man dictates the evil desire of his soul.Thus they conspire together.  4The best of them is like a brier.The most upright is worse than a thorn hedge.The day of your watchmen,even your visitation, has come;now is the time of their confusion.  5Don’t trust in a neighbor.Don’t put confidence in a friend.With the woman lying in your embrace,be careful of the words of your mouth!  6For the son dishonors the father,the daughter rises up against her mother,the daughter-in-law against her mother-in-law;a man’s enemies are the men of his own house.  7But as for me, I will look to Yahweh.I will wait for the God of my salvation.My God will hear me.  8Don’t rejoice against me, my enemy.When I fall, I will arise.When I sit in darkness, Yahweh will be a light to me.  9I will bear the indignation of Yahweh,because I have sinned against him,until he pleads my case and executes judgment for me.He will bring me out to the light.I will see his righteousness.  10Then my enemy will see it,and shame will cover her who said to me,“Where is Yahweh your God?”My eyes will see her.Now she will be trodden down like the mire of the streets.  11A day to build your walls!In that day, he will extend your boundary.  12In that day they will come to you from Assyria and the cities of Egypt,and from Egypt even to the River,and from sea to sea,and mountain to mountain.  13Yet the land will be desolate because of those who dwell therein,for the fruit of their doings.  14Shepherd your people with your staff,the flock of your heritage,who dwell by themselves in a forest.Let them feed in the middle of fertile pasture land,in Bashan and Gilead, as in the days of old.  15“As in the days of your coming out of the land of Egypt,I will show them marvelous things.”  16The nations will see and be ashamed of all their might.They will lay their hand on their mouth.Their ears will be deaf.  17They will lick the dust like a serpent.Like crawling things of the earth, they will come trembling out of their dens.They will come with fear to Yahweh our God,and will be afraid because of you.  18Who is a God like you, who pardons iniquity,and passes over the disobedience of the remnant of his heritage?He doesn’t retain his anger forever,because he delights in loving kindness.  19He will again have compassion on us.He will tread our iniquities under foot.You will cast all their sins into the depths of the sea.  20You will give truth to Jacob,and mercy to Abraham,as you have sworn to our fathers from the days of old."
      },
      {
        "book_name": "Micah",
        "book": 33,
        "chapter": 7,
        "verse": 1,
        "text": "Misery is mine!"
      },
      {
        "book_name": "Micah",
        "book": 33,
        "chapter": 7,
        "verse": 1,
        "text": "Indeed, I am like one who gathers the summer fruits, as gleanings of the vineyard."
      },
      {
        "book_name": "Micah",
        "book": 33,
        "chapter": 7,
        "verse": 1,
        "text": "There is no cluster of grapes to eat."
      },
      {
        "book_name": "Micah",
        "book": 33,
        "chapter": 7,
        "verse": 1,
        "text": "My soul desires to eat the early fig."
      },
      {
        "book_name": "Micah",
        "book": 33,
        "chapter": 7,
        "verse": 2,
        "text": "The godly man has perished out of the earth,"
      },
      {
        "book_name": "Micah",
        "book": 33,
        "chapter": 7,
        "verse": 2,
        "text": "and there is no one upright among men."
      },
      {
        "book_name": "Micah",
        "book": 33,
        "chapter": 7,
        "verse": 2,
        "text": "They all lie in wait for blood;"
      },
      {
        "book_name": "Micah",
        "book": 33,
        "chapter": 7,
        "verse": 2,
        "text": "every man hunts his brother with a net."
      },
      {
        "book_name": "Micah",
        "book": 33,
        "chapter": 7,
        "verse": 3,
        "text": "Their hands are on that which is evil to do it diligently."
      },
      {
        "book_name": "Micah",
        "book": 33,
        "chapter": 7,
        "verse": 3,
        "text": "The ruler and judge ask for a bribe."
      },
      {
        "book_name": "Micah",
        "book": 33,
        "chapter": 7,
        "verse": 3,
        "text": "The powerful man dictates the evil desire of his soul."
      },
      {
        "book_name": "Micah",
        "book": 33,
        "chapter": 7,
        "verse": 3,
        "text": "Thus they conspire together."
      },
      {
        "book_name": "Micah",
        "book": 33,
        "chapter": 7,
        "verse": 4,
        "text": "The best of them is like a brier."
      },
      {
        "book_name": "Micah",
        "book": 33,
        "chapter": 7,
        "verse": 4,
        "text": "The most upright is worse than a thorn hedge."
      },
      {
        "book_name": "Micah",
        "book": 33,
        "chapter": 7,
        "verse": 4,
        "text": "The day of your watchmen,"
      },
      {
        "book_name": "Micah",
        "book": 33,
        "chapter": 7,
        "verse": 4,
        "text": "even your visitation, has come;"
      },
      {
        "book_name": "Micah",
        "book": 33,
        "chapter": 7,
        "verse": 4,
        "text": "now is the time of their confusion."
      },
      {
        "book_name": "Micah",
        "book": 33,
        "chapter": 7,
        "verse": 5,
        "text": "Don’t trust in a neighbor."
      },
      {
        "book_name": "Micah",
        "book": 33,
        "chapter": 7,
        "verse": 5,
        "text": "Don’t put confidence in a friend."
      },
      {
        "book_name": "Micah",
        "book": 33,
        "chapter": 7,
        "verse": 5,
        "text": "With the woman lying in your embrace,"
      },
      {
        "book_name": "Micah",
        "book": 33,
        "chapter": 7,
        "verse": 5,
        "text": "be careful of the words of your mouth!"
      },
      {
        "book_name": "Micah",
        "book": 33,
        "chapter": 7,
        "verse": 6,
        "text": "For the son dishonors the father,"
      },
      {
        "book_name": "Micah",
        "book": 33,
        "chapter": 7,
        "verse": 6,
        "text": "the daughter rises up against her mother,"
      },
      {
        "book_name": "Micah",
        "book": 33,
        "chapter": 7,
        "verse": 6,
        "text": "the daughter-in-law against her mother-in-law;"
      },
      {
        "book_name": "Micah",
        "book": 33,
        "chapter": 7,
        "verse": 6,
        "text": "a man’s enemies are the men of his own house."
      },
      {
        "book_name": "Micah",
        "book": 33,
        "chapter": 7,
        "verse": 7,
        "text": "But as for me, I will look to Yahweh."
      },
      {
        "book_name": "Micah",
        "book": 33,
        "chapter": 7,
        "verse": 7,
        "text": "I will wait for the God of my salvation."
      },
      {
        "book_name": "Micah",
        "book": 33,
        "chapter": 7,
        "verse": 7,
        "text": "My God will hear me."
      },
      {
        "book_name": "Micah",
        "book": 33,
        "chapter": 7,
        "verse": 8,
        "text": "Don’t rejoice against me, my enemy."
      },
      {
        "book_name": "Micah",
        "book": 33,
        "chapter": 7,
        "verse": 8,
        "text": "When I fall, I will arise."
      },
      {
        "book_name": "Micah",
        "book": 33,
        "chapter": 7,
        "verse": 8,
        "text": "When I sit in darkness, Yahweh will be a light to me."
      },
      {
        "book_name": "Micah",
        "book": 33,
        "chapter": 7,
        "verse": 9,
        "text": "I will bear the indignation of Yahweh,"
      },
      {
        "book_name": "Micah",
        "book": 33,
        "chapter": 7,
        "verse": 9,
        "text": "because I have sinned against him,"
      },
      {
        "book_name": "Micah",
        "book": 33,
        "chapter": 7,
        "verse": 9,
        "text": "until he pleads my case and executes judgment for me."
      },
      {
        "book_name": "Micah",
        "book": 33,
        "chapter": 7,
        "verse": 9,
        "text": "He will bring me out to the light."
      },
      {
        "book_name": "Micah",
        "book": 33,
        "chapter": 7,
        "verse": 9,
        "text": "I will see his righteousness."
      },
      {
        "book_name": "Micah",
        "book": 33,
        "chapter": 7,
        "verse": 10,
        "text": "Then my enemy will see it,"
      },
      {
        "book_name": "Micah",
        "book": 33,
        "chapter": 7,
        "verse": 10,
        "text": "and shame will cover her who said to me,"
      },
      {
        "book_name": "Micah",
        "book": 33,
        "chapter": 7,
        "verse": 10,
        "text": "“Where is Yahweh your God?”"
      },
      {
        "book_name": "Micah",
        "book": 33,
        "chapter": 7,
        "verse": 10,
        "text": "My eyes will see her."
      },
      {
        "book_name": "Micah",
        "book": 33,
        "chapter": 7,
        "verse": 10,
        "text": "Now she will be trodden down like the mire of the streets."
      },
      {
        "book_name": "Micah",
        "book": 33,
        "chapter": 7,
        "verse": 11,
        "text": "A day to build your walls!"
      },
      {
        "book_name": "Micah",
        "book": 33,
        "chapter": 7,
        "verse": 11,
        "text": "In that day, he will extend your boundary."
      },
      {
        "book_name": "Micah",
        "book": 33,
        "chapter": 7,
        "verse": 12,
        "text": "In that day they will come to you from Assyria and the cities of Egypt,"
      },
      {
        "book_name": "Micah",
        "book": 33,
        "chapter": 7,
        "verse": 12,
        "text": "and from Egypt even to the River,"
      },
      {
        "book_name": "Micah",
        "book": 33,
        "chapter": 7,
        "verse": 12,
        "text": "and from sea to sea,"
      },
      {
        "book_name": "Micah",
        "book": 33,
        "chapter": 7,
        "verse": 12,
        "text": "and mountain to mountain."
      },
      {
        "book_name": "Micah",
        "book": 33,
        "chapter": 7,
        "verse": 13,
        "text": "Yet the land will be desolate because of those who dwell therein,"
      },
      {
        "book_name": "Micah",
        "book": 33,
        "chapter": 7,
        "verse": 13,
        "text": "for the fruit of their doings."
      },
      {
        "book_name": "Micah",
        "book": 33,
        "chapter": 7,
        "verse": 14,
        "text": "Shepherd your people with your staff,"
      },
      {
        "book_name": "Micah",
        "book": 33,
        "chapter": 7,
        "verse": 14,
        "text": "the flock of your heritage,"
      },
      {
        "book_name": "Micah",
        "book": 33,
        "chapter": 7,
        "verse": 14,
        "text": "who dwell by themselves in a forest."
      },
      {
        "book_name": "Micah",
        "book": 33,
        "chapter": 7,
        "verse": 14,
        "text": "Let them feed in the middle of fertile pasture land,"
      },
      {
        "book_name": "Micah",
        "book": 33,
        "chapter": 7,
        "verse": 14,
        "text": "in Bashan and Gilead, as in the days of old."
      },
      {
        "book_name": "Micah",
        "book": 33,
        "chapter": 7,
        "verse": 15,
        "text": "“As in the days of your coming out of the land of Egypt,"
      },
      {
        "book_name": "Micah",
        "book": 33,
        "chapter": 7,
        "verse": 15,
        "text": "I will show them marvelous things.”"
      },
      {
        "book_name": "Micah",
        "book": 33,
        "chapter": 7,
        "verse": 16,
        "text": "The nations will see and be ashamed of all their might."
      },
      {
        "book_name": "Micah",
        "book": 33,
        "chapter": 7,
        "verse": 16,
        "text": "They will lay their hand on their mouth."
      },
      {
        "book_name": "Micah",
        "book": 33,
        "chapter": 7,
        "verse": 16,
        "text": "Their ears will be deaf."
      },
      {
        "book_name": "Micah",
        "book": 33,
        "chapter": 7,
        "verse": 17,
        "text": "They will lick the dust like a serpent."
      },
      {
        "book_name": "Micah",
        "book": 33,
        "chapter": 7,
        "verse": 17,
        "text": "Like crawling things of the earth, they will come trembling out of their dens."
      },
      {
        "book_name": "Micah",
        "book": 33,
        "chapter": 7,
        "verse": 17,
        "text": "They will come with fear to Yahweh our God,"
      },
      {
        "book_name": "Micah",
        "book": 33,
        "chapter": 7,
        "verse": 17,
        "text": "and will be afraid because of you."
      },
      {
        "book_name": "Micah",
        "book": 33,
        "chapter": 7,
        "verse": 18,
        "text": "Who is a God like you, who pardons iniquity,"
      },
      {
        "book_name": "Micah",
        "book": 33,
        "chapter": 7,
        "verse": 18,
        "text": "and passes over the disobedience of the remnant of his heritage?"
      },
      {
        "book_name": "Micah",
        "book": 33,
        "chapter": 7,
        "verse": 18,
        "text": "He doesn’t retain his anger forever,"
      },
      {
        "book_name": "Micah",
        "book": 33,
        "chapter": 7,
        "verse": 18,
        "text": "because he delights in loving kindness."
      },
      {
        "book_name": "Micah",
        "book": 33,
        "chapter": 7,
        "verse": 19,
        "text": "He will again have compassion on us."
      },
      {
        "book_name": "Micah",
        "book": 33,
        "chapter": 7,
        "verse": 19,
        "text": "He will tread our iniquities under foot."
      },
      {
        "book_name": "Micah",
        "book": 33,
        "chapter": 7,
        "verse": 19,
        "text": "You will cast all their sins into the depths of the sea."
      },
      {
        "book_name": "Micah",
        "book": 33,
        "chapter": 7,
        "verse": 20,
        "text": "You will give truth to Jacob,"
      },
      {
        "book_name": "Micah",
        "book": 33,
        "chapter": 7,
        "verse": 20,
        "text": "and mercy to Abraham,"
      },
      {
        "book_name": "Micah",
        "book": 33,
        "chapter": 7,
        "verse": 20,
        "text": "as you have sworn to our fathers from the days of old."
      }
    ]
  }
}