{
  "source": "bible.com",
  "version": "World English Bible",
  "book": "Nahum",
  "chapters": {
    "1": [
      {
        "book_name": "Nahum",
        "book": 34,
        "chapter": 1,
        "verse": 1,
        "text": "1A revelation about Nineveh. The book of the vision of Nahum the Elkoshite. 2Yahweh#1:2 “Yahweh” is God’s proper Name, sometimes rendered “Lord” (all caps) in other translations. is a jealous God#1:2 The Hebrew word rendered “God” is “אֱלֹהִ֑ים” (Elohim). and avenges. Yahweh avenges and is full of wrath. Yahweh takes vengeance on his adversaries, and he maintains wrath against his enemies. 3Yahweh is slow to anger, and great in power, and will by no means leave the guilty unpunished. Yahweh has his way in the whirlwind and in the storm, and the clouds are the dust of his feet. 4He rebukes the sea and makes it dry, and dries up all the rivers. Bashan and Carmel languish. The flower of Lebanon languishes. 5The mountains quake before him, and the hills melt away. The earth trembles at his presence, yes, the world, and all who dwell in it. 6Who can stand before his indignation? Who can endure the fierceness of his anger? His wrath is poured out like fire, and the rocks are broken apart by him. 7Yahweh is good, a stronghold in the day of trouble; and he knows those who take refuge in him. 8But with an overflowing flood, he will make a full end of her place, and will pursue his enemies into darkness. 9What do you plot against Yahweh? He will make a full end. Affliction won’t rise up the second time. 10For entangled like thorns, and drunken as with their drink, they are consumed utterly like dry stubble. 11One has gone out of you who devises evil against Yahweh, who counsels wickedness.  12Yahweh says: “Though they are in full strength and likewise many, even so they will be cut down and pass away. Though I have afflicted you, I will afflict you no more. 13Now I will break his yoke from off you, and will burst your bonds apart.”  14Yahweh has commanded concerning you: “No more descendants will bear your name. Out of the house of your gods, I will cut off the engraved image and the molten image. I will make your grave, for you are vile.”  15Behold,#1:15 “Behold”, from “הִנֵּה”, means look at, take notice, observe, see, or gaze at. It is often used as an interjection. on the mountains the feet of him who brings good news, who publishes peace! Keep your feasts, Judah! Perform your vows, for the wicked one will no more pass through you. He is utterly cut off."
      },
      {
        "book_name": "Nahum",
        "book": 34,
        "chapter": 1,
        "verse": 1,
        "text": "A revelation about Nineveh. The book of the vision of Nahum the Elkoshite."
      },
      {
        "book_name": "Nahum",
        "book": 34,
        "chapter": 1,
        "verse": 2,
        "text": "Yahweh#1:2 “Yahweh” is God’s proper Name, sometimes rendered “Lord” (all caps) in other translations. is a jealous God#1:2 The Hebrew word rendered “God” is “אֱלֹהִ֑ים” (Elohim). and avenges. Yahweh avenges and is full of wrath. Yahweh takes vengeance on his adversaries, and he maintains wrath against his enemies."
      },
      {
        "book_name": "Nahum",
        "book": 34,
        "chapter": 1,
        "verse": 3,
        "text": "Yahweh is slow to anger, and great in power, and will by no means leave the guilty unpunished. Yahweh has his way in the whirlwind and in the storm, and the clouds are the dust of his feet."
      },
      {
        "book_name": "Nahum",
        "book": 34,
        "chapter": 1,
        "verse": 4,
        "text": "He rebukes the sea and makes it dry, and dries up all the rivers. Bashan and Carmel languish. The flower of Lebanon languishes."
      },
      {
        "book_name": "Nahum",
        "book": 34,
        "chapter": 1,
        "verse": 5,
        "text": "The mountains quake before him, and the hills melt away. The earth trembles at his presence, yes, the world, and all who dwell in it."
      },
      {
        "book_name": "Nahum",
        "book": 34,
        "chapter": 1,
        "verse": 6,
        "text": "Who can stand before his indignation? Who can endure the fierceness of his anger? His wrath is poured out like fire, and the rocks are broken apart by him."
      },
      {
        "book_name": "Nahum",
        "book": 34,
        "chapter": 1,
        "verse": 7,
        "text": "Yahweh is good, a stronghold in the day of trouble; and he knows those who take refuge in him."
      },
      {
        "book_name": "Nahum",
        "book": 34,
        "chapter": 1,
        "verse": 8,
        "text": "But with an overflowing flood, he will make a full end of her place, and will pursue his enemies into darkness."
      },
      {
        "book_name": "Nahum",
        "book": 34,
        "chapter": 1,
        "verse": 9,
        "text": "What do you plot against Yahweh? He will make a full end. Affliction won’t rise up the second time."
      },
      {
        "book_name": "Nahum",
        "book": 34,
        "chapter": 1,
        "verse": 10,
        "text": "For entangled like thorns, and drunken as with their drink, they are consumed utterly like dry stubble."
      },
      {
        "book_name": "Nahum",
        "book": 34,
        "chapter": 1,
        "verse": 11,
        "text": "One has gone out of you who devises evil against Yahweh, who counsels wickedness."
      },
      {
        "book_name": "Nahum",
        "book": 34,
        "chapter": 1,
        "verse": 12,
        "text": "Yahweh says: “Though they are in full strength and likewise many, even so they will be cut down and pass away. Though I have afflicted you, I will afflict you no more."
      },
      {
        "book_name": "Nahum",
        "book": 34,
        "chapter": 1,
        "verse": 13,
        "text": "Now I will break his yoke from off you, and will burst your bonds apart.”"
      },
      {
        "book_name": "Nahum",
        "book": 34,
        "chapter": 1,
        "verse": 14,
        "text": "Yahweh has commanded concerning you: “No more descendants will bear your name. Out of the house of your gods, I will cut off the engraved image and the molten image. I will make your grave, for you are vile.”"
      },
      {
        "book_name": "Nahum",
        "book": 34,
        "chapter": 1,
        "verse": 15,
        "text": "Behold,#1:15 “Behold”, from “הִנֵּה”, means look at, take notice, observe, see, or gaze at. It is often used as an interjection. on the mountains the feet of him who brings good news, who publishes peace! Keep your feasts, Judah! Perform your vows, for the wicked one will no more pass through you. He is utterly cut off."
      }
    ],
    "2": [
      {
        "book_name": "Nahum",
        "book": 34,
        "chapter": 2,
        "verse": 1,
        "text": "1He who dashes in pieces has come up against you. Keep the fortress! Watch the way! Strengthen your waist! Fortify your power mightily!  2For Yahweh restores the excellency of Jacob as the excellency of Israel, for the destroyers have destroyed them and ruined their vine branches.  3The shield of his mighty men is made red. The valiant men are in scarlet. The chariots flash with steel in the day of his preparation, and the pine spears are brandished. 4The chariots rage in the streets. They rush back and forth in the wide ways. Their appearance is like torches. They run like the lightnings. 5He summons his picked troops. They stumble on their way. They dash to its wall, and the protective shield is put in place. 6The gates of the rivers are opened, and the palace is dissolved. 7It is decreed: she is uncovered, she is carried away; and her servants moan as with the voice of doves, beating on their breasts. 8But Nineveh has been from of old like a pool of water, yet they flee away. “Stop! Stop!” they cry, but no one looks back. 9Take the plunder of silver. Take the plunder of gold, for there is no end of treasure, an abundance of every precious thing. 10She is empty, void, and waste. The heart melts, the knees knock together, their bodies and faces have grown pale. 11Where is the den of the lions, and the feeding place of the young lions, where the lion and the lioness walked with the lion’s cubs, and no one made them afraid? 12The lion tore in pieces enough for his cubs, and strangled prey for his lionesses, and filled his caves with the kill and his dens with prey. 13“Behold, I am against you,” says Yahweh of Armies, “and I will burn her chariots in the smoke, and the sword will devour your young lions; and I will cut off your prey from the earth, and the voice of your messengers will no longer be heard.”"
      },
      {
        "book_name": "Nahum",
        "book": 34,
        "chapter": 2,
        "verse": 1,
        "text": "He who dashes in pieces has come up against you. Keep the fortress! Watch the way! Strengthen your waist! Fortify your power mightily!"
      },
      {
        "book_name": "Nahum",
        "book": 34,
        "chapter": 2,
        "verse": 2,
        "text": "For Yahweh restores the excellency of Jacob as the excellency of Israel, for the destroyers have destroyed them and ruined their vine branches."
      },
      {
        "book_name": "Nahum",
        "book": 34,
        "chapter": 2,
        "verse": 3,
        "text": "The shield of his mighty men is made red. The valiant men are in scarlet. The chariots flash with steel in the day of his preparation, and the pine spears are brandished."
      },
      {
        "book_name": "Nahum",
        "book": 34,
        "chapter": 2,
        "verse": 4,
        "text": "The chariots rage in the streets. They rush back and forth in the wide ways. Their appearance is like torches. They run like the lightnings."
      },
      {
        "book_name": "Nahum",
        "book": 34,
        "chapter": 2,
        "verse": 5,
        "text": "He summons his picked troops. They stumble on their way. They dash to its wall, and the protective shield is put in place."
      },
      {
        "book_name": "Nahum",
        "book": 34,
        "chapter": 2,
        "verse": 6,
        "text": "The gates of the rivers are opened, and the palace is dissolved."
      },
      {
        "book_name": "Nahum",
        "book": 34,
        "chapter": 2,
        "verse": 7,
        "text": "It is decreed: she is uncovered, she is carried away; and her servants moan as with the voice of doves, beating on their breasts."
      },
      {
        "book_name": "Nahum",
        "book": 34,
        "chapter": 2,
        "verse": 8,
        "text": "But Nineveh has been from of old like a pool of water, yet they flee away. “Stop! Stop!” they cry, but no one looks back."
      },
      {
        "book_name": "Nahum",
        "book": 34,
        "chapter": 2,
        "verse": 9,
        "text": "Take the plunder of silver. Take the plunder of gold, for there is no end of treasure, an abundance of every precious thing."
      },
      {
        "book_name": "Nahum",
        "book": 34,
        "chapter": 2,
        "verse": 10,
        "text": "She is empty, void, and waste. The heart melts, the knees knock together, their bodies and faces have grown pale."
      },
      {
        "book_name": "Nahum",
        "book": 34,
        "chapter": 2,
        "verse": 11,
        "text": "Where is the den of the lions, and the feeding place of the young lions, where the lion and the lioness walked with the lion’s cubs, and no one made them afraid?"
      },
      {
        "book_name": "Nahum",
        "book": 34,
        "chapter": 2,
        "verse": 12,
        "text": "The lion tore in pieces enough for his cubs, and strangled prey for his lionesses, and filled his caves with the kill and his dens with prey."
      },
      {
        "book_name": "Nahum",
        "book": 34,
        "chapter": 2,
        "verse": 13,
        "text": "“Behold, I am against you,” says Yahweh of Armies, “and I will burn her chariots in the smoke, and the sword will devour your young lions; and I will cut off your prey from the earth, and the voice of your messengers will no longer be heard.”"
      }
    ],
    "3": [
      {
        "book_name": "Nahum",
        "book": 34,
        "chapter": 3,
        "verse": 1,
        "text": "1Woe to the bloody city! It is all full of lies and robbery—no end to the prey. 2The noise of the whip, the noise of the rattling of wheels, prancing horses, and bounding chariots, 3the horseman charging, and the flashing sword, the glittering spear, and a multitude of slain, and a great heap of corpses, and there is no end of the bodies. They stumble on their bodies 4because of the multitude of the prostitution of the alluring prostitute, the mistress of witchcraft, who sells nations through her prostitution, and families through her witchcraft. 5“Behold, I am against you,” says Yahweh of Armies, “and I will lift your skirts over your face. I will show the nations your nakedness, and the kingdoms your shame. 6I will throw abominable filth on you and make you vile, and will make you a spectacle. 7It will happen that all those who look at you will flee from you, and say, ‘Nineveh is laid waste! Who will mourn for her?’ Where will I seek comforters for you?”  8Are you better than No-Amon,#3:8 or, Thebes who was situated among the rivers,#3:8 or, Nile who had the waters around her, whose rampart was the sea, and her wall was of the sea? 9Cush and Egypt were her boundless strength. Put and Libya were her helpers. 10Yet was she carried away. She went into captivity. Her young children also were dashed in pieces at the head of all the streets, and they cast lots for her honorable men, and all her great men were bound in chains. 11You also will be drunken. You will be hidden. You also will seek a stronghold because of the enemy. 12All your fortresses will be like fig trees with the first-ripe figs. If they are shaken, they fall into the mouth of the eater. 13Behold, your troops among you are women. The gates of your land are set wide open to your enemies. The fire has devoured your bars.  14Draw water for the siege. Strengthen your fortresses. Go into the clay, and tread the mortar. Make the brick kiln strong. 15There the fire will devour you. The sword will cut you off. It will devour you like the grasshopper. Multiply like grasshoppers. Multiply like the locust. 16You have increased your merchants more than the stars of the skies. The grasshopper strips and flees away. 17Your guards are like the locusts, and your officials like the swarms of locusts, which settle on the walls on a cold day, but when the sun appears, they flee away, and their place is not known where they are.  18Your shepherds slumber, king of Assyria. Your nobles lie down. Your people are scattered on the mountains, and there is no one to gather them. 19There is no healing your wound, for your injury is fatal. All who hear the report of you clap their hands over you, for who hasn’t felt your endless cruelty?"
      },
      {
        "book_name": "Nahum",
        "book": 34,
        "chapter": 3,
        "verse": 1,
        "text": "Woe to the bloody city! It is all full of lies and robbery—no end to the prey."
      },
      {
        "book_name": "Nahum",
        "book": 34,
        "chapter": 3,
        "verse": 2,
        "text": "The noise of the whip, the noise of the rattling of wheels, prancing horses, and bounding chariots,"
      },
      {
        "book_name": "Nahum",
        "book": 34,
        "chapter": 3,
        "verse": 3,
        "text": "the horseman charging, and the flashing sword, the glittering spear, and a multitude of slain, and a great heap of corpses, and there is no end of the bodies. They stumble on their bodies"
      },
      {
        "book_name": "Nahum",
        "book": 34,
        "chapter": 3,
        "verse": 4,
        "text": "because of the multitude of the prostitution of the alluring prostitute, the mistress of witchcraft, who sells nations through her prostitution, and families through her witchcraft."
      },
      {
        "book_name": "Nahum",
        "book": 34,
        "chapter": 3,
        "verse": 5,
        "text": "“Behold, I am against you,” says Yahweh of Armies, “and I will lift your skirts over your face. I will show the nations your nakedness, and the kingdoms your shame."
      },
      {
        "book_name": "Nahum",
        "book": 34,
        "chapter": 3,
        "verse": 6,
        "text": "I will throw abominable filth on you and make you vile, and will make you a spectacle."
      },
      {
        "book_name": "Nahum",
        "book": 34,
        "chapter": 3,
        "verse": 7,
        "text": "It will happen that all those who look at you will flee from you, and say, ‘Nineveh is laid waste! Who will mourn for her?’ Where will I seek comforters for you?”"
      },
      {
        "book_name": "Nahum",
        "book": 34,
        "chapter": 3,
        "verse": 8,
        "text": "Are you better than No-Amon,#3:8 or, Thebes who was situated among the rivers,#3:8 or, Nile who had the waters around her, whose rampart was the sea, and her wall was of the sea?"
      },
      {
        "book_name": "Nahum",
        "book": 34,
        "chapter": 3,
        "verse": 9,
        "text": "Cush and Egypt were her boundless strength. Put and Libya were her helpers."
      },
      {
        "book_name": "Nahum",
        "book": 34,
        "chapter": 3,
        "verse": 10,
        "text": "Yet was she carried away. She went into captivity. Her young children also were dashed in pieces at the head of all the streets, and they cast lots for her honorable men, and all her great men were bound in chains."
      },
      {
        "book_name": "Nahum",
        "book": 34,
        "chapter": 3,
        "verse": 11,
        "text": "You also will be drunken. You will be hidden. You also will seek a stronghold because of the enemy."
      },
      {
        "book_name": "Nahum",
        "book": 34,
        "chapter": 3,
        "verse": 12,
        "text": "All your fortresses will be like fig trees with the first-ripe figs. If they are shaken, they fall into the mouth of the eater."
      },
      {
        "book_name": "Nahum",
        "book": 34,
        "chapter": 3,
        "verse": 13,
        "text": "Behold, your troops among you are women. The gates of your land are set wide open to your enemies. The fire has devoured your bars."
      },
      {
        "book_name": "Nahum",
        "book": 34,
        "chapter": 3,
        "verse": 14,
        "text": "Draw water for the siege. Strengthen your fortresses. Go into the clay, and tread the mortar. Make the brick kiln strong."
      },
      {
        "book_name": "Nahum",
        "book": 34,
        "chapter": 3,
        "verse": 15,
        "text": "There the fire will devour you. The sword will cut you off. It will devour you like the grasshopper. Multiply like grasshoppers. Multiply like the locust."
      },
      {
        "book_name": "Nahum",
        "book": 34,
        "chapter": 3,
        "verse": 16,
        "text": "You have increased your merchants more than the stars of the skies. The grasshopper strips and flees away."
      },
      {
        "book_name": "Nahum",
        "book": 34,
        "chapter": 3,
        "verse": 17,
        "text": "Your guards are like the locusts, and your officials like the swarms of locusts, which settle on the walls on a cold day, but when the sun appears, they flee away, and their place is not known where they are."
      },
      {
        "book_name": "Nahum",
        "book": 34,
        "chapter": 3,
        "verse": 18,
        "text": "Your shepherds slumber, king of Assyria. Your nobles lie down. Your people are scattered on the mountains, and there is no one to gather them."
      },
      {
        "book_name": "Nahum",
        "book": 34,
        "chapter": 3,
        "verse": 19,
        "text": "There is no healing your wound, for your injury is fatal. All who hear the report of you clap their hands over you, for who hasn’t felt your endless cruelty?"
      }
    ]
  }
}