{
  "source": "bible.com",
  "version": "World English Bible",
  "book": "Song of Songs",
  "chapters": {
    "1": [
      {
        "book_name": "Song of Songs",
        "book": 22,
        "chapter": 1,
        "verse": 1,
        "text": "1The Song of songs, which is Solomon’s.Beloved  2Let him kiss me with the kisses of his mouth;for your love is better than wine.  3Your oils have a pleasing fragrance.Your name is oil poured out,therefore the virgins love you.  4Take me away with you.Let’s hurry.The king has brought me into his rooms.FriendsWe will be glad and rejoice in you.We will praise your love more than wine!BelovedThey are right to love you.  5I am dark, but lovely,you daughters of Jerusalem,like Kedar’s tents,like Solomon’s curtains.  6Don’t stare at me because I am dark,because the sun has scorched me.My mother’s sons were angry with me.They made me keeper of the vineyards.I haven’t kept my own vineyard.  7Tell me, you whom my soul loves,where you graze your flock,where you rest them at noon;for why should I be as one who is veiledbeside the flocks of your companions?Lover  8If you don’t know, most beautiful among women,follow the tracks of the sheep.Graze your young goats beside the shepherds’ tents.  9I have compared you, my love,to a steed in Pharaoh’s chariots.  10Your cheeks are beautiful with earrings,your neck with strings of jewels.Friends  11We will make you earrings of gold,with studs of silver.Beloved  12While the king sat at his table,my perfume spread its fragrance.  13My beloved is to me a sachet of myrrh,that lies between my breasts.  14My beloved is to me a cluster of henna blossomsfrom the vineyards of En Gedi.Lover  15Behold,#1:15 “Behold”, from “הִנֵּה”, means look at, take notice, observe, see, or gaze at. It is often used as an interjection. you are beautiful, my love.Behold, you are beautiful.Your eyes are like doves.Beloved  16Behold, you are beautiful, my beloved, yes, pleasant;and our couch is verdant.Lover  17The beams of our house are cedars.Our rafters are firs."
      },
      {
        "book_name": "Song of Songs",
        "book": 22,
        "chapter": 1,
        "verse": 1,
        "text": "The Song of songs, which is Solomon’s."
      },
      {
        "book_name": "Song of Songs",
        "book": 22,
        "chapter": 1,
        "verse": 2,
        "text": "Let him kiss me with the kisses of his mouth;"
      },
      {
        "book_name": "Song of Songs",
        "book": 22,
        "chapter": 1,
        "verse": 2,
        "text": "for your love is better than wine."
      },
      {
        "book_name": "Song of Songs",
        "book": 22,
        "chapter": 1,
        "verse": 3,
        "text": "Your oils have a pleasing fragrance."
      },
      {
        "book_name": "Song of Songs",
        "book": 22,
        "chapter": 1,
        "verse": 3,
        "text": "Your name is oil poured out,"
      },
      {
        "book_name": "Song of Songs",
        "book": 22,
        "chapter": 1,
        "verse": 3,
        "text": "therefore the virgins love you."
      },
      {
        "book_name": "Song of Songs",
        "book": 22,
        "chapter": 1,
        "verse": 4,
        "text": "Take me away with you."
      },
      {
        "book_name": "Song of Songs",
        "book": 22,
        "chapter": 1,
        "verse": 4,
        "text": "Let’s hurry."
      },
      {
        "book_name": "Song of Songs",
        "book": 22,
        "chapter": 1,
        "verse": 4,
        "text": "The king has brought me into his rooms."
      },
      {
        "book_name": "Song of Songs",
        "book": 22,
        "chapter": 1,
        "verse": 4,
        "text": "We will be glad and rejoice in you."
      },
      {
        "book_name": "Song of Songs",
        "book": 22,
        "chapter": 1,
        "verse": 4,
        "text": "We will praise your love more than wine!"
      },
      {
        "book_name": "Song of Songs",
        "book": 22,
        "chapter": 1,
        "verse": 4,
        "text": "They are right to love you."
      },
      {
        "book_name": "Song of Songs",
        "book": 22,
        "chapter": 1,
        "verse": 5,
        "text": "I am dark, but lovely,"
      },
      {
        "book_name": "Song of Songs",
        "book": 22,
        "chapter": 1,
        "verse": 5,
        "text": "you daughters of Jerusalem,"
      },
      {
        "book_name": "Song of Songs",
        "book": 22,
        "chapter": 1,
        "verse": 5,
        "text": "like Kedar’s tents,"
      },
      {
        "book_name": "Song of Songs",
        "book": 22,
        "chapter": 1,
        "verse": 5,
        "text": "like Solomon’s curtains."
      },
      {
        "book_name": "Song of Songs",
        "book": 22,
        "chapter": 1,
        "verse": 6,
        "text": "Don’t stare at me because I am dark,"
      },
      {
        "book_name": "Song of Songs",
        "book": 22,
        "chapter": 1,
        "verse": 6,
        "text": "because the sun has scorched me."
      },
      {
        "book_name": "Song of Songs",
        "book": 22,
        "chapter": 1,
        "verse": 6,
        "text": "My mother’s sons were angry with me."
      },
      {
        "book_name": "Song of Songs",
        "book": 22,
        "chapter": 1,
        "verse": 6,
        "text": "They made me keeper of the vineyards."
      },
      {
        "book_name": "Song of Songs",
        "book": 22,
        "chapter": 1,
        "verse": 6,
        "text": "I haven’t kept my own vineyard."
      },
      {
        "book_name": "Song of Songs",
        "book": 22,
        "chapter": 1,
        "verse": 7,
        "text": "Tell me, you whom my soul loves,"
      },
      {
        "book_name": "Song of Songs",
        "book": 22,
        "chapter": 1,
        "verse": 7,
        "text": "where you graze your flock,"
      },
      {
        "book_name": "Song of Songs",
        "book": 22,
        "chapter": 1,
        "verse": 7,
        "text": "where you rest them at noon;"
      },
      {
        "book_name": "Song of Songs",
        "book": 22,
        "chapter": 1,
        "verse": 7,
        "text": "for why should I be as one who is veiled"
      },
      {
        "book_name": "Song of Songs",
        "book": 22,
        "chapter": 1,
        "verse": 7,
        "text": "beside the flocks of your companions?"
      },
      {
        "book_name": "Song of Songs",
        "book": 22,
        "chapter": 1,
        "verse": 8,
        "text": "If you don’t know, most beautiful among women,"
      },
      {
        "book_name": "Song of Songs",
        "book": 22,
        "chapter": 1,
        "verse": 8,
        "text": "follow the tracks of the sheep."
      },
      {
        "book_name": "Song of Songs",
        "book": 22,
        "chapter": 1,
        "verse": 8,
        "text": "Graze your young goats beside the shepherds’ tents."
      },
      {
        "book_name": "Song of Songs",
        "book": 22,
        "chapter": 1,
        "verse": 9,
        "text": "I have compared you, my love,"
      },
      {
        "book_name": "Song of Songs",
        "book": 22,
        "chapter": 1,
        "verse": 9,
        "text": "to a steed in Pharaoh’s chariots."
      },
      {
        "book_name": "Song of Songs",
        "book": 22,
        "chapter": 1,
        "verse": 10,
        "text": "Your cheeks are beautiful with earrings,"
      },
      {
        "book_name": "Song of Songs",
        "book": 22,
        "chapter": 1,
        "verse": 10,
        "text": "your neck with strings of jewels."
      },
      {
        "book_name": "Song of Songs",
        "book": 22,
        "chapter": 1,
        "verse": 11,
        "text": "We will make you earrings of gold,"
      },
      {
        "book_name": "Song of Songs",
        "book": 22,
        "chapter": 1,
        "verse": 11,
        "text": "with studs of silver."
      },
      {
        "book_name": "Song of Songs",
        "book": 22,
        "chapter": 1,
        "verse": 12,
        "text": "While the king sat at his table,"
      },
      {
        "book_name": "Song of Songs",
        "book": 22,
        "chapter": 1,
        "verse": 12,
        "text": "my perfume spread its fragrance."
      },
      {
        "book_name": "Song of Songs",
        "book": 22,
        "chapter": 1,
        "verse": 13,
        "text": "My beloved is to me a sachet of myrrh,"
      },
      {
        "book_name": "Song of Songs",
        "book": 22,
        "chapter": 1,
        "verse": 13,
        "text": "that lies between my breasts."
      },
      {
        "book_name": "Song of Songs",
        "book": 22,
        "chapter": 1,
        "verse": 14,
        "text": "My beloved is to me a cluster of henna blossoms"
      },
      {
        "book_name": "Song of Songs",
        "book": 22,
        "chapter": 1,
        "verse": 14,
        "text": "from the vineyards of En Gedi."
      },
      {
        "book_name": "Song of Songs",
        "book": 22,
        "chapter": 1,
        "verse": 15,
        "text": "Behold,#1:15 “Behold”, from “הִנֵּה”, means look at, take notice, observe, see, or gaze at. It is often used as an interjection. you are beautiful, my love."
      },
      {
        "book_name": "Song of Songs",
        "book": 22,
        "chapter": 1,
        "verse": 15,
        "text": "Behold, you are beautiful."
      },
      {
        "book_name": "Song of Songs",
        "book": 22,
        "chapter": 1,
        "verse": 15,
        "text": "Your eyes are like doves."
      },
      {
        "book_name": "Song of Songs",
        "book": 22,
        "chapter": 1,
        "verse": 16,
        "text": "Behold, you are beautiful, my beloved, yes, pleasant;"
      },
      {
        "book_name": "Song of Songs",
        "book": 22,
        "chapter": 1,
        "verse": 16,
        "text": "and our couch is verdant."
      },
      {
        "book_name": "Song of Songs",
        "book": 22,
        "chapter": 1,
        "verse": 17,
        "text": "The beams of our house are cedars."
      },
      {
        "book_name": "Song of Songs",
        "book": 22,
        "chapter": 1,
        "verse": 17,
        "text": "Our rafters are firs."
      }
    ],
    "2": [
      {
        "book_name": "Song of Songs",
        "book": 22,
        "chapter": 2,
        "verse": 1,
        "text": "Beloved  1I am a rose of Sharon,a lily of the valleys.Lover  2As a lily among thorns,so is my love among the daughters.Beloved  3As the apple tree among the trees of the wood,so is my beloved among the sons.I sat down under his shadow with great delight,his fruit was sweet to my taste.  4He brought me to the banquet hall.His banner over me is love.  5Strengthen me with raisins,refresh me with apples;for I am faint with love.  6His left hand is under my head.His right hand embraces me.  7I adjure you, daughters of Jerusalem,by the roes, or by the hinds of the field,that you not stir up, nor awaken love,until it so desires.  8The voice of my beloved!Behold, he comes,leaping on the mountains,skipping on the hills.  9My beloved is like a roe or a young deer.Behold, he stands behind our wall!He looks in at the windows.He glances through the lattice.  10My beloved spoke, and said to me,“Rise up, my love, my beautiful one, and come away.  11For behold, the winter is past.The rain is over and gone.  12The flowers appear on the earth.The time of the singing has come,and the voice of the turtledove is heard in our land.  13The fig tree ripens her green figs.The vines are in blossom.They give out their fragrance.Arise, my love, my beautiful one,and come away.”Lover  14My dove in the clefts of the rock,in the hiding places of the mountainside,let me see your face.Let me hear your voice;for your voice is sweet and your face is lovely.  15Catch for us the foxes,the little foxes that plunder the vineyards;for our vineyards are in blossom.Beloved  16My beloved is mine, and I am his.He browses among the lilies.  17Until the day is cool, and the shadows flee away,turn, my beloved,and be like a roe or a young deer on the mountains of Bether."
      },
      {
        "book_name": "Song of Songs",
        "book": 22,
        "chapter": 2,
        "verse": 1,
        "text": "I am a rose of Sharon,"
      },
      {
        "book_name": "Song of Songs",
        "book": 22,
        "chapter": 2,
        "verse": 1,
        "text": "a lily of the valleys."
      },
      {
        "book_name": "Song of Songs",
        "book": 22,
        "chapter": 2,
        "verse": 2,
        "text": "As a lily among thorns,"
      },
      {
        "book_name": "Song of Songs",
        "book": 22,
        "chapter": 2,
        "verse": 2,
        "text": "so is my love among the daughters."
      },
      {
        "book_name": "Song of Songs",
        "book": 22,
        "chapter": 2,
        "verse": 3,
        "text": "As the apple tree among the trees of the wood,"
      },
      {
        "book_name": "Song of Songs",
        "book": 22,
        "chapter": 2,
        "verse": 3,
        "text": "so is my beloved among the sons."
      },
      {
        "book_name": "Song of Songs",
        "book": 22,
        "chapter": 2,
        "verse": 3,
        "text": "I sat down under his shadow with great delight,"
      },
      {
        "book_name": "Song of Songs",
        "book": 22,
        "chapter": 2,
        "verse": 3,
        "text": "his fruit was sweet to my taste."
      },
      {
        "book_name": "Song of Songs",
        "book": 22,
        "chapter": 2,
        "verse": 4,
        "text": "He brought me to the banquet hall."
      },
      {
        "book_name": "Song of Songs",
        "book": 22,
        "chapter": 2,
        "verse": 4,
        "text": "His banner over me is love."
      },
      {
        "book_name": "Song of Songs",
        "book": 22,
        "chapter": 2,
        "verse": 5,
        "text": "Strengthen me with raisins,"
      },
      {
        "book_name": "Song of Songs",
        "book": 22,
        "chapter": 2,
        "verse": 5,
        "text": "refresh me with apples;"
      },
      {
        "book_name": "Song of Songs",
        "book": 22,
        "chapter": 2,
        "verse": 5,
        "text": "for I am faint with love."
      },
      {
        "book_name": "Song of Songs",
        "book": 22,
        "chapter": 2,
        "verse": 6,
        "text": "His left hand is under my head."
      },
      {
        "book_name": "Song of Songs",
        "book": 22,
        "chapter": 2,
        "verse": 6,
        "text": "His right hand embraces me."
      },
      {
        "book_name": "Song of Songs",
        "book": 22,
        "chapter": 2,
        "verse": 7,
        "text": "I adjure you, daughters of Jerusalem,"
      },
      {
        "book_name": "Song of Songs",
        "book": 22,
        "chapter": 2,
        "verse": 7,
        "text": "by the roes, or by the hinds of the field,"
      },
      {
        "book_name": "Song of Songs",
        "book": 22,
        "chapter": 2,
        "verse": 7,
        "text": "that you not stir up, nor awaken love,"
      },
      {
        "book_name": "Song of Songs",
        "book": 22,
        "chapter": 2,
        "verse": 7,
        "text": "until it so desires."
      },
      {
        "book_name": "Song of Songs",
        "book": 22,
        "chapter": 2,
        "verse": 8,
        "text": "The voice of my beloved!"
      },
      {
        "book_name": "Song of Songs",
        "book": 22,
        "chapter": 2,
        "verse": 8,
        "text": "Behold, he comes,"
      },
      {
        "book_name": "Song of Songs",
        "book": 22,
        "chapter": 2,
        "verse": 8,
        "text": "leaping on the mountains,"
      },
      {
        "book_name": "Song of Songs",
        "book": 22,
        "chapter": 2,
        "verse": 8,
        "text": "skipping on the hills."
      },
      {
        "book_name": "Song of Songs",
        "book": 22,
        "chapter": 2,
        "verse": 9,
        "text": "My beloved is like a roe or a young deer."
      },
      {
        "book_name": "Song of Songs",
        "book": 22,
        "chapter": 2,
        "verse": 9,
        "text": "Behold, he stands behind our wall!"
      },
      {
        "book_name": "Song of Songs",
        "book": 22,
        "chapter": 2,
        "verse": 9,
        "text": "He looks in at the windows."
      },
      {
        "book_name": "Song of Songs",
        "book": 22,
        "chapter": 2,
        "verse": 9,
        "text": "He glances through the lattice."
      },
      {
        "book_name": "Song of Songs",
        "book": 22,
        "chapter": 2,
        "verse": 10,
        "text": "My beloved spoke, and said to me,"
      },
      {
        "book_name": "Song of Songs",
        "book": 22,
        "chapter": 2,
        "verse": 10,
        "text": "“Rise up, my love, my beautiful one, and come away."
      },
      {
        "book_name": "Song of Songs",
        "book": 22,
        "chapter": 2,
        "verse": 11,
        "text": "For behold, the winter is past."
      },
      {
        "book_name": "Song of Songs",
        "book": 22,
        "chapter": 2,
        "verse": 11,
        "text": "The rain is over and gone."
      },
      {
        "book_name": "Song of Songs",
        "book": 22,
        "chapter": 2,
        "verse": 12,
        "text": "The flowers appear on the earth."
      },
      {
        "book_name": "Song of Songs",
        "book": 22,
        "chapter": 2,
        "verse": 12,
        "text": "The time of the singing has come,"
      },
      {
        "book_name": "Song of Songs",
        "book": 22,
        "chapter": 2,
        "verse": 12,
        "text": "and the voice of the turtledove is heard in our land."
      },
      {
        "book_name": "Song of Songs",
        "book": 22,
        "chapter": 2,
        "verse": 13,
        "text": "The fig tree ripens her green figs."
      },
      {
        "book_name": "Song of Songs",
        "book": 22,
        "chapter": 2,
        "verse": 13,
        "text": "The vines are in blossom."
      },
      {
        "book_name": "Song of Songs",
        "book": 22,
        "chapter": 2,
        "verse": 13,
        "text": "They give out their fragrance."
      },
      {
        "book_name": "Song of Songs",
        "book": 22,
        "chapter": 2,
        "verse": 13,
        "text": "Arise, my love, my beautiful one,"
      },
      {
        "book_name": "Song of Songs",
        "book": 22,
        "chapter": 2,
        "verse": 13,
        "text": "and come away.”"
      },
      {
        "book_name": "Song of Songs",
        "book": 22,
        "chapter": 2,
        "verse": 14,
        "text": "My dove in the clefts of the rock,"
      },
      {
        "book_name": "Song of Songs",
        "book": 22,
        "chapter": 2,
        "verse": 14,
        "text": "in the hiding places of the mountainside,"
      },
      {
        "book_name": "Song of Songs",
        "book": 22,
        "chapter": 2,
        "verse": 14,
        "text": "let me see your face."
      },
      {
        "book_name": "Song of Songs",
        "book": 22,
        "chapter": 2,
        "verse": 14,
        "text": "Let me hear your voice;"
      },
      {
        "book_name": "Song of Songs",
        "book": 22,
        "chapter": 2,
        "verse": 14,
        "text": "for your voice is sweet and your face is lovely."
      },
      {
        "book_name": "Song of Songs",
        "book": 22,
        "chapter": 2,
        "verse": 15,
        "text": "Catch for us the foxes,"
      },
      {
        "book_name": "Song of Songs",
        "book": 22,
        "chapter": 2,
        "verse": 15,
        "text": "the little foxes that plunder the vineyards;"
      },
      {
        "book_name": "Song of Songs",
        "book": 22,
        "chapter": 2,
        "verse": 15,
        "text": "for our vineyards are in blossom."
      },
      {
        "book_name": "Song of Songs",
        "book": 22,
        "chapter": 2,
        "verse": 16,
        "text": "My beloved is mine, and I am his."
      },
      {
        "book_name": "Song of Songs",
        "book": 22,
        "chapter": 2,
        "verse": 16,
        "text": "He browses among the lilies."
      },
      {
        "book_name": "Song of Songs",
        "book": 22,
        "chapter": 2,
        "verse": 17,
        "text": "Until the day is cool, and the shadows flee away,"
      },
      {
        "book_name": "Song of Songs",
        "book": 22,
        "chapter": 2,
        "verse": 17,
        "text": "turn, my beloved,"
      },
      {
        "book_name": "Song of Songs",
        "book": 22,
        "chapter": 2,
        "verse": 17,
        "text": "and be like a roe or a young deer on the mountains of Bether."
      }
    ],
    "3": [
      {
        "book_name": "Song of Songs",
        "book": 22,
        "chapter": 3,
        "verse": 1,
        "text": "1By night on my bed,I sought him whom my soul loves.I sought him, but I didn’t find him.  2I will get up now, and go about the city;in the streets and in the squares I will seek him whom my soul loves.I sought him, but I didn’t find him.  3The watchmen who go about the city found me;“Have you seen him whom my soul loves?”  4I had scarcely passed from them,when I found him whom my soul loves.I held him, and would not let him go,until I had brought him into my mother’s house,into the room of her who conceived me.  5I adjure you, daughters of Jerusalem,by the roes, or by the hinds of the field,that you not stir up nor awaken love,until it so desires.  6Who is this who comes up from the wilderness like pillars of smoke,perfumed with myrrh and frankincense,with all spices of the merchant?  7Behold, it is Solomon’s carriage!Sixty mighty men are around it,of the mighty men of Israel.  8They all handle the sword, and are expert in war.Every man has his sword on his thigh,because of fear in the night.  9King Solomon made himself a carriageof the wood of Lebanon.  10He made its pillars of silver,its bottom of gold, its seat of purple,the middle of it being paved with love,from the daughters of Jerusalem.  11Go out, you daughters of Zion, and see King Solomon,with the crown with which his mother has crowned him,in the day of his weddings,in the day of the gladness of his heart."
      },
      {
        "book_name": "Song of Songs",
        "book": 22,
        "chapter": 3,
        "verse": 1,
        "text": "By night on my bed,"
      },
      {
        "book_name": "Song of Songs",
        "book": 22,
        "chapter": 3,
        "verse": 1,
        "text": "I sought him whom my soul loves."
      },
      {
        "book_name": "Song of Songs",
        "book": 22,
        "chapter": 3,
        "verse": 1,
        "text": "I sought him, but I didn’t find him."
      },
      {
        "book_name": "Song of Songs",
        "book": 22,
        "chapter": 3,
        "verse": 2,
        "text": "I will get up now, and go about the city;"
      },
      {
        "book_name": "Song of Songs",
        "book": 22,
        "chapter": 3,
        "verse": 2,
        "text": "in the streets and in the squares I will seek him whom my soul loves."
      },
      {
        "book_name": "Song of Songs",
        "book": 22,
        "chapter": 3,
        "verse": 2,
        "text": "I sought him, but I didn’t find him."
      },
      {
        "book_name": "Song of Songs",
        "book": 22,
        "chapter": 3,
        "verse": 3,
        "text": "The watchmen who go about the city found me;"
      },
      {
        "book_name": "Song of Songs",
        "book": 22,
        "chapter": 3,
        "verse": 3,
        "text": "“Have you seen him whom my soul loves?”"
      },
      {
        "book_name": "Song of Songs",
        "book": 22,
        "chapter": 3,
        "verse": 4,
        "text": "I had scarcely passed from them,"
      },
      {
        "book_name": "Song of Songs",
        "book": 22,
        "chapter": 3,
        "verse": 4,
        "text": "when I found him whom my soul loves."
      },
      {
        "book_name": "Song of Songs",
        "book": 22,
        "chapter": 3,
        "verse": 4,
        "text": "I held him, and would not let him go,"
      },
      {
        "book_name": "Song of Songs",
        "book": 22,
        "chapter": 3,
        "verse": 4,
        "text": "until I had brought him into my mother’s house,"
      },
      {
        "book_name": "Song of Songs",
        "book": 22,
        "chapter": 3,
        "verse": 4,
        "text": "into the room of her who conceived me."
      },
      {
        "book_name": "Song of Songs",
        "book": 22,
        "chapter": 3,
        "verse": 5,
        "text": "I adjure you, daughters of Jerusalem,"
      },
      {
        "book_name": "Song of Songs",
        "book": 22,
        "chapter": 3,
        "verse": 5,
        "text": "by the roes, or by the hinds of the field,"
      },
      {
        "book_name": "Song of Songs",
        "book": 22,
        "chapter": 3,
        "verse": 5,
        "text": "that you not stir up nor awaken love,"
      },
      {
        "book_name": "Song of Songs",
        "book": 22,
        "chapter": 3,
        "verse": 5,
        "text": "until it so desires."
      },
      {
        "book_name": "Song of Songs",
        "book": 22,
        "chapter": 3,
        "verse": 6,
        "text": "Who is this who comes up from the wilderness like pillars of smoke,"
      },
      {
        "book_name": "Song of Songs",
        "book": 22,
        "chapter": 3,
        "verse": 6,
        "text": "perfumed with myrrh and frankincense,"
      },
      {
        "book_name": "Song of Songs",
        "book": 22,
        "chapter": 3,
        "verse": 6,
        "text": "with all spices of the merchant?"
      },
      {
        "book_name": "Song of Songs",
        "book": 22,
        "chapter": 3,
        "verse": 7,
        "text": "Behold, it is Solomon’s carriage!"
      },
      {
        "book_name": "Song of Songs",
        "book": 22,
        "chapter": 3,
        "verse": 7,
        "text": "Sixty mighty men are around it,"
      },
      {
        "book_name": "Song of Songs",
        "book": 22,
        "chapter": 3,
        "verse": 7,
        "text": "of the mighty men of Israel."
      },
      {
        "book_name": "Song of Songs",
        "book": 22,
        "chapter": 3,
        "verse": 8,
        "text": "They all handle the sword, and are expert in war."
      },
      {
        "book_name": "Song of Songs",
        "book": 22,
        "chapter": 3,
        "verse": 8,
        "text": "Every man has his sword on his thigh,"
      },
      {
        "book_name": "Song of Songs",
        "book": 22,
        "chapter": 3,
        "verse": 8,
        "text": "because of fear in the night."
      },
      {
        "book_name": "Song of Songs",
        "book": 22,
        "chapter": 3,
        "verse": 9,
        "text": "King Solomon made himself a carriage"
      },
      {
        "book_name": "Song of Songs",
        "book": 22,
        "chapter": 3,
        "verse": 9,
        "text": "of the wood of Lebanon."
      },
      {
        "book_name": "Song of Songs",
        "book": 22,
        "chapter": 3,
        "verse": 10,
        "text": "He made its pillars of silver,"
      },
      {
        "book_name": "Song of Songs",
        "book": 22,
        "chapter": 3,
        "verse": 10,
        "text": "its bottom of gold, its seat of purple,"
      },
      {
        "book_name": "Song of Songs",
        "book": 22,
        "chapter": 3,
        "verse": 10,
        "text": "the middle of it being paved with love,"
      },
      {
        "book_name": "Song of Songs",
        "book": 22,
        "chapter": 3,
        "verse": 10,
        "text": "from the daughters of Jerusalem."
      },
      {
        "book_name": "Song of Songs",
        "book": 22,
        "chapter": 3,
        "verse": 11,
        "text": "Go out, you daughters of Zion, and see King Solomon,"
      },
      {
        "book_name": "Song of Songs",
        "book": 22,
        "chapter": 3,
        "verse": 11,
        "text": "with the crown with which his mother has crowned him,"
      },
      {
        "book_name": "Song of Songs",
        "book": 22,
        "chapter": 3,
        "verse": 11,
        "text": "in the day of his weddings,"
      },
      {
        "book_name": "Song of Songs",
        "book": 22,
        "chapter": 3,
        "verse": 11,
        "text": "in the day of the gladness of his heart."
      }
    ],
    "4": [
      {
        "book_name": "Song of Songs",
        "book": 22,
        "chapter": 4,
        "verse": 1,
        "text": "Lover  1Behold, you are beautiful, my love.Behold, you are beautiful.Your eyes are like doves behind your veil.Your hair is as a flock of goats,that descend from Mount Gilead.  2Your teeth are like a newly shorn flock,which have come up from the washing,where every one of them has twins.None is bereaved among them.  3Your lips are like scarlet thread.Your mouth is lovely.Your temples are like a piece of a pomegranate behind your veil.  4Your neck is like David’s tower built for an armory,on which a thousand shields hang,all the shields of the mighty men.  5Your two breasts are like two fawnsthat are twins of a roe,which feed among the lilies.  6Until the day is cool, and the shadows flee away,I will go to the mountain of myrrh,to the hill of frankincense.  7You are all beautiful, my love.There is no spot in you.  8Come with me from Lebanon, my bride,with me from Lebanon.Look from the top of Amana,from the top of Senir and Hermon,from the lions’ dens,from the mountains of the leopards.  9You have ravished my heart, my sister, my bride.You have ravished my heart with one of your eyes,with one chain of your neck.  10How beautiful is your love, my sister, my bride!How much better is your love than wine,the fragrance of your perfumes than all kinds of spices!  11Your lips, my bride, drip like the honeycomb.Honey and milk are under your tongue.The smell of your garments is like the smell of Lebanon.  12My sister, my bride, is a locked up garden;a locked up spring,a sealed fountain.  13Your shoots are an orchard of pomegranates, with precious fruits,henna with spikenard plants,  14spikenard and saffron,calamus and cinnamon, with every kind of incense tree;myrrh and aloes, with all the best spices,  15a fountain of gardens,a well of living waters,flowing streams from Lebanon.Beloved  16Awake, north wind, and come, you south!Blow on my garden, that its spices may flow out.Let my beloved come into his garden,and taste his precious fruits."
      },
      {
        "book_name": "Song of Songs",
        "book": 22,
        "chapter": 4,
        "verse": 1,
        "text": "Behold, you are beautiful, my love."
      },
      {
        "book_name": "Song of Songs",
        "book": 22,
        "chapter": 4,
        "verse": 1,
        "text": "Behold, you are beautiful."
      },
      {
        "book_name": "Song of Songs",
        "book": 22,
        "chapter": 4,
        "verse": 1,
        "text": "Your eyes are like doves behind your veil."
      },
      {
        "book_name": "Song of Songs",
        "book": 22,
        "chapter": 4,
        "verse": 1,
        "text": "Your hair is as a flock of goats,"
      },
      {
        "book_name": "Song of Songs",
        "book": 22,
        "chapter": 4,
        "verse": 1,
        "text": "that descend from Mount Gilead."
      },
      {
        "book_name": "Song of Songs",
        "book": 22,
        "chapter": 4,
        "verse": 2,
        "text": "Your teeth are like a newly shorn flock,"
      },
      {
        "book_name": "Song of Songs",
        "book": 22,
        "chapter": 4,
        "verse": 2,
        "text": "which have come up from the washing,"
      },
      {
        "book_name": "Song of Songs",
        "book": 22,
        "chapter": 4,
        "verse": 2,
        "text": "where every one of them has twins."
      },
      {
        "book_name": "Song of Songs",
        "book": 22,
        "chapter": 4,
        "verse": 2,
        "text": "None is bereaved among them."
      },
      {
        "book_name": "Song of Songs",
        "book": 22,
        "chapter": 4,
        "verse": 3,
        "text": "Your lips are like scarlet thread."
      },
      {
        "book_name": "Song of Songs",
        "book": 22,
        "chapter": 4,
        "verse": 3,
        "text": "Your mouth is lovely."
      },
      {
        "book_name": "Song of Songs",
        "book": 22,
        "chapter": 4,
        "verse": 3,
        "text": "Your temples are like a piece of a pomegranate behind your veil."
      },
      {
        "book_name": "Song of Songs",
        "book": 22,
        "chapter": 4,
        "verse": 4,
        "text": "Your neck is like David’s tower built for an armory,"
      },
      {
        "book_name": "Song of Songs",
        "book": 22,
        "chapter": 4,
        "verse": 4,
        "text": "on which a thousand shields hang,"
      },
      {
        "book_name": "Song of Songs",
        "book": 22,
        "chapter": 4,
        "verse": 4,
        "text": "all the shields of the mighty men."
      },
      {
        "book_name": "Song of Songs",
        "book": 22,
        "chapter": 4,
        "verse": 5,
        "text": "Your two breasts are like two fawns"
      },
      {
        "book_name": "Song of Songs",
        "book": 22,
        "chapter": 4,
        "verse": 5,
        "text": "that are twins of a roe,"
      },
      {
        "book_name": "Song of Songs",
        "book": 22,
        "chapter": 4,
        "verse": 5,
        "text": "which feed among the lilies."
      },
      {
        "book_name": "Song of Songs",
        "book": 22,
        "chapter": 4,
        "verse": 6,
        "text": "Until the day is cool, and the shadows flee away,"
      },
      {
        "book_name": "Song of Songs",
        "book": 22,
        "chapter": 4,
        "verse": 6,
        "text": "I will go to the mountain of myrrh,"
      },
      {
        "book_name": "Song of Songs",
        "book": 22,
        "chapter": 4,
        "verse": 6,
        "text": "to the hill of frankincense."
      },
      {
        "book_name": "Song of Songs",
        "book": 22,
        "chapter": 4,
        "verse": 7,
        "text": "You are all beautiful, my love."
      },
      {
        "book_name": "Song of Songs",
        "book": 22,
        "chapter": 4,
        "verse": 7,
        "text": "There is no spot in you."
      },
      {
        "book_name": "Song of Songs",
        "book": 22,
        "chapter": 4,
        "verse": 8,
        "text": "Come with me from Lebanon, my bride,"
      },
      {
        "book_name": "Song of Songs",
        "book": 22,
        "chapter": 4,
        "verse": 8,
        "text": "with me from Lebanon."
      },
      {
        "book_name": "Song of Songs",
        "book": 22,
        "chapter": 4,
        "verse": 8,
        "text": "Look from the top of Amana,"
      },
      {
        "book_name": "Song of Songs",
        "book": 22,
        "chapter": 4,
        "verse": 8,
        "text": "from the top of Senir and Hermon,"
      },
      {
        "book_name": "Song of Songs",
        "book": 22,
        "chapter": 4,
        "verse": 8,
        "text": "from the lions’ dens,"
      },
      {
        "book_name": "Song of Songs",
        "book": 22,
        "chapter": 4,
        "verse": 8,
        "text": "from the mountains of the leopards."
      },
      {
        "book_name": "Song of Songs",
        "book": 22,
        "chapter": 4,
        "verse": 9,
        "text": "You have ravished my heart, my sister, my bride."
      },
      {
        "book_name": "Song of Songs",
        "book": 22,
        "chapter": 4,
        "verse": 9,
        "text": "You have ravished my heart with one of your eyes,"
      },
      {
        "book_name": "Song of Songs",
        "book": 22,
        "chapter": 4,
        "verse": 9,
        "text": "with one chain of your neck."
      },
      {
        "book_name": "Song of Songs",
        "book": 22,
        "chapter": 4,
        "verse": 10,
        "text": "How beautiful is your love, my sister, my bride!"
      },
      {
        "book_name": "Song of Songs",
        "book": 22,
        "chapter": 4,
        "verse": 10,
        "text": "How much better is your love than wine,"
      },
      {
        "book_name": "Song of Songs",
        "book": 22,
        "chapter": 4,
        "verse": 10,
        "text": "the fragrance of your perfumes than all kinds of spices!"
      },
      {
        "book_name": "Song of Songs",
        "book": 22,
        "chapter": 4,
        "verse": 11,
        "text": "Your lips, my bride, drip like the honeycomb."
      },
      {
        "book_name": "Song of Songs",
        "book": 22,
        "chapter": 4,
        "verse": 11,
        "text": "Honey and milk are under your tongue."
      },
      {
        "book_name": "Song of Songs",
        "book": 22,
        "chapter": 4,
        "verse": 11,
        "text": "The smell of your garments is like the smell of Lebanon."
      },
      {
        "book_name": "Song of Songs",
        "book": 22,
        "chapter": 4,
        "verse": 12,
        "text": "My sister, my bride, is a locked up garden;"
      },
      {
        "book_name": "Song of Songs",
        "book": 22,
        "chapter": 4,
        "verse": 12,
        "text": "a locked up spring,"
      },
      {
        "book_name": "Song of Songs",
        "book": 22,
        "chapter": 4,
        "verse": 12,
        "text": "a sealed fountain."
      },
      {
        "book_name": "Song of Songs",
        "book": 22,
        "chapter": 4,
        "verse": 13,
        "text": "Your shoots are an orchard of pomegranates, with precious fruits,"
      },
      {
        "book_name": "Song of Songs",
        "book": 22,
        "chapter": 4,
        "verse": 13,
        "text": "henna with spikenard plants,"
      },
      {
        "book_name": "Song of Songs",
        "book": 22,
        "chapter": 4,
        "verse": 14,
        "text": "spikenard and saffron,"
      },
      {
        "book_name": "Song of Songs",
        "book": 22,
        "chapter": 4,
        "verse": 14,
        "text": "calamus and cinnamon, with every kind of incense tree;"
      },
      {
        "book_name": "Song of Songs",
        "book": 22,
        "chapter": 4,
        "verse": 14,
        "text": "myrrh and aloes, with all the best spices,"
      },
      {
        "book_name": "Song of Songs",
        "book": 22,
        "chapter": 4,
        "verse": 15,
        "text": "a fountain of gardens,"
      },
      {
        "book_name": "Song of Songs",
        "book": 22,
        "chapter": 4,
        "verse": 15,
        "text": "a well of living waters,"
      },
      {
        "book_name": "Song of Songs",
        "book": 22,
        "chapter": 4,
        "verse": 15,
        "text": "flowing streams from Lebanon."
      },
      {
        "book_name": "Song of Songs",
        "book": 22,
        "chapter": 4,
        "verse": 16,
        "text": "Awake, north wind, and come, you south!"
      },
      {
        "book_name": "Song of Songs",
        "book": 22,
        "chapter": 4,
        "verse": 16,
        "text": "Blow on my garden, that its spices may flow out."
      },
      {
        "book_name": "Song of Songs",
        "book": 22,
        "chapter": 4,
        "verse": 16,
        "text": "Let my beloved come into his garden,"
      },
      {
        "book_name": "Song of Songs",
        "book": 22,
        "chapter": 4,
        "verse": 16,
        "text": "and taste his precious fruits."
      }
    ],
    "5": [
      {
        "book_name": "Song of Songs",
        "book": 22,
        "chapter": 5,
        "verse": 1,
        "text": "Lover  1I have come into my garden, my sister, my bride.I have gathered my myrrh with my spice;I have eaten my honeycomb with my honey;I have drunk my wine with my milk.FriendsEat, friends!Drink, yes, drink abundantly, beloved.Beloved  2I was asleep, but my heart was awake.It is the voice of my beloved who knocks:“Open to me, my sister, my love, my dove, my undefiled;for my head is filled with dew,and my hair with the dampness of the night.”  3I have taken off my robe. Indeed, must I put it on?I have washed my feet. Indeed, must I soil them?  4My beloved thrust his hand in through the latch opening.My heart pounded for him.  5I rose up to open for my beloved.My hands dripped with myrrh,my fingers with liquid myrrh,on the handles of the lock.  6I opened to my beloved;but my beloved left, and had gone away.My heart went out when he spoke.I looked for him, but I didn’t find him.I called him, but he didn’t answer.  7The watchmen who go about the city found me.They beat me.They bruised me.The keepers of the walls took my cloak away from me.  8I adjure you, daughters of Jerusalem,If you find my beloved,that you tell him that I am faint with love.Friends  9How is your beloved better than another beloved,you fairest among women?How is your beloved better than another beloved,that you do so adjure us?Beloved  10My beloved is white and ruddy.The best among ten thousand.  11His head is like the purest gold.His hair is bushy, black as a raven.  12His eyes are like doves beside the water brooks,washed with milk, mounted like jewels.  13His cheeks are like a bed of spices with towers of perfumes.His lips are like lilies, dropping liquid myrrh.  14His hands are like rings of gold set with beryl.His body is like ivory work overlaid with sapphires.  15His legs are like pillars of marble set on sockets of fine gold.His appearance is like Lebanon, excellent as the cedars.  16His mouth is sweetness;yes, he is altogether lovely.This is my beloved, and this is my friend,daughters of Jerusalem."
      },
      {
        "book_name": "Song of Songs",
        "book": 22,
        "chapter": 5,
        "verse": 1,
        "text": "I have come into my garden, my sister, my bride."
      },
      {
        "book_name": "Song of Songs",
        "book": 22,
        "chapter": 5,
        "verse": 1,
        "text": "I have gathered my myrrh with my spice;"
      },
      {
        "book_name": "Song of Songs",
        "book": 22,
        "chapter": 5,
        "verse": 1,
        "text": "I have eaten my honeycomb with my honey;"
      },
      {
        "book_name": "Song of Songs",
        "book": 22,
        "chapter": 5,
        "verse": 1,
        "text": "I have drunk my wine with my milk."
      },
      {
        "book_name": "Song of Songs",
        "book": 22,
        "chapter": 5,
        "verse": 1,
        "text": "Eat, friends!"
      },
      {
        "book_name": "Song of Songs",
        "book": 22,
        "chapter": 5,
        "verse": 1,
        "text": "Drink, yes, drink abundantly, beloved."
      },
      {
        "book_name": "Song of Songs",
        "book": 22,
        "chapter": 5,
        "verse": 2,
        "text": "I was asleep, but my heart was awake."
      },
      {
        "book_name": "Song of Songs",
        "book": 22,
        "chapter": 5,
        "verse": 2,
        "text": "It is the voice of my beloved who knocks:"
      },
      {
        "book_name": "Song of Songs",
        "book": 22,
        "chapter": 5,
        "verse": 2,
        "text": "“Open to me, my sister, my love, my dove, my undefiled;"
      },
      {
        "book_name": "Song of Songs",
        "book": 22,
        "chapter": 5,
        "verse": 2,
        "text": "for my head is filled with dew,"
      },
      {
        "book_name": "Song of Songs",
        "book": 22,
        "chapter": 5,
        "verse": 2,
        "text": "and my hair with the dampness of the night.”"
      },
      {
        "book_name": "Song of Songs",
        "book": 22,
        "chapter": 5,
        "verse": 3,
        "text": "I have taken off my robe. Indeed, must I put it on?"
      },
      {
        "book_name": "Song of Songs",
        "book": 22,
        "chapter": 5,
        "verse": 3,
        "text": "I have washed my feet. Indeed, must I soil them?"
      },
      {
        "book_name": "Song of Songs",
        "book": 22,
        "chapter": 5,
        "verse": 4,
        "text": "My beloved thrust his hand in through the latch opening."
      },
      {
        "book_name": "Song of Songs",
        "book": 22,
        "chapter": 5,
        "verse": 4,
        "text": "My heart pounded for him."
      },
      {
        "book_name": "Song of Songs",
        "book": 22,
        "chapter": 5,
        "verse": 5,
        "text": "I rose up to open for my beloved."
      },
      {
        "book_name": "Song of Songs",
        "book": 22,
        "chapter": 5,
        "verse": 5,
        "text": "My hands dripped with myrrh,"
      },
      {
        "book_name": "Song of Songs",
        "book": 22,
        "chapter": 5,
        "verse": 5,
        "text": "my fingers with liquid myrrh,"
      },
      {
        "book_name": "Song of Songs",
        "book": 22,
        "chapter": 5,
        "verse": 5,
        "text": "on the handles of the lock."
      },
      {
        "book_name": "Song of Songs",
        "book": 22,
        "chapter": 5,
        "verse": 6,
        "text": "I opened to my beloved;"
      },
      {
        "book_name": "Song of Songs",
        "book": 22,
        "chapter": 5,
        "verse": 6,
        "text": "but my beloved left, and had gone away."
      },
      {
        "book_name": "Song of Songs",
        "book": 22,
        "chapter": 5,
        "verse": 6,
        "text": "My heart went out when he spoke."
      },
      {
        "book_name": "Song of Songs",
        "book": 22,
        "chapter": 5,
        "verse": 6,
        "text": "I looked for him, but I didn’t find him."
      },
      {
        "book_name": "Song of Songs",
        "book": 22,
        "chapter": 5,
        "verse": 6,
        "text": "I called him, but he didn’t answer."
      },
      {
        "book_name": "Song of Songs",
        "book": 22,
        "chapter": 5,
        "verse": 7,
        "text": "The watchmen who go about the city found me."
      },
      {
        "book_name": "Song of Songs",
        "book": 22,
        "chapter": 5,
        "verse": 7,
        "text": "They beat me."
      },
      {
        "book_name": "Song of Songs",
        "book": 22,
        "chapter": 5,
        "verse": 7,
        "text": "They bruised me."
      },
      {
        "book_name": "Song of Songs",
        "book": 22,
        "chapter": 5,
        "verse": 7,
        "text": "The keepers of the walls took my cloak away from me."
      },
      {
        "book_name": "Song of Songs",
        "book": 22,
        "chapter": 5,
        "verse": 8,
        "text": "I adjure you, daughters of Jerusalem,"
      },
      {
        "book_name": "Song of Songs",
        "book": 22,
        "chapter": 5,
        "verse": 8,
        "text": "If you find my beloved,"
      },
      {
        "book_name": "Song of Songs",
        "book": 22,
        "chapter": 5,
        "verse": 8,
        "text": "that you tell him that I am faint with love."
      },
      {
        "book_name": "Song of Songs",
        "book": 22,
        "chapter": 5,
        "verse": 9,
        "text": "How is your beloved better than another beloved,"
      },
      {
        "book_name": "Song of Songs",
        "book": 22,
        "chapter": 5,
        "verse": 9,
        "text": "you fairest among women?"
      },
      {
        "book_name": "Song of Songs",
        "book": 22,
        "chapter": 5,
        "verse": 9,
        "text": "How is your beloved better than another beloved,"
      },
      {
        "book_name": "Song of Songs",
        "book": 22,
        "chapter": 5,
        "verse": 9,
        "text": "that you do so adjure us?"
      },
      {
        "book_name": "Song of Songs",
        "book": 22,
        "chapter": 5,
        "verse": 10,
        "text": "My beloved is white and ruddy."
      },
      {
        "book_name": "Song of Songs",
        "book": 22,
        "chapter": 5,
        "verse": 10,
        "text": "The best among ten thousand."
      },
      {
        "book_name": "Song of Songs",
        "book": 22,
        "chapter": 5,
        "verse": 11,
        "text": "His head is like the purest gold."
      },
      {
        "book_name": "Song of Songs",
        "book": 22,
        "chapter": 5,
        "verse": 11,
        "text": "His hair is bushy, black as a raven."
      },
      {
        "book_name": "Song of Songs",
        "book": 22,
        "chapter": 5,
        "verse": 12,
        "text": "His eyes are like doves beside the water brooks,"
      },
      {
        "book_name": "Song of Songs",
        "book": 22,
        "chapter": 5,
        "verse": 12,
        "text": "washed with milk, mounted like jewels."
      },
      {
        "book_name": "Song of Songs",
        "book": 22,
        "chapter": 5,
        "verse": 13,
        "text": "His cheeks are like a bed of spices with towers of perfumes."
      },
      {
        "book_name": "Song of Songs",
        "book": 22,
        "chapter": 5,
        "verse": 13,
        "text": "His lips are like lilies, dropping liquid myrrh."
      },
      {
        "book_name": "Song of Songs",
        "book": 22,
        "chapter": 5,
        "verse": 14,
        "text": "His hands are like rings of gold set with beryl."
      },
      {
        "book_name": "Song of Songs",
        "book": 22,
        "chapter": 5,
        "verse": 14,
        "text": "His body is like ivory work overlaid with sapphires."
      },
      {
        "book_name": "Song of Songs",
        "book": 22,
        "chapter": 5,
        "verse": 15,
        "text": "His legs are like pillars of marble set on sockets of fine gold."
      },
      {
        "book_name": "Song of Songs",
        "book": 22,
        "chapter": 5,
        "verse": 15,
        "text": "His appearance is like Lebanon, excellent as the cedars."
      },
      {
        "book_name": "Song of Songs",
        "book": 22,
        "chapter": 5,
        "verse": 16,
        "text": "His mouth is sweetness;"
      },
      {
        "book_name": "Song of Songs",
        "book": 22,
        "chapter": 5,
        "verse": 16,
        "text": "yes, he is altogether lovely."
      },
      {
        "book_name": "Song of Songs",
        "book": 22,
        "chapter": 5,
        "verse": 16,
        "text": "This is my beloved, and this is my friend,"
      },
      {
        "book_name": "Song of Songs",
        "book": 22,
        "chapter": 5,
        "verse": 16,
        "text": "daughters of Jerusalem."
      }
    ],
    "6": [
      {
        "book_name": "Song of Songs",
        "book": 22,
        "chapter": 6,
        "verse": 1,
        "text": "Friends  1Where has your beloved gone, you fairest among women?Where has your beloved turned, that we may seek him with you?Beloved  2My beloved has gone down to his garden,to the beds of spices,to pasture his flock in the gardens, and to gather lilies.  3I am my beloved’s, and my beloved is mine.He browses among the lilies.Lover  4You are beautiful, my love, as Tirzah,lovely as Jerusalem,awesome as an army with banners.  5Turn away your eyes from me,for they have overcome me.Your hair is like a flock of goats,that lie along the side of Gilead.  6Your teeth are like a flock of ewes,which have come up from the washing,of which every one has twins;not one is bereaved among them.  7Your temples are like a piece of a pomegranate behind your veil.  8There are sixty queens, eighty concubines,and virgins without number.  9My dove, my perfect one, is unique.She is her mother’s only daughter.She is the favorite one of her who bore her.The daughters saw her, and called her blessed.The queens and the concubines saw her, and they praised her.  10Who is she who looks out as the morning,beautiful as the moon,clear as the sun,and awesome as an army with banners?  11I went down into the nut tree grove,to see the green plants of the valley,to see whether the vine budded,and the pomegranates were in flower.  12Without realizing it,my desire set me with my royal people’s chariots.Friends  13Return, return, Shulammite!Return, return, that we may gaze at you.LoverWhy do you desire to gaze at the Shulammite,as at the dance of Mahanaim?"
      },
      {
        "book_name": "Song of Songs",
        "book": 22,
        "chapter": 6,
        "verse": 1,
        "text": "Where has your beloved gone, you fairest among women?"
      },
      {
        "book_name": "Song of Songs",
        "book": 22,
        "chapter": 6,
        "verse": 1,
        "text": "Where has your beloved turned, that we may seek him with you?"
      },
      {
        "book_name": "Song of Songs",
        "book": 22,
        "chapter": 6,
        "verse": 2,
        "text": "My beloved has gone down to his garden,"
      },
      {
        "book_name": "Song of Songs",
        "book": 22,
        "chapter": 6,
        "verse": 2,
        "text": "to the beds of spices,"
      },
      {
        "book_name": "Song of Songs",
        "book": 22,
        "chapter": 6,
        "verse": 2,
        "text": "to pasture his flock in the gardens, and to gather lilies."
      },
      {
        "book_name": "Song of Songs",
        "book": 22,
        "chapter": 6,
        "verse": 3,
        "text": "I am my beloved’s, and my beloved is mine."
      },
      {
        "book_name": "Song of Songs",
        "book": 22,
        "chapter": 6,
        "verse": 3,
        "text": "He browses among the lilies."
      },
      {
        "book_name": "Song of Songs",
        "book": 22,
        "chapter": 6,
        "verse": 4,
        "text": "You are beautiful, my love, as Tirzah,"
      },
      {
        "book_name": "Song of Songs",
        "book": 22,
        "chapter": 6,
        "verse": 4,
        "text": "lovely as Jerusalem,"
      },
      {
        "book_name": "Song of Songs",
        "book": 22,
        "chapter": 6,
        "verse": 4,
        "text": "awesome as an army with banners."
      },
      {
        "book_name": "Song of Songs",
        "book": 22,
        "chapter": 6,
        "verse": 5,
        "text": "Turn away your eyes from me,"
      },
      {
        "book_name": "Song of Songs",
        "book": 22,
        "chapter": 6,
        "verse": 5,
        "text": "for they have overcome me."
      },
      {
        "book_name": "Song of Songs",
        "book": 22,
        "chapter": 6,
        "verse": 5,
        "text": "Your hair is like a flock of goats,"
      },
      {
        "book_name": "Song of Songs",
        "book": 22,
        "chapter": 6,
        "verse": 5,
        "text": "that lie along the side of Gilead."
      },
      {
        "book_name": "Song of Songs",
        "book": 22,
        "chapter": 6,
        "verse": 6,
        "text": "Your teeth are like a flock of ewes,"
      },
      {
        "book_name": "Song of Songs",
        "book": 22,
        "chapter": 6,
        "verse": 6,
        "text": "which have come up from the washing,"
      },
      {
        "book_name": "Song of Songs",
        "book": 22,
        "chapter": 6,
        "verse": 6,
        "text": "of which every one has twins;"
      },
      {
        "book_name": "Song of Songs",
        "book": 22,
        "chapter": 6,
        "verse": 6,
        "text": "not one is bereaved among them."
      },
      {
        "book_name": "Song of Songs",
        "book": 22,
        "chapter": 6,
        "verse": 7,
        "text": "Your temples are like a piece of a pomegranate behind your veil."
      },
      {
        "book_name": "Song of Songs",
        "book": 22,
        "chapter": 6,
        "verse": 8,
        "text": "There are sixty queens, eighty concubines,"
      },
      {
        "book_name": "Song of Songs",
        "book": 22,
        "chapter": 6,
        "verse": 8,
        "text": "and virgins without number."
      },
      {
        "book_name": "Song of Songs",
        "book": 22,
        "chapter": 6,
        "verse": 9,
        "text": "My dove, my perfect one, is unique."
      },
      {
        "book_name": "Song of Songs",
        "book": 22,
        "chapter": 6,
        "verse": 9,
        "text": "She is her mother’s only daughter."
      },
      {
        "book_name": "Song of Songs",
        "book": 22,
        "chapter": 6,
        "verse": 9,
        "text": "She is the favorite one of her who bore her."
      },
      {
        "book_name": "Song of Songs",
        "book": 22,
        "chapter": 6,
        "verse": 9,
        "text": "The daughters saw her, and called her blessed."
      },
      {
        "book_name": "Song of Songs",
        "book": 22,
        "chapter": 6,
        "verse": 9,
        "text": "The queens and the concubines saw her, and they praised her."
      },
      {
        "book_name": "Song of Songs",
        "book": 22,
        "chapter": 6,
        "verse": 10,
        "text": "Who is she who looks out as the morning,"
      },
      {
        "book_name": "Song of Songs",
        "book": 22,
        "chapter": 6,
        "verse": 10,
        "text": "beautiful as the moon,"
      },
      {
        "book_name": "Song of Songs",
        "book": 22,
        "chapter": 6,
        "verse": 10,
        "text": "clear as the sun,"
      },
      {
        "book_name": "Song of Songs",
        "book": 22,
        "chapter": 6,
        "verse": 10,
        "text": "and awesome as an army with banners?"
      },
      {
        "book_name": "Song of Songs",
        "book": 22,
        "chapter": 6,
        "verse": 11,
        "text": "I went down into the nut tree grove,"
      },
      {
        "book_name": "Song of Songs",
        "book": 22,
        "chapter": 6,
        "verse": 11,
        "text": "to see the green plants of the valley,"
      },
      {
        "book_name": "Song of Songs",
        "book": 22,
        "chapter": 6,
        "verse": 11,
        "text": "to see whether the vine budded,"
      },
      {
        "book_name": "Song of Songs",
        "book": 22,
        "chapter": 6,
        "verse": 11,
        "text": "and the pomegranates were in flower."
      },
      {
        "book_name": "Song of Songs",
        "book": 22,
        "chapter": 6,
        "verse": 12,
        "text": "Without realizing it,"
      },
      {
        "book_name": "Song of Songs",
        "book": 22,
        "chapter": 6,
        "verse": 12,
        "text": "my desire set me with my royal people’s chariots."
      },
      {
        "book_name": "Song of Songs",
        "book": 22,
        "chapter": 6,
        "verse": 13,
        "text": "Return, return, Shulammite!"
      },
      {
        "book_name": "Song of Songs",
        "book": 22,
        "chapter": 6,
        "verse": 13,
        "text": "Return, return, that we may gaze at you."
      },
      {
        "book_name": "Song of Songs",
        "book": 22,
        "chapter": 6,
        "verse": 13,
        "text": "Why do you desire to gaze at the Shulammite,"
      },
      {
        "book_name": "Song of Songs",
        "book": 22,
        "chapter": 6,
        "verse": 13,
        "text": "as at the dance of Mahanaim?"
      }
    ],
    "7": [
      {
        "book_name": "Song of Songs",
        "book": 22,
        "chapter": 7,
        "verse": 1,
        "text": "1How beautiful are your feet in sandals, prince’s daughter!Your rounded thighs are like jewels,the work of the hands of a skillful workman.  2Your body is like a round goblet,no mixed wine is wanting.Your waist is like a heap of wheat,set about with lilies.  3Your two breasts are like two fawns,that are twins of a roe.  4Your neck is like an ivory tower.Your eyes are like the pools in Heshbon by the gate of Bathrabbim.Your nose is like the tower of Lebanon which looks toward Damascus.  5Your head on you is like Carmel.The hair of your head like purple.The king is held captive in its tresses.  6How beautiful and how pleasant you are,love, for delights!  7This, your stature, is like a palm tree,your breasts like its fruit.  8I said, “I will climb up into the palm tree.I will take hold of its fruit.”Let your breasts be like clusters of the vine,the smell of your breath like apples.  9Your mouth is like the best wine,that goes down smoothly for my beloved,gliding through the lips of those who are asleep.Beloved  10I am my beloved’s.His desire is toward me.  11Come, my beloved! Let’s go out into the field.Let’s lodge in the villages.  12Let’s go early up to the vineyards.Let’s see whether the vine has budded,its blossom is open,and the pomegranates are in flower.There I will give you my love.  13The mandrakes produce fragrance.At our doors are all kinds of precious fruits, new and old,which I have stored up for you, my beloved."
      },
      {
        "book_name": "Song of Songs",
        "book": 22,
        "chapter": 7,
        "verse": 1,
        "text": "How beautiful are your feet in sandals, prince’s daughter!"
      },
      {
        "book_name": "Song of Songs",
        "book": 22,
        "chapter": 7,
        "verse": 1,
        "text": "Your rounded thighs are like jewels,"
      },
      {
        "book_name": "Song of Songs",
        "book": 22,
        "chapter": 7,
        "verse": 1,
        "text": "the work of the hands of a skillful workman."
      },
      {
        "book_name": "Song of Songs",
        "book": 22,
        "chapter": 7,
        "verse": 2,
        "text": "Your body is like a round goblet,"
      },
      {
        "book_name": "Song of Songs",
        "book": 22,
        "chapter": 7,
        "verse": 2,
        "text": "no mixed wine is wanting."
      },
      {
        "book_name": "Song of Songs",
        "book": 22,
        "chapter": 7,
        "verse": 2,
        "text": "Your waist is like a heap of wheat,"
      },
      {
        "book_name": "Song of Songs",
        "book": 22,
        "chapter": 7,
        "verse": 2,
        "text": "set about with lilies."
      },
      {
        "book_name": "Song of Songs",
        "book": 22,
        "chapter": 7,
        "verse": 3,
        "text": "Your two breasts are like two fawns,"
      },
      {
        "book_name": "Song of Songs",
        "book": 22,
        "chapter": 7,
        "verse": 3,
        "text": "that are twins of a roe."
      },
      {
        "book_name": "Song of Songs",
        "book": 22,
        "chapter": 7,
        "verse": 4,
        "text": "Your neck is like an ivory tower."
      },
      {
        "book_name": "Song of Songs",
        "book": 22,
        "chapter": 7,
        "verse": 4,
        "text": "Your eyes are like the pools in Heshbon by the gate of Bathrabbim."
      },
      {
        "book_name": "Song of Songs",
        "book": 22,
        "chapter": 7,
        "verse": 4,
        "text": "Your nose is like the tower of Lebanon which looks toward Damascus."
      },
      {
        "book_name": "Song of Songs",
        "book": 22,
        "chapter": 7,
        "verse": 5,
        "text": "Your head on you is like Carmel."
      },
      {
        "book_name": "Song of Songs",
        "book": 22,
        "chapter": 7,
        "verse": 5,
        "text": "The hair of your head like purple."
      },
      {
        "book_name": "Song of Songs",
        "book": 22,
        "chapter": 7,
        "verse": 5,
        "text": "The king is held captive in its tresses."
      },
      {
        "book_name": "Song of Songs",
        "book": 22,
        "chapter": 7,
        "verse": 6,
        "text": "How beautiful and how pleasant you are,"
      },
      {
        "book_name": "Song of Songs",
        "book": 22,
        "chapter": 7,
        "verse": 6,
        "text": "love, for delights!"
      },
      {
        "book_name": "Song of Songs",
        "book": 22,
        "chapter": 7,
        "verse": 7,
        "text": "This, your stature, is like a palm tree,"
      },
      {
        "book_name": "Song of Songs",
        "book": 22,
        "chapter": 7,
        "verse": 7,
        "text": "your breasts like its fruit."
      },
      {
        "book_name": "Song of Songs",
        "book": 22,
        "chapter": 7,
        "verse": 8,
        "text": "I said, “I will climb up into the palm tree."
      },
      {
        "book_name": "Song of Songs",
        "book": 22,
        "chapter": 7,
        "verse": 8,
        "text": "I will take hold of its fruit.”"
      },
      {
        "book_name": "Song of Songs",
        "book": 22,
        "chapter": 7,
        "verse": 8,
        "text": "Let your breasts be like clusters of the vine,"
      },
      {
        "book_name": "Song of Songs",
        "book": 22,
        "chapter": 7,
        "verse": 8,
        "text": "the smell of your breath like apples."
      },
      {
        "book_name": "Song of Songs",
        "book": 22,
        "chapter": 7,
        "verse": 9,
        "text": "Your mouth is like the best wine,"
      },
      {
        "book_name": "Song of Songs",
        "book": 22,
        "chapter": 7,
        "verse": 9,
        "text": "that goes down smoothly for my beloved,"
      },
      {
        "book_name": "Song of Songs",
        "book": 22,
        "chapter": 7,
        "verse": 9,
        "text": "gliding through the lips of those who are asleep."
      },
      {
        "book_name": "Song of Songs",
        "book": 22,
        "chapter": 7,
        "verse": 10,
        "text": "I am my beloved’s."
      },
      {
        "book_name": "Song of Songs",
        "book": 22,
        "chapter": 7,
        "verse": 10,
        "text": "His desire is toward me."
      },
      {
        "book_name": "Song of Songs",
        "book": 22,
        "chapter": 7,
        "verse": 11,
        "text": "Come, my beloved! Let’s go out into the field."
      },
      {
        "book_name": "Song of Songs",
        "book": 22,
        "chapter": 7,
        "verse": 11,
        "text": "Let’s lodge in the villages."
      },
      {
        "book_name": "Song of Songs",
        "book": 22,
        "chapter": 7,
        "verse": 12,
        "text": "Let’s go early up to the vineyards."
      },
      {
        "book_name": "Song of Songs",
        "book": 22,
        "chapter": 7,
        "verse": 12,
        "text": "Let’s see whether the vine has budded,"
      },
      {
        "book_name": "Song of Songs",
        "book": 22,
        "chapter": 7,
        "verse": 12,
        "text": "its blossom is open,"
      },
      {
        "book_name": "Song of Songs",
        "book": 22,
        "chapter": 7,
        "verse": 12,
        "text": "and the pomegranates are in flower."
      },
      {
        "book_name": "Song of Songs",
        "book": 22,
        "chapter": 7,
        "verse": 12,
        "text": "There I will give you my love."
      },
      {
        "book_name": "Song of Songs",
        "book": 22,
        "chapter": 7,
        "verse": 13,
        "text": "The mandrakes produce fragrance."
      },
      {
        "book_name": "Song of Songs",
        "book": 22,
        "chapter": 7,
        "verse": 13,
        "text": "At our doors are all kinds of precious fruits, new and old,"
      },
      {
        "book_name": "Song of Songs",
        "book": 22,
        "chapter": 7,
        "verse": 13,
        "text": "which I have stored up for you, my beloved."
      }
    ],
    "8": [
      {
        "book_name": "Song of Songs",
        "book": 22,
        "chapter": 8,
        "verse": 1,
        "text": "1Oh that you were like my brother,who nursed from the breasts of my mother!If I found you outside, I would kiss you;yes, and no one would despise me.  2I would lead you, bringing you into the house of my mother,who would instruct me.I would have you drink spiced wine,of the juice of my pomegranate.  3His left hand would be under my head.His right hand would embrace me.  4I adjure you, daughters of Jerusalem,that you not stir up, nor awaken love,until it so desires.Friends  5Who is this who comes up from the wilderness,leaning on her beloved?BelovedUnder the apple tree I awakened you.There your mother conceived you.There she was in labor and bore you.  6Set me as a seal on your heart,as a seal on your arm;for love is strong as death.Jealousy is as cruel as Sheol.#8:6 Sheol is the place of the dead. Its flashes are flashes of fire,a very flame of Yah.#8:6 “Yah” is a short form of “Yahweh”, which is God’s proper Name, sometimes rendered “Lord” (all caps) in other translations.  7Many waters can’t quench love,neither can floods drown it.If a man would give all the wealth of his house for love,he would be utterly scorned.Brothers  8We have a little sister.She has no breasts.What shall we do for our sisterin the day when she is to be spoken for?  9If she is a wall,we will build on her a turret of silver.If she is a door,we will enclose her with boards of cedar.Beloved  10I am a wall, and my breasts like towers,then I was in his eyes like one who found peace.  11Solomon had a vineyard at Baal Hamon.He leased out the vineyard to keepers.Each was to bring a thousand shekels#8:11 A shekel is about 10 grams or about 0.35 ounces, so 1000 shekels is about 10 kilograms or about 22 pounds. of silver for its fruit.  12My own vineyard is before me.The thousand are for you, Solomon,two hundred for those who tend its fruit.Lover  13You who dwell in the gardens, with friends in attendance,let me hear your voice!Beloved  14Come away, my beloved!Be like a gazelle or a young stag on the mountains of spices!"
      },
      {
        "book_name": "Song of Songs",
        "book": 22,
        "chapter": 8,
        "verse": 1,
        "text": "Oh that you were like my brother,"
      },
      {
        "book_name": "Song of Songs",
        "book": 22,
        "chapter": 8,
        "verse": 1,
        "text": "who nursed from the breasts of my mother!"
      },
      {
        "book_name": "Song of Songs",
        "book": 22,
        "chapter": 8,
        "verse": 1,
        "text": "If I found you outside, I would kiss you;"
      },
      {
        "book_name": "Song of Songs",
        "book": 22,
        "chapter": 8,
        "verse": 1,
        "text": "yes, and no one would despise me."
      },
      {
        "book_name": "Song of Songs",
        "book": 22,
        "chapter": 8,
        "verse": 2,
        "text": "I would lead you, bringing you into the house of my mother,"
      },
      {
        "book_name": "Song of Songs",
        "book": 22,
        "chapter": 8,
        "verse": 2,
        "text": "who would instruct me."
      },
      {
        "book_name": "Song of Songs",
        "book": 22,
        "chapter": 8,
        "verse": 2,
        "text": "I would have you drink spiced wine,"
      },
      {
        "book_name": "Song of Songs",
        "book": 22,
        "chapter": 8,
        "verse": 2,
        "text": "of the juice of my pomegranate."
      },
      {
        "book_name": "Song of Songs",
        "book": 22,
        "chapter": 8,
        "verse": 3,
        "text": "His left hand would be under my head."
      },
      {
        "book_name": "Song of Songs",
        "book": 22,
        "chapter": 8,
        "verse": 3,
        "text": "His right hand would embrace me."
      },
      {
        "book_name": "Song of Songs",
        "book": 22,
        "chapter": 8,
        "verse": 4,
        "text": "I adjure you, daughters of Jerusalem,"
      },
      {
        "book_name": "Song of Songs",
        "book": 22,
        "chapter": 8,
        "verse": 4,
        "text": "that you not stir up, nor awaken love,"
      },
      {
        "book_name": "Song of Songs",
        "book": 22,
        "chapter": 8,
        "verse": 4,
        "text": "until it so desires."
      },
      {
        "book_name": "Song of Songs",
        "book": 22,
        "chapter": 8,
        "verse": 5,
        "text": "Who is this who comes up from the wilderness,"
      },
      {
        "book_name": "Song of Songs",
        "book": 22,
        "chapter": 8,
        "verse": 5,
        "text": "leaning on her beloved?"
      },
      {
        "book_name": "Song of Songs",
        "book": 22,
        "chapter": 8,
        "verse": 5,
        "text": "Under the apple tree I awakened you."
      },
      {
        "book_name": "Song of Songs",
        "book": 22,
        "chapter": 8,
        "verse": 5,
        "text": "There your mother conceived you."
      },
      {
        "book_name": "Song of Songs",
        "book": 22,
        "chapter": 8,
        "verse": 5,
        "text": "There she was in labor and bore you."
      },
      {
        "book_name": "Song of Songs",
        "book": 22,
        "chapter": 8,
        "verse": 6,
        "text": "Set me as a seal on your heart,"
      },
      {
        "book_name": "Song of Songs",
        "book": 22,
        "chapter": 8,
        "verse": 6,
        "text": "as a seal on your arm;"
      },
      {
        "book_name": "Song of Songs",
        "book": 22,
        "chapter": 8,
        "verse": 6,
        "text": "for love is strong as death."
      },
      {
        "book_name": "Song of Songs",
        "book": 22,
        "chapter": 8,
        "verse": 6,
        "text": "Jealousy is as cruel as Sheol.#8:6 Sheol is the place of the dead."
      },
      {
        "book_name": "Song of Songs",
        "book": 22,
        "chapter": 8,
        "verse": 6,
        "text": "Its flashes are flashes of fire,"
      },
      {
        "book_name": "Song of Songs",
        "book": 22,
        "chapter": 8,
        "verse": 6,
        "text": "a very flame of Yah.#8:6 “Yah” is a short form of “Yahweh”, which is God’s proper Name, sometimes rendered “Lord” (all caps) in other translations."
      },
      {
        "book_name": "Song of Songs",
        "book": 22,
        "chapter": 8,
        "verse": 7,
        "text": "Many waters can’t quench love,"
      },
      {
        "book_name": "Song of Songs",
        "book": 22,
        "chapter": 8,
        "verse": 7,
        "text": "neither can floods drown it."
      },
      {
        "book_name": "Song of Songs",
        "book": 22,
        "chapter": 8,
        "verse": 7,
        "text": "If a man would give all the wealth of his house for love,"
      },
      {
        "book_name": "Song of Songs",
        "book": 22,
        "chapter": 8,
        "verse": 7,
        "text": "he would be utterly scorned."
      },
      {
        "book_name": "Song of Songs",
        "book": 22,
        "chapter": 8,
        "verse": 8,
        "text": "We have a little sister."
      },
      {
        "book_name": "Song of Songs",
        "book": 22,
        "chapter": 8,
        "verse": 8,
        "text": "She has no breasts."
      },
      {
        "book_name": "Song of Songs",
        "book": 22,
        "chapter": 8,
        "verse": 8,
        "text": "What shall we do for our sister"
      },
      {
        "book_name": "Song of Songs",
        "book": 22,
        "chapter": 8,
        "verse": 8,
        "text": "in the day when she is to be spoken for?"
      },
      {
        "book_name": "Song of Songs",
        "book": 22,
        "chapter": 8,
        "verse": 9,
        "text": "If she is a wall,"
      },
      {
        "book_name": "Song of Songs",
        "book": 22,
        "chapter": 8,
        "verse": 9,
        "text": "we will build on her a turret of silver."
      },
      {
        "book_name": "Song of Songs",
        "book": 22,
        "chapter": 8,
        "verse": 9,
        "text": "If she is a door,"
      },
      {
        "book_name": "Song of Songs",
        "book": 22,
        "chapter": 8,
        "verse": 9,
        "text": "we will enclose her with boards of cedar."
      },
      {
        "book_name": "Song of Songs",
        "book": 22,
        "chapter": 8,
        "verse": 10,
        "text": "I am a wall, and my breasts like towers,"
      },
      {
        "book_name": "Song of Songs",
        "book": 22,
        "chapter": 8,
        "verse": 10,
        "text": "then I was in his eyes like one who found peace."
      },
      {
        "book_name": "Song of Songs",
        "book": 22,
        "chapter": 8,
        "verse": 11,
        "text": "Solomon had a vineyard at Baal Hamon."
      },
      {
        "book_name": "Song of Songs",
        "book": 22,
        "chapter": 8,
        "verse": 11,
        "text": "He leased out the vineyard to keepers."
      },
      {
        "book_name": "Song of Songs",
        "book": 22,
        "chapter": 8,
        "verse": 11,
        "text": "Each was to bring a thousand shekels#8:11 A shekel is about 10 grams or about 0.35 ounces, so 1000 shekels is about 10 kilograms or about 22 pounds. of silver for its fruit."
      },
      {
        "book_name": "Song of Songs",
        "book": 22,
        "chapter": 8,
        "verse": 12,
        "text": "My own vineyard is before me."
      },
      {
        "book_name": "Song of Songs",
        "book": 22,
        "chapter": 8,
        "verse": 12,
        "text": "The thousand are for you, Solomon,"
      },
      {
        "book_name": "Song of Songs",
        "book": 22,
        "chapter": 8,
        "verse": 12,
        "text": "two hundred for those who tend its fruit."
      },
      {
        "book_name": "Song of Songs",
        "book": 22,
        "chapter": 8,
        "verse": 13,
        "text": "You who dwell in the gardens, with friends in attendance,"
      },
      {
        "book_name": "Song of Songs",
        "book": 22,
        "chapter": 8,
        "verse": 13,
        "text": "let me hear your voice!"
      },
      {
        "book_name": "Song of Songs",
        "book": 22,
        "chapter": 8,
        "verse": 14,
        "text": "Come away, my beloved!"
      },
      {
        "book_name": "Song of Songs",
        "book": 22,
        "chapter": 8,
        "verse": 14,
        "text": "Be like a gazelle or a young stag on the mountains of spices!"
      }
    ]
  }
}